{"type": "FeatureCollection", "bbox": [113.15628049710162, -39.136727006033084, 153.63873283620404, -10.687529445941907], "features": [{"type": "Feature", "properties": {"iso3": "AUS", "source": "geoBoundaries", "territoryExtent": "metropolitan"}, "geometry": {"type": "MultiPolygon", "coordinates": [[[[152.9388742450784, -25.760721432643585], [152.9732962614773, -25.762287416100733], [152.97612427996955, -25.772338436465326], [152.96496925759317, -25.80084843557928], [152.93961924071218, -25.79590843300298], [152.94111624765432, -25.81974342334558], [152.97830722521567, -25.809470436984572], [152.9764862447603, -25.814674426844313], [152.9804862443697, -25.814620427244503], [152.9788002639837, -25.819147427112277], [152.98331225287777, -25.824526437607748], [152.98717325507667, -25.803409427823624], [153.0205072485691, -25.82954144137703], [153.02589923526617, -25.852125422100766], [152.99359524493224, -25.881092429095645], [153.00926042283993, -25.885434450701137], [153.02189712393132, -25.866264451813592], [153.03184717153678, -25.877717402904686], [153.02643632980633, -25.89622041251131], [153.00095411107338, -25.906604430039494], [153.01642441987093, -25.90383044156838], [153.0067138491419, -25.91767401070643], [153.01565937662582, -25.93091047171053], [153.00344136734856, -25.934963430518053], [153.0313042546865, -25.933987483305124], [153.02441532451397, -25.940996412670444], [153.00543433505925, -25.95200548085557], [153.00184332558592, -25.950637480484488], [152.9980481655411, -25.954095440131987], [153.00878014423742, -25.955978431223155], [152.99914516360187, -25.969010810362434], [153.0165071883919, -25.997298422331852], [153.02667718852075, -25.987960473276797], [153.01478640107396, -25.97685942199419], [153.03117033929047, -25.97803544364755], [153.0239883423424, -25.959033392773332], [153.03909535953434, -25.96959939437495], [153.03225610310034, -25.9461324334988], [153.05678220268976, -25.92954147582758], [153.02765929648433, -25.92230340284489], [153.02464717857058, -25.907748432424967], [153.03730832675225, -25.912278393732326], [153.05140630708192, -25.898146415033736], [153.05027736587823, -25.908865405007003], [153.05828808439557, -25.914434425856754], [153.06613033715803, -25.88558439641151], [153.04645811356053, -25.849365434142193], [153.0708132147982, -25.819558416347917], [153.04552320869496, -25.808245403715496], [153.07225537561172, -25.81176244642978], [153.08591231480136, -25.888735488425873], [153.1198991658988, -25.933558462208964], [153.16198533969887, -25.949788416582305], [153.18226810032564, -25.9283264984557], [153.19234125875562, -25.932909469509923], [153.11319526560803, -26.103497442906043], [153.06137316492888, -26.313154149381376], [153.08043115455567, -26.381250441844575], [153.11995313077762, -26.379236485806203], [153.09191677644924, -26.517637354094507], [153.10265112175375, -26.546528465406418], [153.09869331019897, -26.642581415777354], [153.10901514562707, -26.670699457041454], [153.13940423142816, -26.679183450171028], [153.13700412989732, -26.773406420682413], [153.15140016486822, -26.801637442359503], [153.12456503703282, -26.806626409694164], [153.10887509862906, -26.88681345875375], [153.0709060898126, -26.909038445110497], [153.06108850285648, -26.8929009939949], [153.0620037683356, -26.928285954368974], [153.0431412280676, -26.946213082616605], [153.06586503208942, -26.974958795128963], [153.04276808520075, -26.969446442764205], [153.10265293069335, -27.03504990930831], [153.11264892724498, -27.054138800466763], [153.09666513903466, -27.05327589885059], [153.11144208630756, -27.062610450412617], [153.09890619745846, -27.06394984916109], [153.14420864123267, -27.07554552381754], [153.06667706494295, -27.11102901629329], [153.02949808034634, -27.178948453097743], [153.03774912723108, -27.19679986406794], [153.0873984608176, -27.205971539131575], [153.11476706976052, -27.191348451770732], [153.10786375162635, -27.261698551633813], [153.0775339247308, -27.262628398588763], [153.07572115928645, -27.227972478131495], [153.05388307132546, -27.230179445953606], [153.07862604438, -27.26449245871339], [153.0649574111891, -27.301363397631224], [153.0943124628092, -27.343020870914213], [153.15563442375424, -27.362926637251316], [153.1605314013996, -27.37739953786006], [153.1410900384569, -27.417042466212838], [153.10803403888707, -27.441592463076034], [153.0497866153058, -27.44017015720558], [153.05278004100612, -27.47168044775556], [153.03445704411484, -27.46262645584335], [153.03032605243183, -27.479473445561755], [153.01668804539068, -27.467623454099165], [153.00413018587855, -27.47444242289321], [152.99463186495515, -27.489857452062548], [153.02062106081385, -27.50055043475412], [153.0004590521843, -27.50686444278125], [152.9978749614446, -27.51493135258585], [153.00838184955197, -27.52097428368738], [152.97061311568578, -27.50454444977155], [152.96580905497476, -27.514289439367353], [152.9735511005777, -27.542564410366158], [152.96601305130156, -27.543263439616613], [152.95473601424032, -27.529579478379407], [152.93856917651408, -27.525345426728066], [152.9297160671857, -27.527582465860192], [152.92744704718484, -27.529531435648675], [152.9251860559421, -27.541342425515836], [152.90415204781397, -27.544482433438276], [152.9029190474899, -27.548116443343787], [152.9065880261762, -27.555416433767977], [152.89454302683433, -27.560513442604957], [152.89379302473986, -27.57781144266657], [152.8970420332754, -27.58666443306089], [152.90508104122796, -27.59603344393787], [152.90599402047306, -27.601246444070217], [152.88847117368704, -27.59075167223721], [152.89609003145256, -27.60196844308652], [152.90662901037976, -27.6014427841352], [152.90588295112627, -27.59615278401894], [152.894626024496, -27.5790354327594], [152.90725232608216, -27.555594293835753], [152.90428662774283, -27.544932923455285], [152.92454828586193, -27.54252577546141], [152.94060992594626, -27.52811070695408], [152.96541905119489, -27.54461742956782], [152.97415152025303, -27.544626480442574], [152.97250129530568, -27.505949549971795], [153.0095990491638, -27.523012453825604], [153.00167504178447, -27.508997442920055], [153.02286702066007, -27.49985644497406], [152.99652343486846, -27.488933342244895], [153.00460004554157, -27.476715442958305], [153.01667005516256, -27.469447444111772], [153.0315980420033, -27.48178644570775], [153.03518467377143, -27.46472910593305], [153.05316994056545, -27.47483795781971], [153.0534991746453, -27.4422510375951], [153.08737504001718, -27.450154441064118], [153.11425417833223, -27.440713493695565], [153.16403612795074, -27.401674408405977], [153.15649781992616, -27.392436007572147], [153.18884701242717, -27.34544747046582], [153.20219126006333, -27.35288081187312], [153.1834847869236, -27.393388330303953], [153.1654480982284, -27.39829238852171], [153.1754332818266, -27.440370279862773], [153.19408999831145, -27.452333461841892], [153.19201603549334, -27.476275451821735], [153.22830100074233, -27.48305746554403], [153.2412607716271, -27.465189036714268], [153.24164390961164, -27.480706006875806], [153.2605906171128, -27.484386898823598], [153.26163312295185, -27.516168439180543], [153.29072136049285, -27.51097967208809], [153.28110470660997, -27.54950067141742], [153.3181509884738, -27.58200948543298], [153.301482607884, -27.6006534638884], [153.3230379628022, -27.70029302686281], [153.30149631430558, -27.706747174726964], [153.29317037712843, -27.691737293763907], [153.29315738586155, -27.701643243840696], [153.30737628268744, -27.714410095384082], [153.34829946073057, -27.69514689938889], [153.35651049772045, -27.7116817803541], [153.39250391433197, -27.707755563985682], [153.412281937927, -27.74091032626179], [153.43928945566847, -27.735747198974693], [153.42664191152505, -27.77853108802204], [153.38427672536926, -27.7843663737519], [153.39155957334543, -27.79394824456884], [153.3815447334871, -27.80129430360713], [153.36662927575068, -27.796290952049983], [153.34985832707451, -27.80016051037494], [153.36874710482047, -27.801733492308294], [153.3858669596863, -27.827164164250803], [153.37914193840496, -27.84279048368926], [153.3947689370176, -27.840363045261107], [153.4019369832222, -27.86374991617523], [153.38464237378653, -27.87398300449457], [153.38225443433504, -27.871746024233893], [153.38242730586126, -27.859758074157163], [153.3795842767697, -27.855110113831223], [153.36640796869642, -27.85128847246041], [153.38161495593044, -27.85990748407566], [153.37731693410856, -27.877677493778], [153.38079695225625, -27.88910347422207], [153.35114402537394, -27.890004201212644], [153.35234016369324, -27.902039161428892], [153.3423611757054, -27.894870260358115], [153.34318633365936, -27.9100592005614], [153.34884733185373, -27.91927712120929], [153.35845793414748, -27.89333215198252], [153.38245657187278, -27.89067396440334], [153.37921818438886, -27.873894993941754], [153.39060074268195, -27.87751457512898], [153.40056210226774, -27.87231089610253], [153.421409426851, -27.97404698902671], [153.41632282643263, -27.981585558567417], [153.41524092422108, -27.99959848859861], [153.42813663409598, -27.989650479835174], [153.41863177577693, -27.984701118827243], [153.42720354646016, -27.972167519602696], [153.42128741115172, -27.940888588753747], [153.4241269312658, -27.93760648901743], [153.43366643053741, -27.93518098997115], [153.4315017120111, -28.002910430282473], [153.45036700948367, -28.083593112840315], [153.514323572378, -28.16100649998269], [153.5561188767985, -28.16845751432069], [153.54439573794133, -28.169605543128608], [153.54575389577192, -28.185086493388994], [153.54234337706, -28.178097042984913], [153.50878202921172, -28.19000151964289], [153.49425207693307, -28.219807528390355], [153.5201997739105, -28.220987541053685], [153.50976373550546, -28.217603539959416], [153.51674701782792, -28.19387151048808], [153.53796684679475, -28.183832472581617], [153.56181003111615, -28.207172535207196], [153.54127774865768, -28.243372523386835], [153.56520588102697, -28.20498454553817], [153.55032599709054, -28.171114483747946], [153.57142785106922, -28.19940250613235], [153.56861989627606, -28.23845350615018], [153.58630188173808, -28.258193508118143], [153.57140188436648, -28.327117507128886], [153.5807108386358, -28.362958508363658], [153.554851849203, -28.45685149644528], [153.5533558596128, -28.531166496871272], [153.59067384309833, -28.624814521427204], [153.61801382775658, -28.641988514367924], [153.63873283620404, -28.636089516451314], [153.59581878266624, -28.7751765131236], [153.60883982218138, -28.84323851498844], [153.592044859806, -28.875579473514854], [153.57704869245765, -28.86843647192084], [153.57487522644772, -28.840152301478682], [153.5634486468308, -28.847070470360606], [153.57679490230262, -28.869825521905575], [153.52695076756967, -28.872878496821418], [153.5707519609737, -28.88505750140382], [153.5729177218047, -28.87691852156287], [153.58217872100715, -28.874984512497836], [153.58438588069743, -28.87542749272772], [153.59009180976062, -28.877599523330073], [153.46400445548514, -29.018701361512996], [153.4328055682095, -29.100817458962453], [153.45666455025224, -29.140178221701216], [153.40052480862892, -29.201365466446497], [153.34432747254107, -29.296566691459255], [153.34444685619016, -29.344433621839325], [153.37668754963317, -29.365583385281983], [153.36328777376679, -29.42155949434798], [153.37278018016545, -29.440329465458056], [153.358375558374, -29.46649061419288], [153.36884744481628, -29.484039605393008], [153.33244660544347, -29.58663270247669], [153.3427896413467, -29.608268673693654], [153.3205960668896, -29.661384601844194], [153.3339799935571, -29.67453856330475], [153.29199757798492, -29.75360833964471], [153.30394943377877, -29.774524231017434], [153.28804860249394, -29.798304169584895], [153.2944225981654, -29.825067060435728], [153.26765396598918, -29.865237978026354], [153.2727766984855, -29.916851478938668], [153.1970896010198, -30.040564862214588], [153.2078665159895, -30.068513733516635], [153.19964678224738, -30.10388969295361], [153.2137196497735, -30.1097115944213], [153.19957005725584, -30.141259583229132], [153.20686402435192, -30.156373494081382], [153.16699292359291, -30.198016620366584], [153.1401908590936, -30.255873588098623], [153.13983111327292, -30.29965654839328], [153.15457787074664, -30.30513548992302], [153.1401301518679, -30.309869528500617], [153.1529349703638, -30.309479449789983], [153.11345701099407, -30.340604536042797], [153.10452165720767, -30.376984465416864], [153.0758126562094, -30.41058046277909], [153.07632464329285, -30.431877482991165], [153.03171663975914, -30.49900446901071], [153.0100896378223, -30.607853467657026], [153.02036763122157, -30.647570478987394], [152.99749661983796, -30.678901466926398], [152.98850560376658, -30.73236446642522], [153.0016665899482, -30.748625467867683], [153.01374961333636, -30.860769469920232], [153.0371895774854, -30.882469472437357], [153.07601750322416, -30.87819653631095], [153.08861959718885, -30.911169477826316], [153.0397625513813, -30.99912548356724], [153.04204755509332, -31.043404474127147], [153.06638736149068, -31.047443566605367], [153.0647094504419, -31.056720586505687], [152.9790821662254, -31.16722631872669], [152.98424731295827, -31.186499299388046], [152.96035637804292, -31.24497252742711], [152.97116530563878, -31.252593478567185], [152.96454284917596, -31.30632757830207], [152.97642370660617, -31.31412850955108], [152.91471676117524, -31.411796964094037], [152.93784865946037, -31.476126566885167], [152.8453342981374, -31.572915288352828], [152.84829349385592, -31.60156229885941], [152.83396107196273, -31.629006357631955], [152.84952850827645, -31.641334469275854], [152.80492218851015, -31.681847485126763], [152.79276468614913, -31.710709534128377], [152.8056355018126, -31.73030732555445], [152.73609755981738, -31.81109158923004], [152.73665552628117, -31.836505439472038], [152.75456279278453, -31.845064521314658], [152.69099048662034, -31.87764681524089], [152.60880000789584, -31.947127127611772], [152.5467377047372, -32.030199722091695], [152.54789554868776, -32.07357484252277], [152.50923839645827, -32.127405359106156], [152.5090432603327, -32.17261850941661], [152.57087771629415, -32.21562021582627], [152.5237001817873, -32.29439792174681], [152.5234464694558, -32.31171300184769], [152.551695162572, -32.334597764798914], [152.51632140716944, -32.40849247184856], [152.51955774402836, -32.4282785223109], [152.53995955923787, -32.44335530443098], [152.41885929007194, -32.48253646280342], [152.3356351751561, -32.52706617497306], [152.28503146273837, -32.59476241051847], [152.23126046711778, -32.61583240542823], [152.19568347755953, -32.64790940219734], [152.18667648368464, -32.68538041159177], [152.20504845904583, -32.70120740349256], [152.17310848647847, -32.678327390222265], [152.12949548138383, -32.685664396041325], [152.13765746227273, -32.67096738672716], [152.1219039161965, -32.65773868510382], [152.11439046404814, -32.68109239454376], [152.0614284602757, -32.68805937946579], [152.05030348339534, -32.67612837830403], [152.0611394554689, -32.64993639916307], [152.04379549640873, -32.66034537756116], [152.04298643390737, -32.67967047762224], [152.02980800780702, -32.664008136236006], [151.9940184819971, -32.6688633928163], [151.96992034729388, -32.65376542038418], [151.96341447580085, -32.67139538988439], [151.94450565780522, -32.67553642809331], [151.96008848274695, -32.697414379751415], [151.97760848168662, -32.687657391369356], [151.97886449030574, -32.69663738155511], [151.96926749915934, -32.71479439076088], [151.9432504922419, -32.71812136827913], [151.9433064793858, -32.73926337843666], [151.98808949601096, -32.71920039260702], [152.0401943675266, -32.72966539771246], [152.05857342686332, -32.716141029391935], [152.06955036269062, -32.73596310059649], [152.06348048858672, -32.69848938973943], [152.09107846082688, -32.72816339262424], [152.1036484707423, -32.71621439375579], [152.188192579878, -32.71186440193002], [152.17262046521617, -32.76164340077498], [152.12511247094366, -32.766956396201635], [152.11560746871533, -32.79286338546641], [152.0533494682133, -32.785254389384086], [151.90945348199946, -32.828237385819754], [151.81011563883817, -32.878207506648536], [151.78522435659613, -32.920227324567925], [151.79027807390514, -32.860686054624416], [151.81727851513068, -32.82410491694616], [151.77507226093243, -32.82379890290558], [151.76830256803913, -32.85226535246279], [151.75674764957157, -32.85261535136123], [151.72994639538757, -32.836544328687076], [151.68612721319118, -32.82295783441209], [151.69029773011974, -32.841676054943676], [151.70923954391785, -32.868670376942504], [151.7282282299778, -32.87868606882541], [151.6964604604467, -32.83292933546808], [151.7465189608357, -32.85361608039149], [151.77476963650807, -32.85708836311555], [151.7773083501074, -32.90217034368153], [151.77461443216933, -32.88956541333363], [151.74445094803556, -32.87661307035896], [151.73383714935218, -32.87762609935305], [151.76803454235844, -32.894865142742674], [151.77697746728, -32.9235473338031], [151.76147049154096, -32.90764740220703], [151.76351455900473, -32.92444534252271], [151.78551956584502, -32.92551239463402], [151.80297324470726, -32.916190356237145], [151.73788724734524, -32.96297363035105], [151.7287104521887, -33.010737349816964], [151.66886147489953, -33.05193235440759], [151.6611254816867, -33.08381735389905], [151.64029734440717, -33.08497834192627], [151.64955042610097, -33.062830332648026], [151.6388995086049, -33.05511535158015], [151.657501398592, -33.036082323213286], [151.62827950537803, -33.01548439028758], [151.64390351866916, -32.97483436148204], [151.6142574943857, -32.9625643985771], [151.61664141827976, -33.00577833911258], [151.58906150428706, -32.989242356376344], [151.58408648405435, -32.99611134595352], [151.59771149202876, -32.99723233725424], [151.6195534522042, -33.04816933969209], [151.5935686686569, -33.0267242970719], [151.5773294200741, -33.03287031557542], [151.60004865583693, -33.04112736778976], [151.6000695333979, -33.05933130792175], [151.5859424269708, -33.04719680649463], [151.58076238484313, -33.06844938615507], [151.61116436015183, -33.07213534906648], [151.61379235845112, -33.08212038938732], [151.55341461962288, -33.06094230350932], [151.55023652834905, -33.07376136329981], [151.50995936133847, -33.093065369625755], [151.5241874974481, -33.10746134107424], [151.54817157665545, -33.08856933320989], [151.56514662270334, -33.100573354903815], [151.5649633903856, -33.11808331501135], [151.5387784444943, -33.114456312505084], [151.54183955252066, -33.12604830287758], [151.52211261551662, -33.124068290996355], [151.50983660542306, -33.13749431993095], [151.52727933279905, -33.139046381592], [151.53018739948533, -33.160810352022295], [151.5411854302387, -33.14378532294208], [151.56760018235437, -33.175318425669204], [151.57194163450342, -33.15479134593452], [151.55281950836664, -33.14572932405776], [151.55722951964717, -33.13159931437484], [151.5839065971195, -33.122898306841776], [151.57920930039677, -33.103278296256335], [151.59713156010312, -33.16157436837226], [151.6337943272267, -33.0706503312058], [151.64155549270413, -33.09637536212724], [151.6657544406332, -33.08690234436159], [151.63016847657505, -33.153759341454084], [151.63867344243192, -33.17582235241975], [151.6251474613241, -33.1980173612923], [151.5642494729479, -33.24891235587547], [151.5635964799769, -33.271714345975724], [151.57903042641667, -33.282214347513616], [151.50192450888514, -33.34391634065105], [151.50281333104473, -33.326895360614245], [151.54564253166905, -33.27773331431755], [151.52049261720845, -33.262548331829024], [151.55324432511392, -33.244179324798985], [151.55796643341446, -33.251948315301654], [151.58583042543117, -33.20807034763115], [151.5627645103951, -33.19493933535063], [151.5536323875161, -33.225869374705496], [151.56191850454343, -33.239440385587194], [151.50858957420934, -33.22264638041943], [151.51904250753017, -33.26165437168549], [151.49458339065094, -33.263783309387975], [151.4650115596669, -33.30192333686606], [151.44162054224543, -33.30704729469572], [151.46858636561115, -33.328484297392116], [151.44180055916237, -33.329905324874986], [151.44879643487658, -33.35461536571012], [151.47409650983352, -33.36584429817747], [151.49401964098502, -33.33649529985122], [151.50444844603808, -33.36249835102152], [151.44500242458025, -33.43539034592488], [151.45259443140188, -33.451134346752504], [151.43548644153918, -33.468008335258524], [151.44688643745965, -33.48645933646408], [151.42791060903068, -33.494628784732804], [151.4171554766966, -33.523284343922036], [151.36430246314723, -33.530698319001], [151.34496746369302, -33.54696832729929], [151.33592958826594, -33.522329366276516], [151.36340584459313, -33.52085017884712], [151.34696645892697, -33.505774307195914], [151.34116545194772, -33.48929935653462], [151.37569852558065, -33.50056109985937], [151.38281920842113, -33.471880030326204], [151.36705245032186, -33.474238168860246], [151.36980954756407, -33.491940139244676], [151.3419839229282, -33.48110736655352], [151.33592795469818, -33.47423940593634], [151.35986454196936, -33.46947821815098], [151.3537585341391, -33.459673247507844], [151.36947152473306, -33.43872934883635], [151.34192176700952, -33.450642286332126], [151.33877934021098, -33.429981335890794], [151.3228416527369, -33.42781953437956], [151.32942438878564, -33.4504903651578], [151.3134724296754, -33.46061635373279], [151.3241554260091, -33.47681932484963], [151.30712347959795, -33.467883323188794], [151.3045304081359, -33.481566643042456], [151.3180055456234, -33.48618130433885], [151.29960363692445, -33.49583268268145], [151.33645552326809, -33.48438131605761], [151.33044532225514, -33.49828234559171], [151.3503993971245, -33.51562830758805], [151.31271147054014, -33.52979031415054], [151.30974532763884, -33.55461028404768], [151.273898503189, -33.550933980662535], [151.25866749270998, -33.5706233493758], [151.24592238651894, -33.5555722780772], [151.25501851794144, -33.535288368784855], [151.2367766214773, -33.52806829702776], [151.2372723336947, -33.51090428695282], [151.26572456314807, -33.4849343394309], [151.23140645499055, -33.50738233637958], [151.22701342253825, -33.53044132613193], [151.19756647138556, -33.495161323132486], [151.2142683315319, -33.47637130455908], [151.23768847834086, -33.47557731674198], [151.23748364127607, -33.45373936656838], [151.2320163394642, -33.47313535619448], [151.21472049225673, -33.47044227455937], [151.19191843302954, -33.488780322560295], [151.1994503756714, -33.53611832359769], [151.18194754283488, -33.50081727171514], [151.15980919460483, -33.51098976972308], [151.15350813871353, -33.486728758964546], [151.17214780838242, -33.4694416605795], [151.15174851256836, -33.45953431860837], [151.17288748244403, -33.43804756042641], [151.1664389948561, -33.42669394974493], [151.14031642292235, -33.46900433761067], [151.1148496471942, -33.463828345204206], [151.10162433682476, -33.48069227409371], [151.08124760414034, -33.4470803319628], [151.07284055507395, -33.448971321195536], [151.06845347422254, -33.460091490866894], [151.0797665841173, -33.44883228183765], [151.09762007701374, -33.48352818374157], [151.1223895157621, -33.46662495592534], [151.13840929234564, -33.47538083747818], [151.15562543097863, -33.467406309025215], [151.13129957124357, -33.49125091692853], [151.15528053684355, -33.49893734921595], [151.1539366437188, -33.523900289267104], [151.12550960854634, -33.51775031657693], [151.13018061956808, -33.505077336922085], [151.11145448195063, -33.507029345193764], [151.12171666858234, -33.521515286250605], [151.13130850752643, -33.519270327127316], [151.1263759266555, -33.5310830667517], [151.14335554442872, -33.529800328323226], [151.13758858362965, -33.54195206787207], [151.1270936256876, -33.53761430686459], [151.1169563759811, -33.54619426598202], [151.14490854258148, -33.54206031855441], [151.15146955897865, -33.56220131930767], [151.13098051112402, -33.567853307439734], [151.1200595602599, -33.585990306551466], [151.10278353246912, -33.58776528495738], [151.12571840755487, -33.60032334717906], [151.1191016200361, -33.588696336481426], [151.1461703769912, -33.58278926895933], [151.13364238033054, -33.57099333770966], [151.16225443565094, -33.57576234040825], [151.15204736040573, -33.55084825928137], [151.16958655691096, -33.55849727096985], [151.14886854272208, -33.536791348886034], [151.17006463948647, -33.538620340874104], [151.17564034197457, -33.51398229121996], [151.19853557395774, -33.54996132361004], [151.2309283809198, -33.53844133655433], [151.21289956890374, -33.57266833511147], [151.23102848784265, -33.56141633672591], [151.2469393833385, -33.57832635833294], [151.23276439324613, -33.5940302871183], [151.19233637962515, -33.58907128330749], [151.1863175600726, -33.59210328276729], [151.213832355565, -33.59672029536829], [151.2131105641836, -33.607842305379314], [151.16393130874673, -33.625852290917756], [151.149454606857, -33.65545030977741], [151.1640224044279, -33.65817129115395], [151.1733143673561, -33.62631228179573], [151.21850836325368, -33.609086285892296], [151.22888035057403, -33.618163326925476], [151.21938141438983, -33.59964529590728], [151.24354528166788, -33.59443230812915], [151.25673356833317, -33.60543227944045], [151.25009046160022, -33.588009278696006], [151.2730163282343, -33.588946360848276], [151.29311837767733, -33.57187030261082], [151.3108424441456, -33.579556314326695], [151.2925234632866, -33.60531632279108], [151.30443344188868, -33.6031783238924], [151.30286244978728, -33.62052832386749], [151.27042446290665, -33.63152331090589], [151.28266846048774, -33.63664232208864], [151.2698173896851, -33.65623630102323], [151.28477643917805, -33.64419369233934], [151.31204642229497, -33.66671832505431], [151.30467546754753, -33.63533032414186], [151.3160904487683, -33.61416632506315], [151.3321534352647, -33.62335133663527], [151.3158984604566, -33.60176830495768], [151.32284346246763, -33.5794283154516], [151.33532047031807, -33.58231933664306], [151.32528044976766, -33.59701232580437], [151.343026423573, -33.624495337664214], [151.30979144998238, -33.686337314981024], [151.31527345785767, -33.69637133556588], [151.29775337937238, -33.70361330397398], [151.2937274684806, -33.714519313673414], [151.28119552104425, -33.708676322458096], [151.26969857183366, -33.714968321425715], [151.29321161762837, -33.7214152936736], [151.30786541796385, -33.703412314920655], [151.3002034458805, -33.72703532436852], [151.31771946138485, -33.741967316116266], [151.29138066450037, -33.74665362367959], [151.30319658279922, -33.74680834478825], [151.30253042002403, -33.76816431487597], [151.28787176891694, -33.791930433669094], [151.3076004439777, -33.80775032562958], [151.30193944278005, -33.82264731520342], [151.28726841514006, -33.82066032381437], [151.28165643888963, -33.79872332313452], [151.26650244115166, -33.79796332171008], [151.27512044830405, -33.81001333260166], [151.26121544921796, -33.81797133135574], [151.25048642312385, -33.8002793102275], [151.23515044489253, -33.803394318815144], [151.23078642962923, -33.77270731819157], [151.22465946902332, -33.78374130769649], [151.20437124342402, -33.77246851572216], [151.2133834505602, -33.784264326646664], [151.2325104374035, -33.78747830845653], [151.21474142961475, -33.789876316812936], [151.23087643653886, -33.795663318361285], [151.2173197171662, -33.805402827162865], [151.23217466394559, -33.81361686860875], [151.21944076504622, -33.8189572074562], [151.2389784125278, -33.81694830926825], [151.2459034533678, -33.80333030982023], [151.25251140922256, -33.8271823306059], [151.2688814369051, -33.82704332213706], [151.24650543654118, -33.853524310228956], [151.2325264108513, -33.83629930880088], [151.23287162913746, -33.848696878920165], [151.21520351268586, -33.84106403721553], [151.21862572063932, -33.85267210761669], [151.19298797498217, -33.847608875187206], [151.18904740741965, -33.833621874721324], [151.18112343739642, -33.84224432404257], [151.18163841902896, -33.82950731400122], [151.14587944420748, -33.8289763206644], [151.14955043429094, -33.82443131097445], [151.14416244792787, -33.802979300322], [151.14384942447276, -33.82916130047665], [151.17926441856645, -33.83549235382179], [151.17432023826032, -33.84305208341374], [151.14309340372617, -33.83555229045108], [151.13384251380847, -33.84482426965479], [151.09283345303803, -33.81959627566351], [151.07382546590958, -33.81842628388962], [151.05110837838325, -33.82422551182197], [151.08401202396888, -33.822066414861226], [151.07527301380324, -33.83267507412402], [151.082008281924, -33.83954576479774], [151.09244250255895, -33.82360631565531], [151.0996583287797, -33.84419633647042], [151.104149329449, -33.83437428681901], [151.12105170604212, -33.841793068443124], [151.11907494326343, -33.86469798841986], [151.12698846487413, -33.84418229901232], [151.14227839146275, -33.85334530050001], [151.15404858129045, -33.842057321517196], [151.16616744784505, -33.8548543027364], [151.14452546982955, -33.863149350778045], [151.1508756277026, -33.87225215143338], [151.1854952962691, -33.845995364476735], [151.1965124528597, -33.85968131560086], [151.17350942460652, -33.871190303535506], [151.18934243171972, -33.87582731504495], [151.20805043203964, -33.85349931663469], [151.22061145815235, -33.86908332791736], [151.22993341827538, -33.85824332871248], [151.23183042578833, -33.87473931900552], [151.2523364143368, -33.863725320846], [151.26697642131447, -33.870638332264676], [151.26438142434395, -33.85087232188305], [151.27758642243026, -33.85107732312092], [151.28077842444787, -33.832691313290844], [151.285924405746, -33.8918733141882], [151.25780640576414, -33.92162231176379], [151.26597038834163, -33.968017322852894], [151.25189143081482, -33.964658331511735], [151.2492164161915, -34.001801311521405], [151.22602939290192, -33.97672431917782], [151.20890641462523, -33.98219130761634], [151.2207084348211, -33.96814331862052], [151.2020792470696, -33.971310866902684], [151.19910342903717, -33.95985649654468], [151.2057509774558, -33.96452033719799], [151.2080743970795, -33.96483830741719], [151.21246640662918, -33.96349931781802], [151.2110524270565, -33.961831317674275], [151.19282641069861, -33.954198305919185], [151.19201643821194, -33.97356231597913], [151.18519145211314, -33.95182531519013], [151.18268941031073, -33.96791332506931], [151.16730445494196, -33.949875323508294], [151.1494774115537, -33.994187312157024], [151.12849144298522, -34.00600931028555], [151.12987742579435, -33.983585310257745], [151.11518544551694, -34.00140733901528], [151.08758773079626, -33.991637216381264], [151.09019842164895, -33.982465306559725], [151.07166832273668, -33.994249284920926], [151.07476433365983, -33.98402329513691], [151.0544664264338, -33.98511031326043], [151.0618287666968, -33.97522489387448], [151.0493644978295, -33.98015933275249], [151.05286732587751, -33.990991283153186], [151.03653554823717, -33.99091830163802], [151.04651836952684, -33.970520332421074], [151.04467760284055, -33.94769201209065], [151.04116611993646, -33.973214131943564], [151.02452738179917, -33.97718330042899], [151.02248426383036, -33.96416732014864], [151.0179545331011, -33.97451227980134], [151.0153726323112, -33.98321307962302], [151.03434139036113, -33.97738229133998], [151.03281531855689, -33.99253226130443], [151.06627154377028, -33.99232733440646], [151.0430033050685, -34.00765928235476], [151.04282153222147, -34.029142282488024], [151.04684343460173, -34.00701533270641], [151.0695345728203, -33.995918334734505], [151.091757408886, -34.00142030683714], [151.0777184894135, -34.01256735561081], [151.09047651766966, -34.011874346791174], [151.09485446893086, -33.99775928709936], [151.1157654246685, -34.00711127910911], [151.1104044132102, -34.02373630872667], [151.12696249268495, -34.00988634017036], [151.14501038623013, -34.0386022820514], [151.16125357524936, -34.02849736349422], [151.14178944994086, -34.014433321582516], [151.1621244389523, -34.00001531337626], [151.17862940485563, -34.01283032500479], [151.1583204375533, -34.01449831312299], [151.15956344619875, -34.02324532329998], [151.19632343118158, -34.02121531671443], [151.206435430694, -34.01403232760829], [151.1867564244013, -34.00751730572582], [151.2219364301933, -34.00120131896657], [151.231931406664, -34.016726320009326], [151.2145253957728, -34.04191731855883], [151.16554842298896, -34.04070630397989], [151.1534124303748, -34.07313932307537], [151.14891143352173, -34.05456831252633], [151.14034641217307, -34.07378131186275], [151.13444940327878, -34.07188431130044], [151.13827839483608, -34.05619232154736], [151.13393942554956, -34.0555373111388], [151.11164241649396, -34.072442309182016], [151.11213944035657, -34.04314030902361], [151.10523641149385, -34.042078318374244], [151.10177544972385, -34.05898631817053], [151.09698344201763, -34.04704030764164], [151.09218843128593, -34.057648307270064], [151.0857763327215, -34.05383928664765], [151.0770272839736, -34.05391028583546], [151.0888424807107, -34.065533337014195], [151.08229047232783, -34.0605233163705], [151.06113325486865, -34.064338304432646], [151.05888831465353, -34.0683613142524], [151.0608316140717, -34.070610324448445], [151.05747014415672, -34.07359622415733], [151.10198542883882, -34.065354318234526], [151.10556158642365, -34.079499268665785], [151.07858750900166, -34.089303316227436], [151.13216840306, -34.07595931111653], [151.12419626202703, -34.092200350487886], [151.13516640178193, -34.082247311439524], [151.13315544324615, -34.073515311191336], [151.15003741944298, -34.08368230283451], [151.16897941789185, -34.074905314538626], [151.17176640592962, -34.08649030487937], [151.1278874253447, -34.13790630115023], [150.9887013929006, -34.23184928888771], [150.92802843036932, -34.31661129386994], [150.91941741600556, -34.35852929336618], [150.93130539289797, -34.368739294533995], [150.90209039194528, -34.407683292108885], [150.90981542314776, -34.46475030321621], [150.89490141718107, -34.45101924174626], [150.88408989787118, -34.45769312079628], [150.90794140197767, -34.47549930311775], [150.91364938258013, -34.46478730357006], [150.92191140745885, -34.493838294533184], [150.89136938026402, -34.50635228180344], [150.87484620786208, -34.54229253052967], [150.8627472514193, -34.529080509324594], [150.88661029294897, -34.49158225126285], [150.83240014162627, -34.4862867662377], [150.83764956895234, -34.50047227681829], [150.8153702220213, -34.50202026478173], [150.8135111279846, -34.53417300483307], [150.79680058883565, -34.54618619338185], [150.81036336642782, -34.549238054647994], [150.79531773784743, -34.5551882033079], [150.80424362570676, -34.56133814416962], [150.86204236039907, -34.53744452931749], [150.8736572377499, -34.54442845043493], [150.875133731489, -34.58933858088086], [150.90446129613616, -34.5969554236358], [150.85588235092482, -34.614635909283265], [150.86548352489368, -34.64887704040286], [150.85477785452463, -34.66336516951743], [150.8646847219073, -34.67190412048792], [150.82514035285277, -34.782492287611554], [150.811499366167, -34.772961286292926], [150.78212635806165, -34.79131029372306], [150.74954338431235, -34.85514728117448], [150.75147236924673, -34.89057328159395], [150.77090036563797, -34.895802283410205], [150.7686263418934, -34.926035283408744], [150.78575815873808, -34.93041628500985], [150.7763303477944, -34.947824284264236], [150.78472337129372, -34.986561295299], [150.81024336395714, -35.01244328781837], [150.82985134231157, -35.00289429955468], [150.84972033797507, -35.01287829145001], [150.8316513368421, -35.041171299981656], [150.842988343854, -35.050623301088635], [150.8337633320145, -35.074342300402286], [150.80582630348724, -35.094425287972435], [150.78626431940552, -35.07252929602753], [150.7761593295049, -35.08299929517206], [150.787064334265, -35.035828285850414], [150.76725736004065, -35.01516029389274], [150.7782763401105, -35.00243528481615], [150.76035433418514, -34.99219827310313], [150.72880435849254, -34.9953472902353], [150.72840234690537, -35.0075362902818], [150.6794303420549, -35.02386926591638], [150.6748503471955, -35.06496428577863], [150.69796433288397, -35.071122287932134], [150.69779234649786, -35.11851327823952], [150.73568133826694, -35.137075291831806], [150.7648863056214, -35.124114284418845], [150.75743234072436, -35.168442284037646], [150.73809333207348, -35.180017282345034], [150.7248743050322, -35.17293828108687], [150.69514834573823, -35.200859268558496], [150.6851053419655, -35.16612327740452], [150.63262834985798, -35.16640927261824], [150.53951236717842, -35.21660125449008], [150.53112134513577, -35.24119427389562], [150.54523136201976, -35.24842325522544], [150.47356135566528, -35.30216726909294], [150.47190633398188, -35.31653425904056], [150.4873173205648, -35.324478270489664], [150.4759043615223, -35.330268249495504], [150.4850394970282, -35.35327086047844], [150.47500933805296, -35.35701025959564], [150.4923813241028, -35.36665126123403], [150.45209839710563, -35.38995520774579], [150.3928522861053, -35.464596322899666], [150.39087935184818, -35.49841826295006], [150.40633632468436, -35.53391524458405], [150.3850473363075, -35.54611925274586], [150.38692434378072, -35.56269525302684], [150.3463963166165, -35.58789324954519], [150.3456453345266, -35.60423925958764], [150.32261032682422, -35.61352625757774], [150.32605333309917, -35.63720225804662], [150.2992593458628, -35.647375235706726], [150.30653933950873, -35.68613323662124], [150.26560031039696, -35.72650225321683], [150.23414932844017, -35.70296124023973], [150.21221933064726, -35.711794248335664], [150.2102783322191, -35.70234324809856], [150.17726825723426, -35.70306270515192], [150.21448531678092, -35.737913228713666], [150.21187732421419, -35.75997723862821], [150.23494932904669, -35.771749230772784], [150.23715830466182, -35.80170323117134], [150.22419631572726, -35.808736250057564], [150.23528333038738, -35.835514241229724], [150.18670431827283, -35.833103236866584], [150.17766531737743, -35.850186236173066], [150.19136431385346, -35.860492237466374], [150.1692203070323, -35.86250723550103], [150.15024833613327, -35.89112623399848], [150.16182230196318, -35.90865424514874], [150.1510723141677, -35.9788472346575], [150.16455828743634, -36.01301124608919], [150.13447429499814, -36.06592723375668], [150.14150729003535, -36.09442223457355], [150.1243392963046, -36.141911233358094], [150.14857425549604, -36.26695623634907], [150.130778235335, -36.28885323490645], [150.13972825173357, -36.304889245810855], [150.089793262978, -36.353979231685535], [150.06683626057043, -36.39851221993712], [150.06764523759904, -36.41939722014685], [150.08476527353824, -36.42918123173444], [150.05482326028516, -36.48810222945976], [150.05554222306452, -36.54019322986649], [150.06829323912032, -36.55412423109179], [149.98276205261922, -36.70226821447162], [149.9793112304494, -36.722215224296534], [149.99187420796588, -36.72555923543162], [149.97720324430617, -36.76961822441992], [149.94062623446828, -36.811670221457426], [149.9343572010448, -36.84411322111491], [149.95001620696382, -36.85537722257331], [149.93017721763448, -36.87397522094019], [149.9381072424466, -36.90244023182685], [149.91970219639705, -36.89542823015433], [149.90479322618927, -36.91463521896266], [149.91344120067976, -36.94457922992136], [149.94592323477127, -36.94911722282212], [149.926670172011, -36.99204721139903], [149.94773720507047, -37.017543233427624], [149.94465718055764, -37.05398322339185], [149.9234192250855, -37.04629323146419], [149.90992119512146, -37.062070210374124], [149.9148521923845, -37.07610622090075], [149.9018811954631, -37.06914521971007], [149.8725192083354, -37.08319520721066], [149.8783101849366, -37.101031207836975], [149.89349221299497, -37.09707422915074], [149.91139016803953, -37.111787220826336], [149.95379418260123, -37.100875224504534], [149.98762117150477, -37.14111122776115], [150.00487416865772, -37.14125623929182], [150.00305317518314, -37.168510229306854], [150.02095514990305, -37.185419231004744], [150.02347115572508, -37.21255923140372], [150.01522215683596, -37.21431923068294], [150.01313914759643, -37.21130423047858], [150.01086113789933, -37.211818230279796], [150.05193713413874, -37.26226022425375], [149.98687516794266, -37.23993722833461], [149.94401313976292, -37.27771622478347], [149.96973115109026, -37.30968422726613], [149.94983615535327, -37.374656225923786], [149.95655912744962, -37.42349622683317], [149.97541516126938, -37.44543722864403], [149.97729713270837, -37.50457723919078], [149.90661418912615, -37.54285219318385], [149.7752528689307, -37.55782510171253], [149.73875301125383, -37.58502459868482], [149.67733394768268, -37.68506907394832], [149.61660116572253, -37.70060000874617], [149.5958439156235, -37.726563457103225], [149.52550604597013, -37.73727151105592], [149.48496319754406, -37.7754282977828], [149.34038402170987, -37.7769004753069], [149.2924530383562, -37.78744717125324], [149.2755027589933, -37.803764119901885], [149.2467157670264, -37.780461367285305], [149.1227604383846, -37.77728682667374], [148.80873840026527, -37.78640423017507], [148.7491921589386, -37.79702387525118], [148.72779079012153, -37.81542423357737], [148.6910319382127, -37.801428480417755], [148.28962059512807, -37.81097527729626], [147.95198772198256, -37.894052960411784], [147.78822180220774, -37.95530925766773], [147.64213640696443, -38.03686203655836], [147.47630863109237, -38.15173659418897], [146.8831443646182, -38.634620981267965], [146.92552247213143, -38.59421196425278], [146.89867942464645, -38.61220493231464], [146.84401057522834, -38.60482196810582], [146.8420435141511, -38.61635997802712], [146.82535750792442, -38.60970996671804], [146.79944437017548, -38.62864299486699], [146.7957975515174, -38.62299494455568], [146.78471242350633, -38.62278100371378], [146.79495265137268, -38.625382994506246], [146.78591338040434, -38.64622800394872], [146.74217952585664, -38.66491200075157], [146.7129183631534, -38.647763918434975], [146.7163934509254, -38.66088593877788], [146.69771341246485, -38.67533694745624], [146.65755652006595, -38.67147793440576], [146.67054456890693, -38.662125945326714], [146.65312564434254, -38.64297197389749], [146.64103465331573, -38.668888993146474], [146.58442538236727, -38.67707393894461], [146.59367561978624, -38.68475498968555], [146.5826985000631, -38.69846199894602], [146.5804286727874, -38.67944895865945], [146.57682940187934, -38.692129968467235], [146.5720104644978, -38.67768693801761], [146.54651561819634, -38.684506966149925], [146.5667515737955, -38.691105927705664], [146.55276952650362, -38.68927696664727], [146.55121465501261, -38.703775956619566], [146.5412055990358, -38.68536293575781], [146.5147172926654, -38.69422935383159], [146.49467456799158, -38.67972552224619], [146.49297366622616, -38.696746692223385], [146.4372076564275, -38.694423418053915], [146.4112083078123, -38.72120495628462], [146.3870594821704, -38.72073526448881], [146.3809920474915, -38.685632013824176], [146.35071111441255, -38.6729071515023], [146.33182641679053, -38.68105544015448], [146.33884554438563, -38.69065250073244], [146.26056517872232, -38.68731000493178], [146.25263248891298, -38.69749910440966], [146.24394633221948, -38.68281911368041], [146.21206496669697, -38.69284143139679], [146.2290038526237, -38.70165934269596], [146.19205358626954, -38.72623200013087], [146.2107044615415, -38.737932861572006], [146.1926025858735, -38.728724010186376], [146.18556589537843, -38.743357189759166], [146.21850290608788, -38.771813062351704], [146.23305314901813, -38.809031213648474], [146.2728197822664, -38.80603481655922], [146.27027645620248, -38.860126716700876], [146.29273373020698, -38.87645263845688], [146.29262123683276, -38.90453793861925], [146.3231040214809, -38.90356546086545], [146.3525802104795, -38.868210742831835], [146.41486650128613, -38.85206540735448], [146.42073582610027, -38.803794397496674], [146.43796509604562, -38.77890897862626], [146.47864163722224, -38.79176742173463], [146.46785573949126, -38.871035911413536], [146.4844775050346, -38.883165752726754], [146.48930083083675, -38.910450883252565], [146.45098700314327, -38.9478378606238], [146.4361158717644, -38.981008469718205], [146.44569697726865, -39.0036945205689], [146.43176043888823, -39.010964019575866], [146.47539788923433, -39.02565345291491], [146.4604443505493, -39.0369019518685], [146.48335550346377, -39.06101457372264], [146.45529482937002, -39.054103381589066], [146.43112522233093, -39.06551434985904], [146.42529657117652, -39.08353579953457], [146.441608457472, -39.089740740785686], [146.4265155152672, -39.12997314990599], [146.38955000146564, -39.133945727183566], [146.38783089286144, -39.125077717002405], [146.37381628397156, -39.136727006033084], [146.3458233804224, -39.125371183890195], [146.3214499293987, -39.08787405186013], [146.35234421735717, -39.05884412397091], [146.3169474345468, -39.05224227131175], [146.3263671442021, -39.04110497194087], [146.3140355075563, -39.03180191097279], [146.3285898454194, -39.02779870202471], [146.31671066743556, -39.028826971152526], [146.30471629831968, -39.039350140329866], [146.30303302055304, -39.0234570101093], [146.28392020382614, -39.02487415870684], [146.29185380382367, -39.0131051292211], [146.2743346490069, -38.99637613782713], [146.24897190361926, -38.99600725595574], [146.2673005909029, -38.99117811727698], [146.2695023527129, -38.97294695732881], [146.23390887566885, -38.91865574437785], [146.133539563433, -38.837395446519544], [146.0839717348767, -38.81591944276708], [146.03361327422272, -38.81317567908104], [145.99790693667663, -38.84639335668738], [146.00629174142702, -38.877906917487735], [145.92120255295941, -38.909596911512565], [145.86953219798775, -38.776135116971865], [145.76555284938584, -38.66673870883208], [145.7138657210751, -38.64552590500414], [145.65687981760408, -38.676909911130096], [145.60670155635307, -38.67876883757277], [145.56063057774037, -38.651393904138665], [145.4836917724058, -38.55598788812003], [145.4236938153108, -38.53646586377783], [145.37201763452725, -38.536283900151176], [145.36341236779714, -38.52096422945506], [145.41917581876567, -38.51317684331828], [145.43448591827195, -38.493609854274695], [145.4177239637789, -38.47135987296086], [145.4338188550726, -38.4348548938686], [145.41638690132524, -38.40698188247314], [145.51541459282743, -38.41546186949975], [145.54893889189626, -38.371674881601585], [145.54515059623458, -38.339522841136244], [145.5153379516946, -38.33778691901808], [145.52213980491732, -38.29893086925999], [145.49796976200201, -38.27406386740059], [145.48899390819457, -38.233400866517364], [145.438390869243, -38.21438791283714], [145.41092261253252, -38.228035320991324], [145.347077955392, -38.21355684642874], [145.32484694609334, -38.24214219505069], [145.29831488005482, -38.248479903237836], [145.27413804480568, -38.244087741525966], [145.27158089762165, -38.22295184121801], [145.25477900056825, -38.223048880049284], [145.2617366971776, -38.24241283065234], [145.22565970018206, -38.27241484832857], [145.22302593684245, -38.30644877835442], [145.1929401932618, -38.29654385620657], [145.1928544901564, -38.32449403637194], [145.2187864529886, -38.3475909183122], [145.22195763904597, -38.377784168717184], [145.19641282482388, -38.366573246876264], [145.18399206612852, -38.374573496064414], [145.21520473964628, -38.38310027828094], [145.23449181324878, -38.40967546978289], [145.12984702394783, -38.39046325241654], [145.05019100368014, -38.43000880717024], [145.02676402336346, -38.470349865807215], [145.0312708607042, -38.48706782621851], [145.01100500513505, -38.47964884478273], [144.93741557630878, -38.49706929985357], [144.91115796185105, -38.48923985801462], [144.88726188505004, -38.49883882644533], [144.8866588675413, -38.47720381627258], [144.83857981125038, -38.43031478271922], [144.74175496679098, -38.35393386570164], [144.65191374812534, -38.30406347935261], [144.73414852156094, -38.322467254996475], [144.76673896209346, -38.35637186740335], [144.81468987225887, -38.368535830722294], [144.92317979513854, -38.34924279798038], [144.98839272717757, -38.31669782223813], [144.99433273747744, -38.30445583257001], [144.98283575039844, -38.296399841733425], [145.02561557759194, -38.25333907440164], [145.032425750879, -38.21265989461951], [145.06169410699002, -38.201188486560135], [145.1176361634631, -38.14409176006264], [145.1256176200716, -38.07164333016727], [145.09952308957787, -38.02686494809131], [145.06222003006113, -37.99082811530088], [145.0379214336917, -37.99643363366584], [145.01795049878532, -37.98179077220497], [144.98553197051513, -37.926224649640524], [144.97031393029542, -37.860773828194446], [144.92691843009555, -37.840021695102365], [144.91264439149737, -37.84998580419094], [144.8971540049979, -37.842538893089724], [144.91552999931014, -37.86552982448381], [144.90425934051478, -37.87251181375909], [144.86858746821886, -37.85869906124658], [144.81439562587974, -37.87513073767108], [144.79917545335417, -37.923157316937235], [144.73559213230644, -37.94312188276522], [144.65164532071313, -38.001624997480135], [144.59158389093602, -38.00443240347582], [144.55866924317723, -38.037527811481695], [144.5156979898616, -38.0455912386688], [144.50685184653145, -38.09149476836227], [144.4640224256362, -38.07670170542752], [144.44484652740883, -38.091786994249176], [144.39794896756302, -38.0738032110371], [144.36161191065077, -38.105122878832], [144.35562298832122, -38.137187818633784], [144.36517203583108, -38.14481782930971], [144.4166048356473, -38.1553158027694], [144.42560409740253, -38.123799783171606], [144.44282909163834, -38.14950897446928], [144.47814174381918, -38.16446892690222], [144.55797792076854, -38.15484484215554], [144.63138799292977, -38.107371826772074], [144.69222866087537, -38.119953330933384], [144.72020579307502, -38.14661822298019], [144.70637681864025, -38.21020697243875], [144.69574914948487, -38.21974722178201], [144.7033987901055, -38.20151388218505], [144.68658791351044, -38.19744896102932], [144.62317711888744, -38.251451827104724], [144.632989595177, -38.269775307874156], [144.6722519487189, -38.265254780480895], [144.62017882678407, -38.27589946705339], [144.6138851661375, -38.29223968673184], [144.53871522166557, -38.27161799158574], [144.50843778668863, -38.27477732958956], [144.49989915652128, -38.29047655911767], [144.42896905004858, -38.28151200435855], [144.33229224276548, -38.32324479823407], [144.32744953183217, -38.34016391801856], [144.2566388499223, -38.38273382363091], [144.254019129044, -38.39545884353673], [144.20002811748338, -38.40666175007621], [144.1805931896605, -38.418895818883236], [144.18402217801778, -38.42868573916611], [144.1338241363638, -38.434515775934784], [144.10476363791005, -38.46924221425882], [144.03516752958086, -38.476648869799966], [143.9797340737039, -38.53226277656326], [143.98684190074138, -38.548437767118415], [143.97435386123087, -38.565223736416186], [143.92307187753946, -38.5930947632911], [143.90815994681225, -38.6258527925329], [143.84041803225284, -38.69097975859502], [143.68537722568718, -38.73534675902266], [143.66174793510007, -38.78263771781515], [143.61603691206872, -38.79549575501453], [143.55470909705977, -38.855478761525774], [143.51134605472296, -38.857679708827945], [143.42770909754162, -38.78277379317384], [143.37305604979204, -38.759699759649244], [143.3021752936099, -38.75016570521841], [143.25970214903407, -38.772950722743516], [143.23296999454163, -38.76642276106504], [143.12298603340182, -38.676780763815295], [143.03696803339685, -38.63187372833069], [142.9370320719192, -38.627322702282], [142.85763750842432, -38.60527618739589], [142.85233946068738, -38.59181410699907], [142.78766388456893, -38.56911088301118], [142.5633250090522, -38.42199106890371], [142.49218689449387, -38.393857814584706], [142.47165936720404, -38.404297083453564], [142.3725240401402, -38.34946927738471], [142.2615346786784, -38.36457289109701], [142.24432905053084, -38.378018230193305], [142.25504300738902, -38.391176210884765], [142.24491133872476, -38.39645465033691], [142.1458063770208, -38.39147353466174], [141.9295115461751, -38.27820207180546], [141.7409699222398, -38.25316005119871], [141.67953079196977, -38.26785075791089], [141.60324693184248, -38.311483664001784], [141.60793746829464, -38.342258694440915], [141.62360005552367, -38.34168765529196], [141.65022865618704, -38.39314283705348], [141.62797494017596, -38.39344503583902], [141.62549819948083, -38.40639915578088], [141.6148523925827, -38.39300661512019], [141.57292865043559, -38.38974375281738], [141.54279373208772, -38.43295470143743], [141.5212776475758, -38.41469683016257], [141.5192412801023, -38.39001560990557], [141.44733541572361, -38.35965260584178], [141.40707457217127, -38.36906383373287], [141.4132381786999, -38.39627405422553], [141.4011922309868, -38.3949961935712], [141.36409725924315, -38.376997421476524], [141.3977088967253, -38.335962563033426], [141.35761613922548, -38.274745260521655], [141.2620163132693, -38.19452614495048], [141.15086109889882, -38.1272015886753], [141.02851900545124, -38.07157424193853], [140.93840965316645, -38.052204577145666], [140.83935462178513, -38.04108758197691], [140.7830045414963, -38.04550658911887], [140.77048482257715, -38.05969454856439], [140.71770860267148, -38.051671855829895], [140.66244886176585, -38.0614606130875], [140.64203178706003, -38.041151571935046], [140.57939180918612, -38.0296875387129], [140.5672976130409, -38.00858255798021], [140.51701281351484, -37.989946615351926], [140.45402185905772, -37.93583257189115], [140.39617229063674, -37.91980862892815], [140.2478967051973, -37.686099560247314], [140.17871586271784, -37.61720951646778], [140.11271997731768, -37.57840358304216], [140.10780009919307, -37.56515246272539], [140.1207592465918, -37.56934278337579], [140.1313186557335, -37.55621057380701], [140.12084695950767, -37.53085153314905], [140.0498297959481, -37.478603569417665], [140.02009595129417, -37.47693856798307], [140.01135369161142, -37.49311156766203], [139.9931236653583, -37.48587654674766], [139.99658291543847, -37.4767295968579], [139.94923067636725, -37.44180653439177], [139.86552097892533, -37.33559850978765], [139.84075587424454, -37.3221765385394], [139.74001674207375, -37.182112512973184], [139.7430677434583, -37.15583555295693], [139.7874528355184, -37.15901554505174], [139.79375900726444, -37.12017451511253], [139.77475602297088, -37.08711958402249], [139.74393786924958, -37.07417650250392], [139.74054199367765, -37.02129051202523], [139.671082030616, -36.952783328379766], [139.78749840478025, -36.894598833451276], [139.84289790926954, -36.83956151571761], [139.86252904168865, -36.76019313615837], [139.8548482401799, -36.66143123519272], [139.7875220155043, -36.46891551085043], [139.6842099971048, -36.269801484811055], [139.55940700077463, -36.08768952793227], [139.41354621611498, -35.927230510298045], [139.26845615888678, -35.79819354298186], [139.06661923157247, -35.656500743186385], [138.89227066623835, -35.56373296504775], [138.76789930930676, -35.521767519471325], [138.71027628926396, -35.51357345697983], [138.68443908195013, -35.538094506042434], [138.6315291602657, -35.543830463855116], [138.59822736349975, -35.579455432683], [138.60378109165978, -35.59426944300686], [138.52236709201568, -35.64295449991995], [138.43110315789372, -35.629260446070035], [138.41003310066864, -35.64056246527562], [138.27596333283566, -35.639361489812465], [138.19136513523563, -35.6650764665674], [138.09617323332125, -35.625207462527975], [138.09392038498976, -35.60338947230421], [138.16549522822888, -35.51936342463344], [138.19386930331586, -35.52363643579473], [138.24454724637175, -35.500834487689076], [138.2943251401868, -35.46816944949648], [138.34126015707554, -35.39285042093356], [138.44105139341457, -35.349980464746416], [138.44320924782502, -35.272121454350156], [138.46993709550372, -35.23914346524423], [138.469070233571, -35.10941747439784], [138.51762125047009, -35.03211648591819], [138.47606718781407, -34.8567524631003], [138.4899232481377, -34.81493648340827], [138.47800468197778, -34.78292617271509], [138.49633232016862, -34.76459848335542], [138.51576513664943, -34.77159544420261], [138.51155284449632, -34.81807168432144], [138.49554931559058, -34.842104423811605], [138.49712166482706, -34.85053799392961], [138.51080430314298, -34.84229045444305], [138.51616721420106, -34.810821494466595], [138.53082930114746, -34.8225594851476], [138.54573917949824, -34.81059620569039], [138.55848019657736, -34.825147436311156], [138.56620023533128, -34.8253804666335], [138.54671226938163, -34.80996346572678], [138.55578025857477, -34.79949246603723], [138.5269842868466, -34.73896246446099], [138.43042453647374, -34.66799261003407], [138.44578833491497, -34.653379460572125], [138.40843906401835, -34.60024653870552], [138.36431677231812, -34.57813503676512], [138.34439267825516, -34.53119883565778], [138.26563930388886, -34.476788182126974], [138.24698533127489, -34.40088363089511], [138.2252298067354, -34.36589446979944], [138.22303623026446, -34.31124840936452], [138.19240849732873, -34.27215941788996], [138.1462104249314, -34.26560446600632], [138.16753145277065, -34.24532143672637], [138.16570945444408, -34.22128241650088], [138.09372030069397, -34.13371746308572], [138.06819234425814, -34.14086147212311], [138.02935554574177, -34.22107246110469], [138.0075665481697, -34.238227440358784], [138.00151024778907, -34.26159243026982], [138.02174332328835, -34.28505643121191], [138.00710321193915, -34.349018421043134], [137.9175442315276, -34.42814247805027], [137.88759043177663, -34.50734840738911], [137.87581628853692, -34.59766944750247], [137.9076834524532, -34.615854488850836], [137.87681741437598, -34.668396477985745], [137.86503028004694, -34.77789740821715], [137.83170724339928, -34.81270545715045], [137.80007043480026, -34.87753244634036], [137.8050312520467, -34.912173436747], [137.7573114849551, -34.99655645544648], [137.76399740139237, -35.0405854559759], [137.72473724698796, -35.05372940456073], [137.75911647801152, -35.11434143624794], [137.697321436484, -35.14152341406436], [137.6778943881609, -35.16772844349064], [137.63750528468643, -35.168187441967945], [137.5548244709084, -35.117441388552194], [137.42284739333985, -35.09808139354204], [137.35227443282844, -35.13394639117909], [137.33458657408212, -35.16386446071935], [137.34781545198177, -35.162990371195924], [137.33489434381727, -35.16784444075513], [137.23774836977205, -35.16450139721766], [137.17399958626294, -35.237345405380225], [137.11143556616153, -35.24291739318727], [137.07669447269276, -35.22634345185575], [137.00235555497545, -35.22300543922133], [136.9415483217705, -35.283238387470234], [136.89975738846374, -35.285797426037306], [136.88273839049668, -35.30034836553864], [136.84857261701399, -35.28209239425045], [136.8223235332407, -35.24400243311668], [136.84643240008361, -35.228809433850344], [136.84574766216937, -35.19008738358922], [136.8883446554851, -35.18523836502606], [136.89761755544112, -35.156659405170714], [136.94113035978884, -35.12909745650883], [136.94179565088686, -35.10566035638769], [136.9610794389642, -35.08228843691443], [136.93029439668436, -35.029036425516296], [136.96824665202172, -35.00040040665905], [136.976392393752, -34.94122639657744], [137.01256049899646, -34.92046636771317], [137.0136214102452, -34.892965437580116], [137.09338334601418, -34.91993439055467], [137.2764865179402, -34.89388640694003], [137.3092522708615, -34.92781137833714], [137.34696231468874, -34.92978641972062], [137.37495225889487, -34.95373138089097], [137.44876560937232, -34.91030441333132], [137.4596145832078, -34.80761638309219], [137.50944756555603, -34.61794138375131], [137.5067482779346, -34.582001413425985], [137.4738244869744, -34.51128939176363], [137.48664445654597, -34.4816514120516], [137.48319637937615, -34.439261401657724], [137.46317642321216, -34.426658440838935], [137.4270324064532, -34.47258344979644], [137.4151563690254, -34.459579449278664], [137.44666429735142, -34.398025380050214], [137.47608745301636, -34.39244945110054], [137.50030644353646, -34.311986381489895], [137.49991155819347, -34.22649042093582], [137.44986365087533, -34.13550438851243], [137.5222805099218, -34.129237421150435], [137.56740385750652, -34.043597332287234], [137.5523304514158, -34.01441038154006], [137.52713257586237, -34.00437439053914], [137.63064732428043, -33.92180839388128], [137.62546728652086, -33.89514841351697], [137.60036558138464, -33.8767804124588], [137.72547866791265, -33.76990891649392], [137.75515192639602, -33.71420863726591], [137.85728398531916, -33.63130738064589], [137.87744198407262, -33.598108611209796], [137.9196665682339, -33.587316212773786], [137.9138045177113, -33.61290099271104], [137.90357670918428, -33.61447212232504], [137.90629975976645, -33.596433322314525], [137.8932377601466, -33.62559907199657], [137.91755441647132, -33.62496475293387], [137.93535951776377, -33.55266131315982], [137.9517890041193, -33.57328883393118], [137.977470481015, -33.55882051483861], [137.9711287530591, -33.53941277446633], [137.96298385366705, -33.550759844221986], [137.9394334674076, -33.54790427328744], [137.94907545790804, -33.51243043343383], [137.9066503086683, -33.43411847128307], [137.87050345620318, -33.39652646964431], [137.87550745731804, -33.36237244961683], [137.8909514447413, -33.36682746024177], [137.88125051859973, -33.32314441958501], [137.85183747286993, -33.32616643847129], [137.81128131228505, -33.26542345652224], [137.83798934143124, -33.207224417169876], [137.8529652890553, -33.20957558776066], [137.853608279653, -33.19682040770279], [137.907823582909, -33.17142745962984], [137.92549129998432, -33.17648240034689], [137.93999354881788, -33.15813645079057], [137.95831354554548, -33.16775142156499], [137.95437158685354, -33.15469943132697], [138.0008144411737, -33.13163540298786], [138.01186141695635, -33.178013523721], [138.02423589488842, -33.18187010423061], [138.03629666376813, -33.169485884623136], [138.0141003266174, -33.17807543380903], [138.0282993657689, -33.1549964342154], [138.0209254972038, -33.149017473887625], [138.04805145387644, -33.13582347486597], [138.0544155540761, -33.115082424981246], [138.02463721904198, -33.105766873752025], [138.04594989691546, -33.086686384464], [138.01879120379058, -33.0356075330667], [137.95208899535155, -33.00599657027187], [137.95663974602226, -32.98137729028852], [137.9123292695689, -32.85347269773606], [137.9008924653712, -32.77762742679862], [137.9215944826307, -32.77185242756165], [137.9168234740098, -32.759392427295495], [137.93665749069302, -32.76663143811129], [137.94446046003188, -32.75763342835524], [137.83757449910829, -32.69579041382588], [137.86002847615094, -32.68938042464643], [137.86765247640048, -32.66391342477308], [137.85361647972923, -32.64031041407875], [137.8309034833184, -32.63552243317568], [137.80370949879247, -32.60770842195275], [137.82210749760833, -32.57940641247109], [137.83027349574584, -32.59188243286568], [137.83454250601568, -32.575149422919644], [137.81855447921984, -32.55896042220105], [137.7844865144257, -32.55477442087216], [137.78389551584803, -32.5296354206848], [137.76635948870924, -32.52399741997992], [137.76965949915726, -32.50645541999045], [137.7573875016387, -32.49342140943815], [137.7702925204769, -32.47981141983973], [137.75728052365093, -32.45567441918635], [137.7651115232295, -32.44207641939484], [137.76111751428, -32.433207429184684], [137.75399052394314, -32.459215409084585], [137.76613852134844, -32.47479240964871], [137.75284051215468, -32.49620941928367], [137.76242950005977, -32.50934341973432], [137.75016050055436, -32.533850419428695], [137.76557751471228, -32.601482430457885], [137.75027762118947, -32.710075620586316], [137.75315981017224, -32.72122481076867], [137.78218547630786, -32.7135464218235], [137.8104134802723, -32.74866943313103], [137.796353500711, -32.77920542279298], [137.8114684649433, -32.845128433800824], [137.79260950634483, -32.871041413248825], [137.79915249416229, -32.89364742364601], [137.79002449433247, -32.915701413440935], [137.7586854993987, -32.90793241219602], [137.7501344899055, -32.92219242196363], [137.78651874033122, -32.999901683854695], [137.72127533054868, -32.99049804131237], [137.69150316662646, -32.959546319985115], [137.641425644298, -32.955304508071755], [137.5952050088984, -32.99853715662107], [137.5997494770346, -33.02107524693701], [137.58574347907074, -33.02207237642035], [137.5969866766534, -33.03613638693136], [137.5529684920732, -33.0580454054324], [137.5360306626784, -33.09480442504102], [137.4519866133896, -33.130687832168434], [137.43406920091766, -33.23007455215145], [137.39369366389784, -33.2898765010583], [137.3744417866551, -33.29271253037411], [137.38453381483362, -33.29849351077931], [137.3855928208585, -33.372152271291306], [137.36052885118505, -33.43915215080765], [137.31462149648405, -33.471515109348545], [137.27884032711714, -33.56500150865362], [137.21331359220272, -33.661068506912514], [137.1685157275764, -33.690280805499455], [137.06974134230046, -33.698729862057306], [136.99168198298017, -33.72477961948916], [136.8572259200259, -33.798373015307035], [136.79963662866302, -33.80331656337054], [136.7784913105747, -33.8309986728265], [136.7304678977975, -33.83496416122558], [136.66836965528535, -33.87867540941322], [136.59269155600103, -33.899548377021866], [136.57220249805732, -33.92302434649072], [136.57475778668913, -33.943424366703624], [136.49748558635912, -33.99260136446709], [136.43475702522517, -34.0115812325382], [136.36314366368865, -34.06933536058213], [136.34669563485534, -34.099482390241356], [136.35685880218514, -34.122744420713694], [136.33138556499136, -34.14811236005347], [136.3243972345321, -34.18158883003828], [136.27801398999216, -34.220821408800354], [136.2605807905687, -34.26769041853728], [136.23359159350701, -34.29612239785753], [136.1878490389413, -34.33482606665313], [136.13854582643293, -34.341127345144734], [136.1122522497559, -34.359370234436795], [136.10378783004455, -34.382514384316536], [136.13015568475848, -34.407097095291384], [136.09180845980933, -34.42955818423512], [136.11669513604213, -34.425725114986456], [136.12177663334145, -34.467407015403005], [136.10992489472062, -34.47842008510139], [136.11252639260718, -34.51580307541359], [136.09218089461797, -34.54272025494622], [136.09128869575395, -34.52082717478328], [136.07323272928656, -34.506189124132106], [136.08290748824342, -34.495292104365056], [136.05633360319825, -34.4790061034406], [136.02502806794072, -34.48403409250502], [136.02181040700646, -34.51619221260445], [136.00831350953123, -34.507735122136936], [135.99315076145655, -34.518546261737995], [135.97413484509858, -34.50468510106985], [135.93231779068574, -34.52850760994098], [135.93483478959922, -34.54394880011272], [135.9021348426511, -34.59257053941918], [135.91389469994462, -34.61129536989098], [135.9334302668932, -34.609812690475565], [135.9374204045098, -34.6490061908381], [135.91314370965586, -34.6204984199248], [135.8911521733783, -34.61571878922906], [135.86177281728132, -34.63356094845173], [135.85396981712606, -34.66536736841211], [135.85386556493165, -34.715483258716525], [135.88486942954472, -34.72492201970976], [135.87006255105527, -34.744416349382085], [135.89141664731787, -34.751433390070396], [135.86472778079406, -34.76965253937584], [135.8634558316531, -34.75485941924684], [135.84638113448153, -34.75286829872053], [135.78573905174238, -34.80931636725006], [135.83438022349074, -34.81899414876478], [135.89350127457516, -34.80558490046531], [135.95640411663504, -34.75713433208113], [135.96087212472122, -34.783802542381196], [135.9806100015146, -34.784604152990134], [135.9912676713471, -34.75033439310671], [135.97925096416702, -34.730487672616405], [136.0065387595478, -34.735925263487346], [136.0143397173675, -34.75650028385372], [136.00193483796983, -34.787248743660825], [136.0157907454295, -34.79420252412977], [135.993530087491, -34.82777684365113], [135.95996049195685, -34.84858738275028], [135.99317070293225, -34.9298832242651], [135.9872999325779, -34.95866728426081], [136.00453175880799, -34.98032902492256], [135.94734754693042, -35.00547444332392], [135.94707544832093, -34.97559322313327], [135.931676461029, -34.970790552634526], [135.92888439249168, -34.9482814724121], [135.8677556336393, -34.91988081038606], [135.8560696451986, -34.927274130078835], [135.85376277737467, -34.88663576976117], [135.79209760845282, -34.860942227755324], [135.71271869106926, -34.86508781542449], [135.70574548042916, -34.90572273546664], [135.6792197243684, -34.91369240473452], [135.68588368194133, -34.944842385120126], [135.61883435280504, -34.94445213315564], [135.6240515935981, -34.90634529307564], [135.60451007794026, -34.87865312233833], [135.49590026951097, -34.782569448622354], [135.474348224587, -34.744094387772556], [135.37970600213606, -34.68710367474738], [135.32502945093069, -34.6863618432135], [135.32938149092703, -34.66936955323111], [135.34728240819612, -34.66603211371035], [135.34169451060126, -34.62909481332876], [135.29710969878482, -34.603158461929766], [135.25243760798858, -34.55185683038192], [135.2252496026556, -34.543604329584426], [135.20881577467622, -34.55861984922609], [135.173735080418, -34.55498850824704], [135.14989942367134, -34.56887008768457], [135.1435056437835, -34.591824467651385], [135.1092049494065, -34.58822008670317], [135.1253526972883, -34.576519637067264], [135.1389900080039, -34.503282596988775], [135.2063272802303, -34.42929345836718], [135.2173853183135, -34.433339308694435], [135.22139228507015, -34.498615969203684], [135.3539074130241, -34.52204933301545], [135.31625642907798, -34.52064513195695], [135.29759354076972, -34.55228087163226], [135.35469541052865, -34.5800539733924], [135.361630367756, -34.62072228383508], [135.39114711294252, -34.62302067467762], [135.40220395074724, -34.63338855505228], [135.37430521539787, -34.62880110423974], [135.37686718449794, -34.64073218438454], [135.36576428621922, -34.64207742408135], [135.43827959496798, -34.633619746073], [135.45153668364662, -34.61439134633138], [135.47403092970154, -34.622805367022465], [135.51690105329985, -34.61206489818168], [135.50804728543, -34.5949719578234], [135.4580777337635, -34.586425936346004], [135.443144715562, -34.600543356008586], [135.47297342012763, -34.616635856954595], [135.43170181727064, -34.60341862570204], [135.4440388966847, -34.570013085847066], [135.43575010918119, -34.54162899543838], [135.4457920977654, -34.537174755695645], [135.42866619089875, -34.52737398515058], [135.41035618334365, -34.53882045470355], [135.40509332548228, -34.50722125436159], [135.40125225501905, -34.533357574413486], [135.39145130655373, -34.53401077414162], [135.42219814104305, -34.54884333509924], [135.4063921433077, -34.55503467469105], [135.41364502079813, -34.587838875096395], [135.3963491333445, -34.59306327464083], [135.4221629088605, -34.60181880542249], [135.3892431643975, -34.595051424453054], [135.39833119456742, -34.55565684446775], [135.37687335961456, -34.515992843621724], [135.3953233375828, -34.49393331400501], [135.38836717084763, -34.44126111348636], [135.358942006439, -34.41868963252272], [135.36560486675617, -34.38498032250226], [135.34986474991518, -34.36860465196143], [135.35984768933403, -34.34403723208955], [135.34950976366972, -34.27746209139109], [135.30351984467904, -34.18407434953611], [135.28003789892185, -34.17028923880127], [135.2678869105525, -34.17726954850893], [135.24124453581913, -34.15011703760849], [135.27948522102903, -34.11972416847414], [135.2715585162606, -34.01957707763679], [135.1940348722876, -33.91978735489455], [135.18287773563014, -33.87871236433655], [135.16175474895942, -33.87750229375566], [135.01753086670456, -33.73719131902265], [134.8789247412194, -33.65389432487769], [134.88435535091116, -33.639615544929725], [134.8607698943838, -33.643965794346975], [134.82967642985946, -33.62529602343102], [134.84270206799775, -33.62138390374147], [134.8404917793846, -33.592886813507796], [134.8634093975662, -33.54657770381055], [134.8464855540155, -33.44148598272082], [134.8020553248961, -33.3287681008798], [134.76069108190111, -33.30903240970445], [134.7367821267971, -33.27383558888005], [134.69662958326398, -33.26346590780513], [134.65830163013823, -33.23357016666079], [134.69850772445815, -33.22181685759234], [134.71910449104578, -33.22997071816069], [134.70413274521735, -33.17643079744998], [134.63242591656686, -33.16218425557219], [134.59515916301814, -33.13877648450506], [134.55835855779918, -33.161332973742255], [134.57636994410373, -33.18930181435831], [134.59819205054694, -33.196542544940364], [134.64076105458582, -33.18270523590715], [134.64745215312755, -33.19537619615247], [134.62315564671903, -33.19788736556541], [134.63122575494074, -33.21373735586424], [134.6637843696776, -33.22306311673186], [134.642479792863, -33.22432327620955], [134.6308462938957, -33.245149396050735], [134.5957681606749, -33.20340360492342], [134.4508925346232, -33.14464322103237], [134.41547103983729, -33.14884908021048], [134.38855787295125, -33.17733104974702], [134.3688931759773, -33.175884979271714], [134.3584822492417, -33.12532684871076], [134.29257432083037, -33.07590594685537], [134.29969051063702, -33.04920274685515], [134.27554875507593, -33.024769466139986], [134.26402095657116, -33.032110815917875], [134.28174652330077, -33.05042328644416], [134.26100923568447, -33.073077906103215], [134.2787893318744, -33.10741736673026], [134.29235067945928, -33.11855094711569], [134.31260241661622, -33.11199668754844], [134.35847786847617, -33.14828386885361], [134.34494327009236, -33.16122185861477], [134.35279207903395, -33.15734486877575], [134.3513416481543, -33.19028696894649], [134.32744115148188, -33.199121918438635], [134.2602325831957, -33.15261696658011], [134.2617570047493, -33.0981888962769], [134.23103533115298, -33.043967805228355], [134.19204610731236, -33.03515295427711], [134.16808967025688, -33.05580970385814], [134.1392097757599, -33.019876322977694], [134.2015132568387, -33.00569564431066], [134.2052789972033, -32.97689238421755], [134.18909096074825, -32.94235555363108], [134.15733808608792, -32.924407142794585], [134.1411922078765, -32.94425365255158], [134.11918924212156, -32.91458361186855], [134.08090939748547, -32.92650325108138], [134.0605384911249, -32.907920300509666], [134.07865438868686, -32.899105930860046], [134.07153543023486, -32.883800830605175], [134.1168682039439, -32.868094071526116], [134.13850606160906, -32.83970141183821], [134.11988931612598, -32.78493960107484], [134.06166174662008, -32.72710665940581], [134.06415973661333, -32.715429439388544], [134.1742910301524, -32.717933491889966], [134.21452865376594, -32.73043037288938], [134.152822243154, -32.72396279143909], [134.2001427653853, -32.74667779266104], [134.18925182625452, -32.77016635255876], [134.20404070319125, -32.796891643064775], [134.23098346968675, -32.78094603358453], [134.24095840926398, -32.74804241360856], [134.289709953711, -32.69573430441123], [134.2943149841284, -32.661941284306344], [134.2793961567884, -32.648193383872666], [134.26635029113132, -32.5737953531021], [134.18392345622127, -32.48256894063162], [134.13212069467852, -32.45635793928987], [134.09218904050982, -32.45785515840003], [134.09721216980105, -32.456870368506586], [134.10284462918355, -32.45010249859056], [134.08104114222846, -32.45536822813457], [134.0823571817171, -32.46556427822815], [134.08122612214117, -32.45729621815083], [134.06288326488738, -32.45582130773161], [134.06193123539308, -32.444040227636286], [134.05868427596926, -32.440865227543924], [134.05541025645496, -32.440736237470155], [134.06193229501233, -32.45630731771347], [134.0862241409852, -32.47077228834755], [134.0369855385772, -32.459799487180284], [133.99508091399287, -32.48443697640854], [133.99157202386957, -32.50533921646251], [133.92274719434187, -32.49483612489194], [133.89370338723097, -32.54120533455368], [133.86106041233333, -32.531898743792745], [133.84900848382108, -32.54171212359593], [133.86682635544724, -32.399172123084114], [133.88968594212756, -32.397861173567755], [133.89719370097345, -32.39956030374047], [133.88902014181681, -32.41149584363904], [133.89514871096767, -32.40976882376042], [133.90558723932418, -32.41339795400882], [133.887454261699, -32.42311239367821], [133.91932499685504, -32.42830446440009], [133.9469379333009, -32.41156371489557], [133.9510938233895, -32.388499454841266], [133.93271691634902, -32.37986552438659], [133.86936789861002, -32.280491362392496], [133.81818022707543, -32.24722042108974], [133.82141507699336, -32.233956351075], [133.80602222932274, -32.23115138073056], [133.80834931863225, -32.24310146085514], [133.76973886366758, -32.26381276016979], [133.7567336172529, -32.20583244953173], [133.7149399936605, -32.194978588590196], [133.67912138866393, -32.20262883789587], [133.69453299766724, -32.158954457939835], [133.67472105101695, -32.1426242674275], [133.64272636561702, -32.144562736781886], [133.668128102116, -32.13770954726065], [133.67160187248362, -32.107039337139085], [133.60913611217617, -32.08506172572152], [133.57968663605772, -32.09917496521309], [133.57249077658707, -32.11768811518419], [133.58469086416247, -32.14097813557729], [133.55346525791154, -32.169568485126916], [133.52211344287346, -32.15528762440876], [133.5253052631781, -32.12742549429747], [133.5047785057654, -32.14191370397909], [133.51903839364581, -32.14351961427343], [133.51131251450113, -32.15329369418072], [133.49679463668903, -32.150595783874856], [133.5029344463317, -32.13107266387429], [133.48315060934087, -32.12627877345144], [133.48948744887028, -32.10980667347356], [133.472798561561, -32.1000937430821], [133.4510558043795, -32.112643942732255], [133.45146095368625, -32.13599403288684], [133.43809600598243, -32.123026082542864], [133.39511847173597, -32.14156447182006], [133.3923405616631, -32.15934758187761], [133.41176048833833, -32.177738482370955], [133.46431705082995, -32.172144083367044], [133.4918119561795, -32.19560201405841], [133.48773705648597, -32.20609408404335], [133.44624817329023, -32.17850625305111], [133.4256204561303, -32.18467441268523], [133.42350049608007, -32.19795948272705], [133.3897927509379, -32.200192822084134], [133.3228001512515, -32.17986171066567], [133.27824646765262, -32.18351641984052], [133.25320065059344, -32.21085625953851], [133.2300368344948, -32.19083017897818], [133.16467038456318, -32.17003853763284], [133.14662547707272, -32.17482082733046], [133.14754345643865, -32.194503147470265], [133.1257645992564, -32.20876962716001], [133.13814054830905, -32.174863917174946], [133.08835024676915, -32.12700727596818], [133.00663047973603, -32.08338722422905], [132.97957687310486, -32.10649960389417], [132.98157867341115, -32.08198553377646], [132.9636426464245, -32.06522482335568], [132.8264952783057, -31.981552250462048], [132.74659657061295, -31.94932781891698], [132.66058933287638, -31.957171017549854], [132.59521203283916, -31.934313876352206], [132.52853012245785, -31.93533285530118], [132.4784552694654, -31.946271264587676], [132.4464253535826, -31.970711294245234], [132.43793436417363, -32.00097196430285], [132.47324043843344, -32.03007777502762], [132.41545981747825, -31.998792283945814], [132.3839232016987, -32.01572899357249], [132.34319592763413, -32.014484572953215], [132.33520490849426, -32.02907487292448], [132.20062230807258, -32.027266680947264], [132.15118645572292, -32.00302130009465], [132.11278365237862, -31.946529409206704], [132.07300544868238, -31.917726738477505], [131.75858532752133, -31.720246243142117], [131.4421846151802, -31.57181129851712], [131.14864512852216, -31.463640114796632], [131.08180669767142, -31.490884284320817], [131.02640627496703, -31.537612544088898], [130.80614067560984, -31.605616292570655], [130.56793159988547, -31.585719260590153], [130.48881260112756, -31.593030240070995], [130.2750714818598, -31.57364848856464], [130.1521957094031, -31.576524217872464], [129.527792668526, -31.62267041554255], [129.04461876773755, -31.675655894984732], [128.89637064903332, -31.717028945161786], [128.64234363577646, -31.850920866051563], [128.24754838347698, -32.00181444763296], [128.02238049663646, -32.073965708746925], [127.70571410333709, -32.13668809045162], [127.58538512125439, -32.175038871294156], [127.51882646132988, -32.21410981188868], [127.22932033446182, -32.274473284064136], [126.93928089747143, -32.298632846393986], [126.77258758197938, -32.292327507781344], [126.67279768690084, -32.30835679878046], [126.42203429355047, -32.28407042111572], [126.20314846500108, -32.23226300320389], [126.16069827133221, -32.2377245037195], [126.08118073364471, -32.275106014857386], [126.03706137003637, -32.268577285348165], [125.96121022151517, -32.28642975637329], [125.8012346465487, -32.36671098885109], [125.53206886995108, -32.54921789351974], [125.3152812434756, -32.60790091701334], [125.10242440765342, -32.7153843109066], [125.02619508938822, -32.72884530221098], [124.99308586513385, -32.76268600293655], [124.92805678563771, -32.79414702418542], [124.89458768158525, -32.832817744956124], [124.81404883468088, -32.87284904654373], [124.74100971636847, -32.900130147958315], [124.39358270012649, -32.94906466456224], [124.23866478545122, -33.017577107919166], [124.15431666045494, -33.09604882000616], [124.10119829082223, -33.176140171496435], [123.99800986389148, -33.42636140491591], [123.97602964118046, -33.558592686059704], [123.93074037903138, -33.58664421714786], [123.87508113803372, -33.599004148381916], [123.86683143990963, -33.618724478658734], [123.87772139865503, -33.633164618503336], [123.81024284010222, -33.66475537010182], [123.77442685670223, -33.69817251104397], [123.74750285297813, -33.76531660197232], [123.76416317130338, -33.795226531766225], [123.65630309979645, -33.84693599438529], [123.63914357343828, -33.876986614918394], [123.57338445409262, -33.88771765643666], [123.55303501857911, -33.927778347098226], [123.52765525301693, -33.94166872774099], [123.51209534548956, -33.942508848097134], [123.50801511546466, -33.922088658085215], [123.47402505027952, -33.90616868877676], [123.37145542603038, -33.89587915108654], [123.33029588325716, -33.918769562163725], [123.2869067321445, -33.97986024349467], [123.16307754290565, -34.01662120663604], [123.1519974944422, -34.010621196873224], [123.17215732053404, -33.98952084627988], [123.14846729380093, -33.97628084678468], [123.16244719133314, -33.968550696407725], [123.16107705076189, -33.94592049632605], [123.1338971435814, -33.90436000677303], [123.08312719038896, -33.87151991784377], [123.02272732932076, -33.85663035925474], [123.00226769355358, -33.885500659907954], [122.97906781725743, -33.88740084049461], [122.97589790828847, -33.902300980648974], [122.97001789877018, -33.89003089073362], [122.93509817410109, -33.88609093158791], [122.82939865154137, -33.90996171438603], [122.81268865340311, -33.88937159470993], [122.7738287890605, -33.87772165565043], [122.74776896381586, -33.89581193641517], [122.61869951392976, -33.89282250977918], [122.58165983063199, -33.91630273087963], [122.59736982896882, -33.93726284056718], [122.57154009394912, -33.961403101374955], [122.57504997289608, -33.94832299121599], [122.5575800151885, -33.93660293162327], [122.53606008851378, -33.93525298219229], [122.50967030335828, -33.95340315299179], [122.50073021410608, -33.93649306314802], [122.44444036226317, -33.91921321458557], [122.36421074461734, -33.91350362675243], [122.34931086728339, -33.92182376720464], [122.35416090697052, -33.933103867127066], [122.32629105117478, -33.92889390787626], [122.27451150052443, -33.95946441946796], [122.2773215317421, -34.00073495959465], [122.24944173628228, -34.00458515039309], [122.2270311791351, -33.9879950309396], [122.21154153241139, -34.00871533147829], [122.19780158423008, -34.00029526182404], [122.19326182563157, -34.01717547203592], [122.16531245942616, -34.002425202754075], [122.11358273816941, -34.017185774300344], [122.11253240764077, -34.00035560424711], [122.09330257076651, -34.00282583480998], [122.11899210578764, -33.9800153539618], [122.08539166787392, -33.90278483454165], [122.00101170801808, -33.82928496661624], [121.9151121118107, -33.838244919174805], [121.89398204618303, -33.863505059922886], [121.90810601414368, -33.867494159525826], [121.90049193582173, -33.87898522980715], [121.82928237738497, -33.88886549196794], [121.78988348441975, -33.90903543324505], [121.69509394717346, -33.861196395870294], [121.67669353013268, -33.86310463643946], [121.64469420667582, -33.89816492758852], [121.62767604806642, -33.86929640796807], [121.54659429889946, -33.82797593026608], [121.50484618593399, -33.83958715162156], [121.46774212097237, -33.82284533269991], [121.435533975871, -33.820066413698314], [121.42856123741784, -33.83021739396762], [121.36373604685753, -33.815438985947495], [121.34946089976007, -33.83023837647408], [121.29900253739207, -33.825031258061344], [121.29634902850391, -33.840185368220325], [121.26850190333563, -33.850697369166454], [121.19870599394498, -33.84456728139399], [121.17714511885575, -33.87759441225598], [121.09984531955725, -33.84849491464584], [121.0794360933959, -33.86228640538528], [121.01392389355922, -33.86093295754938], [121.00793114505947, -33.87273501780594], [120.86854595602252, -33.85624642240865], [120.81348395639839, -33.89263640445631], [120.59348200044228, -33.88623226203425], [120.55338003756071, -33.903157393524225], [120.55838787795518, -33.926399133459036], [120.43658009933812, -33.97186798799402], [120.23107526943716, -33.93239240523388], [120.17673560805856, -33.934811137239286], [120.12660224694227, -33.954473429182904], [120.0421780884715, -33.92335434217642], [119.99137867708352, -33.93588474413977], [119.98419083921937, -33.95458221449818], [119.94440541670781, -33.977873186107836], [119.85076362091775, -33.96982281962696], [119.81638007704875, -33.983462411006265], [119.73385987427021, -34.06072807454441], [119.65030882889917, -34.08768293791526], [119.63436279222641, -34.10225324860574], [119.6402796918815, -34.11261622842277], [119.59747209985653, -34.13457303020049], [119.57853305428972, -34.1601320710629], [119.58783482343304, -34.17083264074706], [119.53492567465865, -34.22136883306465], [119.50373220341044, -34.28800100460622], [119.48211975634118, -34.27951433542414], [119.45712992084543, -34.289061626461645], [119.50321711362622, -34.29033603463739], [119.50745794691109, -34.3591139647866], [119.54185028281366, -34.3828206435369], [119.5698980480035, -34.37661128240375], [119.57628809759221, -34.38716740220127], [119.50272882067766, -34.41145947521484], [119.47811866405212, -34.402146896147876], [119.49247853124403, -34.39303240553621], [119.48252217179694, -34.37521433584915], [119.41574437228519, -34.37327510850008], [119.39868464578429, -34.386859499244984], [119.40799681482645, -34.395809458913384], [119.39085228892802, -34.4194320397082], [119.40324235736831, -34.426472989244346], [119.40242713901465, -34.452486549396255], [119.4186282068091, -34.45890733877789], [119.39020037137557, -34.459581889918375], [119.38215288416382, -34.48535130035899], [119.35574386774826, -34.47469147137072], [119.36620056536641, -34.46246924089449], [119.3464022675655, -34.4462102716162], [119.28986140690299, -34.45196653392538], [119.27115173089094, -34.469047884761764], [119.28860208955115, -34.493421964165755], [119.28485748130947, -34.51307134440711], [119.2788707128827, -34.52351946469736], [119.25781872596602, -34.51885655553032], [119.25450003742871, -34.534586755736846], [119.22225517238209, -34.53131814703437], [119.23937082874959, -34.516163756268135], [119.2178937110917, -34.49794782706022], [119.18072193629621, -34.48587520852448], [119.1522403413505, -34.494496979731736], [119.11751372541868, -34.470106551049575], [119.06911984244026, -34.45879900299787], [118.96091498919587, -34.45126387747069], [118.91180107771775, -34.462864569585186], [118.90096868027405, -34.47642684010267], [118.91417820981232, -34.50316403966741], [118.81160881654358, -34.509459174033225], [118.75536159775746, -34.54555945659295], [118.73964105201576, -34.573550607391056], [118.74545097234513, -34.59365588723275], [118.7817192275039, -34.60898750575317], [118.72239545999581, -34.65687967850344], [118.66609224970377, -34.6677873409721], [118.64520779453241, -34.691207821977706], [118.6200849282684, -34.68658604304325], [118.5198478363161, -34.71743775754075], [118.44015412190393, -34.760743041229325], [118.40043873238497, -34.82384038326079], [118.39708562635917, -34.876631073642244], [118.4224166225825, -34.881445812545145], [118.42775796284212, -34.89873099238602], [118.40261114732279, -34.90514736352393], [118.40343531794103, -34.916690513538455], [118.33917127741253, -34.90267683632408], [118.33404915750295, -34.89142380650222], [118.29970145439177, -34.91184425812187], [118.22366503720812, -34.919844121561034], [118.21100987085116, -34.9439355122356], [118.17533360636547, -34.94007988382602], [118.17256821865405, -34.96773226407192], [118.21071035321539, -34.978831002402025], [118.1946562687612, -35.02310864331835], [118.1674637713125, -34.995215604422626], [118.10876879019888, -34.98588844703945], [118.0348115145083, -35.02041259055916], [117.96188555583693, -35.01311614387197], [117.94881252719084, -35.00187509442504], [117.97972032143971, -34.99091571295538], [117.98146972770549, -34.94001006265334], [117.97693894925132, -34.95201027291381], [117.94894108320965, -34.94363670416579], [117.93939749762431, -34.985840964789304], [117.94868945695785, -34.99815804441455], [117.91868989307329, -35.01656450587854], [117.91954745424546, -35.035771515922285], [117.85960676335452, -35.02684253865986], [117.84825764648043, -35.04555552926825], [117.91051465903219, -35.084352446550284], [117.92786449542861, -35.0728711956992], [117.91040362694372, -35.05354905642193], [117.92036425446018, -35.040856835906624], [117.9389362927044, -35.0592989351296], [117.94360362415263, -35.09165032505477], [118.00093142453815, -35.087313922401], [118.02084367273878, -35.108537081581204], [117.97581365940326, -35.09881117360368], [117.95019702555854, -35.12798069490848], [117.9408738661685, -35.1146856052804], [117.89881820361042, -35.12343393726039], [117.76216229106625, -35.05450111332491], [117.68560658270715, -35.04333212687565], [117.64461224066842, -35.062108778893744], [117.65140051108254, -35.08375799866561], [117.62842792685299, -35.11282874987845], [117.63970584653775, -35.134467919437036], [117.61124629108721, -35.13332387078148], [117.60559959073709, -35.11529406097226], [117.54864357767865, -35.0825219635439], [117.51436876268075, -35.07459998514874], [117.48527038842202, -35.088956056605376], [117.47914126832227, -35.07355516683377], [117.39748844859231, -35.031964240592096], [117.3330793084431, -35.02391486368262], [117.39571366646062, -34.99812804053324], [117.42849190283272, -35.021605969049794], [117.46577690671977, -35.02053037724902], [117.45156869827458, -35.01005259788789], [117.4795735325689, -34.99351487646998], [117.45520996462095, -34.96694397752773], [117.42907433020483, -34.98605750886944], [117.36916586870215, -34.96947358169685], [117.35476403271792, -34.99303632249665], [117.33423723608416, -34.99369844349725], [117.32643831904751, -35.01737385397788], [117.3370413885717, -35.03462589353561], [117.32607756101325, -35.043883114108574], [117.27213359810074, -35.021061106643366], [117.24761016266629, -35.02931016787914], [117.19525216025097, -35.01709025039896], [117.16472411590748, -35.02694463194567], [117.15047985073429, -35.06146624279565], [117.09795748711089, -35.0324205452736], [117.07086179192657, -35.03829196664492], [117.03351378699342, -35.02505254844982], [117.01893598012236, -35.035498339221974], [116.9568548589662, -35.019350092263814], [116.92123878807352, -35.06433592424505], [116.88456217277555, -35.047795696025666], [116.8619976570858, -35.05660826720393], [116.76828423908975, -35.01470720179018], [116.74193208393427, -35.02249246316871], [116.74541791449633, -35.03738783305302], [116.70720855003268, -35.02894291497357], [116.62973899497061, -35.06068926909071], [116.62986845385086, -35.04628709902386], [116.61032325601562, -35.03326725997863], [116.57230570213727, -35.03300489194512], [116.57485654106323, -35.02436175177682], [116.5328579663133, -35.00442507387391], [116.48167471547457, -35.016142956589846], [116.43634460953086, -34.9740331487858], [116.25073997173993, -34.87604117817891], [116.13705562749854, -34.84473093412388], [116.00193491893879, -34.842290601404464], [116.00267516643441, -34.81237908124091], [115.96042890919242, -34.76240061332989], [115.95381196748394, -34.72781255354726], [115.73514876647253, -34.53238065474993], [115.57787309230392, -34.42207421305943], [115.5408701282049, -34.42307407514074], [115.52140931917455, -34.3975653361306], [115.34671197989009, -34.31652715569721], [115.26257445224358, -34.3067797704708], [115.16908282812346, -34.32180023591527], [115.16530050699983, -34.30136300605049], [115.20195500928364, -34.27762249383807], [115.16912610457166, -34.27954077574042], [115.17505370247727, -34.26559560534109], [115.15605319624713, -34.275176816478314], [115.1604344372059, -34.29475597630481], [115.14385861935189, -34.28946906724211], [115.16008447753295, -34.29800103633827], [115.16468281889793, -34.32282631617368], [115.17298780761007, -34.32296218569443], [115.16638701148283, -34.35678268621353], [115.13337283824711, -34.37569761820022], [115.11914889754613, -34.340933678883076], [115.02376111502225, -34.25301565407537], [115.03931817826177, -34.20174166295892], [114.991100837015, -34.098408715355404], [115.00415082355819, -34.08143570452255], [115.0008060684989, -34.01538370444847], [114.97988850717253, -33.961414785452675], [114.99223798284442, -33.93265927461153], [114.97596054957631, -33.86416998528465], [114.99399030548622, -33.84846867416374], [115.00011200998276, -33.79415813358221], [114.97534441566248, -33.697615224636344], [114.99049716323431, -33.69623208374228], [114.9947929603273, -33.66936969337987], [115.01940687549738, -33.65648171188602], [115.0283230521864, -33.633113171268235], [115.00367813740841, -33.531065622288004], [115.03153096340573, -33.53371064066946], [115.08884657758296, -33.56827573746983], [115.12326526696387, -33.62387097569965], [115.20672064649719, -33.65102699098213], [115.29998456258727, -33.6548026856344], [115.3672531310691, -33.63937790172401], [115.42755133935285, -33.60828980816231], [115.57366033471354, -33.45374982925819], [115.63582897376938, -33.30874671515788], [115.64615884159682, -33.30097347454704], [115.63980816396115, -33.31871673497757], [115.66627096023892, -33.3220726135129], [115.65759815121719, -33.31792256397965], [115.68103246430995, -33.275241862490056], [115.68776356015447, -33.108614341404156], [115.60825799719406, -32.66670553395724], [115.62782205905964, -32.5995345425695], [115.71039117081703, -32.52045850761014], [115.71761960264517, -32.557595867368306], [115.67110926081753, -32.57516168004022], [115.67285663202222, -32.593887880023544], [115.64101629860961, -32.61849160191174], [115.67260873253893, -32.728064470616786], [115.71244191132712, -32.787706868651384], [115.71331262003918, -32.77285402853884], [115.72588065887729, -32.78173171787735], [115.7268460465208, -32.75333315770112], [115.71024686803236, -32.741344198573756], [115.6663640446769, -32.61571527048092], [115.70413614132191, -32.64373810849279], [115.72423000744932, -32.63186672732179], [115.74702717522719, -32.64632558611617], [115.77371688049993, -32.63588711458894], [115.77751090688028, -32.596329664206976], [115.76289904858955, -32.59075676499366], [115.7553147476892, -32.56480248530231], [115.71852874304018, -32.564392937347115], [115.72094225980021, -32.527213447051444], [115.71175124069052, -32.52138752753834], [115.73791074536126, -32.50192592599699], [115.75019886874662, -32.43960614504266], [115.74390261686989, -32.40347688523555], [115.71286910880158, -32.370160896818874], [115.73612789482522, -32.362404715489276], [115.74335036154935, -32.33355431496159], [115.73068610158597, -32.31025726556493], [115.70156516541735, -32.305262657166786], [115.70198177358823, -32.282399567043875], [115.68475760480764, -32.26596760793425], [115.73671385758001, -32.269654655052086], [115.7560702032688, -32.250019403889425], [115.75570772129178, -32.223652163794284], [115.77457726627414, -32.19379366261514], [115.76539145343624, -32.13959798288795], [115.7373504071122, -32.13493856442744], [115.75595832402055, -32.12953528336823], [115.76276601148696, -32.10927998290092], [115.74758367993788, -32.060690653532156], [115.73224737175117, -32.055664744364144], [115.76031761656596, -32.040527602735224], [115.76192066527248, -32.02664464258508], [115.77752572318207, -32.02853593172626], [115.78671529052058, -32.01094364113871], [115.81436352794442, -32.02905444968559], [115.84643012126863, -32.00170604779133], [115.86082349255427, -32.04570690719045], [115.88336431768896, -32.02419686585274], [115.90163972532535, -32.027558614861405], [115.88939488631789, -32.01751361549109], [115.85726346195877, -32.03117012732289], [115.84509362868401, -31.965213617704233], [115.86377651672997, -31.974643636714152], [115.8837396434517, -31.969053635588686], [115.89110881188716, -31.962309595152966], [115.88593453097704, -31.940542645341786], [115.89874114014152, -31.953662044694564], [115.91484303765127, -31.95115392379779], [115.91900294653556, -31.944256843538636], [115.91013085717674, -31.93597963398975], [115.93631766306258, -31.931009552529083], [115.94126250155543, -31.920387462210694], [115.95141943030694, -31.923054381665462], [115.95609627915104, -31.916571321380392], [115.95944427852497, -31.914601291188184], [115.96393925753777, -31.910007240921587], [115.96447423734186, -31.90841822088524], [115.96273825775864, -31.910665250990295], [115.96533139691246, -31.904337580820204], [115.95864693718677, -31.89531914114641], [115.97403387487195, -31.893708910296606], [115.95810392725359, -31.89517814117554], [115.95069742036094, -31.92240340170216], [115.94117249152067, -31.91975646221284], [115.90890981726437, -31.934832874051846], [115.91408299769579, -31.950306943835823], [115.88473598098318, -31.938365095398215], [115.88337964334278, -31.966938645599168], [115.84251964889776, -31.96318762783755], [115.80414688741173, -32.00290761013652], [115.77380287070518, -31.98919565176001], [115.77979445211635, -32.0188538115577], [115.75579457606352, -32.02551759292083], [115.75839665671377, -32.03886458283474], [115.73696426085205, -32.05276365408864], [115.72438443275387, -32.054042814795295], [115.75084276652507, -32.022287583182134], [115.75168145309188, -31.848334412369596], [115.73156822403638, -31.823294463379632], [115.73669432356056, -31.826595223108455], [115.74087599280088, -31.824428562865887], [115.72745399330192, -31.806052253532986], [115.72963763991203, -31.765757613233315], [115.68579361754419, -31.653695635187507], [115.57980963037642, -31.496310670447425], [115.53913420929435, -31.408276922356762], [115.44110433287358, -31.27778271734937], [115.38323700877932, -31.121387269964444], [115.32643764934551, -31.027842672811026], [115.31281967696842, -30.97313386335231], [115.21980172875448, -30.832672638106292], [115.18971617224061, -30.824844079818916], [115.18326960898315, -30.77187465995864], [115.1036128056744, -30.591534743805266], [115.08767380679078, -30.578351734680123], [115.09419372355879, -30.548261654164225], [115.05396470558487, -30.50506265633195], [115.07120668115546, -30.478045645199224], [115.05058260971582, -30.42432563617104], [115.04201065409285, -30.33780061628906], [115.0204757953381, -30.31702465746406], [115.03971717130813, -30.298263176247392], [115.04108474876051, -30.267978626031564], [115.02750714813882, -30.236918506691925], [114.9943088421053, -30.231275648624294], [115.0017817333672, -30.13219966773995], [114.98404915155847, -30.079073348549205], [114.9630475237865, -30.072145659760285], [114.95485678304217, -30.04883764014081], [114.98275280861674, -29.911010637871374], [114.95795943415996, -29.68369049831479], [114.99757961430639, -29.49353434510902], [114.95635053217057, -29.397391827114], [114.95425805894236, -29.35217149703272], [114.91444625824349, -29.277402119058102], [114.92080397573656, -29.255472798580204], [114.87219334119186, -29.116957320846208], [114.63453262225623, -28.8748616740535], [114.61309919878012, -28.79632865499897], [114.57607564245836, -28.784355657199068], [114.61466062593901, -28.762551664750372], [114.61243586846507, -28.66352085443464], [114.53100688541251, -28.496028888639415], [114.45465147805565, -28.41024663293361], [114.46646346648426, -28.408684672200003], [114.46564951647457, -28.407292642243693], [114.43299507944892, -28.394228814194065], [114.40540261819356, -28.335474685628185], [114.32251364010273, -28.231749680288107], [114.23953162661918, -28.186831685251484], [114.17476664835475, -28.11014868895654], [114.10510360592643, -27.849478702151245], [114.12630962696203, -27.768752690446465], [114.15798161840345, -27.708466688178014], [114.16585696745288, -27.708277317682256], [114.18167650335714, -27.680296866560706], [114.16998642429564, -27.674636897268762], [114.17346615263357, -27.658866666977936], [114.16557634429957, -27.66808686751579], [114.1633969376412, -27.706967317830824], [114.10493458845855, -27.504116680582538], [113.96643657300905, -27.23200068811626], [113.78310852991967, -26.929034678480647], [113.58436767177055, -26.671412730207766], [113.29670355197972, -26.400181737952387], [113.30824371964576, -26.387441687125794], [113.27753247539555, -26.29400072874554], [113.15628049710162, -26.151660796215562], [113.16255060574082, -26.143550705757118], [113.19726072441743, -26.17396971356593], [113.26090152880201, -26.191209749385763], [113.26997175194629, -26.24175977901131], [113.29114046009659, -26.12570874706801], [113.28462947380903, -26.04006770710952], [113.29927860023085, -26.015947706021937], [113.31990048696503, -26.12618870515442], [113.32671242347337, -26.337260755667824], [113.33873245296664, -26.347420764915313], [113.35602253969489, -26.330960763691785], [113.36839360389554, -26.399211723183246], [113.38331344127117, -26.387480762140626], [113.39258342144308, -26.402260741594272], [113.39433374042308, -26.39216076143216], [113.39990368192889, -26.418230701182768], [113.39797367028929, -26.395500751206487], [113.39008357048854, -26.387150721690663], [113.38231367119897, -26.385230752196584], [113.35467251738329, -26.30083973364352], [113.33639247937437, -26.30033969485545], [113.35418257543772, -26.276359733563943], [113.36461141892309, -26.21070869257082], [113.38651166665564, -26.212638741127453], [113.38731046833357, -26.111457690609726], [113.37343965869535, -26.09711771146352], [113.37794941669485, -26.07862775107938], [113.35870957770888, -26.06507770229386], [113.36374956328167, -26.01746672174025], [113.39673060749686, -26.113937719996976], [113.42918063591519, -26.138537687962966], [113.42443041826176, -26.160987738380268], [113.44469050620656, -26.16324772705201], [113.44832145980268, -26.21253873703904], [113.47988158104899, -26.27107871522715], [113.48278246474956, -26.32070875526424], [113.4988226442059, -26.336039704278967], [113.48781238713461, -26.35702969509993], [113.50660258559586, -26.36389976389535], [113.5022426290264, -26.40021970434886], [113.4964624878799, -26.378119754627555], [113.48469265963345, -26.38353973542703], [113.50226354065249, -26.42029969443967], [113.48534353337875, -26.430570765599988], [113.47697353809232, -26.477040736364103], [113.48650342765612, -26.48482070577237], [113.50330357447133, -26.468800704593825], [113.50601365932738, -26.409129714141823], [113.52828252303972, -26.362198762463116], [113.51597267116301, -26.32204876308705], [113.4939227026684, -26.310328704483172], [113.51370251980067, -26.30208874314443], [113.51155149799551, -26.276817723169533], [113.53722165536036, -26.279506751495767], [113.5670826044551, -26.433329700245995], [113.55233339899947, -26.469099681376672], [113.57720471908064, -26.50460969991101], [113.55899556692542, -26.576240711431883], [113.598096635587, -26.614180749048078], [113.6071157039233, -26.60619072842234], [113.58824557438447, -26.58557073956061], [113.59340469785161, -26.511919678885103], [113.60983440623167, -26.51471967782459], [113.61409464371194, -26.489409697430037], [113.61639538704864, -26.53398975748487], [113.62154557685086, -26.538719707170525], [113.61807442328622, -26.489669707171455], [113.63056354975767, -26.463258756235057], [113.6381635120916, -26.502839675921756], [113.62562543901133, -26.57119970705368], [113.64203638105121, -26.619440696205547], [113.65391567770924, -26.594609705317772], [113.66370551673135, -26.596179754687828], [113.66401942300006, -26.674442675027098], [113.68093873979323, -26.658401693853364], [113.704928397374, -26.66207172231251], [113.68894763813248, -26.649020733289916], [113.69996757610495, -26.639300742529702], [113.68640749752197, -26.637860743403603], [113.69615664492258, -26.619230742684746], [113.68681644456467, -26.601659683210492], [113.73845664001169, -26.617569699934464], [113.76748738430028, -26.58715868791618], [113.80973773135065, -26.60993868529431], [113.81150637854255, -26.577228715029197], [113.8754045769445, -26.52189671066295], [113.88903454220915, -26.481486719600937], [113.8705326579818, -26.40192671041928], [113.88357151170304, -26.340995719298967], [113.79776048422733, -26.252255724410304], [113.68806058363691, -26.217525711356153], [113.6874896111955, -26.18617574124804], [113.6394685013691, -26.121955714077902], [113.61482939302394, -26.108675675624895], [113.62081941173913, -26.100885735197537], [113.5803103959097, -26.097205717829578], [113.57355070577583, -26.086265758221685], [113.58590949319189, -26.07103568734191], [113.56725967309853, -26.0443156984398], [113.57534850981902, -26.01453469777189], [113.56058638017116, -25.99873572866628], [113.55911866612992, -25.946384708520018], [113.51762754851345, -25.919564711120724], [113.52531751482825, -25.884163750451123], [113.51292737360323, -25.85210368111737], [113.46106652580664, -25.809343684337048], [113.47870654179515, -25.783323693052612], [113.46053551977714, -25.73375268402183], [113.47325536813862, -25.730512693167285], [113.45947566843049, -25.7155926840076], [113.47244539652094, -25.709302753122326], [113.4446753595387, -25.709462684956943], [113.4568656985126, -25.713102734168412], [113.44649551043219, -25.723002724899423], [113.45948542140754, -25.752592754178504], [113.44963545278252, -25.756403714846744], [113.46434539076306, -25.751132683850887], [113.4542153729681, -25.764873704583444], [113.46935659298109, -25.785443743679192], [113.41411566397575, -25.723473707043645], [113.43199361416487, -25.6257117454071], [113.51109245584176, -25.50328968961681], [113.52524332267845, -25.607780759172236], [113.55864447129305, -25.635491767106647], [113.5746943596724, -25.636880746060232], [113.58132447767156, -25.620760745550456], [113.60666559239225, -25.71431169432706], [113.65903552944245, -25.748561741066286], [113.69200308910139, -25.789337709109294], [113.72193677615122, -25.79317516718161], [113.72172735211166, -25.86807273754469], [113.76186734856277, -25.878581754991025], [113.7316486074888, -25.949512737280408], [113.73433745228586, -26.013644667404616], [113.69993441855782, -26.044948739783678], [113.70112856535526, -26.131896740109827], [113.72826970676356, -26.187225688604748], [113.70322053053744, -26.199755670288642], [113.74233056676671, -26.20682569778424], [113.75352942379187, -26.185035716957742], [113.76223065498776, -26.212195726520633], [113.78025041308487, -26.213395715360857], [113.83008954284306, -26.153833701867523], [113.83520946925337, -26.115593681359517], [113.84169953830364, -26.11264367092777], [113.84557962795421, -26.113643740682612], [113.8376596408047, -26.13864368130909], [113.88374861953044, -26.06020273797893], [113.87902866067255, -26.068102668319003], [113.88525847693148, -26.029292697737528], [113.86525757335673, -25.955951688680088], [113.87722760119215, -25.945111717859785], [113.90642751916886, -25.960101676055114], [113.91443752004179, -25.982421665645973], [113.893528396481, -26.035132707233842], [113.90846838635754, -26.054482706365818], [113.91085951143101, -26.122362676529715], [113.94756941899385, -26.1429926542757], [113.93432032524946, -26.2039337354079], [113.95952142561751, -26.244213663984567], [113.95049154845833, -26.267583704670646], [113.96726143866117, -26.293912663722164], [113.97287240185362, -26.34249367359057], [114.05387238881119, -26.419203648793392], [114.0825726383561, -26.454533687138536], [114.07260247930243, -26.452323727759993], [114.07680256994558, -26.466573687560302], [114.08957249859175, -26.46760365675627], [114.16636264393348, -26.39000268154332], [114.21029238762377, -26.37204263869526], [114.23766135998089, -26.31275170669875], [114.23799036771621, -26.2838916965424], [114.20404058847515, -26.24478165849037], [114.18830029523423, -26.180249659177015], [114.22351945660655, -26.119008726674213], [114.2253594299504, -26.16502967677555], [114.24134952824122, -26.16584966577592], [114.25471958514548, -26.144878674838754], [114.23602946512742, -26.117768705883005], [114.23928855129779, -26.0726886754658], [114.20915762145681, -26.031598647164436], [114.19467733934869, -25.98355764784865], [114.21845748560588, -25.96887764628365], [114.22361737646258, -25.98738767604689], [114.24505751450111, -25.992537654725254], [114.26531760147392, -25.982117633405828], [114.24704649997969, -25.936487724335393], [114.26684544407271, -25.88772671286322], [114.20540532812711, -25.853006696556484], [114.13449434009101, -25.778085660674467], [114.14631456896409, -25.780155659937233], [114.11941428996896, -25.755242671520364], [114.1195654678638, -25.728171661382795], [114.0353992819098, -25.66251172641461], [114.04843741087053, -25.667310695607753], [114.00419339187027, -25.618505678195202], [114.01537031081612, -25.620474687491825], [113.9901994711603, -25.58990663895323], [113.98220136976335, -25.56081566932667], [113.99167045985442, -25.5751266587895], [113.99165026906033, -25.564866668742336], [113.93402038830756, -25.475474712006825], [113.9484315668929, -25.477154661091458], [113.94418931591055, -25.458664681275796], [113.90206032663843, -25.410074683748803], [113.91361056566697, -25.41345472302306], [113.91385029466709, -25.400934732948514], [113.89111955491718, -25.372974704276672], [113.89134961209076, -25.336993704091835], [113.85672947230294, -25.292443686109795], [113.86863935157335, -25.299323655375073], [113.87148949056768, -25.290303685148913], [113.8425883216318, -25.264583656889915], [113.83962728823316, -25.216983646855937], [113.81707729723036, -25.17355269810677], [113.72492735242565, -25.115703683806835], [113.67425626204532, -25.043012746763903], [113.6617152979964, -24.97478267726042], [113.67036433475916, -24.9450816865555], [113.69193445120766, -24.928521685070326], [113.67781449240296, -24.924971725974316], [113.66515597143996, -24.895877846662973], [113.65037710383827, -24.90680198768007], [113.65520004139935, -24.88214982724838], [113.6442159923005, -24.87906145795174], [113.70689962355371, -24.850693313726918], [113.67647366656243, -24.848710985701103], [113.64699386086757, -24.864501307701303], [113.61754380346962, -24.858631469600716], [113.63273348708103, -24.797430748316938], [113.62325250402552, -24.74602053869441], [113.40696872558279, -24.48416295172265], [113.40620651131334, -24.303051970917277], [113.39017556667629, -24.223981731608895], [113.40912526472798, -24.223491750346533], [113.44335338798265, -24.181680587875956], [113.44239252454108, -24.13677029772645], [113.41943238318268, -24.090319739029912], [113.42216155917508, -24.04291972862341], [113.45871064322277, -24.013629176058963], [113.47031876303895, -23.898547864741403], [113.513837554719, -23.84731668161757], [113.52699674842601, -23.783336010442387], [113.56728650203115, -23.752215747636356], [113.61322319810866, -23.630894664032226], [113.75326998651886, -23.528222984376903], [113.77973937953205, -23.470581702375483], [113.77694829280226, -23.37892066211282], [113.79445726479159, -23.296038530572222], [113.77038627114803, -23.217827911757922], [113.77086536446143, -23.130636671302852], [113.76048524474118, -23.12128674193344], [113.81250543684826, -23.08275570836206], [113.82943625130493, -23.030894717010174], [113.82619518594258, -22.9560026468549], [113.75526436749124, -22.756210660493966], [113.70940357867696, -22.71527053328984], [113.67050348245583, -22.71712092584697], [113.68643310695391, -22.664400264545424], [113.66827270593004, -22.628710085561867], [113.6736224030078, -22.596849815055336], [113.65409223344517, -22.57875981624876], [113.66531222022364, -22.550109675372184], [113.71377148329198, -22.517948712039257], [113.70793126222061, -22.49668868231738], [113.72299108079089, -22.496198671329633], [113.73775105752082, -22.471017670241384], [113.74939025171501, -22.408407739173995], [113.78031994648128, -22.37674675700068], [113.82799896547299, -22.28850545346334], [113.9336061323519, -21.97321155506172], [113.99509456958957, -21.875449760611414], [114.02393252521385, -21.85113935863619], [114.16025485829464, -21.786527469594514], [114.19102391759273, -21.814567247777582], [114.14888354516445, -21.866638220719576], [114.14397557229651, -21.95807712148913], [114.08027587246357, -22.154121656532507], [114.08476672479252, -22.191261996429937], [114.1330173555644, -22.261570673699552], [114.11582809226188, -22.331142705141158], [114.14950823698653, -22.30144962284756], [114.17847803461754, -22.30536084102482], [114.17822811816845, -22.353428921279793], [114.12992818603226, -22.399902704583575], [114.14704833422572, -22.39679167347787], [114.140939145701, -22.40918162392828], [114.12210886792444, -22.415793005160765], [114.12180910214684, -22.472654655461856], [114.13859990242747, -22.49752574451549], [114.13470995290355, -22.49909583477097], [114.12522006470812, -22.511636005437666], [114.14392003260998, -22.50668581422224], [114.14886016302636, -22.51854585396669], [114.14497021356104, -22.520905874225914], [114.14325026413566, -22.526535944363285], [114.14382039493161, -22.538046014384037], [114.15105016271569, -22.517085813820128], [114.16181047296642, -22.534035903219934], [114.16074029230924, -22.523765813237024], [114.18881049948725, -22.520795671439423], [114.2186202349895, -22.497175129432314], [114.22564031142029, -22.457354648789828], [114.28237973445275, -22.4337730850868], [114.31744992171105, -22.44060362291124], [114.3221500625757, -22.458443722704473], [114.31882016509458, -22.488793623065277], [114.32280034581133, -22.503693672889142], [114.32405025393713, -22.479553682690188], [114.33897035346881, -22.492103431814794], [114.3403305651031, -22.51629339184995], [114.34504034276745, -22.490193381423946], [114.35875043249212, -22.50388309063151], [114.36277007131514, -22.49281365032408], [114.37709037037422, -22.498133029452678], [114.36459021096633, -22.490333610197528], [114.38378030922011, -22.490773098996726], [114.37262020969085, -22.483013269657413], [114.38609024855852, -22.484603148821222], [114.38357013735143, -22.464743638879906], [114.40384030581245, -22.469393667634037], [114.38032006594914, -22.44126361896628], [114.4053098634707, -22.43893343738984], [114.38605016435687, -22.426603628533986], [114.40788979252945, -22.429223427179892], [114.39237032340587, -22.42153364811279], [114.39044903220966, -22.402573628138324], [114.40209957116828, -22.40303347741121], [114.39337958109783, -22.390953587896686], [114.4165496295511, -22.399103396487632], [114.42333968868056, -22.395723356046286], [114.3964196302377, -22.38294360766627], [114.4012999680977, -22.35958382724389], [114.41075970761968, -22.36501362667913], [114.41702974693399, -22.363513556279496], [114.40701006694447, -22.350903626843095], [114.4516497036782, -22.362563064112543], [114.4309097148042, -22.351713385352923], [114.44328967303105, -22.34292318453581], [114.42314974510208, -22.34595352580898], [114.40873015535838, -22.331153676636603], [114.41469031372685, -22.31615362618864], [114.42645007290825, -22.319773615471583], [114.42306954183326, -22.30058354558671], [114.43968953055338, -22.30398364456541], [114.43363027045807, -22.29495344489857], [114.4608898204297, -22.329283023369456], [114.44902965941218, -22.300043183962618], [114.4613999477413, -22.29260288315368], [114.43726990971741, -22.28931301464296], [114.42976999940313, -22.275422605041836], [114.43984026772407, -22.264931664360176], [114.46094022629177, -22.271882633078388], [114.45039004637677, -22.259641643675078], [114.47258011468645, -22.264392662315238], [114.44398028569496, -22.242031623986808], [114.48188034290673, -22.2514832316711], [114.45223012443628, -22.235031943436763], [114.45321032239772, -22.207954643239674], [114.469330041643, -22.217933672284495], [114.46643022092297, -22.20423467239645], [114.47843010986821, -22.204804641651496], [114.48900042992965, -22.21910429106514], [114.49175044941416, -22.215424360875474], [114.49599054944014, -22.22118447064058], [114.50047073898044, -22.220484540358353], [114.4717701294379, -22.190354611993858], [114.47298006901997, -22.186074651896956], [114.48776023796381, -22.190144630996787], [114.49019021744208, -22.185964670824504], [114.45567016869016, -22.159534642842992], [114.48947022547478, -22.157633660726862], [114.50800050564014, -22.183493809704093], [114.50086026391176, -22.15030359998118], [114.51490999308568, -22.156632679139452], [114.50135020240279, -22.129872629847895], [114.51939938028492, -22.12322165869227], [114.52633960096603, -22.14156227835351], [114.51806898916199, -22.105841628687415], [114.53574929561958, -22.078750637452842], [114.52024912730833, -22.08270063843537], [114.51734898640898, -22.066450608533717], [114.55160908330267, -22.066449616406878], [114.55898802934162, -22.020287635716493], [114.57436865961438, -22.043648474881593], [114.56419862933647, -22.026828195426603], [114.57060809697137, -22.001767594903004], [114.58503855531863, -21.99686704398489], [114.584168576565, -22.013277524121627], [114.58938854653337, -22.01946754382995], [114.60136828319227, -21.987706632928685], [114.60591830414124, -22.00684703274425], [114.61331776022888, -21.961165902056123], [114.62615787995038, -21.97356619132615], [114.61522827909495, -21.94761560186956], [114.6371375169043, -21.944565480502025], [114.61933766852243, -21.944765741601383], [114.6215070476957, -21.935865641422396], [114.63937707477366, -21.917334650226017], [114.6516472840354, -21.92250478949592], [114.66430708204885, -21.91052433865555], [114.64760706421572, -21.91991476973175], [114.64251698392329, -21.909314659991797], [114.64808618883733, -21.844503659319972], [114.6861464546095, -21.832933096918357], [114.69317653443224, -21.839353056518856], [114.68462692646621, -21.8573233671356], [114.68525687714984, -21.86781349715011], [114.69765672429287, -21.84307310626249], [114.68336653457995, -21.828983087069222], [114.69880622212106, -21.813712596042745], [114.77840614337181, -21.79053264104822], [114.91426620413294, -21.688330602263008], [114.93614590235384, -21.690750620951675], [114.97314598760342, -21.66962959860944], [114.98389596672298, -21.670719577967013], [114.98838623654856, -21.67397957771321], [114.97230575775612, -21.670759628665895], [114.94520604152201, -21.690380090402225], [114.97032610921899, -21.689399808880854], [114.95870603985774, -21.683679939552647], [114.97472563759482, -21.67153966852398], [115.0404062131745, -21.692199074678868], [115.04374629220878, -21.68246900442845], [115.03070604355125, -21.6851195852249], [115.05471622089638, -21.677568593745267], [115.05596612136655, -21.686038923713856], [115.10881906293811, -21.631554610270502], [115.13032304174384, -21.642021599040746], [115.13169609283712, -21.65982822905058], [115.14219619184917, -21.659028218420445], [115.13221593176796, -21.644838648942354], [115.16062606797529, -21.626198027153535], [115.16389595782195, -21.628207996969287], [115.16847582736854, -21.62751805669322], [115.16996590771942, -21.63461814664121], [115.17659597726548, -21.63659824625713], [115.1702960072444, -21.62806803658778], [115.16158604781252, -21.62505844709052], [115.17853602537419, -21.611317606011344], [115.21014586369473, -21.62787822421972], [115.18687580470878, -21.612407865521316], [115.21105592156876, -21.597727594010017], [115.21986621204003, -21.61619756358301], [115.24232695738071, -21.576787572048897], [115.24595721835068, -21.59587755193277], [115.32722752009944, -21.58028674705695], [115.32665768054538, -21.586166737120937], [115.33384720057401, -21.596066916749372], [115.3416376098774, -21.595976816290936], [115.3311781694598, -21.575976566802208], [115.38169913312092, -21.54812660369148], [115.39912890210938, -21.55604597271171], [115.41416897935107, -21.53467510172074], [115.3811789728421, -21.54327560369677], [115.4163491190168, -21.53255461158224], [115.41291903880085, -21.524784561742415], [115.43334833728927, -21.52917466057139], [115.42915864803044, -21.534734880844994], [115.4281492088284, -21.545355230959178], [115.43660848706794, -21.53017466038623], [115.43532904797007, -21.542004990522454], [115.44653910709695, -21.543774829877425], [115.43817845689057, -21.529594610291568], [115.4573265037919, -21.50846387906458], [115.45867791494287, -21.527544219085115], [115.44889781575094, -21.52670442965103], [115.44350825663565, -21.53283460999736], [115.45569965659936, -21.548464729367602], [115.44507819649627, -21.532824619905693], [115.45906817514144, -21.531044329080583], [115.46387956579268, -21.54721452888435], [115.46775710328778, -21.51472381848931], [115.4755896747543, -21.547174308202145], [115.47728849346355, -21.530023998013952], [115.4924397931723, -21.545793967214607], [115.49952926175119, -21.53383360674019], [115.50051928191064, -21.537553666702024], [115.50826936135617, -21.539523576262038], [115.50768905113745, -21.53545352627453], [115.50730923136608, -21.53839354631192], [115.49963909168902, -21.533043586729683], [115.4932490723388, -21.534323747107806], [115.49373831127545, -21.51896343699934], [115.51070799915001, -21.509513085963995], [115.51087864015103, -21.524833336033943], [115.52031819827845, -21.509162895404266], [115.49516750998603, -21.501443146824943], [115.49761694901126, -21.49001260662297], [115.5000570490728, -21.49418257650288], [115.50896811823247, -21.493362585980844], [115.49275693915699, -21.485752556883337], [115.51648744691322, -21.483462765492586], [115.52827672463656, -21.464772454710953], [115.51529725686767, -21.481192685549846], [115.50843711712687, -21.47598277592107], [115.51702709612482, -21.472282605402945], [115.52636653445256, -21.459452474794006], [115.50627711721177, -21.47439273603826], [115.5097258958161, -21.45792255575201], [115.54926542080153, -21.434712103337418], [115.56545679086503, -21.45724207251783], [115.5610658700353, -21.438821952675667], [115.5716368897634, -21.44879188211623], [115.56335580984184, -21.43894192254378], [115.57134569863445, -21.43129184204162], [115.57270539826689, -21.427531811943343], [115.56216568974516, -21.43589192259671], [115.55092394922481, -21.41305162312822], [115.58359286449635, -21.384831591090716], [115.59101324467261, -21.39739142072775], [115.58087368585767, -21.401871551336974], [115.59270326455459, -21.397851410632555], [115.59747436499092, -21.410841420425054], [115.59308312411241, -21.391641360578134], [115.60904292208029, -21.38203114960677], [115.59574302373821, -21.389501340413354], [115.58879305371437, -21.37988158076438], [115.60502245105575, -21.361091049729087], [115.61797316098838, -21.37733103906724], [115.60877261040915, -21.356251069487392], [115.62108375902964, -21.35166085875351], [115.62796400918285, -21.36317087841738], [115.63742542719756, -21.345540707780174], [115.6274642486726, -21.354730828401955], [115.61809382889797, -21.345670598894475], [115.64033604573507, -21.327120607516097], [115.65292679589386, -21.346350586892587], [115.64873630567544, -21.337420577086768], [115.66221666480902, -21.342200476336842], [115.64970636553885, -21.336630557026826], [115.6494763054181, -21.33448055702878], [115.65826649478407, -21.336540476534164], [115.6682764337258, -21.33375034594439], [115.64839612532779, -21.331660527076124], [115.65255591391468, -21.31564056675288], [115.68323581147285, -21.31930060500978], [115.70315432713194, -21.27944962365844], [115.70510514827343, -21.299559753652318], [115.71629403580404, -21.276659672891245], [115.71997458626805, -21.288709922743926], [115.73798390379847, -21.27490953164141], [115.74859405381648, -21.289419621111573], [115.75635398082837, -21.253849520481396], [115.75262394311244, -21.283999580852957], [115.7623238514744, -21.27180947023524], [115.76326398195674, -21.280499550227336], [115.76782411180884, -21.28434958998751], [115.77035414160362, -21.284589589844497], [115.76743402987931, -21.25409954985053], [115.7838035886237, -21.256729338931347], [115.77928431108056, -21.2885396093563], [115.78787413884774, -21.265659418746537], [115.79906412817395, -21.27031943813414], [115.79190395725388, -21.246479598416062], [115.81666519633445, -21.265609727108505], [115.80887408593185, -21.248889467463254], [115.82524524488004, -21.25467994656349], [115.84439621309708, -21.252910495467336], [115.83984535291006, -21.243870215677784], [115.83668580379017, -21.253240275906467], [115.82452510482581, -21.252869926594837], [115.81935454492523, -21.247439766859927], [115.83097403247879, -21.2252295160829], [115.84488480143952, -21.22787956530757], [115.83354297098737, -21.205588545833447], [115.85031325864419, -21.191848114809584], [115.85221293919277, -21.20291840476034], [115.86040316856223, -21.204178574302887], [115.85456305725782, -21.176058574485314], [115.8700030647142, -21.157348373511848], [115.87655273458246, -21.164128513176962], [115.86905301443299, -21.151698533535793], [115.8875526320011, -21.138798642420845], [115.88151243138863, -21.121128372669023], [115.90099266001644, -21.12600867159361], [115.88935241016708, -21.11266834218089], [115.91816232550191, -21.078737450374046], [115.92343248599471, -21.09353765015513], [115.9216224562952, -21.095787700269135], [115.9180223863602, -21.091947710451898], [115.91501241667021, -21.092727830625872], [115.91192250750375, -21.101568020847076], [115.92379252610064, -21.09567773014615], [115.92767218459527, -21.077397679830565], [115.98939243689136, -21.040095796160557], [116.09710191510565, -21.000433969928025], [116.09372227690093, -21.024254240243057], [116.10563247676679, -21.03837417965522], [116.09891268818532, -21.05166439009996], [116.10647248677267, -21.039614179615086], [116.10394238641298, -21.03046414970714], [116.09553226675963, -21.024484190143482], [116.10323190462147, -21.001113899590386], [116.13046196202085, -20.99700345805449], [116.14615207166017, -21.0127133272673], [116.14031189085297, -20.99190352748041], [116.16454193731418, -20.96872265601313], [116.17683173681682, -20.97761251538], [116.18811199523786, -20.967882514703952], [116.18975105092414, -20.90128153425751], [116.19768079023083, -20.901041493817793], [116.20451040911607, -20.89256103339505], [116.2251607269669, -20.886420552222248], [116.2267507366449, -20.883440482118605], [116.19104031000789, -20.888411264117426], [116.20459994542998, -20.833740563075516], [116.2363812543793, -20.860319931463888], [116.25618159252976, -20.85775955035968], [116.24144129428417, -20.865719921213955], [116.24135113496796, -20.876560051276957], [116.27245099183548, -20.868919489524654], [116.29734998021695, -20.87709974820127], [116.2943599707955, -20.882299838393187], [116.2958099010157, -20.887839888343336], [116.29950987074841, -20.888629838144603], [116.34540094374204, -20.83880864536461], [116.36692072209824, -20.841908504205957], [116.39904093814258, -20.82216799234918], [116.40018061854548, -20.83028806233082], [116.43978110494653, -20.826657580159054], [116.45380122484313, -20.8444575994945], [116.47761247324785, -20.851587558243445], [116.48526112210291, -20.843547487786434], [116.49487215173646, -20.85096742730694], [116.48525079202058, -20.84218747777966], [116.47772245318335, -20.850687548232646], [116.45317211463305, -20.840157569505447], [116.44241089456955, -20.824167580002957], [116.47439014225836, -20.83093738830656], [116.4668700519194, -20.814937478627474], [116.48816188013546, -20.815427547478055], [116.49243004879803, -20.799497567161453], [116.49626079882944, -20.805347546985992], [116.50228073846705, -20.80780750667407], [116.50065999803576, -20.79848755671134], [116.48929987892141, -20.797157387318034], [116.51378991569966, -20.778517545894786], [116.52783957529668, -20.79150717520718], [116.54446772385127, -20.79100722430882], [116.51340002531973, -20.77174648587928], [116.52413744357214, -20.758047425226152], [116.53151785359645, -20.768737334886033], [116.540286982657, -20.765547364396426], [116.53729880331034, -20.772107124592782], [116.54211836328355, -20.778397144367208], [116.5424269725226, -20.766327354285405], [116.52591901310393, -20.752847485102013], [116.57833391797533, -20.741676492221572], [116.56058228979292, -20.74679657320305], [116.58307417818138, -20.751706192021338], [116.59021419689006, -20.74040606157711], [116.58740420785614, -20.752406181792754], [116.60521415642849, -20.75380611084542], [116.5917540164012, -20.73449648146254], [116.62309415257432, -20.715175629678985], [116.62404417363325, -20.73402575973021], [116.63063396166591, -20.7107155792515], [116.62977394418238, -20.751156149516476], [116.63993408344332, -20.753206008984478], [116.63960409182465, -20.72593565885442], [116.65404396098423, -20.732305688117744], [116.64914398164669, -20.73639580840148], [116.6551640413246, -20.73952569809707], [116.64820400197868, -20.74057581847432], [116.64618402235533, -20.74397583860061], [116.64703403243286, -20.746455798568643], [116.65364418202905, -20.74906566822988], [116.64703399233751, -20.74487580856009], [116.65757410116709, -20.740305657972687], [116.65214395133665, -20.735475788236336], [116.66378421070324, -20.741355547647085], [116.66352400016365, -20.73203548761045], [116.64208404137227, -20.72192559870018], [116.66679395977955, -20.730265447426483], [116.67322401907269, -20.72758535706917], [116.68476432946923, -20.750445046578346], [116.68586443857684, -20.73716513644778], [116.67394404896405, -20.726795367026515], [116.66638395969565, -20.728295477437666], [116.68263382747013, -20.714215236495352], [116.68475403781976, -20.723015146430164], [116.68982399676386, -20.712605146103797], [116.68889390643142, -20.705765176116202], [116.66671383930019, -20.722195487387015], [116.65023387031454, -20.71584552823196], [116.66680391866004, -20.711695367325294], [116.64494382068267, -20.714515528507267], [116.64248379029911, -20.704705478585534], [116.69436587446403, -20.680740505689204], [116.72166738958789, -20.637927324005435], [116.76452185564698, -20.632508501704088], [116.74636182646208, -20.620513512600674], [116.77060385248166, -20.588068501140476], [116.79932485927955, -20.57489150955097], [116.79842184880275, -20.56560350954805], [116.77789884118168, -20.57656450069203], [116.81274685666831, -20.549958498707003], [116.80874783577327, -20.529252508805044], [116.86736782065988, -20.52596649570206], [116.81911182796503, -20.580781498539444], [116.82323782854601, -20.59640448840717], [116.80817286031456, -20.60480348924705], [116.78838183559029, -20.66533349062114], [116.79258685589109, -20.676343490458983], [116.78552683670412, -20.67996050085152], [116.78669885697194, -20.686113510823084], [116.79371083577138, -20.67593050039738], [116.79112484549871, -20.667687510489095], [116.79585082504651, -20.666805500234773], [116.82820271480178, -20.708704518757333], [116.89878286972854, -20.724093415136053], [116.92366261692212, -20.712313073770755], [116.91991329891445, -20.74067320412135], [116.92708280708989, -20.72007300363444], [116.95268284516816, -20.724322712322024], [116.92643259673912, -20.713193043630856], [116.95682187345673, -20.701212771980153], [116.94558217423088, -20.698182582549496], [116.95633186244493, -20.683312411907913], [116.973641980256, -20.671002530939273], [116.97926203074532, -20.687432140736693], [116.97916187979361, -20.67108199065253], [116.98690199959934, -20.67893182029299], [116.99711209851384, -20.675161389741877], [116.97578781999736, -20.66969049082045], [116.98813682829794, -20.658535490117288], [117.0368048235452, -20.64763249753296], [117.03881188453997, -20.667560847538162], [117.09436119730485, -20.623979744430343], [117.10534185816682, -20.654769494033612], [117.12820183621098, -20.65437951285568], [117.14164581323008, -20.622548491990457], [117.18235881801775, -20.59179047973488], [117.1806606895645, -20.61610844995547], [117.19064281844659, -20.611333469418632], [117.20002280887614, -20.63251646905572], [117.16564134153903, -20.62833864079169], [117.1816014408441, -20.639648520036722], [117.15699168396709, -20.65767910139613], [117.18137146117536, -20.645048580078164], [117.1733017529873, -20.664598910598567], [117.17329178353026, -20.67397901065061], [117.17199161252364, -20.654658790611048], [117.16730166307701, -20.65736891086611], [117.16801191445383, -20.682219150966212], [117.1838517825622, -20.67269892010321], [117.17522175279879, -20.66414886049783], [117.20043161080315, -20.66653865922188], [117.17195216518155, -20.70057916086527], [117.18265202376871, -20.691828970269665], [117.18676229397242, -20.701388900111958], [117.2002922931019, -20.70618877944689], [117.18588224384722, -20.697928900137963], [117.19106184247579, -20.681778899784423], [117.19518182204254, -20.680318879565828], [117.21446225188713, -20.70596860872237], [117.22730222084331, -20.706758488072023], [117.21729231206992, -20.713308648618348], [117.2150223426285, -20.719658758769036], [117.2164323428067, -20.72482882872552], [117.22898224062942, -20.70551846797959], [117.21194218162543, -20.6977186088056], [117.22310202053004, -20.69512849822217], [117.2774916875636, -20.723828465613582], [117.26381170899293, -20.728488496333835], [117.27761224775402, -20.727328575626732], [117.2846917167464, -20.720238455228554], [117.28194165734101, -20.72653846540272], [117.28393276767446, -20.73530897535], [117.29202171631695, -20.723608584875475], [117.29800216663384, -20.738018694651768], [117.30268219559345, -20.726788604352887], [117.34754157228694, -20.73563894213425], [117.3578415018318, -20.743019021655538], [117.3466817037085, -20.759289122307983], [117.33899159416332, -20.75578934267679], [117.32025198591339, -20.758509053638537], [117.3319918056023, -20.770559243111624], [117.34031161419306, -20.758279332623875], [117.33731193535694, -20.77419901286302], [117.34966178366749, -20.76301898217821], [117.34553177484668, -20.777528972466502], [117.34971164457266, -20.7789689722636], [117.36984146030998, -20.734208851002396], [117.38282104014404, -20.750698790440136], [117.38177152214674, -20.784349140678522], [117.39016094010303, -20.760968770127718], [117.39797143000824, -20.771009259790652], [117.38835075978832, -20.75271875017321], [117.40385164888528, -20.760048359434865], [117.38745076941316, -20.74476867017459], [117.39518121794995, -20.730578619707718], [117.42700136527611, -20.731118298113916], [117.42979146656087, -20.757998388122573], [117.44143138485387, -20.745338307469787], [117.45741126416503, -20.757208326736112], [117.46113127353436, -20.751648266519474], [117.43457154516292, -20.74048826778643], [117.44258194392184, -20.730588457330693], [117.54453084397402, -20.70772755212361], [117.55281065344741, -20.71087746173037], [117.54229164575985, -20.736187622392404], [117.55571134431835, -20.730827621697117], [117.55256113308269, -20.703987501704564], [117.57331087076379, -20.694017480621262], [117.58677090010589, -20.70268745000346], [117.59492113946646, -20.703627839605836], [117.58997100855422, -20.679757369718036], [117.63074095420761, -20.663757487617325], [117.6483401526178, -20.66197682674111], [117.61888071605188, -20.67883745828562], [117.61658081671578, -20.687257728445793], [117.64170077406868, -20.67796741715663], [117.64656140499868, -20.702127267051686], [117.62830140693572, -20.7090773279892], [117.65137152468971, -20.70391745682507], [117.65632154491004, -20.715457576645854], [117.65433174360446, -20.688897476596086], [117.66737162157612, -20.672267455862976], [117.66416137250596, -20.684127306086566], [117.67537136238026, -20.699017265619005], [117.6667917120195, -20.67937744593098], [117.6804417901537, -20.66658745518992], [117.69730132985313, -20.686986934477027], [117.68915135065858, -20.689047104887795], [117.6881913308773, -20.69152711494864], [117.70412131969186, -20.694536904185103], [117.76947087258021, -20.666066430836775], [117.7701908730824, -20.676316450858863], [117.77420094239959, -20.67007647062894], [117.79343067127446, -20.679286459745466], [117.80974083961009, -20.674156448925206], [117.77429091203219, -20.66352646058804], [117.86457964132566, -20.607455465898965], [117.86747871969082, -20.581925435616263], [117.89799877729605, -20.58524544416357], [117.87103871883653, -20.571745385387512], [117.88174791685726, -20.551944494760168], [117.90334767513174, -20.55367443372941], [117.91217891562977, -20.576584843432855], [117.93028861379251, -20.570864422530747], [117.91465887466663, -20.562674443235736], [117.92457866374171, -20.561034452749873], [117.91226823448001, -20.555514383310594], [117.91985782319328, -20.543564492878836], [117.9413384015517, -20.546654081864883], [117.93454841276619, -20.558534302257204], [117.94178863261239, -20.566974521957153], [117.94540862118355, -20.54618444166707], [117.9602388307853, -20.561944441044822], [117.95933881018424, -20.54940448101762], [117.97505869891778, -20.55047387027136], [117.96412866964587, -20.546903540774288], [117.9735285880241, -20.531503440238133], [117.97097872789848, -20.525193250324723], [117.95968874001437, -20.54680347098628], [117.94272879090326, -20.536823461743104], [117.96169860767779, -20.506632420664772], [117.94294841054266, -20.530493541697087], [117.93153811129113, -20.526583622222677], [117.94092791797874, -20.479902481510354], [117.96530856653708, -20.491102650404823], [117.95302766690048, -20.478732430923632], [118.0177887703924, -20.45870147771641], [118.05008878572725, -20.422090375973532], [118.10976813961585, -20.401039913026523], [118.11029785886288, -20.38771088292637], [118.18157619020175, -20.336399889278095], [118.19673568901922, -20.33790985857501], [118.20021643989655, -20.360049478536858], [118.18479673041712, -20.34555940917858], [118.17297682168548, -20.350929439764254], [118.17230672217367, -20.359109859841944], [118.18372640056648, -20.34669989923528], [118.18413659102278, -20.35598986926849], [118.19758717017588, -20.361189818666602], [118.19983677039642, -20.36892943860482], [118.1800868414728, -20.358119449470724], [118.19823657055683, -20.369439468682746], [118.16953666292589, -20.368969400027844], [118.16513735403129, -20.382929850313534], [118.20546682032051, -20.376399438383086], [118.19892672134466, -20.385469458740925], [118.196167642539, -20.403740448973505], [118.22471673840576, -20.37053945744855], [118.2154966191955, -20.37092989788232], [118.2327267376109, -20.368130417060307], [118.23600560771001, -20.37522043694712], [118.24423558673647, -20.36976039653174], [118.25722578606978, -20.37770981597036], [118.25734554506995, -20.358839715858032], [118.28102561281136, -20.353409524723805], [118.2835057533367, -20.36739957468756], [118.29777579132163, -20.35161950393454], [118.31834554032541, -20.365389453057382], [118.31540554001184, -20.354679273133108], [118.28877584191484, -20.34861941433603], [118.34613550615988, -20.329878481568485], [118.35361567685545, -20.35523900136626], [118.34406573790145, -20.360039401835277], [118.35914575657472, -20.35870938113029], [118.36360583699447, -20.373949441010627], [118.36867571540145, -20.351418460648656], [118.37920593546718, -20.36960891026582], [118.37909581452975, -20.351358590167365], [118.40063577259282, -20.3486287091591], [118.40385547313488, -20.364288869099777], [118.41686553077076, -20.339548518360807], [118.45031467835395, -20.346728406866134], [118.45585471729125, -20.33505845654594], [118.4892752853246, -20.350977725107832], [118.49592518439307, -20.343627644762428], [118.47940502502539, -20.329137735434557], [118.48752500418595, -20.32595764504542], [118.51073502249272, -20.33062745401295], [118.50454513351471, -20.3405075543514], [118.50639524378387, -20.348767584314047], [118.51791504190346, -20.330797373686774], [118.50621500271644, -20.32764747420206], [118.53675462935533, -20.31163740272025], [118.53090492046877, -20.323897203056152], [118.54335507017481, -20.33843716257291], [118.5404948495585, -20.321707122607588], [118.55732463774385, -20.313596901796977], [118.52627466990553, -20.305347403161193], [118.56197144637784, -20.294382691476585], [118.57375448576519, -20.30158663098341], [118.57043470698554, -20.32012681123959], [118.55849471780252, -20.316656911761317], [118.5520251998535, -20.346297022223883], [118.57443481705076, -20.327946831102892], [118.57857537821899, -20.357666951084774], [118.5802249570419, -20.337246860893647], [118.59594528660774, -20.354476870280575], [118.59668506606066, -20.34492678019265], [118.60309523586149, -20.351526779940574], [118.61285493484506, -20.347536569477025], [118.58742490634687, -20.335376780557063], [118.62956463278395, -20.334356318648044], [118.57304262656716, -20.31617339109886], [118.59102548465899, -20.308078520238436], [118.59024142444804, -20.30264549024291], [118.59540526338348, -20.290145359937995], [118.59800421298452, -20.286542319799917], [118.5981994540708, -20.308247459914945], [118.64037826006764, -20.298481987955988], [118.641819350654, -20.312441057970844], [118.66733452918146, -20.325335406897064], [118.65514459048833, -20.33110636747787], [118.67446451893731, -20.332266206616545], [118.66569477020218, -20.34284643707078], [118.69026470679071, -20.315785485813667], [118.768233848597, -20.281714842136864], [118.80592388578236, -20.288084610499485], [118.82071361405214, -20.278014379786516], [118.81850357462272, -20.285794419929], [118.82088381452631, -20.28783445983532], [118.82263358379225, -20.275994329689937], [118.84635355250073, -20.28968413871981], [118.85484348184197, -20.290634058350506], [118.86028333096611, -20.282083948061448], [118.84935352224092, -20.28947410858615], [118.82780377319628, -20.272644459441928], [118.84727313106688, -20.262313998522085], [118.8298036123467, -20.258884439274492], [118.84207282992708, -20.230633898569877], [118.87453369781578, -20.242332977205034], [118.86955377877439, -20.253363157487808], [118.87382457875634, -20.26016272733871], [118.88266425806955, -20.26111284695498], [118.87146408863323, -20.253712977405648], [118.87822380751818, -20.24250288704351], [118.86028263816073, -20.225433417736088], [118.89651176231415, -20.167742475808996], [118.95915086514607, -20.127010992828787], [118.99383972783606, -20.035780360788827], [119.06835896074065, -20.01537974743605], [119.09370890736442, -19.988439856184996], [119.08835876692841, -19.970359566311224], [119.09971906546768, -19.959309645757028], [119.14709927252534, -19.978559673830052], [119.16063971302827, -20.01210973344378], [119.2070796097778, -20.023659411524942], [119.17215959187479, -20.00771942292486], [119.17159941946967, -19.956559392652075], [119.21827846550013, -19.953199410638327], [119.23996847460994, -19.97168937982225], [119.37338049463972, -19.991474424301536], [119.3716805855593, -20.008094594469693], [119.41517073136235, -19.994493382569388], [119.44305198014042, -20.017212651538713], [119.47101338731241, -20.005662420308102], [119.56934865269805, -20.080333386680476], [119.65550747406795, -20.046521382955905], [119.6805172000707, -20.003801031687523], [119.70087660800787, -19.995090750809673], [119.70937712850176, -20.021320720618977], [119.69205719043849, -20.032690931388203], [119.69108767089764, -20.041041361476548], [119.73301751620242, -20.013340409615292], [119.75390778486292, -20.021590318820206], [119.74114749519981, -20.005900339243073], [119.74131740421318, -19.984380339109787], [119.7433575342094, -19.9879903390486], [119.75275409324689, -19.98370216864411], [119.73007682476134, -19.976170259515875], [119.75737747196085, -19.963580348339363], [119.76520767189972, -19.97641984809919], [119.76415745104482, -19.95554969801882], [119.78776750991399, -19.973289527172884], [119.86623703333191, -19.969578834009905], [119.97277556300772, -19.932986919570983], [120.19594551397334, -19.91389430076782], [120.63101233260626, -19.770031343573972], [120.95080855156367, -19.638630351284778], [121.11393137460995, -19.538557274979254], [121.21014139418055, -19.466288261230666], [121.33323039973173, -19.34163925629265], [121.5070884172246, -19.10107832902355], [121.52536743405706, -19.053107248126377], [121.51802735425146, -19.042807288304516], [121.56460634797921, -18.96924632632201], [121.55318640792619, -18.94344629653704], [121.57821646626567, -18.95087624576354], [121.6000962042114, -18.940665304986506], [121.57596649631238, -18.947366245815424], [121.6007164828143, -18.903165264734763], [121.60273643143637, -18.869165244458948], [121.6281153585006, -18.841565293462754], [121.63770539798558, -18.847695293189368], [121.64267520654286, -18.817995292844543], [121.65319548637824, -18.835915282614557], [121.64547529553796, -18.79586628261689], [121.6555354637467, -18.767195242113605], [121.61980550556744, -18.742005323117162], [121.61815450441323, -18.70629529294994], [121.62884436338459, -18.70023525256482], [121.62584446393558, -18.70926530271822], [121.63078441401332, -18.721925242636036], [121.63547448302324, -18.704205232374058], [121.68118222013536, -18.720604300996193], [121.69809142807063, -18.69862325031494], [121.7411243750191, -18.70472424897117], [121.75187651314975, -18.674815278441596], [121.79246541949097, -18.65818426704415], [121.79083426790153, -18.609244246791924], [121.72939451135504, -18.57566425854608], [121.76476341788846, -18.552814257272132], [121.79094332420617, -18.503834266133023], [121.78813319560247, -18.537724306433248], [121.79834348456363, -18.52995424606012], [121.81703323183038, -18.491804235229285], [121.81018317196889, -18.481054275379734], [121.80325426342985, -18.508044295767746], [121.7889834936656, -18.4841742960731], [121.8152231605487, -18.451124235033443], [121.83999223843988, -18.44371327420273], [121.87202215701325, -18.47167330336634], [121.94668148031549, -18.439253310825514], [122.01742438337972, -18.390513288326684], [122.06352234776935, -18.325802286502988], [122.13003125222323, -18.3074122243567], [122.19830237463404, -18.2306922618094], [122.18505221617865, -18.247871282316723], [122.19983238514736, -18.249682271882705], [122.21462225255331, -18.2040222911508], [122.31506046413182, -18.17231222795481], [122.3702754282788, -18.116431225973198], [122.3780784336439, -17.989800234943914], [122.25065011167203, -17.952320698485114], [122.21078036577187, -17.989210959914015], [122.20715058668146, -18.008861090147047], [122.17534032784222, -17.973991030887234], [122.20494018475068, -17.94526082981287], [122.21287944182718, -17.873720289122815], [122.19965811657191, -17.68480921832904], [122.19384844623083, -17.661849238359437], [122.18407841711608, -17.667649288691347], [122.17255839574594, -17.601219308620603], [122.14517824633215, -17.5603392291938], [122.15002635922168, -17.355358277750867], [122.17321538458934, -17.26357826646539], [122.18730544285378, -17.24039724589145], [122.21106544121054, -17.240357285172855], [122.22638415839364, -17.18643729436907], [122.23437433766664, -17.181007224094063], [122.22569438863287, -17.19231725442714], [122.22934441857271, -17.19818723435444], [122.23403412784444, -17.18574726413438], [122.24310433755392, -17.196017243926793], [122.24105412682395, -17.16923728381849], [122.25162412571854, -17.157586243427016], [122.25740426569126, -17.168986283325946], [122.28204410322437, -17.14510622243657], [122.31899411113196, -17.158936241423007], [122.28815438262552, -17.139556272218766], [122.31389436083515, -17.138826211446847], [122.31941316034349, -17.135316291260406], [122.29260432202047, -17.13027628202695], [122.29328332161657, -17.119206291936347], [122.30163314109835, -17.120886241697978], [122.30349325069756, -17.11240625158864], [122.29151315169045, -17.117736231979837], [122.28437437255272, -17.129276212266372], [122.26722433397923, -17.136996222828497], [122.25320413438432, -17.119836293139933], [122.2955332897851, -17.067216261538743], [122.35105212502393, -17.036935219695877], [122.36636223272568, -16.99762528899274], [122.46966131377489, -16.936284265572], [122.4310423378778, -16.98337423699981], [122.4444422271055, -16.98774426663587], [122.46764136493448, -16.968824205838555], [122.46875122540956, -16.986334255918024], [122.48106110441637, -16.981334205528128], [122.48023021175098, -16.89457321499813], [122.48969134186144, -16.918493234876134], [122.51979132029939, -16.93367326410144], [122.50820111143419, -16.944883204508262], [122.50796138174633, -16.95435328457571], [122.52758137020786, -16.947663223965908], [122.55401112887378, -16.962383263298808], [122.57235131742182, -16.955663232729364], [122.60211107588545, -16.97128328197815], [122.6121701850169, -16.96524319165266], [122.59563104610966, -16.964293242118426], [122.57038031674105, -16.929353272617544], [122.56947022599475, -16.903253262476632], [122.53381005634056, -16.836933243078036], [122.54935919476398, -16.819822282520487], [122.55104940510614, -16.834512242565882], [122.5712392637991, -16.836142241996274], [122.55329937405064, -16.805352252314478], [122.57943935096165, -16.76212228128703], [122.6099482790287, -16.76564127043721], [122.62014922923647, -16.794652230332435], [122.63741916826338, -16.800691239879946], [122.6935172137881, -16.77723022814256], [122.70658735322257, -16.787460247840475], [122.73446722105778, -16.77763925699533], [122.75743739856968, -16.746039276150306], [122.76497723824463, -16.75199925597842], [122.75621734912669, -16.76185920628607], [122.7438171301822, -16.76935926668058], [122.74270727034173, -16.772189236729798], [122.76966620795092, -16.75265922585206], [122.77721612769213, -16.76086921569478], [122.77353622765439, -16.751399225736233], [122.78664633738461, -16.77167820550225], [122.78160634699542, -16.747409265486134], [122.80985624590852, -16.774288204875727], [122.84557616404217, -16.792017214004343], [122.82347611486408, -16.76983825447064], [122.83339630385633, -16.75826820412245], [122.82141623461901, -16.756968244444664], [122.83842621311037, -16.744468243894957], [122.81002619525741, -16.752828244732893], [122.77569622703237, -16.735459245573594], [122.77309629627834, -16.70450922544681], [122.78414615528618, -16.69595922508448], [122.76279632713914, -16.71031925577111], [122.743877238093, -16.700109216233656], [122.74180725772744, -16.683389196184013], [122.77111627413514, -16.62859926501337], [122.77900604230533, -16.58492919451252], [122.7712962929757, -16.590299234761744], [122.81011509906925, -16.54528923339351], [122.81793536837156, -16.539158253137526], [122.79476506086841, -16.5716792239892], [122.83341534799045, -16.56068824284868], [122.81649536897052, -16.556108233286647], [122.84773509662543, -16.54648821236239], [122.86142409491403, -16.519088251809055], [122.87530423432858, -16.530208191499856], [122.88423403374152, -16.530237271255395], [122.85389432521988, -16.512678281974715], [122.86308403421447, -16.49908827163436], [122.88410409309662, -16.508027251115543], [122.9043843011911, -16.488507250435006], [122.89808429039194, -16.44718726034008], [122.92530317692321, -16.389437219224348], [122.95523324532948, -16.401727258491135], [122.98766312261084, -16.380886237479938], [122.98242329367591, -16.405886247783094], [122.99164327232812, -16.380076227367447], [123.03890225865058, -16.35919622596395], [123.02028233040839, -16.37819622658563], [123.03489285008793, -16.40018598633689], [123.01476317156153, -16.40575618691225], [123.04308290069075, -16.43984615637503], [123.07669220850563, -16.44032519548299], [123.0450233515365, -16.473775236543084], [123.04285324125348, -16.45894520650493], [123.0238330226071, -16.462686237037875], [123.01541334284337, -16.451736197192645], [122.98299320535352, -16.46511623815114], [122.97910300595501, -16.477076248333457], [122.99750334500004, -16.48579625789424], [122.97107322761396, -16.516096208802637], [123.00803334553842, -16.528415227887134], [122.98979323685724, -16.532496268403925], [122.98502322793126, -16.558736228702138], [122.95443404057183, -16.580126239666516], [122.98474316894449, -16.593076258931756], [122.98657301922897, -16.607075228972995], [122.99651335841943, -16.601835228671632], [122.9957530295978, -16.64083520894426], [123.02328329672642, -16.604555217971022], [123.03867333619016, -16.621345257668192], [123.0361932777964, -16.67151422805902], [123.05062314738932, -16.6907742177987], [123.0787431155873, -16.69323420706713], [123.08376332444195, -16.664804276749976], [123.09403230502141, -16.709113256764958], [123.1266220229037, -16.71105319591768], [123.13884222145016, -16.688463195450055], [123.14506229159988, -16.70842321541614], [123.13264233326576, -16.73802323593406], [123.1187520740098, -16.731543246257605], [123.10346215542157, -16.745283266749873], [123.10254235657624, -16.78370327702284], [123.15291209370432, -16.801542265813687], [123.16213207435669, -16.846632265864464], [123.17777319361572, -16.85771921552789], [123.15355325583174, -16.87842423629473], [123.14911303743918, -16.924704206710523], [123.16864301612412, -16.92493425620134], [123.23484412289851, -16.969934244774116], [123.26336332212475, -17.011819264311097], [123.29061101291933, -17.10770723423427], [123.3445872807277, -17.162718213217687], [123.38341722016136, -17.24001920273913], [123.39273724158953, -17.316239222999144], [123.45928830788857, -17.350599231561606], [123.48328913746091, -17.397049211268993], [123.51426931586647, -17.418448260644944], [123.51128923627334, -17.42588820076643], [123.51229900645913, -17.435508200804065], [123.52419917556375, -17.43318819049698], [123.52315914614461, -17.4522785206464], [123.53751915519324, -17.45437824030842], [123.53386806618009, -17.481887180576305], [123.54521813504662, -17.469217250216623], [123.54355709600796, -17.501067260463945], [123.5627162747342, -17.503877240015072], [123.57687834426369, -17.523827179800367], [123.58035917560933, -17.584178210107716], [123.59314924442981, -17.573738219730078], [123.60012713240852, -17.51556723918347], [123.57965720300783, -17.48360724947169], [123.58276828123897, -17.42473825901369], [123.56448824201811, -17.405788229334807], [123.58099707939863, -17.350138248571696], [123.59378714880665, -17.36151722833552], [123.6029372975885, -17.33938720797009], [123.62381511246015, -17.19864718654955], [123.64623523053191, -17.1839372159141], [123.59064402218353, -17.100977206715577], [123.58355309088998, -17.033246176446355], [123.60070202912794, -17.010605245882495], [123.64798120562703, -16.999724224670395], [123.66004230584053, -17.039635184641398], [123.68920229437688, -17.060015224077162], [123.70443206289065, -17.042665203601096], [123.74087202106008, -17.068335192905007], [123.78922323988084, -17.152275222316693], [123.85198312664659, -17.195395211138333], [123.8625030464502, -17.21655519103371], [123.91250198288192, -17.211844239854052], [123.88771312436035, -17.202504220361128], [123.88553220411418, -17.18656521030689], [123.82961201666134, -17.13463521125938], [123.83425204592596, -17.11803526104297], [123.79645815563495, -17.00399321117729], [123.82039814385224, -16.997882200578445], [123.80256807477424, -16.986363190919008], [123.82687922239093, -16.957263230161473], [123.95927712084178, -16.85240224642943], [123.95142696052916, -16.818102246382388], [123.94213716198763, -16.852062216817103], [123.89333703540144, -16.85721318796798], [123.8839680265461, -16.877883218319273], [123.79612910332874, -16.911824190581424], [123.76096825479156, -16.875844171171515], [123.75834817399931, -16.837734230983692], [123.71759797538643, -16.784854181601958], [123.71153813496856, -16.75270419153552], [123.68151808694964, -16.75167324224491], [123.61776926933143, -16.67948317330653], [123.5028101164308, -16.65881224598246], [123.52056025501935, -16.650052195487508], [123.50660020576247, -16.643132175786516], [123.57388025082714, -16.62522217401829], [123.55566025170229, -16.612592214381], [123.57246003046893, -16.607992223940297], [123.56339019055008, -16.58824117403272], [123.58115009954003, -16.59450220364014], [123.6020109778372, -16.582131253051735], [123.58925112829598, -16.567440203265832], [123.61944111646766, -16.573769252574394], [123.61515097624434, -16.554318192550983], [123.58859127757663, -16.538288193091162], [123.57863112853535, -16.549829253409367], [123.52606105185792, -16.544400194661907], [123.54221106152202, -16.572011204445417], [123.5177512129812, -16.56612124500852], [123.51161103422545, -16.597742205366483], [123.49428101465473, -16.57079125561869], [123.51345100332551, -16.568401225129445], [123.46370117571105, -16.534791256142526], [123.46808128497948, -16.51821118592532], [123.42854105739163, -16.511182186866094], [123.42855112705927, -16.49885219678539], [123.49659110300573, -16.514521195193993], [123.49514103255643, -16.494041235096073], [123.46145222431322, -16.477001175821187], [123.47347120333768, -16.46999125547642], [123.54402112962296, -16.50453918395988], [123.53559098016012, -16.503899194162752], [123.53414128038037, -16.50863023422932], [123.64303226377584, -16.530026211717995], [123.58297202690598, -16.498548252968003], [123.66294312145912, -16.491076180983477], [123.599242234536, -16.44871723224571], [123.50535098992026, -16.419981214359453], [123.50278131974542, -16.40707117433857], [123.58222213509916, -16.4276682025223], [123.54785114684084, -16.408490203237566], [123.56308131583212, -16.407939212860743], [123.5112510287751, -16.39132125402624], [123.509130998619, -16.38022120400601], [123.57174112527784, -16.40835925265174], [123.59800130349278, -16.405648171993793], [123.60517107328269, -16.41553820188432], [123.59181112419657, -16.41711823221956], [123.6080021233636, -16.425738251882386], [123.66553224988398, -16.436616190564223], [123.69722198725243, -16.41483717966205], [123.67976126842679, -16.416157210088564], [123.68829109757837, -16.404818209809868], [123.64795129970823, -16.38537918065138], [123.62924103018425, -16.356739200915456], [123.65869119842672, -16.36285921024497], [123.65137130907394, -16.3694691604646], [123.66354109864001, -16.383359220262783], [123.67303106801485, -16.38309822003311], [123.66297122828033, -16.36797921017559], [123.7169111048815, -16.372378228913668], [123.69888014571573, -16.35911916925671], [123.7106301848209, -16.35401921894277], [123.69743007525628, -16.33751915914955], [123.62715012860018, -16.29048021053153], [123.61137923953238, -16.287070200891527], [123.62445014947015, -16.31724920077248], [123.59337025132851, -16.311219201487763], [123.59876017128094, -16.322789221432398], [123.55021025338789, -16.28314017235896], [123.54958022289324, -16.262791172241126], [123.56607001218174, -16.276280211925307], [123.58388931061931, -16.260600221387072], [123.59929909971436, -16.26407017103433], [123.57607009072323, -16.245280241477577], [123.61663921853463, -16.261790190598074], [123.6096692885156, -16.243760220648998], [123.58010929030378, -16.239210181339114], [123.60192928871864, -16.232390180762575], [123.58655905951406, -16.22491018108793], [123.58225922002075, -16.233690231250435], [123.56370915075865, -16.21623120158955], [123.60112898835213, -16.216350200676835], [123.56387906059342, -16.21035124154685], [123.56494898016311, -16.19657125143031], [123.57368904968017, -16.19959119123623], [123.5584689900381, -16.175941181453847], [123.61334918611233, -16.160480180013167], [123.63577897507959, -16.176150249572412], [123.62043905558492, -16.157680179822705], [123.6552690236253, -16.16829018905019], [123.65984930294766, -16.15341021884207], [123.67575914217952, -16.163200228523742], [123.6653590825373, -16.15119019869484], [123.67977925185431, -16.160580238410002], [123.69342901073558, -16.15109020802043], [123.70141922122582, -16.190250188086708], [123.7021493006903, -16.17116020794376], [123.7136390598601, -16.167529227645545], [123.70311914018588, -16.153880187806973], [123.72343897931663, -16.17087920743402], [123.71316926954647, -16.154069207568234], [123.72846925863514, -16.156799177221686], [123.70309825954222, -16.128669217641693], [123.7379091881265, -16.160599237022303], [123.77056803628409, -16.170579246314666], [123.81461904468705, -16.219639235602063], [123.77159904736948, -16.21613921659018], [123.79503901643096, -16.238819216187544], [123.79694917691678, -16.263019236301965], [123.78330912729349, -16.243019166491067], [123.78349921776335, -16.262129216612337], [123.77714916791241, -16.25178921669388], [123.74296900015256, -16.253109247510675], [123.74066030055972, -16.263259177632175], [123.78272015870975, -16.2976391768643], [123.78320005833574, -16.284049186763603], [123.79638002829002, -16.31610923666468], [123.81006000751704, -16.32065920637383], [123.79954008777936, -16.303959166510566], [123.82537007657763, -16.322809196029944], [123.84298019551984, -16.326209225641755], [123.84393025517916, -16.31502924554603], [123.86594928407014, -16.327859205119125], [123.85667999472906, -16.330159235349292], [123.86015005500524, -16.35030924540146], [123.87645011386438, -16.347039185002334], [123.86580025493399, -16.36221921534888], [123.87609011464761, -16.377660235212357], [123.83646998664597, -16.354359245978692], [123.8505801962794, -16.376460185795835], [123.8420402569945, -16.3828202260363], [123.85409919751288, -16.435151176100383], [123.87110917669578, -16.44704125578438], [123.86703902611228, -16.412860245653608], [123.88837908463601, -16.40952016513831], [123.89997903420735, -16.422819184958584], [123.88435897351408, -16.35364923486308], [123.90897902214145, -16.36290924435682], [123.88572914315647, -16.342809174760028], [123.91702898135364, -16.352189164101247], [123.89281897247048, -16.333699204536394], [123.88380928232029, -16.30401919454876], [123.94131925996126, -16.35981918359527], [123.97571904818872, -16.378929242937925], [123.98759902720803, -16.37041920261241], [123.97728898714841, -16.340399162648033], [123.93358895893972, -16.297709193362408], [123.96098819672808, -16.279809182618724], [124.0000881544898, -16.291818231810886], [123.96382822606522, -16.2601691924244], [123.95337816685172, -16.26472922269262], [123.96247823597284, -16.25280917240655], [123.95073826685037, -16.25769924270645], [123.95199827648733, -16.246179232601655], [123.91595795845076, -16.231459193329655], [123.90991823831821, -16.21027923332876], [123.9700782255026, -16.253648172239156], [124.00282814340984, -16.254548251502758], [123.99982824384972, -16.264708171637686], [124.00994819301971, -16.257428161361005], [124.01782821277402, -16.26832816125536], [124.02621803192798, -16.25572816098321], [124.04197811145326, -16.278318160778554], [124.12445697616823, -16.280418198957552], [124.17973713327434, -16.309567227937315], [124.17505714401418, -16.328197228162935], [124.19486722306321, -16.34254719782612], [124.18566707389762, -16.352667228093523], [124.20584722331212, -16.3838671878613], [124.19586692408248, -16.389007168112187], [124.21009703334074, -16.396997187856083], [124.20221697398273, -16.402487198063472], [124.20185697405891, -16.404747168086264], [124.21149709328384, -16.398477147835532], [124.22272727301444, -16.418427177724542], [124.32496620625548, -16.414907185512405], [124.33185620636335, -16.43946719552958], [124.30810704828095, -16.45540718613898], [124.31916694785882, -16.46867723599221], [124.39014597267803, -16.445177164341676], [124.40730608230245, -16.47859720420573], [124.39162703391392, -16.504567154705303], [124.40088693314313, -16.497327204463947], [124.4152271624828, -16.50993718424918], [124.39227717450927, -16.532997174880553], [124.41030704355092, -16.54323718457275], [124.4276072018464, -16.51790722404513], [124.43553693149401, -16.525517183931434], [124.4298161812684, -16.49847723387019], [124.44264622065694, -16.50889715367391], [124.44353612028823, -16.494927173562623], [124.46822603874635, -16.498537173077676], [124.44138623999561, -16.475397173477216], [124.41910620167586, -16.48520718400422], [124.4027859223986, -16.469647164240435], [124.40190609154607, -16.428997223988603], [124.38880605209289, -16.41520716417053], [124.33653619558835, -16.418807155293443], [124.38749600061583, -16.345606203735233], [124.40738600994185, -16.37327669350389], [124.42624570856968, -16.36680659306861], [124.43126587884943, -16.39406660314582], [124.44954558753636, -16.388606492731224], [124.44923566805068, -16.41089660288595], [124.49454560510934, -16.411666371959715], [124.50128554443071, -16.40078635174946], [124.59975486829629, -16.414285909848743], [124.74542416827798, -16.38996493681792], [124.84052287298142, -16.434306125291723], [124.91719352769778, -16.42080451375996], [124.9222943667716, -16.39112314346579], [124.94896421505184, -16.392073012977256], [124.95334396435459, -16.37131288275685], [124.91774430700698, -16.388063233529998], [124.90127357864203, -16.416034344025153], [124.81447362431803, -16.416395245667196], [124.78767415543894, -16.385844635975463], [124.72520444922466, -16.372184977091695], [124.69349457071121, -16.344704927527456], [124.57096494833999, -16.329275689859386], [124.48048543481089, -16.356426261879943], [124.46429553552778, -16.341216262111526], [124.42417568854309, -16.35956654306342], [124.41166570930508, -16.35724660330812], [124.40594564916167, -16.334196533273975], [124.39455596999808, -16.338516173540444], [124.41071601794546, -16.293616162904556], [124.38516608920618, -16.276086233321642], [124.39897604826656, -16.274006153018952], [124.40787598716936, -16.25065619267783], [124.37904609826526, -16.21661621305425], [124.40017594657058, -16.20168621251254], [124.38876608706252, -16.190896192679343], [124.39858618595174, -16.169465222331226], [124.43466501384367, -16.178795161642125], [124.44968494162201, -16.122015230952545], [124.44435514070773, -16.065375170685193], [124.45328494042735, -16.07841517058735], [124.47724510890228, -16.078525160093935], [124.47997497907132, -16.09412523014188], [124.4584350906313, -16.102505210641603], [124.5141450684309, -16.16465515991268], [124.50144500964032, -16.182675240292355], [124.51678496854035, -16.177425179944038], [124.50806504943796, -16.192865200225015], [124.50817520971854, -16.20601521031048], [124.51884524843817, -16.178805149911256], [124.52640523830003, -16.194745229863674], [124.52541524806816, -16.181185189793336], [124.53669513740978, -16.184225199584333], [124.52698522754925, -16.161995209633304], [124.54144495652648, -16.15760517931022], [124.56072512446498, -16.119444198665], [124.59926492217105, -16.127384177942496], [124.64695410849833, -16.09809421679572], [124.61811524016107, -16.08974419731376], [124.60938524118609, -16.111614197634466], [124.58904525252306, -16.113344168053683], [124.58054491112594, -16.023214227622013], [124.59549499026657, -16.027404157349526], [124.57946492070583, -16.000514147491934], [124.59054609992334, -15.996788197244094], [124.58889402952737, -15.973483187121378], [124.61989435805201, -15.996253456652664], [124.616244317989, -15.982473376633344], [124.63714447670097, -15.984123256227658], [124.63404989720395, -15.998556386385875], [124.64264454644359, -15.98840319614697], [124.63902440651307, -15.980883176168572], [124.60558434839588, -15.969953386762826], [124.61305436789883, -15.968803376605608], [124.61555454764866, -15.964493356526768], [124.59845418879628, -15.967593146889971], [124.59687416836805, -15.942963206756833], [124.62601401605788, -15.920873146025817], [124.60785417656994, -15.891303196190808], [124.6545641328339, -15.853583205006998], [124.68158395188274, -15.888902164709522], [124.68201417102655, -15.849502164436794], [124.71194416894008, -15.839452223781167], [124.7045242288729, -15.814042153756095], [124.7415941467256, -15.822262203086824], [124.7008241584843, -15.784452223630115], [124.70428409794414, -15.768962223458187], [124.71901352704892, -15.770052133176835], [124.70299422797261, -15.766482193466864], [124.70435322754714, -15.750202193330873], [124.69359390890476, -15.782992143762458], [124.6753941000769, -15.784732224132918], [124.70479312732829, -15.74105214326079], [124.66045410094296, -15.781603184407512], [124.6338742127894, -15.790463154995194], [124.63279422261185, -15.778943144939484], [124.57202409817474, -15.861213216709897], [124.5294249130216, -15.961154178242126], [124.49649501588944, -15.997044199154688], [124.49197518534412, -15.959114148994045], [124.51246497350964, -15.93440419840931], [124.49243490480727, -15.935954188829895], [124.48731501478888, -15.920394168831082], [124.47670508592319, -15.941564139190737], [124.47489501480753, -15.885664158854613], [124.47891512472405, -15.89336420882326], [124.49941498335585, -15.889764198378067], [124.4836649443471, -15.889804158701732], [124.4751750745266, -15.873694158768872], [124.48426507380026, -15.866614228534422], [124.46095507498757, -15.854104228931451], [124.45935524428448, -15.817694178721254], [124.47328506352449, -15.822754168467412], [124.47665504325842, -15.820244228381172], [124.46028512418903, -15.816004158690728], [124.46381492368656, -15.803224158532359], [124.4624951533642, -15.784864168436922], [124.46256498374834, -15.802484178553245], [124.44338492509503, -15.809184228995232], [124.45828495421303, -15.811424158701492], [124.43906493672064, -15.870354169493456], [124.42485500710725, -15.847604239637036], [124.41752504821638, -15.876784209984594], [124.40929505844463, -15.863834210069935], [124.41029515709003, -15.805884199662199], [124.38595520663269, -15.717544169582288], [124.39593514631738, -15.731164219463796], [124.4076650053404, -15.720044179143894], [124.42380523461604, -15.732554178890458], [124.41922495470922, -15.723944148928451], [124.43726493331185, -15.711454228469266], [124.4168651547766, -15.72038418895392], [124.4090351750534, -15.710984229054713], [124.39735495611407, -15.726014149399639], [124.39322505528138, -15.677294179160812], [124.36882495666994, -15.671864209637826], [124.39024494513258, -15.662394219123824], [124.40247521488432, -15.685164229019485], [124.41267514416901, -15.681414198781036], [124.41437505308, -15.637214208450093], [124.42152500330828, -15.66734422850221], [124.44369521198946, -15.66972417805667], [124.44466509159969, -15.654814157936816], [124.45720495085803, -15.656324187686879], [124.43651504185239, -15.643484148030417], [124.43378407156706, -15.623003207950285], [124.45046395009138, -15.602753197468214], [124.45247419026435, -15.616193167516442], [124.48296438844307, -15.61882324690385], [124.50063425774414, -15.636673296659986], [124.48822432817782, -15.621513256813545], [124.49713401750081, -15.615673156591251], [124.45437390008854, -15.613533227459262], [124.45388395964049, -15.591863207324426], [124.4334741112632, -15.60843319785929], [124.43060419098843, -15.588073207782868], [124.4095841727571, -15.609443168364612], [124.41604398259746, -15.620154168301172], [124.40565403318355, -15.617714188502156], [124.41381416210665, -15.591923148159005], [124.43004403072084, -15.574453157703438], [124.41756395091903, -15.548883157792789], [124.43632424972641, -15.546973187388797], [124.4460140187308, -15.528803187065717], [124.4657942076976, -15.536883186709765], [124.46170423739328, -15.511693186625742], [124.4865341555589, -15.49726321601623], [124.49619402539027, -15.51653320594654], [124.51043421470632, -15.525113175711715], [124.49254399494892, -15.486163165818116], [124.44579402822114, -15.505133176911837], [124.47665393573686, -15.477883156090172], [124.50739401398943, -15.48372316549666], [124.51721299306139, -15.468613155194141], [124.5215031231588, -15.485113215216973], [124.52981297247953, -15.477183224993984], [124.55468323151571, -15.502782194659245], [124.57995305990313, -15.499592144126042], [124.58034295031861, -15.520042214255403], [124.59583303944267, -15.523392193965584], [124.59907302888212, -15.506462213786753], [124.6174830477009, -15.503832143399489], [124.61445292822151, -15.519562153565843], [124.62877304747494, -15.525652193320093], [124.62437311746949, -15.51274222332138], [124.6388029863996, -15.503902142973766], [124.62155323738448, -15.500652153296617], [124.61786319687332, -15.466082173138343], [124.64468320436455, -15.424792152324931], [124.6537930240306, -15.435172222213343], [124.64220318532708, -15.46310219263184], [124.66753312421888, -15.483732172266963], [124.67707312352009, -15.478182222040738], [124.67329311407293, -15.493492212218472], [124.67420320411377, -15.498072222231245], [124.69078300247065, -15.468012221701533], [124.67165298331781, -15.452882141977925], [124.66891304297283, -15.428592211868887], [124.68709303155578, -15.413702171409035], [124.67618322194382, -15.400672141537083], [124.74478193697874, -15.36177116992726], [124.7047319493591, -15.35982214069874], [124.705342148982, -15.34354115057712], [124.68877207027467, -15.357482130997585], [124.66199307183923, -15.354932171510772], [124.67236218102963, -15.346232141246508], [124.65647212179117, -15.336862151498945], [124.66192219120943, -15.324872171309936], [124.69104221962814, -15.333182140789212], [124.70720189839459, -15.32079121038735], [124.69249192903636, -15.309111180598544], [124.69689221850645, -15.296451150426499], [124.66732218028875, -15.296622171012618], [124.6792921793996, -15.28857221072118], [124.67468200897117, -15.255022180586618], [124.7013821578581, -15.278361170216177], [124.70504189711643, -15.253381209975837], [124.77058202418917, -15.302051139022915], [124.76180202521458, -15.326141169355797], [124.73613223711519, -15.343151169970703], [124.75326208631391, -15.354411149712428], [124.78324216327125, -15.294451168726399], [124.83130218101978, -15.325901138013881], [124.82217222128456, -15.311871218094083], [124.84680197954162, -15.299041187536476], [124.83638214051975, -15.316351157852262], [124.84767210058473, -15.353161147885228], [124.86234207981838, -15.359101137646162], [124.87570201869677, -15.34348120728727], [124.93238119589572, -15.374721186431799], [124.93709104591066, -15.389841186446006], [124.92675113661635, -15.39383115666625], [124.9452011255368, -15.395771196334818], [124.94592112525443, -15.383711186239875], [124.97133209444819, -15.420921166019399], [124.97885101376907, -15.409591155803668], [125.00299193306236, -15.44838015562101], [124.98409190462814, -15.469571186112416], [124.95220204668303, -15.475211136741338], [124.95295193691409, -15.489211176821987], [124.98447209473115, -15.476001156148866], [124.96180216636445, -15.488731216654394], [124.98135196506809, -15.48347116625697], [124.97987199530277, -15.49082119633399], [124.9817519252699, -15.494991146327457], [124.99624191403272, -15.476981155938576], [124.98691215516727, -15.505821216305439], [124.99952188448688, -15.51043119610441], [124.99783204431357, -15.496291196039884], [125.00140217423865, -15.50361116602373], [125.01017210356372, -15.496480215814492], [124.99980198416881, -15.495040215995198], [125.0040420435501, -15.476620165792708], [125.01834197257814, -15.471480185495672], [125.0229121329694, -15.505920205645012], [125.00211206447146, -15.517741176106219], [125.01412202381546, -15.521770215913095], [125.00460220452874, -15.528471156133014], [125.01711221407817, -15.544651186013045], [125.02206220319312, -15.514750205720278], [125.03952219226191, -15.521790195449242], [125.03094195244981, -15.50443018548824], [125.03988219177594, -15.497840185280655], [125.04425190177321, -15.511490135293462], [125.04501219144699, -15.497030205181792], [125.05480204087912, -15.498580165014392], [125.04170201144368, -15.486420195170242], [125.046892120882, -15.473750174990052], [125.05228204072324, -15.482540184951587], [125.06263095967546, -15.460920214617492], [125.08866147813396, -15.46320036416273], [125.22530740183173, -15.57228072248281], [125.421194531985, -15.696011179998486], [125.30072632795482, -15.613760811464271], [125.27669665896595, -15.588120721701696], [125.28762552821074, -15.583551241483162], [125.25486806017473, -15.580880232028592], [125.22402702132567, -15.540725182290977], [125.21663303201413, -15.553412172505931], [125.14150584526948, -15.48193207334417], [125.07004118882634, -15.440230204343234], [125.09085998592946, -15.354970143389778], [125.1230101636162, -15.335420152680362], [125.14209014242958, -15.33353016232729], [125.14383002259602, -15.34790020239385], [125.14426995216574, -15.32652015224095], [125.1591300214343, -15.335250162036424], [125.16410018104636, -15.330560171916574], [125.15775013096948, -15.306130191863206], [125.15252008159122, -15.322420202066551], [125.14655018179394, -15.31410014211612], [125.130539893018, -15.327820212494341], [125.13678012243412, -15.31684020230858], [125.12478998315065, -15.316540142520484], [125.12657990323342, -15.326590182556686], [125.11701004367134, -15.319280202678211], [125.11878985374649, -15.328880132711477], [125.08857000573705, -15.3376901433139], [125.09838004477787, -15.318450213006845], [125.1101401241031, -15.320220152807675], [125.09917993464781, -15.314160182963372], [125.11553007343215, -15.302010192587563], [125.10191992426269, -15.302620212835862], [125.10186987403299, -15.290420162754017], [125.11892990234605, -15.255600152211802], [125.10510987328477, -15.261380142498824], [125.10033016403949, -15.285910182751108], [125.09001004393053, -15.247790132678338], [125.08662999445063, -15.264380192851812], [125.07746006468005, -15.247660172904032], [125.07342988504153, -15.25391013301932], [125.09566995426587, -15.283100192815876], [125.07977018536953, -15.29084019315507], [125.09430985451822, -15.292030182900925], [125.08125989573045, -15.31434018328748], [125.03965106798543, -15.30138017395475], [125.04495999732707, -15.283850163739215], [125.03495092801239, -15.288180143951102], [125.03068093800908, -15.274780133938334], [125.02638109876288, -15.300300184189837], [124.97913112217661, -15.329380165255904], [124.92009112627555, -15.356451186538404], [124.89792088728413, -15.339911166843372], [124.90679093629949, -15.317411166524336], [124.89148118742865, -15.32773118688253], [124.88306118769856, -15.315891156961634], [124.89524105675366, -15.305341176660315], [124.87614089783631, -15.302011176998864], [124.89385109616542, -15.271791146459819], [124.90465108559533, -15.275711206282763], [124.90461111519379, -15.255490166146814], [124.92282100439994, -15.270470135905994], [124.92744087330273, -15.229210175540375], [124.96950110045006, -15.212140154640789], [124.97211111059083, -15.227230174694547], [125.00565084887081, -15.241920154174696], [125.00456007859519, -15.22445016407643], [125.04681003537732, -15.188700193060566], [125.04148997549868, -15.178570143088875], [125.06022005442469, -15.180770202762833], [125.05604007435869, -15.164420162727904], [125.02017003659294, -15.169490143417292], [125.01383005667849, -15.15449019343198], [125.01425991706857, -15.175840173568787], [124.99283018877587, -15.197830144112244], [124.981980159289, -15.19097016426626], [124.99492035795018, -15.161990263830885], [124.98482989882432, -15.175940164111752], [124.97015017946897, -15.164240154304409], [124.96106091062757, -15.19556015468529], [124.97111101027814, -15.208290214584864], [124.93518088201034, -15.187400145112635], [124.94379098200586, -15.213120155125823], [124.92301109349837, -15.225720155599785], [124.91716109363722, -15.215120135637857], [124.90795119479709, -15.245650206017427], [124.87578089705137, -15.261901136734703], [124.89183111545584, -15.23032014621764], [124.86885085709895, -15.243621156742638], [124.86750087673606, -15.221591136619411], [124.88115099565522, -15.208420176271554], [124.8642810563912, -15.194931156500424], [124.89638116404518, -15.17343016574708], [124.85482095672593, -15.183551196603538], [124.86155115603178, -15.169030146377276], [124.83772095773735, -15.183141166927157], [124.84580118684158, -15.16269019663458], [124.83392116745271, -15.157951136829686], [124.86900102510164, -15.144870176072343], [124.8706911946258, -15.126220195914147], [124.91039019188152, -15.106790205032237], [124.94324990030512, -15.125560154543242], [124.95169011956034, -15.11322015430221], [124.94947000989575, -15.123530204413425], [124.96147992908833, -15.118730134157248], [124.97445002864433, -15.135300214028659], [124.98774014744231, -15.11424020363994], [124.99707998705567, -15.122800213525492], [125.01114985564969, -15.09349018306772], [125.02986986492479, -15.113270192858431], [125.04771001316833, -15.077100182287205], [125.0202801842061, -15.047030182584924], [125.02621012355154, -15.03133014236966], [125.01419005433266, -15.035070172615653], [125.02517907285593, -14.992360152124146], [125.01197895345217, -14.98315016230409], [125.0330692024629, -14.996000192004297], [125.04462915156003, -14.984430141714459], [125.05565916120798, -14.999770191617525], [125.07429890965145, -14.975749201115786], [125.09283893880023, -14.988139130864633], [125.05901909155904, -15.028260161749808], [125.08347891035417, -15.04059916139004], [125.07237901147504, -15.064890161755914], [125.10080892978712, -15.064459141239439], [125.10552888891239, -15.033169210941953], [125.12567918792041, -15.043489140650548], [125.13341915775617, -15.058939170617162], [125.1220590090471, -15.091629151042453], [125.1632491477303, -15.15134919071444], [125.17430904667368, -15.130059150373977], [125.22426915354255, -15.121159149435664], [125.21249896415169, -15.116349179608777], [125.22701917324348, -15.113809209337646], [125.22545894314382, -15.103419149294178], [125.24445901219327, -15.112939169028031], [125.24196891218087, -15.104249129012162], [125.26600898067794, -15.099969168566266], [125.27102919063204, -15.113719208573187], [125.28110916973898, -15.097529188289132], [125.28972900926685, -15.099639148155243], [125.28230904050832, -15.143609188582344], [125.30586887908159, -15.142149208168158], [125.3349388977277, -15.16290914781418], [125.33158906763036, -15.146439157758829], [125.34598802671427, -15.143089177491722], [125.36820791562147, -15.155849177203546], [125.37830808478478, -15.142599196943337], [125.41187812305381, -15.15755818648409], [125.48133793887344, -15.154788185319266], [125.48423808843415, -15.139378205166564], [125.47930788863407, -15.134018155210525], [125.39709795347491, -15.131688136554077], [125.3576581353993, -15.108359157057535], [125.37753804422933, -15.10882815672587], [125.40192803235597, -15.084648206152297], [125.40215809197268, -15.06374812600576], [125.37013788404197, -15.073728136610834], [125.37548787335119, -15.052698206377286], [125.41148786113382, -15.047438155738757], [125.45928722774704, -15.01488813472474], [125.46245736730458, -15.000188064572074], [125.47479706665867, -15.004758084400702], [125.48160719615105, -14.998568054246814], [125.44138726852962, -14.999428194914383], [125.44394722863129, -15.013838184970558], [125.42098815011933, -15.021638295404399], [125.40898764041857, -14.998568335446619], [125.4093775408638, -15.02508834562128], [125.38594800237581, -15.032538206063984], [125.36537795285358, -14.991408206129202], [125.35293817389696, -15.00886811645853], [125.33733792470213, -15.002618156680368], [125.33951811428963, -14.986798136535386], [125.31875796585294, -15.005859157018847], [125.2856080876806, -14.999179177541482], [125.2780981377502, -14.97880919753201], [125.30464812588076, -14.961628206958453], [125.27120810780298, -14.959579167519866], [125.25439788913327, -14.978389167939108], [125.25765802830637, -14.943738817646425], [125.23958822933747, -14.942308807950695], [125.23422817007588, -14.965329188200952], [125.21372795136053, -14.969799208589778], [125.20781787128666, -14.947159168539265], [125.22057805056578, -14.94856920832523], [125.2307181894283, -14.91911912794737], [125.24454792852522, -14.913939187671032], [125.25504805814396, -14.926569147574664], [125.25630803757953, -14.899819167370454], [125.269908127398, -14.933268737362969], [125.29469811603367, -14.937958196967722], [125.30769803495176, -14.92020812662365], [125.29462789541283, -14.903568216734348], [125.30808792472033, -14.908688126538376], [125.3070979344611, -14.891188156435918], [125.31140785437007, -14.90003813642252], [125.3339870427161, -14.881298155909297], [125.3050480944046, -14.881478156404786], [125.28667800495514, -14.852958146525836], [125.27395812600693, -14.870078126862056], [125.27169804583909, -14.853698136789388], [125.26410819649455, -14.865408207000591], [125.25428809682894, -14.852508157082928], [125.25095808738507, -14.872249197275377], [125.23552811819656, -14.867559197512048], [125.24912786679835, -14.834528207049988], [125.24414795703507, -14.831688187117273], [125.23174810817447, -14.854449177488652], [125.22457800847171, -14.847989157569938], [125.22356786887457, -14.866599177714434], [125.21010820962545, -14.864869187938538], [125.20891800928591, -14.84284915780939], [125.18412805042821, -14.826939138137696], [125.19527795979299, -14.827549157945095], [125.18950789968399, -14.803759197884764], [125.20517796854008, -14.791009157521815], [125.19298802924834, -14.791189167737715], [125.19467786887107, -14.776179157605622], [125.18160100992777, -14.792310177946458], [125.19003816912398, -14.775369147681953], [125.1667980007499, -14.790499138196402], [125.16970789036222, -14.778789158064997], [125.15466817100055, -14.766529168248777], [125.15079819138505, -14.775089158376012], [125.14143816140817, -14.747659128356212], [125.1598078800575, -14.732109217922837], [125.18898805865598, -14.747019137507282], [125.17985700848732, -14.709839157415308], [125.20114704704324, -14.697958176958366], [125.2114869568899, -14.721698186938395], [125.21286683582723, -14.668648146552314], [125.23436712445807, -14.66116814612461], [125.26211701345399, -14.69306819585918], [125.26083684288088, -14.657768125640384], [125.30842704001611, -14.649928144765568], [125.28845712067198, -14.623208124926448], [125.28035715144377, -14.640198145182334], [125.25687685260792, -14.630518205523098], [125.24902705269972, -14.611118155527198], [125.26087718210518, -14.615538135351303], [125.25538714209073, -14.597678185324725], [125.27450602095462, -14.595078174975265], [125.28248616019997, -14.5785882047246], [125.3035861190181, -14.579568204367762], [125.30041594881125, -14.5582181242763], [125.32571602784685, -14.584398144021563], [125.32824613724979, -14.5592282038062], [125.34759609624977, -14.564718123514078], [125.34206616578969, -14.52156914331288], [125.36414497425766, -14.505729152829607], [125.35505604559435, -14.551757133298713], [125.36893586501704, -14.56354712314437], [125.35459595619795, -14.584048143527479], [125.37467603508148, -14.585487143197586], [125.39443607359652, -14.565097182725337], [125.40009601341121, -14.572797142683097], [125.39960604298597, -14.547167202515787], [125.41027608235358, -14.545617142326442], [125.42498602223613, -14.586417122360393], [125.41345593314007, -14.60049715264919], [125.43823585196134, -14.613777192327511], [125.42995586291933, -14.641478212654828], [125.45003590146264, -14.623748122200277], [125.43725590168121, -14.594587132212306], [125.46342505037754, -14.605277151852539], [125.45237482055171, -14.579167151856074], [125.48343492859311, -14.568017151267934], [125.46739511935147, -14.559227211471402], [125.46653506898834, -14.53551716132299], [125.48046488814143, -14.532178151070871], [125.49139488800809, -14.560318191084649], [125.48861493745605, -14.519220140848255], [125.52031511533737, -14.500231130200458], [125.5290648952197, -14.522268160209688], [125.5413848443115, -14.509877139925145], [125.56061494330757, -14.514785119648819], [125.54800415459218, -14.548395180082764], [125.52992457557794, -14.546086770359263], [125.53479502560572, -14.563897120402636], [125.59933509192011, -14.562626159358235], [125.57247514319221, -14.547665189684292], [125.58098409237525, -14.527815149411701], [125.59649506164367, -14.536545129224189], [125.61371386023528, -14.51062414877244], [125.6023839306692, -14.498294138867548], [125.58822405159371, -14.50571519914416], [125.60066387069448, -14.49400519886542], [125.60127297964635, -14.433509178439738], [125.62195281814118, -14.412900177969751], [125.62271314764546, -14.38570117777055], [125.61042308841196, -14.390411147997801], [125.6080229582876, -14.374941137929492], [125.58857287929072, -14.36992112820488], [125.6037029680036, -14.343552107782196], [125.58226209855596, -14.305343157861548], [125.59879185710768, -14.273772127380164], [125.57369193829471, -14.261633117698196], [125.59215093697149, -14.243732127279365], [125.60826199639178, -14.262362127150807], [125.5976110765504, -14.23663219714331], [125.63315098457598, -14.236052146575055], [125.62630088510089, -14.244842176743933], [125.64097088433324, -14.247492136530457], [125.64153105460679, -14.265872206648256], [125.6485708838453, -14.243412166382655], [125.66672207357776, -14.28817213640629], [125.7032818618068, -14.30405118594656], [125.71792197056136, -14.277441155536739], [125.73007197994454, -14.280971145373954], [125.71453185106083, -14.296621165721351], [125.72376190080072, -14.312221125686609], [125.69721297249205, -14.325372196187619], [125.70460305221503, -14.333632136130044], [125.725703040892, -14.324531155741623], [125.71757314149997, -14.334102195932875], [125.72636289113477, -14.341801155850572], [125.70214280258548, -14.347953116266861], [125.66418295448955, -14.334983116768564], [125.66830318462627, -14.357252896857519], [125.67803287407419, -14.356713156701899], [125.66614282518418, -14.383822157074299], [125.65120282608207, -14.38757119733426], [125.67071302552898, -14.420350177254447], [125.65930279652069, -14.441659127579609], [125.6775929756617, -14.451967177364837], [125.68873496581064, -14.499392157518075], [125.6520239995805, -14.602036168797131], [125.64853486057635, -14.650212169183076], [125.70672490463173, -14.489382177170471], [125.73102383305995, -14.476975126710789], [125.77441390065748, -14.479696186067665], [125.80356308845167, -14.444186155382557], [125.81629413783314, -14.450346195233966], [125.8025738290598, -14.479066185638118], [125.85208388591896, -14.456676164744238], [125.85913411580722, -14.474966134766131], [125.82806400765166, -14.480906135268887], [125.81721393852641, -14.497576115546149], [125.84989293728009, -14.535896145323703], [125.82867311858973, -14.542756135686638], [125.85020289770176, -14.564006125513128], [125.83058290914657, -14.585076195950133], [125.84927301818685, -14.591666175717789], [125.85142294838398, -14.612117145827051], [125.87624312687865, -14.606246175420228], [125.88130293685481, -14.623316125463715], [125.89477304608288, -14.623076175264698], [125.90830293589224, -14.6608961553284], [125.92131295482534, -14.639806184993688], [125.9210030350129, -14.650906155074852], [125.93631310406793, -14.646316154821557], [125.93304285368934, -14.60923615461262], [125.90270310491363, -14.576476154827036], [125.92059296329649, -14.537226164295413], [125.94568280189812, -14.538716123942738], [125.96476281052288, -14.519216173533657], [125.97253304048289, -14.545726123605796], [126.00030197904735, -14.5549761432745], [126.01547203765887, -14.519466112814158], [126.04192194641746, -14.536706152561786], [126.05130211576977, -14.528786152375822], [126.04634205521704, -14.472206192053159], [126.02477190621838, -14.457786132255952], [126.01961310581926, -14.411366112007098], [125.98547286785545, -14.419516162547692], [125.97668312795386, -14.39328619249156], [126.00616278640015, -14.399756202116826], [126.0458211235808, -14.359146131276862], [126.08844006108627, -14.351195180628942], [126.07289996184417, -14.343735160792432], [126.07391010152382, -14.325655150652977], [126.09022998057875, -14.323135150409499], [126.05340991161482, -14.254195140442798], [126.08126995978093, -14.234145119915812], [126.09394085922364, -14.243985109808841], [126.13322912687144, -14.231434149182563], [126.13664801629449, -14.20432417894758], [126.14776806575055, -14.209154188829897], [126.16019777460089, -14.176474128434247], [126.14128807537314, -14.157764118560744], [126.16972701364772, -14.146174178094794], [126.10443595620994, -14.075736128495237], [126.08780612726827, -14.0861561487974], [126.06406589837619, -14.073336179038394], [126.03252706041732, -14.095086129631667], [125.9930868721691, -14.068197110004164], [125.9762370926576, -14.039627150046917], [125.98296582194286, -14.016387149789278], [125.97292581222068, -13.998658159810187], [125.98385613149543, -13.989798189592015], [125.98413583172537, -14.006127159701336], [126.01436612037337, -14.025427119404744], [126.01015697119739, -14.06541718974203], [126.02671588957355, -14.016707109169458], [126.04003590897523, -14.025146139040324], [126.03477596945505, -14.038286139205624], [126.05599578812974, -14.026586148826413], [126.04334609847244, -14.003227178841543], [126.02187606954149, -13.99684717909995], [126.03819488843114, -13.981517108763178], [126.06536478705908, -13.988207178428777], [126.07475503732803, -14.041456108667964], [126.10262479580355, -14.040826118277518], [126.08639492636948, -14.019066188350687], [126.09665383551553, -13.99856617806614], [126.08641506591172, -13.987666178132123], [126.10724397462636, -13.976736117768176], [126.08387492596697, -13.982016168128084], [126.08227396587276, -13.969596158063965], [126.01121503906013, -13.92570810875699], [126.03873380750869, -13.920997158335087], [126.06275408653714, -13.94293717815059], [126.09482397411709, -13.895326187373417], [126.08532390499994, -13.92093612768325], [126.10787392375886, -13.919046127358177], [126.0860039652163, -13.93832610779475], [126.08564396534248, -13.945666147850785], [126.10497378400949, -13.92558615744367], [126.13236404280548, -13.944476167198903], [126.13423390233899, -13.918956126995717], [126.15839383098299, -13.915026186639356], [126.14843408201295, -13.949676187015909], [126.1262137934175, -13.96399618741891], [126.15870379174957, -13.970126157018791], [126.13094382349088, -13.986926107513716], [126.10977510523361, -14.028276158091746], [126.12679410429132, -14.027026147849451], [126.11726384468831, -14.018656157921901], [126.1870440701896, -13.968115116622291], [126.21583398862629, -13.967565136233455], [126.22103381862857, -13.987894156305961], [126.19339412001477, -13.980085116620439], [126.14431388316783, -14.014976137526446], [126.18503383097035, -14.015795126981343], [126.20071396991128, -14.000935156667662], [126.2247238189648, -14.026405136525302], [126.21748385958821, -14.042915116736467], [126.16026511290707, -14.057526157605933], [126.14953495363338, -14.067496177820834], [126.15083490374283, -14.080146127891183], [126.1918648013095, -14.066255177240983], [126.17038507270452, -14.08212612764032], [126.16571588341452, -14.114225157926699], [126.17815603241112, -14.091365167599884], [126.21421507023457, -14.076474137013667], [126.20580580090383, -14.091525107230499], [126.22170593029963, -14.110464167150834], [126.17940703289331, -14.130345157854292], [126.18568689269068, -14.140374127839697], [126.1929667822469, -14.137194167719976], [126.20719685143975, -14.135244117516303], [126.20893710136167, -14.13647416750168], [126.18597809304887, -14.166924128020513], [126.20465780227828, -14.185174137897645], [126.24328798002195, -14.175704177319853], [126.23312802073438, -14.186794147531067], [126.2480579398967, -14.185623157326164], [126.24812886023913, -14.210703107499864], [126.23340812095265, -14.203633147644595], [126.21600893237083, -14.236554148104117], [126.24097891080886, -14.223383117682218], [126.25363905032766, -14.239163167625668], [126.27253903884444, -14.207133157155477], [126.26972886940233, -14.23652310739682], [126.28217908844394, -14.216713127096734], [126.30085876764282, -14.233603146972444], [126.31268801655231, -14.201263176594608], [126.32385810602061, -14.207473166494479], [126.36080705375085, -14.189923175901487], [126.32309598539874, -14.158183156160575], [126.32089602528738, -14.140963166068712], [126.30549700631799, -14.154733186362888], [126.29757701653647, -14.13882316635429], [126.31522603530156, -14.119002185988414], [126.31446607505015, -14.097312175846914], [126.34501493339087, -14.097993125460556], [126.33433484333048, -14.050022125262087], [126.39433387008962, -14.051762104514747], [126.39656299948419, -14.014902154229299], [126.4253529178857, -14.012052113850629], [126.43837301679991, -13.982712133484382], [126.45436275622465, -14.005202143444851], [126.48523204443072, -13.995682113001395], [126.49527209340424, -13.957622102613266], [126.51149164261834, -13.964711962467193], [126.53700075086239, -13.934432161949534], [126.5543707401427, -13.951811151864861], [126.55668089995639, -13.946841181802675], [126.57124107909313, -13.940501121586328], [126.57739095892576, -13.953821121607376], [126.56523087946178, -13.944121111682556], [126.50897186331146, -14.008832092806443], [126.49104207427983, -14.008562113021076], [126.49720276441847, -14.045832093207368], [126.4494739475021, -14.083722194053971], [126.45468387747269, -14.103512104128372], [126.47881289623253, -14.109632103876587], [126.51374299389292, -14.075482143215627], [126.52545307333212, -14.08165218311849], [126.5251528234833, -14.092392153197258], [126.49949310498232, -14.100172113559934], [126.4991629953817, -14.130272163774487], [126.51545404483146, -14.15740212376832], [126.56978308163265, -14.139781112999803], [126.56500410284657, -14.216751103594898], [126.60167405105716, -14.235811113299663], [126.60699305008471, -14.18008114284761], [126.6336229687549, -14.191201172618362], [126.65142281756283, -14.173441122290258], [126.64732276735735, -14.137531122085269], [126.66099197633673, -14.114750131769737], [126.64485208676682, -14.077081171689581], [126.66326176577587, -14.078120131486976], [126.6856019248604, -14.10368013141363], [126.68936175450807, -14.091230171283938], [126.69384303477594, -14.134710151538739], [126.71967197319684, -14.120590131151188], [126.71023201347533, -14.1002801111137], [126.72975195231521, -14.09217012083981], [126.73717193165845, -14.070430180605069], [126.72314202236153, -14.065190110723613], [126.76274091003233, -14.050079100181108], [126.74144392080954, -14.017167140183682], [126.75330194010601, -14.011909140016236], [126.73572492110229, -14.015669140236309], [126.72172991203372, -14.030479150495484], [126.70080690306465, -14.021555140666289], [126.69385190319495, -14.000602150597185], [126.70534491225943, -13.973913140280844], [126.72712392136702, -13.998347150209838], [126.75156182996834, -13.991779159893845], [126.75071079978784, -13.972129109765062], [126.77214089875632, -13.983159139608], [126.78681086781657, -13.97025909935781], [126.79699096729213, -13.972499189263454], [126.78762087780102, -13.972739129366474], [126.77355099867565, -13.982769179589893], [126.798041077275, -13.975999109276747], [126.80720093689698, -13.986369169251068], [126.79344098767466, -13.989329099420203], [126.80132103728535, -13.99259915935817], [126.8103210267028, -13.984109099201648], [126.81288098664311, -13.991109109223439], [126.80745073695607, -13.992809129293693], [126.81001106687472, -13.997889179301936], [126.8382998450448, -13.971059178811103], [126.87870016298325, -13.982048648463172], [126.88215039297725, -13.99855868854349], [126.9053801215754, -13.985218438208527], [126.83946988449894, -13.927679108493221], [126.80557982635396, -13.930459098875046], [126.79958009614047, -13.88301912860578], [126.77281983732009, -13.860709108739185], [126.76046104737824, -13.80819914850487], [126.7431579281159, -13.792278138583338], [126.76652190667285, -13.774826148203534], [126.76321292703409, -13.790986138353544], [126.77771291614889, -13.781005148124777], [126.78849190568786, -13.790851148076873], [126.79369691523938, -13.775716147913851], [126.8190749238114, -13.768605137590262], [126.83180492333567, -13.786526137580411], [126.82623984387776, -13.808528097794854], [126.84232897311452, -13.816968107682946], [126.84737907263208, -13.797748167493925], [126.87294878128489, -13.798988187233139], [126.85132793198385, -13.75819812717331], [126.88100882030507, -13.748648126793716], [126.92177774843995, -13.77610812656483], [126.94440807714705, -13.767578176273144], [126.91439883845541, -13.741218176394542], [126.96329799587045, -13.741658175898543], [126.98402677490355, -13.754147125778342], [126.98574793516109, -13.787468105996538], [126.9962779346363, -13.790828165915235], [126.9982878042988, -13.768677175738718], [127.00206781436114, -13.793978155879945], [127.01348775366455, -13.78535813570594], [127.03077783293631, -13.803948175667207], [127.01770799362788, -13.803538145792785], [127.0060789444568, -13.823768156050663], [127.03046894308619, -13.81694812576213], [127.03664904291158, -13.832067145808518], [127.04708797208598, -13.805708125520365], [127.05582877184851, -13.828167175594295], [127.04432893267321, -13.848877165852427], [127.08142874060125, -13.83995717543105], [127.06508908171843, -13.864177165759388], [127.07666881115534, -13.86979713568773], [127.06058906240197, -13.907907176111989], [127.10285883989732, -13.884287125540425], [127.10932874984353, -13.913867145688448], [127.09386889080878, -13.927367155930513], [127.1227488194601, -13.94817713580477], [127.1175090299633, -13.970567156012383], [127.12720885939163, -13.965677105886753], [127.14288903870693, -13.982237105857603], [127.15764901743958, -13.933716115377454], [127.17878894622653, -13.925846155127422], [127.16981881656237, -13.910626175101871], [127.19073805537562, -13.903996144863667], [127.1898988859282, -13.957216105248234], [127.19875885533214, -13.944756135079581], [127.20775884511983, -13.973576125202381], [127.21044875470109, -13.944606124972925], [127.22663799380946, -13.942506144812793], [127.23517790302571, -13.907796114490598], [127.24671803233751, -13.900406124335737], [127.26558780133892, -13.901916144180127], [127.28277780057442, -13.919246094152886], [127.27579776112067, -13.937956114346402], [127.29070790028037, -13.933796124187278], [127.3181377290494, -13.961146134145432], [127.34576697750462, -13.954935153867071], [127.32186805843303, -13.91468616378387], [127.34740681698953, -13.906565183509812], [127.41076680405638, -13.961375093374693], [127.43007687285944, -13.942935083087272], [127.4249867933346, -13.96668509329716], [127.45548670180209, -13.980225153149163], [127.46721693133945, -14.000875113203158], [127.44854700254912, -14.024765153521027], [127.45927679205323, -14.03508518350916], [127.45251779261743, -14.058765183731103], [127.47755687128532, -14.062295143558607], [127.48291693118047, -14.085055163678495], [127.49340696041054, -14.060705123423629], [127.50462668991351, -14.074654123435964], [127.52367683883348, -14.069264133251368], [127.5085067898087, -14.087814123499653], [127.53757676821277, -14.086304093266907], [127.52392701922453, -14.119774113608795], [127.54350670799656, -14.099794113318065], [127.55678675731023, -14.104624123252608], [127.58913670585083, -14.144243113294708], [127.61593690437931, -14.143643183095163], [127.64843701279366, -14.16960313304752], [127.63423676364627, -14.179422773218505], [127.66985700177253, -14.190533093045941], [127.6653368421621, -14.209713173214253], [127.67725679151987, -14.211593183144442], [127.67178694189393, -14.22155311325352], [127.68373678116846, -14.212313093104594], [127.69219679084469, -14.231913113185858], [127.68320684142381, -14.243383173329692], [127.71060683997845, -14.252693133207934], [127.71935697966553, -14.276632133319223], [127.7626858774517, -14.303171153219473], [127.779675716715, -14.333210093322702], [127.76070622800408, -14.367120473688535], [127.78212584669693, -14.350520153430276], [127.78828584661147, -14.388410153660677], [127.80652595555352, -14.382520103501653], [127.81047587546405, -14.40209015361613], [127.82843591446309, -14.402530163505807], [127.8197660352005, -14.440560113831728], [127.85014571378275, -14.484460133955245], [127.88025573200179, -14.470830093673973], [127.90210594098826, -14.505050153787257], [127.92927478944353, -14.502840123611472], [127.94935485844132, -14.524190173647822], [127.92737576988965, -14.557981134016368], [127.95353589848483, -14.570541173954995], [127.95264598862862, -14.586022174070658], [127.98481482676627, -14.579621093843155], [127.99305492616192, -14.556150163629551], [128.06934495220034, -14.620697483680749], [128.06938518236024, -14.650215603891693], [128.08679546130685, -14.638966603721208], [128.13091577892533, -14.664126123679097], [128.13127551902434, -14.687076703841614], [128.15021577793382, -14.6855655437381], [128.1611457374228, -14.70799559384594], [128.20121568512087, -14.706454133645915], [128.22171573401803, -14.721224293657777], [128.21844565436564, -14.754554523911478], [128.200635525306, -14.737534753871275], [128.18388552630066, -14.744245083997479], [128.1752152770364, -14.791794544378831], [128.19245495627308, -14.838644284633313], [128.15119506867683, -14.841874914852095], [128.11851516067043, -14.861326075151364], [128.13910498952555, -14.870755435117372], [128.10787545174074, -14.946898625816026], [128.11336567166467, -14.993259196119807], [128.09441600305001, -15.044699646582202], [128.10309614264463, -15.064489656679777], [128.07495690451685, -15.103979977104363], [128.0835575442699, -15.152380157405663], [128.09888783344036, -15.167329967434803], [128.08024951490216, -15.233030447997619], [128.09278981441034, -15.281011008276131], [128.06595005612812, -15.301171018556468], [128.0403682276158, -15.292757828629693], [128.0660398461833, -15.312251058634947], [128.08936871520055, -15.390291509072044], [128.05241888792452, -15.4794819898959], [128.01949921001048, -15.494311980174478], [127.99553908158371, -15.514131950444266], [127.99878904140836, -15.518091950454783], [128.06812892703766, -15.492061989904457], [128.11433854388983, -15.427981929216134], [128.12817941234619, -15.291711248176956], [128.1002093938022, -15.250170638019009], [128.1283077817785, -15.183669857405562], [128.2580271746308, -15.306310997684013], [128.2816169733926, -15.345900777866337], [128.29227760325455, -15.459841078635788], [128.32737742131644, -15.505100128816112], [128.34164732043132, -15.501270088732179], [128.29914752283906, -15.460190948609863], [128.30076633212548, -15.319710047599266], [128.2781164033008, -15.278540057399645], [128.239596645462, -15.247509817344197], [128.22024645640928, -15.203739487117483], [128.22107581601273, -15.130839086592704], [128.1940357774307, -15.09349913644901], [128.2281751349875, -15.003138435647488], [128.26547484270753, -14.982568005336116], [128.28922467128004, -14.974067905173825], [128.33120440908746, -15.03538845544002], [128.29250459105563, -14.9667377951075], [128.29586460072895, -14.937357334882877], [128.31392446962522, -14.925667284724042], [128.3618641874151, -15.066588515542135], [128.37398393668042, -15.061428515458264], [128.35811406732373, -14.991258195016743], [128.41038338442334, -15.032058415110589], [128.34911415775295, -14.96794797488505], [128.35821422687687, -14.885017064254301], [128.4486228620659, -15.002038244757214], [128.45588278161694, -14.995628234685702], [128.40239378428814, -14.878947194041325], [128.42167363318023, -14.881717453989932], [128.50173239887252, -14.978458124406627], [128.51143215842646, -15.0135983546274], [128.5189921179871, -15.014738394611138], [128.50779241850182, -14.973728154352722], [128.4703530205356, -14.931248084173076], [128.4669833105778, -14.889077993881651], [128.4274838126869, -14.8410471736766], [128.38048429532992, -14.822366533718094], [128.41809393305206, -14.795247143381866], [128.43640397206096, -14.812137183436596], [128.47527390972348, -14.78613746311298], [128.53590391623476, -14.786978122918791], [128.52848397663828, -14.779948122891843], [128.5512836252869, -14.768028152734074], [128.58708293335204, -14.807668132911225], [128.62345303124326, -14.8039085127798], [128.6120768218578, -14.79012914271251], [128.62082083134626, -14.787445142668489], [128.68130680788647, -14.796007122568623], [128.73823679471084, -14.839065132741895], [128.8448658085899, -14.861046132681366], [128.90898181487015, -14.856265142538671], [128.96996481137302, -14.879643122621678], [129.02448083821707, -14.883419492585656], [129.05249053661896, -14.909990342750774], [129.05407091651293, -14.895300322642804], [129.07198051547206, -14.893569672614566], [129.11272900313628, -14.934429632880542], [129.10842839342556, -14.989220013280875], [129.1306989020992, -14.948959422974886], [129.15677881058943, -14.969069483107303], [129.15334835079685, -14.983409903213003], [129.15817876050784, -14.969299473108332], [129.1889276787194, -14.987159093226058], [129.16951788988106, -15.05151863370025], [129.20055810807747, -15.122595724205912], [129.17467862961558, -15.147439104394186], [129.15819921061384, -15.197587644764383], [129.18774883885578, -15.189398344694135], [129.18662872891719, -15.173898724582063], [129.19960834814017, -15.146669354380842], [129.1956385283787, -15.159289274473458], [129.23120828627415, -15.175919554587196], [129.21548824720202, -15.153829854429272], [129.2494173751905, -15.091521663972891], [129.23649757594904, -15.067775883801403], [129.25604748479861, -15.033938933554287], [129.25634755478166, -15.061976923758017], [129.27820729349935, -15.02927891352092], [129.29297731263173, -15.041748993613103], [129.30162722212512, -15.036518963576407], [129.28125727332076, -15.02682892350335], [129.26513740426552, -15.032888953546609], [129.23349738611773, -15.008278803369528], [129.24182690562043, -14.910678692659198], [129.22174657677564, -14.855389182260122], [129.228436666386, -14.83935863214235], [129.24318652553424, -14.841328242154704], [129.2408164056725, -14.85256854223672], [129.26291627439474, -14.850098162217352], [129.2572863747208, -14.864998232325906], [129.31739588124358, -14.859438242290969], [129.40863572592374, -14.924918162806573], [129.435326244375, -14.921376762798948], [129.48248646161497, -14.941045752982141], [129.52478678904893, -15.028075153661186], [129.6039115542876, -15.107992584348459], [129.60222171435436, -15.128892554498531], [129.56020215679922, -15.155122444631326], [129.56359241656392, -15.179902424816538], [129.57894208568973, -15.15561247466013], [129.61167185375623, -15.153722534694035], [129.62624170292082, -15.138012594602044], [129.68300157955474, -15.144562684747111], [129.68567147942343, -15.131012694653], [129.63983105223437, -15.071202694135978], [129.64054083224318, -15.042152733924857], [129.66334067093212, -15.028082803860535], [129.63526074256873, -15.032842753848216], [129.62109057345552, -14.998572783575316], [129.6230202934175, -14.953242953246985], [129.6085003342719, -14.947672953184146], [129.59325589513003, -14.967055163303522], [129.49971545077383, -14.79009561189702], [129.53384582879096, -14.806785152055767], [129.5921258553101, -14.89099517274607], [129.61839990381233, -14.875593232672115], [129.58615992573152, -14.83936317236026], [129.57755483628657, -14.798285172048178], [129.63205966307487, -14.843853382461191], [129.64857956213763, -14.834393472418704], [129.74456958656143, -14.852313522728716], [129.7681697952235, -14.841343172698389], [129.80254962319876, -14.858003602897828], [129.88137928875108, -14.820093842816046], [129.86395918980475, -14.801663902635035], [129.88255910874133, -14.799413912667303], [129.9028388776514, -14.773203982529632], [129.86835900962166, -14.7761939924594], [129.81269939270015, -14.822863782663863], [129.76898947520684, -14.82801369260245], [129.74948935637147, -14.80968376242652], [129.77681923483163, -14.795363862380196], [129.7938090739181, -14.769044002225192], [129.80403907333033, -14.769404012251345], [129.8099690130052, -14.763304022220407], [129.81005898300748, -14.760304052198606], [129.80066903353, -14.766794032224398], [129.79405898393418, -14.756394072132949], [129.7747392149798, -14.783043932285263], [129.7344093772731, -14.793953842280244], [129.67240946089436, -14.7634540019399], [129.66467241140586, -14.726046281652529], [129.589199905817, -14.661244911061466], [129.58363379619792, -14.616225170724336], [129.692388790039, -14.612774740871346], [129.77962375526428, -14.539912140511502], [129.66934875140322, -14.580474910593788], [129.52627967952395, -14.55227612018626], [129.48824383171754, -14.503325629789769], [129.52307336980306, -14.465545449548022], [129.50886348059225, -14.47195551958016], [129.50227344097166, -14.462215559502331], [129.49044354163627, -14.460155619475968], [129.50689350070294, -14.471725539576504], [129.48268382203224, -14.500935669767221], [129.47188365267618, -14.459435719454216], [129.48167354213717, -14.449635669391025], [129.47002365278144, -14.458185739443506], [129.4647536030906, -14.441795759319254], [129.454003693688, -14.446375829344234], [129.47446380250312, -14.490975719687134], [129.45319405368576, -14.505045839772645], [129.4511639238171, -14.483565859614037], [129.4226639954271, -14.467325999475417], [129.42073394554674, -14.449916019346935], [129.40061393668486, -14.428266119177016], [129.4023738665904, -14.42149609912848], [129.39785384684572, -14.416116149086749], [129.39795392683448, -14.426456149162371], [129.35677415913557, -14.423616369123733], [129.37390364820914, -14.354716278626782], [129.36702357859787, -14.338086318502514], [129.4194529757205, -14.291106008184716], [129.40930272631337, -14.235926077775098], [129.4311125351207, -14.226375927718268], [129.4532321939329, -14.191175817475814], [129.46386212334863, -14.193665747502143], [129.49639154163023, -14.127875587047688], [129.51204143077845, -14.127035497056422], [129.4982714715389, -14.11646555696576], [129.50792131102673, -14.103605506880577], [129.47899119264858, -14.047915676446152], [129.51584111062573, -14.075355486681133], [129.52508091014957, -14.052325116521542], [129.53560078957327, -14.058345126576848], [129.54224064917543, -14.091135106824755], [129.52767134992376, -14.129985397093996], [129.5567212583259, -14.142145247215673], [129.56716091783136, -14.083845106800318], [129.59487722631678, -14.091217406889932], [129.60929647556563, -14.069576706750754], [129.61168631545982, -14.053566686636495], [129.59064647662734, -14.0328469164556], [129.59810615625506, -14.011046846305375], [129.6092862556161, -14.035596716501086], [129.64088587388952, -14.047186426632605], [129.72131456960554, -14.013415676521573], [129.74605400835097, -13.975125526287446], [129.74727361840186, -13.91918559587781], [129.73511360909694, -13.89718572569196], [129.71693384006963, -13.89627589565093], [129.715533730178, -13.878865935520132], [129.74003311897752, -13.826855755183258], [129.79484220615325, -13.789505345020656], [129.7851022967162, -13.768165564842251], [129.79017206667595, -13.66689596410576], [129.83484084459485, -13.561176123424609], [129.81733069564245, -13.501746582945392], [129.83120058490343, -13.51145641304868], [129.87670977257682, -13.50241311309106], [129.86940988301183, -13.479756222905335], [129.89743929167457, -13.440396152684812], [129.9098995108314, -13.514325713264553], [129.95684890834278, -13.535795183552455], [130.00837807568465, -13.533324633686759], [130.06415675290236, -13.503684023645068], [130.10637560089748, -13.456293723436968], [130.1252355198919, -13.466183433576985], [130.14161529908444, -13.457103303568642], [130.19082375681006, -13.394195123285458], [130.23929673480902, -13.281950132641716], [130.1630636090698, -13.176904831564379], [130.1161842514649, -13.164125291300412], [130.1340636607811, -13.107465380942195], [130.12016370157576, -13.079365620683914], [130.1412028108255, -13.00065496017282], [130.12924275154054, -12.966564609876393], [130.14112229108014, -12.93344410967207], [130.17580155947095, -12.910263609626243], [130.19377127859156, -12.910493489695723], [130.1926214585793, -12.927793689820293], [130.21325125749132, -12.947013790043037], [130.2471306958239, -12.948363590187672], [130.33824871162358, -12.890102760139149], [130.35834816103207, -12.807223259609735], [130.35203728197374, -12.670323498557735], [130.40411674933338, -12.701463489029518], [130.39358643002714, -12.662273258686987], [130.41280582914231, -12.655592978727155], [130.41415556903408, -12.66451106880031], [130.43856460802357, -12.633642288686097], [130.4446746376728, -12.645502308804602], [130.46089395693218, -12.639161948836657], [130.49211368529714, -12.667271769203662], [130.51358305426933, -12.667751419317279], [130.51831360391623, -12.69136172951879], [130.50119477459432, -12.717952389629785], [130.51916522355836, -12.750122669963659], [130.51753462376908, -12.725602309771407], [130.52939434320274, -12.72503213982904], [130.5243347533966, -12.734072369870319], [130.52767483320298, -12.740172429933516], [130.53101483303158, -12.742152429965886], [130.53111430312075, -12.724922119837247], [130.5114243341448, -12.710242149624627], [130.52063390373974, -12.703481899621716], [130.53577399292936, -12.719011959817461], [130.55728301199213, -12.701981379804145], [130.55862354183546, -12.718571679935769], [130.5672429414904, -12.706361389890645], [130.58326301064957, -12.719231470074392], [130.56992409115153, -12.743762040185691], [130.59115347015688, -12.739181740267442], [130.5960327600441, -12.717981310135327], [130.6076626094751, -12.719891230214316], [130.59984298979757, -12.729051490239518], [130.60503299952723, -12.73270150029578], [130.61031261933425, -12.722261270246916], [130.6295424183789, -12.727781170396772], [130.63094281820833, -12.745291440536182], [130.62520307843593, -12.753531560565447], [130.62435379835009, -12.775091100722442], [130.6352030178323, -12.774181420777312], [130.62475317836254, -12.769701540684261], [130.64356250761108, -12.743681290596218], [130.6214619388992, -12.70519085018144], [130.68715124561228, -12.727940600732397], [130.67976178586116, -12.745240950818657], [130.68915166537113, -12.751480910921126], [130.7073406347146, -12.716500240767031], [130.7387702332457, -12.710529950913374], [130.70607054481, -12.710970160717833], [130.69020100551612, -12.719800450689347], [130.67914106608524, -12.713490450576483], [130.70271024506656, -12.695609940582218], [130.7019601651344, -12.69046987053909], [130.6740710363627, -12.707840410504215], [130.66473100685454, -12.700510370394506], [130.67393065646917, -12.691460140380327], [130.6334111984382, -12.686310400107411], [130.616471009351, -12.668700249879397], [130.58587196072259, -12.684430819827586], [130.57341112149984, -12.652230329517952], [130.5456710129212, -12.634290269234457], [130.54991026281988, -12.616089879120446], [130.58283009121672, -12.6229597193496], [130.58651119082853, -12.660440369651061], [130.59625088040087, -12.653980169656217], [130.58824023092282, -12.629399799427574], [130.60719931016587, -12.604299199343988], [130.61886948954603, -12.61562931949438], [130.63113929898802, -12.611399149531916], [130.63390942880918, -12.619419289607896], [130.64289948834784, -12.625169289702393], [130.63818974852626, -12.632859459733233], [130.6411900083165, -12.64414961983518], [130.64244987828465, -12.639409529806787], [130.64412942829753, -12.62378925969908], [130.63148918898543, -12.609019119516024], [130.6184894195801, -12.612879279471592], [130.61202916995308, -12.601469119349689], [130.58923927108765, -12.592109199153134], [130.6039490604694, -12.578378999131264], [130.568419452086, -12.590089329024588], [130.58284896183932, -12.51278877852257], [130.6057686608263, -12.50143847856347], [130.5809687022106, -12.4626285081356], [130.62324822031763, -12.447747938257699], [130.5872588121278, -12.425218607888866], [130.5785090726477, -12.405338927691869], [130.61930859088685, -12.381358727736531], [130.68383755767795, -12.416097608368258], [130.7651569237514, -12.4373568490211], [130.75739728382536, -12.482217159310629], [130.72707775497005, -12.526217709455494], [130.7788971328661, -12.474736999388783], [130.7744077026152, -12.545577759893972], [130.74891800359748, -12.5799581899938], [130.72929808451588, -12.581578219885523], [130.72937816445432, -12.59071830995477], [130.73203821428902, -12.596918360017646], [130.73005812447064, -12.583038239901143], [130.74903805356567, -12.584028230025169], [130.77856775233042, -12.559127920022192], [130.76736816258318, -12.601678380272073], [130.77471839214118, -12.615988530425948], [130.7771381221336, -12.599578330317684], [130.77992840187105, -12.619458580484935], [130.79185842128828, -12.621888570578943], [130.78038837186614, -12.616868540468346], [130.79446788145182, -12.578428080268377], [130.78820766194653, -12.54826777000143], [130.81016748096647, -12.539877610078706], [130.80511774104733, -12.563497890224125], [130.82885784975895, -12.588128130563415], [130.81606763056564, -12.55816782025458], [130.8414775093853, -12.555307720398863], [130.86802785781146, -12.601468160923053], [130.84722807871532, -12.613478380875101], [130.86930798768012, -12.611628271008207], [130.86976847733052, -12.658718711366156], [130.8798181670438, -12.631268411226976], [130.90000832591335, -12.655298571545407], [130.89622841602463, -12.665018701592823], [130.89522860594883, -12.682458851717444], [130.90818829551563, -12.65641856160998], [130.89042823646537, -12.641758481377966], [130.8822979371018, -12.6061881810547], [130.9329378146646, -12.611088001439718], [130.9452980338829, -12.637848251728244], [130.96685785291714, -12.629768071820058], [130.95725791336517, -12.630888141760236], [130.95332766380156, -12.59684779147556], [130.94545771410398, -12.606507911492933], [130.9230875653563, -12.579897721135879], [130.88465755721035, -12.574777820833873], [130.8778276376895, -12.552417080619156], [130.8933674768991, -12.560517620785477], [130.9000374465898, -12.559717600824937], [130.90142740654872, -12.556247540808274], [130.8795373676404, -12.547897530596607], [130.85921697888384, -12.506577070148944], [130.87959711782472, -12.521117200395077], [130.90361707675027, -12.513277070499152], [130.89560718701028, -12.529787270568978], [130.90707705656513, -12.5164370905467], [130.9080472663467, -12.540727350736594], [130.92262696588563, -12.509236990599591], [130.92736718546576, -12.536617260839082], [130.94703725450222, -12.541667261014775], [130.93897736479212, -12.554067411051763], [130.94945720440305, -12.53962723101642], [130.9538573540823, -12.55511737116438], [130.94728687481987, -12.496476810675436], [130.94086693506455, -12.504276900689238], [130.93058681567427, -12.486676750484607], [130.94673671503088, -12.471036560479515], [130.8838992978179, -12.49319292021353], [130.87032601852448, -12.483147290046444], [130.90789662688158, -12.466496570175531], [130.91695658652066, -12.457666440171224], [130.89075659769304, -12.465176550048643], [130.88600644807033, -12.443036359849435], [130.87868658826872, -12.46361653995529], [130.85635643940032, -12.450996409710864], [130.86702640897363, -12.440586349703388], [130.85005759977795, -12.438829869577422], [130.85192938947347, -12.470520559828746], [130.84117991995933, -12.473088739777227], [130.81513769130547, -12.454202609465243], [130.83556841053266, -12.427273419395034], [130.81638642156193, -12.407116519118407], [130.8431662203112, -12.40774629929762], [130.84215801055421, -12.378894199073414], [130.86115596969395, -12.37576606917532], [130.89601573839806, -12.33004583906458], [130.94603587600085, -12.342035799500403], [130.94606595588962, -12.357175879614978], [130.95010588578367, -12.346025819559118], [130.98280590430218, -12.341855739759804], [131.01877610241348, -12.37163571024574], [131.0089260329853, -12.356365730058304], [131.0348760317496, -12.360865560282877], [131.05505590091647, -12.347775400334044], [131.02982593209396, -12.346385560136055], [131.0297758522549, -12.325595529978452], [131.05162588118841, -12.333115430197488], [131.06096587076482, -12.332115400259871], [131.028025822395, -12.317805499906637], [131.02959576240883, -12.306495469832655], [131.02845576246904, -12.305485459816618], [131.01298585304738, -12.323265569837643], [131.03046548294031, -12.231495379271655], [130.9946355549175, -12.186045438666726], [130.99597550498618, -12.168635428544679], [131.0306151035807, -12.14642528862893], [131.04587498291667, -12.142775218714085], [131.0653448118478, -12.166795199041358], [131.11320426976712, -12.15504499931675], [131.12544442899065, -12.182575049620187], [131.16906408708329, -12.173204929892323], [131.22205412421815, -12.227165100729737], [131.19336450544088, -12.237715150576365], [131.20979432467334, -12.23962513072408], [131.2037748547665, -12.261325130839712], [131.20598448458918, -12.270375250926305], [131.23205406342382, -12.266775191112457], [131.22197426379097, -12.277995261114679], [131.2223342637371, -12.282395241151008], [131.22501420359163, -12.285025271192957], [131.23400400333824, -12.266325201125124], [131.20699444460382, -12.263125210879531], [131.212324284553, -12.240175130748874], [131.25088394296262, -12.220015050913583], [131.22888407407532, -12.20726504063482], [131.27356442296946, -12.10011496019282], [131.26636443349486, -12.076915019956166], [131.2971345524114, -12.042595079955023], [131.29951453206237, -12.07015504018475], [131.32093404092404, -12.089855100517925], [131.31407394054494, -12.167465041048793], [131.334323409231, -12.211455421557941], [131.38088360669448, -12.256476372309193], [131.47230410224716, -12.28369792334711], [131.7545488394033, -12.273886776066265], [131.8792678043676, -12.214537116956528], [131.90423752311764, -12.22433723730871], [131.93941644094645, -12.272917068075927], [132.06972296460512, -12.303526059821532], [132.07390305459234, -12.288966169759517], [132.1476418117571, -12.245836400317206], [132.17081135111417, -12.213266430351], [132.22436079892097, -12.194556640872412], [132.23820104861565, -12.16974686085549], [132.26173131750198, -12.17341726118132], [132.27847138607348, -12.224197511785345], [132.35317224301713, -12.198808702556205], [132.3894017408576, -12.236398853323273], [132.41712147978836, -12.222398993584495], [132.4420215597134, -12.146459253333111], [132.5130408568253, -12.124129754128683], [132.55482053531634, -12.098290264508588], [132.55600664544477, -12.085688134427743], [132.57718062420233, -12.105852144880282], [132.6289686421545, -12.086891135467443], [132.6187596336675, -12.015072144766249], [132.64155563434272, -11.900653134205907], [132.65533120389716, -11.889801514319485], [132.63618462575045, -11.82112513351315], [132.58045963867, -11.787522142463724], [132.6448506367456, -11.727995132915481], [132.63426162734595, -11.718300132689036], [132.59283463896642, -11.729990132192286], [132.54110665136173, -11.718982131384145], [132.49958863369977, -11.680402120513866], [132.5057526540507, -11.636704120260115], [132.55641165188186, -11.636543140958516], [132.57472166082334, -11.655553131361364], [132.59718262987894, -11.65418013166632], [132.59789963003539, -11.641281141576492], [132.55009365251294, -11.611335130675432], [132.53776464338102, -11.587373130318955], [132.55470163311588, -11.555425130306421], [132.52618363444637, -11.547052119846805], [132.53057764462164, -11.521550129709883], [132.4974666362507, -11.50538412913026], [132.49859565642737, -11.489400129021917], [132.5269766355225, -11.468718129250995], [132.48423662708663, -11.485590128796794], [132.45699963862793, -11.457277138209047], [132.35504164313116, -11.441355126734964], [132.30392565495896, -11.465659136262428], [132.23788565786617, -11.455969125351194], [132.19493366923254, -11.490812125086102], [132.149736670985, -11.503433134630118], [132.13905567120835, -11.521818124642332], [132.1156946522561, -11.517184124325144], [132.11589365196068, -11.540446124506717], [132.06610367427754, -11.523844123786743], [132.0566596649959, -11.497526123473074], [132.03482364609368, -11.482996123105925], [132.03122266652147, -11.459930122886506], [132.0490746757716, -11.459726123093176], [132.06007664564038, -11.432200123010253], [132.04281867649647, -11.421279132724067], [131.99333566847903, -11.429295122213466], [131.9947086587131, -11.404523122038603], [131.96239067998872, -11.41128311172243], [131.940265661082, -11.396936121362666], [131.98494267943875, -11.377544131719297], [131.9681126802382, -11.369287111464244], [131.97621465010354, -11.351863131422233], [131.9660826606299, -11.342915121238347], [131.93765667171525, -11.351437130983529], [131.93100367182558, -11.36597412102083], [131.91852166242631, -11.35899812082796], [131.94360669182683, -11.320269130810573], [131.91510365295295, -11.325330110531109], [131.86008067559263, -11.293719129683558], [131.8396956762077, -11.314457129622236], [131.7768606786965, -11.325623119039102], [131.76387568933123, -11.316793118835248], [131.7594346696882, -11.300690108665313], [131.77756267881716, -11.311741118939938], [131.78049165891014, -11.291875118818258], [131.80560767784738, -11.293914119099542], [131.7949876685614, -11.268693118793246], [131.85313866603022, -11.280235119504614], [131.84886568650373, -11.253502129252945], [131.81529667833271, -11.212917118580627], [131.82255965809955, -11.206977118612555], [131.8396186671736, -11.227411108952653], [131.86056867651098, -11.209541109041908], [131.8586766664418, -11.222730109122747], [131.88086267538966, -11.235199109460465], [131.8869046754431, -11.208366119320397], [131.87617867604382, -11.194053119092885], [131.88324368588843, -11.182115119078388], [131.91264666439565, -11.20757411959824], [131.9045596846295, -11.216216119575195], [131.92825668343312, -11.235703129988224], [131.92892766313668, -11.259173120176255], [131.94597167259596, -11.245076120258666], [131.9617036818536, -11.253202130498474], [131.96156567212566, -11.230234120320146], [131.97311668157744, -11.236514110499314], [131.9874906711843, -11.219569130532454], [131.9619316627012, -11.17928611993212], [131.97052266244089, -11.171451129969007], [131.98297369181952, -11.181082120184616], [131.99557768138874, -11.17385713027285], [131.9735436628114, -11.128986119676274], [132.01188866123525, -11.130384130125138], [132.04658664899512, -11.199670121061073], [132.05720665852604, -11.20248812120693], [132.07518166807358, -11.178974121236877], [132.06714067824717, -11.19184612124146], [132.0835286675367, -11.195100121459761], [132.07606667765378, -11.210684121491779], [132.0864426769608, -11.232686131784021], [132.11448865606351, -11.211830121956998], [132.09662066617597, -11.262710112136256], [132.1002976758815, -11.274394122270087], [132.11743365517756, -11.274079122472324], [132.09906266557107, -11.303976122483427], [132.10823266504443, -11.31593713268498], [132.1006646451871, -11.329943132702661], [132.12358266397794, -11.350762123137347], [132.1376356740602, -11.29692312289144], [132.15692366293666, -11.322962113325932], [132.14534166267404, -11.382745123646442], [132.15815966214848, -11.381948133795914], [132.1704576411486, -11.420657124244439], [132.18187167072583, -11.416217124350014], [132.17744568115214, -11.397092114148219], [132.20930666960405, -11.413985114671185], [132.183579651292, -11.365653123980927], [132.19107168115406, -11.351854123966554], [132.22302366958627, -11.370425124505383], [132.23764165934585, -11.341675124465844], [132.19815165149552, -11.30162113366611], [132.17327968225095, -11.323500113529505], [132.1985336619057, -11.267969133411059], [132.18084766296954, -11.241410122988643], [132.2002876723841, -11.224467123096833], [132.16178966445847, -11.184952112320202], [132.162674674717, -11.161336122148672], [132.1418316856469, -11.154908111846447], [132.1356276663019, -11.122361121520443], [132.18762264407974, -11.131107122220081], [132.19514566336113, -11.163818122565152], [132.24429368091998, -11.197767123437558], [132.24111967076368, -11.220070133570143], [132.28227265836088, -11.274874124512275], [132.2657316603216, -11.176177123540146], [132.31689465830445, -11.170674134148612], [132.33902365778948, -11.141398124207182], [132.33259465837827, -11.11665613393271], [132.34420665786104, -11.120130114109653], [132.36549265600854, -11.194032124958271], [132.38304064509947, -11.20823512529785], [132.37347366432545, -11.295042125844194], [132.38551264392842, -11.287564125944272], [132.39797867324287, -11.300143126205818], [132.40357967343058, -11.269236126040594], [132.4232016627228, -11.261814126243381], [132.41989064333197, -11.227146125930918], [132.43353164298347, -11.211703115992965], [132.45098765218316, -11.217876126274396], [132.47770565051064, -11.259411126956389], [132.5069256591267, -11.272284127453696], [132.4870746595582, -11.300046137398319], [132.51020663870761, -11.292486127655158], [132.50591865861608, -11.311641117744962], [132.5180186580327, -11.317482127955945], [132.5018606585239, -11.33020512783338], [132.52035363754106, -11.345486128205044], [132.54768264644525, -11.342676128560232], [132.58575265410497, -11.395368129499433], [132.62701163206492, -11.417067130250068], [132.6396006305925, -11.481570140929698], [132.66839364886613, -11.51623112161121], [132.73414365605686, -11.518111132581556], [132.77845465491836, -11.46998312286223], [132.78457362502542, -11.446167132768144], [132.80791862411306, -11.44179314308292], [132.82358861403793, -11.40416214302566], [132.8489646231582, -11.392585143319002], [132.85847064242523, -11.414119143630929], [132.89574762066258, -11.427036134301373], [132.90920564077058, -11.384669134178683], [132.86506163330674, -11.340157133155543], [132.87240163315946, -11.330124123189316], [132.89803562193168, -11.340616143663604], [132.9182686312253, -11.332244133910272], [132.9688816377519, -11.417679135364097], [133.00724262589455, -11.433236136090288], [133.04606063309552, -11.504487127264637], [133.07564764158454, -11.520305147864164], [133.07090264120055, -11.555523138062217], [133.15284162515434, -11.706942140581083], [133.24926159054993, -11.732867132395732], [133.29506759909842, -11.703047132942775], [133.33986659733236, -11.693982133643495], [133.3535846162869, -11.719452144080712], [133.31647560778416, -11.725211153483691], [133.3073815978752, -11.742233153460305], [133.3165215970262, -11.767829143817615], [133.35244059551613, -11.765270144419148], [133.3695916145609, -11.777093144810358], [133.36859961494133, -11.758321144646224], [133.40189360396442, -11.732736145029424], [133.41527559324373, -11.740619135326924], [133.41423761297207, -11.758032155444884], [133.39794160368356, -11.757671145155035], [133.39815560347694, -11.768572135244092], [133.4085466028142, -11.780289155518679], [133.4475936011422, -11.779148146201278], [133.45621461034, -11.802470156537433], [133.53435358772177, -11.7609871376191], [133.5176915962778, -11.877037138226124], [133.56339160557144, -11.808440138520519], [133.60495561371482, -11.81108613930558], [133.604193603208, -11.839446139513901], [133.63069760209692, -11.837138159987077], [133.66394658099182, -11.819336140467945], [133.65666760150035, -11.809376150253518], [133.67915960091466, -11.78916214051658], [133.66855459162832, -11.776020150214308], [133.7395515784151, -11.783130151612324], [133.77350358734844, -11.762711162101386], [133.79446757717992, -11.725590152213003], [133.8372075853834, -11.723426153024413], [133.8679085734232, -11.755073163873462], [133.91639958156864, -11.74337916473742], [133.94118056993165, -11.77108814544819], [133.91533258097814, -11.774564154961858], [133.89068957126236, -11.813051164777738], [133.84727859313716, -11.813572153930041], [133.8232315836268, -11.84129415367971], [133.83914657221658, -11.87696916426998], [133.85913459131712, -11.878239144670582], [133.88074156967667, -11.912530155364532], [133.9131055683679, -11.907100145961056], [133.9159275679613, -11.920930156125848], [133.9800755856239, -11.897856167225404], [134.00543556522064, -11.86392816746945], [134.0388965739417, -11.855303168080344], [134.06428757252635, -11.869933148714088], [134.06355557209915, -11.891690148870662], [134.07873756130422, -11.897868149230673], [134.07582256061397, -11.936505159475482], [134.12083658948677, -11.896691170089808], [134.1315625889456, -11.90004516033875], [134.1354995783396, -11.920282160580234], [134.17579857579636, -11.95616617170462], [134.17007555570646, -11.971993161709637], [134.15318558653146, -11.968259161327126], [134.15114055627046, -11.984577161413224], [134.17328054490224, -12.002656172018765], [134.1825125646755, -11.994277172146283], [134.1942615533898, -12.02957317267186], [134.16233956326212, -12.101045162565919], [134.1823905816189, -12.135510163258093], [134.1936355724274, -12.07514416301832], [134.22841054171215, -12.037051173452236], [134.2538305706391, -12.034563163972829], [134.24597256208497, -11.984570163410666], [134.28627056033434, -11.98332417426141], [134.36224355555714, -12.046790166404927], [134.49557454904385, -12.072652169551755], [134.60453554472113, -12.05047516183744], [134.6571785432143, -12.015666172768709], [134.6890075330853, -11.962255183080346], [134.74007752089614, -11.959969174251677], [134.74857655078512, -11.949119184364482], [134.7721515294997, -11.959454175000388], [134.7649495388107, -12.000900185160424], [134.77965954808238, -12.004169165532753], [134.79851854614515, -12.049429176337995], [134.84345552386287, -12.06124117749963], [134.84203753263068, -12.113823187883963], [134.85575452156573, -12.132172168357528], [134.97057552577124, -12.158570171342431], [135.00554854277564, -12.21489119264753], [135.05584250929684, -12.262296184266514], [135.14451053594513, -12.237045186280513], [135.1640865043305, -12.265075176997744], [135.2127935213144, -12.29598318847992], [135.21013650198935, -12.274924198244198], [135.16121851549215, -12.225533186609894], [135.2066734932004, -12.234842187836165], [135.26630453077695, -12.224913179281689], [135.29673150853026, -12.257760190328051], [135.34273552675236, -12.246642191432173], [135.35291351671492, -12.23100220157229], [135.31426150814772, -12.242490200659542], [135.2722855309776, -12.207238189294273], [135.2228014936556, -12.190008197889119], [135.30533551071358, -12.161551179781618], [135.31778552062033, -12.144233179965465], [135.305456511691, -12.12475819949062], [135.35143249010952, -12.107401180545196], [135.36623153004913, -12.08523718075391], [135.3842235090239, -12.093625191291638], [135.42241549760564, -12.083427202213574], [135.40650051782873, -12.101212191936996], [135.41567150703708, -12.115340202291405], [135.45273451540152, -12.11484619326639], [135.50743651374654, -12.086647204496062], [135.51956751393064, -12.060525204611185], [135.53870150295893, -12.065046195160559], [135.5449724920403, -12.088144205514292], [135.56953951060245, -12.100640196276382], [135.65434648857018, -12.039296198088751], [135.91047749982542, -11.952537194537907], [135.8771984702872, -11.98649820386694], [135.8698285009166, -11.97599821357386], [135.83149949234476, -11.984629202562596], [135.83299548179747, -12.001232212738287], [135.7729364831899, -12.044525211405213], [135.7585934828105, -12.079784211289397], [135.65419450526122, -12.15665619902676], [135.65193650408898, -12.201693199326398], [135.7216524786724, -12.281813201887596], [135.71092750831693, -12.311220211827129], [135.74608247810164, -12.263256202415802], [135.7660864874419, -12.254844192904638], [135.7699624968117, -12.270653203139632], [135.77896547773165, -12.224694213021538], [135.8039284773509, -12.199124193514072], [135.85385449559388, -12.182698214786017], [135.8858814951285, -12.149718205426927], [135.87950348484523, -12.169102215402084], [135.89288547362267, -12.19040820595314], [135.91208049393663, -12.150553206178236], [135.92900346282877, -12.162550196757355], [135.94931148263132, -12.138603207145207], [135.95939847178, -12.152190197543716], [135.96011449219017, -12.137270207444077], [136.0011755009324, -12.118187198471672], [136.00337349184093, -12.08443320826305], [136.04507448063666, -12.063069209298177], [135.9832164707133, -12.15237721822957], [135.9735274801436, -12.186098198222503], [135.95724548095183, -12.1833852177332], [135.92837749104643, -12.22390920723341], [135.96893547773843, -12.274005208798386], [136.0016954764348, -12.268190219695173], [136.01347548693857, -12.233588199756873], [136.0610514745775, -12.241056211197908], [136.05392547404333, -12.269457211219345], [136.03331147490962, -12.271543210637212], [136.0294354743454, -12.29618821072333], [136.008881485447, -12.290404200081674], [136.02324047391923, -12.31975321073358], [135.97607648456307, -12.369892209775507], [135.96708846393426, -12.404795209797905], [135.96982045353334, -12.414074199951077], [135.9780914637444, -12.39429820002989], [136.01481846199954, -12.396607211108524], [135.99623448144658, -12.443497210948749], [136.01776345995773, -12.460234201705914], [136.01648244901716, -12.493561211937003], [136.03085545892458, -12.474612222201165], [136.03721846833994, -12.48432422246407], [136.06424047873375, -12.430100222813914], [136.08537546693086, -12.457688213653343], [136.10408244617528, -12.45430321417404], [136.10765247646836, -12.439267214157645], [136.1217814855324, -12.448753214649146], [136.15113945458194, -12.435825215410137], [136.16041647333776, -12.46258722590004], [136.2231304404734, -12.462147217759753], [136.22023147008645, -12.478977227808995], [136.30412244869402, -12.400204229690928], [136.30435144976173, -12.365694219419112], [136.333876439753, -12.323196219968821], [136.3249044506723, -12.30679722956453], [136.3521104600716, -12.286811220228065], [136.3435964712336, -12.26200922976902], [136.37821745014554, -12.247146220701993], [136.36367545069572, -12.250410230285398], [136.3510874724241, -12.213368209603123], [136.3319984536149, -12.202616218937155], [136.22892646786087, -12.21437721593289], [136.21627746931253, -12.185623225323479], [136.16998247118136, -12.192116224001333], [136.16715946218085, -12.16354021368714], [136.21635346030055, -12.153410205065562], [136.21212647113737, -12.132316214769299], [136.23170346024054, -12.133203215360059], [136.26463146083046, -12.066933215809666], [136.32626145878, -12.045546217492996], [136.34147344773254, -12.057628218051455], [136.34377846838558, -12.033522217926265], [136.35715844816187, -12.021904218238367], [136.36970247741053, -12.028294208671568], [136.36774844802403, -12.011491218476058], [136.3791474772461, -12.020334218894785], [136.38113047785043, -11.99835721877727], [136.41546146762988, -11.95777120949753], [136.43134645651907, -11.970980210091643], [136.44320245693962, -11.941402230216163], [136.49074844450246, -11.952936221776422], [136.523783463502, -11.939263222690338], [136.5314134639549, -11.91481621272934], [136.56162447255, -11.917743233695337], [136.57386245252744, -11.90199222395027], [136.5575814837256, -11.886687223316917], [136.5648134836868, -11.878185213473886], [136.58077445178392, -11.91573722427835], [136.54732746238074, -11.942289213448145], [136.4715684650691, -11.961381211252027], [136.47265145386265, -11.997772231580486], [136.4568444751687, -11.9784472209363], [136.44536945504004, -11.998297220743925], [136.46956946392433, -12.000071221503973], [136.48994044183513, -12.03755822243753], [136.50344446254394, -11.996872222526054], [136.53101546151487, -11.991355233337927], [136.5624344373217, -12.078724215026913], [136.59052644556746, -12.09462223603609], [136.5792954641491, -12.153752226163391], [136.602596441417, -12.205962227318564], [136.6464044385022, -12.235265228938477], [136.64881543725326, -12.270125219297594], [136.70734745402848, -12.288152241304454], [136.72104944411754, -12.266805231568847], [136.7417704630062, -12.272261232276552], [136.76201843339507, -12.233188242609216], [136.75065146391563, -12.232829222241193], [136.74813146464743, -12.214163222008715], [136.72259642528712, -12.229321241313965], [136.7298364554935, -12.213291231415392], [136.69889643765302, -12.189687220235593], [136.6780084381896, -12.201697239668343], [136.6807364385735, -12.186306239630115], [136.71135643719447, -12.186753240609196], [136.7820834349813, -12.158596242648882], [136.8128454519862, -12.207315234038274], [136.87230843895352, -12.21857523606174], [136.88545441741863, -12.24663624671917], [136.9025664266216, -12.247545237286358], [136.90119442560155, -12.27948922750128], [136.9268044244107, -12.28067624835101], [136.93381443225945, -12.33466124902067], [136.87777142369404, -12.367130237447983], [136.87070644352005, -12.381769237336371], [136.88186143348938, -12.367701247586217], [136.910271422199, -12.367785238516841], [136.92156342253617, -12.34280323868425], [136.94345945102856, -12.358001229527998], [136.96500543066668, -12.340050240092557], [136.97937843984064, -12.345211240609705], [136.9637684495606, -12.374058230328425], [136.94568744054766, -12.36914923969207], [136.90249042179803, -12.390012248442517], [136.7820244428798, -12.521508245594273], [136.77265543217405, -12.555569245568583], [136.76085944371044, -12.5258182449475], [136.77564643401857, -12.496191235183202], [136.79543643322668, -12.492702245793486], [136.79377342466884, -12.451870225408321], [136.72572045678754, -12.481826243463113], [136.7427174447708, -12.519054234309795], [136.72698641518107, -12.528513233882276], [136.7486074440104, -12.533761234618154], [136.73852242380994, -12.553782234456868], [136.69647260539355, -12.564631073199983], [136.6930928448375, -12.586191083266952], [136.66927298579765, -12.590551352544132], [136.68040307485245, -12.603561213003491], [136.67686297534487, -12.593611272810241], [136.69608281468373, -12.586651053366015], [136.69715266521268, -12.569151053258308], [136.7348722034095, -12.570910604478714], [136.74728041349746, -12.551017244715494], [136.76220344193106, -12.57733323540859], [136.72890942323986, -12.584329224396424], [136.6929144334693, -12.627839233598738], [136.67843444281525, -12.668073233463438], [136.69445542065986, -12.710604234318334], [136.65237242259983, -12.711623232988101], [136.63291745392397, -12.699082232270387], [136.60630643440416, -12.722528241619894], [136.60258441379068, -12.746641231697685], [136.6250144318909, -12.772373232613614], [136.6088714312624, -12.814832232447422], [136.62168843984662, -12.839477233051317], [136.58512741228168, -12.81806923172598], [136.58549442381664, -12.770504231352895], [136.55061243645088, -12.740064220012982], [136.52513141706436, -12.75816422936362], [136.53118844540475, -12.80058922989538], [136.54261743467043, -12.806550230300449], [136.51663242591363, -12.806158229486654], [136.4841304286655, -12.768478218172469], [136.46552943915404, -12.78061022769463], [136.48847943740245, -12.801329228572683], [136.4825274463407, -12.843071218725227], [136.50550843499857, -12.850810239501206], [136.51864544357971, -12.875348230108287], [136.55287141199727, -12.873846231164972], [136.5468134309116, -12.916135231317059], [136.63810642542586, -12.950128234465433], [136.64550742372572, -12.990929245029836], [136.66821243219098, -13.004275235858838], [136.62936343364495, -13.017007224729209], [136.62080341567665, -12.967762224060527], [136.5818474065411, -12.99859223308174], [136.5816344358936, -13.018711223237553], [136.56239341682425, -13.018666232633072], [136.56922943714693, -12.998666232686004], [136.5514684283811, -12.987056222035525], [136.56497141794765, -12.980408232404947], [136.5562904388989, -12.964029242000565], [136.5390174395389, -12.969879231507376], [136.53186142916843, -12.99189024146157], [136.51948643027032, -12.976289220949587], [136.4923714210603, -12.992231230234722], [136.4750834223832, -12.977029219575872], [136.4539644433297, -12.979208228940221], [136.45370544293962, -12.99174323903334], [136.4782274216348, -12.995557229822788], [136.47990445146849, -12.998209229896162], [136.47898943136713, -13.002722229904212], [136.48068343114227, -13.007160229992527], [136.50776741018592, -12.99632422074634], [136.5104374194276, -13.015770220986392], [136.53540141812266, -13.018829231789603], [136.53378344710467, -13.052566222011386], [136.5670634152772, -13.059152223106462], [136.5316944339012, -13.154228242766436], [136.51107941538947, -13.139429242004072], [136.48385841602723, -13.16084824133054], [136.4687684339824, -13.247129221558131], [136.4467944150242, -13.248448240889186], [136.4542404154288, -13.224476230926097], [136.43959343636155, -13.217896230420832], [136.43695240607474, -13.23086922044389], [136.39860744752926, -13.244482229374293], [136.3439054476513, -13.325712228356412], [136.33081442835157, -13.324154227945725], [136.31888042974933, -13.298720227378878], [136.33804642947416, -13.277413217789634], [136.32809744082866, -13.250181217268205], [136.36809041877956, -13.25251421850494], [136.3882624386178, -13.226367228911393], [136.3663804306425, -13.19660322800269], [136.3697684314064, -13.167353227870647], [136.35626442268597, -13.147889227301922], [136.37137144220574, -13.139753227697357], [136.35476941375322, -13.116554227004048], [136.37039342330462, -13.106690227401215], [136.37228642428659, -13.072898217186827], [136.33284142748548, -13.032308215658539], [136.29146042713367, -13.107269215008868], [136.32141444527565, -13.119870216016773], [136.30704045521267, -13.14413122577653], [136.31619443428374, -13.159380226176504], [136.28287044563794, -13.168232235240083], [136.28856144608307, -13.145197235226517], [136.2756224163088, -13.158178224940677], [136.2566094273494, -13.15468823434045], [136.25395543852866, -13.121135223990853], [136.2432894482725, -13.146017223870816], [136.2190584497314, -13.137240213074731], [136.21399344943327, -13.154791223064485], [136.24747044722395, -13.173019214213381], [136.23546241738637, -13.186692213963198], [136.24467844606642, -13.214440214462604], [136.22159143757585, -13.202482223674892], [136.2008864472061, -13.247170233415657], [136.17551043889776, -13.233020232546673], [136.16220542927746, -13.241979222223705], [136.18117242711108, -13.281658223105575], [136.15506445888042, -13.266262232207024], [136.14793845065896, -13.220023221624789], [136.13414444173415, -13.207174231113866], [136.15036443167187, -13.18329323140162], [136.14525245385482, -13.12055421074644], [136.09744745494814, -13.161171219663869], [136.10774743410062, -13.17235221005635], [136.07811545446543, -13.208074219473332], [136.08441644340894, -13.23250421985399], [136.06159044472406, -13.226314219136249], [136.05007045490055, -13.23920721890334], [136.06207844358684, -13.262870219443723], [136.04637746292437, -13.310233209365144], [136.03037144573457, -13.243795218366328], [136.0166994572009, -13.217651217759466], [135.99823545826956, -13.212402217182204], [135.97611145875752, -13.232446226703516], [135.96440744744987, -13.295258216869334], [135.9480044595547, -13.25217920605236], [135.91872346047558, -13.26988520535468], [135.88942747050524, -13.317784224901787], [135.87990545966377, -13.362128224985511], [135.92090542713774, -13.378100216283357], [135.92646368567463, -13.417735696759708], [135.97299340380232, -13.402315277974198], [135.96108389309913, -13.44557519797714], [135.94531385421038, -13.434995417438742], [135.92946394478642, -13.442385557042927], [135.93125416396526, -13.46680540728963], [135.89433379706756, -13.425155985900618], [135.85784408825998, -13.446836265036245], [135.8552049561746, -13.521765875560256], [135.86928526427434, -13.561725556279283], [135.83974541564083, -13.566345805478505], [135.83529562514434, -13.590815735548077], [135.8430458140935, -13.612965565944247], [135.86517580268642, -13.622255316646067], [135.8806361005015, -13.669075087459774], [135.90740592945286, -13.658164838136559], [135.92164600818884, -13.675964728686402], [135.88028621972117, -13.695875087663845], [135.88352635884667, -13.719615047945714], [135.91450645642138, -13.74722472905114], [135.9562463543803, -13.743344340219007], [136.03360533223912, -13.682463831973816], [136.02591515356025, -13.652043951506492], [136.05142492247523, -13.644763792192062], [136.0823547704318, -13.659733533217521], [136.0548751212021, -13.68063368257993], [136.03426551116866, -13.716463782265025], [136.03517574019813, -13.746743712533736], [136.0134960608301, -13.762803862031138], [136.0157463887191, -13.828333632620351], [135.99168671907628, -13.857833682157729], [135.9890868980503, -13.89611354238817], [135.95575746818918, -13.949283561849535], [135.90974790937483, -13.990423840855838], [135.91317813762907, -14.042483581369243], [135.87877856573243, -14.166813151376713], [135.89964828415998, -14.18191288209308], [135.90267814369483, -14.19197280225992], [135.88145850515576, -14.181263031568243], [135.81582950726317, -14.228953430084626], [135.7940398085236, -14.226053609446986], [135.74325462966976, -14.280226218453151], [135.72289046064114, -14.28471382792065], [135.7025407321337, -14.271353907248539], [135.73015049989738, -14.296663678217953], [135.66775123030294, -14.399153567299612], [135.67033119942823, -14.424363517570947], [135.61962164224508, -14.423093736164654], [135.5865719822868, -14.48470374574892], [135.58952199153669, -14.505133705991316], [135.56841221241962, -14.514983775493958], [135.56679223186407, -14.537483715628081], [135.53662250285953, -14.561123764996351], [135.51842269203706, -14.625463585013327], [135.54106242999575, -14.652703395841403], [135.51912265120563, -14.653273475252226], [135.49950280166294, -14.675773444900992], [135.48487298272883, -14.667073584438691], [135.46501315359438, -14.675773633974742], [135.41634361465873, -14.735013663144294], [135.3933438363961, -14.719173832409098], [135.38208391684634, -14.725723872162948], [135.41094369108714, -14.873123034090952], [135.47047321494458, -14.970212146446416], [135.57996200649723, -15.045291360003064], [135.6559310919289, -15.051731082141119], [135.72415013608486, -15.116280284547038], [135.74897980463942, -15.116500105243766], [135.8627984360419, -15.182729188987954], [135.92517675037917, -15.249198061303016], [136.07157367900348, -15.33915647628069], [136.1702912414328, -15.394555199648597], [136.2097604791535, -15.392864650817902], [136.23971996663852, -15.416074361904387], [136.2704199609625, -15.535764813783059], [136.2902997985911, -15.572344864677028], [136.31726945641503, -15.589594765635717], [136.3207694458123, -15.601674815838471], [136.31451954577904, -15.614244935747385], [136.3174995552186, -15.625975015931433], [136.32644924546184, -15.601965236014335], [136.41207819952564, -15.62614437883986], [136.5338960686565, -15.731934653481945], [136.5475958279292, -15.728884583889279], [136.54091599798912, -15.739144623760296], [136.55546588672902, -15.750384564308478], [136.56843579623094, -15.741824294650199], [136.55937576726024, -15.727564404250513], [136.62101543425507, -15.706153246035013], [136.64407518400913, -15.672432706502079], [136.6649351125457, -15.678472367217381], [136.6716149726402, -15.6639121773155], [136.681835081317, -15.684602077808137], [136.72413496836194, -15.696331509263423], [136.6826754980725, -15.77790270857789], [136.64279560079493, -15.769113277230609], [136.65839558942235, -15.78157317782859], [136.64472563991166, -15.791593517471105], [136.67050555825685, -15.794133128316512], [136.7137754634686, -15.856793180206678], [136.71466547270998, -15.877243400398102], [136.6908056432723, -15.903394069837562], [136.70638578135933, -15.931214080560421], [136.72950567989835, -15.932383741316048], [136.7714952788095, -15.889432712335497], [136.76074547853813, -15.916253132199767], [136.8229551653163, -15.899222044091937], [136.8878249305272, -15.922341186408289], [136.88877499011875, -15.932271266518777], [136.95325460594464, -15.938320138704627], [136.91876469881532, -15.917070607389606], [136.91271460980167, -15.899670597050468], [136.9703940571521, -15.874879478769794], [136.97799383754088, -15.850939218832398], [136.9873138861094, -15.87511919933674], [137.00353379519066, -15.873088929863355], [137.08358357773145, -15.944148343126336], [137.25442262472347, -16.012336319517157], [137.30896277864971, -16.085105771992023], [137.30152275933992, -16.078955871683842], [137.29493286966834, -16.08110598147182], [137.37261264289236, -16.133334884603375], [137.38381248225028, -16.13188470498521], [137.3569326045322, -16.115615103911725], [137.4092023502025, -16.1443043559785], [137.57378032878725, -16.174808862084486], [137.7296792268179, -16.232237858205156], [137.86563912054626, -16.426776764788762], [138.11674493551794, -16.648005656053453], [138.19509483846556, -16.69630512945817], [138.2729038524739, -16.719374632665637], [138.3236234878828, -16.750444314899458], [138.33013307806658, -16.736124275039682], [138.37171234507647, -16.743184026732266], [138.42791170998353, -16.7772436192292], [138.539999482511, -16.78194294374073], [138.62896760735416, -16.767922407216748], [138.8838059156158, -16.884760758628637], [138.91597551391223, -16.876000599899147], [138.97921496927952, -16.887280232640023], [139.0386845642545, -16.912429845350847], [139.04322472223407, -16.95017975584834], [139.0867246171685, -16.998499408083966], [139.157934071071, -17.029218961369953], [139.1405645499298, -17.078678971027287], [139.1679955724097, -17.201808513197218], [139.22252780398597, -17.304467776371162], [139.30580857555864, -17.36482701046386], [139.41741785758316, -17.37458628542025], [139.45049799443694, -17.393815997031787], [139.4364487040141, -17.422495976645035], [139.45250804422116, -17.395495977134008], [139.47690800231817, -17.400885808254706], [139.64669846418198, -17.53812431693233], [139.72162740858323, -17.548383900393787], [139.7573072147443, -17.57700362224296], [139.82177585066958, -17.57060332512676], [139.83920587852742, -17.589813176079385], [139.83389617811434, -17.605403125963022], [139.84721579767174, -17.596033116496443], [139.9359746299289, -17.629712520850386], [139.95236505637044, -17.678192272001183], [140.0191343197699, -17.718171755422528], [140.0917928545506, -17.722641358850385], [140.37821943713143, -17.679699702088676], [140.4479284443637, -17.64166936513797], [140.47918821206352, -17.6448591366771], [140.5964568266499, -17.596348521994027], [140.70984528359122, -17.509917966866087], [140.73550500173582, -17.512207788154793], [140.76944441130746, -17.477687659556132], [140.82840424800773, -17.465327142391814], [140.88742313856002, -17.382296984665366], [140.91290168506012, -17.231757174709113], [140.9404410058109, -17.184597105707706], [140.96223975938486, -17.09282728605233], [140.9468992832368, -17.040577614848548], [140.9580287548242, -16.998127665060366], [141.0648567049008, -16.87022727941964], [141.08229585746304, -16.803147439754284], [141.12882532576904, -16.779747141936944], [141.18446450547944, -16.7206468943015], [141.22119372672114, -16.65608680565789], [141.23457308981662, -16.58502693575976], [141.25138280027303, -16.557716886401487], [141.2735426091404, -16.552996697508238], [141.30367187164495, -16.47405667841531], [141.2889012667191, -16.399457137031025], [141.32084070790933, -16.342437048214848], [141.351089542932, -16.218857308761663], [141.4327779260014, -16.074747251829734], [141.373386968404, -15.916898487411844], [141.39757679735834, -15.9096183186135], [141.40931643879435, -15.8712783789076], [141.43468489921347, -15.657578978453145], [141.4730500445573, -15.521654469330318], [141.56960267184527, -15.292158732500873], [141.57560232637596, -15.20538888209153], [141.6355230561188, -15.149658474803713], [141.6296640789496, -15.105282464119965], [141.66507120092496, -15.034998675414833], [141.6675511222446, -15.009158705330078], [141.66104105390008, -14.986248824790747], [141.65265113507434, -14.97370889423858], [141.6644211026112, -15.005758735134691], [141.59027085507074, -14.857299839948057], [141.5536086618537, -14.592551885784173], [141.52561783922135, -14.487072763420887], [141.5505190938526, -14.379725453830195], [141.5984053880736, -14.258353715339213], [141.59903914592442, -14.116649444177787], [141.57254515059034, -14.057305462275671], [141.47631915168512, -13.945899456271382], [141.46720006663435, -13.864235435104533], [141.52329024986298, -13.57211542558074], [141.55061028210045, -13.50692543646767], [141.59326922264123, -13.459135448315275], [141.63011914589987, -13.367654449491846], [141.69539834815518, -13.270064452135056], [141.67993169181355, -13.217525580865495], [141.62950143743691, -13.159416247693553], [141.61395072189688, -13.091936626297215], [141.61778019458035, -13.039946716058784], [141.58872028719853, -13.017216974328836], [141.58317009858584, -12.99670705386163], [141.59974942026247, -12.952057084358648], [141.63598860095672, -12.908736915909508], [141.6527585197346, -12.91674678686733], [141.73990704919396, -12.85345642097228], [141.79533529356075, -12.729126372883643], [141.8037849759395, -12.67951646291494], [141.82110028558296, -12.671796463779916], [141.86312017246513, -12.693396456227902], [141.87774916303792, -12.671296436829513], [141.83954019494251, -12.668266484742418], [141.8273344865979, -12.64853651391717], [141.88609035568754, -12.617276456819829], [141.89375123667398, -12.59351357703148], [141.8792444178669, -12.583886636165166], [141.81988519956133, -12.601446633115186], [141.81146527090158, -12.58420670251562], [141.76841531387137, -12.565646910047887], [141.76005535571818, -12.53912707937437], [141.70942566910503, -12.518937486498146], [141.69481558766145, -12.556967426043633], [141.65449586912084, -12.56339761395498], [141.64324616884727, -12.57758757347892], [141.62571641932666, -12.583247652598155], [141.59192647218057, -12.558948060604568], [141.67342677893876, -12.369528363309463], [141.7148432245445, -12.23469843436442], [141.7353975445602, -12.218198515320228], [141.850448292565, -11.984438699493722], [141.87998785298532, -11.954398670829734], [141.90902787169935, -11.955448462408217], [141.8865085010036, -11.985018211443707], [141.91781421652905, -12.041341463618483], [141.92542322166923, -12.12240746472381], [141.94505320948224, -12.146367465993228], [141.91336223984283, -12.164339454428944], [141.9489531991162, -12.149897466235114], [141.9307552218465, -12.115147454950742], [141.93235326425676, -12.070867464658752], [141.95798666476202, -12.042309935805584], [141.99420306224383, -12.059637447923965], [142.0122434026302, -12.039097448731637], [141.97168325766904, -11.98009741601765], [141.9434232389992, -11.977720464462367], [141.94218308085485, -11.945498434119363], [141.96197225700587, -11.820758454125773], [141.97743212881596, -11.776959494590914], [142.00190132913147, -11.75325944571984], [142.0513203282564, -11.55483049671576], [142.08859044182802, -11.46472042798304], [142.10050028143644, -11.463200428623331], [142.11996909600225, -11.368530508879305], [142.12680909138635, -11.268351508394241], [142.11622942426467, -11.224651457437124], [142.13768828442704, -11.206941438464554], [142.15728922847737, -11.121761488810996], [142.1259438375941, -10.981361675877864], [142.1327939791884, -10.948431575970922], [142.19364425878044, -10.914960849036035], [142.28469226518413, -10.917915464108185], [142.31324486506716, -10.90112934555329], [142.31502464420063, -10.915139505773336], [142.39172326644444, -10.825763479290282], [142.4361048914422, -10.710188940784477], [142.49821401878063, -10.716798984343232], [142.53094291927394, -10.687529445941907], [142.55683250606825, -10.726449397746503], [142.581072015274, -10.724789489109192], [142.60928161282644, -10.749009410924458], [142.54926342023245, -10.83180867822796], [142.51722365073323, -10.843748696515553], [142.51610353697, -10.90942862701964], [142.50112345705446, -10.917688766243595], [142.48870316599562, -10.944069005769537], [142.49782320594227, -10.939048916241518], [142.50007309496766, -10.954418936501439], [142.48212309426097, -10.978359045694024], [142.54333344603754, -10.90787845854903], [142.55579345524723, -10.913428339303984], [142.54265337639168, -10.902218508461548], [142.55755333746754, -10.874088559063901], [142.57446312608417, -10.886998500136116], [142.5750631170747, -10.869588560019725], [142.59459295519767, -10.889278441300963], [142.58796298548555, -10.888598480917729], [142.5833730749202, -10.901258430766038], [142.59528290506577, -10.89109846135598], [142.58924292662937, -10.86813857081368], [142.6165526242021, -10.892248472577835], [142.61675268286118, -10.91508833278673], [142.60429282350174, -10.912128372050937], [142.61915267269163, -10.916448322935361], [142.61478274137167, -10.94186819290593], [142.66785252921065, -10.944637955961845], [142.68071264714595, -10.97156772693128], [142.69814227611616, -10.97788776798531], [142.71634164641853, -10.961057988884583], [142.74561172340023, -10.993517670848847], [142.75571824011377, -11.042706481856557], [142.78791634665, -11.080517494041256], [142.7993672316661, -11.157216475366535], [142.78316721841415, -11.222656464996419], [142.79355715469623, -11.27853647607984], [142.84036614043168, -11.319445529143769], [142.86866611561348, -11.38156552132407], [142.83296707392967, -11.433515499700825], [142.8268411316133, -11.476495809717145], [142.83967639014026, -11.49260553060054], [142.83433614635464, -11.559675510870232], [142.85217522404133, -11.58637554213606], [142.85949508078662, -11.63587555298878], [142.8624262037802, -11.750984454152992], [142.84749631003214, -11.823904533914956], [142.85636631837127, -11.845504524616535], [142.92897617181293, -11.904363559354705], [142.9224860627894, -11.892644468874524], [142.94590625134356, -11.90042452031028], [142.97460506818305, -11.93290355227091], [143.06614407463525, -11.928244517613411], [143.09785417546982, -11.892807519180023], [143.14751235177735, -11.919354512350864], [143.16746211763896, -11.97328449400175], [143.211949186932, -11.954410536486362], [143.24407010470497, -11.968714548527059], [143.2280911641217, -11.989073537748967], [143.21570317553304, -11.974597526884759], [143.18559206580227, -11.990804505231294], [143.09719726968217, -12.151961481379693], [143.0787170700305, -12.159211520350034], [143.09492127846727, -12.173441811430516], [143.08760127709803, -12.201001871235617], [143.09705126563546, -12.218281821943474], [143.0796212288988, -12.340852001970472], [143.18029954437156, -12.343091887959362], [143.2301283897962, -12.381991971265512], [143.24737792921863, -12.379132042271566], [143.27386750632692, -12.407091964098292], [143.27105714091093, -12.49641153470096], [143.30545813601475, -12.55066078723226], [143.35528727295863, -12.564131230345875], [143.39343695929415, -12.59554098291898], [143.41497762843593, -12.593899044207271], [143.41883668688072, -12.615940844631167], [143.4384562762637, -12.61180087578377], [143.40247742470814, -12.662260644041401], [143.4023541236615, -12.679038554178767], [143.41886884275488, -12.681645345200387], [143.39002304197373, -12.714820513742286], [143.35770012812844, -12.799606542522973], [143.3535101022805, -12.896071543101982], [143.37549712107005, -12.899262554455735], [143.39022111128563, -12.885051555222512], [143.40142412980032, -12.900507546032998], [143.4051280416863, -12.867789885974915], [143.44935312084985, -12.848919538491351], [143.47451011866022, -12.865386560161118], [143.5442531168713, -12.843266554219365], [143.49772608230043, -12.949113542295697], [143.5122120908658, -12.96120855328243], [143.50409010963065, -12.986634563006882], [143.51458009778312, -13.008117553831369], [143.50215809099842, -13.124262554075734], [143.5218070866109, -13.178832565743752], [143.52692806692352, -13.327360557335595], [143.54011208466488, -13.352924558360735], [143.58179607121622, -13.375654571106596], [143.5974570774483, -13.422791572472539], [143.57893606339505, -13.500125562002948], [143.58609105023595, -13.54404756281935], [143.55128504724308, -13.617418561319452], [143.53130504943368, -13.75500955128086], [143.54741103553988, -13.803345562680388], [143.59138702976887, -13.859051565852173], [143.62326703136281, -13.964736568717528], [143.67956703529575, -14.014508572613016], [143.70198700687362, -14.126789584961934], [143.70321701149436, -14.208648565740479], [143.78356098446142, -14.405747572412992], [143.8814379842799, -14.482367589176679], [143.94924095982378, -14.495660603544719], [144.0324129662845, -14.482907598679814], [144.16831447594467, -14.381398566438751], [144.19850296830992, -14.322796617862203], [144.19537098259852, -14.261393597133477], [144.21635286200325, -14.25412922841256], [144.23273099016666, -14.268848599587853], [144.2444619798797, -14.26411060029877], [144.28034596549958, -14.301508612923941], [144.33833398212417, -14.306988616704341], [144.43547297032202, -14.25967161258149], [144.46487996100487, -14.227494624214282], [144.49145773384603, -14.166009265413201], [144.51621746253747, -14.166629197032481], [144.55784497614002, -14.228750630288186], [144.59579997201752, -14.260267643046147], [144.58019194953044, -14.308047632435686], [144.5875279754741, -14.361374633376679], [144.62237740361834, -14.362027575669082], [144.64391496344126, -14.348419646967397], [144.65112093235598, -14.358694637530231], [144.62416093955625, -14.419431636281693], [144.61938592586478, -14.47640564645956], [144.6651194810634, -14.511026179766695], [144.68267932734452, -14.551245971271165], [144.71511921495315, -14.56100578349715], [144.77506593283178, -14.546092657337889], [144.78267869910601, -14.593605318253154], [144.83878857468224, -14.614324932162935], [144.9096609109721, -14.613701656888919], [144.92386090670252, -14.663496668269485], [144.95044991429867, -14.677487660172439], [144.9537958998917, -14.737197670912511], [145.00784589567874, -14.755805654705997], [145.0041089246572, -14.772990654602829], [145.02345191202934, -14.795336666098555], [145.0904868978758, -14.80308367069252], [145.11779389464704, -14.827683682754545], [145.17348989057282, -14.842670676666042], [145.22971288833423, -14.831730670402397], [145.2193408953492, -14.880869690119422], [145.2808768966631, -14.954925694965079], [145.29757389512787, -14.963589686183866], [145.34045788411163, -14.94551668897093], [145.35196786294424, -14.952979679826734], [145.3553268902558, -14.987410700355438], [145.28900886979943, -15.04348569628722], [145.2338068457849, -15.140730683350803], [145.23926987130238, -15.198462684222028], [145.26703183560363, -15.255779686614655], [145.3159268326219, -15.25936668999676], [145.3395558436957, -15.226612681337155], [145.35710185902704, -15.277224692980631], [145.33160187036822, -15.27831569123669], [145.28637085011556, -15.316448678462132], [145.2980688375823, -15.34226069948653], [145.28816583568505, -15.375948699098068], [145.24816085500393, -15.416266686707166], [145.24106485211445, -15.461551686612152], [145.22855783278743, -15.462027695761844], [145.26283385091457, -15.461118738097117], [145.28371523710635, -15.497178859837542], [145.27202655455721, -15.5412773694166], [145.28729665238856, -15.559097620616111], [145.3070363217502, -15.552437571912513], [145.3295918274185, -15.594104693820114], [145.31642182733344, -15.605560693014079], [145.31275798452901, -15.646789163117358], [145.36128724640577, -15.719578877080222], [145.36813982254543, -15.766762707958083], [145.35190583049518, -15.807492687190559], [145.35832879839938, -15.830947697834361], [145.37739081657884, -15.840626689230765], [145.3573473526128, -15.910458438450153], [145.41384631631672, -15.950988262695176], [145.47689497334346, -16.076087838134466], [145.44232567722688, -16.186277666685193], [145.44492071599095, -16.200856736989937], [145.46926519379113, -16.210887538762695], [145.48890491772377, -16.276667260689642], [145.44926175905218, -16.290862698062593], [145.41817613740722, -16.33828735631824], [145.4095261691411, -16.456797186735628], [145.42688604676627, -16.47452707808768], [145.46859065382378, -16.479885711022078], [145.47005083116554, -16.514365721418624], [145.52299973145585, -16.60089271583776], [145.56498567570205, -16.643152749124692], [145.5819445513469, -16.687182740685216], [145.62153773796672, -16.69953073355902], [145.67100396204594, -16.73734267735031], [145.68271614842618, -16.775565398500035], [145.72486193365566, -16.80386794170695], [145.74484399925026, -16.845432583470924], [145.77487469550124, -16.87000271580076], [145.76548090614753, -16.86923930513081], [145.7770368445768, -16.880356166042123], [145.76244564415734, -16.897869775161524], [145.78343934138138, -16.916998136808118], [145.77922227985863, -16.940437896710623], [145.79310392126678, -16.910544907436194], [145.8488906707785, -16.871173711050815], [145.86975771675554, -16.906627782835816], [145.90649671517497, -16.897203195367762], [145.9192131669081, -16.864280415991345], [145.9576579620181, -16.896564949009875], [145.93101551165526, -16.922980967335285], [145.93433357955868, -16.94751489778197], [145.90071119904903, -16.981667795679122], [145.88941360392738, -17.057591575524917], [145.94921322449534, -17.130691180411098], [145.9720756444319, -17.24195076299536], [146.0207635331673, -17.34674016737603], [146.07320318603743, -17.394709951550897], [146.064893811571, -17.458879841501503], [146.07697975721786, -17.504538732760285], [146.05162423880398, -17.50543977094546], [146.0563543372869, -17.520919691417344], [146.0360945784468, -17.523039799980697], [146.03271485950947, -17.512242079646068], [146.03044974938123, -17.515788749513817], [146.02782250686684, -17.550257319619387], [146.0332235984557, -17.525335819794282], [146.05861062683442, -17.52482576161279], [146.06818409733555, -17.5103896721777], [146.09212364176858, -17.561559284336678], [146.1279332369921, -17.592529067181758], [146.11528463644981, -17.61004776641898], [146.1326796260189, -17.600958757596157], [146.1490533712047, -17.648538799184262], [146.1134049900726, -17.69293899699032], [146.1045355279139, -17.727938906649364], [146.1126226040117, -17.770808777597512], [146.09126861320087, -17.79924677630119], [146.10583598094428, -17.815618647490002], [146.1065161880398, -17.852008547848868], [146.11959603686788, -17.85578846882409], [146.09795657509002, -17.896838437613674], [146.09153596094146, -17.95510721764694], [146.10139705856696, -17.976848028542214], [146.07386750939608, -17.98992812667127], [146.0080393236113, -18.120517783053437], [146.01619552328384, -18.245005734694566], [146.10276996916045, -18.34852598179739], [146.14112960527817, -18.364065654697367], [146.17355999741287, -18.4348550776427], [146.16751019700146, -18.44532507729362], [146.20046980415296, -18.452324849740094], [146.18938011321455, -18.47381483911855], [146.21511754153912, -18.472346790972146], [146.2299015291383, -18.48954278219104], [146.33788848863858, -18.52661388037133], [146.3389290221218, -18.606823471127274], [146.31933553037518, -18.645693800025555], [146.3382615509745, -18.621678801204368], [146.3385192002614, -18.630323391296447], [146.30185019683685, -18.70509327925275], [146.276371219964, -18.8131631583102], [146.27516149646516, -18.857793058599388], [146.28984147267585, -18.891882919957034], [146.3363315141534, -18.956309803894523], [146.36324150135815, -18.966996785953], [146.38012664766495, -18.997640767448406], [146.39627548643443, -18.9984908086393], [146.45416564615437, -19.07368076352676], [146.51794445940854, -19.099864798448973], [146.56224052271625, -19.142444832083605], [146.59543715992638, -19.1471117545827], [146.67657362051682, -19.189872860974933], [146.76752045435683, -19.18449082772193], [146.78957939822956, -19.238977869835196], [146.8205314348571, -19.252413832271134], [146.8388154543138, -19.24294482356481], [146.84678168268834, -19.25548325426976], [146.83598341221006, -19.270665873586275], [146.88257927606247, -19.303558807370933], [146.9424698223749, -19.29535393182188], [146.958037690114, -19.30874972311258], [147.02178198327948, -19.215835567157782], [147.01322499672878, -19.18219783622347], [147.01627391650092, -19.182280786455554], [147.0605855970505, -19.25629694044946], [147.0614437552679, -19.27668592068733], [147.0466609565289, -19.27450500954454], [147.04068043518257, -19.295646849268827], [147.0649851894812, -19.34216872151089], [147.11393541203796, -19.387765885626933], [147.1261073882029, -19.42245782684946], [147.13506127887433, -19.40679287740087], [147.16154647704624, -19.405425879414125], [147.21284828170485, -19.42392789350095], [147.23460524056006, -19.41861689512611], [147.2469083984753, -19.43245386618846], [147.30418423639466, -19.407621870387047], [147.44101626519895, -19.42114790108861], [147.45516822640334, -19.395174901967877], [147.44605231965718, -19.36518392100545], [147.417076284528, -19.333194868485418], [147.42131634520578, -19.321727858717058], [147.38458555953585, -19.30248289570757], [147.41434853649767, -19.3126138380994], [147.4359093027863, -19.337469859982903], [147.45720726805288, -19.374331871949675], [147.48700337799036, -19.465509905039873], [147.501102405263, -19.485037916303227], [147.51024244461155, -19.484794917013367], [147.50025644666064, -19.4696178461067], [147.50774226553105, -19.476304856746605], [147.55929025529304, -19.550496891397657], [147.57409921733938, -19.629287863222405], [147.61544451044733, -19.673086886830184], [147.58681120804044, -19.72508187502734], [147.60136849412686, -19.75744291644076], [147.67135840267395, -19.828343462532402], [147.71063532013838, -19.823661915583827], [147.70004433988944, -19.83552890485004], [147.71933030780121, -19.84280589643081], [147.76459633490913, -19.837065909954088], [147.76887931857257, -19.791895899910415], [147.74493649238374, -19.768966867825768], [147.76089834490122, -19.72685291872951], [147.75234924732266, -19.706584907882892], [147.8235572317527, -19.709638893540507], [147.85139822706162, -19.739237915998743], [147.8456742236985, -19.78205792590715], [147.86484634615567, -19.850972908012025], [147.91784013707849, -19.908300932711054], [147.99218734975778, -19.927607928805962], [148.0262361202013, -19.894001921245586], [148.08011624724293, -19.881851915462924], [148.11318428941124, -19.941353938624093], [148.16453515404817, -19.95794090290004], [148.18621545366744, -19.94406093453177], [148.22013428003132, -19.95603093737369], [148.23918826603364, -19.984328949154904], [148.2597602852885, -19.975428950745624], [148.267504150331, -20.02364091178148], [148.24030326247998, -20.0226249395694], [148.23058546115973, -20.045310938974925], [148.28352414423023, -20.077459923536207], [148.2776842126658, -20.099549983249393], [148.34202414290397, -20.153009978928694], [148.43486308442044, -20.16844895663154], [148.47897206574208, -20.117488969810044], [148.44362622901699, -20.111039916862115], [148.44073328266927, -20.073573996308237], [148.45202101311838, -20.05934442711097], [148.51332111536308, -20.093258982421403], [148.56288016405395, -20.066717996268686], [148.55484136031856, -20.11385801600696], [148.57991031652034, -20.134407988243986], [148.56600133613927, -20.14998797723106], [148.57695111489056, -20.154497968170517], [148.57032133393906, -20.17026793775834], [148.59802012219637, -20.16631793000616], [148.5826513604731, -20.19762793900514], [148.599241258872, -20.201268000402806], [148.61994015956938, -20.176688021901573], [148.6011611278331, -20.210917970642768], [148.63005039483403, -20.219507933098594], [148.6394003086238, -20.170907933458963], [148.6429102943748, -20.213877994112824], [148.6529802033983, -20.216127004963877], [148.6779393849716, -20.178677016710573], [148.66065039276137, -20.21668698560262], [148.6627902397415, -20.247466986040184], [148.6789801400373, -20.23096702723964], [148.68512030860046, -20.24138694783605], [148.673158235712, -20.282314997192685], [148.71554930429647, -20.262666020536894], [148.7386001007567, -20.28173998261039], [148.73369071373924, -20.25376299196607], [148.75268724150718, -20.262137973613935], [148.75234922400116, -20.235667013361635], [148.76928938268262, -20.235946994771428], [148.7776550684822, -20.27410096579011], [148.80185211627062, -20.277968987836115], [148.7855467060826, -20.293324996609275], [148.76638305814825, -20.286912014961572], [148.769123046745, -20.299694995297543], [148.79193229298247, -20.321256027377053], [148.81635612109298, -20.32143898941219], [148.82235335965126, -20.33192400000069], [148.80700908982865, -20.34260302881283], [148.81841423784263, -20.354459989863237], [148.82570529885223, -20.33770900032903], [148.84071803636698, -20.351930991701224], [148.82789409608813, -20.36541199074602], [148.8310692940647, -20.384390031171357], [148.8219231650023, -20.381893980387844], [148.81639104514667, -20.38489502995228], [148.83959018273012, -20.39162801194319], [148.8386912191103, -20.430939012200835], [148.88024712201837, -20.472250996019927], [148.9027921107675, -20.467031007861074], [148.91123736894502, -20.47944398867284], [148.89095600074134, -20.47702199695555], [148.88413006022725, -20.488089036478442], [148.93015031235493, -20.533774030716177], [148.8990322736896, -20.54521795820771], [148.88481333686804, -20.523198016832445], [148.85686725859458, -20.527879994537344], [148.8449620618424, -20.503155023334703], [148.8214951242618, -20.496749991323686], [148.83108622556222, -20.474990951939226], [148.81740514810414, -20.459175990665162], [148.83176300778106, -20.450797971791047], [148.8240280806964, -20.426089020937216], [148.82054433932962, -20.44352697079439], [148.8137331419852, -20.420810970034733], [148.79088827427051, -20.415218988085385], [148.7879081932212, -20.428880997952973], [148.79700432081228, -20.447102038864056], [148.79385933044205, -20.453646998657636], [148.78591810323442, -20.430380027800087], [148.75613709660533, -20.41890701522729], [148.7844363513454, -20.45177600785776], [148.7636161203426, -20.479687966362604], [148.73646816222814, -20.48199996412752], [148.69281547940568, -20.44127963016435], [148.68017889038538, -20.44124575911788], [148.71510033268515, -20.494826962463414], [148.66205326832306, -20.5857550288388], [148.6903166048758, -20.599077291290147], [148.69994617032586, -20.639717962430712], [148.7271700588278, -20.632988034631012], [148.7308661974542, -20.644573015035444], [148.7063242569318, -20.67066796322032], [148.73258300320808, -20.688463035548153], [148.73080534070618, -20.71664401563827], [148.77790833555534, -20.732109299681913], [148.78081756247383, -20.762456200179766], [148.8407970250534, -20.79109568541809], [148.8146673671208, -20.791005863238656], [148.81835740579515, -20.80198582363871], [148.79509117663778, -20.81252301178956], [148.83889723204865, -20.82452562554137], [148.84481226674362, -20.87575403646652], [148.87747706420677, -20.875235239190292], [148.87492232561246, -20.86251404886958], [148.88483203612986, -20.848764039582118], [148.8901869129489, -20.877895140275385], [148.91507201964535, -20.8919640424765], [148.95119117834145, -20.87557404536559], [148.9710210444161, -20.900363027238733], [148.99541567325772, -20.892234289219743], [149.00540104055293, -20.912333030228762], [149.02904009007588, -20.89769300209469], [149.0461202982172, -20.903002003578223], [149.0466502064695, -20.920872043773503], [149.06068711465892, -20.92817902501844], [149.0283051176309, -20.923941022254038], [149.01423513761918, -20.93576701116941], [149.03164610410144, -20.958153012823658], [149.02055010495778, -20.95841703189168], [149.01738913186858, -20.993430021920542], [149.08881312788444, -20.97566902779219], [149.11551999319985, -21.002392070274116], [149.15807921001388, -21.000301023858842], [149.17067612498383, -21.042185045279393], [149.18672904448684, -21.034051016572388], [149.2055689488704, -21.07675007853132], [149.22703897850354, -21.062780000237908], [149.2354110836531, -21.106097031314643], [149.22276000065023, -21.14768008058912], [149.19690015485864, -21.125550058206173], [149.20009011347267, -21.13727002857565], [149.16348097691417, -21.132010075425782], [149.15282100671095, -21.143000064614977], [149.1726411659776, -21.134110046220012], [149.21517012148487, -21.1453400699244], [149.1998301514019, -21.158950048736035], [149.1959911166868, -21.211000028847998], [149.18468111872951, -21.19926524778943], [149.17422707966344, -21.198303026894582], [149.19021309663196, -21.21638703840286], [149.2020320859959, -21.21311802937872], [149.21407606228115, -21.241521180640614], [149.17925221092395, -21.284670058046885], [149.20174102978154, -21.277680039896833], [149.19809102826412, -21.29642998974449], [149.25588001860302, -21.24470007422284], [149.2740002139538, -21.277580056042684], [149.2986699423793, -21.273279048109885], [149.29121003863827, -21.31800904784965], [149.31515005315546, -21.354459040198844], [149.31729996925833, -21.39270903070378], [149.30216122977833, -21.40001001947285], [149.27618112295292, -21.389080057165536], [149.27636610180775, -21.400710967278982], [149.29537091880127, -21.41573003902554], [149.33127008641415, -21.41024905204444], [149.3382299742239, -21.426909042779183], [149.29826496752835, -21.42639120936196], [149.28913101470448, -21.46305907889066], [149.29846114318943, -21.470799069751475], [149.27426194441807, -21.478480027752482], [149.29717195934995, -21.511299069981312], [149.30188222001013, -21.500569080293193], [149.32688095752613, -21.50507909246553], [149.30922115978723, -21.496699090887088], [149.33959598946683, -21.47454032329585], [149.35710116592065, -21.496219034974878], [149.34871616556478, -21.506880174347096], [149.35006615521218, -21.509360174483366], [149.39579525306536, -21.493089908262185], [149.37362602077124, -21.53506994671528], [149.3989956381544, -21.540579768935093], [149.39278581774252, -21.549979758481687], [149.40044577609115, -21.56042968922596], [149.41424000635143, -21.54623806028992], [149.43781999368122, -21.553768102377166], [149.4442453708188, -21.577559343128712], [149.42745019262077, -21.573238071650106], [149.4220256328841, -21.575089521200034], [149.44968989031042, -21.5781880636018], [149.44108016981482, -21.590428072964755], [149.44339999933757, -21.59334804318853], [149.4533298896709, -21.581658023943735], [149.45332989153346, -21.562698093784665], [149.46501482072497, -21.561179264776502], [149.45737986187933, -21.55579805407488], [149.47236468028294, -21.55954922539499], [149.45772008211767, -21.553088064081386], [149.4682090530499, -21.534858014830288], [149.48459912201955, -21.531698036213985], [149.48619456805886, -21.570639086678174], [149.45347997757335, -21.602878034134648], [149.43865086505858, -21.640878013179154], [149.4559409498251, -21.679608084989525], [149.44477084993036, -21.6879080740991], [149.45819094684305, -21.708018015421032], [149.44929100707262, -21.713158114699084], [149.47064120577684, -21.708398096494932], [149.47971102162865, -21.742877107564194], [149.45554097525934, -21.726328075346604], [149.4358320773226, -21.721928073616272], [149.45653206482285, -21.729928085461967], [149.42522214608599, -21.743428072885333], [149.42167215353555, -21.772348042822756], [149.43080215538185, -21.745888053384995], [149.43431285798326, -21.818087044290852], [149.45836190604277, -21.817487106352402], [149.4559430850014, -21.830087106249895], [149.47169199286014, -21.838507047674803], [149.4654229647761, -21.92566709786449], [149.49009410639718, -21.98948709052116], [149.52337863987387, -22.027097603703936], [149.51705931562162, -22.07530751356155], [149.56695480179687, -22.17192609867536], [149.55438504133014, -22.18730611771751], [149.57413499507936, -22.23319502980703], [149.59880505091408, -22.253905122114006], [149.59730033828927, -22.28145648221338], [149.6293651139851, -22.297165055121912], [149.65829003573162, -22.35487593811196], [149.68422405449786, -22.34508413028308], [149.7105137897736, -22.36972406277469], [149.73106402022668, -22.347764064380883], [149.7667029148058, -22.371334067684117], [149.74686402492512, -22.386984086084382], [149.75211016949513, -22.436371266953014], [149.77428555965858, -22.415907138717113], [149.78431594239365, -22.38031015929623], [149.81107748992832, -22.382054991649017], [149.84990180315333, -22.416163095330585], [149.8882673420901, -22.492744249331658], [149.9628364309162, -22.539443796274615], [149.99137650208235, -22.60181358930815], [150.0467560112207, -22.661053194689547], [150.01052593245873, -22.581963490831974], [150.00284553842425, -22.53010358972268], [149.91300519489153, -22.345834460279203], [149.92695009381302, -22.344743141495353], [149.9157544903376, -22.289854570053663], [149.9435878660712, -22.21005310183391], [149.99752139805702, -22.145614346044827], [150.02847583544275, -22.14566315877639], [150.04423493617222, -22.125450129999248], [150.05999092418614, -22.131928131446074], [150.0655749115775, -22.152913102115416], [150.08162294032664, -22.15191512352693], [150.10166044144748, -22.22231354588991], [150.15220494322625, -22.260832100694827], [150.15741019826075, -22.304953071525752], [150.19223970321903, -22.325232824791126], [150.1774303708567, -22.360482873768515], [150.2058449175519, -22.369081136368035], [150.21711473403488, -22.39391115757879], [150.30054291653346, -22.397651105054333], [150.30103395404294, -22.42133110529596], [150.38387281239312, -22.46543012308383], [150.4486771596295, -22.534721229485893], [150.45073200071107, -22.522660139570185], [150.48391177665067, -22.534300212655925], [150.49765190276253, -22.560220204111122], [150.49178631732192, -22.52141107325828], [150.54477616859535, -22.56137096837559], [150.53787639803545, -22.57237102784384], [150.51480664158112, -22.55743118563573], [150.5303966677397, -22.581331077242858], [150.54406631738107, -22.573540988412983], [150.5298469355912, -22.602291117368033], [150.54857173242888, -22.61708014918344], [150.5373717762139, -22.590170137946746], [150.54745066682938, -22.576030148739665], [150.5521609260421, -22.579679199195944], [150.55301644456017, -22.59311097938537], [150.55994089288535, -22.60339916009738], [150.55154100747913, -22.56647916902975], [150.5918098831509, -22.57476917274299], [150.58841976508938, -22.55907919230501], [150.59756524426868, -22.55942066313624], [150.5852854057623, -22.55523075198905], [150.5524650860421, -22.483980828424553], [150.60782429954162, -22.500830503576644], [150.58740890268712, -22.487489151615684], [150.601864221594, -22.486130492913723], [150.59303425343313, -22.475790542027408], [150.5870589828953, -22.485789131569785], [150.55628977644508, -22.47700917871214], [150.53307983125217, -22.45000917638886], [150.5900289549209, -22.46404919165711], [150.53860469157726, -22.44239080682435], [150.53994902307713, -22.426949186816778], [150.556424321294, -22.430570748336308], [150.52995901649263, -22.40240916570917], [150.53984355105914, -22.350640796169248], [150.56244796271892, -22.31639912792626], [150.60414223723194, -22.335080411857177], [150.62591703616397, -22.32765914376914], [150.64579694260962, -22.345489225722297], [150.64068205116558, -22.363390155407807], [150.6172522345764, -22.349820313168827], [150.64250686930666, -22.379629175709294], [150.61094284101873, -22.388880362923604], [150.63070265823532, -22.39940021480347], [150.64387670797063, -22.391249175930835], [150.65778671437423, -22.41422915738612], [150.62799296619622, -22.421030254738525], [150.64629271432935, -22.423970126423814], [150.62734326408625, -22.44166026485206], [150.65529697375922, -22.422099207225806], [150.65031286240895, -22.438990106914407], [150.6578728804917, -22.451100067702235], [150.66634281945508, -22.454090018496743], [150.66138243351958, -22.41945001775642], [150.67231203437237, -22.402489948607734], [150.65047192974797, -22.36898009634331], [150.66919136044348, -22.34722996786175], [150.68705580578916, -22.3770982197358], [150.69322203963725, -22.430589800744144], [150.7533312528642, -22.446279376351065], [150.75852586008585, -22.468398187009928], [150.73096208067983, -22.485049544635785], [150.72393779774066, -22.51858819427606], [150.69754293132132, -22.506039891767998], [150.67834284641847, -22.473219959747354], [150.6743078444999, -22.494719219560206], [150.65839318755351, -22.478620127979514], [150.64775329916858, -22.471900166957084], [150.64427338921658, -22.474270196660957], [150.67377789388092, -22.501029199564755], [150.6670535721924, -22.52253018913323], [150.6888734479934, -22.54465022130181], [150.67955879575712, -22.573439160695106], [150.69172789680835, -22.55356922163595], [150.7248330629602, -22.563139954729795], [150.71897878954897, -22.600189224505844], [150.73218068595907, -22.62341515590256], [150.71455797642497, -22.633352154379992], [150.6941341510325, -22.606360192295632], [150.70725969675405, -22.636183193739086], [150.7333089439619, -22.64138015615532], [150.73614761560265, -22.623558976265333], [150.73939462448584, -22.631475996627408], [150.7484035532442, -22.635882957485673], [150.7588592733175, -22.626692838362793], [150.73935359493, -22.627310976588905], [150.75164770447915, -22.621578187662177], [150.74131784724602, -22.60381819657189], [150.74853320596046, -22.610109867282375], [150.7529730961641, -22.60457978764118], [150.74063321799525, -22.59728986645496], [150.7628217208837, -22.55198316810051], [150.77415492986972, -22.552391219138432], [150.75285586398556, -22.530717157013573], [150.7695677935023, -22.521766208463752], [150.7893328702226, -22.536781180394264], [150.77994299070383, -22.539827219561996], [150.79064580818158, -22.5549942106664], [150.77843170011508, -22.641026200269096], [150.8037368173209, -22.646836242629853], [150.8056098843598, -22.673213173021228], [150.83516480064515, -22.684194165816947], [150.81229076571134, -22.749182164265836], [150.81079567854218, -22.817795204700932], [150.79693961895214, -22.82525717349619], [150.78970794527504, -22.865733163172344], [150.78698094950158, -22.92220616339319], [150.7999988872077, -22.93306017467327], [150.77735779611533, -22.96190633284433], [150.7715056366117, -23.055904243091167], [150.74965362076475, -23.128801181702006], [150.7748226346502, -23.165232174301682], [150.79422661322982, -23.162454166051532], [150.78909663876402, -23.20846323596432], [150.798698915842, -23.22780620700245], [150.81934561468222, -23.22152223883885], [150.82983060015042, -23.255114190077077], [150.82501167789064, -23.28018216984371], [150.78994477786017, -23.309612176880165], [150.76649693116195, -23.29830123464456], [150.75933413157708, -23.300389644007986], [150.77565170767792, -23.323218185686937], [150.79232187632687, -23.321942167199563], [150.79097473262885, -23.357561197371357], [150.81015157562481, -23.40683322953269], [150.87143257215703, -23.480867235758648], [150.85004062127848, -23.50687921401239], [150.7906457067281, -23.505957208568717], [150.87940471482258, -23.54219719699703], [150.86849869207717, -23.576749206281978], [150.93455963965988, -23.543939242078608], [150.95699877694878, -23.550289194196093], [150.95858853137327, -23.600409214756628], [150.92531663196183, -23.622760241879764], [150.96804860000813, -23.60510917566672], [150.97539872473544, -23.55539921593313], [151.0265575883179, -23.571999180789646], [151.04581078050236, -23.627848233029976], [151.12177128887305, -23.671390200422206], [151.13464994475385, -23.698374171839692], [151.10957334640597, -23.704081179561296], [151.1327025239542, -23.70729727173268], [151.1511327499698, -23.7283970636175], [151.159411567113, -23.74759702454484], [151.1441957060413, -23.77001005331689], [151.1547276740791, -23.779157234370235], [151.16534165483702, -23.76343223522642], [151.18423064986325, -23.793072227226705], [151.16452529138726, -23.7955551354156], [151.1729570783852, -23.815896106366917], [151.19282574535293, -23.826986098305824], [151.23296165295258, -23.815506241947904], [151.27453565686352, -23.836330255997133], [151.28070747417772, -23.855560226731946], [151.29731763221503, -23.859588258316688], [151.30946363189756, -23.85241824939277], [151.32316763038807, -23.854749250693544], [151.3185916186899, -23.873886260423365], [151.35483074852044, -23.935754274325376], [151.4269945561309, -23.9876492815232], [151.43543882103523, -24.02643126263623], [151.4245660898558, -24.046007311775654], [151.4404287349091, -24.077259303523768], [151.44349868033848, -24.02602524339062], [151.465788273162, -24.071944315865572], [151.49379074113156, -24.06699931846198], [151.47951504315617, -24.06065927706499], [151.47480906660763, -24.033630226399286], [151.44158856165365, -24.015801293126824], [151.4405076544024, -23.992020182829293], [151.5439438207313, -24.029279062882242], [151.5010655929212, -24.044988208966355], [151.52684415883834, -24.060259201523294], [151.51732433859578, -24.070269290707593], [151.52474419582398, -24.08891938156112], [151.54773383365537, -24.089339263734793], [151.54542392118663, -24.11326930371362], [151.55281379404406, -24.081689234151643], [151.56363862971375, -24.111398315419024], [151.5604736042456, -24.073589154808644], [151.58009334092225, -24.087089126774572], [151.55532371512717, -24.06995916429217], [151.57366332727688, -24.035708985743355], [151.58270324485952, -24.049848996714715], [151.61039268313704, -24.042488919274557], [151.63468222940975, -24.055768981685212], [151.64504216568568, -24.080398942870353], [151.65195668580938, -24.073637283470465], [151.67117185123453, -24.098538805499057], [151.67551652196636, -24.088487295828777], [151.68247170956573, -24.104098736617875], [151.66466171612035, -24.060478864567582], [151.68566144341798, -24.067308736617814], [151.67748150616893, -24.049568785694717], [151.63759212171712, -24.03285892177229], [151.64683644146209, -24.027567272605214], [151.6328721645743, -24.01128882114709], [151.64163194474398, -24.002618781906026], [151.6381720357007, -23.996928731531085], [151.63016218462104, -24.013088820905082], [151.6043727474681, -24.008828768427193], [151.6105626402192, -23.97923860876931], [151.64429199733635, -23.97736865195006], [151.73030565436653, -24.02248633049321], [151.70456563477816, -24.03980728818765], [151.70279553307086, -24.056397248156106], [151.72082542999394, -24.06896727997428], [151.71585106838904, -24.087248559651734], [151.73216071974866, -24.061898390994646], [151.72531570174502, -24.049787300243427], [151.74490050195166, -24.032008131961128], [151.7384157357926, -24.003246311106505], [151.76543029187255, -24.01601780378511], [151.78673456841864, -24.117646296654176], [151.77932465788942, -24.12835729603563], [151.77172028900495, -24.124701325280423], [151.77148497848168, -24.129516265297642], [151.7851044772395, -24.129386266595375], [151.7847545481155, -24.121936336500635], [151.79311450685609, -24.126246267333723], [151.83593468715682, -24.176886281840417], [151.87582338407782, -24.17153632561264], [151.8658334041174, -24.179306304720257], [151.84914451120966, -24.218456303445723], [151.8789834812675, -24.193666346097462], [151.86901361265404, -24.1895862751093], [151.8863235256236, -24.149425316436147], [151.90621053713497, -24.207830318822946], [151.9434133800038, -24.240135332658387], [152.00586361202357, -24.433664320253975], [152.05758263816597, -24.511983315881558], [152.04402864793448, -24.525037364681296], [152.06001849722034, -24.518203336167627], [152.14831055638712, -24.626546305591326], [152.27428352455703, -24.71191537852244], [152.34778327454327, -24.738060375902318], [152.33807949547472, -24.73795435495417], [152.33365650523027, -24.74362434456896], [152.37888657230437, -24.732034338891754], [152.39672348843644, -24.750617350788374], [152.37763950817512, -24.768265369066597], [152.38135651449636, -24.796621389662157], [152.3839964181538, -24.763308349647513], [152.4128034160829, -24.75769136241998], [152.46818058396437, -24.816073378325385], [152.49455521963128, -24.916308361734668], [152.4860754540342, -24.970544341345192], [152.55069434562228, -25.073680388540822], [152.54214527696237, -25.06931176766365], [152.5314865167203, -25.079991796702043], [152.52966052760473, -25.07401484647365], [152.5234355688202, -25.068810915818915], [152.5199256886792, -25.07284690550671], [152.5153507390078, -25.073785945064568], [152.5154107491964, -25.07214596505709], [152.51299677943894, -25.072057974819067], [152.51247282942933, -25.07256396477169], [152.51337174914465, -25.07423697487371], [152.51156879932822, -25.074150974695776], [152.51174683912208, -25.075745964726288], [152.51004681944082, -25.0744359845485], [152.50845585960872, -25.07431001439111], [152.50752787931773, -25.077518994326077], [152.50852286959068, -25.074408014398486], [152.5098448294524, -25.074501994529182], [152.51103684919417, -25.075713964656238], [152.51196678909017, -25.07583697474865], [152.51355475912587, -25.074246954891773], [152.51270576942932, -25.072374974793036], [152.5153487389695, -25.074110955067034], [152.52048366860848, -25.072990915562748], [152.52333157874753, -25.069507915814384], [152.5336845053695, -25.08959673699665], [152.5462332060327, -25.073835718102927], [152.577070477701, -25.1189963815087], [152.63303817840486, -25.15176934729813], [152.61774489731908, -25.17325400596316], [152.55545473352467, -25.171655359808657], [152.54026515281282, -25.18999042846282], [152.54703637037474, -25.204987419251477], [152.5570432921303, -25.182090340050152], [152.61497447639354, -25.183262415771274], [152.64422447752253, -25.233898399072814], [152.72245031567303, -25.269597357106278], [152.80617944819156, -25.264358385377687], [152.81388634995727, -25.24347837597419], [152.82785324808714, -25.247794407399336], [152.83437032402043, -25.27633243828075], [152.89963830715314, -25.280868444825067], [152.91449931420868, -25.293328416410613], [152.90145523297468, -25.3140004052764], [152.92436323661545, -25.430776288515123], [152.89651699076995, -25.418889295637225], [152.8898696804421, -25.426953565039362], [152.90809241835728, -25.429495406879244], [152.87163311021766, -25.44351461335474], [152.8507188272603, -25.484861631606023], [152.82374229879667, -25.493990768993584], [152.84854598584758, -25.4982985814987], [152.8852550966598, -25.461922464863225], [152.92798735418344, -25.447923199016763], [152.93423710552239, -25.431851199510767], [152.95635077314978, -25.43363604173697], [152.94658319075353, -25.461235030984287], [152.89660126107526, -25.498866266295863], [152.90995638606122, -25.529430037877695], [152.89727062676937, -25.533842106646816], [152.9025786753106, -25.54157806723959], [152.86191931786337, -25.553424333279224], [152.87792617533879, -25.56129018493931], [152.87494126979826, -25.60939242503196], [152.892116557068, -25.617959906815155], [152.8964548417691, -25.65806179757344], [152.91148783825258, -25.67478666921021], [152.87825327045414, -25.68366642596463], [152.92025042354902, -25.70632741034129], [152.9072062721993, -25.7280104292139], [152.93631125742223, -25.743579422248466], [152.9388742450784, -25.760721432643585]]], [[[134.4487771534249, -33.773657914877035], [134.4732121125213, -33.69032240495284], [134.52756995456522, -33.67767141619412], [134.54701257992377, -33.724480266957855], [134.50703589616393, -33.72285996597294], [134.49609045705995, -33.74579822584851], [134.4487771534249, -33.773657914877035]]], [[[133.54026320680418, -32.27873433554674], [133.59358714978032, -32.25102927644895], [133.58173702102442, -32.26843031631796], [133.62383111569247, -32.239278336990786], [133.67400502855793, -32.23248026797793], [133.61435228658263, -32.25680132690744], [133.61510108609124, -32.27032725700758], [133.62840201411709, -32.271346327285485], [133.60785714628082, -32.301169267053496], [133.57127397113666, -32.31908231642393], [133.5497369645999, -32.30808432592095], [133.54026320680418, -32.27873433554674]]], [[[133.27100125050552, -32.49601234165283], [133.2885613180568, -32.49053726195192], [133.31106816420382, -32.51044428250467], [133.28762421719125, -32.528462282169954], [133.27100125050552, -32.49601234165283]]], [[[133.78851594812184, -32.359428341166534], [133.84077208008347, -32.37194528235524], [133.83731608049789, -32.375079342301156], [133.85752502715977, -32.38755830281167], [133.78851594812184, -32.359428341166534]]], [[[134.77663039901933, -33.598000401906205], [134.80961249421003, -33.590776092702775], [134.80951171358367, -33.60834815280921], [134.77663039901933, -33.598000401906205]]], [[[133.53073510748084, -32.30458927551774], [133.50668205060134, -32.319178265128606], [133.5013889614003, -32.318342265017975], [133.51499805987854, -32.30125233518221], [133.53073510748084, -32.30458927551774]]], [[[133.62551623926797, -32.457143328390416], [133.64149517700645, -32.45387829869721], [133.654957025103, -32.451083258956245], [133.63965593701138, -32.463205278717844], [133.62551623926797, -32.457143328390416]]], [[[134.2665599760538, -33.94171333159362], [134.2769019643569, -33.944166321849764], [134.26432898587595, -33.957404331637626], [134.27256097428364, -33.96652732188524], [134.2599059963959, -33.96250531156585], [134.2665599760538, -33.94171333159362]]], [[[133.65850198445094, -32.455616279057544], [133.66992797333094, -32.43597728917013], [133.68350827119758, -32.44063730947987], [133.65850198445094, -32.455616279057544]]], [[[133.2948260652159, -32.562762282520126], [133.28392921667475, -32.56861030234923], [133.27538927802303, -32.565462262167614], [133.28684016664573, -32.55343530231026], [133.2948260652159, -32.562762282520126]]], [[[134.67076783934837, -33.202413066777176], [134.676810047918, -33.21698501701903], [134.6662961496177, -33.21397408673778], [134.67076783934837, -33.202413066777176]]], [[[133.48520015206313, -32.38046530508491], [133.47536818361982, -32.37639629486461], [133.4861609822774, -32.367563255023306], [133.48520015206313, -32.38046530508491]]], [[[133.37441806773356, -32.403178323055066], [133.36937519874914, -32.39299527289392], [133.3819262268566, -32.39473325314791], [133.37441806773356, -32.403178323055066]]], [[[134.2611852486423, -32.674336483614155], [134.27958610572824, -32.679952364076534], [134.25974126871736, -32.6786374936077], [134.2611852486423, -32.674336483614155]]], [[[133.2837632464278, -32.57885931240973], [133.28109816655942, -32.58880232242085], [133.276325977373, -32.5847913023054], [133.2837632464278, -32.57885931240973]]], [[[133.8299631222521, -32.35227127200108], [133.8354250112217, -32.360014332166166], [133.81623704419363, -32.354706311724314], [133.8299631222521, -32.35227127200108]]], [[[134.24157799769898, -34.009194321425305], [134.24466596763406, -33.99668832142057], [134.25103495632638, -34.00598131162521], [134.24157799769898, -34.009194321425305]]], [[[133.2296981926265, -32.26478728943396], [133.23184818210748, -32.27265628952339], [133.2248542031775, -32.27087528938126], [133.2296981926265, -32.26478728943396]]], [[[133.3304782820379, -32.48415628271272], [133.33705405091425, -32.489874332874564], [133.33385617129366, -32.49334329283473], [133.3304782820379, -32.48415628271272]]], [[[137.8756097384819, -33.34083609948169], [137.87934674826082, -33.33457710958541], [137.8819897572866, -33.34508292975528], [137.8756097384819, -33.34083609948169]]], [[[134.76159773138448, -33.596545541515226], [134.75204083297106, -33.59332461125294], [134.76664955065425, -33.595253481635474], [134.76159773138448, -33.596545541515226]]], [[[133.32003720386652, -32.47336932244547], [133.31603114450812, -32.47147231235701], [133.31921314409107, -32.46950328240563], [133.32003720386652, -32.47336932244547]]], [[[133.25230500281145, -32.513363251407455], [133.24966006336976, -32.50698532131796], [133.2555770824568, -32.50845331143866], [133.25230500281145, -32.513363251407455]]], [[[134.28828240928343, -33.7445520808919], [134.28251417035136, -33.73933621072511], [134.28383215016558, -33.73878916075252], [134.28828240928343, -33.7445520808919]]], [[[134.61135828025553, -33.716472188491935], [134.6105772105364, -33.71195217844471], [134.61689722940466, -33.716318128628124], [134.61135828025553, -33.716472188491935]]], [[[134.60529952045192, -33.168421434940164], [134.6028426307329, -33.1710234648958], [134.59961964125785, -33.169953494809626], [134.60529952045192, -33.168421434940164]]], [[[133.76804310103603, -32.36250527075412], [133.7748640400527, -32.361901280893974], [133.75957412221595, -32.36466527058962], [133.76804310103603, -32.36250527075412]]], [[[133.96570221103727, -32.722737267255745], [133.9698241505411, -32.71891716732226], [133.9695171904541, -32.723239227342525], [133.96570221103727, -32.722737267255745]]], [[[134.28555756164198, -33.083411166738465], [134.282455462232, -33.079701256643084], [134.28665847161957, -33.07904313673691], [134.28555756164198, -33.083411166738465]]], [[[134.26752897472613, -33.97676831183054], [134.26320796539852, -33.97686031173045], [134.26463295530868, -33.97289932173941], [134.26752897472613, -33.97676831183054]]], [[[137.54286243451608, -33.98399244099447], [137.53314459606676, -33.98315447062778], [137.53208547637547, -33.98045337057127], [137.54286243451608, -33.98399244099447]]], [[[134.6241523871015, -33.18265635549503], [134.62569129698804, -33.17924432551183], [134.62829129647616, -33.18262331559734], [134.6241523871015, -33.18265635549503]]], [[[137.5082129085387, -34.00920024986784], [137.5218716065932, -34.005963060353885], [137.51335783774172, -34.00917919005844], [137.5082129085387, -34.00920024986784]]], [[[134.26642299462102, -33.98505032185539], [134.25825297594577, -33.98364332165658], [134.26295096526766, -33.98195932175561], [134.26642299462102, -33.98505032185539]]], [[[133.60200718876942, -32.24322330657095], [133.6086722278587, -32.24098527669246], [133.59766014923832, -32.249135316519734], [133.60200718876942, -32.24322330657095]]], [[[133.13301217700626, -32.64773324002127], [133.13129207735938, -32.64393228996617], [133.13428624692887, -32.64336933001765], [133.13301217700626, -32.64773324002127]]], [[[133.24696718035304, -32.25505029969737], [133.24455420054275, -32.261320279691155], [133.24349719072222, -32.260365289665316], [133.24696718035304, -32.25505029969737]]], [[[133.69520611966936, -32.433902259680025], [133.6921230801339, -32.43353029961377], [133.6943539898315, -32.432628309654376], [133.69520611966936, -32.433902259680025]]], [[[133.31085106488277, -32.486127272349215], [133.30864500526886, -32.48385432229294], [133.31176728480975, -32.483786282352156], [133.31085106488277, -32.486127272349215]]], [[[133.34322802024477, -32.480837252937015], [133.34729820968835, -32.479183313005066], [133.3467272396902, -32.482259253013225], [133.34322802024477, -32.480837252937015]]], [[[134.36417642630389, -33.187472989232205], [134.3671373060297, -33.18226497926985], [134.36769331583605, -33.18553300930334], [134.36417642630389, -33.187472989232205]]], [[[133.84387096987703, -32.36357033236883], [133.84133225026136, -32.3631733423121], [133.83894617067037, -32.36118533224866], [133.84387096987703, -32.36357033236883]]], [[[133.36833017216085, -32.27153530211492], [133.36790315214137, -32.27459629212581], [133.36594515242075, -32.27486430208966], [133.36833017216085, -32.27153530211492]]], [[[137.5387685137332, -34.010429401010036], [137.53913749347592, -34.014159471047414], [137.53718631388438, -34.012187380962345], [137.5387685137332, -34.010429401010036]]], [[[134.6124896188553, -33.18298641520862], [134.61313157886485, -33.179933395205424], [134.61591349845838, -33.17951638527158], [134.6124896188553, -33.18298641520862]]], [[[135.258462498787, -34.258636638750154], [135.25967845868684, -34.25634457876955], [135.26084747833414, -34.26055759882766], [135.258462498787, -34.258636638750154]]], [[[134.2764891156592, -32.69622740410671], [134.27812511548922, -32.69397939413062], [134.28064197507567, -32.6951982941968], [134.2764891156592, -32.69622740410671]]], [[[137.82220466780367, -32.5754827924491], [137.82216264810796, -32.56989975241089], [137.82229766828922, -32.56613574239139], [137.82220466780367, -32.5754827924491]]], [[[133.27428818602226, -32.267804290292595], [133.27205818634366, -32.26799229025156], [133.2723641663662, -32.26542329024131], [133.27428818602226, -32.267804290292595]]], [[[133.8493051986579, -32.3777692625742], [133.84996722850954, -32.37949132259918], [133.84676716899833, -32.37885431252674], [133.8493051986579, -32.3777692625742]]], [[[133.76018611221613, -32.361579340583106], [133.7581859525184, -32.361279290539215], [133.75781693264346, -32.35884730051619], [133.76018611221613, -32.361579340583106]]], [[[133.34841818253375, -32.36672031232549], [133.35002304232893, -32.36556327234916], [133.35218811199238, -32.3662543023952], [133.34841818253375, -32.36672031232549]]], [[[133.24004017113344, -32.26400327962309], [133.2397801812132, -32.26239928960819], [133.2420581808486, -32.263600299658485], [133.24004017113344, -32.26400327962309]]], [[[137.87413728919776, -33.33181645936665], [137.8746052891765, -33.33091547937887], [137.87689128869567, -33.3333994694831], [137.87413728919776, -33.33181645936665]]], [[[133.22605118279057, -32.2790372894546], [133.22452818303103, -32.278364289421894], [133.2261051628324, -32.277120299443666], [133.22605118279057, -32.2790372894546]]], [[[134.69727260488202, -33.21514986751973], [134.69975657449976, -33.215313857583055], [134.69703863487578, -33.21632385752121], [134.69727260488202, -33.21514986751973]]], [[[133.2540311692067, -32.25938129985741], [133.25408116924802, -32.25751728984672], [133.25563416899246, -32.25860429988277], [133.2540311692067, -32.25938129985741]]], [[[133.26129710161754, -32.50822424154523], [133.26274823147997, -32.5053033015545], [133.26417819129222, -32.50441032157598], [133.26129710161754, -32.50822424154523]]], [[[133.30677120453763, -32.52177231249308], [133.3077932443738, -32.522250292515565], [133.30644219454155, -32.52345333249725], [133.30677120453763, -32.52177231249308]]], [[[134.62394624802855, -33.7243800788526], [134.62562721778372, -33.72395403889166], [134.62420225795725, -33.725272068864456], [134.62394624802855, -33.7243800788526]]]]}}]}