{"type": "FeatureCollection", "bbox": [-73.99046791699219, -33.750768526367196, -28.849167916992187, 5.271131473632806], "features": [{"type": "Feature", "properties": {"iso3": "BRA", "source": "geoBoundaries", "territoryExtent": "full"}, "geometry": {"type": "MultiPolygon", "coordinates": [[[[-48.54506791699218, -27.933368526367197], [-48.540067916992186, -27.937168526367195], [-48.54276791699219, -27.940168526367195], [-48.54506791699218, -27.933368526367197]]], [[[-48.52046791699219, -27.837568526367196], [-48.529767916992185, -27.842868526367198], [-48.520767916992185, -27.834368526367196], [-48.52046791699219, -27.837568526367196]]], [[[-48.50306791699219, -27.840468526367196], [-48.505767916992184, -27.835168526367198], [-48.50166791699219, -27.834768526367196], [-48.50306791699219, -27.840468526367196]]], [[[-48.46646791699219, -27.694268526367196], [-48.46186791699219, -27.691868526367195], [-48.467267916992185, -27.703268526367197], [-48.46646791699219, -27.694268526367196]]], [[[-48.362167916992185, -27.487468526367195], [-48.355567916992186, -27.484668526367194], [-48.35756791699218, -27.488368526367196], [-48.362167916992185, -27.487468526367195]]], [[[-48.375867916992185, -27.278968526367194], [-48.36976791699219, -27.270768526367196], [-48.35996791699219, -27.274568526367197], [-48.356367916992184, -27.297868526367196], [-48.375867916992185, -27.278968526367194]]], [[[-48.473467916992185, -27.205168526367196], [-48.464467916992184, -27.204868526367196], [-48.467267916992185, -27.209268526367197], [-48.473467916992185, -27.205168526367196]]], [[[-48.40916791699219, -27.1810685263672], [-48.40546791699219, -27.176868526367194], [-48.40956791699219, -27.186968526367195], [-48.40916791699219, -27.1810685263672]]], [[[-48.546467916992185, -27.140668526367197], [-48.540667916992184, -27.139868526367195], [-48.546867916992184, -27.143768526367197], [-48.546467916992185, -27.140668526367197]]], [[[-48.47856791699218, -27.136368526367196], [-48.476667916992184, -27.140768526367197], [-48.480567916992186, -27.1384685263672], [-48.47856791699218, -27.136368526367196]]], [[[-48.582667916992186, -26.459668526367196], [-48.57756791699218, -26.4584685263672], [-48.578967916992184, -26.4614685263672], [-48.582667916992186, -26.459668526367196]]], [[[-48.48636791699219, -26.178668526367197], [-48.482867916992184, -26.175268526367198], [-48.482867916992184, -26.179668526367195], [-48.48636791699219, -26.178668526367197]]], [[[-57.45326791699219, -22.194868526367195], [-57.45796791699219, -22.193768526367197], [-57.456767916992185, -22.189968526367196], [-57.45326791699219, -22.194868526367195]]], [[[-66.99616791699219, -10.203568526367196], [-66.99906791699219, -10.215668526367196], [-66.98896791699218, -10.221468526367197], [-67.00446791699218, -10.230568526367197], [-67.01266791699219, -10.254668526367198], [-67.05116791699218, -10.267168526367197], [-67.04856791699218, -10.274568526367197], [-67.07906791699219, -10.288368526367197], [-67.09806791699219, -10.282268526367197], [-67.12936791699218, -10.292268526367195], [-67.13956791699218, -10.308768526367196], [-67.12886791699219, -10.315168526367195], [-67.17136791699218, -10.337668526367196], [-67.18876791699219, -10.337568526367196], [-67.19876791699218, -10.323268526367197], [-67.22426791699219, -10.314868526367196], [-67.26566791699219, -10.331168526367197], [-67.27616791699218, -10.321568526367198], [-67.31486791699218, -10.317768526367196], [-67.32706791699218, -10.334368526367196], [-67.31556791699218, -10.347068526367195], [-67.31326791699219, -10.376268526367195], [-67.32826791699219, -10.382368526367195], [-67.34416791699219, -10.376068526367195], [-67.35166791699218, -10.379168526367195], [-67.35196791699218, -10.391568526367195], [-67.36826791699218, -10.376568526367198], [-67.37906791699218, -10.381368526367197], [-67.40566791699219, -10.372968526367195], [-67.42326791699219, -10.393268526367198], [-67.41446791699218, -10.401168526367197], [-67.41346791699219, -10.425068526367195], [-67.42826791699218, -10.427968526367195], [-67.43586791699218, -10.446568526367198], [-67.50546791699219, -10.472568526367198], [-67.51966791699219, -10.490768526367198], [-67.54786791699219, -10.489468526367197], [-67.57966791699218, -10.504068526367195], [-67.64036791699219, -10.598668526367195], [-67.65896791699218, -10.614468526367197], [-67.67536791699219, -10.603068526367196], [-67.70846791699219, -10.707568526367197], [-67.73506791699218, -10.711568526367195], [-67.75816791699219, -10.685168526367196], [-67.86476791699218, -10.640768526367197], [-67.90916791699219, -10.642368526367196], [-67.92866791699218, -10.654868526367196], [-67.95956791699219, -10.649268526367198], [-67.97456791699219, -10.660568526367197], [-68.00236791699218, -10.647668526367195], [-68.03126791699219, -10.656268526367196], [-68.03286791699219, -10.665368526367196], [-68.07636791699218, -10.684868526367197], [-68.10386791699219, -10.714768526367195], [-68.10756791699218, -10.724568526367197], [-68.09806791699219, -10.747768526367196], [-68.10426791699219, -10.774768526367197], [-68.18296791699218, -10.855568526367197], [-68.19456791699218, -10.858568526367197], [-68.20796791699219, -10.902568526367197], [-68.22306791699219, -10.911368526367195], [-68.24006791699219, -10.958168526367196], [-68.27616791699218, -10.987868526367198], [-68.30806791699219, -10.992768526367197], [-68.32956791699219, -11.011768526367195], [-68.35166791699218, -11.004368526367195], [-68.38246791699218, -11.017068526367197], [-68.39646791699218, -11.051068526367196], [-68.40486791699219, -11.053568526367197], [-68.43306791699219, -11.031768526367195], [-68.44386791699219, -11.045568526367198], [-68.48646791699218, -11.050768526367197], [-68.51926791699219, -11.087868526367195], [-68.53976791699219, -11.096668526367196], [-68.54276791699219, -11.110268526367197], [-68.71586791699218, -11.143468526367197], [-68.71116791699218, -11.129868526367197], [-68.72096791699218, -11.104568526367196], [-68.74576791699218, -11.094568526367198], [-68.76456791699218, -11.066368526367196], [-68.76466791699218, -11.047568526367197], [-68.75206791699219, -11.037068526367197], [-68.74826791699219, -11.009868526367196], [-68.75736791699218, -11.009868526367196], [-68.75856791699218, -11.000868526367196], [-68.79696791699219, -10.998368526367198], [-68.79206791699218, -10.989368526367198], [-68.82706791699218, -11.005268526367196], [-68.82676791699218, -10.995168526367195], [-68.83376791699219, -10.992168526367195], [-68.8403679169922, -11.000868526367196], [-68.84836791699219, -10.991868526367195], [-68.86066791699218, -11.015768526367197], [-68.87266791699219, -11.008768526367195], [-68.88676791699218, -11.013468526367195], [-68.89616791699218, -11.005168526367196], [-68.90916791699219, -11.020468526367196], [-68.93276791699219, -11.004068526367195], [-68.94676791699219, -11.009568526367197], [-68.95576791699219, -11.000968526367195], [-68.95216791699218, -10.988968526367195], [-68.96946791699219, -10.986768526367197], [-68.98686791699218, -10.997768526367196], [-68.98786791699219, -11.009568526367197], [-68.99436791699219, -11.002968526367198], [-69.00156791699219, -11.007168526367195], [-69.01426791699218, -10.999468526367195], [-69.01206791699218, -10.990468526367195], [-69.02336791699219, -10.991668526367196], [-69.03986791699218, -10.976268526367196], [-69.06296791699219, -10.982868526367195], [-69.07346791699219, -10.965868526367196], [-69.10136791699219, -10.979468526367196], [-69.11276791699218, -10.970868526367195], [-69.11976791699219, -10.979268526367196], [-69.12166791699218, -10.966168526367195], [-69.14896791699218, -10.969868526367197], [-69.14396791699218, -10.963468526367198], [-69.1528679169922, -10.962968526367195], [-69.15406791699219, -10.955068526367196], [-69.16596791699219, -10.964068526367196], [-69.19796791699218, -10.947068526367197], [-69.2153679169922, -10.956168526367197], [-69.23246791699219, -10.939368526367197], [-69.24006791699219, -10.950168526367197], [-69.25706791699218, -10.944668526367195], [-69.25136791699218, -10.938768526367195], [-69.27016791699218, -10.940468526367198], [-69.27316791699218, -10.952668526367198], [-69.28286791699219, -10.942668526367196], [-69.30466791699219, -10.946668526367198], [-69.32566791699219, -10.935768526367195], [-69.32896791699218, -10.948768526367196], [-69.33786791699218, -10.940568526367198], [-69.34346791699218, -10.949968526367197], [-69.34676791699218, -10.936368526367197], [-69.35666791699218, -10.935868526367198], [-69.35676791699218, -10.943068526367195], [-69.37416791699218, -10.941068526367197], [-69.37436791699218, -10.952868526367197], [-69.38816791699219, -10.932968526367198], [-69.39486791699218, -10.943168526367195], [-69.40336791699218, -10.927968526367195], [-69.41276791699218, -10.936868526367196], [-69.42256791699218, -10.924368526367196], [-69.42906791699218, -10.936868526367196], [-69.44766791699219, -10.934368526367198], [-69.45426791699218, -10.947868526367195], [-69.47696791699218, -10.944368526367196], [-69.47706791699218, -10.952368526367195], [-69.49626791699218, -10.947468526367196], [-69.50096791699218, -10.936868526367196], [-69.50666791699219, -10.942368526367197], [-69.53886791699219, -10.936868526367196], [-69.54426791699218, -10.952468526367195], [-69.58576791699218, -10.939868526367196], [-69.58676791699219, -10.947868526367195], [-69.60946791699219, -10.944968526367198], [-69.61166791699219, -10.955068526367196], [-69.65806791699218, -10.951768526367196], [-69.69886791699219, -10.970168526367196], [-69.71766791699218, -10.972768526367197], [-69.72336791699219, -10.964468526367195], [-69.73916791699219, -10.973368526367196], [-69.75996791699218, -10.938568526367195], [-69.77286791699218, -10.938468526367195], [-69.77066791699218, -10.928668526367197], [-69.79396791699219, -10.932268526367196], [-69.81196791699219, -10.924468526367196], [-69.82926791699218, -10.932168526367196], [-69.85096791699219, -10.922868526367196], [-69.85726791699219, -10.931668526367197], [-69.89866791699218, -10.919168526367198], [-69.92066791699219, -10.931568526367197], [-69.93296791699218, -10.920568526367198], [-69.95376791699218, -10.926868526367198], [-69.97526791699218, -10.947368526367196], [-69.98206791699218, -10.942168526367198], [-69.98476791699218, -10.953168526367197], [-69.99466791699219, -10.950268526367196], [-69.99686791699219, -10.960368526367198], [-70.02656791699218, -10.975968526367197], [-70.03586791699219, -10.971168526367197], [-70.06556791699218, -10.991668526367196], [-70.08036791699219, -10.984968526367197], [-70.09516791699218, -10.988968526367195], [-70.09756791699219, -10.997668526367196], [-70.10776791699219, -10.994768526367196], [-70.10776791699219, -11.007168526367195], [-70.11446791699218, -11.004568526367198], [-70.15806791699218, -11.039568526367198], [-70.17686791699218, -11.039168526367195], [-70.19996791699218, -11.053068526367195], [-70.26316791699219, -11.050468526367197], [-70.31016791699219, -11.069568526367195], [-70.43556791699218, -11.038468526367197], [-70.45246791699219, -10.995868526367197], [-70.52896791699219, -10.931168526367195], [-70.62086791699218, -10.999468526367195], [-70.62326791699219, -9.820768526367196], [-70.60746791699219, -9.800868526367196], [-70.59116791699219, -9.802568526367196], [-70.57826791699219, -9.777968526367196], [-70.55696791699219, -9.787768526367195], [-70.53586791699219, -9.764268526367196], [-70.53846791699219, -9.749968526367198], [-70.52596791699219, -9.714468526367195], [-70.54226791699219, -9.680468526367196], [-70.56626791699219, -9.665568526367196], [-70.58726791699219, -9.632068526367195], [-70.59756791699219, -9.605668526367197], [-70.58756791699219, -9.596468526367197], [-70.58586791699219, -9.573468526367197], [-70.59946791699218, -9.559068526367195], [-70.59126791699218, -9.548068526367196], [-70.58796791699218, -9.565568526367198], [-70.57706791699218, -9.562968526367197], [-70.56016791699219, -9.574568526367198], [-70.55336791699219, -9.569568526367195], [-70.55586791699218, -9.558768526367196], [-70.56816791699218, -9.553368526367198], [-70.56306791699218, -9.539468526367195], [-70.56986791699218, -9.532768526367196], [-70.54066791699219, -9.536668526367198], [-70.54456791699218, -9.513868526367197], [-70.53056791699218, -9.514268526367196], [-70.52986791699219, -9.504468526367198], [-70.51976791699218, -9.504368526367195], [-70.51286791699218, -9.492468526367198], [-70.50346791699218, -9.502368526367196], [-70.52256791699219, -9.458968526367197], [-70.50606791699218, -9.464268526367196], [-70.51106791699219, -9.448168526367198], [-70.49656791699219, -9.441268526367196], [-70.49696791699219, -9.424668526367196], [-70.52346791699219, -9.433868526367196], [-70.52586791699218, -9.426868526367198], [-70.53756791699219, -9.436168526367197], [-70.54446791699219, -9.426868526367198], [-70.59456791699219, -9.440968526367197], [-70.59616791699219, -9.456468526367196], [-70.61086791699219, -9.456268526367197], [-70.61556791699219, -9.474468526367197], [-70.62226791699219, -9.470068526367196], [-70.63136791699219, -9.480668526367197], [-70.63646791699219, -9.499068526367196], [-70.65096791699219, -9.499668526367195], [-70.65006791699219, -9.509868526367196], [-70.66246791699218, -9.523368526367197], [-70.71286791699218, -9.546068526367197], [-70.72996791699218, -9.568768526367197], [-70.73826791699219, -9.558068526367197], [-70.74886791699218, -9.560468526367195], [-70.75826791699218, -9.603168526367195], [-70.78616791699218, -9.613568526367196], [-70.79426791699218, -9.636268526367196], [-70.83436791699219, -9.643468526367197], [-70.83936791699219, -9.655968526367197], [-70.86866791699218, -9.664968526367197], [-70.92506791699219, -9.741368526367197], [-70.95316791699219, -9.741968526367195], [-70.97316791699218, -9.758168526367196], [-70.99036791699218, -9.789268526367195], [-70.99436791699219, -9.816868526367195], [-71.05086791699219, -9.816268526367196], [-71.07636791699218, -9.827168526367196], [-71.10276791699218, -9.851768526367195], [-71.12806791699218, -9.852068526367198], [-71.16306791699219, -9.875268526367197], [-71.21076791699218, -9.966268526367195], [-71.24656791699219, -9.961968526367198], [-71.25906791699218, -9.978068526367196], [-71.30796791699218, -9.991968526367195], [-71.34836791699219, -9.973068526367197], [-71.35466791699218, -9.987968526367197], [-71.36396791699218, -9.984968526367197], [-71.37736791699218, -9.999968526367198], [-72.18046791699219, -9.999968526367198], [-72.17966791699219, -9.983868526367196], [-72.15566791699219, -9.963668526367197], [-72.17396791699218, -9.921468526367196], [-72.14066791699219, -9.877468526367196], [-72.15506791699218, -9.860368526367196], [-72.15506791699218, -9.842068526367196], [-72.16536791699218, -9.827968526367197], [-72.15096791699219, -9.798868526367198], [-72.17526791699218, -9.781768526367195], [-72.24436791699219, -9.765068526367195], [-72.25156791699219, -9.753768526367196], [-72.26866791699219, -9.749368526367196], [-72.24666791699218, -9.657368526367197], [-72.25986791699219, -9.643968526367196], [-72.25296791699219, -9.619668526367196], [-72.27046791699219, -9.618268526367196], [-72.28836791699219, -9.600868526367197], [-72.28376791699219, -9.540268526367196], [-72.29996791699219, -9.533768526367197], [-72.31766791699218, -9.543368526367196], [-72.35666791699218, -9.494368526367197], [-72.38706791699218, -9.491068526367197], [-72.40756791699218, -9.476968526367195], [-72.45646791699218, -9.487868526367198], [-72.49906791699219, -9.480668526367197], [-72.51736791699219, -9.490568526367195], [-72.53756791699219, -9.468768526367196], [-72.61616791699218, -9.451568526367197], [-72.62696791699219, -9.442768526367196], [-72.65416791699218, -9.449968526367197], [-72.68356791699219, -9.432168526367196], [-72.69526791699218, -9.437668526367197], [-72.69956791699218, -9.428068526367195], [-72.71016791699219, -9.429168526367196], [-72.71586791699218, -9.412068526367197], [-73.21186791699219, -9.411668526367198], [-73.19346791699219, -9.392868526367195], [-73.18686791699218, -9.360568526367196], [-73.15666791699219, -9.350868526367197], [-73.13926791699218, -9.321768526367197], [-73.10166791699218, -9.304968526367198], [-73.11136791699218, -9.279468526367197], [-73.09506791699218, -9.266068526367196], [-73.08656791699218, -9.244468526367196], [-73.05616791699218, -9.225268526367195], [-73.04496791699219, -9.236868526367196], [-73.02596791699219, -9.229168526367197], [-72.99496791699218, -9.194268526367196], [-73.01626791699219, -9.176568526367195], [-72.96426791699218, -9.146868526367196], [-72.95286791699219, -9.128768526367196], [-72.94016791699218, -9.068868526367197], [-72.95686791699218, -9.010668526367198], [-72.93686791699218, -8.988268526367197], [-72.97056791699218, -8.974768526367196], [-72.99936791699218, -8.916768526367196], [-73.04226791699219, -8.915268526367196], [-73.05616791699218, -8.906968526367198], [-73.07736791699219, -8.860868526367195], [-73.07796791699218, -8.842668526367195], [-73.10946791699219, -8.821568526367198], [-73.11146791699218, -8.791768526367196], [-73.13816791699219, -8.759568526367197], [-73.14046791699218, -8.727068526367198], [-73.15536791699219, -8.707668526367197], [-73.21626791699218, -8.678868526367197], [-73.24776791699219, -8.687268526367195], [-73.29026791699218, -8.661668526367198], [-73.29966791699218, -8.632168526367195], [-73.31226791699218, -8.632068526367195], [-73.31376791699219, -8.616068526367197], [-73.34126791699218, -8.615768526367198], [-73.32796791699218, -8.517068526367197], [-73.32766791699218, -8.481468526367195], [-73.33536791699218, -8.467068526367196], [-73.39436791699218, -8.467268526367196], [-73.41226791699219, -8.410568526367197], [-73.43336791699218, -8.412068526367197], [-73.48276791699219, -8.391068526367196], [-73.48536791699219, -8.379168526367195], [-73.50526791699218, -8.377968526367198], [-73.53636791699219, -8.345868526367195], [-73.52956791699219, -8.313268526367196], [-73.54006791699219, -8.294968526367196], [-73.53636791699219, -8.269868526367198], [-73.57156791699218, -8.229768526367195], [-73.57766791699218, -8.211268526367196], [-73.59526791699219, -8.206568526367196], [-73.58646791699219, -8.186368526367197], [-73.59116791699219, -8.142168526367197], [-73.58536791699218, -8.122768526367196], [-73.59376791699219, -8.097368526367195], [-73.63346791699219, -8.056668526367197], [-73.62336791699218, -8.039268526367195], [-73.62686791699218, -8.021468526367197], [-73.64576791699218, -8.002968526367198], [-73.67586791699219, -8.007768526367197], [-73.69746791699218, -7.960168526367195], [-73.73196791699219, -7.966968526367197], [-73.74586791699218, -7.953568526367196], [-73.75086791699218, -7.923368526367195], [-73.77186791699218, -7.901968526367195], [-73.75276791699218, -7.890668526367197], [-73.76716791699218, -7.860868526367195], [-73.75736791699218, -7.857568526367196], [-73.74196791699218, -7.872668526367196], [-73.71296791699218, -7.875468526367197], [-73.68696791699219, -7.853968526367197], [-73.68376791699218, -7.775968526367198], [-73.74076791699218, -7.733568526367197], [-73.82156791699218, -7.717368526367196], [-73.84206791699219, -7.677568526367196], [-73.87296791699218, -7.671068526367197], [-73.88496791699218, -7.655168526367195], [-73.88826791699219, -7.631268526367197], [-73.93226791699219, -7.607868526367195], [-73.98776791699218, -7.554768526367198], [-73.98636791699218, -7.530868526367197], [-73.94856791699219, -7.526568526367196], [-73.91926791699218, -7.465168526367197], [-73.96616791699219, -7.351668526367195], [-73.95186791699219, -7.346268526367197], [-73.94276791699218, -7.361368526367198], [-73.93086791699218, -7.351968526367195], [-73.90946791699218, -7.377668526367195], [-73.87656791699219, -7.382168526367195], [-73.86286791699219, -7.373568526367198], [-73.85206791699218, -7.346968526367196], [-73.82956791699219, -7.336468526367195], [-73.79416791699218, -7.343768526367196], [-73.76576791699219, -7.331468526367196], [-73.75996791699218, -7.333768526367198], [-73.76386791699218, -7.347368526367195], [-73.75526791699218, -7.346468526367197], [-73.71836791699218, -7.328868526367195], [-73.69986791699219, -7.303868526367197], [-73.71566791699219, -7.267168526367197], [-73.71326791699218, -7.234968526367197], [-73.75326791699219, -7.200968526367195], [-73.75936791699219, -7.173968526367197], [-73.80156791699218, -7.112168526367196], [-73.73866791699218, -7.045268526367195], [-73.72676791699219, -7.022568526367195], [-73.75276791699218, -6.932968526367198], [-73.72196791699218, -6.889568526367196], [-73.70716791699219, -6.839568526367195], [-73.69046791699219, -6.834268526367197], [-73.66676791699219, -6.806368526367194], [-73.64286791699219, -6.762068526367194], [-73.58436791699218, -6.724568526367193], [-73.55966791699218, -6.720868526367198], [-73.51646791699218, -6.677268526367193], [-73.45866791699218, -6.665568526367196], [-73.43696791699219, -6.650968526367194], [-73.38066791699218, -6.634968526367196], [-73.37916791699219, -6.617268526367198], [-73.35446791699218, -6.594868526367193], [-73.33756791699219, -6.593068526367198], [-73.33176791699219, -6.599868526367196], [-73.24696791699219, -6.584268526367197], [-73.22196791699218, -6.5646685263672], [-73.21286791699218, -6.577868526367197], [-73.20036791699218, -6.5646685263672], [-73.20516791699218, -6.556868526367197], [-73.19816791699219, -6.544468526367197], [-73.18246791699218, -6.539968526367197], [-73.18416791699218, -6.527568526367197], [-73.17256791699218, -6.518168526367198], [-73.15926791699218, -6.524768526367197], [-73.14256791699219, -6.506268526367194], [-73.13926791699218, -6.483868526367196], [-73.11776791699218, -6.449868526367197], [-73.12246791699218, -6.431868526367197], [-73.10886791699218, -6.410168526367194], [-73.11696791699218, -6.394868526367198], [-73.13346791699219, -6.387368526367197], [-73.15096791699219, -6.321668526367198], [-73.15816791699218, -6.327168526367196], [-73.16096791699218, -6.317968526367196], [-73.16536791699218, -6.274068526367195], [-73.19276791699218, -6.256268526367194], [-73.19766791699219, -6.239668526367197], [-73.21916791699219, -6.221668526367196], [-73.22056791699218, -6.178568526367194], [-73.25016791699218, -6.144868526367198], [-73.25076791699219, -6.104968526367195], [-73.23166791699218, -6.073468526367193], [-73.23746791699219, -6.032068526367198], [-73.21016791699219, -6.004968526367193], [-73.18906791699219, -5.9991685263672], [-73.19406791699218, -5.984268526367195], [-73.18166791699218, -5.962668526367196], [-73.18776791699219, -5.938768526367198], [-73.18156791699218, -5.922868526367196], [-73.17366791699219, -5.923868526367194], [-73.16996791699219, -5.892668526367196], [-73.15586791699218, -5.882468526367198], [-73.15696791699219, -5.869368526367197], [-73.11466791699219, -5.853668526367194], [-73.11696791699218, -5.828568526367199], [-73.09346791699218, -5.821668526367198], [-73.09556791699218, -5.813268526367196], [-73.05546791699219, -5.789168526367199], [-73.05586791699218, -5.771768526367197], [-73.04246791699218, -5.749068526367196], [-73.02066791699218, -5.739468526367197], [-73.02156791699218, -5.731768526367198], [-72.99876791699218, -5.714768526367195], [-73.00386791699219, -5.708168526367196], [-72.98496791699219, -5.694268526367196], [-72.98616791699219, -5.6622685263672], [-72.96516791699219, -5.661668526367194], [-72.96176791699219, -5.6545685263672], [-72.97446791699218, -5.624068526367196], [-72.96626791699218, -5.593168526367194], [-72.95096791699218, -5.584268526367197], [-72.95846791699219, -5.570768526367196], [-72.95186791699219, -5.566268526367196], [-72.96366791699218, -5.498068526367199], [-72.95686791699218, -5.465368526367193], [-72.92066791699219, -5.382368526367195], [-72.90696791699219, -5.375168526367197], [-72.88816791699219, -5.313868526367195], [-72.87006791699218, -5.299368526367196], [-72.87556791699218, -5.293368526367196], [-72.86556791699219, -5.276968526367199], [-72.87166791699218, -5.253068526367194], [-72.86366791699218, -5.2170685263672], [-72.88496791699218, -5.1667685263672], [-72.85616791699219, -5.143468526367194], [-72.84346791699218, -5.149868526367193], [-72.81596791699218, -5.138468526367198], [-72.81456791699219, -5.109668526367194], [-72.78276791699219, -5.112468526367195], [-72.77406791699218, -5.098868526367198], [-72.76606791699218, -5.103668526367194], [-72.76026791699219, -5.098068526367193], [-72.75356791699218, -5.082668526367193], [-72.73916791699219, -5.091468526367194], [-72.73026791699219, -5.077968526367194], [-72.73426791699218, -5.064068526367194], [-72.70756791699219, -5.052868526367199], [-72.69206791699219, -5.064568526367196], [-72.67836791699219, -5.054768526367198], [-72.65256791699218, -5.063768526367198], [-72.64146791699218, -5.050068526367198], [-72.63966791699218, -5.058068526367194], [-72.62946791699218, -5.051968526367197], [-72.61106791699218, -5.037068526367193], [-72.60666791699218, -4.995568526367194], [-72.56956791699218, -4.981468526367195], [-72.54756791699218, -4.958468526367199], [-72.52806791699219, -4.958168526367196], [-72.52176791699219, -4.936868526367199], [-72.49806791699218, -4.953868526367195], [-72.49056791699219, -4.936868526367199], [-72.48166791699218, -4.953468526367196], [-72.47666791699218, -4.929368526367199], [-72.45816791699218, -4.925468526367197], [-72.46876791699219, -4.903468526367199], [-72.46406791699218, -4.896468526367194], [-72.43326791699218, -4.911268526367195], [-72.41976791699219, -4.897868526367198], [-72.42716791699219, -4.881068526367194], [-72.41236791699218, -4.8848685263672], [-72.38566791699219, -4.872168526367197], [-72.38346791699219, -4.831268526367197], [-72.37156791699219, -4.807268526367196], [-72.32406791699219, -4.796868526367199], [-72.32766791699218, -4.781168526367196], [-72.32066791699219, -4.777668526367194], [-72.27756791699218, -4.783668526367194], [-72.28016791699218, -4.798668526367194], [-72.27156791699218, -4.795868526367194], [-72.25406791699218, -4.765368526367197], [-72.24716791699218, -4.780868526367193], [-72.23136791699218, -4.776768526367199], [-72.20616791699219, -4.751268526367198], [-72.19236791699218, -4.762068526367194], [-72.19276791699218, -4.746568526367199], [-72.16136791699219, -4.736468526367197], [-72.14106791699218, -4.713668526367194], [-72.12706791699219, -4.723368526367196], [-72.07686791699219, -4.679468526367195], [-72.08206791699219, -4.672768526367193], [-72.06266791699218, -4.653468526367199], [-72.04526791699219, -4.6515685263672], [-72.03926791699219, -4.623268526367198], [-72.00596791699219, -4.641568526367195], [-72.00056791699218, -4.625868526367199], [-71.98446791699219, -4.625468526367193], [-71.97676791699219, -4.608068526367198], [-71.94526791699218, -4.604968526367195], [-71.94626791699218, -4.575768526367199], [-71.93636791699218, -4.5768685263672], [-71.93216791699219, -4.561568526367196], [-71.92316791699218, -4.562468526367198], [-71.92696791699218, -4.545068526367196], [-71.90256791699218, -4.543868526367199], [-71.90396791699219, -4.528168526367196], [-71.89356791699218, -4.538168526367194], [-71.88536791699218, -4.533768526367197], [-71.88906791699219, -4.521568526367197], [-71.88276791699218, -4.516068526367199], [-71.86826791699218, -4.526768526367199], [-71.83896791699219, -4.505268526367196], [-71.77696791699219, -4.487468526367195], [-71.77236791699218, -4.504968526367193], [-71.76106791699219, -4.503568526367197], [-71.75186791699218, -4.495268526367198], [-71.75516791699218, -4.477268526367197], [-71.74836791699218, -4.472568526367198], [-71.73946791699218, -4.497368526367197], [-71.71486791699219, -4.512168526367198], [-71.68996791699219, -4.502068526367196], [-71.67116791699219, -4.509668526367193], [-71.65486791699219, -4.495468526367198], [-71.65376791699218, -4.508168526367193], [-71.62696791699219, -4.491168526367197], [-71.63026791699218, -4.482868526367199], [-71.61936791699219, -4.4702685263672], [-71.61576791699218, -4.486768526367193], [-71.63416791699218, -4.519068526367199], [-71.60526791699219, -4.533968526367197], [-71.56956791699218, -4.507168526367195], [-71.55446791699218, -4.481068526367196], [-71.54176791699219, -4.484268526367195], [-71.53746791699218, -4.467268526367199], [-71.52156791699218, -4.468668526367196], [-71.49476791699219, -4.487468526367195], [-71.50936791699219, -4.448268526367194], [-71.48936791699218, -4.459868526367195], [-71.48036791699218, -4.455068526367199], [-71.48136791699218, -4.443068526367199], [-71.45986791699218, -4.439368526367197], [-71.44986791699219, -4.451768526367196], [-71.43736791699219, -4.451268526367194], [-71.43076791699218, -4.466668526367194], [-71.41776791699219, -4.466168526367198], [-71.39626791699219, -4.432668526367195], [-71.38856791699219, -4.428068526367198], [-71.36996791699218, -4.435768526367198], [-71.35386791699219, -4.427968526367195], [-71.34536791699219, -4.444668526367195], [-71.31996791699218, -4.444568526367199], [-71.31456791699219, -4.458468526367199], [-71.30326791699218, -4.451768526367196], [-71.32396791699219, -4.4214685263672], [-71.31026791699219, -4.417768526367198], [-71.28596791699218, -4.442968526367196], [-71.26656791699219, -4.428668526367197], [-71.27806791699219, -4.387968526367196], [-71.22886791699219, -4.387668526367193], [-71.23056791699219, -4.4077685263672], [-71.22066791699218, -4.405568526367198], [-71.21706791699219, -4.379968526367193], [-71.20706791699219, -4.379868526367197], [-71.20136791699218, -4.426068526367196], [-71.18876791699219, -4.414568526367198], [-71.18476791699219, -4.392668526367196], [-71.16716791699218, -4.390468526367194], [-71.16026791699218, -4.406168526367196], [-71.15036791699218, -4.399868526367193], [-71.15376791699218, -4.383068526367197], [-71.13786791699218, -4.386568526367199], [-71.11766791699219, -4.410568526367193], [-71.10936791699218, -4.401268526367197], [-71.11086791699219, -4.384168526367198], [-71.10056791699219, -4.377368526367199], [-71.07966791699218, -4.379868526367197], [-71.08616791699218, -4.389968526367198], [-71.07956791699219, -4.396268526367194], [-71.05856791699219, -4.386568526367199], [-71.05716791699219, -4.373268526367198], [-71.04806791699218, -4.374968526367198], [-71.05046791699219, -4.395668526367196], [-71.04316791699219, -4.400968526367194], [-71.02396791699218, -4.3848685263672], [-70.99576791699218, -4.384568526367197], [-70.98836791699219, -4.369668526367199], [-70.99996791699219, -4.354468526367199], [-70.99686791699219, -4.345168526367196], [-70.97306791699219, -4.375568526367196], [-70.94306791699219, -4.385968526367193], [-70.93716791699218, -4.363668526367199], [-70.91556791699219, -4.353968526367197], [-70.90876791699219, -4.333168526367196], [-70.87996791699219, -4.322668526367195], [-70.87936791699218, -4.292568526367198], [-70.84986791699218, -4.278668526367198], [-70.86856791699219, -4.250568526367196], [-70.83286791699219, -4.250168526367197], [-70.82026791699218, -4.232168526367197], [-70.83016791699218, -4.218768526367199], [-70.82566791699219, -4.202968526367194], [-70.80806791699219, -4.183368526367197], [-70.79146791699219, -4.186068526367194], [-70.77586791699218, -4.166668526367197], [-70.75886791699219, -4.159868526367198], [-70.72996791699218, -4.184368526367194], [-70.68086791699218, -4.199668526367198], [-70.67526791699218, -4.145068526367197], [-70.66566791699219, -4.146568526367197], [-70.65566791699219, -4.166968526367199], [-70.65346791699218, -4.1271685263672], [-70.62386791699218, -4.131768526367196], [-70.63886791699218, -4.166168526367194], [-70.63876791699218, -4.179668526367195], [-70.62486791699219, -4.192768526367196], [-70.56526791699218, -4.168968526367195], [-70.54616791699219, -4.1500685263672], [-70.54926791699219, -4.137168526367198], [-70.52076791699218, -4.142668526367196], [-70.50936791699219, -4.163468526367197], [-70.52146791699218, -4.190768526367194], [-70.50346791699218, -4.197068526367197], [-70.48756791699219, -4.161768526367197], [-70.47336791699219, -4.177268526367193], [-70.46066791699218, -4.162768526367195], [-70.44356791699218, -4.1652685263672], [-70.43736791699219, -4.158468526367194], [-70.44666791699218, -4.141868526367197], [-70.43946791699219, -4.134068526367194], [-70.37576791699219, -4.141768526367194], [-70.36116791699219, -4.169468526367197], [-70.34086791699218, -4.186868526367199], [-70.32596791699218, -4.146268526367194], [-70.29226791699219, -4.176468526367195], [-70.29506791699218, -4.200468526367196], [-70.28486791699218, -4.233868526367196], [-70.31596791699218, -4.259568526367197], [-70.28956791699218, -4.282268526367197], [-70.29826791699219, -4.290668526367199], [-70.28666791699219, -4.295268526367195], [-70.25556791699219, -4.277668526367194], [-70.25026791699219, -4.287068526367193], [-70.27266791699219, -4.301068526367196], [-70.26676791699218, -4.311968526367195], [-70.23416791699219, -4.323168526367198], [-70.21646791699219, -4.319068526367197], [-70.19816791699219, -4.366068526367194], [-70.18686791699218, -4.364768526367193], [-70.17006791699218, -4.340868526367196], [-70.15236791699219, -4.335468526367194], [-70.15226791699219, -4.325668526367195], [-70.16806791699219, -4.3146685263672], [-70.15816791699218, -4.284468526367199], [-70.11946791699219, -4.2902685263672], [-70.10776791699219, -4.2643685263672], [-70.09756791699219, -4.2964685263672], [-70.07136791699219, -4.296868526367199], [-70.08126791699219, -4.308368526367197], [-70.07926791699218, -4.324868526367197], [-70.05006791699219, -4.3345685263672], [-70.03956791699218, -4.353368526367198], [-69.98086791699218, -4.327368526367195], [-69.96376791699218, -4.300568526367194], [-69.95106791699219, -4.227368526367194], [-69.93326791699218, -4.206868526367195], [-69.71226791699219, -3.000568526367196], [-69.45326791699219, -1.531268526367199], [-69.45756791699219, -1.493368526367199], [-69.43526791699219, -1.457868526367193], [-69.42916791699218, -1.386868526367195], [-69.39986791699218, -1.370768526367193], [-69.40946791699218, -1.333768526367194], [-69.40846791699218, -1.293168526367197], [-69.43116791699218, -1.232868526367199], [-69.41416791699218, -1.1866685263672], [-69.41316791699218, -1.157668526367196], [-69.39566791699218, -1.132668526367198], [-69.42496791699219, -1.083568526367195], [-69.42426791699219, -1.0494685263672], [-69.44346791699219, -1.036668526367194], [-69.44406791699218, -1.027868526367193], [-69.42106791699219, -1.012168526367198], [-69.42146791699219, -1.000468526367193], [-69.44996791699218, -0.998268526367198], [-69.46406791699218, -0.984168526367199], [-69.46346791699219, -0.967268526367199], [-69.50796791699219, -0.932968526367198], [-69.52346791699219, -0.929668526367195], [-69.52316791699218, -0.886268526367196], [-69.53846791699219, -0.8619685263672], [-69.57356791699219, -0.842268526367199], [-69.55946791699219, -0.822868526367195], [-69.56306791699218, -0.812268526367198], [-69.58376791699219, -0.801568526367198], [-69.61196791699219, -0.770168526367193], [-69.60996791699219, -0.761568526367199], [-69.61976791699219, -0.759168526367198], [-69.61656791699218, -0.750468526367193], [-69.62636791699218, -0.749668526367195], [-69.61806791699219, -0.740868526367194], [-69.62266791699219, -0.732068526367193], [-69.60386791699219, -0.721668526367196], [-69.56416791699219, -0.639668526367196], [-69.57516791699219, -0.636768526367199], [-69.57326791699218, -0.626068526367199], [-69.58816791699219, -0.6226685263672], [-69.60496791699218, -0.599968526367199], [-69.59346791699218, -0.568568526367194], [-69.61466791699219, -0.5402685263672], [-69.61546791699219, -0.506268526367194], [-69.64376791699219, -0.499468526367195], [-69.64506791699219, -0.482868526367199], [-69.73326791699219, -0.446268526367199], [-69.77536791699218, -0.400168526367196], [-69.79196791699218, -0.400168526367196], [-69.79396791699219, -0.391568526367195], [-69.82346791699219, -0.380968526367198], [-69.84486791699219, -0.345868526367198], [-69.89246791699219, -0.349168526367194], [-69.92306791699218, -0.331468526367196], [-69.99696791699219, -0.234668526367194], [-70.05726791699219, -0.1866685263672], [-70.05806791699219, -0.158368526367198], [-70.04136791699219, -0.113868526367199], [-70.04356791699219, 0.558931473632803], [-70.02646791699219, 0.557931473632806], [-70.01596791699218, 0.539331473632807], [-69.99516791699219, 0.547731473632801], [-69.99136791699219, 0.561131473632805], [-69.99906791699219, 0.570331473632805], [-69.97136791699218, 0.570931473632804], [-69.96616791699219, 0.561231473632802], [-69.94236791699218, 0.554331473632807], [-69.92556791699218, 0.5648314736328], [-69.91476791699219, 0.585331473632806], [-69.88736791699219, 0.575031473632805], [-69.83156791699219, 0.590131473632802], [-69.81306791699218, 0.582931473632804], [-69.80936791699219, 0.572331473632801], [-69.75016791699218, 0.622031473632802], [-69.72526791699218, 0.616931473632803], [-69.71796791699218, 0.643131473632806], [-69.69166791699219, 0.653531473632803], [-69.69076791699219, 0.665531473632804], [-69.67976791699219, 0.670731473632806], [-69.65626791699219, 0.666031473632806], [-69.63456791699218, 0.636431473632804], [-69.60676791699218, 0.629231473632807], [-69.60566791699219, 0.638931473632802], [-69.59476791699218, 0.638931473632802], [-69.59096791699218, 0.659131473632804], [-69.56666791699219, 0.672531473632802], [-69.56636791699219, 0.684131473632803], [-69.53396791699218, 0.683731473632804], [-69.5278679169922, 0.707731473632805], [-69.48136791699218, 0.735731473632804], [-69.46926791699218, 0.735331473632804], [-69.45936791699219, 0.7157314736328], [-69.43746791699219, 0.7097314736328], [-69.43696791699219, 0.694231473632804], [-69.40986791699218, 0.674731473632804], [-69.40896791699218, 0.661031473632804], [-69.35896791699219, 0.611831473632805], [-69.34166791699218, 0.627531473632807], [-69.34056791699219, 0.639331473632801], [-69.32516791699219, 0.632831473632805], [-69.30166791699219, 0.649331473632806], [-69.28756791699219, 0.646531473632805], [-69.29246791699218, 0.635331473632803], [-69.28596791699218, 0.619731473632804], [-69.29826791699219, 0.603531473632806], [-69.20356791699218, 0.605331473632802], [-69.19316791699218, 0.651531473632801], [-69.15666791699219, 0.651331473632801], [-69.11686791699219, 0.635531473632803], [-69.11506791699219, 0.649931473632805], [-69.14436791699218, 0.702531473632803], [-69.18626791699218, 0.733231473632806], [-69.18726791699218, 0.7493314736328], [-69.17286791699219, 0.763131473632804], [-69.15236791699219, 0.765331473632806], [-69.14506791699219, 0.783031473632803], [-69.15146791699219, 0.809831473632805], [-69.16586791699218, 0.8285314736328], [-69.16606791699219, 0.851931473632803], [-69.14216791699218, 0.852331473632802], [-69.13576791699218, 0.8773314736328], [-69.17176791699218, 0.902731473632805], [-69.18516791699219, 0.902931473632805], [-69.19056791699218, 0.932631473632803], [-69.16336791699219, 0.946131473632803], [-69.17356791699218, 0.959931473632807], [-69.22056791699218, 0.985131473632805], [-69.20356791699218, 0.999731473632806], [-69.20576791699219, 1.0100314736328], [-69.26536791699219, 1.064231473632802], [-69.28976791699219, 1.062531473632802], [-69.30656791699218, 1.071331473632803], [-69.32156791699218, 1.095731473632803], [-69.36116791699219, 1.088031473632803], [-69.37956791699219, 1.095231473632801], [-69.41646791699219, 1.052531473632804], [-69.43546791699218, 1.057631473632803], [-69.43736791699219, 1.080731473632802], [-69.49336791699218, 1.087931473632807], [-69.52126791699219, 1.079731473632805], [-69.56636791699219, 1.080731473632802], [-69.60676791699218, 1.105331473632802], [-69.67146791699219, 1.0877314736328], [-69.68466791699218, 1.076431473632802], [-69.70616791699219, 1.082231473632802], [-69.71046791699219, 1.126531473632802], [-69.73066791699219, 1.115931473632806], [-69.74006791699219, 1.120731473632802], [-69.76606791699218, 1.113231473632801], [-69.81216791699218, 1.069231473632804], [-69.83016791699218, 1.072131473632801], [-69.84426791699218, 1.085531473632805], [-69.84256791699218, 1.720931473632803], [-69.82676791699218, 1.716331473632806], [-69.83036791699219, 1.709431473632804], [-69.82176791699219, 1.7050314736328], [-69.78566791699218, 1.704931473632804], [-69.7778679169922, 1.723531473632804], [-69.74166791699218, 1.744531473632804], [-69.71116791699218, 1.749531473632807], [-69.68306791699219, 1.747031473632802], [-69.68186791699219, 1.735731473632804], [-69.64566791699218, 1.743531473632807], [-69.63646791699219, 1.736831473632805], [-69.62886791699219, 1.750631473632801], [-69.56736791699218, 1.777331473632806], [-69.55226791699218, 1.791731473632801], [-69.49516791699219, 1.766931473632802], [-69.48746791699219, 1.7722314736328], [-69.48686791699218, 1.762131473632806], [-69.47866791699218, 1.7600314736328], [-69.47446791699218, 1.768631473632801], [-69.42606791699218, 1.756931473632804], [-69.39346791699218, 1.734631473632803], [-69.39316791699218, 1.724131473632802], [-69.17856791699218, 1.733531473632802], [-68.15676791699218, 1.731731473632806], [-68.15946791699218, 1.750131473632806], [-68.17916791699218, 1.753731473632804], [-68.16946791699219, 1.7707314736328], [-68.18766791699218, 1.784731473632803], [-68.23646791699218, 1.772531473632803], [-68.24476791699219, 1.794931473632801], [-68.23366791699219, 1.829931473632804], [-68.26686791699218, 1.827231473632807], [-68.24326791699218, 1.926831473632802], [-68.18296791699218, 1.978931473632805], [-68.14066791699219, 1.984931473632805], [-68.10306791699219, 1.936231473632802], [-68.08756791699219, 1.901331473632801], [-68.04336791699218, 1.899731473632805], [-67.97346791699218, 1.832931473632804], [-67.94126791699219, 1.830731473632802], [-67.90676791699218, 1.866131473632805], [-67.91286791699218, 1.897931473632802], [-67.88266791699219, 1.902931473632805], [-67.85966791699218, 1.920331473632807], [-67.76896791699218, 2.039331473632807], [-67.67166791699219, 2.020331473632801], [-67.61976791699219, 2.0237314736328], [-67.60706791699218, 2.035531473632801], [-67.58626791699218, 2.085531473632805], [-67.55796791699218, 2.106031473632804], [-67.55086791699219, 2.141731473632802], [-67.54006791699219, 2.155931473632805], [-67.44816791699219, 2.208131473632804], [-67.43086791699218, 2.241731473632804], [-67.38926791699218, 2.244031473632802], [-67.36446791699218, 2.230331473632802], [-67.34346791699218, 2.205531473632803], [-67.32606791699219, 2.0297314736328], [-67.28666791699219, 1.888631473632806], [-67.27806791699219, 1.875631473632801], [-67.24386791699219, 1.858231473632806], [-67.17426791699219, 1.857131473632805], [-67.15696791699219, 1.848831473632806], [-67.12406791699219, 1.798931473632805], [-67.09726791699218, 1.732731473632803], [-67.09946791699218, 1.681931473632801], [-67.08146791699218, 1.638331473632803], [-67.07236791699219, 1.442731473632804], [-67.08876791699218, 1.325031473632805], [-67.08286791699219, 1.2035314736328], [-67.08796791699218, 1.166831473632804], [-66.85676791699218, 1.230331473632802], [-66.31846791699219, 0.755131473632801], [-66.20216791699218, 0.781331473632804], [-66.18806791699218, 0.778731473632803], [-66.16096791699218, 0.746231473632804], [-66.12106791699219, 0.752031473632805], [-66.11446791699218, 0.763531473632803], [-66.08846791699219, 0.759131473632806], [-66.07626791699218, 0.768331473632806], [-66.06996791699218, 0.805131473632805], [-66.05586791699218, 0.802331473632805], [-66.03786791699218, 0.812031473632807], [-66.01716791699218, 0.800131473632803], [-65.96436791699219, 0.809531473632802], [-65.94596791699219, 0.852731473632801], [-65.93326791699218, 0.862531473632806], [-65.93656791699219, 0.882031473632807], [-65.92536791699219, 0.891331473632803], [-65.90116791699218, 0.883731473632807], [-65.88136791699219, 0.901631473632804], [-65.87376791699218, 0.922131473632803], [-65.87966791699219, 0.932631473632803], [-65.83156791699219, 0.940131473632803], [-65.77986791699219, 0.964131473632804], [-65.77406791699218, 0.959131473632802], [-65.73936791699218, 0.999731473632806], [-65.69546791699219, 1.004131473632803], [-65.67856791699218, 0.988931473632803], [-65.65266791699219, 1.011931473632806], [-65.62496791699219, 0.989031473632807], [-65.62716791699219, 1.009231473632802], [-65.61026791699219, 1.014331473632801], [-65.60666791699218, 1.004531473632802], [-65.59116791699219, 1.0023314736328], [-65.58546791699219, 1.008931473632806], [-65.57216791699219, 0.985131473632805], [-65.56716791699219, 0.994331473632805], [-65.55776791699219, 0.993331473632807], [-65.55796791699218, 0.975931473632805], [-65.54176791699219, 0.975531473632806], [-65.53086791699218, 0.956131473632801], [-65.53636791699219, 0.948131473632806], [-65.50826791699218, 0.915531473632804], [-65.51216791699218, 0.885331473632803], [-65.49606791699219, 0.889331473632801], [-65.49356791699219, 0.882031473632807], [-65.50516791699218, 0.868531473632807], [-65.50016791699218, 0.842531473632803], [-65.52766791699219, 0.833331473632803], [-65.53096791699218, 0.805331473632805], [-65.54066791699219, 0.805331473632805], [-65.54856791699218, 0.774731473632805], [-65.55616791699218, 0.777731473632805], [-65.57356791699219, 0.764331473632801], [-65.57576791699219, 0.744731473632804], [-65.59126791699218, 0.721631473632804], [-65.57626791699218, 0.711731473632803], [-65.56406791699219, 0.675731473632801], [-65.54056791699219, 0.648931473632807], [-65.53046791699218, 0.668131473632805], [-65.50046791699219, 0.672131473632803], [-65.48026791699219, 0.686931473632804], [-65.45266791699218, 0.685531473632807], [-65.42356791699218, 0.707931473632804], [-65.42136791699218, 0.732131473632805], [-65.41056791699219, 0.739731473632801], [-65.41386791699219, 0.755131473632801], [-65.39736791699218, 0.749831473632803], [-65.39546791699219, 0.758331473632801], [-65.39656791699218, 0.790531473632804], [-65.41306791699219, 0.815631473632806], [-65.39796791699219, 0.821331473632803], [-65.39156791699219, 0.844131473632807], [-65.37686791699218, 0.849531473632801], [-65.37356791699219, 0.864731473632801], [-65.35196791699218, 0.873131473632803], [-65.35636791699218, 0.884731473632804], [-65.34336791699218, 0.893531473632805], [-65.32906791699219, 0.931731473632802], [-65.26986791699218, 0.943331473632803], [-65.26356791699219, 0.919631473632805], [-65.20876791699219, 0.928931473632801], [-65.20736791699218, 0.906931473632802], [-65.18246791699218, 0.922531473632802], [-65.16496791699218, 0.9505314736328], [-65.14726791699218, 1.009231473632802], [-65.16676791699219, 1.011431473632804], [-65.16946791699219, 1.018531473632805], [-65.15396791699219, 1.056231473632806], [-65.15506791699218, 1.125131473632806], [-65.12246791699218, 1.1350314736328], [-65.10306791699219, 1.156631473632807], [-65.08816791699219, 1.146131473632806], [-65.07126791699218, 1.153531473632803], [-65.06086791699218, 1.137731473632805], [-65.06126791699218, 1.111831473632805], [-65.02226791699218, 1.114931473632801], [-64.96076791699218, 1.189731473632804], [-64.96956791699219, 1.217331473632804], [-64.96076791699218, 1.230331473632802], [-64.95156791699219, 1.231731473632806], [-64.93516791699219, 1.211331473632804], [-64.91886791699218, 1.221631473632804], [-64.90726791699218, 1.251331473632803], [-64.89826791699218, 1.252731473632807], [-64.88656791699219, 1.231831473632802], [-64.86856791699219, 1.231831473632802], [-64.85276791699218, 1.263531473632803], [-64.86146791699218, 1.269331473632803], [-64.82496791699218, 1.2951314736328], [-64.82296791699218, 1.278531473632803], [-64.80326791699218, 1.310531473632807], [-64.78916791699218, 1.285731473632801], [-64.79356791699219, 1.269331473632803], [-64.76376791699218, 1.230931473632801], [-64.74656791699219, 1.225531473632806], [-64.72916791699218, 1.234631473632803], [-64.71436791699219, 1.251131473632803], [-64.70186791699219, 1.291331473632802], [-64.68466791699218, 1.283831473632802], [-64.66026791699218, 1.291331473632802], [-64.63486791699219, 1.320331473632805], [-64.61136791699218, 1.335831473632801], [-64.59086791699218, 1.337531473632801], [-64.57606791699219, 1.354131473632805], [-64.58266791699218, 1.375531473632805], [-64.55326791699218, 1.416831473632804], [-64.53046791699218, 1.4261314736328], [-64.52796791699218, 1.444131473632801], [-64.52186791699219, 1.437731473632802], [-64.50046791699219, 1.442731473632804], [-64.45346791699218, 1.480331473632802], [-64.43856791699218, 1.4719314736328], [-64.39736791699218, 1.526931473632807], [-64.35136791699219, 1.518331473632806], [-64.34886791699219, 1.502031473632805], [-64.37876791699219, 1.463731473632805], [-64.37736791699218, 1.448331473632805], [-64.39736791699218, 1.424531473632804], [-64.39986791699218, 1.394931473632802], [-64.37736791699218, 1.386431473632804], [-64.35936791699218, 1.389931473632807], [-64.33796791699218, 1.363531473632804], [-64.34266791699218, 1.384231473632802], [-64.32606791699219, 1.401931473632807], [-64.32606791699219, 1.436131473632805], [-64.30216791699219, 1.468331473632801], [-64.26736791699219, 1.484631473632803], [-64.26156791699219, 1.499831473632803], [-64.24746791699218, 1.508331473632801], [-64.21546791699218, 1.5085314736328], [-64.19486791699218, 1.524931473632805], [-64.19376791699219, 1.542731473632806], [-64.17386791699218, 1.571131473632803], [-64.14406791699219, 1.582531473632805], [-64.12606791699218, 1.577731473632802], [-64.09516791699218, 1.617131473632803], [-64.06516791699218, 1.6761314736328], [-64.06126791699218, 1.701731473632805], [-64.07216791699219, 1.725931473632805], [-64.06516791699218, 1.739931473632801], [-64.07796791699218, 1.759131473632806], [-64.06236791699219, 1.789631473632802], [-64.06266791699218, 1.820631473632801], [-64.05516791699219, 1.8255314736328], [-64.05606791699219, 1.841131473632807], [-64.07106791699218, 1.852431473632805], [-64.06186791699218, 1.882731473632802], [-64.06186791699218, 1.930731473632804], [-64.01906791699219, 1.951331473632806], [-63.99546791699218, 1.979931473632803], [-63.97556791699218, 1.991231473632801], [-63.922767916992186, 1.982931473632803], [-63.89846791699219, 1.992531473632802], [-63.887667916992186, 1.982531473632804], [-63.85416791699218, 1.978531473632806], [-63.84596791699218, 1.964131473632804], [-63.83706791699218, 1.965131473632802], [-63.82376791699218, 1.991131473632805], [-63.784867916992184, 1.981731473632806], [-63.76016791699219, 2.004131473632803], [-63.75186791699218, 1.996131473632801], [-63.74046791699219, 1.999731473632806], [-63.739067916992184, 2.016331473632803], [-63.70326791699219, 2.046331473632804], [-63.688567916992184, 2.031631473632807], [-63.69216791699219, 2.023331473632801], [-63.668067916992186, 2.016931473632802], [-63.662067916992186, 2.065531473632802], [-63.63796791699218, 2.069231473632804], [-63.61726791699218, 2.106731473632806], [-63.561867916992185, 2.132531473632802], [-63.528467916992184, 2.128331473632805], [-63.50936791699219, 2.113731473632804], [-63.49246791699218, 2.115431473632803], [-63.46656791699219, 2.141131473632804], [-63.44406791699218, 2.125331473632805], [-63.42756791699219, 2.135331473632803], [-63.421067916992186, 2.131331473632805], [-63.39376791699219, 2.156931473632802], [-63.38876791699219, 2.183131473632805], [-63.395167916992186, 2.199731473632802], [-63.37186791699219, 2.212131473632802], [-63.380567916992185, 2.228231473632803], [-63.36036791699219, 2.269331473632803], [-63.367967916992185, 2.289631473632802], [-63.36136791699219, 2.3285314736328], [-63.376267916992184, 2.340831473632804], [-63.37636791699218, 2.352131473632802], [-63.35566791699219, 2.387131473632806], [-63.363867916992184, 2.390031473632803], [-63.36466791699219, 2.416731473632801], [-63.370067916992184, 2.414531473632806], [-63.37296791699218, 2.426331473632807], [-63.40426791699218, 2.431231473632806], [-63.41666791699218, 2.4535314736328], [-63.43466791699218, 2.442531473632805], [-63.448467916992186, 2.410231473632805], [-63.464467916992184, 2.402331473632806], [-63.47096791699218, 2.4231314736328], [-63.480367916992186, 2.431931473632801], [-63.48836791699219, 2.427331473632805], [-63.48796791699219, 2.436931473632804], [-63.51936791699218, 2.422731473632801], [-63.546067916992186, 2.428731473632801], [-63.55576791699218, 2.423531473632806], [-63.555067916992186, 2.447131473632801], [-63.56196791699219, 2.451431473632802], [-63.57206791699218, 2.446731473632802], [-63.60356791699218, 2.457231473632802], [-63.615367916992184, 2.444131473632801], [-63.61746791699218, 2.451131473632806], [-63.632967916992186, 2.440931473632801], [-63.645967916992184, 2.446731473632802], [-63.66456791699218, 2.440331473632803], [-63.703967916992184, 2.457931473632804], [-63.718367916992186, 2.444931473632806], [-63.73106791699219, 2.4550314736328], [-63.750467916992186, 2.441931473632806], [-63.77346791699219, 2.448731473632805], [-63.78476791699218, 2.471131473632802], [-63.799467916992185, 2.480331473632802], [-63.84516791699218, 2.495331473632802], [-63.882067916992185, 2.469131473632807], [-63.920367916992184, 2.473731473632803], [-63.93546791699218, 2.457131473632806], [-63.954667916992186, 2.459431473632804], [-63.96006791699219, 2.473531473632804], [-63.976467916992185, 2.465131473632802], [-64.00886791699219, 2.480131473632802], [-64.02286791699218, 2.464731473632803], [-64.04386791699218, 2.496731473632806], [-64.05976791699219, 2.500331473632805], [-64.04606791699219, 2.522131473632804], [-64.04886791699218, 2.567531473632805], [-64.04256791699218, 2.5800314736328], [-64.02726791699219, 2.577231473632807], [-64.02866791699219, 2.585731473632805], [-64.00996791699218, 2.604631473632807], [-64.00776791699218, 2.626731473632802], [-63.986067916992184, 2.6487314736328], [-63.98856791699218, 2.6898314736328], [-64.00876791699218, 2.7050314736328], [-63.987167916992185, 2.7157314736328], [-63.98386791699218, 2.728531473632806], [-64.00236791699218, 2.741731473632804], [-63.998767916992186, 2.770031473632805], [-64.01606791699218, 2.777731473632805], [-64.01466791699218, 2.812331473632803], [-64.04136791699219, 2.831731473632807], [-64.06076791699219, 2.864731473632801], [-64.07876791699218, 2.874131473632801], [-64.06986791699218, 2.890731473632805], [-64.07126791699218, 2.902931473632805], [-64.07716791699218, 2.901331473632801], [-64.07316791699219, 2.922931473632801], [-64.09446791699219, 2.935131473632801], [-64.11886791699219, 2.985731473632804], [-64.16086791699219, 2.987331473632807], [-64.14706791699219, 3.010631473632806], [-64.14796791699219, 3.036531473632806], [-64.21866791699219, 3.0907314736328], [-64.22336791699219, 3.145031473632805], [-64.20036791699218, 3.164631473632802], [-64.19276791699218, 3.159131473632804], [-64.18136791699219, 3.165331473632804], [-64.16996791699219, 3.201331473632806], [-64.15676791699218, 3.212531473632801], [-64.15336791699218, 3.253931473632804], [-64.13686791699219, 3.272531473632803], [-64.11746791699218, 3.278531473632803], [-64.12326791699219, 3.291531473632801], [-64.11586791699219, 3.3133314736328], [-64.11496791699219, 3.334931473632807], [-64.13276791699218, 3.345231473632801], [-64.13276791699218, 3.363931473632803], [-64.14686791699219, 3.371231473632804], [-64.13986791699219, 3.384731473632804], [-64.14866791699218, 3.4398314736328], [-64.18436791699219, 3.489331473632802], [-64.18736791699219, 3.555431473632801], [-64.19626791699218, 3.578931473632807], [-64.27576791699218, 3.661331473632806], [-64.28846791699219, 3.698731473632805], [-64.42856791699218, 3.779931473632807], [-64.47236791699218, 3.781631473632807], [-64.48886791699218, 3.790531473632804], [-64.52446791699218, 3.841931473632805], [-64.56826791699218, 3.881931473632804], [-64.58016791699218, 3.928331473632802], [-64.61466791699219, 3.946731473632802], [-64.64686791699219, 3.988531473632804], [-64.67386791699218, 4.004731473632802], [-64.68376791699218, 4.040331473632804], [-64.70846791699219, 4.066531473632807], [-64.73216791699218, 4.120331473632802], [-64.81046791699218, 4.174731473632804], [-64.82496791699218, 4.242931473632801], [-64.81766791699218, 4.265331473632806], [-64.79966791699218, 4.284131473632804], [-64.78046791699218, 4.286731473632805], [-64.69126791699219, 4.244731473632804], [-64.65846791699218, 4.211531473632803], [-64.62736791699218, 4.138531473632803], [-64.56046791699218, 4.101731473632803], [-64.54426791699218, 4.113931473632803], [-64.50326791699219, 4.110431473632801], [-64.43156791699218, 4.134731473632804], [-64.33546791699219, 4.129131473632803], [-64.27626791699218, 4.143931473632804], [-64.26516791699218, 4.125931473632804], [-64.24856791699219, 4.129131473632803], [-64.21296791699218, 4.114931473632801], [-64.16806791699219, 4.127931473632806], [-64.11256791699219, 4.091331473632806], [-64.09636791699218, 4.053531473632802], [-64.09706791699219, 4.025131473632804], [-64.05086791699219, 3.950931473632807], [-64.03596791699218, 3.944131473632801], [-64.03566791699218, 3.934331473632803], [-64.00186791699218, 3.933131473632805], [-63.99666791699219, 3.903031473632801], [-63.977767916992185, 3.898531473632801], [-63.96486791699218, 3.868331473632807], [-63.928967916992185, 3.924331473632805], [-63.84726791699218, 3.949531473632803], [-63.834367916992186, 3.9398314736328], [-63.79746791699219, 3.933431473632801], [-63.755967916992184, 3.940531473632802], [-63.74116791699218, 3.932631473632803], [-63.738067916992186, 3.914931473632805], [-63.71226791699219, 3.904131473632802], [-63.70736791699218, 3.913831473632804], [-63.68336791699218, 3.907731473632801], [-63.66386791699219, 3.922531473632802], [-63.70046791699218, 3.944231473632804], [-63.68376791699218, 4.018531473632805], [-63.652667916992186, 4.001931473632801], [-63.64286791699219, 3.978531473632806], [-63.592267916992185, 3.928331473632802], [-63.59306791699218, 3.904931473632807], [-63.58486791699218, 3.896531473632805], [-63.58976791699219, 3.884931473632804], [-63.55516791699219, 3.891131473632804], [-63.55186791699219, 3.864931473632801], [-63.502367916992185, 3.848131473632805], [-63.49836791699218, 3.840231473632805], [-63.502367916992185, 3.868331473632807], [-63.491667916992185, 3.872931473632804], [-63.45176791699218, 3.858531473632802], [-63.43436791699219, 3.866131473632805], [-63.43826791699219, 3.882731473632802], [-63.41196791699218, 3.912731473632803], [-63.418867916992184, 3.9353314736328], [-63.438367916992185, 3.936431473632801], [-63.43996791699219, 3.948531473632805], [-63.45156791699219, 3.954731473632805], [-63.42776791699218, 3.977131473632802], [-63.39396791699218, 3.980531473632801], [-63.33846791699219, 3.956931473632807], [-63.311867916992185, 3.962131473632802], [-63.30796791699218, 3.981331473632807], [-63.285967916992185, 3.9719314736328], [-63.28196791699219, 3.955831473632806], [-63.253467916992186, 3.961131473632804], [-63.207667916992186, 3.952531473632803], [-63.232867916992184, 3.882831473632805], [-63.22596791699219, 3.835131473632806], [-63.204667916992186, 3.811931473632804], [-63.11936791699219, 3.803531473632802], [-63.103167916992184, 3.793231473632801], [-63.05936791699219, 3.748731473632802], [-63.062967916992186, 3.707531473632805], [-63.078967916992184, 3.691531473632807], [-63.03176791699218, 3.664931473632805], [-62.99006791699219, 3.611731473632801], [-62.960667916992186, 3.607731473632803], [-62.93586791699218, 3.628731473632804], [-62.91746791699218, 3.673931473632805], [-62.88686791699219, 3.683431473632801], [-62.853867916992186, 3.711131473632804], [-62.836267916992185, 3.738231473632801], [-62.803967916992185, 3.729331473632804], [-62.783867916992186, 3.699531473632803], [-62.74366791699218, 3.673931473632805], [-62.731167916992185, 3.708331473632803], [-62.739767916992186, 3.755531473632807], [-62.73536791699219, 3.776131473632802], [-62.743367916992185, 3.786031473632804], [-62.72916791699218, 3.804731473632806], [-62.77176791699219, 3.835131473632806], [-62.75466791699219, 3.850531473632806], [-62.78846791699219, 3.892931473632807], [-62.78396791699218, 3.931531473632802], [-62.76126791699218, 3.942331473632805], [-62.745067916992184, 3.971331473632802], [-62.76276791699219, 3.985331473632804], [-62.76876791699219, 4.006331473632805], [-62.749767916992184, 4.022131473632804], [-62.75296791699218, 4.031631473632807], [-62.736767916992186, 4.039331473632807], [-62.702467916992184, 4.031531473632803], [-62.66086791699219, 4.034731473632803], [-62.647067916992185, 4.046131473632805], [-62.62936791699218, 4.039631473632802], [-62.61036791699219, 4.044131473632802], [-62.58016791699218, 4.017731473632807], [-62.559067916992184, 4.016131473632804], [-62.56196791699219, 4.037331473632804], [-62.53306791699218, 4.046831473632807], [-62.543067916992186, 4.060931473632806], [-62.54276791699219, 4.079331473632806], [-62.55796791699218, 4.0800314736328], [-62.544967916992185, 4.098831473632806], [-62.55216791699219, 4.108231473632806], [-62.52476791699219, 4.116231473632801], [-62.53096791699218, 4.136331473632801], [-62.510967916992186, 4.1273314736328], [-62.498767916992186, 4.1425314736328], [-62.480367916992186, 4.131131473632806], [-62.46456791699218, 4.138931473632802], [-62.455667916992184, 4.156931473632802], [-62.47056791699218, 4.163531473632801], [-62.46286791699218, 4.1776314736328], [-62.44876791699218, 4.174331473632805], [-62.41776791699219, 4.184331473632803], [-62.38906791699219, 4.177531473632804], [-62.369067916992186, 4.162731473632803], [-62.35366791699219, 4.164331473632807], [-62.35066791699219, 4.151931473632807], [-62.32846791699218, 4.134531473632805], [-62.29316791699219, 4.141331473632803], [-62.27876791699218, 4.129531473632802], [-62.25206791699219, 4.128731473632804], [-62.244067916992186, 4.116931473632803], [-62.197967916992184, 4.112931473632806], [-62.190967916992186, 4.096631473632804], [-62.16196791699218, 4.090531473632801], [-62.144667916992184, 4.074731473632802], [-62.13326791699218, 4.087131473632802], [-62.11226791699218, 4.091331473632806], [-62.11826791699218, 4.116731473632804], [-62.106167916992185, 4.1151314736328], [-62.09706791699219, 4.127531473632807], [-62.07846791699218, 4.119531473632804], [-62.072367916992185, 4.124831473632803], [-62.080667916992184, 4.143631473632801], [-62.076867916992185, 4.153331473632804], [-62.06266791699218, 4.157431473632805], [-62.04826791699219, 4.150331473632804], [-62.03376791699219, 4.1579314736328], [-62.02906791699219, 4.150131473632804], [-61.981367916992184, 4.179831473632802], [-61.97526791699218, 4.151131473632802], [-61.94596791699219, 4.111831473632805], [-61.93076791699218, 4.103231473632803], [-61.923367916992184, 4.154931473632807], [-61.898967916992184, 4.160531473632801], [-61.87296791699218, 4.152531473632806], [-61.87046791699218, 4.172531473632802], [-61.85206791699218, 4.174031473632802], [-61.83686791699219, 4.160231473632805], [-61.823467916992186, 4.164131473632807], [-61.81966791699219, 4.199731473632802], [-61.80836791699218, 4.2035314736328], [-61.802467916992185, 4.227331473632802], [-61.769267916992185, 4.228731473632806], [-61.76376791699219, 4.234931473632805], [-61.77536791699218, 4.247931473632804], [-61.738267916992186, 4.256531473632805], [-61.72696791699218, 4.267931473632807], [-61.730567916992186, 4.250131473632806], [-61.724767916992185, 4.244831473632807], [-61.67076791699219, 4.262531473632805], [-61.65706791699219, 4.260631473632806], [-61.63876791699219, 4.237531473632806], [-61.62706791699219, 4.253331473632805], [-61.60826791699219, 4.261131473632801], [-61.59156791699219, 4.244531473632804], [-61.558267916992186, 4.253431473632801], [-61.52406791699218, 4.288331473632802], [-61.508167916992186, 4.320631473632801], [-61.521167916992184, 4.326431473632802], [-61.526767916992185, 4.342931473632802], [-61.517167916992186, 4.349531473632801], [-61.521867916992186, 4.372631473632801], [-61.513467916992184, 4.405531473632806], [-61.487567916992184, 4.410531473632801], [-61.449267916992184, 4.438731473632807], [-61.43656791699219, 4.433331473632805], [-61.44016791699218, 4.424331473632805], [-61.423367916992184, 4.433131473632805], [-61.34156791699219, 4.419631473632805], [-61.32156791699218, 4.430331473632805], [-61.32486791699219, 4.441531473632807], [-61.31346791699218, 4.456531473632801], [-61.289167916992184, 4.457731473632805], [-61.281267916992185, 4.467131473632804], [-61.280167916992184, 4.479131473632805], [-61.293867916992184, 4.479931473632803], [-61.296467916992185, 4.492631473632805], [-61.32246791699218, 4.504131473632803], [-61.32956791699219, 4.520531473632801], [-61.322167916992186, 4.534931473632803], [-61.305267916992186, 4.540331473632804], [-61.276567916992185, 4.528531473632803], [-61.26896791699218, 4.539331473632807], [-61.25166791699219, 4.526331473632801], [-61.246567916992184, 4.533031473632803], [-61.221767916992185, 4.522931473632802], [-61.21676791699218, 4.531631473632807], [-61.203567916992185, 4.517931473632807], [-61.18846791699218, 4.520031473632805], [-61.151567916992185, 4.494831473632807], [-61.14646791699219, 4.481031473632804], [-61.12576791699219, 4.504531473632802], [-61.090967916992184, 4.523031473632805], [-60.998067916992184, 4.516731473632802], [-60.98496791699219, 4.541831473632804], [-60.95796791699219, 4.545731473632806], [-60.95646791699218, 4.581131473632801], [-60.93296791699218, 4.585331473632806], [-60.933867916992185, 4.619531473632804], [-60.95066791699219, 4.643931473632804], [-60.947967916992184, 4.654131473632802], [-60.919767916992186, 4.663531473632801], [-60.912267916992185, 4.699731473632802], [-60.899867916992186, 4.717531473632803], [-60.852567916992186, 4.703131473632801], [-60.834567916992185, 4.726331473632804], [-60.81686791699218, 4.727331473632802], [-60.806567916992186, 4.747631473632801], [-60.765667916992186, 4.757731473632802], [-60.75186791699218, 4.753931473632804], [-60.72116791699219, 4.777931473632805], [-60.726667916992184, 4.788731473632801], [-60.71956791699219, 4.799731473632804], [-60.69596791699219, 4.810531473632807], [-60.659867916992184, 4.848831473632806], [-60.64906791699218, 4.868131473632801], [-60.65236791699218, 4.882831473632805], [-60.62946791699218, 4.888631473632806], [-60.616067916992186, 4.918131473632805], [-60.58986791699218, 4.931131473632803], [-60.584367916992186, 4.956731473632807], [-60.59626791699219, 4.992531473632802], [-60.64456791699219, 5.057631473632803], [-60.64076791699219, 5.109631473632803], [-60.642567916992185, 5.117331473632802], [-60.65406791699219, 5.114331473632802], [-60.65696791699219, 5.156131473632804], [-60.686667916992185, 5.194231473632804], [-60.73516791699218, 5.202531473632803], [-60.72316791699218, 5.219931473632805], [-60.67996791699218, 5.232131473632805], [-60.65146791699219, 5.230531473632801], [-60.62556791699218, 5.215231473632805], [-60.594867916992186, 5.219731473632805], [-60.590967916992184, 5.208331473632803], [-60.57026791699219, 5.195931473632804], [-60.546467916992185, 5.194531473632807], [-60.52836791699218, 5.207931473632804], [-60.45266791699218, 5.203131473632801], [-60.44526791699219, 5.183431473632801], [-60.433667916992185, 5.181531473632802], [-60.41856791699219, 5.194531473632807], [-60.41386791699219, 5.213031473632803], [-60.38456791699218, 5.221531473632801], [-60.367967916992185, 5.204731473632805], [-60.32766791699218, 5.205731473632802], [-60.31346791699218, 5.210531473632805], [-60.30186791699219, 5.227731473632801], [-60.270967916992184, 5.234331473632807], [-60.26406791699219, 5.251131473632803], [-60.24686791699219, 5.251731473632802], [-60.211467916992184, 5.271131473632806], [-60.19276791699218, 5.251331473632803], [-60.194167916992185, 5.237331473632807], [-60.171667916992185, 5.226731473632803], [-60.13566791699219, 5.248731473632802], [-60.13306791699219, 5.225931473632805], [-60.10676791699218, 5.194131473632801], [-60.094867916992186, 5.140531473632805], [-60.065267916992184, 5.137731473632805], [-60.04566791699219, 5.107931473632803], [-59.97166791699219, 5.073531473632805], [-60.00916791699218, 4.861831473632805], [-60.02536791699218, 4.831731473632807], [-60.022267916992185, 4.812531473632802], [-60.035567916992186, 4.794331473632802], [-60.022267916992185, 4.783031473632803], [-60.02596791699219, 4.741931473632803], [-60.038367916992186, 4.725931473632805], [-60.025667916992184, 4.706331473632801], [-60.074267916992184, 4.656931473632802], [-60.07096791699219, 4.616531473632804], [-60.09006791699218, 4.605731473632801], [-60.124367916992185, 4.604131473632805], [-60.13066791699218, 4.596531473632801], [-60.12296791699218, 4.579131473632806], [-60.13966791699218, 4.579331473632806], [-60.13626791699218, 4.565931473632801], [-60.15546791699219, 4.574731473632802], [-60.161367916992184, 4.519431473632807], [-60.11766791699219, 4.502031473632805], [-60.09916791699219, 4.511731473632807], [-60.103367916992184, 4.527531473632806], [-60.087367916992186, 4.533331473632806], [-60.085667916992186, 4.5175314736328], [-60.07326791699219, 4.524731473632805], [-60.06436791699218, 4.518531473632805], [-60.07096791699219, 4.493731473632806], [-60.01786791699219, 4.489931473632801], [-60.005567916992185, 4.495731473632802], [-59.973067916992186, 4.481331473632807], [-59.96656791699219, 4.508731473632807], [-59.937767916992186, 4.499131473632801], [-59.926167916992185, 4.489931473632801], [-59.93056791699219, 4.481531473632806], [-59.91196791699218, 4.4779314736328], [-59.91026791699218, 4.460831473632801], [-59.89796791699219, 4.478531473632806], [-59.88046791699219, 4.475131473632807], [-59.87576791699219, 4.486531473632802], [-59.86356791699218, 4.471631473632804], [-59.871367916992185, 4.461331473632804], [-59.86056791699218, 4.452731473632802], [-59.833267916992185, 4.457531473632805], [-59.811867916992185, 4.447731473632807], [-59.804167916992185, 4.466331473632806], [-59.79566791699219, 4.465531473632801], [-59.793667916992185, 4.4475314736328], [-59.78346791699218, 4.450031473632805], [-59.755767916992184, 4.421331473632804], [-59.737567916992184, 4.423931473632805], [-59.720867916992184, 4.408831473632802], [-59.720267916992185, 4.397931473632802], [-59.67006791699218, 4.375631473632801], [-59.68296791699218, 4.364331473632802], [-59.67906791699218, 4.342731473632803], [-59.703567916992185, 4.319931473632806], [-59.70456791699219, 4.307131473632801], [-59.73196791699219, 4.286031473632804], [-59.732067916992186, 4.270331473632801], [-59.71926791699218, 4.274331473632806], [-59.711467916992184, 4.266431473632807], [-59.739067916992184, 4.235931473632803], [-59.73066791699219, 4.181531473632802], [-59.721767916992185, 4.165731473632803], [-59.68306791699219, 4.146931473632804], [-59.648767916992185, 4.145531473632801], [-59.61976791699219, 4.131931473632804], [-59.65376791699218, 4.071131473632803], [-59.617967916992185, 4.051331473632807], [-59.618367916992185, 4.037331473632804], [-59.60196791699218, 4.027731473632805], [-59.60116791699218, 4.017131473632801], [-59.613067916992186, 4.015931473632804], [-59.60886791699218, 4.009531473632805], [-59.59456791699219, 4.0175314736328], [-59.59596791699218, 4.001531473632802], [-59.589467916992184, 3.995331473632802], [-59.578967916992184, 3.9993314736328], [-59.57246791699218, 3.987631473632803], [-59.58616791699218, 3.975931473632805], [-59.58426791699219, 3.969131473632807], [-59.567467916992186, 3.965231473632805], [-59.556567916992186, 3.979131473632805], [-59.544767916992186, 3.977731473632801], [-59.526567916992185, 3.968031473632806], [-59.51676791699219, 3.946331473632803], [-59.52816791699219, 3.924731473632804], [-59.53976791699219, 3.931731473632802], [-59.544967916992185, 3.920731473632806], [-59.56156791699219, 3.920731473632806], [-59.56776791699218, 3.891131473632804], [-59.57606791699219, 3.896331473632806], [-59.593367916992186, 3.884931473632804], [-59.59296791699219, 3.860131473632805], [-59.57786791699219, 3.821331473632803], [-59.597867916992186, 3.814531473632805], [-59.596767916992185, 3.794931473632801], [-59.60966791699218, 3.804331473632807], [-59.63006791699219, 3.785631473632805], [-59.62986791699218, 3.798531473632806], [-59.640667916992186, 3.784731473632803], [-59.663967916992185, 3.782131473632802], [-59.67966791699219, 3.757531473632802], [-59.66456791699218, 3.733131473632803], [-59.671067916992186, 3.726331473632804], [-59.66316791699219, 3.717931473632802], [-59.66896791699219, 3.702831473632806], [-59.70426791699219, 3.689131473632806], [-59.72126791699219, 3.665731473632803], [-59.75156791699219, 3.653031473632801], [-59.765467916992186, 3.627531473632807], [-59.787467916992185, 3.617331473632802], [-59.816567916992184, 3.619331473632805], [-59.81696791699218, 3.610731473632804], [-59.848067916992186, 3.605331473632802], [-59.866067916992186, 3.577131473632804], [-59.859167916992185, 3.5725314736328], [-59.872267916992186, 3.563431473632804], [-59.84296791699219, 3.552131473632805], [-59.834567916992185, 3.523931473632807], [-59.818767916992186, 3.521531473632805], [-59.80336791699219, 3.504731473632802], [-59.80326791699218, 3.491131473632805], [-59.826867916992185, 3.479931473632803], [-59.81456791699219, 3.479331473632804], [-59.811267916992186, 3.469731473632805], [-59.82246791699218, 3.4719314736328], [-59.83976791699219, 3.443931473632801], [-59.84126791699218, 3.426531473632807], [-59.811867916992185, 3.428531473632802], [-59.82136791699219, 3.411731473632805], [-59.80496791699218, 3.357331473632804], [-59.83426791699219, 3.351931473632803], [-59.82756791699218, 3.332231473632802], [-59.85026791699218, 3.305731473632804], [-59.85886791699218, 3.279131473632802], [-59.871567916992184, 3.277331473632806], [-59.879067916992184, 3.247331473632805], [-59.88736791699219, 3.242931473632801], [-59.87446791699219, 3.225731473632806], [-59.908367916992184, 3.211331473632804], [-59.912467916992185, 3.190631473632806], [-59.900067916992185, 3.154931473632807], [-59.919967916992185, 3.145031473632805], [-59.908867916992186, 3.145331473632801], [-59.91896791699219, 3.132731473632802], [-59.90806791699218, 3.113931473632803], [-59.92216791699218, 3.120131473632803], [-59.937767916992186, 3.089931473632802], [-59.955467916992184, 3.081731473632807], [-59.95126791699219, 3.044131473632802], [-59.96186791699219, 3.0175314736328], [-59.947367916992185, 2.998931473632801], [-59.96476791699219, 2.962931473632807], [-59.96116791699218, 2.951131473632806], [-59.98336791699219, 2.930931473632803], [-59.98636791699219, 2.909731473632803], [-59.97806791699219, 2.897531473632803], [-59.98896791699218, 2.8835314736328], [-59.982867916992184, 2.869031473632802], [-59.993367916992185, 2.783731473632805], [-59.99076791699218, 2.683431473632801], [-59.97426791699219, 2.666531473632801], [-59.977367916992186, 2.642731473632807], [-59.95926791699219, 2.610331473632804], [-59.97256791699219, 2.596531473632801], [-59.930867916992185, 2.571131473632803], [-59.93806791699218, 2.552931473632803], [-59.918667916992185, 2.526631473632804], [-59.92006791699218, 2.508331473632801], [-59.89786791699218, 2.482131473632805], [-59.900467916992184, 2.438431473632804], [-59.89206791699219, 2.4276314736328], [-59.90846791699218, 2.388331473632803], [-59.89676791699219, 2.361531473632802], [-59.880767916992184, 2.353531473632806], [-59.87296791699218, 2.360431473632801], [-59.841667916992186, 2.320531473632805], [-59.82826791699219, 2.328331473632801], [-59.785967916992185, 2.284531473632804], [-59.770967916992184, 2.294631473632805], [-59.74046791699219, 2.292731473632806], [-59.72336791699219, 2.276331473632801], [-59.72916791699218, 2.2645314736328], [-59.720067916992186, 2.237631473632803], [-59.72956791699218, 2.232731473632803], [-59.726667916992184, 2.205531473632803], [-59.741467916992185, 2.162931473632803], [-59.72226791699218, 2.102131473632802], [-59.741667916992185, 2.073731473632805], [-59.73146791699219, 2.036531473632806], [-59.72146791699218, 2.027331473632806], [-59.73426791699218, 2.014931473632807], [-59.74546791699218, 1.929531473632807], [-59.75526791699218, 1.922731473632801], [-59.75936791699219, 1.900531473632803], [-59.74736791699219, 1.878731473632804], [-59.753467916992186, 1.865731473632806], [-59.74586791699218, 1.851931473632803], [-59.690967916992186, 1.853131473632807], [-59.67496791699219, 1.839731473632803], [-59.66606791699218, 1.847731473632805], [-59.666367916992186, 1.864331473632802], [-59.652667916992186, 1.8499314736328], [-59.65426791699218, 1.816931473632806], [-59.67796791699219, 1.807631473632803], [-59.69016791699218, 1.756331473632805], [-59.66746791699218, 1.755331473632801], [-59.66306791699218, 1.736831473632805], [-59.632467916992184, 1.7401314736328], [-59.616667916992185, 1.716531473632806], [-59.57626791699219, 1.734631473632803], [-59.53806791699218, 1.721131473632802], [-59.510267916992184, 1.667931473632805], [-59.499367916992185, 1.677131473632805], [-59.49326791699218, 1.673531473632806], [-59.49626791699218, 1.654131473632802], [-59.482867916992184, 1.626731473632802], [-59.44486791699218, 1.614731473632801], [-59.42716791699219, 1.586331473632804], [-59.43116791699218, 1.567331473632805], [-59.42286791699219, 1.555731473632804], [-59.395367916992186, 1.554531473632807], [-59.39436791699218, 1.537131473632805], [-59.37956791699219, 1.521731473632805], [-59.38266791699219, 1.508731473632807], [-59.36136791699219, 1.505131473632801], [-59.35966791699218, 1.516431473632807], [-59.329867916992185, 1.513931473632802], [-59.32156791699218, 1.482131473632805], [-59.327067916992185, 1.464131473632804], [-59.30726791699219, 1.466331473632806], [-59.29206791699218, 1.457931473632804], [-59.27516791699219, 1.418531473632804], [-59.28196791699219, 1.409931473632803], [-59.253267916992186, 1.388331473632803], [-59.20606791699218, 1.372031473632802], [-59.187967916992186, 1.375131473632806], [-59.152667916992186, 1.348831473632806], [-59.090167916992186, 1.345931473632803], [-59.074967916992186, 1.330531473632803], [-59.05686791699219, 1.334331473632801], [-59.048567916992184, 1.322731473632807], [-59.021867916992186, 1.331131473632801], [-59.013267916992184, 1.323931473632804], [-58.992767916992186, 1.326431473632802], [-58.978867916992186, 1.301731473632806], [-58.965967916992184, 1.312531473632802], [-58.91756791699218, 1.316131473632801], [-58.92246791699219, 1.289931473632805], [-58.898767916992185, 1.279431473632805], [-58.88686791699219, 1.260331473632803], [-58.912067916992186, 1.238231473632801], [-58.87686791699218, 1.225531473632806], [-58.866867916992184, 1.203331473632801], [-58.859367916992184, 1.204131473632806], [-58.854267916992185, 1.183431473632801], [-58.826867916992185, 1.187031473632807], [-58.825167916992186, 1.171331473632804], [-58.800067916992184, 1.176731473632806], [-58.79166791699218, 1.190531473632802], [-58.76986791699218, 1.186531473632805], [-58.751267916992184, 1.208631473632806], [-58.73966791699219, 1.200031473632805], [-58.715167916992186, 1.237631473632803], [-58.720667916992184, 1.255531473632807], [-58.71046791699219, 1.290131473632805], [-58.694567916992185, 1.297531473632802], [-58.68016791699219, 1.296331473632804], [-58.664167916992184, 1.279431473632805], [-58.652667916992186, 1.288331473632802], [-58.62876791699219, 1.288731473632801], [-58.58546791699219, 1.262131473632806], [-58.56456791699219, 1.294631473632805], [-58.540267916992185, 1.288131473632802], [-58.53816791699219, 1.267731473632807], [-58.52706791699218, 1.269731473632802], [-58.52296791699219, 1.257831473632805], [-58.51296791699218, 1.277731473632805], [-58.49626791699218, 1.268131473632806], [-58.49516791699219, 1.2951314736328], [-58.47616791699218, 1.308431473632801], [-58.47426791699219, 1.348531473632804], [-58.457867916992186, 1.371531473632807], [-58.470067916992186, 1.370931473632801], [-58.485067916992186, 1.384931473632804], [-58.479667916992184, 1.390331473632806], [-58.505167916992185, 1.403331473632804], [-58.498067916992184, 1.430331473632805], [-58.508767916992184, 1.463031473632803], [-58.46196791699219, 1.466131473632807], [-58.448467916992186, 1.456131473632801], [-58.42196791699219, 1.471131473632802], [-58.38566791699219, 1.470131473632804], [-58.37236791699219, 1.483031473632806], [-58.39036791699219, 1.496231473632804], [-58.39156791699219, 1.506531473632805], [-58.383567916992185, 1.510931473632802], [-58.39476791699218, 1.526531473632801], [-58.389567916992185, 1.535531473632801], [-58.363067916992186, 1.538131473632802], [-58.36036791699219, 1.5603314736328], [-58.34346791699218, 1.566731473632807], [-58.34456791699219, 1.575931473632807], [-58.32716791699218, 1.595231473632801], [-58.31436791699218, 1.594131473632807], [-58.31716791699219, 1.568431473632806], [-58.292867916992186, 1.564231473632802], [-58.28816791699219, 1.5725314736328], [-58.26236791699219, 1.570931473632804], [-58.236067916992184, 1.546831473632807], [-58.193067916992185, 1.572331473632801], [-58.16066791699218, 1.5603314736328], [-58.14956791699218, 1.5100314736328], [-58.12946791699218, 1.499131473632801], [-58.11136791699219, 1.501331473632803], [-58.09766791699219, 1.514131473632801], [-58.069567916992185, 1.507531473632802], [-58.06086791699218, 1.525531473632803], [-58.00416791699219, 1.503131473632806], [-58.001267916992184, 1.528331473632804], [-57.988667916992185, 1.543931473632803], [-57.989967916992185, 1.567531473632805], [-57.97856791699218, 1.572831473632803], [-57.98536791699219, 1.616931473632803], [-57.980367916992186, 1.633331473632801], [-58.00266791699218, 1.645831473632803], [-57.99006791699219, 1.658531473632806], [-57.92686791699219, 1.644931473632802], [-57.90896791699218, 1.651331473632801], [-57.89506791699219, 1.674531473632804], [-57.877167916992185, 1.671831473632807], [-57.877167916992185, 1.680431473632801], [-57.85206791699218, 1.667931473632805], [-57.844167916992184, 1.689131473632806], [-57.79976791699218, 1.6853314736328], [-57.80366791699218, 1.701931473632804], [-57.795367916992184, 1.706531473632801], [-57.79226791699219, 1.726731473632803], [-57.78036791699218, 1.719331473632806], [-57.77436791699219, 1.729931473632803], [-57.75826791699218, 1.718731473632801], [-57.71976791699218, 1.723131473632805], [-57.71846791699218, 1.715531473632801], [-57.70516791699218, 1.731031473632804], [-57.69816791699219, 1.713931473632805], [-57.684067916992184, 1.705731473632802], [-57.67246791699219, 1.710831473632801], [-57.667867916992186, 1.695631473632801], [-57.650467916992184, 1.682531473632807], [-57.62196791699219, 1.699931473632802], [-57.60476791699219, 1.693131473632803], [-57.581767916992185, 1.706331473632801], [-57.57266791699219, 1.688931473632806], [-57.53776791699218, 1.700731473632807], [-57.541367916992186, 1.720531473632803], [-57.526167916992186, 1.728131473632807], [-57.51426791699218, 1.723131473632805], [-57.514567916992185, 1.747331473632805], [-57.49736791699219, 1.766931473632802], [-57.49986791699219, 1.788831473632804], [-57.485267916992186, 1.800131473632803], [-57.477767916992185, 1.794631473632805], [-57.45326791699219, 1.803931473632801], [-57.437767916992186, 1.826931473632804], [-57.444967916992184, 1.841331473632806], [-57.431967916992186, 1.858531473632802], [-57.43336791699218, 1.906131473632804], [-57.402867916992186, 1.912931473632803], [-57.395767916992185, 1.924031473632802], [-57.367767916992186, 1.923931473632805], [-57.35666791699218, 1.944231473632804], [-57.36916791699218, 1.956531473632801], [-57.354267916992185, 1.961331473632804], [-57.356367916992184, 1.970531473632803], [-57.345667916992184, 1.980331473632802], [-57.31326791699219, 1.977331473632802], [-57.304367916992184, 1.997631473632801], [-57.26896791699218, 1.983731473632801], [-57.271167916992184, 1.969931473632805], [-57.232267916992186, 1.936931473632804], [-57.22916791699218, 1.953631473632804], [-57.199967916992186, 1.978931473632805], [-57.18336791699218, 1.979631473632807], [-57.168867916992184, 1.994331473632805], [-57.14756791699219, 1.989031473632807], [-57.14076791699219, 2.001131473632803], [-57.11996791699218, 2.010331473632803], [-57.116667916992185, 2.028031473632801], [-57.096367916992186, 2.017931473632807], [-57.08676791699219, 2.026531473632801], [-57.071267916992184, 1.996731473632806], [-57.06406791699219, 1.956131473632801], [-57.03196791699219, 1.947131473632801], [-57.01426791699218, 1.915131473632805], [-56.97616791699218, 1.903031473632801], [-56.95926791699219, 1.924531473632804], [-56.94986791699219, 1.919531473632802], [-56.919767916992186, 1.930431473632801], [-56.893467916992186, 1.899431473632802], [-56.856367916992184, 1.889331473632801], [-56.845867916992184, 1.893331473632806], [-56.79886791699219, 1.872631473632801], [-56.79786791699219, 1.853531473632806], [-56.791367916992186, 1.852431473632805], [-56.78866791699218, 1.864331473632802], [-56.773967916992184, 1.868931473632806], [-56.764967916992184, 1.888531473632803], [-56.72096791699218, 1.925931473632801], [-56.68656791699219, 1.913331473632802], [-56.679167916992185, 1.921131473632805], [-56.669967916992185, 1.913331473632802], [-56.651167916992186, 1.917331473632807], [-56.64906791699218, 1.931231473632806], [-56.621567916992184, 1.946131473632803], [-56.607867916992184, 1.934531473632802], [-56.598467916992185, 1.936531473632805], [-56.579667916992186, 1.905931473632805], [-56.49556791699219, 1.938131473632801], [-56.482867916992184, 1.954331473632806], [-56.468967916992185, 1.949231473632807], [-56.45126791699219, 1.956331473632801], [-56.42286791699219, 1.945931473632804], [-56.41196791699218, 1.928331473632802], [-56.397067916992185, 1.923231473632804], [-56.35826791699219, 1.941531473632807], [-56.33506791699219, 1.937331473632803], [-56.244067916992186, 1.878331473632805], [-56.23446791699219, 1.8987314736328], [-56.21506791699218, 1.902131473632807], [-56.19526791699219, 1.892231473632805], [-56.17086791699219, 1.900731473632803], [-56.16856791699219, 1.887731473632805], [-56.152667916992186, 1.890931473632804], [-56.11766791699219, 1.851031473632801], [-56.098667916992184, 1.846631473632804], [-56.090167916992186, 1.853931473632805], [-56.07736791699219, 1.845231473632801], [-56.066567916992184, 1.851931473632803], [-56.03666791699219, 1.850231473632803], [-55.99906791699219, 1.831531473632801], [-55.970067916992186, 1.848331473632804], [-55.95646791699218, 1.845231473632801], [-55.93436791699219, 1.871731473632806], [-55.90376791699218, 1.888131473632804], [-55.901967916992184, 1.9079314736328], [-55.920567916992184, 1.919131473632802], [-55.92966791699219, 1.939231473632802], [-55.92246791699219, 1.9505314736328], [-55.93636791699218, 1.986731473632801], [-55.935167916992185, 1.996731473632806], [-55.91386791699219, 1.990731473632806], [-55.90316791699219, 2.041031473632806], [-55.93296791699218, 2.057931473632806], [-55.929167916992185, 2.078631473632804], [-55.94876791699218, 2.091631473632802], [-55.96696791699219, 2.088531473632806], [-55.97556791699218, 2.126131473632803], [-55.99136791699219, 2.131531473632805], [-55.98666791699219, 2.145831473632803], [-55.995767916992186, 2.161331473632806], [-56.03506791699219, 2.168931473632803], [-56.055067916992186, 2.184831473632805], [-56.036167916992184, 2.213731473632805], [-56.042867916992186, 2.2279314736328], [-56.068767916992186, 2.242931473632801], [-56.07736791699219, 2.237531473632806], [-56.087967916992184, 2.250131473632806], [-56.09596791699218, 2.241531473632804], [-56.108967916992185, 2.244831473632807], [-56.138967916992186, 2.265931473632804], [-56.125467916992186, 2.278331473632804], [-56.12806791699219, 2.286731473632805], [-56.11446791699218, 2.298731473632806], [-56.11336791699219, 2.311231473632802], [-56.093767916992185, 2.321331473632803], [-56.090167916992186, 2.372531473632804], [-56.071067916992185, 2.368331473632807], [-56.050567916992186, 2.335131473632806], [-56.029567916992185, 2.332531473632805], [-56.021867916992186, 2.342531473632803], [-56.03996791699218, 2.366231473632801], [-56.01466791699218, 2.399931473632805], [-55.987167916992185, 2.420431473632803], [-55.98576791699219, 2.434131473632803], [-56.011567916992185, 2.452831473632806], [-55.97976791699219, 2.485331473632804], [-55.97786791699218, 2.496531473632807], [-55.99136791699219, 2.502031473632805], [-55.99136791699219, 2.512531473632805], [-55.97056791699218, 2.529431473632805], [-55.92416791699219, 2.530731473632805], [-55.924467916992185, 2.518631473632801], [-55.901567916992185, 2.517231473632805], [-55.880767916992184, 2.489031473632807], [-55.85456791699218, 2.480731473632801], [-55.83576791699218, 2.460831473632801], [-55.776967916992184, 2.460531473632805], [-55.76426791699218, 2.452131473632804], [-55.76746791699219, 2.438131473632801], [-55.74696791699219, 2.410531473632801], [-55.71786791699218, 2.402131473632807], [-55.704667916992186, 2.405731473632805], [-55.698467916992186, 2.421731473632803], [-55.67396791699218, 2.413731473632801], [-55.65726791699218, 2.420731473632806], [-55.63156791699218, 2.417131473632807], [-55.57466791699218, 2.437931473632801], [-55.570667916992186, 2.423731473632806], [-55.52796791699218, 2.428731473632801], [-55.49966791699218, 2.443431473632806], [-55.429367916992184, 2.439131473632806], [-55.38536791699218, 2.418531473632804], [-55.34556791699218, 2.448131473632806], [-55.356167916992185, 2.475731473632806], [-55.32016791699219, 2.515531473632805], [-55.23476791699218, 2.503431473632801], [-55.172767916992186, 2.559531473632802], [-55.12336791699218, 2.567731473632804], [-55.10306791699219, 2.525831473632806], [-55.00376791699219, 2.591131473632807], [-54.95426791699219, 2.583631473632806], [-54.93546791699218, 2.518631473632801], [-54.87216791699218, 2.433931473632803], [-54.79746791699219, 2.439131473632806], [-54.744067916992186, 2.471531473632801], [-54.68486791699219, 2.446931473632802], [-54.69206791699219, 2.361531473632802], [-54.662067916992186, 2.327131473632804], [-54.601667916992184, 2.337231473632805], [-54.43656791699219, 2.209931473632807], [-54.18906791699219, 2.178931473632801], [-53.989967916992185, 2.237531473632806], [-53.973467916992185, 2.233131473632803], [-53.967067916992185, 2.243131473632801], [-53.94236791699218, 2.242531473632802], [-53.935167916992185, 2.297131473632803], [-53.91596791699219, 2.290731473632803], [-53.916367916992186, 2.277331473632806], [-53.907767916992185, 2.274131473632806], [-53.89756791699219, 2.287731473632803], [-53.88926791699218, 2.286331473632806], [-53.88386791699219, 2.3163314736328], [-53.864967916992185, 2.312531473632802], [-53.85946791699219, 2.320131473632806], [-53.84286791699218, 2.308431473632801], [-53.814867916992185, 2.317031473632802], [-53.82056791699219, 2.329731473632805], [-53.83256791699219, 2.328931473632807], [-53.83376791699219, 2.340531473632801], [-53.81456791699219, 2.342531473632803], [-53.810567916992184, 2.357531473632804], [-53.767167916992186, 2.378931473632804], [-53.74156791699218, 2.375131473632806], [-53.75246791699219, 2.364731473632801], [-53.74856791699219, 2.359531473632806], [-53.72336791699219, 2.3529314736328], [-53.748767916992186, 2.312931473632801], [-53.695467916992186, 2.312331473632803], [-53.684767916992186, 2.294631473632805], [-53.66386791699219, 2.305431473632801], [-53.65336791699218, 2.302531473632804], [-53.656267916992185, 2.284531473632804], [-53.614967916992185, 2.278531473632803], [-53.611067916992184, 2.286931473632805], [-53.60116791699218, 2.286031473632804], [-53.58426791699219, 2.268931473632804], [-53.567667916992185, 2.271531473632805], [-53.540867916992184, 2.257331473632803], [-53.520167916992186, 2.266431473632807], [-53.485267916992186, 2.264931473632807], [-53.473067916992186, 2.256731473632804], [-53.458667916992184, 2.261131473632801], [-53.45436791699218, 2.270031473632805], [-53.46846791699218, 2.289531473632806], [-53.440267916992184, 2.280231473632803], [-53.40506791699218, 2.297531473632802], [-53.398967916992184, 2.308331473632805], [-53.367567916992186, 2.320631473632801], [-53.35996791699219, 2.349331473632802], [-53.338167916992184, 2.353731473632806], [-53.333467916992184, 2.344531473632806], [-53.32016791699219, 2.344131473632807], [-53.305867916992185, 2.315531473632802], [-53.282767916992185, 2.309831473632805], [-53.261367916992185, 2.289331473632807], [-53.26206791699218, 2.276531473632801], [-53.23466791699218, 2.275531473632803], [-53.229467916992185, 2.265531473632805], [-53.253267916992186, 2.246531473632807], [-53.260467916992184, 2.251931473632801], [-53.26316791699219, 2.228531473632806], [-53.279767916992185, 2.223331473632804], [-53.28696791699218, 2.196731473632802], [-53.279167916992186, 2.186131473632805], [-53.27586791699218, 2.194131473632801], [-53.26126791699218, 2.189231473632802], [-53.242767916992186, 2.207731473632805], [-53.21546791699218, 2.193931473632801], [-53.09946791699218, 2.214331473632804], [-52.986967916992185, 2.168731473632803], [-52.94196791699218, 2.178731473632801], [-52.933267916992186, 2.194231473632804], [-52.90376791699218, 2.187531473632802], [-52.88606791699219, 2.220131473632804], [-52.88576791699219, 2.238531473632804], [-52.87576791699219, 2.240431473632803], [-52.87186791699219, 2.259531473632805], [-52.853867916992186, 2.265331473632806], [-52.857267916992186, 2.281131473632804], [-52.840967916992184, 2.280931473632805], [-52.840567916992185, 2.290931473632803], [-52.79356791699219, 2.304731473632806], [-52.717667916992184, 2.344331473632806], [-52.70906791699218, 2.358931473632801], [-52.66166791699219, 2.3743314736328], [-52.64566791699218, 2.432931473632806], [-52.636567916992185, 2.444131473632801], [-52.61036791699219, 2.452831473632806], [-52.62086791699218, 2.462131473632802], [-52.619467916992186, 2.473331473632804], [-52.59446791699219, 2.476931473632803], [-52.587967916992184, 2.493731473632806], [-52.55256791699219, 2.520531473632801], [-52.56086791699218, 2.550431473632806], [-52.54826791699219, 2.562031473632807], [-52.53776791699218, 2.558431473632801], [-52.52756791699218, 2.584331473632801], [-52.53196791699219, 2.598831473632806], [-52.54936791699218, 2.612331473632807], [-52.54246791699218, 2.622631473632801], [-52.55516791699219, 2.640031473632803], [-52.54166791699218, 2.653931473632802], [-52.52946791699219, 2.652131473632807], [-52.51766791699218, 2.687531473632802], [-52.482867916992184, 2.744031473632802], [-52.47266791699219, 2.795331473632807], [-52.42216791699218, 2.891131473632804], [-52.40426791699218, 2.900331473632804], [-52.39326791699219, 2.8972314736328], [-52.37766791699218, 2.915731473632803], [-52.39476791699218, 2.9276314736328], [-52.393167916992184, 2.945331473632805], [-52.381667916992185, 2.953931473632807], [-52.36226791699218, 3.015931473632804], [-52.32676791699218, 3.074131473632804], [-52.344867916992186, 3.096331473632802], [-52.339067916992185, 3.120531473632802], [-52.35246791699218, 3.125331473632805], [-52.346967916992185, 3.136431473632804], [-52.331767916992185, 3.137331473632806], [-52.34006791699218, 3.145531473632801], [-52.33076791699219, 3.171131473632805], [-52.30146791699218, 3.173231473632804], [-52.302867916992184, 3.197131473632801], [-52.291767916992185, 3.226531473632804], [-52.26126791699218, 3.252731473632807], [-52.23556791699218, 3.239931473632801], [-52.19056791699219, 3.297731473632801], [-52.18656791699219, 3.320131473632806], [-52.09476791699218, 3.462931473632807], [-52.08936791699219, 3.484931473632805], [-52.071267916992184, 3.504231473632807], [-52.073467916992186, 3.514131473632801], [-52.061267916992186, 3.519331473632803], [-52.020367916992186, 3.591931473632805], [-51.98856791699218, 3.627931473632806], [-51.992967916992185, 3.642731473632807], [-51.971767916992185, 3.705831473632806], [-51.95266791699218, 3.722131473632807], [-51.922567916992186, 3.723331473632804], [-51.91666791699218, 3.746131473632801], [-51.926167916992185, 3.767931473632807], [-51.921067916992186, 3.777731473632805], [-51.896167916992184, 3.7859314736328], [-51.90146791699219, 3.800331473632802], [-51.88906791699219, 3.7951314736328], [-51.873767916992186, 3.803531473632802], [-51.85476791699219, 3.833931473632802], [-51.796867916992184, 3.890031473632803], [-51.78196791699219, 3.922731473632801], [-51.77756791699218, 3.974531473632801], [-51.65596791699218, 4.053931473632801], [-51.634867916992185, 4.176331473632807], [-51.61886791699219, 4.209931473632807], [-51.67686791699219, 4.332731473632805], [-51.679167916992185, 4.366131473632805], [-51.66366791699218, 4.423531473632806], [-51.66926791699218, 4.453931473632807], [-51.66196791699218, 4.470731473632803], [-51.637467916992186, 4.508931473632806], [-51.485867916992184, 4.437331473632803], [-51.33186791699218, 4.304831473632802], [-51.283367916992184, 4.250331473632805], [-51.22266791699219, 4.160731473632801], [-51.18306791699219, 4.054731473632806], [-51.17586791699219, 4.013331473632803], [-51.179367916992184, 3.919531473632802], [-51.12296791699218, 3.9079314736328], [-51.10206791699218, 3.9124314736328], [-51.08296791699219, 3.895031473632805], [-51.091167916992184, 3.738531473632804], [-51.081767916992185, 3.559531473632802], [-51.090967916992184, 3.480531473632801], [-51.10926791699218, 3.450731473632807], [-51.086467916992184, 3.350231473632803], [-51.032767916992185, 3.213731473632805], [-51.04426791699218, 3.134131473632806], [-51.014567916992185, 3.085531473632805], [-51.02126791699219, 3.052331473632805], [-50.998767916992186, 3.011131473632801], [-50.982867916992184, 2.936931473632804], [-50.950767916992184, 2.882731473632802], [-50.953567916992185, 2.837131473632802], [-50.94516791699219, 2.818731473632802], [-50.90896791699218, 2.789531473632806], [-50.90376791699218, 2.757331473632803], [-50.88456791699218, 2.741531473632804], [-50.88216791699219, 2.689231473632802], [-50.859367916992184, 2.663731473632801], [-50.85816791699219, 2.644931473632802], [-50.84766791699219, 2.640331473632806], [-50.84726791699218, 2.592731473632803], [-50.823467916992186, 2.527731473632805], [-50.827067916992185, 2.513931473632802], [-50.79356791699219, 2.497631473632801], [-50.770367916992186, 2.4535314736328], [-50.768467916992186, 2.408731473632805], [-50.747667916992185, 2.356731473632806], [-50.74326791699218, 2.316131473632801], [-50.722367916992184, 2.286531473632806], [-50.72426791699219, 2.245131473632803], [-50.68656791699219, 2.190931473632801], [-50.681067916992184, 2.1335314736328], [-50.64286791699219, 2.1121314736328], [-50.60366791699219, 2.073131473632806], [-50.58256791699219, 1.989731473632801], [-50.55796791699218, 1.955831473632806], [-50.525467916992184, 1.929831473632802], [-50.50736791699218, 1.884531473632805], [-50.474967916992185, 1.838731473632805], [-50.44486791699218, 1.815131473632803], [-50.40036791699218, 1.800331473632802], [-50.32456791699218, 1.815531473632802], [-50.28956791699218, 1.807931473632806], [-50.15976791699218, 1.811731473632804], [-50.01896791699218, 1.753131473632806], [-49.942667916992185, 1.709931473632807], [-49.920567916992184, 1.687931473632801], [-49.90016791699219, 1.602431473632805], [-49.89436791699218, 1.533331473632806], [-49.881667916992185, 1.500131473632806], [-49.87556791699218, 1.430431473632801], [-49.883567916992185, 1.340131473632802], [-49.90426791699218, 1.295731473632806], [-49.89756791699219, 1.191731473632807], [-49.882967916992186, 1.169131473632802], [-49.887467916992186, 1.022931473632802], [-49.94406791699218, 0.959431473632804], [-49.98896791699218, 0.939231473632802], [-50.00246791699219, 0.906531473632803], [-49.98746791699219, 0.876731473632802], [-50.020167916992186, 0.858931473632801], [-50.09726791699218, 0.767131473632801], [-50.15336791699218, 0.749831473632803], [-50.16606791699218, 0.754531473632802], [-50.21156791699218, 0.746231473632804], [-50.231167916992185, 0.730331473632802], [-50.22266791699219, 0.678331473632802], [-50.203967916992184, 0.648031473632805], [-50.13346791699219, 0.619731473632804], [-50.104267916992185, 0.6395314736328], [-50.07246791699218, 0.635931473632802], [-50.04586791699219, 0.613931473632803], [-50.029167916992186, 0.578131473632801], [-50.036167916992184, 0.535131473632802], [-50.07736791699219, 0.463531473632806], [-50.172767916992186, 0.397731473632803], [-50.174667916992185, 0.347931473632805], [-50.131667916992185, 0.330731473632802], [-50.09836791699219, 0.344531473632806], [-50.00246791699219, 0.337531473632801], [-49.98616791699219, 0.342731473632803], [-49.980567916992186, 0.360431473632801], [-49.94596791699219, 0.365931473632806], [-49.925767916992186, 0.360331473632804], [-49.90976791699218, 0.344931473632805], [-49.92086791699219, 0.324931473632802], [-49.914167916992184, 0.319731473632807], [-49.88926791699218, 0.3225314736328], [-49.822167916992186, 0.356331473632807], [-49.807767916992184, 0.332131473632806], [-49.77816791699219, 0.341331473632806], [-49.73106791699219, 0.375331473632805], [-49.65696791699219, 0.393931473632804], [-49.61806791699219, 0.392131473632801], [-49.58186791699218, 0.418731473632803], [-49.547767916992186, 0.390031473632803], [-49.511567916992185, 0.377731473632807], [-49.48936791699219, 0.343031473632806], [-49.49496791699218, 0.318731473632802], [-49.529167916992186, 0.291731473632801], [-49.583667916992184, 0.272531473632803], [-49.63326791699218, 0.241231473632801], [-49.64486791699218, 0.216131473632807], [-49.692667916992185, 0.178131473632803], [-49.69956791699218, 0.150531473632803], [-49.67476791699218, 0.106831473632802], [-49.63216791699219, 0.074931473632802], [-49.57566791699219, 0.090531473632801], [-49.48006791699218, 0.081331473632801], [-49.39566791699218, 0.061731473632804], [-49.37486791699219, 0.044531473632802], [-49.366067916992186, 0.029431473632805], [-49.36936791699219, 0.018131473632806], [-49.35866791699219, 0.009131473632806], [-49.35696791699219, -0.022568526367195], [-49.37556791699218, -0.033368526367198], [-49.389967916992184, -0.058768526367196], [-49.41746791699218, -0.068468526367198], [-49.431567916992186, -0.088168526367198], [-49.438567916992184, -0.126368526367195], [-49.421467916992185, -0.168968526367195], [-49.394067916992185, -0.190868526367197], [-49.37956791699219, -0.191068526367197], [-49.32736791699219, -0.158068526367195], [-49.246567916992184, -0.164968526367197], [-49.199267916992184, -0.133068526367197], [-49.17686791699219, -0.138768526367194], [-49.16896791699219, -0.129068526367199], [-49.15656791699219, -0.156468526367199], [-49.12966791699219, -0.171068526367193], [-49.113267916992186, -0.160568526367193], [-49.03846791699219, -0.168868526367199], [-49.013467916992184, -0.159868526367198], [-48.99796791699218, -0.185268526367196], [-48.94406791699218, -0.223668526367199], [-48.916767916992185, -0.229968526367195], [-48.902667916992186, -0.222368526367198], [-48.833267916992185, -0.222268526367195], [-48.80946791699219, -0.215068526367197], [-48.74366791699218, -0.249868526367194], [-48.71486791699218, -0.251668526367197], [-48.63456791699218, -0.231668526367194], [-48.50416791699219, -0.242268526367198], [-48.485867916992184, -0.232068526367193], [-48.42756791699219, -0.227568526367193], [-48.396167916992184, -0.252668526367195], [-48.37446791699219, -0.299668526367199], [-48.38816791699219, -0.352568526367193], [-48.44106791699218, -0.412068526367193], [-48.45126791699219, -0.433868526367199], [-48.47056791699218, -0.507968526367193], [-48.47726791699219, -0.580168526367196], [-48.47056791699218, -0.613368526367196], [-48.48646791699218, -0.725968526367197], [-48.51206791699218, -0.759968526367196], [-48.50096791699218, -0.828968526367198], [-48.474567916992186, -0.873868526367197], [-48.36576791699218, -0.918868526367199], [-48.293667916992185, -0.919668526367197], [-48.28096791699218, -0.913068526367198], [-48.25136791699218, -0.877768526367198], [-48.229467916992185, -0.827868526367197], [-48.16926791699218, -0.814368526367197], [-48.158367916992184, -0.774068526367195], [-48.05296791699219, -0.660368526367193], [-48.02646791699219, -0.668068526367193], [-48.02066791699218, -0.685768526367198], [-47.988267916992186, -0.694168526367193], [-47.97556791699218, -0.686368526367197], [-47.96376791699218, -0.669568526367193], [-47.960667916992186, -0.6363685263672], [-47.91746791699218, -0.623268526367198], [-47.91946791699219, -0.602068526367198], [-47.90806791699218, -0.600368526367198], [-47.91666791699218, -0.566268526367196], [-47.90036791699218, -0.558368526367197], [-47.863667916992185, -0.564168526367197], [-47.85886791699218, -0.588768526367197], [-47.84836791699219, -0.588368526367198], [-47.84596791699219, -0.625168526367197], [-47.86616791699218, -0.666668526367197], [-47.838167916992184, -0.681868526367197], [-47.82056791699218, -0.636068526367197], [-47.83016791699219, -0.613368526367196], [-47.814867916992185, -0.558368526367197], [-47.79636791699218, -0.563268526367196], [-47.807167916992185, -0.587968526367199], [-47.77756791699218, -0.581768526367199], [-47.77216791699219, -0.606368526367199], [-47.75936791699218, -0.609968526367197], [-47.77046791699218, -0.563368526367199], [-47.74326791699219, -0.566268526367196], [-47.754067916992184, -0.543168526367197], [-47.703767916992184, -0.534768526367195], [-47.70266791699218, -0.554068526367196], [-47.69046791699218, -0.554468526367195], [-47.700767916992184, -0.596268526367197], [-47.67086791699219, -0.575168526367193], [-47.65076791699219, -0.582668526367193], [-47.632967916992186, -0.601668526367199], [-47.63776791699218, -0.613368526367196], [-47.63026791699218, -0.625568526367196], [-47.64096791699218, -0.6530685263672], [-47.63386791699219, -0.662468526367199], [-47.64476791699219, -0.684368526367194], [-47.631267916992186, -0.692368526367197], [-47.630567916992185, -0.706768526367199], [-47.607867916992184, -0.697668526367195], [-47.61056791699219, -0.686268526367193], [-47.58676791699219, -0.637368526367197], [-47.58786791699219, -0.576768526367196], [-47.56266791699218, -0.582868526367193], [-47.53526791699218, -0.609368526367199], [-47.53996791699218, -0.639068526367197], [-47.52256791699219, -0.646768526367197], [-47.495767916992186, -0.721668526367196], [-47.480567916992186, -0.738668526367199], [-47.473867916992184, -0.735668526367199], [-47.469867916992186, -0.693768526367194], [-47.47846791699219, -0.656268526367199], [-47.47316791699218, -0.629968526367193], [-47.48466791699219, -0.619068526367194], [-47.472867916992186, -0.593468526367197], [-47.44236791699218, -0.5845685263672], [-47.41456791699218, -0.591968526367197], [-47.41176791699218, -0.6042685263672], [-47.430467916992185, -0.639668526367196], [-47.426567916992184, -0.655868526367193], [-47.419767916992186, -0.639868526367195], [-47.404167916992186, -0.655068526367195], [-47.39486791699218, -0.652968526367196], [-47.388467916992184, -0.628068526367194], [-47.36766791699218, -0.6271685263672], [-47.384867916992185, -0.612868526367194], [-47.384867916992185, -0.603068526367196], [-47.36726791699218, -0.600968526367197], [-47.35396791699218, -0.612868526367194], [-47.347367916992184, -0.609968526367197], [-47.354467916992185, -0.602368526367194], [-47.320467916992186, -0.591268526367195], [-47.286167916992184, -0.603568526367198], [-47.29276791699218, -0.644768526367194], [-47.28056791699218, -0.638468526367198], [-47.26126791699218, -0.650668526367198], [-47.25156791699219, -0.644268526367199], [-47.260467916992184, -0.630168526367193], [-47.25526791699218, -0.623668526367197], [-47.21976791699218, -0.632368526367195], [-47.204867916992185, -0.650368526367195], [-47.21226791699218, -0.685768526367198], [-47.205467916992184, -0.697768526367199], [-47.173367916992184, -0.673568526367198], [-47.16646791699218, -0.726768526367195], [-47.178067916992184, -0.746868526367194], [-47.165867916992184, -0.765368526367197], [-47.15596791699218, -0.742968526367193], [-47.13796791699219, -0.733568526367193], [-47.128467916992186, -0.713368526367198], [-47.13906791699218, -0.699268526367199], [-47.124167916992185, -0.693768526367194], [-47.12956791699219, -0.682168526367199], [-47.12186791699219, -0.676368526367199], [-47.09296791699219, -0.673268526367195], [-47.074967916992186, -0.695168526367198], [-47.074967916992186, -0.708968526367194], [-47.090567916992185, -0.717268526367199], [-47.09896791699219, -0.751668526367197], [-47.081767916992185, -0.754068526367199], [-47.07756791699219, -0.7827685263672], [-47.067667916992185, -0.774068526367195], [-47.055867916992185, -0.797268526367198], [-47.03666791699219, -0.793068526367193], [-47.03006791699219, -0.766368526367195], [-47.01536791699218, -0.758768526367199], [-47.013967916992186, -0.770668526367196], [-47.00486791699218, -0.764868526367195], [-46.98896791699219, -0.723668526367199], [-46.99366791699219, -0.714568526367195], [-46.974967916992185, -0.704268526367194], [-46.96006791699219, -0.709668526367196], [-46.94686791699218, -0.7339685263672], [-46.969167916992184, -0.766768526367194], [-46.94196791699218, -0.807968526367198], [-46.93996791699219, -0.869368526367197], [-46.91606791699218, -0.852368526367194], [-46.91276791699219, -0.821068526367199], [-46.88416791699218, -0.808368526367197], [-46.88416791699218, -0.768968526367196], [-46.864067916992184, -0.760268526367199], [-46.87106791699218, -0.749668526367195], [-46.853167916992184, -0.739668526367197], [-46.83186791699219, -0.754568526367194], [-46.824267916992184, -0.7887685263672], [-46.83896791699218, -0.792168526367199], [-46.82486791699218, -0.804368526367199], [-46.84346791699218, -0.818768526367194], [-46.83076791699219, -0.842868526367198], [-46.80616791699219, -0.826268526367194], [-46.80936791699219, -0.859968526367197], [-46.80086791699218, -0.872268526367193], [-46.78806791699218, -0.866668526367199], [-46.780867916992186, -0.845368526367196], [-46.76686791699218, -0.839768526367195], [-46.75906791699219, -0.798568526367198], [-46.73616791699219, -0.831268526367197], [-46.735267916992186, -0.860368526367196], [-46.72486791699219, -0.866568526367196], [-46.717667916992184, -0.863268526367193], [-46.71546791699218, -0.843068526367198], [-46.696267916992184, -0.834068526367197], [-46.67006791699219, -0.849168526367194], [-46.677267916992186, -0.824268526367199], [-46.66316791699219, -0.812468526367198], [-46.678067916992184, -0.793968526367195], [-46.64156791699219, -0.793868526367199], [-46.630167916992185, -0.814568526367196], [-46.632067916992185, -0.803268526367198], [-46.62216791699218, -0.8039685263672], [-46.59556791699219, -0.850568526367198], [-46.615567916992184, -0.858668526367197], [-46.64176791699219, -0.910068526367198], [-46.62556791699218, -0.922168526367194], [-46.641067916992185, -0.948468526367193], [-46.63706791699219, -0.969468526367194], [-46.62046791699218, -0.946368526367195], [-46.603167916992184, -0.940468526367198], [-46.60666791699219, -0.956568526367199], [-46.578167916992186, -0.981368526367199], [-46.55576791699219, -0.917068526367196], [-46.54056791699219, -0.906268526367199], [-46.53286791699219, -0.908968526367197], [-46.538367916992186, -0.938768526367198], [-46.53266791699218, -0.953568526367199], [-46.50566791699219, -0.898168526367193], [-46.514567916992185, -0.885668526367198], [-46.49886791699218, -0.873368526367194], [-46.46626791699219, -0.892468526367196], [-46.45986791699219, -0.882368526367195], [-46.46796791699219, -0.873368526367194], [-46.42286791699218, -0.866868526367199], [-46.41006791699218, -0.886768526367199], [-46.44466791699219, -0.910268526367197], [-46.45906791699218, -0.904868526367196], [-46.46036791699218, -0.913168526367194], [-46.48026791699218, -0.923068526367196], [-46.462967916992184, -0.935768526367198], [-46.46396791699218, -0.9473685263672], [-46.49326791699219, -0.970368526367196], [-46.469867916992186, -0.981368526367199], [-46.46626791699219, -1.006668526367193], [-46.475867916992186, -1.016368526367195], [-46.46546791699218, -1.026468526367196], [-46.428967916992185, -1.023968526367199], [-46.416767916992185, -1.001968526367193], [-46.40396791699219, -0.996868526367194], [-46.396167916992184, -0.997268526367193], [-46.382467916992184, -1.025868526367198], [-46.37196791699218, -1.0280685263672], [-46.36436791699219, -1.012068526367194], [-46.34726791699219, -1.007668526367198], [-46.335667916992186, -1.0250685263672], [-46.32246791699219, -1.024868526367193], [-46.28846791699218, -1.000568526367196], [-46.28736791699219, -0.981668526367194], [-46.26976791699219, -0.968968526367199], [-46.26406791699218, -0.912768526367195], [-46.20346791699218, -0.884968526367196], [-46.179367916992184, -0.914168526367199], [-46.17606791699219, -0.946268526367199], [-46.189867916992185, -0.948568526367197], [-46.22166791699218, -0.985368526367196], [-46.20456791699218, -1.057168526367199], [-46.23946791699218, -1.099968526367199], [-46.218767916992185, -1.099568526367193], [-46.19046791699218, -1.076068526367195], [-46.176167916992185, -1.000468526367193], [-46.159867916992184, -1.005968526367198], [-46.150467916992184, -1.041668526367197], [-46.15376791699219, -1.060468526367195], [-46.17006791699219, -1.073968526367196], [-46.164167916992184, -1.0890685263672], [-46.15226791699219, -1.087968526367199], [-46.14396791699218, -1.063068526367196], [-46.123767916992186, -1.040968526367195], [-46.10966791699219, -1.039568526367198], [-46.094867916992186, -1.021068526367195], [-46.08036791699219, -1.022868526367198], [-46.07206791699218, -1.044268526367198], [-46.09366791699218, -1.056868526367197], [-46.081567916992185, -1.059368526367194], [-46.06136791699218, -1.100968526367197], [-46.08706791699218, -1.134368526367197], [-46.087567916992185, -1.158368526367198], [-46.10396791699218, -1.202068526367199], [-46.077067916992185, -1.196268526367199], [-46.074967916992186, -1.160968526367199], [-46.06886791699218, -1.151168526367194], [-46.06696791699218, -1.160568526367193], [-46.057567916992184, -1.132368526367195], [-46.03926791699219, -1.173368526367199], [-46.046067916992186, -1.121068526367196], [-46.02066791699219, -1.083268526367199], [-46.00296791699218, -1.076068526367195], [-45.994067916992186, -1.052568526367196], [-45.97706791699218, -1.0494685263672], [-45.96486791699218, -1.060468526367195], [-45.98326791699218, -1.065568526367194], [-45.968167916992186, -1.088268526367195], [-45.982867916992184, -1.111368526367194], [-45.961467916992184, -1.112468526367195], [-45.964467916992184, -1.138168526367195], [-45.951867916992185, -1.143668526367193], [-45.957167916992184, -1.195968526367196], [-45.94826791699219, -1.202668526367198], [-45.896167916992184, -1.115268526367196], [-45.88606791699218, -1.080968526367194], [-45.87106791699218, -1.072168526367193], [-45.87596791699219, -1.067668526367193], [-45.86466791699218, -1.0494685263672], [-45.85496791699219, -1.051968526367197], [-45.843767916992185, -1.075668526367195], [-45.849767916992185, -1.100668526367194], [-45.86446791699218, -1.108568526367193], [-45.86546791699219, -1.130968526367198], [-45.89956791699218, -1.149768526367197], [-45.91126791699219, -1.165668526367199], [-45.90086791699218, -1.168168526367197], [-45.88236791699219, -1.149068526367195], [-45.87166791699219, -1.152968526367196], [-45.88326791699218, -1.176568526367198], [-45.86976791699219, -1.171368526367196], [-45.874367916992185, -1.191868526367195], [-45.86296791699218, -1.181368526367194], [-45.86826791699219, -1.203868526367195], [-45.86056791699219, -1.213468526367194], [-45.82566791699219, -1.2018685263672], [-45.828967916992184, -1.176868526367194], [-45.802267916992186, -1.161768526367197], [-45.79896791699218, -1.180468526367193], [-45.76786791699219, -1.198468526367193], [-45.720267916992185, -1.110768526367195], [-45.690967916992186, -1.146568526367197], [-45.73256791699219, -1.200668526367195], [-45.737167916992185, -1.222868526367193], [-45.71946791699219, -1.256368526367197], [-45.690967916992186, -1.273668526367196], [-45.64786791699218, -1.236368526367194], [-45.646167916992184, -1.195768526367196], [-45.62796791699218, -1.124968526367198], [-45.61356791699219, -1.162868526367198], [-45.61866791699219, -1.180868526367199], [-45.636367916992185, -1.192468526367193], [-45.643167916992184, -1.2217685263672], [-45.63346791699219, -1.246568526367199], [-45.641467916992184, -1.269268526367199], [-45.63736791699218, -1.280568526367198], [-45.628867916992185, -1.283768526367197], [-45.591667916992186, -1.268268526367194], [-45.58506791699219, -1.275768526367195], [-45.59836791699219, -1.298568526367198], [-45.592067916992185, -1.3024685263672], [-45.54936791699218, -1.276768526367199], [-45.54526791699219, -1.300768526367193], [-45.53196791699219, -1.309068526367199], [-45.52006791699218, -1.301068526367196], [-45.51536791699218, -1.306968526367193], [-45.52646791699218, -1.357568526367196], [-45.51276791699218, -1.377968526367198], [-45.504067916992184, -1.376368526367195], [-45.499367916992185, -1.350968526367197], [-45.479267916992185, -1.337868526367195], [-45.47596791699218, -1.325468526367196], [-45.44966791699218, -1.315168526367195], [-45.447167916992186, -1.3101685263672], [-45.461267916992185, -1.3039685263672], [-45.45646791699218, -1.296968526367195], [-45.41946791699218, -1.2949685263672], [-45.40846791699219, -1.305868526367199], [-45.408367916992184, -1.328868526367195], [-45.42076791699218, -1.351668526367199], [-45.474967916992185, -1.373368526367194], [-45.487167916992185, -1.442068526367194], [-45.480567916992186, -1.453768526367199], [-45.488667916992185, -1.470568526367195], [-45.48166791699219, -1.478868526367194], [-45.462367916992186, -1.474468526367197], [-45.45686791699219, -1.455668526367198], [-45.424467916992185, -1.419268526367198], [-45.407367916992186, -1.421768526367195], [-45.371567916992184, -1.396068526367195], [-45.37856791699218, -1.390668526367193], [-45.37086791699218, -1.380668526367195], [-45.375867916992185, -1.366368526367197], [-45.36296791699218, -1.360668526367199], [-45.35666791699219, -1.346668526367196], [-45.34536791699219, -1.347568526367198], [-45.364967916992185, -1.328568526367199], [-45.36116791699219, -1.318068526367199], [-45.342667916992184, -1.313568526367199], [-45.30616791699219, -1.335068526367195], [-45.31326791699219, -1.377368526367199], [-45.299667916992185, -1.398368526367193], [-45.299467916992185, -1.435568526367199], [-45.38816791699219, -1.472268526367195], [-45.38176791699218, -1.478868526367194], [-45.356167916992185, -1.4717685263672], [-45.330967916992186, -1.4792685263672], [-45.308267916992186, -1.497968526367195], [-45.319567916992185, -1.557168526367199], [-45.33466791699219, -1.565168526367195], [-45.343367916992186, -1.586768526367194], [-45.33786791699219, -1.593668526367196], [-45.260967916992186, -1.595968526367194], [-45.23106791699219, -1.547168526367194], [-45.212967916992184, -1.531768526367195], [-45.19676791699219, -1.488268526367193], [-45.173567916992184, -1.494168526367197], [-45.153667916992184, -1.470868526367198], [-45.131667916992185, -1.4839685263672], [-45.102367916992186, -1.471968526367199], [-45.095867916992184, -1.455968526367194], [-45.07906791699219, -1.460368526367198], [-45.069567916992185, -1.480168526367194], [-45.04616791699218, -1.490768526367198], [-45.006667916992185, -1.486168526367194], [-44.99006791699219, -1.511068526367197], [-45.007067916992185, -1.520768526367199], [-45.00776791699219, -1.529868526367196], [-44.970667916992184, -1.529468526367197], [-44.96116791699219, -1.543368526367196], [-44.96286791699219, -1.557168526367199], [-44.953567916992185, -1.5601685263672], [-44.94816791699218, -1.538368526367194], [-44.972367916992184, -1.503468526367193], [-44.96926791699219, -1.478368526367198], [-44.95816791699219, -1.474468526367197], [-44.94936791699219, -1.482868526367199], [-44.953567916992185, -1.491168526367197], [-44.93906791699219, -1.490468526367195], [-44.920367916992184, -1.462968526367199], [-44.887467916992186, -1.442368526367197], [-44.88306791699218, -1.419168526367194], [-44.860067916992186, -1.411368526367198], [-44.845867916992184, -1.416168526367194], [-44.83036791699219, -1.433268526367193], [-44.84346791699218, -1.487868526367194], [-44.88346791699219, -1.4777685263672], [-44.872667916992185, -1.487968526367197], [-44.89456791699219, -1.512468526367194], [-44.89546791699218, -1.531968526367194], [-44.91746791699219, -1.539868526367194], [-44.90846791699219, -1.601968526367195], [-44.87126791699219, -1.601968526367195], [-44.85566791699218, -1.618268526367196], [-44.839467916992184, -1.598468526367199], [-44.83546791699219, -1.573568526367197], [-44.802867916992184, -1.589268526367199], [-44.778067916992185, -1.577668526367198], [-44.770367916992186, -1.561868526367199], [-44.76276791699218, -1.594068526367195], [-44.72336791699219, -1.556668526367197], [-44.707867916992186, -1.551868526367194], [-44.70756791699218, -1.581268526367197], [-44.69526791699219, -1.580768526367194], [-44.68246791699219, -1.565968526367193], [-44.65706791699218, -1.587668526367196], [-44.636367916992185, -1.617268526367198], [-44.66126791699219, -1.662068526367193], [-44.677467916992185, -1.642168526367193], [-44.74686791699219, -1.651268526367197], [-44.753867916992185, -1.668368526367196], [-44.798367916992184, -1.702968526367194], [-44.781667916992184, -1.712868526367195], [-44.76676791699219, -1.703468526367196], [-44.738667916992185, -1.7217685263672], [-44.71266791699219, -1.714768526367195], [-44.70026791699218, -1.7277685263672], [-44.704667916992186, -1.739368526367194], [-44.75806791699218, -1.782368526367193], [-44.75456791699219, -1.789468526367195], [-44.723067916992186, -1.780868526367193], [-44.71376791699218, -1.789568526367198], [-44.702967916992186, -1.769668526367198], [-44.654767916992185, -1.770068526367197], [-44.64676791699218, -1.763568526367195], [-44.65846791699219, -1.720968526367194], [-44.65236791699218, -1.715468526367196], [-44.60136791699219, -1.739668526367197], [-44.599967916992185, -1.747968526367195], [-44.61716791699219, -1.759968526367196], [-44.573467916992186, -1.776268526367197], [-44.590167916992186, -1.781568526367195], [-44.56456791699218, -1.802568526367196], [-44.56386791699219, -1.835468526367194], [-44.55186791699219, -1.837868526367195], [-44.544767916992186, -1.820468526367193], [-44.53476791699219, -1.822068526367197], [-44.553567916992186, -1.883868526367195], [-44.547767916992186, -1.891068526367199], [-44.52906791699218, -1.879068526367199], [-44.514967916992184, -1.884968526367196], [-44.48946791699218, -1.954368526367197], [-44.493567916992184, -1.962968526367199], [-44.510967916992186, -1.958268526367199], [-44.48276791699219, -1.986068526367198], [-44.50936791699218, -2.009968526367196], [-44.53516791699219, -2.019368526367195], [-44.56626791699218, -2.016068526367199], [-44.57906791699219, -2.029068526367197], [-44.564667916992185, -2.0220685263672], [-44.518467916992186, -2.034568526367195], [-44.502167916992185, -2.023768526367199], [-44.486067916992184, -2.040968526367195], [-44.53376791699218, -2.084068526367197], [-44.553567916992186, -2.091168526367198], [-44.56776791699218, -2.126368526367195], [-44.588667916992186, -2.135768526367194], [-44.57996791699218, -2.143968526367196], [-44.601667916992184, -2.189968526367196], [-44.635467916992184, -2.2292685263672], [-44.68486791699218, -2.257768526367194], [-44.67796791699219, -2.280868526367193], [-44.64756791699219, -2.295868526367194], [-44.627167916992185, -2.2902685263672], [-44.623267916992184, -2.267668526367196], [-44.54426791699218, -2.195168526367198], [-44.52646791699218, -2.157668526367196], [-44.46396791699218, -2.145468526367196], [-44.43336791699218, -2.166368526367194], [-44.39946791699219, -2.213668526367194], [-44.384867916992185, -2.267568526367199], [-44.38966791699219, -2.2750685263672], [-44.37556791699218, -2.284468526367199], [-44.357867916992184, -2.338768526367197], [-44.37916791699219, -2.356168526367199], [-44.372267916992186, -2.377968526367198], [-44.387667916992186, -2.408368526367198], [-44.40556791699218, -2.4167685263672], [-44.40866791699219, -2.409468526367199], [-44.47916791699218, -2.411768526367197], [-44.49836791699219, -2.425868526367196], [-44.49716791699218, -2.434468526367198], [-44.473067916992186, -2.428068526367198], [-44.45176791699218, -2.437668526367197], [-44.44296791699219, -2.456768526367199], [-44.46046791699219, -2.479768526367195], [-44.47556791699218, -2.484368526367199], [-44.489767916992186, -2.520468526367196], [-44.50996791699219, -2.5342685263672], [-44.53416791699218, -2.527068526367195], [-44.55766791699219, -2.604968526367195], [-44.58536791699218, -2.658068526367195], [-44.607867916992184, -2.690268526367198], [-44.626067916992184, -2.702168526367196], [-44.62406791699218, -2.739768526367193], [-44.65146791699218, -2.806868526367197], [-44.63276791699219, -2.856068526367196], [-44.64846791699218, -2.888468526367198], [-44.67756791699219, -2.913168526367194], [-44.679367916992184, -2.978868526367194], [-44.666367916992186, -3.009968526367196], [-44.591167916992184, -3.041968526367199], [-44.532367916992186, -3.043968526367195], [-44.496567916992184, -3.027668526367194], [-44.453567916992185, -2.987268526367195], [-44.42476791699219, -2.943868526367197], [-44.407367916992186, -2.895768526367199], [-44.409267916992185, -2.793868526367199], [-44.38646791699219, -2.7491685263672], [-44.391067916992185, -2.720568526367195], [-44.35496791699219, -2.602068526367198], [-44.377367916992185, -2.565268526367198], [-44.358967916992185, -2.555468526367193], [-44.348067916992186, -2.527268526367195], [-44.32176791699219, -2.527568526367197], [-44.317667916992185, -2.539568526367198], [-44.310167916992185, -2.539568526367198], [-44.30726791699219, -2.516368526367195], [-44.31966791699219, -2.502468526367196], [-44.30366791699218, -2.487568526367198], [-44.22596791699218, -2.476968526367195], [-44.17386791699219, -2.458268526367199], [-44.150467916992184, -2.433568526367196], [-44.09456791699218, -2.406568526367195], [-44.031267916992185, -2.406968526367194], [-44.023367916992186, -2.4473685263672], [-44.044567916992186, -2.452868526367197], [-44.052467916992185, -2.469468526367194], [-44.023767916992185, -2.509068526367194], [-44.03696791699218, -2.556868526367197], [-44.07266791699219, -2.560268526367196], [-44.093367916992186, -2.576068526367195], [-44.105567916992186, -2.628568526367197], [-44.13276791699219, -2.658668526367194], [-44.13876791699219, -2.681568526367194], [-44.165867916992184, -2.699568526367194], [-44.193467916992184, -2.704668526367193], [-44.21676791699218, -2.723068526367193], [-44.24906791699218, -2.729968526367195], [-44.26576791699218, -2.759168526367198], [-44.26076791699219, -2.774768526367197], [-44.24386791699219, -2.780568526367198], [-44.190267916992184, -2.764568526367199], [-44.13236791699219, -2.765368526367197], [-44.11136791699219, -2.747768526367196], [-44.089267916992185, -2.751268526367198], [-44.055067916992186, -2.711968526367194], [-44.02256791699219, -2.652568526367197], [-43.95686791699219, -2.621568526367199], [-43.930267916992186, -2.560868526367194], [-43.89476791699219, -2.556868526367197], [-43.89186791699218, -2.537068526367193], [-43.875467916992186, -2.517668526367196], [-43.85006791699219, -2.509968526367196], [-43.84256791699219, -2.452368526367195], [-43.831767916992185, -2.440468526367198], [-43.83686791699218, -2.415568526367196], [-43.80256791699219, -2.390768526367197], [-43.79336791699218, -2.395068526367197], [-43.80936791699219, -2.436968526367195], [-43.79886791699219, -2.439568526367196], [-43.761767916992184, -2.418868526367199], [-43.72596791699218, -2.383568526367199], [-43.72506791699219, -2.367968526367193], [-43.738667916992185, -2.3512685263672], [-43.721767916992185, -2.322068526367197], [-43.720267916992185, -2.291368526367194], [-43.62706791699218, -2.251268526367198], [-43.603167916992184, -2.258768526367199], [-43.59366791699218, -2.285968526367199], [-43.62296791699219, -2.302168526367197], [-43.62876791699218, -2.357768526367195], [-43.64566791699219, -2.4030685263672], [-43.685167916992185, -2.397568526367195], [-43.70926791699218, -2.426168526367199], [-43.732067916992186, -2.425468526367197], [-43.76106791699218, -2.466568526367197], [-43.77606791699218, -2.473368526367196], [-43.76576791699218, -2.494668526367199], [-43.747467916992186, -2.493668526367195], [-43.73386791699218, -2.479968526367195], [-43.71626791699219, -2.476168526367196], [-43.70906791699218, -2.487168526367199], [-43.695667916992186, -2.484668526367194], [-43.70286791699218, -2.509668526367193], [-43.68996791699219, -2.519868526367198], [-43.650467916992184, -2.482168526367197], [-43.64846791699218, -2.495168526367195], [-43.62186791699219, -2.510168526367195], [-43.580667916992184, -2.458568526367195], [-43.57016791699218, -2.472568526367198], [-43.59836791699219, -2.502068526367196], [-43.57956791699218, -2.506568526367197], [-43.55806791699219, -2.479768526367195], [-43.55326791699218, -2.444168526367193], [-43.52876791699219, -2.418868526367199], [-43.51576791699218, -2.425268526367198], [-43.51146791699219, -2.440768526367194], [-43.520367916992186, -2.457568526367197], [-43.50906791699219, -2.475568526367198], [-43.461467916992184, -2.486868526367196], [-43.45216791699219, -2.443268526367198], [-43.483567916992186, -2.384368526367197], [-43.47846791699219, -2.366868526367199], [-43.440267916992184, -2.341968526367197], [-43.40396791699219, -2.335468526367194], [-43.385967916992186, -2.344568526367198], [-43.31026791699219, -2.338968526367196], [-43.200767916992184, -2.372968526367195], [-42.964267916992185, -2.474868526367196], [-42.82526791699218, -2.544668526367197], [-42.76386791699218, -2.545368526367199], [-42.749367916992185, -2.5601685263672], [-42.721367916992186, -2.556668526367197], [-42.58726791699218, -2.668968526367195], [-42.56196791699219, -2.678568526367194], [-42.504067916992184, -2.678568526367194], [-42.494067916992186, -2.703568526367199], [-42.47596791699218, -2.699668526367198], [-42.421467916992185, -2.713968526367196], [-42.36466791699218, -2.715468526367196], [-42.36136791699219, -2.7292685263672], [-42.339267916992185, -2.748768526367193], [-42.26486791699219, -2.757068526367199], [-42.25266791699219, -2.738068526367194], [-42.26236791699218, -2.728868526367194], [-42.25716791699219, -2.676068526367196], [-42.229467916992185, -2.696368526367195], [-42.21176791699219, -2.686968526367195], [-42.12876791699218, -2.695168526367198], [-42.069167916992185, -2.687668526367197], [-42.03156791699219, -2.739068526367198], [-42.016467916992184, -2.736468526367197], [-42.01686791699218, -2.712868526367195], [-41.98726791699219, -2.722768526367197], [-41.91066791699218, -2.718768526367199], [-41.811867916992185, -2.728368526367198], [-41.80446791699219, -2.735668526367199], [-41.824967916992186, -2.747368526367197], [-41.825967916992184, -2.757368526367195], [-41.793867916992184, -2.750168526367197], [-41.75136791699219, -2.800568526367194], [-41.72706791699218, -2.805268526367193], [-41.62876791699218, -2.886768526367199], [-41.58686791699218, -2.905968526367197], [-41.558267916992186, -2.897668526367198], [-41.51106791699218, -2.911668526367194], [-41.47896791699218, -2.895968526367199], [-41.42396791699218, -2.909468526367199], [-41.39906791699219, -2.904468526367197], [-41.34126791699219, -2.926868526367194], [-41.26296791699219, -2.884068526367194], [-41.128867916992185, -2.892568526367199], [-41.11656791699218, -2.885468526367198], [-41.10416791699218, -2.898668526367196], [-41.10816791699219, -2.890768526367197], [-41.010267916992184, -2.891468526367198], [-40.966167916992184, -2.881668526367193], [-40.95576791699219, -2.872468526367193], [-40.915267916992185, -2.873068526367199], [-40.905867916992186, -2.859768526367198], [-40.863267916992186, -2.857168526367197], [-40.845067916992186, -2.8848685263672], [-40.80216791699218, -2.872768526367196], [-40.760967916992186, -2.849168526367194], [-40.690767916992186, -2.851168526367196], [-40.67026791699219, -2.843668526367196], [-40.644267916992185, -2.849168526367194], [-40.612167916992185, -2.841268526367195], [-40.60056791699218, -2.848368526367196], [-40.59286791699218, -2.845968526367194], [-40.59596791699219, -2.839868526367198], [-40.537067916992186, -2.819368526367199], [-40.52006791699218, -2.792468526367195], [-40.500867916992185, -2.784768526367195], [-40.42826791699218, -2.811168526367197], [-40.20106791699219, -2.810868526367194], [-40.18486791699218, -2.812168526367195], [-40.14486791699218, -2.839768526367195], [-40.126267916992184, -2.823768526367196], [-40.075967916992184, -2.840068526367197], [-40.05916791699219, -2.834368526367193], [-39.98746791699219, -2.841968526367197], [-39.91926791699218, -2.876668526367197], [-39.89626791699219, -2.878768526367196], [-39.71976791699218, -2.998268526367198], [-39.68766791699218, -2.996568526367199], [-39.65676791699219, -3.023168526367193], [-39.637467916992186, -3.018968526367196], [-39.619667916992185, -3.026268526367197], [-39.59426791699219, -3.067968526367196], [-39.54506791699219, -3.082268526367194], [-39.46286791699219, -3.143468526367194], [-39.41926791699218, -3.155968526367197], [-39.382467916992184, -3.183068526367194], [-39.35206791699218, -3.174768526367195], [-39.312967916992186, -3.205768526367194], [-39.251067916992184, -3.222868526367193], [-39.22166791699218, -3.247168526367197], [-39.156267916992185, -3.335368526367198], [-39.14076791699218, -3.344868526367193], [-39.113067916992186, -3.346668526367196], [-39.074267916992184, -3.401268526367197], [-39.04566791699219, -3.411968526367197], [-39.00566791699219, -3.396868526367193], [-38.979267916992185, -3.406968526367194], [-38.938567916992184, -3.450668526367195], [-38.910567916992186, -3.502968526367198], [-38.88856791699219, -3.507768526367194], [-38.84726791699219, -3.542868526367194], [-38.810167916992185, -3.544168526367194], [-38.762467916992186, -3.605668526367197], [-38.70156791699218, -3.638468526367198], [-38.652867916992186, -3.681668526367197], [-38.58036791699219, -3.693768526367194], [-38.53476791699219, -3.717568526367195], [-38.49906791699218, -3.724468526367197], [-38.477567916992186, -3.719768526367197], [-38.474567916992186, -3.701768526367196], [-38.46376791699218, -3.709268526367197], [-38.43546791699219, -3.770368526367193], [-38.360267916992186, -3.8848685263672], [-38.314867916992185, -3.928568526367194], [-38.271167916992184, -3.947168526367193], [-38.19056791699219, -4.042268526367195], [-38.116867916992184, -4.146768526367197], [-38.04276791699218, -4.219868526367193], [-37.85416791699218, -4.379468526367198], [-37.81086791699219, -4.397968526367194], [-37.76956791699219, -4.402568526367197], [-37.76786791699219, -4.426668526367195], [-37.75466791699218, -4.436568526367196], [-37.71646791699219, -4.511568526367199], [-37.59236791699219, -4.624968526367198], [-37.540267916992185, -4.645668526367196], [-37.49986791699219, -4.626868526367197], [-37.47096791699219, -4.650768526367195], [-37.32906791699219, -4.697668526367195], [-37.28676791699218, -4.742168526367195], [-37.25916791699218, -4.818768526367194], [-37.22126791699218, -4.881368526367197], [-37.155167916992184, -4.947068526367197], [-37.137467916992186, -4.949568526367194], [-37.14456791699219, -4.937768526367194], [-37.10346791699219, -4.922468526367197], [-37.035967916992185, -4.949568526367194], [-37.00016791699218, -4.928568526367194], [-36.97786791699218, -4.931168526367195], [-36.95896791699219, -4.919168526367194], [-36.91446791699219, -4.948168526367198], [-36.878467916992186, -4.950968526367198], [-36.79996791699219, -5.036468526367194], [-36.73896791699219, -5.063868526367195], [-36.729267916992185, -5.075968526367198], [-36.694367916992185, -5.086568526367195], [-36.61416791699219, -5.094168526367199], [-36.60716791699218, -5.078568526367199], [-36.580667916992184, -5.088168526367198], [-36.54416791699219, -5.088668526367194], [-36.532767916992185, -5.070168526367198], [-36.50296791699218, -5.061868526367199], [-36.44936791699219, -5.066568526367199], [-36.38716791699218, -5.087068526367197], [-36.33076791699219, -5.087368526367193], [-36.30856791699218, -5.103068526367196], [-36.28926791699219, -5.088168526367198], [-36.15976791699219, -5.096368526367193], [-36.125467916992186, -5.091468526367194], [-36.03866791699218, -5.052168526367197], [-35.97746791699218, -5.0417685263672], [-35.879067916992184, -5.067968526367196], [-35.783167916992184, -5.075768526367199], [-35.639367916992185, -5.119368526367197], [-35.616867916992184, -5.1149685263672], [-35.480367916992186, -5.164168526367199], [-35.458267916992185, -5.1973685263672], [-35.41816791699218, -5.220568526367195], [-35.391267916992184, -5.252768526367198], [-35.370767916992186, -5.284868526367198], [-35.35066791699219, -5.362868526367194], [-35.33486791699219, -5.379468526367198], [-35.321267916992184, -5.377768526367198], [-35.31266791699218, -5.387468526367194], [-35.309067916992184, -5.412468526367199], [-35.292867916992186, -5.4274685263672], [-35.28666791699219, -5.461468526367199], [-35.259867916992185, -5.482868526367199], [-35.248067916992184, -5.546768526367195], [-35.22636791699219, -5.580768526367194], [-35.21696791699218, -5.673568526367198], [-35.19316791699219, -5.698468526367193], [-35.20426791699219, -5.741168526367197], [-35.180067916992186, -5.798568526367198], [-35.17826791699218, -5.867568526367194], [-35.16856791699219, -5.882368526367195], [-35.15406791699218, -5.883468526367196], [-35.14946791699219, -5.956868526367195], [-35.12556791699218, -5.971268526367197], [-35.106367916992184, -6.007368526367195], [-35.10886791699218, -6.047568526367193], [-35.096367916992186, -6.057768526367198], [-35.09536791699219, -6.178668526367197], [-35.083667916992184, -6.187968526367193], [-35.072167916992186, -6.220668526367199], [-35.04526791699219, -6.225668526367194], [-35.035967916992185, -6.236468526367197], [-35.026167916992186, -6.354168526367197], [-35.01406791699218, -6.369668526367199], [-34.991067916992186, -6.372968526367195], [-34.97556791699218, -6.418068526367193], [-34.962967916992184, -6.630968526367198], [-34.95266791699218, -6.672568526367193], [-34.93076791699219, -6.688768526367198], [-34.928967916992185, -6.739368526367194], [-34.93886791699219, -6.753768526367196], [-34.91816791699218, -6.774468526367194], [-34.89936791699218, -6.865368526367195], [-34.88066791699219, -6.889868526367195], [-34.854467916992185, -6.901268526367197], [-34.866067916992186, -6.934068526367195], [-34.855567916992186, -6.969568526367198], [-34.873767916992186, -6.986468526367197], [-34.87056791699219, -7.011268526367196], [-34.86466791699218, -7.029568526367196], [-34.839267916992185, -7.012968526367196], [-34.834367916992186, -6.985768526367195], [-34.842267916992185, -6.963468526367198], [-34.829667916992186, -6.966768526367197], [-34.825367916992185, -7.004668526367198], [-34.843367916992186, -7.056168526367195], [-34.829867916992185, -7.074268526367195], [-34.832667916992186, -7.097268526367195], [-34.821267916992184, -7.111968526367196], [-34.81886791699218, -7.135368526367195], [-34.79356791699219, -7.154068526367197], [-34.807167916992185, -7.242268526367198], [-34.794967916992185, -7.331768526367195], [-34.81046791699219, -7.445768526367196], [-34.80476791699218, -7.472268526367195], [-34.81406791699219, -7.490068526367196], [-34.810767916992184, -7.515368526367197], [-34.82456791699219, -7.548168526367196], [-34.837567916992185, -7.553368526367198], [-34.80726791699219, -7.623868526367197], [-34.83186791699219, -7.679768526367198], [-34.847367916992184, -7.687968526367197], [-34.83186791699219, -7.700168526367197], [-34.823467916992186, -7.736468526367197], [-34.83686791699218, -7.808668526367196], [-34.84626791699218, -7.816068526367197], [-34.84476791699218, -7.839068526367196], [-34.82456791699219, -7.884568526367197], [-34.82326791699219, -7.942668526367196], [-34.840167916992186, -8.007368526367195], [-34.86226791699219, -8.034168526367196], [-34.858967916992185, -8.047168526367198], [-34.91176791699218, -8.163168526367198], [-34.924667916992185, -8.231368526367195], [-34.944567916992185, -8.261268526367196], [-34.950167916992186, -8.333768526367198], [-34.939667916992185, -8.349468526367197], [-34.979667916992184, -8.382168526367195], [-34.96076791699218, -8.399068526367195], [-35.001267916992184, -8.491068526367197], [-35.00766791699218, -8.563068526367196], [-35.022267916992185, -8.560868526367198], [-35.045567916992184, -8.594768526367197], [-35.07206791699218, -8.653668526367195], [-35.07266791699219, -8.672768526367197], [-35.089467916992184, -8.695568526367197], [-35.07936791699218, -8.703468526367196], [-35.089267916992185, -8.727768526367196], [-35.08616791699219, -8.746368526367196], [-35.103167916992184, -8.764868526367195], [-35.104267916992185, -8.790068526367197], [-35.133767916992184, -8.831868526367195], [-35.12936791699219, -8.866668526367196], [-35.182167916992185, -8.978168526367195], [-35.22166791699218, -9.015368526367197], [-35.24366791699219, -9.076868526367196], [-35.26936791699219, -9.121168526367196], [-35.28476791699219, -9.132368526367195], [-35.304167916992185, -9.189668526367196], [-35.31906791699218, -9.198568526367197], [-35.35666791699219, -9.258468526367196], [-35.39786791699218, -9.303268526367198], [-35.43486791699218, -9.325668526367195], [-35.442667916992185, -9.339468526367195], [-35.45896791699219, -9.343668526367196], [-35.48276791699219, -9.368868526367198], [-35.50076791699219, -9.421768526367195], [-35.58596791699218, -9.510668526367198], [-35.592267916992185, -9.529568526367196], [-35.63606791699218, -9.556068526367195], [-35.67386791699219, -9.596968526367196], [-35.697367916992185, -9.635768526367197], [-35.69576791699218, -9.664168526367195], [-35.71046791699219, -9.666768526367196], [-35.723467916992185, -9.684068526367195], [-35.727767916992185, -9.672468526367197], [-35.749367916992185, -9.675068526367195], [-35.794967916992185, -9.716568526367197], [-35.805867916992185, -9.717268526367196], [-35.88576791699219, -9.835168526367195], [-35.906267916992185, -9.852468526367197], [-35.907367916992186, -9.874768526367195], [-35.937767916992186, -9.902268526367195], [-36.04586791699219, -10.074568526367198], [-36.089467916992184, -10.095068526367196], [-36.134867916992185, -10.159468526367196], [-36.15036791699219, -10.156768526367195], [-36.185167916992185, -10.198468526367197], [-36.27756791699218, -10.281968526367198], [-36.301567916992184, -10.323568526367197], [-36.30296791699219, -10.344468526367198], [-36.293667916992185, -10.353968526367197], [-36.331767916992185, -10.399568526367197], [-36.387667916992186, -10.498568526367198], [-36.58706791699218, -10.573768526367196], [-36.680867916992185, -10.635168526367195], [-36.783367916992184, -10.687468526367198], [-36.85416791699218, -10.743368526367195], [-36.96116791699219, -10.861168526367198], [-37.03456791699219, -10.957068526367195], [-37.034867916992184, -10.978968526367197], [-37.134867916992185, -11.117268526367198], [-37.16606791699218, -11.182468526367195], [-37.26706791699218, -11.300268526367198], [-37.30106791699219, -11.367268526367198], [-37.31216791699219, -11.422868526367196], [-37.341167916992184, -11.442368526367197], [-37.406267916992185, -11.536468526367198], [-37.69056791699219, -12.107868526367195], [-37.784267916992185, -12.258868526367195], [-37.954667916992186, -12.492468526367198], [-38.00186791699218, -12.577968526367197], [-38.030867916992186, -12.594868526367197], [-38.04636791699218, -12.633868526367195], [-38.12406791699218, -12.708568526367195], [-38.24496791699219, -12.853468526367195], [-38.280167916992184, -12.879368526367195], [-38.342067916992185, -12.949968526367197], [-38.38856791699219, -12.957568526367197], [-38.47096791699219, -13.014568526367196], [-38.52756791699218, -13.009968526367196], [-38.644267916992185, -13.016768526367198], [-38.660567916992186, -13.035068526367198], [-38.712567916992185, -13.061168526367197], [-38.76536791699218, -13.120768526367197], [-38.831767916992185, -13.153968526367198], [-38.868367916992185, -13.186968526367195], [-38.929167916992185, -13.218368526367197], [-38.95406791699219, -13.257668526367198], [-38.967067916992185, -13.319568526367195], [-38.96286791699219, -13.359768526367198], [-38.944567916992185, -13.398268526367197], [-38.91616791699219, -13.375768526367196], [-38.909467916992185, -13.380968526367198], [-38.90556791699218, -13.426068526367196], [-38.89266791699219, -13.450168526367197], [-38.89286791699219, -13.460468526367197], [-38.91666791699218, -13.478068526367196], [-38.911167916992184, -13.495268526367198], [-38.926167916992185, -13.514968526367195], [-38.93336791699218, -13.559668526367197], [-38.92826791699218, -13.576068526367198], [-38.914867916992186, -13.579468526367197], [-38.901567916992185, -13.601968526367195], [-38.90596791699218, -13.621568526367195], [-38.89156791699219, -13.651568526367196], [-38.914167916992184, -13.675468526367197], [-38.928567916992186, -13.657568526367196], [-38.97146791699218, -13.671968526367195], [-38.96396791699218, -13.686668526367196], [-38.98786791699219, -13.711268526367196], [-38.997467916992186, -13.746568526367195], [-38.99626791699219, -13.798868526367198], [-38.95256791699219, -13.873268526367195], [-38.93586791699219, -13.887468526367197], [-38.92776791699219, -13.938868526367198], [-38.954667916992186, -14.077468526367195], [-38.98966791699218, -14.198468526367197], [-38.99476791699219, -14.265668526367197], [-38.980567916992186, -14.292868526367197], [-39.00136791699219, -14.344568526367198], [-39.032367916992186, -14.486168526367198], [-39.03526791699218, -14.532268526367197], [-39.061867916992185, -14.626568526367198], [-39.06496791699219, -14.709668526367196], [-39.054167916992185, -14.774768526367197], [-39.027667916992186, -14.783368526367195], [-39.01826791699219, -14.921368526367196], [-38.997667916992185, -14.986768526367197], [-38.99226791699218, -15.296968526367195], [-38.94676791699219, -15.497668526367196], [-38.93466791699218, -15.665868526367195], [-38.85286791699218, -15.848668526367195], [-38.95256791699219, -16.098868526367195], [-38.956567916992185, -16.130168526367196], [-38.94816791699218, -16.155068526367195], [-38.97446791699218, -16.212868526367195], [-39.01066791699218, -16.244768526367196], [-39.02366791699219, -16.308268526367197], [-39.018667916992186, -16.326268526367198], [-39.00756791699219, -16.332568526367197], [-39.008767916992184, -16.374668526367195], [-39.034267916992185, -16.388168526367195], [-39.061267916992186, -16.432968526367198], [-39.061667916992185, -16.470868526367195], [-39.08536791699218, -16.547768526367197], [-39.103867916992186, -16.697968526367195], [-39.141267916992184, -16.759968526367196], [-39.14176791699219, -16.868668526367195], [-39.11186791699218, -16.896868526367196], [-39.151767916992185, -16.943868526367197], [-39.155867916992186, -16.980968526367196], [-39.17216791699219, -17.013868526367197], [-39.17116791699218, -17.058268526367197], [-39.18186791699218, -17.111368526367198], [-39.19826791699219, -17.127968526367198], [-39.21206791699218, -17.162068526367197], [-39.220867916992184, -17.302468526367196], [-39.19206791699219, -17.442668526367196], [-39.187967916992186, -17.569868526367195], [-39.193467916992184, -17.585468526367197], [-39.175767916992186, -17.631068526367198], [-39.13576791699219, -17.689168526367197], [-39.19166791699219, -17.741968526367195], [-39.20726791699219, -17.746968526367198], [-39.206767916992185, -17.773768526367196], [-39.256667916992185, -17.824968526367197], [-39.27046791699218, -17.865768526367198], [-39.319167916992185, -17.891368526367195], [-39.363667916992185, -17.891868526367197], [-39.361067916992184, -17.904468526367197], [-39.42496791699219, -17.932668526367195], [-39.46826791699218, -17.970668526367195], [-39.517567916992185, -18.036468526367198], [-39.54976791699219, -18.102768526367196], [-39.587967916992184, -18.149868526367197], [-39.63706791699219, -18.236468526367197], [-39.65846791699219, -18.322968526367195], [-39.721967916992185, -18.486068526367195], [-39.72846791699219, -18.610768526367195], [-39.746567916992184, -18.706168526367197], [-39.742967916992185, -18.935168526367196], [-39.68936791699218, -19.289168526367195], [-39.69526791699219, -19.360568526367196], [-39.73066791699218, -19.469268526367195], [-39.811667916992185, -19.650368526367195], [-39.905667916992186, -19.683568526367196], [-39.988867916992184, -19.743668526367195], [-40.053567916992186, -19.812768526367197], [-40.05496791699218, -19.843068526367198], [-40.05936791699219, -19.839868526367198], [-40.08506791699219, -19.879468526367198], [-40.09986791699219, -19.918868526367195], [-40.15256791699218, -19.949368526367195], [-40.13276791699219, -19.965468526367196], [-40.15786791699219, -20.015768526367197], [-40.15916791699218, -20.035868526367196], [-40.181567916992186, -20.038968526367196], [-40.19276791699218, -20.054668526367195], [-40.173367916992184, -20.076568526367197], [-40.17216791699219, -20.107768526367195], [-40.19876791699218, -20.215868526367196], [-40.23006791699218, -20.265768526367197], [-40.23276791699219, -20.292268526367195], [-40.25906791699219, -20.265968526367196], [-40.28846791699218, -20.283168526367195], [-40.289867916992186, -20.307568526367195], [-40.27926791699218, -20.308268526367197], [-40.267367916992185, -20.324868526367197], [-40.313767916992184, -20.391568526367195], [-40.31906791699218, -20.426068526367196], [-40.35996791699218, -20.518668526367197], [-40.39186791699218, -20.557168526367196], [-40.42536791699219, -20.635768526367197], [-40.43336791699218, -20.641068526367196], [-40.449067916992185, -20.635368526367195], [-40.449967916992186, -20.625168526367197], [-40.465167916992186, -20.625768526367196], [-40.467667916992184, -20.660968526367196], [-40.47976791699219, -20.652568526367197], [-40.494067916992186, -20.659468526367196], [-40.520967916992184, -20.728668526367198], [-40.535967916992185, -20.742168526367195], [-40.55666791699218, -20.746568526367195], [-40.57456791699219, -20.770668526367196], [-40.582867916992186, -20.803068526367195], [-40.60756791699219, -20.805868526367195], [-40.62766791699219, -20.840168526367197], [-40.63136791699218, -20.815868526367197], [-40.65256791699218, -20.806068526367195], [-40.69466791699219, -20.834368526367196], [-40.742567916992186, -20.847268526367195], [-40.76016791699219, -20.866168526367197], [-40.75906791699219, -20.878768526367196], [-40.803967916992185, -20.943268526367195], [-40.812267916992184, -21.032568526367196], [-40.830467916992184, -21.049168526367197], [-40.85886791699218, -21.127668526367195], [-40.915067916992186, -21.173568526367195], [-40.95756791699218, -21.246568526367195], [-40.96186791699218, -21.359368526367195], [-40.96946791699219, -21.375168526367197], [-40.998267916992184, -21.400468526367195], [-41.020367916992186, -21.440768526367197], [-41.07096791699219, -21.503068526367198], [-41.07266791699219, -21.524768526367197], [-41.05106791699219, -21.597268526367195], [-41.048167916992185, -21.599168526367198], [-41.047567916992186, -21.588168526367195], [-41.043867916992184, -21.585968526367196], [-41.016467916992184, -21.612468526367195], [-41.048567916992184, -21.617768526367197], [-41.01276791699218, -21.621568526367195], [-41.02436791699218, -21.725968526367197], [-40.97486791699219, -21.943268526367195], [-40.98666791699218, -22.004868526367197], [-41.14546791699218, -22.103968526367197], [-41.21396791699218, -22.136768526367195], [-41.49966791699219, -22.217368526367196], [-41.67526791699218, -22.291768526367196], [-41.76516791699218, -22.354268526367196], [-41.77586791699218, -22.372368526367197], [-41.767167916992186, -22.376668526367197], [-41.767967916992184, -22.388768526367198], [-41.83726791699218, -22.430868526367195], [-41.852767916992185, -22.446668526367198], [-41.862567916992184, -22.475268526367195], [-41.87806791699219, -22.487468526367195], [-41.892167916992186, -22.487568526367195], [-41.92286791699218, -22.528768526367195], [-41.964267916992185, -22.537068526367197], [-41.99776791699219, -22.609668526367198], [-41.997667916992185, -22.666368526367197], [-41.988067916992186, -22.710068526367195], [-41.97676791699219, -22.727468526367197], [-41.956767916992185, -22.732868526367195], [-41.928567916992186, -22.769268526367195], [-41.91536791699218, -22.771068526367195], [-41.909867916992184, -22.756668526367196], [-41.885267916992184, -22.753768526367196], [-41.88136791699218, -22.740768526367198], [-41.87196791699218, -22.738568526367196], [-41.873067916992184, -22.753868526367196], [-41.86446791699218, -22.755168526367196], [-41.87806791699219, -22.774368526367198], [-41.886567916992185, -22.768968526367196], [-41.882467916992184, -22.784168526367196], [-41.88646791699219, -22.777868526367197], [-41.895367916992186, -22.785868526367196], [-41.91016791699219, -22.778968526367198], [-41.928967916992185, -22.797868526367196], [-41.92796791699219, -22.812668526367197], [-41.93956791699218, -22.809768526367197], [-41.97166791699218, -22.824068526367196], [-41.986067916992184, -22.8516685263672], [-41.980567916992186, -22.872268526367197], [-42.00266791699219, -22.889668526367196], [-42.01426791699218, -22.8837685263672], [-42.02986791699219, -22.9004685263672], [-42.03736791699219, -22.922768526367197], [-42.032767916992185, -22.945768526367196], [-42.02366791699219, -22.946668526367198], [-42.023167916992186, -22.960368526367198], [-42.005767916992184, -22.952168526367196], [-42.00846791699219, -22.960368526367198], [-41.99546791699218, -22.961568526367195], [-42.02046791699218, -22.973468526367196], [-42.00826791699218, -22.982768526367195], [-42.01356791699219, -22.995568526367194], [-42.04096791699219, -22.965168526367197], [-42.09626791699218, -22.952568526367195], [-42.280667916992186, -22.938068526367196], [-42.54426791699218, -22.932768526367198], [-42.66856791699219, -22.942168526367198], [-42.69166791699219, -22.961768526367194], [-42.72896791699218, -22.956168526367197], [-42.91816791699218, -22.974868526367196], [-43.00166791699218, -22.969468526367194], [-43.050567916992186, -22.9813685263672], [-43.05086791699218, -22.964068526367196], [-43.10366791699219, -22.955968526367194], [-43.11916791699218, -22.944868526367195], [-43.11656791699218, -22.938068526367196], [-43.12956791699219, -22.937968526367197], [-43.12056791699219, -22.923268526367195], [-43.10176791699219, -22.9340685263672], [-43.095667916992184, -22.916368526367194], [-43.136567916992185, -22.902868526367197], [-43.12486791699219, -22.893568526367197], [-43.13386791699219, -22.880968526367198], [-43.10196791699219, -22.853568526367198], [-43.096967916992185, -22.826768526367196], [-43.06606791699218, -22.802968526367195], [-43.078767916992184, -22.798368526367195], [-43.080967916992186, -22.788668526367196], [-43.062767916992186, -22.764668526367196], [-43.02906791699218, -22.740868526367198], [-43.03396791699218, -22.694568526367195], [-43.083667916992184, -22.678068526367195], [-43.114767916992186, -22.696068526367196], [-43.12766791699219, -22.714568526367195], [-43.15226791699219, -22.707968526367196], [-43.215567916992185, -22.727368526367197], [-43.21696791699218, -22.737468526367195], [-43.264567916992185, -22.760268526367195], [-43.27756791699218, -22.780568526367198], [-43.26376791699219, -22.827068526367196], [-43.241467916992185, -22.844768526367197], [-43.24216791699219, -22.8381685263672], [-43.22696791699219, -22.837868526367195], [-43.22696791699219, -22.855668526367197], [-43.20326791699218, -22.8715685263672], [-43.21506791699218, -22.885368526367195], [-43.21096791699218, -22.896468526367194], [-43.194567916992185, -22.892068526367197], [-43.162067916992186, -22.904768526367196], [-43.15916791699218, -22.913668526367196], [-43.17246791699218, -22.916368526367194], [-43.169767916992186, -22.940468526367198], [-43.17966791699219, -22.947368526367196], [-43.170367916992184, -22.951768526367196], [-43.153067916992185, -22.939568526367196], [-43.15126791699218, -22.949868526367197], [-43.16386791699219, -22.955168526367196], [-43.16086791699219, -22.964868526367198], [-43.18436791699219, -22.973368526367196], [-43.19056791699219, -22.989368526367194], [-43.223867916992184, -22.987768526367198], [-43.24326791699219, -23.000768526367196], [-43.27536791699219, -23.0027685263672], [-43.28776791699219, -23.015168526367198], [-43.39186791699218, -23.0134685263672], [-43.48616791699219, -23.033668526367194], [-43.509867916992185, -23.047768526367197], [-43.534267916992185, -23.050368526367194], [-43.55326791699218, -23.074868526367197], [-43.568067916992185, -23.073168526367198], [-43.56686791699219, -23.063068526367196], [-43.577467916992184, -23.0558685263672], [-43.60836791699219, -23.050268526367198], [-43.70686791699219, -23.054468526367195], [-43.59916791699219, -23.024568526367197], [-43.65206791699219, -23.001368526367195], [-43.67066791699219, -22.982068526367197], [-43.69986791699218, -22.985768526367195], [-43.72556791699218, -22.960168526367198], [-43.79806791699219, -22.916368526367194], [-43.802467916992185, -22.923968526367197], [-43.80936791699219, -22.917768526367198], [-43.833667916992184, -22.931168526367195], [-43.84896791699219, -22.929668526367195], [-43.85306791699219, -22.918568526367196], [-43.839067916992185, -22.910368526367197], [-43.842267916992185, -22.901768526367196], [-43.87196791699218, -22.905968526367197], [-43.881867916992185, -22.920268526367195], [-43.91026791699218, -22.930768526367196], [-43.95136791699218, -22.927468526367196], [-44.00926791699219, -22.943868526367197], [-44.02986791699219, -22.964068526367196], [-44.033367916992184, -22.980568526367197], [-44.04526791699219, -22.984468526367195], [-44.05576791699219, -22.980568526367197], [-44.040067916992186, -22.951468526367197], [-44.052267916992186, -22.942068526367194], [-44.07926791699219, -22.956868526367195], [-44.083467916992184, -22.992968526367196], [-44.09256791699219, -22.994168526367197], [-44.11446791699218, -23.023268526367197], [-44.15226791699219, -23.039568526367198], [-44.17196791699219, -23.033468526367194], [-44.171467916992185, -23.045568526367198], [-44.18546791699219, -23.052468526367196], [-44.19486791699219, -23.0530685263672], [-44.19406791699218, -23.041468526367197], [-44.20136791699218, -23.038168526367194], [-44.236767916992186, -23.0558685263672], [-44.249767916992184, -23.048568526367198], [-44.22116791699219, -23.015068526367195], [-44.24946791699219, -22.999068526367196], [-44.261767916992184, -23.006768526367196], [-44.27046791699218, -23.002968526367198], [-44.29056791699219, -23.0239685263672], [-44.30466791699219, -23.022168526367196], [-44.297567916992186, -23.010468526367198], [-44.30186791699219, -23.003768526367196], [-44.35026791699219, -23.0301685263672], [-44.362567916992184, -23.017668526367196], [-44.35206791699218, -22.995768526367197], [-44.328567916992185, -22.995468526367198], [-44.32936791699218, -22.985368526367196], [-44.31736791699218, -22.984968526367197], [-44.300567916992186, -22.9584685263672], [-44.335867916992186, -22.9644685263672], [-44.32926791699219, -22.955068526367196], [-44.336467916992184, -22.949868526367197], [-44.32136791699219, -22.936168526367197], [-44.339067916992185, -22.922868526367196], [-44.365567916992184, -22.930168526367197], [-44.36916791699218, -22.947868526367195], [-44.35006791699219, -22.944568526367195], [-44.35246791699218, -22.953568526367196], [-44.38306791699218, -22.971368526367197], [-44.378267916992186, -22.9584685263672], [-44.39626791699219, -22.949868526367197], [-44.39796791699219, -22.957068526367195], [-44.41456791699218, -22.952668526367198], [-44.41236791699219, -22.941868526367195], [-44.436867916992185, -22.970168526367196], [-44.43136791699219, -22.977768526367196], [-44.440267916992184, -22.992168526367195], [-44.425767916992186, -22.997168526367197], [-44.442667916992185, -23.005468526367196], [-44.43716791699219, -23.021068526367195], [-44.44576791699218, -23.029168526367194], [-44.46156791699219, -23.008468526367196], [-44.480567916992186, -23.006668526367196], [-44.50296791699218, -23.028168526367196], [-44.52816791699218, -23.025168526367196], [-44.58506791699219, -23.058068526367194], [-44.59406791699219, -23.0590685263672], [-44.593167916992186, -23.046768526367195], [-44.616467916992185, -23.044268526367198], [-44.667867916992186, -23.0543685263672], [-44.69046791699218, -23.082868526367196], [-44.698867916992185, -23.119968526367195], [-44.68916791699218, -23.128568526367197], [-44.699267916992184, -23.132068526367195], [-44.69596791699219, -23.1506685263672], [-44.70686791699219, -23.158868526367197], [-44.69896791699219, -23.173568526367198], [-44.71626791699219, -23.183268526367197], [-44.707167916992184, -23.185268526367196], [-44.72056791699219, -23.1962685263672], [-44.71006791699219, -23.216668526367194], [-44.713167916992184, -23.233568526367197], [-44.67756791699219, -23.219568526367198], [-44.64436791699219, -23.187368526367194], [-44.643167916992184, -23.196368526367195], [-44.61976791699219, -23.204968526367196], [-44.62666791699218, -23.223168526367196], [-44.639367916992185, -23.213668526367197], [-44.65146791699218, -23.221268526367197], [-44.662067916992186, -23.215568526367196], [-44.66276791699219, -23.226368526367196], [-44.65546791699219, -23.225868526367197], [-44.66706791699219, -23.234968526367197], [-44.67226791699218, -23.230968526367196], [-44.685167916992185, -23.250568526367196], [-44.66346791699218, -23.246968526367198], [-44.65206791699219, -23.235368526367196], [-44.61356791699219, -23.234168526367196], [-44.65406791699218, -23.288468526367197], [-44.64646791699219, -23.301168526367196], [-44.638067916992185, -23.300768526367197], [-44.645367916992186, -23.289468526367195], [-44.630967916992184, -23.282268526367197], [-44.59776791699218, -23.236568526367197], [-44.560167916992185, -23.227368526367197], [-44.57766791699218, -23.246868526367194], [-44.583267916992185, -23.267668526367196], [-44.54976791699219, -23.273668526367196], [-44.53886791699219, -23.266868526367197], [-44.51536791699218, -23.285868526367196], [-44.513467916992184, -23.292068526367196], [-44.52876791699219, -23.287568526367195], [-44.541767916992185, -23.3030685263672], [-44.556067916992184, -23.304968526367198], [-44.56196791699219, -23.329968526367196], [-44.589067916992185, -23.361168526367194], [-44.607267916992186, -23.364968526367196], [-44.60696791699218, -23.349468526367197], [-44.63886791699218, -23.331468526367196], [-44.65376791699219, -23.342268526367196], [-44.66176791699218, -23.339068526367196], [-44.659467916992185, -23.345968526367194], [-44.672767916992186, -23.344468526367194], [-44.67496791699219, -23.336868526367198], [-44.685167916992185, -23.350668526367194], [-44.70286791699218, -23.340368526367197], [-44.71786791699218, -23.346268526367197], [-44.72126791699218, -23.356668526367194], [-44.72996791699219, -23.355668526367197], [-44.724767916992185, -23.368268526367196], [-44.78046791699219, -23.3762685263672], [-44.796667916992185, -23.369368526367197], [-44.840167916992186, -23.387468526367197], [-44.83706791699218, -23.370768526367197], [-44.848667916992184, -23.361368526367194], [-44.866467916992185, -23.357768526367195], [-44.888967916992186, -23.371868526367194], [-44.88276791699219, -23.346368526367197], [-44.90426791699218, -23.334268526367197], [-44.940967916992186, -23.356768526367198], [-44.949267916992184, -23.377668526367195], [-44.97636791699219, -23.398768526367196], [-44.99266791699218, -23.397868526367198], [-45.014367916992185, -23.418068526367197], [-45.034467916992185, -23.415368526367196], [-45.04426791699218, -23.4250685263672], [-45.056567916992186, -23.417468526367195], [-45.068767916992186, -23.433068526367194], [-45.063767916992184, -23.451868526367196], [-45.053967916992185, -23.458168526367196], [-45.03666791699219, -23.4492685263672], [-45.02896791699219, -23.462268526367197], [-45.06406791699219, -23.469268526367195], [-45.08186791699219, -23.518668526367197], [-45.08576791699218, -23.494168526367197], [-45.10676791699218, -23.490768526367198], [-45.12276791699219, -23.502668526367195], [-45.10776791699219, -23.5087685263672], [-45.11226791699219, -23.526168526367197], [-45.13876791699219, -23.5010685263672], [-45.16896791699219, -23.492968526367196], [-45.17476791699219, -23.499368526367196], [-45.165867916992184, -23.529268526367197], [-45.15846791699219, -23.530068526367195], [-45.16236791699219, -23.541368526367194], [-45.18586791699219, -23.538768526367196], [-45.197367916992185, -23.520168526367197], [-45.22786791699218, -23.538468526367197], [-45.229667916992184, -23.550268526367198], [-45.21226791699218, -23.565168526367195], [-45.21156791699219, -23.582568526367197], [-45.26106791699218, -23.592368526367196], [-45.27836791699219, -23.587068526367197], [-45.278667916992184, -23.574068526367196], [-45.29996791699219, -23.573168526367198], [-45.33076791699219, -23.587268526367197], [-45.35996791699218, -23.625468526367197], [-45.37916791699219, -23.625268526367197], [-45.386367916992185, -23.633068526367197], [-45.40076791699219, -23.623268526367198], [-45.41306791699218, -23.629168526367195], [-45.42836791699219, -23.658668526367194], [-45.42976791699218, -23.712268526367197], [-45.41926791699218, -23.7253685263672], [-45.39756791699219, -23.723968526367194], [-45.41166791699219, -23.7510685263672], [-45.39786791699218, -23.780068526367195], [-45.396867916992186, -23.804668526367195], [-45.407767916992185, -23.821068526367196], [-45.430467916992185, -23.831468526367196], [-45.467267916992185, -23.819368526367196], [-45.492567916992186, -23.837268526367197], [-45.51376791699219, -23.840168526367197], [-45.512467916992186, -23.832568526367197], [-45.53646791699219, -23.830368526367195], [-45.53456791699219, -23.8182685263672], [-45.553567916992186, -23.8090685263672], [-45.56236791699219, -23.792068526367196], [-45.62166791699219, -23.803668526367197], [-45.625867916992185, -23.786968526367197], [-45.64266791699219, -23.778368526367196], [-45.66446791699219, -23.784568526367195], [-45.666767916992185, -23.776768526367196], [-45.680467916992185, -23.774568526367197], [-45.69406791699218, -23.782368526367197], [-45.708667916992184, -23.7709685263672], [-45.757467916992184, -23.769668526367198], [-45.76986791699218, -23.762368526367197], [-45.79996791699219, -23.769068526367196], [-45.80366791699218, -23.760668526367198], [-45.82266791699219, -23.757368526367195], [-45.89716791699219, -23.765368526367197], [-45.97786791699218, -23.787268526367196], [-45.99666791699219, -23.802468526367196], [-46.037067916992186, -23.813068526367196], [-46.046867916992184, -23.831468526367196], [-46.046667916992185, -23.820668526367196], [-46.06086791699219, -23.814068526367194], [-46.11826791699219, -23.836568526367195], [-46.13216791699219, -23.849768526367196], [-46.12496791699218, -23.859668526367194], [-46.138467916992184, -23.873368526367194], [-46.13986791699219, -23.891368526367195], [-46.17836791699219, -23.923868526367194], [-46.17966791699219, -23.936368526367197], [-46.16456791699218, -23.944868526367195], [-46.18436791699219, -23.964868526367198], [-46.184967916992186, -23.972368526367198], [-46.185167916992185, -23.986968526367196], [-46.18246791699219, -23.9903685263672], [-46.20286791699218, -24.000268526367197], [-46.212967916992184, -23.986168526367194], [-46.263467916992184, -24.002668526367195], [-46.28756791699219, -24.044168526367194], [-46.28456791699219, -24.026168526367197], [-46.29316791699218, -24.017168526367197], [-46.310567916992184, -24.026468526367196], [-46.324267916992184, -24.020068526367197], [-46.320467916992186, -23.998268526367198], [-46.30516791699218, -23.9933685263672], [-46.31706791699219, -23.979168526367197], [-46.356367916992184, -23.970868526367198], [-46.368567916992184, -23.974868526367196], [-46.367767916992186, -23.981768526367198], [-46.38106791699219, -23.970568526367195], [-46.38796791699219, -23.975668526367194], [-46.37466791699219, -23.986368526367194], [-46.39206791699218, -23.997668526367196], [-46.38496791699219, -24.017668526367196], [-46.400067916992185, -24.032368526367197], [-46.401567916992185, -24.017868526367195], [-46.42476791699219, -24.016568526367195], [-46.492967916992185, -24.038468526367197], [-46.60606791699219, -24.089268526367196], [-46.82016791699218, -24.204068526367195], [-46.950367916992185, -24.288168526367194], [-46.99586791699218, -24.327568526367195], [-47.00186791699218, -24.336968526367194], [-46.99736791699218, -24.350868526367197], [-47.01746791699218, -24.380168526367196], [-47.001067916992184, -24.409168526367196], [-47.14076791699218, -24.489468526367197], [-47.18266791699219, -24.522068526367196], [-47.187267916992184, -24.534468526367196], [-47.224967916992185, -24.557468526367195], [-47.228867916992186, -24.571668526367198], [-47.280867916992186, -24.593768526367196], [-47.42476791699219, -24.685168526367196], [-47.59196791699218, -24.777668526367197], [-47.82186791699218, -24.955768526367194], [-47.87236791699219, -25.012468526367197], [-47.88736791699219, -25.051068526367196], [-47.91086791699219, -25.0528685263672], [-47.90236791699218, -25.067668526367196], [-47.90406791699219, -25.099568526367197], [-47.895767916992185, -25.105268526367198], [-47.91896791699219, -25.145668526367196], [-47.91456791699218, -25.159168526367196], [-47.942467916992186, -25.171468526367196], [-48.03476791699218, -25.247968526367195], [-48.14036791699219, -25.349968526367196], [-48.191567916992184, -25.416468526367197], [-48.216167916992184, -25.473768526367195], [-48.24686791699219, -25.465368526367197], [-48.28696791699218, -25.489168526367195], [-48.310767916992184, -25.492568526367194], [-48.27686791699219, -25.514068526367197], [-48.30216791699219, -25.559668526367197], [-48.29916791699219, -25.566068526367197], [-48.31986791699218, -25.5864685263672], [-48.36806791699219, -25.590668526367196], [-48.404167916992186, -25.613968526367195], [-48.43356791699219, -25.645668526367196], [-48.529767916992185, -25.808368526367197], [-48.53566791699218, -25.850968526367197], [-48.56456791699219, -25.856768526367198], [-48.56736791699218, -25.885768526367194], [-48.56086791699218, -25.889668526367196], [-48.60206791699218, -25.997968526367195], [-48.61036791699219, -26.062668526367197], [-48.58896791699219, -26.153768526367195], [-48.57286791699218, -26.1671685263672], [-48.548567916992184, -26.170868526367194], [-48.528067916992185, -26.1641685263672], [-48.520767916992185, -26.217868526367198], [-48.50716791699219, -26.226368526367196], [-48.494067916992186, -26.218768526367196], [-48.59156791699219, -26.405668526367194], [-48.59916791699219, -26.4308685263672], [-48.59556791699218, -26.453868526367195], [-48.654767916992185, -26.5558685263672], [-48.67866791699218, -26.620568526367194], [-48.68846791699218, -26.677168526367197], [-48.669767916992186, -26.765768526367197], [-48.65696791699219, -26.772268526367196], [-48.64676791699219, -26.763168526367195], [-48.617967916992185, -26.789968526367197], [-48.607467916992185, -26.789868526367197], [-48.59836791699219, -26.7739685263672], [-48.594867916992186, -26.784168526367196], [-48.58486791699218, -26.785568526367197], [-48.602767916992185, -26.8257685263672], [-48.620767916992186, -26.824568526367194], [-48.62876791699219, -26.836168526367196], [-48.644267916992185, -26.911268526367195], [-48.63106791699218, -26.928868526367197], [-48.62336791699218, -26.9265685263672], [-48.634867916992185, -26.977268526367197], [-48.62666791699219, -26.9950685263672], [-48.60666791699218, -27.005468526367196], [-48.60196791699218, -26.996068526367196], [-48.58726791699219, -26.992768526367197], [-48.58016791699218, -27.0087685263672], [-48.57056791699219, -27.009168526367198], [-48.59366791699219, -27.061968526367195], [-48.590367916992186, -27.0804685263672], [-48.613667916992185, -27.099168526367194], [-48.60816791699219, -27.116068526367194], [-48.58656791699218, -27.143668526367197], [-48.563767916992184, -27.1551685263672], [-48.53736791699218, -27.150068526367196], [-48.527667916992186, -27.122968526367195], [-48.508167916992186, -27.111468526367197], [-48.513267916992184, -27.132068526367195], [-48.505167916992185, -27.142868526367195], [-48.468367916992186, -27.145068526367197], [-48.49836791699218, -27.171068526367197], [-48.494667916992185, -27.198868526367196], [-48.47696791699218, -27.199868526367197], [-48.47746791699218, -27.206068526367197], [-48.51506791699218, -27.2189685263672], [-48.50156791699219, -27.206468526367196], [-48.50186791699218, -27.195268526367194], [-48.520167916992186, -27.181968526367196], [-48.54246791699218, -27.182968526367198], [-48.578167916992186, -27.210368526367198], [-48.60666791699218, -27.219468526367194], [-48.614967916992185, -27.274068526367195], [-48.59006791699218, -27.318468526367198], [-48.564867916992185, -27.309468526367198], [-48.554167916992185, -27.314168526367197], [-48.53976791699219, -27.299968526367195], [-48.53776791699218, -27.3259685263672], [-48.52516791699219, -27.333268526367196], [-48.536367916992184, -27.3578685263672], [-48.526167916992186, -27.4081685263672], [-48.48386791699218, -27.378568526367197], [-48.41596791699219, -27.380968526367198], [-48.41276791699218, -27.402268526367195], [-48.39286791699219, -27.433668526367196], [-48.37596791699218, -27.443568526367194], [-48.365367916992184, -27.433268526367197], [-48.35926791699218, -27.440468526367198], [-48.37516791699218, -27.458968526367194], [-48.375867916992185, -27.479568526367196], [-48.403067916992185, -27.502968526367198], [-48.42416791699219, -27.538768526367196], [-48.427867916992184, -27.568768526367194], [-48.412067916992186, -27.575368526367196], [-48.41966791699218, -27.592268526367196], [-48.46646791699219, -27.650168526367196], [-48.48166791699218, -27.691268526367196], [-48.502167916992185, -27.715068526367197], [-48.506267916992186, -27.747368526367197], [-48.47826791699218, -27.763068526367196], [-48.48646791699218, -27.788968526367196], [-48.49946791699219, -27.793968526367195], [-48.51146791699219, -27.781268526367196], [-48.52256791699219, -27.783468526367194], [-48.54566791699219, -27.830168526367196], [-48.56926791699219, -27.835868526367197], [-48.578767916992184, -27.851368526367196], [-48.59296791699219, -27.849468526367197], [-48.600867916992186, -27.858968526367196], [-48.59446791699219, -27.8837685263672], [-48.575967916992184, -27.8790685263672], [-48.57356791699219, -27.8867685263672], [-48.62496791699218, -27.9539685263672], [-48.63026791699218, -28.007768526367194], [-48.623267916992184, -28.019668526367198], [-48.607867916992184, -28.017568526367196], [-48.598467916992185, -28.030068526367195], [-48.60966791699218, -28.043368526367196], [-48.61036791699219, -28.062968526367197], [-48.631667916992185, -28.085368526367198], [-48.636767916992184, -28.1046685263672], [-48.63106791699218, -28.119668526367196], [-48.64326791699219, -28.129168526367195], [-48.637467916992186, -28.138968526367197], [-48.66146791699218, -28.176468526367195], [-48.657367916992186, -28.193868526367197], [-48.66666791699218, -28.216968526367197], [-48.645767916992185, -28.233668526367197], [-48.68906791699219, -28.276468526367196], [-48.70816791699218, -28.319568526367195], [-48.703167916992186, -28.342068526367196], [-48.74196791699218, -28.3912685263672], [-48.746567916992184, -28.416968526367196], [-48.739067916992184, -28.423168526367196], [-48.765667916992186, -28.462868526367195], [-48.762467916992186, -28.492268526367198], [-48.74586791699218, -28.496268526367196], [-48.76106791699219, -28.517368526367196], [-48.761767916992184, -28.534468526367196], [-48.78376791699219, -28.550468526367197], [-48.785567916992186, -28.565468526367198], [-48.81326791699219, -28.585468526367194], [-48.81516791699218, -28.6063685263672], [-48.84896791699218, -28.611968526367196], [-48.912867916992184, -28.639668526367196], [-49.07606791699219, -28.730668526367197], [-49.187767916992186, -28.802468526367196], [-49.314667916992185, -28.900968526367194], [-49.470867916992184, -29.0468685263672], [-49.71036791699218, -29.317068526367194], [-49.73106791699219, -29.356668526367194], [-49.80406791699218, -29.444068526367197], [-49.93446791699219, -29.624668526367195], [-50.01766791699218, -29.772268526367196], [-50.11916791699218, -29.976968526367195], [-50.30406791699218, -30.442368526367197], [-50.337967916992184, -30.507668526367198], [-50.767167916992186, -31.110068526367197], [-50.879067916992184, -31.226968526367195], [-51.038967916992185, -31.358968526367196], [-51.26746791699219, -31.578568526367196], [-51.48936791699219, -31.735268526367197], [-51.83506791699219, -31.921968526367195], [-51.96476791699219, -32.0278685263672], [-52.07826791699219, -32.143268526367194], [-52.08236791699218, -32.1598685263672], [-52.132967916992186, -32.173868526367194], [-52.22526791699218, -32.2512685263672], [-52.293067916992186, -32.338268526367195], [-52.35976791699218, -32.463968526367196], [-52.415667916992184, -32.6052685263672], [-52.45576791699219, -32.7617685263672], [-52.490367916992184, -32.85706852636719], [-52.603367916992184, -33.069268526367196], [-52.650067916992185, -33.141568526367195], [-52.74606791699219, -33.2534685263672], [-52.811867916992185, -33.31276852636719], [-53.18746791699218, -33.6138685263672], [-53.37086791699218, -33.743268526367196], [-53.392167916992186, -33.750568526367196], [-53.43056791699219, -33.7388685263672], [-53.440267916992184, -33.6940685263672], [-53.530167916992184, -33.6876685263672], [-53.525667916992184, -33.67446852636719], [-53.53376791699219, -33.6497685263672], [-53.52726791699219, -33.6249685263672], [-53.53586791699219, -33.61326852636719], [-53.52366791699218, -33.59336852636719], [-53.52516791699219, -33.5262685263672], [-53.51106791699219, -33.4593685263672], [-53.50776791699219, -33.353068526367196], [-53.52176791699219, -33.265068526367195], [-53.518167916992184, -33.153368526367196], [-53.444367916992185, -33.052968526367195], [-53.245067916992184, -32.93516852636719], [-53.310167916992185, -32.9186685263672], [-53.29446791699219, -32.899268526367194], [-53.18486791699219, -32.8503685263672], [-53.15806791699218, -32.8201685263672], [-53.14566791699218, -32.7919685263672], [-53.08576791699218, -32.788168526367194], [-53.07546791699218, -32.740868526367194], [-53.18546791699218, -32.645668526367196], [-53.24046791699219, -32.6270685263672], [-53.24946791699219, -32.6031685263672], [-53.27176791699219, -32.6052685263672], [-53.28886791699219, -32.621068526367196], [-53.33316791699218, -32.585068526367195], [-53.352767916992185, -32.5919685263672], [-53.37046791699218, -32.569668526367195], [-53.38566791699219, -32.58566852636719], [-53.39786791699218, -32.58266852636719], [-53.42136791699218, -32.558568526367196], [-53.43136791699219, -32.5654685263672], [-53.45646791699218, -32.522968526367194], [-53.46486791699218, -32.484268526367195], [-53.49906791699219, -32.481068526367196], [-53.513967916992186, -32.4879685263672], [-53.520367916992186, -32.4811685263672], [-53.52536791699218, -32.4888685263672], [-53.58376791699219, -32.451268526367194], [-53.588667916992186, -32.4357685263672], [-53.615367916992184, -32.4156685263672], [-53.61526791699218, -32.397368526367195], [-53.64506791699219, -32.38296852636719], [-53.63326791699218, -32.351168526367196], [-53.64326791699219, -32.32516852636719], [-53.65676791699218, -32.3152685263672], [-53.647667916992184, -32.311968526367195], [-53.64376791699219, -32.295868526367194], [-53.677467916992185, -32.2585685263672], [-53.67716791699219, -32.2332685263672], [-53.69516791699219, -32.203868526367195], [-53.709767916992185, -32.201068526367195], [-53.70286791699219, -32.1887685263672], [-53.71396791699219, -32.1872685263672], [-53.713667916992186, -32.176868526367194], [-53.72336791699219, -32.1731685263672], [-53.718767916992185, -32.152068526367195], [-53.733967916992185, -32.150968526367194], [-53.72556791699218, -32.1410685263672], [-53.74266791699219, -32.113968526367195], [-53.73916791699219, -32.100668526367194], [-53.73106791699219, -32.10556852636719], [-53.72556791699218, -32.098168526367196], [-53.74516791699219, -32.091268526367195], [-53.74716791699218, -32.0782685263672], [-53.80216791699219, -32.070768526367196], [-53.828767916992184, -32.0579685263672], [-53.838667916992186, -32.03386852636719], [-53.85136791699219, -32.028768526367195], [-53.84986791699218, -32.000768526367196], [-53.89206791699219, -31.994368526367197], [-53.91236791699218, -31.966968526367197], [-53.96096791699219, -31.953868526367195], [-53.97226791699218, -31.940568526367194], [-53.96176791699219, -31.927268526367197], [-53.97096791699218, -31.918468526367196], [-54.00306791699219, -31.914168526367195], [-54.032767916992185, -31.896768526367197], [-54.087367916992186, -31.932968526367198], [-54.100867916992186, -31.927168526367197], [-54.11056791699218, -31.908068526367195], [-54.140667916992186, -31.894568526367195], [-54.14396791699218, -31.882968526367197], [-54.451867916992185, -31.654768526367196], [-54.45436791699218, -31.629168526367195], [-54.466167916992184, -31.612868526367198], [-54.452967916992186, -31.599268526367197], [-54.46846791699218, -31.591968526367197], [-54.473867916992184, -31.569868526367195], [-54.48946791699218, -31.563068526367196], [-54.51486791699219, -31.511268526367196], [-54.575967916992184, -31.481668526367194], [-54.58706791699218, -31.458768526367194], [-54.671667916992185, -31.453168526367197], [-54.700967916992184, -31.434768526367197], [-54.719867916992186, -31.437668526367197], [-54.72426791699219, -31.429968526367198], [-54.753467916992186, -31.424768526367195], [-54.83726791699219, -31.441068526367197], [-54.89096791699218, -31.375568526367196], [-54.904767916992185, -31.384068526367194], [-54.940767916992186, -31.379968526367197], [-54.935167916992185, -31.356668526367194], [-54.95966791699219, -31.351668526367195], [-54.952967916992186, -31.332268526367194], [-54.981367916992184, -31.312168526367195], [-54.982867916992184, -31.295368526367195], [-55.00076791699219, -31.282368526367197], [-55.00526791699218, -31.267568526367196], [-55.036167916992184, -31.275768526367195], [-55.034467916992185, -31.290968526367195], [-55.05916791699218, -31.314968526367196], [-55.060167916992185, -31.332268526367194], [-55.10886791699218, -31.308268526367197], [-55.121567916992184, -31.312768526367197], [-55.123767916992186, -31.303868526367197], [-55.16346791699219, -31.285168526367197], [-55.16926791699218, -31.270668526367196], [-55.23936791699219, -31.260968526367197], [-55.24836791699218, -31.248068526367195], [-55.25096791699218, -31.206868526367195], [-55.26206791699218, -31.195668526367196], [-55.282367916992186, -31.193168526367195], [-55.28516791699219, -31.186068526367198], [-55.270967916992184, -31.175868526367196], [-55.28946791699218, -31.164168526367195], [-55.29056791699219, -31.143268526367194], [-55.317467916992186, -31.145668526367196], [-55.319967916992184, -31.136768526367195], [-55.33836791699218, -31.132068526367195], [-55.32826791699219, -31.087868526367195], [-55.35966791699218, -31.067468526367197], [-55.35136791699219, -31.037568526367195], [-55.36806791699219, -31.034868526367198], [-55.37386791699218, -31.019068526367196], [-55.40086791699218, -31.027668526367197], [-55.41446791699218, -31.014868526367195], [-55.42286791699219, -31.016768526367194], [-55.436667916992185, -31.004168526367195], [-55.425567916992186, -30.985368526367196], [-55.44126791699219, -30.959868526367195], [-55.48386791699218, -30.949868526367197], [-55.488667916992185, -30.925368526367198], [-55.50566791699218, -30.922768526367197], [-55.51016791699219, -30.901768526367196], [-55.532367916992186, -30.902068526367195], [-55.546467916992185, -30.889568526367196], [-55.57786791699219, -30.833968526367197], [-55.60566791699219, -30.849168526367198], [-55.61526791699218, -30.842568526367195], [-55.63716791699218, -30.845968526367194], [-55.650467916992184, -30.865368526367195], [-55.659267916992185, -30.866068526367197], [-55.66306791699218, -30.872668526367196], [-55.642567916992185, -30.911168526367195], [-55.66306791699218, -30.934368526367194], [-55.66616791699219, -30.9539685263672], [-55.68736791699219, -30.952168526367196], [-55.69406791699218, -30.943568526367194], [-55.71006791699219, -30.953768526367195], [-55.72316791699218, -30.943068526367195], [-55.72856791699218, -30.978468526367195], [-55.74546791699218, -30.979268526367196], [-55.75246791699219, -30.997768526367196], [-55.77326791699218, -30.997368526367197], [-55.766467916992184, -31.009968526367196], [-55.776567916992185, -31.015668526367197], [-55.81306791699218, -31.016368526367195], [-55.829667916992186, -31.043668526367195], [-55.85566791699219, -31.045668526367194], [-55.88136791699219, -31.076068526367195], [-55.890667916992186, -31.077068526367196], [-55.89866791699218, -31.066668526367195], [-55.93436791699219, -31.086968526367198], [-55.97856791699218, -31.073468526367197], [-55.992567916992186, -31.084868526367195], [-56.00996791699218, -31.080668526367198], [-56.01786791699219, -31.047868526367196], [-56.01676791699219, -31.001868526367197], [-56.00636791699219, -30.974568526367197], [-56.01426791699218, -30.941268526367196], [-56.00566791699218, -30.922468526367197], [-56.00776791699219, -30.894568526367195], [-55.98966791699219, -30.858868526367196], [-56.015467916992186, -30.8182685263672], [-56.01296791699218, -30.806368526367194], [-56.025067916992185, -30.798568526367198], [-56.023967916992184, -30.785868526367196], [-56.039167916992184, -30.775168526367196], [-56.062267916992184, -30.774468526367194], [-56.068767916992186, -30.747168526367197], [-56.090167916992186, -30.756868526367196], [-56.10666791699218, -30.732768526367195], [-56.128267916992186, -30.7388685263672], [-56.130167916992185, -30.717368526367196], [-56.150067916992185, -30.703568526367196], [-56.137667916992186, -30.684368526367194], [-56.16456791699218, -30.666368526367194], [-56.16646791699219, -30.639668526367196], [-56.18296791699218, -30.625468526367197], [-56.17066791699219, -30.615268526367196], [-56.18916791699219, -30.604268526367196], [-56.22056791699218, -30.605968526367196], [-56.23466791699218, -30.588968526367196], [-56.224567916992186, -30.581268526367197], [-56.23496791699219, -30.5742685263672], [-56.261767916992184, -30.583968526367194], [-56.25926791699219, -30.560868526367194], [-56.28096791699218, -30.558568526367196], [-56.290267916992185, -30.522668526367198], [-56.32016791699219, -30.531568526367195], [-56.336467916992184, -30.523168526367197], [-56.33406791699218, -30.514268526367196], [-56.354667916992184, -30.493068526367196], [-56.36436791699219, -30.492668526367197], [-56.36746791699218, -30.502668526367195], [-56.383567916992185, -30.498568526367194], [-56.40556791699218, -30.469468526367194], [-56.39866791699218, -30.4492685263672], [-56.417167916992184, -30.431868526367197], [-56.43636791699218, -30.432968526367198], [-56.452467916992184, -30.422568526367197], [-56.44526791699219, -30.410368526367197], [-56.462567916992185, -30.384968526367196], [-56.48836791699219, -30.398468526367196], [-56.518667916992186, -30.360568526367196], [-56.54506791699218, -30.3608685263672], [-56.551567916992184, -30.341268526367195], [-56.53806791699218, -30.334268526367197], [-56.541767916992185, -30.313068526367196], [-56.557767916992184, -30.319068526367197], [-56.574267916992184, -30.305268526367197], [-56.575367916992185, -30.289968526367197], [-56.619667916992185, -30.298868526367194], [-56.607467916992185, -30.282068526367198], [-56.60996791699219, -30.269268526367195], [-56.61466791699219, -30.262068526367194], [-56.625467916992186, -30.266568526367195], [-56.63736791699219, -30.260368526367195], [-56.63986791699219, -30.254668526367198], [-56.62446791699219, -30.247168526367197], [-56.647667916992184, -30.222268526367195], [-56.66816791699219, -30.217568526367195], [-56.64646791699219, -30.204568526367197], [-56.682767916992184, -30.194868526367195], [-56.69786791699218, -30.203568526367196], [-56.70576791699219, -30.176168526367196], [-56.72056791699218, -30.178868526367197], [-56.75956791699218, -30.160568526367197], [-56.77726791699219, -30.1628685263672], [-56.783867916992186, -30.151168526367197], [-56.780167916992184, -30.126568526367194], [-56.79936791699218, -30.122268526367197], [-56.807167916992185, -30.103668526367194], [-56.81556791699219, -30.107468526367196], [-56.827467916992184, -30.094268526367195], [-56.86976791699219, -30.093668526367196], [-56.874767916992184, -30.086568526367195], [-56.886767916992184, -30.087868526367195], [-56.904767916992185, -30.1125685263672], [-56.914867916992186, -30.109268526367195], [-56.916767916992185, -30.096668526367196], [-56.95966791699219, -30.099968526367196], [-56.99216791699219, -30.085968526367196], [-57.02476791699219, -30.088468526367194], [-57.03206791699219, -30.102368526367197], [-57.04526791699219, -30.105568526367197], [-57.06706791699219, -30.101268526367196], [-57.06196791699219, -30.089068526367196], [-57.067667916992185, -30.085368526367198], [-57.08726791699219, -30.101968526367195], [-57.089267916992185, -30.120468526367198], [-57.11466791699219, -30.1138685263672], [-57.11396791699218, -30.127168526367196], [-57.10566791699219, -30.130168526367196], [-57.111767916992186, -30.143468526367194], [-57.12956791699219, -30.141368526367195], [-57.16816791699219, -30.198468526367197], [-57.155867916992186, -30.234768526367198], [-57.19656791699218, -30.265368526367197], [-57.20256791699218, -30.2831685263672], [-57.220267916992185, -30.289268526367195], [-57.24996791699218, -30.2891685263672], [-57.25846791699219, -30.267068526367197], [-57.284467916992185, -30.2936685263672], [-57.31436791699218, -30.257668526367198], [-57.32176791699219, -30.271268526367194], [-57.352767916992185, -30.284768526367195], [-57.35886791699218, -30.272368526367195], [-57.36976791699219, -30.272968526367194], [-57.391467916992184, -30.3043685263672], [-57.41926791699218, -30.302468526367196], [-57.416367916992186, -30.277868526367197], [-57.45216791699218, -30.275968526367194], [-57.46476791699219, -30.265168526367198], [-57.489967916992185, -30.268968526367196], [-57.49906791699219, -30.288068526367198], [-57.525067916992185, -30.285368526367197], [-57.566367916992185, -30.2587685263672], [-57.55616791699218, -30.224968526367196], [-57.55986791699219, -30.211568526367195], [-57.603367916992184, -30.189668526367196], [-57.64956791699218, -30.1887685263672], [-57.63266791699219, -30.174768526367195], [-57.587967916992184, -30.178268526367198], [-57.569167916992185, -30.171468526367196], [-57.46456791699218, -30.110268526367197], [-57.44746791699218, -30.072168526367197], [-57.40766791699218, -30.0301685263672], [-57.352767916992185, -30.008068526367197], [-57.337567916992185, -29.989968526367196], [-57.326867916992185, -29.971468526367197], [-57.32396791699219, -29.939168526367197], [-57.329667916992186, -29.887468526367197], [-57.28206791699219, -29.817168526367198], [-57.23536791699219, -29.780668526367194], [-57.17196791699219, -29.780668526367194], [-57.13276791699219, -29.770368526367196], [-57.099567916992186, -29.748268526367198], [-57.033367916992184, -29.695668526367196], [-57.000867916992185, -29.651868526367195], [-56.97096791699218, -29.643268526367194], [-56.967667916992184, -29.601768526367195], [-56.90186791699219, -29.533768526367197], [-56.82206791699218, -29.489968526367196], [-56.796867916992184, -29.449068526367196], [-56.77946791699219, -29.437368526367194], [-56.76766791699218, -29.377668526367195], [-56.713167916992184, -29.367168526367195], [-56.69986791699219, -29.3563685263672], [-56.650667916992184, -29.264268526367196], [-56.654767916992185, -29.223768526367195], [-56.645767916992185, -29.200268526367196], [-56.616867916992184, -29.171068526367197], [-56.588667916992186, -29.119768526367196], [-56.54416791699218, -29.1155685263672], [-56.513967916992186, -29.092268526367196], [-56.430467916992185, -29.079568526367197], [-56.41596791699219, -29.068868526367197], [-56.39976791699219, -29.015968526367196], [-56.41616791699219, -29.000568526367196], [-56.406267916992185, -28.972568526367198], [-56.378867916992185, -28.947968526367198], [-56.32736791699219, -28.928368526367194], [-56.30036791699219, -28.896268526367194], [-56.301167916992185, -28.816968526367198], [-56.289167916992184, -28.7936685263672], [-56.260967916992186, -28.778968526367194], [-56.18806791699218, -28.772268526367196], [-56.119067916992186, -28.681168526367195], [-56.05616791699218, -28.629168526367195], [-56.009667916992186, -28.605668526367197], [-56.002367916992185, -28.578268526367197], [-56.025667916992184, -28.534768526367195], [-56.010267916992184, -28.506368526367197], [-55.88386791699219, -28.479168526367197], [-55.903067916992185, -28.407568526367196], [-55.87876791699219, -28.361868526367196], [-55.85946791699219, -28.354768526367195], [-55.75656791699218, -28.369368526367197], [-55.734367916992184, -28.381268526367194], [-55.713167916992184, -28.425568526367197], [-55.69516791699219, -28.422868526367196], [-55.670367916992184, -28.334368526367196], [-55.73216791699218, -28.2863685263672], [-55.77216791699219, -28.274368526367198], [-55.78206791699219, -28.255268526367196], [-55.771167916992184, -28.241368526367197], [-55.692467916992186, -28.218768526367196], [-55.65296791699218, -28.182168526367196], [-55.63416791699218, -28.177768526367196], [-55.60976791699218, -28.117168526367195], [-55.587567916992185, -28.119468526367196], [-55.58536791699218, -28.147868526367198], [-55.55746791699218, -28.164468526367195], [-55.540067916992186, -28.123268526367198], [-55.51316791699219, -28.114668526367197], [-55.49546791699218, -28.076768526367196], [-55.45236791699219, -28.097868526367197], [-55.442467916992186, -28.094268526367195], [-55.41386791699219, -28.054668526367195], [-55.36936791699219, -28.027268526367195], [-55.38716791699218, -27.989968526367196], [-55.38216791699219, -27.979168526367197], [-55.33846791699219, -27.9661685263672], [-55.33036791699219, -27.931368526367194], [-55.31926791699219, -27.9218685263672], [-55.27796791699218, -27.9340685263672], [-55.266467916992184, -27.929768526367198], [-55.20266791699218, -27.857768526367195], [-55.17136791699218, -27.861368526367194], [-55.133167916992186, -27.8959685263672], [-55.125267916992186, -27.887868526367196], [-55.125867916992185, -27.8593685263672], [-55.113667916992185, -27.848968526367194], [-55.08536791699218, -27.843068526367198], [-55.03056791699218, -27.854968526367195], [-55.028467916992184, -27.829368526367197], [-55.08256791699219, -27.796068526367197], [-55.08036791699219, -27.7784685263672], [-55.05086791699219, -27.768668526367197], [-55.01426791699218, -27.796968526367195], [-54.999367916992185, -27.791668526367197], [-54.988667916992185, -27.772168526367196], [-54.95496791699219, -27.778768526367195], [-54.937967916992186, -27.770768526367196], [-54.90236791699218, -27.715568526367196], [-54.906467916992185, -27.641768526367194], [-54.888467916992184, -27.626568526367194], [-54.861067916992184, -27.629168526367195], [-54.847867916992186, -27.6215685263672], [-54.826467916992186, -27.553968526367196], [-54.81026791699219, -27.530368526367198], [-54.79506791699218, -27.534868526367198], [-54.778067916992185, -27.583668526367198], [-54.758767916992184, -27.581468526367196], [-54.73856791699218, -27.560868526367194], [-54.681967916992186, -27.574368526367195], [-54.671467916992185, -27.565568526367194], [-54.67976791699218, -27.527568526367197], [-54.67546791699219, -27.5057685263672], [-54.66006791699219, -27.508568526367196], [-54.642367916992185, -27.544768526367196], [-54.62686791699218, -27.543968526367195], [-54.58536791699218, -27.454668526367197], [-54.56666791699219, -27.457568526367197], [-54.537067916992186, -27.5027685263672], [-54.524867916992186, -27.506068526367194], [-54.506267916992186, -27.482268526367196], [-54.44576791699218, -27.472068526367195], [-54.44386791699219, -27.459868526367195], [-54.469867916992186, -27.437968526367197], [-54.469867916992186, -27.425768526367197], [-54.43906791699219, -27.424668526367196], [-54.410567916992186, -27.405468526367194], [-54.392167916992186, -27.418068526367197], [-54.35716791699218, -27.464868526367198], [-54.34256791699218, -27.465168526367197], [-54.33506791699219, -27.451268526367194], [-54.33826791699218, -27.403068526367196], [-54.310567916992184, -27.4218685263672], [-54.29416791699218, -27.445968526367196], [-54.28366791699219, -27.4477685263672], [-54.26826791699219, -27.436268526367197], [-54.263967916992186, -27.399268526367194], [-54.21436791699219, -27.381568526367197], [-54.21326791699218, -27.351168526367196], [-54.193267916992184, -27.308368526367197], [-54.18906791699219, -27.271568526367197], [-54.17416791699219, -27.254868526367197], [-54.15696791699219, -27.264568526367196], [-54.155167916992184, -27.296468526367196], [-54.089067916992185, -27.301168526367196], [-54.072167916992186, -27.2908685263672], [-54.05186791699219, -27.261468526367196], [-54.02436791699219, -27.251568526367194], [-54.007067916992185, -27.197968526367198], [-53.96006791699219, -27.195268526367194], [-53.960667916992186, -27.165068526367197], [-53.953167916992186, -27.152868526367197], [-53.93356791699219, -27.155868526367197], [-53.90976791699218, -27.176068526367196], [-53.895167916992186, -27.166668526367197], [-53.875267916992186, -27.125868526367196], [-53.86116791699219, -27.128468526367197], [-53.83786791699218, -27.168068526367197], [-53.83616791699218, -27.153368526367196], [-53.82546791699218, -27.144768526367194], [-53.798167916992185, -27.144868526367198], [-53.79896791699218, -27.137068526367194], [-53.823867916992185, -27.134068526367194], [-53.82486791699219, -27.127368526367196], [-53.80496791699218, -27.123268526367198], [-53.81796791699219, -27.103668526367194], [-53.812267916992184, -27.097868526367197], [-53.79786791699219, -27.109968526367197], [-53.77816791699219, -27.103868526367194], [-53.805467916992185, -27.079068526367195], [-53.79616791699219, -27.066668526367195], [-53.785367916992186, -27.077368526367195], [-53.77236791699218, -27.073868526367196], [-53.797767916992186, -27.058568526367196], [-53.80186791699219, -27.040068526367197], [-53.763467916992184, -27.0665685263672], [-53.76076791699219, -27.060168526367196], [-53.77726791699219, -27.049168526367197], [-53.785567916992186, -27.026568526367196], [-53.76466791699218, -27.044668526367197], [-53.74856791699219, -27.032768526367196], [-53.76356791699219, -27.007768526367194], [-53.75376791699219, -27.004868526367197], [-53.74046791699219, -27.014068526367197], [-53.73256791699218, -27.004868526367197], [-53.74326791699218, -26.992268526367198], [-53.71866791699219, -26.990268526367196], [-53.735667916992185, -26.974268526367197], [-53.72726791699219, -26.959668526367196], [-53.711267916992185, -26.965168526367197], [-53.70236791699219, -26.957268526367194], [-53.70966791699219, -26.934668526367197], [-53.669967916992185, -26.943468526367198], [-53.69686791699219, -26.9280685263672], [-53.674667916992185, -26.912068526367197], [-53.67966791699219, -26.902668526367197], [-53.67216791699218, -26.896168526367198], [-53.696067916992185, -26.886368526367196], [-53.68076791699218, -26.869768526367196], [-53.69596791699219, -26.858968526367196], [-53.66306791699218, -26.864168526367195], [-53.660967916992185, -26.858168526367194], [-53.677867916992184, -26.842968526367194], [-53.69516791699219, -26.847368526367198], [-53.689867916992185, -26.8379685263672], [-53.705067916992185, -26.815868526367197], [-53.69816791699219, -26.813868526367195], [-53.70156791699219, -26.798068526367196], [-53.717267916992185, -26.782868526367196], [-53.70026791699219, -26.7709685263672], [-53.710167916992184, -26.766068526367196], [-53.72916791699218, -26.774068526367195], [-53.742967916992185, -26.764068526367197], [-53.724567916992186, -26.762968526367196], [-53.714467916992184, -26.750168526367197], [-53.73146791699219, -26.7313685263672], [-53.73836791699219, -26.7418685263672], [-53.74946791699219, -26.7418685263672], [-53.743367916992185, -26.730368526367194], [-53.75846791699219, -26.719568526367198], [-53.755167916992185, -26.710168526367198], [-53.74906791699219, -26.718368526367197], [-53.73496791699219, -26.716768526367197], [-53.74326791699218, -26.680768526367196], [-53.72896791699219, -26.691968526367198], [-53.71756791699218, -26.684368526367194], [-53.731167916992185, -26.678568526367194], [-53.718767916992185, -26.6658685263672], [-53.720867916992184, -26.652568526367197], [-53.724767916992185, -26.658868526367197], [-53.73496791699219, -26.646068526367195], [-53.75956791699218, -26.6414685263672], [-53.750467916992186, -26.635968526367197], [-53.740367916992184, -26.6429685263672], [-53.741067916992186, -26.630468526367196], [-53.73026791699219, -26.6215685263672], [-53.732467916992185, -26.5864685263672], [-53.72526791699218, -26.588668526367197], [-53.72146791699218, -26.570968526367196], [-53.72426791699219, -26.562768526367197], [-53.735667916992185, -26.5665685263672], [-53.72556791699218, -26.554768526367198], [-53.74086791699219, -26.543568526367196], [-53.72146791699218, -26.5408685263672], [-53.71786791699218, -26.528368526367196], [-53.72636791699219, -26.526168526367197], [-53.73066791699219, -26.503868526367196], [-53.70456791699219, -26.507068526367195], [-53.708267916992185, -26.500568526367196], [-53.69706791699218, -26.489968526367196], [-53.69856791699219, -26.474168526367194], [-53.70626791699219, -26.480668526367197], [-53.71546791699218, -26.470968526367194], [-53.70456791699219, -26.463668526367197], [-53.699267916992184, -26.469468526367194], [-53.70456791699219, -26.442668526367196], [-53.688767916992184, -26.4432685263672], [-53.68716791699218, -26.428268526367198], [-53.70536791699219, -26.415268526367196], [-53.69686791699219, -26.4034685263672], [-53.708467916992184, -26.387368526367197], [-53.698867916992185, -26.383468526367196], [-53.700967916992184, -26.367268526367198], [-53.69056791699219, -26.359968526367197], [-53.695667916992186, -26.355268526367198], [-53.68546791699218, -26.336868526367198], [-53.67136791699218, -26.329268526367194], [-53.64566791699218, -26.285868526367196], [-53.64476791699218, -26.249968526367198], [-53.63816791699219, -26.248768526367197], [-53.653067916992185, -26.235268526367197], [-53.641467916992184, -26.214368526367195], [-53.65226791699219, -26.205968526367194], [-53.65016791699219, -26.195168526367198], [-53.699267916992184, -26.152968526367196], [-53.710867916992186, -26.130468526367196], [-53.741467916992185, -26.115068526367196], [-53.73966791699219, -26.082568526367197], [-53.727367916992186, -26.065768526367197], [-53.73466791699218, -26.044168526367194], [-53.77146791699219, -26.030468526367194], [-53.780867916992186, -26.008468526367196], [-53.80366791699218, -25.996368526367196], [-53.803567916992186, -25.984768526367198], [-53.81716791699219, -25.989468526367197], [-53.81626791699219, -25.978868526367194], [-53.83506791699219, -25.972568526367198], [-53.829867916992185, -25.963468526367194], [-53.83986791699218, -25.953568526367196], [-53.842067916992185, -25.932968526367198], [-53.83256791699219, -25.923168526367196], [-53.822367916992185, -25.928868526367197], [-53.82136791699219, -25.9111685263672], [-53.834367916992186, -25.911768526367197], [-53.81986791699218, -25.897568526367195], [-53.84726791699218, -25.887468526367197], [-53.82486791699219, -25.872668526367196], [-53.83536791699218, -25.867568526367194], [-53.832667916992186, -25.858868526367196], [-53.842067916992185, -25.859968526367197], [-53.834367916992186, -25.8503685263672], [-53.840367916992186, -25.841968526367197], [-53.84986791699218, -25.840168526367197], [-53.83546791699219, -25.814968526367196], [-53.82026791699219, -25.816368526367196], [-53.82786791699219, -25.807168526367196], [-53.82176791699219, -25.796368526367196], [-53.840967916992184, -25.790568526367196], [-53.83226791699218, -25.778768526367195], [-53.855367916992186, -25.765768526367197], [-53.84066791699219, -25.760668526367198], [-53.83546791699219, -25.749368526367196], [-53.86466791699219, -25.744668526367196], [-53.859367916992184, -25.722768526367197], [-53.87876791699219, -25.708168526367196], [-53.86546791699219, -25.702868526367197], [-53.87196791699219, -25.695168526367198], [-53.853167916992184, -25.706768526367195], [-53.854267916992185, -25.6915685263672], [-53.843167916992186, -25.6887685263672], [-53.858967916992185, -25.678268526367198], [-53.86246791699219, -25.658968526367197], [-53.87706791699219, -25.654568526367196], [-53.88856791699219, -25.6611685263672], [-53.876967916992186, -25.644268526367195], [-53.89456791699219, -25.642868526367195], [-53.89206791699219, -25.622668526367196], [-53.91306791699218, -25.635368526367195], [-53.92066791699219, -25.629168526367195], [-53.91666791699218, -25.617268526367198], [-53.93186791699219, -25.622468526367197], [-53.94786791699218, -25.611768526367197], [-53.953167916992186, -25.624468526367195], [-53.94526791699219, -25.631368526367197], [-53.953767916992184, -25.646768526367197], [-53.96336791699218, -25.639868526367195], [-53.96756791699218, -25.612468526367195], [-53.977367916992186, -25.612468526367195], [-53.97096791699218, -25.600668526367194], [-54.01076791699219, -25.5665685263672], [-54.02476791699219, -25.5637685263672], [-54.051167916992185, -25.585068526367195], [-54.07996791699219, -25.558568526367196], [-54.091167916992184, -25.616068526367194], [-54.10176791699219, -25.617968526367196], [-54.12336791699218, -25.5680685263672], [-54.093767916992185, -25.514368526367196], [-54.09446791699219, -25.498868526367197], [-54.10356791699218, -25.494368526367197], [-54.13436791699219, -25.511568526367196], [-54.16306791699218, -25.542568526367198], [-54.191567916992184, -25.534168526367196], [-54.20626791699219, -25.541668526367197], [-54.205467916992184, -25.556668526367197], [-54.17906791699218, -25.566668526367195], [-54.17526791699218, -25.583268526367196], [-54.199067916992185, -25.582168526367198], [-54.229667916992184, -25.562968526367197], [-54.237167916992185, -25.568468526367198], [-54.23556791699218, -25.593768526367196], [-54.25376791699219, -25.596368526367197], [-54.28816791699219, -25.5543685263672], [-54.328967916992184, -25.571868526367197], [-54.34986791699218, -25.606968526367197], [-54.371567916992184, -25.594468526367194], [-54.38406791699218, -25.596468526367197], [-54.392167916992186, -25.633068526367197], [-54.425567916992186, -25.659868526367198], [-54.42386791699219, -25.692768526367196], [-54.43166791699218, -25.697068526367197], [-54.450767916992184, -25.657768526367196], [-54.492567916992186, -25.618268526367196], [-54.50296791699218, -25.614468526367197], [-54.523967916992184, -25.628868526367196], [-54.53776791699218, -25.616168526367197], [-54.534867916992184, -25.598768526367195], [-54.553567916992186, -25.587868526367195], [-54.592267916992185, -25.592268526367196], [-54.601667916992184, -25.486968526367196], [-54.617767916992186, -25.469268526367195], [-54.61936791699219, -25.451068526367195], [-54.60246791699218, -25.437968526367197], [-54.582867916992186, -25.391568526367195], [-54.50156791699219, -25.297168526367194], [-54.46156791699218, -25.186568526367196], [-54.447767916992184, -25.1686685263672], [-54.42686791699219, -25.165368526367196], [-54.43446791699219, -25.132968526367197], [-54.46196791699219, -25.096368526367197], [-54.46286791699218, -25.057168526367196], [-54.38986791699219, -24.777268526367195], [-54.33106791699218, -24.690468526367198], [-54.31796791699219, -24.590568526367196], [-54.33616791699218, -24.507968526367197], [-54.32656791699219, -24.4659685263672], [-54.276567916992185, -24.402568526367197], [-54.258167916992186, -24.365768526367198], [-54.27736791699218, -24.291368526367194], [-54.32246791699218, -24.251568526367194], [-54.330667916992184, -24.230268526367198], [-54.327467916992184, -24.196368526367195], [-54.34556791699218, -24.157268526367197], [-54.33976791699219, -24.122668526367196], [-54.28516791699219, -24.067768526367196], [-54.30986791699219, -24.046368526367196], [-54.32326791699219, -24.004668526367198], [-54.34626791699219, -24.001368526367195], [-54.35196791699218, -24.007668526367198], [-54.38416791699218, -23.985768526367195], [-54.394267916992185, -23.965168526367197], [-54.41386791699219, -23.958568526367195], [-54.42496791699219, -23.9308685263672], [-54.43296791699218, -23.928668526367197], [-54.42686791699219, -23.914468526367195], [-54.44016791699218, -23.904268526367197], [-54.47056791699218, -23.897868526367198], [-54.48726791699218, -23.9036685263672], [-54.492967916992185, -23.884968526367196], [-54.51486791699219, -23.885168526367195], [-54.53886791699219, -23.869068526367194], [-54.56856791699218, -23.874368526367196], [-54.56606791699218, -23.853668526367194], [-54.58406791699218, -23.836968526367194], [-54.60886791699218, -23.851468526367196], [-54.61656791699218, -23.835068526367195], [-54.64676791699219, -23.833668526367198], [-54.66946791699219, -23.812468526367198], [-54.698467916992186, -23.841968526367197], [-54.69786791699218, -23.857768526367195], [-54.70626791699219, -23.864468526367197], [-54.745267916992184, -23.868668526367195], [-54.75906791699218, -23.856668526367194], [-54.763967916992186, -23.866168526367197], [-54.79636791699218, -23.870868526367197], [-54.81416791699219, -23.890368526367197], [-54.83546791699219, -23.884068526367194], [-54.849767916992185, -23.896868526367196], [-54.85026791699218, -23.907868526367196], [-54.87336791699218, -23.909168526367196], [-54.885967916992186, -23.897368526367195], [-54.89356791699218, -23.910668526367196], [-54.92686791699219, -23.924768526367195], [-54.92606791699218, -23.960968526367196], [-54.966667916992186, -23.9661685263672], [-54.97636791699219, -23.957668526367197], [-54.99856791699219, -23.957568526367197], [-55.06326791699219, -23.992568526367194], [-55.090167916992186, -23.982568526367196], [-55.10716791699218, -23.961968526367194], [-55.13796791699218, -23.986868526367196], [-55.155867916992186, -23.983068526367198], [-55.178567916992186, -23.993668526367195], [-55.19856791699219, -23.987968526367197], [-55.20686791699218, -24.003568526367197], [-55.22806791699219, -24.0134685263672], [-55.30336791699219, -23.965868526367196], [-55.317667916992185, -23.962868526367195], [-55.33596791699219, -23.992968526367196], [-55.34536791699219, -23.994468526367196], [-55.375467916992186, -23.979768526367195], [-55.378267916992186, -23.970568526367195], [-55.402867916992186, -23.974168526367194], [-55.405167916992184, -23.964868526367198], [-55.41426791699219, -23.964568526367195], [-55.420367916992184, -23.9430685263672], [-55.43266791699219, -23.940568526367194], [-55.42776791699218, -23.926168526367196], [-55.44516791699219, -23.917268526367195], [-55.435767916992184, -23.874068526367196], [-55.441567916992184, -23.829268526367194], [-55.45256791699218, -23.819868526367195], [-55.43016791699219, -23.790068526367197], [-55.43376791699218, -23.7709685263672], [-55.447167916992186, -23.760168526367195], [-55.44856791699219, -23.742168526367195], [-55.436267916992186, -23.716668526367194], [-55.44106791699218, -23.710068526367195], [-55.462367916992186, -23.712268526367197], [-55.46226791699219, -23.684468526367198], [-55.47506791699219, -23.674768526367195], [-55.474567916992186, -23.650368526367195], [-55.483967916992185, -23.640168526367198], [-55.50996791699218, -23.631268526367194], [-55.51106791699219, -23.623268526367198], [-55.53206791699219, -23.630268526367196], [-55.53976791699219, -23.625168526367197], [-55.53816791699219, -23.591968526367197], [-55.52646791699219, -23.567368526367197], [-55.56196791699219, -23.476168526367196], [-55.544967916992185, -23.477268526367197], [-55.54466791699218, -23.4492685263672], [-55.515467916992186, -23.409468526367196], [-55.50436791699218, -23.378468526367197], [-55.534467916992185, -23.333268526367196], [-55.555867916992185, -23.316268526367196], [-55.54916791699219, -23.303668526367197], [-55.553067916992184, -23.279468526367197], [-55.52256791699219, -23.259668526367197], [-55.54036791699218, -23.244068526367194], [-55.53666791699219, -23.235768526367195], [-55.54616791699219, -23.220168526367196], [-55.53416791699219, -23.216768526367197], [-55.523167916992186, -23.1977685263672], [-55.543067916992186, -23.180768526367196], [-55.541767916992185, -23.156168526367196], [-55.573467916992186, -23.143268526367194], [-55.596767916992185, -23.152568526367197], [-55.599567916992186, -23.104168526367197], [-55.61726791699218, -23.081768526367195], [-55.61136791699219, -23.048868526367194], [-55.639367916992185, -23.025868526367198], [-55.628467916992186, -22.998268526367198], [-55.63386791699219, -22.991668526367196], [-55.62186791699219, -22.984468526367195], [-55.638267916992184, -22.950468526367196], [-55.64756791699219, -22.949868526367197], [-55.64946791699219, -22.890968526367196], [-55.661167916992184, -22.882168526367195], [-55.665667916992184, -22.852468526367197], [-55.65096791699219, -22.792068526367196], [-55.635967916992186, -22.770768526367196], [-55.61826791699218, -22.767668526367196], [-55.62596791699218, -22.759168526367198], [-55.61296791699219, -22.738868526367195], [-55.61436791699219, -22.655068526367195], [-55.62216791699218, -22.651568526367196], [-55.63136791699219, -22.620468526367198], [-55.683267916992186, -22.587568526367196], [-55.698467916992186, -22.563268526367196], [-55.723467916992185, -22.551668526367198], [-55.751267916992184, -22.481668526367198], [-55.73386791699218, -22.441568526367195], [-55.74196791699218, -22.395368526367196], [-55.747667916992185, -22.384868526367196], [-55.79106791699218, -22.388468526367195], [-55.80336791699219, -22.370868526367197], [-55.800767916992186, -22.355268526367198], [-55.82096791699219, -22.345068526367196], [-55.83146791699218, -22.324868526367197], [-55.84306791699218, -22.287068526367197], [-55.914867916992186, -22.278468526367195], [-55.946067916992185, -22.284468526367196], [-55.949067916992185, -22.291668526367197], [-55.97056791699218, -22.290868526367195], [-55.982867916992184, -22.279168526367197], [-56.01106791699219, -22.293168526367197], [-56.012467916992186, -22.287068526367197], [-56.055867916992185, -22.276768526367196], [-56.069367916992185, -22.285868526367196], [-56.09196791699219, -22.285068526367198], [-56.12356791699219, -22.271568526367197], [-56.130167916992185, -22.283868526367197], [-56.165667916992184, -22.286668526367198], [-56.19446791699218, -22.272768526367198], [-56.21006791699219, -22.277068526367195], [-56.23196791699219, -22.257368526367195], [-56.237567916992184, -22.237168526367196], [-56.27596791699219, -22.236468526367197], [-56.300567916992186, -22.217268526367196], [-56.31626791699219, -22.217868526367198], [-56.35056791699218, -22.173868526367198], [-56.363667916992185, -22.170068526367196], [-56.37336791699218, -22.149868526367197], [-56.368367916992185, -22.137468526367197], [-56.382067916992185, -22.104668526367195], [-56.392567916992185, -22.099868526367196], [-56.39506791699219, -22.076068526367198], [-56.430867916992185, -22.084768526367196], [-56.470267916992185, -22.079968526367196], [-56.47746791699218, -22.092668526367195], [-56.505567916992185, -22.096268526367197], [-56.52366791699218, -22.121568526367195], [-56.519667916992184, -22.140468526367197], [-56.53946791699218, -22.147168526367196], [-56.53366791699219, -22.159468526367196], [-56.55616791699218, -22.169268526367198], [-56.556567916992186, -22.196068526367196], [-56.59366791699219, -22.217368526367196], [-56.59916791699219, -22.212668526367196], [-56.608567916992186, -22.221168526367197], [-56.60646791699219, -22.230868526367196], [-56.628467916992186, -22.246568526367195], [-56.64176791699219, -22.244068526367197], [-56.641067916992185, -22.263968526367197], [-56.67756791699219, -22.245168526367195], [-56.682767916992184, -22.221468526367197], [-56.703167916992186, -22.217668526367195], [-56.695667916992186, -22.231768526367198], [-56.72036791699219, -22.263568526367198], [-56.74696791699219, -22.236068526367195], [-56.752167916992185, -22.245468526367198], [-56.76656791699219, -22.244968526367195], [-56.763467916992184, -22.250568526367196], [-56.77626791699218, -22.259868526367196], [-56.79226791699219, -22.242168526367195], [-56.804167916992185, -22.252668526367195], [-56.803967916992185, -22.284168526367196], [-56.843167916992186, -22.301368526367195], [-56.88006791699219, -22.276168526367197], [-56.875867916992185, -22.262468526367197], [-56.88626791699218, -22.246068526367196], [-56.90676791699218, -22.265968526367196], [-56.927467916992185, -22.251268526367195], [-56.94636791699219, -22.255968526367198], [-56.95906791699218, -22.238368526367196], [-56.98726791699218, -22.242268526367198], [-56.99626791699218, -22.223068526367197], [-57.00956791699218, -22.234668526367198], [-57.04316791699219, -22.241868526367195], [-57.05856791699219, -22.229968526367195], [-57.05986791699219, -22.242268526367198], [-57.082667916992186, -22.250868526367196], [-57.08896791699219, -22.242168526367195], [-57.093167916992186, -22.248268526367195], [-57.108567916992186, -22.242468526367198], [-57.10926791699218, -22.225968526367197], [-57.183267916992186, -22.235368526367196], [-57.19056791699219, -22.217068526367196], [-57.202067916992185, -22.211568526367195], [-57.214067916992185, -22.218668526367196], [-57.218367916992186, -22.240268526367196], [-57.236067916992184, -22.250168526367197], [-57.26976791699218, -22.237468526367195], [-57.270967916992184, -22.230268526367198], [-57.278467916992184, -22.234268526367195], [-57.29246791699218, -22.219768526367197], [-57.31026791699219, -22.228468526367195], [-57.32016791699219, -22.245168526367195], [-57.33466791699219, -22.229968526367195], [-57.37406791699219, -22.231468526367195], [-57.37856791699218, -22.212668526367196], [-57.40696791699219, -22.197968526367195], [-57.424667916992185, -22.204268526367198], [-57.42436791699218, -22.197868526367195], [-57.43436791699219, -22.199968526367197], [-57.44746791699218, -22.187268526367195], [-57.48936791699219, -22.191068526367197], [-57.493567916992184, -22.181868526367197], [-57.506467916992186, -22.184268526367195], [-57.523967916992184, -22.168968526367195], [-57.54356791699219, -22.181668526367197], [-57.58146791699218, -22.174168526367197], [-57.58836791699218, -22.165068526367197], [-57.585167916992184, -22.141368526367195], [-57.59406791699219, -22.143268526367198], [-57.61226791699218, -22.123268526367195], [-57.613867916992184, -22.094468526367198], [-57.653667916992184, -22.106768526367198], [-57.67476791699218, -22.102768526367196], [-57.689867916992185, -22.088768526367197], [-57.706767916992185, -22.091968526367197], [-57.71696791699219, -22.113668526367196], [-57.73106791699219, -22.099768526367196], [-57.737567916992184, -22.102568526367197], [-57.738267916992186, -22.133468526367196], [-57.747667916992185, -22.138968526367197], [-57.77966791699218, -22.125868526367196], [-57.80196791699218, -22.150768526367198], [-57.828967916992184, -22.120168526367195], [-57.86526791699218, -22.135668526367198], [-57.88816791699219, -22.124068526367196], [-57.92976791699218, -22.119668526367196], [-57.921467916992185, -22.108968526367196], [-57.935567916992184, -22.101768526367195], [-57.94196791699218, -22.082868526367196], [-57.95576791699219, -22.086268526367196], [-57.96176791699219, -22.078768526367195], [-57.967067916992185, -22.089268526367196], [-57.99366791699218, -22.089368526367195], [-57.98426791699218, -22.063568526367195], [-58.007067916992185, -22.049968526367195], [-58.00826791699218, -22.034168526367196], [-57.96476791699219, -22.001068526367195], [-57.96506791699218, -21.983568526367197], [-57.93696791699219, -21.927868526367195], [-57.947967916992184, -21.900368526367195], [-57.914167916992184, -21.884968526367196], [-57.919967916992185, -21.873768526367197], [-57.971767916992185, -21.847068526367195], [-57.931067916992184, -21.824568526367198], [-57.90846791699218, -21.773968526367195], [-57.94056791699219, -21.757768526367197], [-57.947367916992185, -21.745868526367197], [-57.940967916992186, -21.732868526367195], [-57.88326791699218, -21.687968526367197], [-57.93336791699218, -21.651568526367196], [-57.94216791699219, -21.620868526367197], [-57.913967916992185, -21.590368526367197], [-57.96156791699218, -21.562368526367198], [-57.967667916992184, -21.521468526367197], [-57.926567916992184, -21.468768526367196], [-57.92716791699219, -21.449868526367197], [-57.90806791699218, -21.402568526367197], [-57.861067916992184, -21.350568526367198], [-57.85366791699219, -21.332068526367195], [-57.854667916992184, -21.316868526367195], [-57.89486791699218, -21.307168526367196], [-57.92136791699218, -21.278768526367195], [-57.85306791699219, -21.227068526367198], [-57.848867916992184, -21.187768526367197], [-57.864967916992185, -21.136268526367196], [-57.845867916992184, -21.096968526367196], [-57.86576791699218, -21.066668526367195], [-57.86826791699218, -21.041768526367196], [-57.81736791699218, -20.979668526367195], [-57.825167916992186, -20.965168526367197], [-57.818767916992186, -20.945168526367198], [-57.828567916992185, -20.933868526367196], [-57.84446791699219, -20.946368526367195], [-57.86356791699218, -20.948768526367196], [-57.88646791699219, -20.908468526367198], [-57.928067916992184, -20.900168526367196], [-57.92646791699218, -20.891868526367197], [-57.876967916992186, -20.856468526367195], [-57.857867916992184, -20.850868526367197], [-57.854667916992184, -20.835668526367197], [-57.89326791699219, -20.790668526367195], [-57.910967916992185, -20.788868526367196], [-57.94126791699219, -20.800768526367197], [-57.961267916992185, -20.791468526367197], [-57.934067916992184, -20.745868526367197], [-57.867967916992185, -20.749368526367196], [-57.87016791699219, -20.725368526367195], [-57.92306791699218, -20.664468526367195], [-57.936667916992185, -20.669968526367196], [-57.95816791699218, -20.704868526367196], [-57.98786791699219, -20.699568526367198], [-57.970867916992184, -20.643168526367198], [-57.99546791699218, -20.631668526367196], [-58.012467916992186, -20.612568526367195], [-57.99716791699218, -20.572368526367196], [-58.01986791699218, -20.514368526367196], [-57.998067916992184, -20.436868526367196], [-58.02176791699219, -20.401868526367195], [-58.06716791699219, -20.391068526367196], [-58.08396791699219, -20.372168526367197], [-58.10286791699218, -20.319868526367195], [-58.08976791699219, -20.276768526367196], [-58.09666791699219, -20.253868526367196], [-58.119467916992186, -20.249468526367195], [-58.14436791699218, -20.271768526367197], [-58.159467916992185, -20.263768526367198], [-58.16596791699219, -20.231768526367198], [-58.12186791699219, -20.194368526367196], [-58.132467916992184, -20.181868526367197], [-58.15866791699219, -20.181368526367198], [-58.16816791699219, -20.172268526367198], [-58.15256791699218, -20.152868526367197], [-58.11616791699218, -20.144368526367195], [-58.08896791699219, -20.107768526367195], [-58.04826791699219, -20.104268526367196], [-58.033167916992184, -20.065168526367195], [-58.02286791699218, -20.058068526367197], [-57.98326791699219, -20.056868526367197], [-57.958667916992184, -20.021768526367197], [-57.92756791699219, -20.022968526367197], [-57.90226791699219, -20.042068526367196], [-57.858067916992184, -19.971368526367197], [-58.13176791699219, -19.758468526367196], [-57.784467916992185, -19.033868526367197], [-57.710167916992184, -19.032568526367196], [-57.693767916992186, -19.010268526367195], [-57.70436791699218, -18.986468526367197], [-57.71926791699218, -18.976968526367195], [-57.71976791699218, -18.898968526367195], [-57.76656791699219, -18.899268526367198], [-57.557767916992184, -18.240268526367196], [-57.45516791699218, -18.230568526367197], [-57.473667916992184, -18.217268526367196], [-57.482067916992186, -18.197868526367195], [-57.505167916992185, -18.200268526367196], [-57.57486791699219, -18.131868526367196], [-57.60006791699219, -18.046368526367196], [-57.72056791699218, -17.827868526367197], [-57.68306791699219, -17.828168526367197], [-57.683267916992186, -17.807968526367198], [-57.720067916992186, -17.771768526367197], [-57.709567916992185, -17.729768526367195], [-57.73086791699218, -17.718668526367196], [-57.762867916992185, -17.660168526367197], [-57.775667916992184, -17.656268526367196], [-57.783367916992184, -17.639268526367196], [-57.771867916992186, -17.614668526367197], [-57.782567916992186, -17.612968526367197], [-57.77436791699219, -17.598368526367196], [-57.78666791699219, -17.592268526367196], [-57.77706791699218, -17.585068526367195], [-57.789867916992186, -17.586468526367195], [-57.781667916992184, -17.577368526367195], [-57.79526791699219, -17.559068526367195], [-57.752367916992185, -17.564368526367197], [-57.88346791699219, -17.449568526367198], [-57.997467916992186, -17.515168526367198], [-58.01016791699219, -17.499668526367195], [-58.04336791699218, -17.492668526367197], [-58.060167916992185, -17.450668526367195], [-58.090167916992186, -17.460968526367196], [-58.11726791699218, -17.451068526367198], [-58.12276791699219, -17.414568526367198], [-58.14736791699218, -17.411468526367198], [-58.15236791699218, -17.384068526367198], [-58.18546791699218, -17.391468526367195], [-58.200367916992185, -17.382968526367197], [-58.19516791699219, -17.368868526367198], [-58.203167916992186, -17.356468526367195], [-58.218167916992186, -17.360068526367197], [-58.227567916992186, -17.348368526367196], [-58.25466791699219, -17.352468526367197], [-58.26356791699219, -17.330368526367195], [-58.27646791699219, -17.323568526367197], [-58.27726791699219, -17.299968526367195], [-58.298567916992184, -17.297868526367196], [-58.292167916992184, -17.287268526367196], [-58.30576791699218, -17.267868526367195], [-58.318467916992184, -17.267368526367196], [-58.319567916992185, -17.255668526367195], [-58.35646791699219, -17.212268526367197], [-58.36446791699218, -17.213168526367195], [-58.36466791699219, -17.199668526367198], [-58.396867916992186, -17.181568526367197], [-58.39756791699219, -17.136768526367195], [-58.38606791699219, -17.111368526367198], [-58.397067916992185, -17.104668526367195], [-58.42536791699219, -17.111968526367196], [-58.425767916992186, -17.089368526367195], [-58.43586791699218, -17.082668526367197], [-58.432167916992185, -17.058768526367196], [-58.422767916992186, -17.053268526367198], [-58.433867916992185, -17.038868526367196], [-58.416767916992185, -17.035668526367196], [-58.434967916992186, -17.027268526367195], [-58.435767916992184, -17.008468526367196], [-58.42396791699218, -16.988668526367196], [-58.431567916992186, -16.990768526367198], [-58.44706791699218, -16.978868526367197], [-58.44876791699218, -16.967568526367195], [-58.460167916992184, -16.965868526367196], [-58.45756791699219, -16.939068526367198], [-58.47446791699218, -16.934868526367197], [-58.468767916992185, -16.923968526367197], [-58.47376791699219, -16.915568526367196], [-58.460867916992186, -16.899268526367198], [-58.46796791699219, -16.897568526367195], [-58.461467916992184, -16.849468526367197], [-58.467667916992184, -16.849168526367198], [-58.46226791699219, -16.840068526367197], [-58.47746791699218, -16.815468526367198], [-58.471967916992185, -16.791368526367197], [-58.458667916992184, -16.785868526367196], [-58.47316791699218, -16.745868526367197], [-58.47056791699218, -16.705368526367195], [-58.462967916992184, -16.652268526367195], [-58.43606791699219, -16.592268526367196], [-58.42136791699218, -16.573468526367197], [-58.39376791699219, -16.562768526367197], [-58.385967916992186, -16.543568526367196], [-58.343767916992185, -16.517668526367196], [-58.333667916992184, -16.489968526367196], [-58.35606791699219, -16.427168526367197], [-58.344167916992184, -16.389268526367196], [-58.307167916992185, -16.370168526367195], [-58.303067916992184, -16.307668526367195], [-58.32316791699219, -16.265468526367197], [-58.36576791699218, -16.273268526367197], [-58.38856791699219, -16.260968526367197], [-58.394067916992185, -16.296668526367196], [-58.430467916992185, -16.321268526367195], [-59.468167916992186, -16.279068526367197], [-60.171467916992185, -16.265968526367196], [-60.23856791699218, -15.473868526367195], [-60.56496791699219, -15.108668526367197], [-60.50096791699218, -15.096168526367197], [-60.24436791699219, -15.096768526367196], [-60.27296791699219, -14.620768526367197], [-60.29166791699218, -14.625168526367197], [-60.321067916992185, -14.608868526367196], [-60.32826791699219, -14.558268526367197], [-60.34256791699218, -14.533468526367198], [-60.336467916992184, -14.529468526367197], [-60.338667916992186, -14.511068526367197], [-60.36616791699218, -14.487768526367198], [-60.361967916992185, -14.470568526367195], [-60.378267916992186, -14.464268526367196], [-60.38306791699219, -14.441668526367195], [-60.39936791699219, -14.432268526367196], [-60.39436791699218, -14.422168526367198], [-60.406267916992185, -14.413068526367198], [-60.39956791699218, -14.404268526367197], [-60.40446791699219, -14.385368526367195], [-60.39676791699219, -14.387768526367196], [-60.394067916992185, -14.367568526367197], [-60.408367916992184, -14.368068526367196], [-60.408367916992184, -14.355568526367197], [-60.41386791699219, -14.358568526367197], [-60.41776791699219, -14.348368526367196], [-60.422767916992186, -14.353368526367195], [-60.44056791699219, -14.321268526367195], [-60.45326791699219, -14.313268526367196], [-60.465167916992186, -14.265168526367198], [-60.44956791699218, -14.250168526367197], [-60.449967916992186, -14.240368526367195], [-60.46396791699219, -14.234368526367195], [-60.47226791699218, -14.191968526367198], [-60.491867916992184, -14.188568526367195], [-60.47426791699219, -14.151768526367196], [-60.48176791699218, -14.136868526367195], [-60.47316791699218, -14.128268526367197], [-60.48386791699218, -14.116068526367197], [-60.47336791699219, -14.108368526367197], [-60.479467916992185, -14.096668526367196], [-60.44556791699219, -14.083168526367196], [-60.40696791699219, -14.030868526367197], [-60.40226791699219, -13.999468526367195], [-60.382067916992185, -13.991568526367196], [-60.38906791699219, -13.978868526367197], [-60.415067916992186, -13.980568526367197], [-60.425767916992186, -13.962568526367196], [-60.41066791699218, -13.951468526367197], [-60.42026791699219, -13.937168526367195], [-60.42796791699219, -13.942668526367196], [-60.44526791699219, -13.930868526367195], [-60.44486791699218, -13.939668526367196], [-60.450967916992184, -13.937468526367198], [-60.451867916992185, -13.882668526367198], [-60.46346791699219, -13.882368526367195], [-60.46756791699218, -13.890668526367197], [-60.47596791699219, -13.884668526367197], [-60.45626791699219, -13.854768526367195], [-60.491867916992184, -13.857068526367197], [-60.46906791699219, -13.832168526367198], [-60.48966791699219, -13.824568526367198], [-60.46756791699218, -13.820268526367197], [-60.46736791699219, -13.812268526367195], [-60.47806791699219, -13.807968526367198], [-60.46796791699219, -13.795268526367195], [-60.528467916992184, -13.791768526367196], [-60.518167916992184, -13.772568526367195], [-60.54806791699218, -13.770368526367196], [-60.550067916992184, -13.781668526367195], [-60.569367916992185, -13.768668526367197], [-60.566367916992185, -13.757768526367197], [-60.578767916992184, -13.755668526367195], [-60.57466791699218, -13.747368526367197], [-60.60666791699218, -13.746268526367196], [-60.61916791699218, -13.720868526367195], [-60.646167916992184, -13.738668526367196], [-60.652667916992186, -13.730068526367198], [-60.65556791699218, -13.737468526367195], [-60.68076791699218, -13.719868526367197], [-60.68996791699219, -13.699368526367195], [-60.69706791699218, -13.714868526367198], [-60.70926791699219, -13.692968526367196], [-60.76936791699218, -13.684168526367195], [-60.77406791699218, -13.661168526367195], [-60.81026791699219, -13.654468526367197], [-60.828567916992185, -13.629468526367198], [-60.85416791699218, -13.629368526367195], [-60.87986791699218, -13.617468526367198], [-60.92076791699219, -13.568868526367197], [-60.924667916992185, -13.556968526367196], [-60.91646791699219, -13.546668526367196], [-60.92286791699219, -13.540668526367195], [-60.950967916992184, -13.551868526367198], [-60.97206791699219, -13.536968526367197], [-61.005567916992185, -13.550268526367198], [-61.01236791699219, -13.529568526367196], [-61.008767916992184, -13.523268526367197], [-60.99796791699218, -13.528668526367195], [-61.00906791699218, -13.507068526367195], [-60.98856791699218, -13.500968526367195], [-61.01486791699219, -13.487468526367195], [-61.04696791699219, -13.484668526367198], [-61.05086791699219, -13.495268526367198], [-61.035567916992186, -13.500968526367195], [-61.06026791699219, -13.511768526367195], [-61.065967916992186, -13.500568526367196], [-61.09456791699219, -13.492168526367195], [-61.106167916992185, -13.531668526367195], [-61.12596791699218, -13.519868526367198], [-61.139567916992185, -13.528968526367198], [-61.137867916992185, -13.512868526367196], [-61.14736791699218, -13.518968526367196], [-61.146867916992186, -13.531968526367198], [-61.156667916992184, -13.517068526367197], [-61.18246791699218, -13.514268526367196], [-61.184067916992184, -13.507768526367197], [-61.182767916992184, -13.527568526367197], [-61.19276791699218, -13.535968526367196], [-61.207867916992186, -13.525368526367195], [-61.233567916992186, -13.525068526367196], [-61.248267916992184, -13.496268526367196], [-61.28036791699218, -13.505568526367195], [-61.29636791699218, -13.477768526367196], [-61.305267916992186, -13.481968526367197], [-61.30496791699218, -13.502368526367196], [-61.336267916992185, -13.505468526367196], [-61.35056791699218, -13.521168526367195], [-61.38966791699218, -13.519768526367198], [-61.40486791699219, -13.528368526367196], [-61.40506791699218, -13.539568526367198], [-61.470267916992185, -13.554668526367195], [-61.508167916992186, -13.547868526367196], [-61.55636791699219, -13.518168526367198], [-61.572367916992185, -13.518468526367197], [-61.578967916992184, -13.509868526367196], [-61.57676791699218, -13.488568526367196], [-61.60716791699218, -13.510468526367195], [-61.61586791699219, -13.511368526367196], [-61.623067916992184, -13.496668526367195], [-61.62276791699219, -13.514568526367196], [-61.64506791699219, -13.506768526367196], [-61.65146791699219, -13.518668526367197], [-61.668867916992184, -13.504968526367197], [-61.68606791699219, -13.509068526367198], [-61.694567916992185, -13.501568526367198], [-61.702967916992186, -13.515068526367195], [-61.73466791699218, -13.518568526367197], [-61.730567916992186, -13.525168526367196], [-61.75776791699219, -13.524068526367195], [-61.75736791699218, -13.540568526367196], [-61.776567916992185, -13.517668526367196], [-61.78416791699219, -13.536968526367197], [-61.81706791699219, -13.527368526367198], [-61.811267916992186, -13.540268526367196], [-61.821067916992185, -13.533768526367197], [-61.840967916992184, -13.548868526367198], [-61.840167916992186, -13.526968526367195], [-61.85286791699218, -13.538468526367197], [-61.861067916992184, -13.535368526367197], [-61.883167916992186, -13.497268526367197], [-61.88326791699218, -13.456768526367195], [-61.892967916992184, -13.430868526367195], [-61.91426791699219, -13.433668526367196], [-61.940267916992184, -13.407768526367196], [-61.947967916992184, -13.415368526367196], [-61.97056791699218, -13.406168526367196], [-61.96226791699219, -13.391068526367196], [-61.97726791699219, -13.387968526367196], [-61.971367916992186, -13.374168526367196], [-61.99856791699219, -13.364068526367195], [-61.99666791699218, -13.374368526367196], [-62.01406791699219, -13.352268526367197], [-62.01356791699219, -13.330368526367195], [-62.03266791699218, -13.333568526367195], [-62.05686791699219, -13.311668526367196], [-62.05686791699219, -13.288168526367198], [-62.07016791699219, -13.295868526367197], [-62.08426791699219, -13.290268526367196], [-62.11396791699218, -13.260968526367197], [-62.11416791699219, -13.164468526367195], [-62.12876791699219, -13.148368526367197], [-62.14866791699218, -13.163368526367197], [-62.16946791699219, -13.134168526367198], [-62.170367916992184, -13.113868526367195], [-62.18136791699219, -13.117668526367197], [-62.17826791699218, -13.142968526367195], [-62.190967916992186, -13.153768526367195], [-62.200167916992186, -13.150468526367195], [-62.200967916992184, -13.124468526367195], [-62.21476791699219, -13.111368526367198], [-62.229467916992185, -13.121568526367195], [-62.243367916992185, -13.117268526367198], [-62.24586791699218, -13.145068526367197], [-62.26506791699218, -13.146868526367196], [-62.264567916992185, -13.153168526367196], [-62.276567916992185, -13.146168526367195], [-62.27156791699218, -13.155168526367195], [-62.28736791699218, -13.140468526367197], [-62.29936791699218, -13.150468526367195], [-62.31666791699219, -13.134368526367197], [-62.32136791699219, -13.152068526367195], [-62.330467916992184, -13.139868526367195], [-62.340967916992184, -13.149868526367197], [-62.337367916992186, -13.140468526367197], [-62.34556791699218, -13.137068526367198], [-62.35196791699218, -13.143268526367198], [-62.372467916992186, -13.140668526367197], [-62.382467916992184, -13.130768526367195], [-62.39206791699219, -13.134668526367197], [-62.39926791699219, -13.113368526367196], [-62.413967916992185, -13.128268526367197], [-62.43436791699219, -13.101968526367195], [-62.43696791699219, -13.080468526367195], [-62.45736791699218, -13.086568526367195], [-62.457167916992184, -13.063868526367198], [-62.46796791699219, -13.078968526367195], [-62.475867916992186, -13.057468526367195], [-62.48256791699218, -13.058768526367196], [-62.482867916992184, -13.076068526367198], [-62.50156791699219, -13.082868526367196], [-62.523767916992185, -13.065468526367198], [-62.54716791699218, -13.073968526367196], [-62.608967916992185, -13.043968526367195], [-62.61466791699219, -13.028968526367198], [-62.602567916992186, -13.012668526367197], [-62.62916791699219, -13.016068526367196], [-62.63136791699219, -12.990068526367196], [-62.65206791699218, -12.989368526367198], [-62.645167916992186, -12.974568526367197], [-62.65076791699218, -12.965568526367196], [-62.669967916992185, -12.987168526367196], [-62.694367916992185, -12.992168526367195], [-62.69936791699219, -13.002668526367195], [-62.72506791699219, -13.001268526367195], [-62.72916791699218, -13.020668526367196], [-62.74686791699219, -12.998868526367197], [-62.759667916992186, -13.018168526367198], [-62.78006791699218, -13.008868526367195], [-62.80686791699219, -12.968068526367198], [-62.805867916992185, -12.940568526367198], [-62.822967916992184, -12.933768526367196], [-62.845867916992184, -12.948568526367197], [-62.85026791699218, -12.940868526367197], [-62.84306791699218, -12.927168526367197], [-62.87016791699219, -12.910568526367197], [-62.893167916992184, -12.877068526367196], [-62.89266791699218, -12.858268526367198], [-62.92136791699218, -12.840868526367196], [-62.937767916992186, -12.842968526367198], [-62.94746791699218, -12.858568526367197], [-62.963167916992184, -12.847268526367195], [-62.97616791699218, -12.859768526367198], [-62.98336791699219, -12.844068526367195], [-63.00916791699218, -12.837668526367196], [-63.00886791699219, -12.809868526367197], [-63.021167916992184, -12.805268526367197], [-63.01986791699218, -12.791768526367196], [-63.03506791699219, -12.777668526367197], [-63.04746791699219, -12.740068526367196], [-63.08236791699218, -12.720568526367195], [-63.079667916992186, -12.703168526367197], [-63.06106791699219, -12.687468526367198], [-63.096367916992186, -12.682968526367198], [-63.09346791699218, -12.658068526367195], [-63.11356791699218, -12.658968526367197], [-63.13986791699219, -12.645468526367196], [-63.158867916992186, -12.613968526367195], [-63.16706791699218, -12.620268526367198], [-63.16276791699218, -12.639368526367196], [-63.17396791699218, -12.640368526367197], [-63.19386791699219, -12.623868526367197], [-63.18996791699219, -12.647568526367195], [-63.197167916992186, -12.655068526367195], [-63.244667916992185, -12.661668526367198], [-63.23176791699218, -12.683668526367196], [-63.239767916992186, -12.690868526367197], [-63.295367916992184, -12.681868526367197], [-63.35026791699218, -12.656668526367195], [-63.37806791699219, -12.655368526367198], [-63.401567916992185, -12.634968526367196], [-63.410967916992185, -12.610368526367196], [-63.43806791699218, -12.608268526367198], [-63.44056791699219, -12.600668526367198], [-63.426567916992184, -12.597068526367195], [-63.43656791699219, -12.585468526367197], [-63.438767916992184, -12.564368526367197], [-63.50206791699219, -12.566968526367198], [-63.52726791699219, -12.545568526367198], [-63.55046791699219, -12.508468526367196], [-63.61466791699219, -12.484668526367198], [-63.62406791699219, -12.472268526367195], [-63.671467916992185, -12.463268526367198], [-63.691567916992184, -12.449368526367195], [-63.73366791699219, -12.438568526367195], [-63.763467916992184, -12.441968526367198], [-63.787267916992185, -12.427968526367195], [-63.80276791699218, -12.446768526367197], [-63.81796791699219, -12.447068526367197], [-63.832867916992186, -12.462968526367195], [-63.888467916992184, -12.448468526367197], [-63.90036791699218, -12.505268526367196], [-63.952467916992184, -12.531668526367195], [-63.995267916992184, -12.503368526367197], [-64.01046791699218, -12.517468526367196], [-64.02126791699219, -12.508168526367196], [-64.03946791699218, -12.514968526367195], [-64.05996791699218, -12.490868526367198], [-64.08286791699219, -12.500868526367196], [-64.09206791699219, -12.483868526367196], [-64.12296791699218, -12.504868526367197], [-64.12306791699218, -12.485068526367197], [-64.13436791699219, -12.476368526367196], [-64.14426791699219, -12.482768526367195], [-64.15146791699219, -12.509068526367198], [-64.16556791699219, -12.513868526367197], [-64.17336791699219, -12.507068526367195], [-64.17356791699218, -12.466268526367195], [-64.19676791699219, -12.472768526367197], [-64.23106791699219, -12.455068526367196], [-64.27836791699218, -12.499768526367195], [-64.29086791699218, -12.501368526367198], [-64.29886791699218, -12.490768526367198], [-64.29176791699219, -12.460468526367197], [-64.35976791699218, -12.458668526367195], [-64.40666791699219, -12.446668526367198], [-64.44766791699219, -12.409168526367196], [-64.46096791699219, -12.386268526367196], [-64.50776791699218, -12.357468526367196], [-64.51236791699219, -12.341968526367197], [-64.50046791699219, -12.329368526367197], [-64.4927679169922, -12.294168526367198], [-64.50886791699219, -12.224568526367197], [-64.55306791699219, -12.241468526367196], [-64.57686791699219, -12.215068526367197], [-64.61616791699218, -12.214768526367195], [-64.69496791699218, -12.189168526367197], [-64.70926791699219, -12.177468526367196], [-64.71676791699218, -12.136068526367197], [-64.69826791699218, -12.103568526367198], [-64.69996791699218, -12.092668526367195], [-64.71706791699219, -12.086968526367198], [-64.73826791699219, -12.100268526367195], [-64.73686791699218, -12.139568526367196], [-64.74366791699218, -12.153768526367195], [-64.75746791699218, -12.157368526367197], [-64.76906791699219, -12.143668526367197], [-64.75776791699218, -12.108068526367198], [-64.77036791699219, -12.093668526367196], [-64.80046791699219, -12.085868526367197], [-64.82456791699218, -12.121068526367196], [-64.83726791699219, -12.115868526367198], [-64.84196791699219, -12.094068526367195], [-64.80936791699219, -12.059068526367195], [-64.82676791699218, -12.020368526367196], [-64.83956791699218, -12.010668526367198], [-64.88276791699218, -12.013468526367195], [-64.91806791699219, -12.028168526367196], [-64.94826791699218, -11.993368526367195], [-64.96506791699218, -11.999468526367195], [-64.97556791699219, -12.018568526367197], [-65.00166791699219, -11.993068526367196], [-65.03196791699219, -11.994968526367195], [-65.03446791699218, -11.983368526367197], [-65.02576791699218, -11.970668526367195], [-65.03916791699218, -11.970268526367196], [-65.04176791699219, -11.961768526367198], [-65.02586791699218, -11.941568526367195], [-65.01536791699219, -11.897368526367195], [-65.06086791699218, -11.882068526367195], [-65.07066791699219, -11.869068526367197], [-65.05966791699218, -11.790568526367196], [-65.08586791699219, -11.711568526367195], [-65.09766791699218, -11.705668526367198], [-65.12806791699218, -11.720568526367195], [-65.18336791699218, -11.721968526367196], [-65.17366791699219, -11.747768526367196], [-65.18136791699219, -11.756568526367197], [-65.21476791699219, -11.744068526367197], [-65.25846791699219, -11.711468526367195], [-65.25966791699219, -11.700268526367196], [-65.21896791699218, -11.655868526367197], [-65.21836791699218, -11.641068526367196], [-65.23136791699218, -11.619368526367197], [-65.22526791699218, -11.596368526367197], [-65.23496791699219, -11.575668526367195], [-65.21406791699218, -11.547868526367196], [-65.21156791699218, -11.531568526367195], [-65.22496791699218, -11.516368526367195], [-65.26346791699218, -11.513168526367195], [-65.30726791699219, -11.497168526367197], [-65.33536791699218, -11.355868526367196], [-65.32926791699218, -11.340368526367197], [-65.29886791699218, -11.335368526367198], [-65.29166791699218, -11.324868526367197], [-65.29976791699218, -11.315768526367197], [-65.34336791699218, -11.308768526367196], [-65.36136791699218, -11.250468526367197], [-65.35606791699219, -11.215968526367195], [-65.32406791699219, -11.210868526367197], [-65.31856791699218, -11.199368526367195], [-65.32456791699218, -11.186968526367195], [-65.35026791699218, -11.186968526367195], [-65.36276791699218, -11.137768526367196], [-65.33206791699219, -11.107068526367197], [-65.28426791699218, -11.089568526367195], [-65.28086791699218, -11.063568526367195], [-65.30076791699219, -11.031168526367196], [-65.25026791699219, -10.987868526367198], [-65.28586791699219, -10.926568526367195], [-65.28446791699218, -10.919768526367196], [-65.26646791699218, -10.918668526367195], [-65.27616791699218, -10.869768526367196], [-65.32096791699219, -10.821868526367197], [-65.36716791699219, -10.794968526367196], [-65.36536791699218, -10.780868526367197], [-65.35056791699219, -10.780468526367198], [-65.34476791699218, -10.770368526367196], [-65.34916791699219, -10.671468526367196], [-65.37116791699219, -10.648668526367196], [-65.40376791699218, -10.642568526367196], [-65.41616791699218, -10.621068526367196], [-65.39716791699219, -10.583268526367196], [-65.40566791699219, -10.551868526367198], [-65.41996791699219, -10.535568526367197], [-65.41056791699219, -10.509568526367197], [-65.42866791699218, -10.475968526367197], [-65.42066791699219, -10.462968526367195], [-65.4028679169922, -10.462668526367196], [-65.38016791699218, -10.429668526367195], [-65.38026791699218, -10.400868526367198], [-65.39176791699218, -10.375568526367196], [-65.32396791699219, -10.300468526367197], [-65.28886791699219, -10.215168526367197], [-65.30686791699219, -10.166368526367197], [-65.30056791699218, -10.100868526367197], [-65.31986791699218, -10.079568526367197], [-65.32956791699219, -10.052568526367196], [-65.32026791699218, -10.001668526367197], [-65.32216791699219, -9.977568526367197], [-65.33316791699218, -9.964568526367195], [-65.33326791699218, -9.937468526367198], [-65.32126791699218, -9.905968526367197], [-65.29136791699219, -9.871568526367195], [-65.28596791699218, -9.845568526367195], [-65.32046791699219, -9.814468526367197], [-65.35456791699218, -9.723668526367195], [-65.39156791699219, -9.687668526367197], [-65.44636791699219, -9.669268526367198], [-65.44136791699219, -9.686268526367197], [-65.44706791699218, -9.697068526367197], [-65.47176791699218, -9.713668526367197], [-65.48556791699218, -9.707668526367197], [-65.48256791699218, -9.726668526367195], [-65.50026791699219, -9.729168526367197], [-65.50276791699218, -9.786368526367195], [-65.51246791699218, -9.792768526367198], [-65.53086791699218, -9.781268526367196], [-65.53926791699219, -9.801868526367198], [-65.56376791699219, -9.810168526367196], [-65.55296791699219, -9.835368526367198], [-65.55906791699219, -9.844568526367198], [-65.56886791699219, -9.838168526367195], [-65.59586791699219, -9.841968526367197], [-65.60056791699219, -9.824268526367195], [-65.62656791699219, -9.836768526367198], [-65.63456791699218, -9.806068526367195], [-65.65156791699218, -9.813868526367198], [-65.64396791699218, -9.795068526367196], [-65.65886791699218, -9.793468526367196], [-65.66996791699219, -9.781168526367196], [-65.69016791699218, -9.800768526367197], [-65.68906791699219, -9.811868526367196], [-65.71046791699219, -9.807268526367196], [-65.69996791699218, -9.789168526367195], [-65.70816791699218, -9.765968526367196], [-65.68056791699219, -9.766368526367195], [-65.68626791699218, -9.749368526367196], [-65.72896791699219, -9.759568526367197], [-65.74496791699218, -9.781768526367195], [-65.77176791699219, -9.758868526367195], [-65.77076791699218, -9.734368526367195], [-65.77976791699218, -9.741668526367196], [-65.77536791699218, -9.765668526367197], [-65.78176791699218, -9.783068526367195], [-65.79526791699219, -9.791168526367198], [-65.80576791699218, -9.788068526367198], [-65.81306791699218, -9.771768526367197], [-65.80246791699219, -9.766568526367195], [-65.80216791699219, -9.756568526367197], [-65.80796791699218, -9.761768526367195], [-65.81966791699219, -9.756368526367197], [-65.84166791699218, -9.789468526367195], [-65.86056791699218, -9.795068526367196], [-65.87186791699219, -9.789868526367197], [-65.86216791699218, -9.768168526367198], [-65.87086791699218, -9.754168526367195], [-65.88466791699219, -9.752168526367196], [-65.90236791699219, -9.766068526367196], [-65.91886791699218, -9.752668526367195], [-65.93076791699218, -9.767168526367197], [-65.94376791699219, -9.760168526367195], [-65.97286791699219, -9.776468526367196], [-65.97366791699218, -9.798168526367196], [-65.96586791699218, -9.804468526367195], [-65.98136791699218, -9.802168526367197], [-65.98106791699219, -9.807968526367198], [-66.00216791699219, -9.795068526367196], [-66.02506791699219, -9.811568526367196], [-66.03566791699218, -9.787068526367197], [-66.06986791699218, -9.784468526367196], [-66.08726791699219, -9.790868526367195], [-66.07926791699218, -9.794768526367196], [-66.09146791699219, -9.813268526367196], [-66.10066791699218, -9.806868526367197], [-66.10026791699218, -9.784768526367195], [-66.12326791699219, -9.790668526367195], [-66.15146791699219, -9.785968526367196], [-66.19386791699219, -9.805468526367196], [-66.19676791699219, -9.813568526367195], [-66.18586791699218, -9.821368526367195], [-66.19496791699218, -9.819968526367198], [-66.20486791699219, -9.834868526367195], [-66.23716791699218, -9.814568526367196], [-66.25386791699219, -9.832668526367197], [-66.27866791699219, -9.828568526367196], [-66.28666791699219, -9.844568526367198], [-66.31516791699218, -9.831768526367195], [-66.35096791699219, -9.841268526367195], [-66.35936791699218, -9.865368526367195], [-66.40396791699219, -9.864968526367196], [-66.42246791699219, -9.887168526367198], [-66.41346791699219, -9.895068526367197], [-66.41996791699219, -9.898268526367197], [-66.43156791699218, -9.894768526367198], [-66.42476791699218, -9.873668526367197], [-66.43476791699219, -9.866068526367197], [-66.45396791699218, -9.870868526367197], [-66.45536791699219, -9.879168526367195], [-66.48216791699218, -9.868668526367195], [-66.49626791699218, -9.883768526367195], [-66.49946791699219, -9.876268526367195], [-66.52796791699218, -9.887068526367198], [-66.54316791699219, -9.877668526367195], [-66.54886791699218, -9.888768526367198], [-66.56046791699218, -9.880968526367198], [-66.58126791699219, -9.905368526367198], [-66.62026791699219, -9.894668526367198], [-66.63266791699219, -9.908768526367197], [-66.62796791699219, -9.919268526367198], [-66.63526791699219, -9.926168526367196], [-66.62636791699218, -9.931868526367197], [-66.63776791699219, -9.948968526367196], [-66.65196791699219, -9.935868526367198], [-66.66336791699219, -9.936868526367196], [-66.67636791699218, -9.966268526367195], [-66.71876791699219, -9.973068526367197], [-66.73936791699218, -9.993568526367195], [-66.76456791699218, -9.999068526367196], [-66.77176791699219, -10.018668526367197], [-66.78996791699218, -10.021068526367195], [-66.80716791699219, -10.037768526367195], [-66.80226791699218, -10.043068526367197], [-66.83546791699219, -10.060868526367198], [-66.83786791699218, -10.081268526367197], [-66.87336791699218, -10.080768526367198], [-66.87326791699219, -10.100568526367198], [-66.87826791699219, -10.097368526367195], [-66.88376791699218, -10.107068526367197], [-66.88646791699219, -10.099468526367197], [-66.88906791699219, -10.114068526367195], [-66.89506791699219, -10.109968526367197], [-66.89786791699218, -10.121668526367195], [-66.91716791699218, -10.129868526367197], [-66.91196791699218, -10.146568526367197], [-66.92356791699218, -10.142968526367195], [-66.94486791699218, -10.157668526367196], [-66.95146791699219, -10.186168526367197], [-66.97976791699219, -10.189468526367197], [-66.97486791699218, -10.195768526367196], [-66.99616791699219, -10.203568526367196]], [[-43.21376791699218, -22.869468526367196], [-43.22526791699219, -22.874368526367196], [-43.21396791699218, -22.872668526367196], [-43.21376791699218, -22.869468526367196]], [[-43.56686791699219, -23.063068526367196], [-43.56406791699219, -23.0528685263672], [-43.56716791699218, -23.0528685263672], [-43.56686791699219, -23.063068526367196]], [[-53.72426791699219, -26.562768526367197], [-53.710867916992186, -26.562968526367197], [-53.708267916992185, -26.561068526367194], [-53.712967916992184, -26.556568526367194], [-53.72426791699219, -26.562768526367197]], [[-66.97206791699219, -10.187668526367197], [-66.97456791699219, -10.185468526367195], [-66.97556791699219, -10.188768526367195], [-66.97206791699219, -10.187668526367197]], [[-43.228867916992186, -22.866968526367195], [-43.232467916992185, -22.864668526367197], [-43.23216791699218, -22.868268526367196], [-43.228867916992186, -22.866968526367195]], [[-45.456567916992185, -23.573568526367197], [-45.459367916992186, -23.577068526367196], [-45.45626791699218, -23.577168526367196], [-45.456567916992185, -23.573568526367197]], [[-43.57826791699218, -23.043968526367195], [-43.58146791699218, -23.046468526367196], [-43.577067916992185, -23.0468685263672], [-43.57826791699218, -23.043968526367195]], [[-43.116667916992185, -22.876368526367195], [-43.119667916992185, -22.881768526367196], [-43.11546791699219, -22.880968526367198], [-43.116667916992185, -22.876368526367195]]], [[[-68.88606791699219, -11.016268526367195], [-68.87876791699219, -11.012368526367197], [-68.87576791699219, -11.015668526367197], [-68.88026791699218, -11.020768526367196], [-68.88606791699219, -11.016268526367195]]], [[[-68.76066791699219, -11.017468526367196], [-68.76326791699219, -11.012368526367197], [-68.75736791699218, -11.009868526367196], [-68.76066791699219, -11.017468526367196]]], [[[-68.78716791699219, -11.010968526367197], [-68.78996791699218, -11.009868526367196], [-68.78846791699219, -11.006868526367196], [-68.78716791699219, -11.010968526367197]]], [[[-47.995267916992184, -0.684168526367195], [-47.99546791699218, -0.679668526367195], [-47.992967916992185, -0.688468526367195], [-47.995267916992184, -0.684168526367195]]], [[[-48.010267916992184, -0.686168526367197], [-48.016067916992185, -0.671068526367193], [-48.01216791699218, -0.662068526367193], [-48.00606791699218, -0.668068526367193], [-48.010267916992184, -0.686168526367197]]], [[[-47.97116791699219, -0.656268526367199], [-47.984167916992185, -0.669468526367197], [-47.98466791699218, -0.657268526367197], [-47.97616791699218, -0.649568526367197], [-47.97116791699219, -0.656268526367199]]], [[[-47.91556791699219, -0.580768526367194], [-47.921467916992185, -0.580668526367198], [-47.921067916992186, -0.577168526367196], [-47.91556791699219, -0.580768526367194]]], [[[-48.87876791699219, -0.180568526367196], [-48.86436791699219, -0.187668526367197], [-48.881267916992186, -0.203268526367197], [-48.92386791699219, -0.213668526367194], [-48.947367916992185, -0.206768526367199], [-48.932167916992185, -0.1622685263672], [-48.915267916992185, -0.151468526367196], [-48.88026791699218, -0.156668526367199], [-48.87296791699218, -0.173868526367194], [-48.87876791699219, -0.180568526367196]]], [[[-48.986067916992184, -0.171368526367196], [-48.96946791699219, -0.189068526367194], [-48.982267916992186, -0.184168526367195], [-48.986067916992184, -0.171368526367196]]], [[[-48.94216791699219, -0.179768526367198], [-48.94426791699219, -0.171068526367193], [-48.93906791699219, -0.171068526367193], [-48.94216791699219, -0.179768526367198]]], [[[-48.74836791699218, -0.172768526367193], [-48.76106791699219, -0.184668526367197], [-48.77006791699219, -0.1774685263672], [-48.756667916992185, -0.163668526367196], [-48.74836791699218, -0.172768526367193]]], [[[-48.73556791699218, -0.172268526367198], [-48.733567916992186, -0.168868526367199], [-48.73166791699218, -0.172168526367194], [-48.73556791699218, -0.172268526367198]]], [[[-48.97526791699218, -0.171368526367196], [-48.98086791699218, -0.1667685263672], [-48.97506791699219, -0.166968526367199], [-48.97526791699218, -0.171368526367196]]], [[[-49.122267916992186, -0.145968526367199], [-49.121567916992184, -0.156968526367194], [-49.130967916992184, -0.160868526367196], [-49.15406791699219, -0.148768526367199], [-49.14486791699218, -0.135668526367198], [-49.122267916992186, -0.145968526367199]]], [[[-49.487567916992184, 0.149331473632806], [-49.47696791699218, 0.148331473632801], [-49.44936791699219, 0.113531473632804], [-49.502367916992185, 0.117531473632802], [-49.506867916992185, 0.126731473632802], [-49.487567916992184, 0.149331473632806]]], [[[-49.65336791699218, 0.145031473632805], [-49.677467916992185, 0.155731473632805], [-49.66066791699218, 0.187331473632803], [-49.632067916992185, 0.194231473632804], [-49.602767916992185, 0.1761314736328], [-49.615367916992184, 0.152931473632805], [-49.65336791699218, 0.145031473632805]]], [[[-49.607867916992184, 0.192031473632802], [-49.55476791699218, 0.206531473632801], [-49.568267916992184, 0.181131473632803], [-49.602567916992186, 0.184831473632805], [-49.607867916992184, 0.192031473632802]]], [[[-49.58486791699218, 0.248431473632806], [-49.557767916992184, 0.243931473632806], [-49.57626791699219, 0.219731473632805], [-49.61806791699219, 0.199231473632807], [-49.632067916992185, 0.201131473632806], [-49.613667916992185, 0.232131473632805], [-49.58486791699218, 0.248431473632806]]], [[[-50.45626791699219, 2.112631473632803], [-50.39866791699218, 2.105131473632802], [-50.38346791699219, 2.071331473632803], [-50.36246791699219, 2.060931473632806], [-50.36246791699219, 2.022131473632804], [-50.32186791699219, 1.975231473632803], [-50.31776791699218, 1.946731473632802], [-50.36696791699218, 1.8895314736328], [-50.42886791699219, 1.867531473632802], [-50.45236791699219, 1.884131473632806], [-50.49856791699219, 1.994731473632804], [-50.521167916992184, 2.005531473632807], [-50.50416791699219, 2.094131473632807], [-50.468367916992186, 2.100131473632807], [-50.45626791699219, 2.112631473632803]]], [[[-50.541767916992185, 2.1487314736328], [-50.55146791699218, 2.150831473632806], [-50.51986791699218, 2.183731473632804], [-50.467667916992184, 2.183731473632804], [-50.432167916992185, 2.157331473632802], [-50.419967916992185, 2.122631473632801], [-50.45926791699219, 2.114731473632801], [-50.47206791699219, 2.102131473632802], [-50.48616791699219, 2.104531473632804], [-50.49546791699218, 2.096331473632802], [-50.51126791699218, 2.103531473632806], [-50.541767916992185, 2.1487314736328]]], [[[-47.86296791699219, -25.127368526367196], [-47.85776791699219, -25.117468526367198], [-47.85026791699219, -25.119468526367196], [-47.86296791699219, -25.127368526367196]]], [[[-46.675567916992186, -24.477768526367196], [-46.67176791699219, -24.488268526367197], [-46.67606791699219, -24.4905685263672], [-46.67756791699219, -24.484668526367194], [-46.675567916992186, -24.477768526367196]]], [[[-45.682167916992185, -24.097368526367198], [-45.70286791699218, -24.106768526367198], [-45.689867916992185, -24.092268526367196], [-45.682167916992185, -24.097368526367198]]], [[[-46.265667916992186, -24.050568526367197], [-46.263467916992184, -24.047768526367197], [-46.26146791699219, -24.051668526367195], [-46.265667916992186, -24.050568526367197]]], [[[-46.180867916992185, -23.971668526367196], [-46.182167916992185, -23.974968526367196], [-46.184967916992186, -23.972368526367198], [-46.180867916992185, -23.971668526367196]]], [[[-45.781267916992185, -23.870168526367195], [-45.78666791699219, -23.863268526367197], [-45.77686791699219, -23.858168526367194], [-45.77406791699219, -23.860668526367196], [-45.781267916992185, -23.870168526367195]]], [[[-45.52596791699219, -23.8503685263672], [-45.520767916992185, -23.8486685263672], [-45.525067916992185, -23.854468526367196], [-45.52596791699219, -23.8503685263672]]], [[[-45.28566791699218, -23.849968526367196], [-45.28946791699219, -23.871368526367196], [-45.269667916992184, -23.8760685263672], [-45.27736791699218, -23.884368526367197], [-45.27256791699219, -23.892068526367197], [-45.24946791699219, -23.901568526367196], [-45.24236791699219, -23.893568526367197], [-45.22376791699219, -23.904168526367194], [-45.23746791699219, -23.909268526367196], [-45.235867916992184, -23.942968526367196], [-45.22806791699219, -23.943568526367194], [-45.24476791699219, -23.965168526367197], [-45.26596791699218, -23.965868526367196], [-45.27876791699219, -23.953468526367196], [-45.291367916992186, -23.911268526367195], [-45.32636791699218, -23.912768526367195], [-45.34046791699218, -23.924468526367196], [-45.348067916992186, -23.916968526367196], [-45.36396791699219, -23.929768526367198], [-45.427467916992185, -23.939868526367196], [-45.443467916992184, -23.934468526367198], [-45.45966791699219, -23.914568526367198], [-45.461267916992185, -23.888968526367197], [-45.36766791699218, -23.811968526367195], [-45.348667916992184, -23.743068526367196], [-45.33256791699218, -23.722668526367194], [-45.26296791699219, -23.742268526367198], [-45.25956791699218, -23.758568526367196], [-45.243367916992185, -23.762968526367196], [-45.23106791699219, -23.777568526367197], [-45.241667916992185, -23.807168526367196], [-45.237567916992184, -23.815468526367198], [-45.247467916992186, -23.824868526367197], [-45.23896791699219, -23.833668526367198], [-45.27296791699219, -23.838468526367194], [-45.28566791699218, -23.849968526367196]]], [[[-45.242967916992185, -23.837868526367195], [-45.23146791699219, -23.836168526367196], [-45.22806791699219, -23.837268526367197], [-45.236567916992186, -23.842568526367195], [-45.242967916992185, -23.837868526367195]]], [[[-45.11976791699219, -23.813368526367196], [-45.145767916992185, -23.8165685263672], [-45.16006791699218, -23.802468526367196], [-45.142167916992186, -23.790568526367196], [-45.116867916992184, -23.803268526367198], [-45.11976791699219, -23.813368526367196]]], [[[-45.72166791699218, -23.799368526367196], [-45.71626791699219, -23.804168526367196], [-45.724967916992185, -23.802268526367197], [-45.72166791699218, -23.799368526367196]]], [[[-45.28196791699219, -23.593368526367197], [-45.283167916992184, -23.599868526367196], [-45.29416791699219, -23.601168526367196], [-45.28956791699218, -23.593168526367194], [-45.28196791699219, -23.593368526367197]]], [[[-45.14786791699218, -23.568768526367194], [-45.16236791699219, -23.569568526367195], [-45.15596791699218, -23.560468526367195], [-45.14786791699218, -23.568768526367194]]], [[[-45.133767916992184, -1.463768526367197], [-45.111067916992184, -1.421968526367195], [-45.105567916992186, -1.467568526367195], [-45.12916791699219, -1.471668526367196], [-45.133767916992184, -1.463768526367197]]], [[[-45.08896791699218, -1.422468526367197], [-45.093767916992185, -1.443068526367199], [-45.096767916992185, -1.434968526367193], [-45.08896791699218, -1.422468526367197]]], [[[-45.410967916992185, -1.418168526367197], [-45.42026791699219, -1.407368526367193], [-45.409867916992184, -1.399368526367198], [-45.404567916992185, -1.4092685263672], [-45.410967916992185, -1.418168526367197]]], [[[-45.115567916992184, -1.363868526367199], [-45.093767916992185, -1.379668526367198], [-45.108067916992184, -1.412468526367199], [-45.126067916992184, -1.386068526367197], [-45.115567916992184, -1.363868526367199]]], [[[-45.57606791699219, -1.272168526367196], [-45.57436791699219, -1.261768526367199], [-45.57016791699218, -1.261568526367199], [-45.56966791699219, -1.269268526367199], [-45.57606791699219, -1.272168526367196]]], [[[-45.688367916992185, -1.183568526367196], [-45.674267916992186, -1.193868526367197], [-45.67646791699219, -1.213768526367197], [-45.66726791699219, -1.230068526367198], [-45.669767916992186, -1.249968526367198], [-45.69276791699218, -1.264668526367196], [-45.70816791699219, -1.2461685263672], [-45.710667916992186, -1.2277685263672], [-45.688367916992185, -1.183568526367196]]], [[[-45.58036791699219, -1.220968526367194], [-45.580467916992184, -1.199268526367199], [-45.57266791699219, -1.191868526367195], [-45.53926791699219, -1.205168526367196], [-45.53206791699218, -1.2217685263672], [-45.542167916992184, -1.230868526367196], [-45.577967916992186, -1.230668526367197], [-45.594867916992186, -1.241168526367197], [-45.58036791699219, -1.220968526367194]]], [[[-45.77256791699219, -1.194868526367195], [-45.768667916992186, -1.190868526367197], [-45.76856791699218, -1.195268526367194], [-45.77256791699219, -1.194868526367195]]], [[[-45.60966791699219, -1.155868526367193], [-45.604267916992185, -1.158468526367194], [-45.608567916992186, -1.159868526367198], [-45.60966791699219, -1.155868526367193]]], [[[-45.827067916992185, -1.127968526367198], [-45.807167916992185, -1.124968526367198], [-45.80466791699219, -1.143668526367193], [-45.822367916992185, -1.154168526367194], [-45.827067916992185, -1.127968526367198]]], [[[-46.016067916992185, -1.074268526367199], [-46.009667916992186, -1.074968526367194], [-46.016267916992184, -1.079268526367194], [-46.016067916992185, -1.074268526367199]]], [[[-46.375467916992186, -1.020068526367197], [-46.385467916992184, -1.011468526367196], [-46.38066791699219, -1.001968526367193], [-46.37806791699219, -1.003568526367197], [-46.375467916992186, -1.020068526367197]]], [[[-46.43716791699219, -1.005968526367198], [-46.43886791699219, -1.017468526367196], [-46.44826791699219, -1.016368526367195], [-46.43716791699219, -1.005968526367198]]], [[[-46.32466791699218, -0.939168526367197], [-46.307167916992185, -0.940468526367198], [-46.31406791699219, -0.963368526367198], [-46.30556791699218, -0.997768526367196], [-46.31196791699219, -1.006568526367197], [-46.33106791699218, -0.986668526367197], [-46.328167916992186, -0.972068526367195], [-46.33986791699218, -0.959768526367199], [-46.32466791699218, -0.939168526367197]]], [[[-46.40206791699219, -0.946568526367194], [-46.40486791699219, -0.965368526367193], [-46.43376791699219, -0.987868526367194], [-46.41666791699218, -0.943768526367194], [-46.40206791699219, -0.946568526367194]]], [[[-46.13776791699218, -0.926168526367199], [-46.14436791699219, -0.947868526367195], [-46.15556791699218, -0.952568526367195], [-46.151967916992184, -0.925468526367197], [-46.13776791699218, -0.926168526367199]]], [[[-46.72896791699218, -0.783468526367194], [-46.723867916992184, -0.782068526367198], [-46.718767916992185, -0.787768526367195], [-46.720867916992184, -0.790368526367196], [-46.72896791699218, -0.783468526367194]]], [[[-47.842267916992185, -0.6714685263672], [-47.84596791699219, -0.662568526367195], [-47.840967916992184, -0.657268526367197], [-47.842267916992185, -0.6714685263672]]], [[[-47.83876791699218, -0.660668526367196], [-47.83676791699219, -0.656268526367199], [-47.836467916992184, -0.663468526367197], [-47.83876791699218, -0.660668526367196]]], [[[-47.82956791699218, -0.638768526367194], [-47.822167916992186, -0.632668526367198], [-47.82716791699219, -0.644768526367194], [-47.82956791699218, -0.638768526367194]]], [[[-47.91896791699219, -0.590168526367194], [-47.90806791699218, -0.600368526367198], [-47.91446791699218, -0.600568526367198], [-47.91896791699219, -0.590168526367194]]], [[[-45.01516791699218, -23.759868526367196], [-45.02176791699218, -23.748868526367197], [-45.02216791699219, -23.740068526367196], [-45.007967916992186, -23.749068526367196], [-45.01516791699218, -23.759868526367196]]], [[[-45.02436791699218, -23.737268526367195], [-45.02066791699219, -23.7358685263672], [-45.02216791699219, -23.740068526367196], [-45.02436791699218, -23.737268526367195]]], [[[-45.059067916992184, -23.527668526367197], [-45.040667916992184, -23.5406685263672], [-45.07756791699219, -23.563368526367196], [-45.07936791699218, -23.5316685263672], [-45.07026791699219, -23.5391685263672], [-45.059067916992184, -23.527668526367197]]], [[[-45.07766791699218, -23.5284685263672], [-45.07936791699218, -23.5316685263672], [-45.08036791699219, -23.526768526367196], [-45.07766791699218, -23.5284685263672]]], [[[-44.85066791699219, -23.4203685263672], [-44.85836791699219, -23.424168526367197], [-44.853867916992186, -23.415568526367196], [-44.85066791699219, -23.4203685263672]]], [[[-44.85136791699219, -23.401568526367196], [-44.853867916992186, -23.399268526367194], [-44.850367916992184, -23.397668526367198], [-44.85136791699219, -23.401568526367196]]], [[[-44.94526791699219, -23.383468526367196], [-44.94106791699218, -23.384068526367194], [-44.949267916992184, -23.387368526367197], [-44.94526791699219, -23.383468526367196]]], [[[-44.62766791699219, -23.342268526367196], [-44.62946791699218, -23.350568526367198], [-44.63306791699218, -23.350968526367197], [-44.63236791699219, -23.346768526367196], [-44.62766791699219, -23.342268526367196]]], [[[-44.505767916992184, -23.290968526367195], [-44.50776791699219, -23.299168526367197], [-44.513467916992184, -23.292068526367196], [-44.505767916992184, -23.290968526367195]]], [[[-44.615367916992184, -23.224468526367197], [-44.598467916992185, -23.204868526367196], [-44.585867916992186, -23.204868526367196], [-44.601467916992185, -23.221468526367197], [-44.615367916992184, -23.224468526367197]]], [[[-44.583667916992184, -23.200668526367195], [-44.57996791699218, -23.1992685263672], [-44.580467916992184, -23.202368526367195], [-44.583667916992184, -23.200668526367195]]], [[[-44.57326791699219, -23.1840685263672], [-44.57656791699218, -23.188868526367195], [-44.57676791699218, -23.185168526367196], [-44.57326791699219, -23.1840685263672]]], [[[-44.69186791699219, -23.168468526367196], [-44.694567916992185, -23.157568526367196], [-44.68356791699218, -23.151868526367195], [-44.68296791699218, -23.156168526367196], [-44.69186791699219, -23.168468526367196]]], [[[-44.64436791699219, -23.071368526367195], [-44.63776791699218, -23.070668526367196], [-44.643167916992184, -23.074368526367195], [-44.64436791699219, -23.071368526367195]]], [[[-44.597867916992186, -23.059368526367194], [-44.595667916992184, -23.063068526367196], [-44.599567916992186, -23.062668526367197], [-44.597867916992186, -23.059368526367194]]], [[[-44.56026791699219, -23.059968526367197], [-44.557167916992185, -23.061868526367196], [-44.56236791699219, -23.064368526367197], [-44.56026791699219, -23.059968526367197]]], [[[-44.49946791699219, -23.054768526367198], [-44.497667916992185, -23.047568526367197], [-44.48786791699219, -23.044268526367198], [-44.492567916992186, -23.051668526367195], [-44.49946791699219, -23.054768526367198]]], [[[-44.48336791699219, -23.0406685263672], [-44.484367916992184, -23.0438685263672], [-44.48786791699219, -23.044268526367198], [-44.48336791699219, -23.0406685263672]]], [[[-44.66256791699219, -2.979168526367197], [-44.663967916992185, -2.961768526367194], [-44.66146791699219, -2.958168526367196], [-44.66256791699219, -2.979168526367197]]], [[[-44.62196791699218, -2.927568526367196], [-44.62126791699219, -2.932968526367198], [-44.62876791699218, -2.942668526367193], [-44.628467916992186, -2.933068526367194], [-44.62196791699218, -2.927568526367196]]], [[[-44.64076791699218, -2.914868526367194], [-44.65976791699219, -2.944568526367199], [-44.66306791699218, -2.944568526367199], [-44.66456791699218, -2.929968526367198], [-44.64076791699218, -2.914868526367194]]], [[[-44.482067916992186, -2.807968526367198], [-44.479467916992185, -2.958268526367199], [-44.561867916992185, -3.022868526367198], [-44.583267916992185, -3.030168526367198], [-44.592667916992184, -3.0143685263672], [-44.63566791699218, -2.983868526367196], [-44.640667916992186, -2.969568526367198], [-44.613867916992184, -2.950468526367196], [-44.58956791699219, -2.894768526367194], [-44.58036791699219, -2.860268526367193], [-44.58656791699219, -2.815468526367198], [-44.53226791699218, -2.749868526367194], [-44.48836791699218, -2.723768526367195], [-44.47596791699218, -2.7324685263672], [-44.482067916992186, -2.807968526367198]]], [[[-44.58786791699219, -2.867468526367198], [-44.58826791699219, -2.875168526367197], [-44.59126791699219, -2.876568526367194], [-44.58786791699219, -2.867468526367198]]], [[[-44.480367916992186, -2.075468526367196], [-44.468767916992185, -2.067968526367196], [-44.46586791699219, -2.070268526367194], [-44.47056791699219, -2.077868526367197], [-44.480367916992186, -2.075468526367196]]], [[[-44.73176791699218, -1.688768526367198], [-44.746567916992184, -1.697968526367198], [-44.75736791699219, -1.688368526367199], [-44.73936791699219, -1.679368526367199], [-44.73176791699218, -1.688768526367198]]], [[[-44.72746791699218, -1.672168526367194], [-44.741867916992184, -1.667468526367195], [-44.72806791699219, -1.659168526367196], [-44.72746791699218, -1.672168526367194]]], [[[-44.827067916992185, -1.557268526367196], [-44.83016791699219, -1.567468526367193], [-44.83896791699218, -1.558368526367197], [-44.83546791699219, -1.556868526367197], [-44.827067916992185, -1.557268526367196]]], [[[-44.748767916992186, -1.5342685263672], [-44.73216791699218, -1.544168526367194], [-44.734367916992184, -1.555268526367193], [-44.761767916992184, -1.579368526367197], [-44.761567916992185, -1.552968526367195], [-44.748767916992186, -1.5342685263672]]], [[[-44.80916791699219, -1.5021685263672], [-44.77686791699219, -1.479168526367197], [-44.789867916992186, -1.466268526367195], [-44.75886791699219, -1.460368526367198], [-44.742967916992185, -1.486868526367196], [-44.746567916992184, -1.513168526367195], [-44.799267916992186, -1.524068526367195], [-44.79886791699219, -1.551968526367197], [-44.809967916992186, -1.560768526367198], [-44.827067916992185, -1.557268526367196], [-44.83656791699219, -1.542768526367198], [-44.83226791699219, -1.533668526367194], [-44.815767916992186, -1.525468526367199], [-44.80916791699219, -1.5021685263672]], [[-44.773367916992186, -1.486368526367194], [-44.794967916992185, -1.5128685263672], [-44.79416791699219, -1.516768526367194], [-44.77836791699219, -1.500168526367197], [-44.773367916992186, -1.486368526367194]]], [[[-44.869867916992185, -1.490768526367198], [-44.86506791699219, -1.491068526367194], [-44.86746791699218, -1.492968526367193], [-44.869867916992185, -1.490768526367198]]], [[[-45.07206791699218, -1.443168526367195], [-45.07456791699219, -1.457968526367196], [-45.08376791699219, -1.445968526367196], [-45.08076791699219, -1.428868526367197], [-45.07206791699218, -1.443168526367195]]], [[[-45.07076791699218, -1.378468526367193], [-45.084767916992185, -1.393268526367194], [-45.10066791699219, -1.432468526367195], [-45.102367916992186, -1.420368526367199], [-45.081167916992186, -1.376268526367198], [-45.07456791699219, -1.371968526367198], [-45.07076791699218, -1.378468526367193]]], [[[-45.04166791699218, -1.372468526367193], [-45.044767916992186, -1.398768526367199], [-45.04636791699218, -1.366368526367197], [-45.04166791699218, -1.372468526367193]]], [[[-44.89946791699219, -1.274268526367194], [-44.872667916992185, -1.292768526367198], [-44.868567916992184, -1.329268526367194], [-44.87766791699219, -1.330368526367195], [-44.889567916992185, -1.348168526367196], [-44.89736791699219, -1.337268526367197], [-44.916367916992186, -1.344268526367195], [-44.94216791699218, -1.364368526367194], [-44.94816791699218, -1.379068526367199], [-44.958267916992185, -1.378568526367197], [-44.98966791699218, -1.4015685263672], [-45.01856791699218, -1.388768526367194], [-45.01406791699218, -1.349468526367197], [-45.033867916992186, -1.337968526367199], [-45.03056791699218, -1.3223685263672], [-45.004967916992186, -1.324968526367194], [-44.97846791699219, -1.316668526367195], [-45.00166791699218, -1.291968526367199], [-44.98646791699218, -1.266068526367199], [-44.89946791699219, -1.274268526367194]]], [[[-44.15976791699219, -23.226468526367196], [-44.153667916992184, -23.215568526367196], [-44.14956791699218, -23.216568526367197], [-44.151567916992185, -23.224168526367194], [-44.15976791699219, -23.226468526367196]]], [[[-44.19596791699219, -23.1063685263672], [-44.21756791699219, -23.108268526367198], [-44.20756791699218, -23.108168526367194], [-44.19786791699219, -23.121068526367196], [-44.171067916992186, -23.117968526367196], [-44.16496791699218, -23.141568526367195], [-44.14676791699218, -23.124468526367195], [-44.126967916992186, -23.119768526367196], [-44.14006791699219, -23.139668526367196], [-44.139367916992185, -23.158368526367198], [-44.11506791699219, -23.148668526367196], [-44.10756791699219, -23.163168526367194], [-44.092267916992185, -23.166368526367194], [-44.09556791699219, -23.174468526367196], [-44.130167916992185, -23.186168526367197], [-44.12766791699219, -23.171368526367196], [-44.14796791699219, -23.168968526367195], [-44.16836791699218, -23.182668526367195], [-44.187967916992186, -23.1825685263672], [-44.18226791699219, -23.192768526367196], [-44.19636791699219, -23.202368526367195], [-44.20896791699219, -23.192968526367196], [-44.251267916992184, -23.204868526367196], [-44.25766791699218, -23.2024685263672], [-44.25266791699219, -23.1902685263672], [-44.29886791699219, -23.177268526367197], [-44.31686791699219, -23.185468526367195], [-44.33396791699219, -23.223368526367196], [-44.343767916992185, -23.223968526367194], [-44.350867916992186, -23.211868526367198], [-44.34006791699218, -23.191268526367196], [-44.34306791699218, -23.1808685263672], [-44.35776791699219, -23.189468526367197], [-44.362567916992184, -23.1793685263672], [-44.37706791699218, -23.178268526367198], [-44.36716791699219, -23.165568526367196], [-44.324967916992186, -23.153768526367195], [-44.324267916992184, -23.139368526367196], [-44.29576791699218, -23.116168526367197], [-44.29696791699219, -23.130268526367196], [-44.28306791699219, -23.135968526367197], [-44.27406791699219, -23.117568526367194], [-44.25056791699218, -23.110268526367197], [-44.25436791699219, -23.099268526367197], [-44.23646791699218, -23.083968526367194], [-44.19526791699219, -23.099968526367196], [-44.19596791699219, -23.1063685263672]]], [[[-44.22996791699219, -23.076768526367196], [-44.23646791699218, -23.083968526367194], [-44.236067916992184, -23.076868526367196], [-44.22996791699219, -23.076768526367196]]], [[[-43.19556791699218, -23.073168526367198], [-43.193267916992184, -23.067968526367196], [-43.19206791699219, -23.072468526367196], [-43.19556791699218, -23.073168526367198]]], [[[-43.989967916992185, -23.102068526367198], [-44.00776791699219, -23.092568526367195], [-44.006267916992186, -23.072868526367195], [-43.97256791699218, -23.045068526367196], [-43.95736791699218, -23.042068526367196], [-43.89946791699219, -23.068768526367194], [-43.884867916992185, -23.0682685263672], [-43.87666791699218, -23.0575685263672], [-43.89396791699218, -23.032268526367197], [-43.842067916992185, -23.0543685263672], [-43.79206791699219, -23.062468526367198], [-43.955467916992184, -23.087268526367197], [-43.989967916992185, -23.102068526367198]]], [[[-43.51206791699219, -23.0622685263672], [-43.50886791699219, -23.064868526367196], [-43.51276791699218, -23.065468526367198], [-43.51206791699219, -23.0622685263672]]], [[[-44.313767916992184, -23.0605685263672], [-44.31736791699218, -23.061068526367194], [-44.31046791699219, -23.059468526367198], [-44.313767916992184, -23.0605685263672]]], [[[-44.34836791699219, -23.038968526367196], [-44.34616791699219, -23.068168526367195], [-44.361767916992186, -23.046468526367196], [-44.39206791699218, -23.040568526367196], [-44.378267916992186, -23.031968526367194], [-44.37016791699219, -23.039568526367198], [-44.357467916992185, -23.035968526367196], [-44.34836791699219, -23.038968526367196]]], [[[-44.13046791699219, -23.039868526367197], [-44.124367916992185, -23.038868526367196], [-44.12766791699219, -23.041968526367196], [-44.13046791699219, -23.039868526367197]]], [[[-43.46786791699218, -23.036768526367197], [-43.470867916992184, -23.037068526367197], [-43.469867916992186, -23.034168526367196], [-43.46786791699218, -23.036768526367197]]], [[[-44.39976791699218, -23.027668526367197], [-44.40406791699218, -23.031968526367194], [-44.402667916992186, -23.027268526367195], [-44.39976791699218, -23.027668526367197]]], [[[-43.952967916992186, -23.0057685263672], [-43.94956791699219, -23.006568526367197], [-43.95176791699218, -23.009068526367194], [-43.952967916992186, -23.0057685263672]]], [[[-44.051567916992184, -23.002968526367198], [-44.034267916992185, -22.9980685263672], [-44.02946791699218, -23.0040685263672], [-44.04786791699218, -23.0102685263672], [-44.051567916992184, -23.002968526367198]]], [[[-43.934967916992186, -23.013968526367197], [-43.936867916992185, -22.999368526367196], [-43.91756791699218, -22.989368526367194], [-43.934967916992186, -23.013968526367197]]], [[[-44.41006791699218, -22.990068526367196], [-44.41196791699218, -22.993268526367196], [-44.41316791699219, -22.988968526367195], [-44.41006791699218, -22.990068526367196]]], [[[-43.91926791699218, -22.985768526367195], [-43.92076791699218, -22.9890685263672], [-43.922767916992186, -22.986468526367197], [-43.91926791699218, -22.985768526367195]]], [[[-44.412867916992184, -22.9843685263672], [-44.41316791699219, -22.988968526367195], [-44.416367916992186, -22.9875685263672], [-44.412867916992184, -22.9843685263672]]], [[[-43.914867916992186, -22.981068526367196], [-43.90846791699219, -22.980568526367197], [-43.912267916992185, -22.983568526367197], [-43.914867916992186, -22.981068526367196]]], [[[-44.404567916992185, -22.984468526367195], [-44.40146791699218, -22.977068526367198], [-44.397067916992185, -22.980068526367198], [-44.404567916992185, -22.984468526367195]]], [[[-44.42436791699218, -22.969768526367197], [-44.41476791699218, -22.968768526367196], [-44.42386791699219, -22.973168526367196], [-44.42436791699218, -22.969768526367197]]], [[[-43.857867916992184, -22.954268526367194], [-43.86356791699219, -22.9492685263672], [-43.861067916992184, -22.947468526367196], [-43.857867916992184, -22.954268526367194]]], [[[-43.895767916992185, -22.957868526367196], [-43.90896791699218, -22.955368526367195], [-43.91196791699218, -22.936168526367197], [-43.870767916992186, -22.924368526367196], [-43.87556791699218, -22.947668526367195], [-43.895767916992185, -22.957868526367196]]], [[[-44.343767916992185, -22.939368526367197], [-44.33656791699219, -22.936968526367195], [-44.341167916992184, -22.942668526367196], [-44.343767916992185, -22.939368526367197]]], [[[-43.16776791699218, -22.896468526367194], [-43.176367916992184, -22.896068526367195], [-43.174667916992185, -22.893168526367198], [-43.16776791699218, -22.896468526367194]]], [[[-43.22056791699219, -22.844468526367194], [-43.221767916992185, -22.847668526367194], [-43.224567916992186, -22.8411685263672], [-43.22056791699219, -22.844468526367194]]], [[[-43.162067916992186, -22.814468526367197], [-43.16476791699218, -22.812468526367198], [-43.162067916992186, -22.811568526367196], [-43.162067916992186, -22.814468526367197]]], [[[-43.17776791699219, -22.804768526367198], [-43.174667916992185, -22.818868526367197], [-43.16556791699219, -22.821568526367198], [-43.17066791699219, -22.831068526367197], [-43.21226791699218, -22.816268526367196], [-43.24006791699219, -22.833668526367198], [-43.26536791699218, -22.811368526367197], [-43.256867916992185, -22.798068526367196], [-43.22916791699218, -22.784168526367196], [-43.18916791699218, -22.794968526367196], [-43.188767916992184, -22.784468526367196], [-43.17386791699219, -22.777268526367195], [-43.156667916992184, -22.779568526367196], [-43.17776791699219, -22.804768526367198]]], [[[-44.36616791699218, -2.518768526367197], [-44.364067916992184, -2.527668526367194], [-44.37186791699219, -2.525168526367196], [-44.36616791699218, -2.518768526367197]]], [[[-43.47126791699218, -2.477368526367194], [-43.46956791699218, -2.470968526367194], [-43.46626791699219, -2.483568526367193], [-43.47126791699218, -2.477368526367194]]], [[[-43.85056791699218, -2.424668526367199], [-43.85066791699219, -2.436868526367199], [-43.86886791699219, -2.445168526367198], [-43.86246791699219, -2.433368526367197], [-43.85056791699218, -2.424668526367199]]], [[[-44.42116791699218, -2.426568526367198], [-44.42536791699219, -2.415568526367196], [-44.42116791699218, -2.415968526367195], [-44.42116791699218, -2.426568526367198]]], [[[-43.78806791699218, -2.413468526367197], [-43.78116791699218, -2.394368526367195], [-43.78646791699219, -2.3771685263672], [-43.761567916992185, -2.370468526367198], [-43.75466791699218, -2.377968526367198], [-43.78806791699218, -2.413468526367197]]], [[[-43.613067916992186, -2.381768526367196], [-43.59836791699219, -2.366868526367199], [-43.55796791699218, -2.355368526367194], [-43.54206791699219, -2.360568526367196], [-43.53976791699218, -2.368868526367194], [-43.56666791699219, -2.425068526367198], [-43.60026791699219, -2.412868526367198], [-43.613067916992186, -2.381768526367196]]], [[[-43.51296791699219, -2.377668526367195], [-43.506867916992185, -2.404468526367197], [-43.53626791699219, -2.406168526367196], [-43.52576791699219, -2.370468526367198], [-43.51296791699219, -2.377668526367195]]], [[[-43.14736791699219, -23.064568526367196], [-43.14486791699218, -23.062668526367197], [-43.14326791699219, -23.0652685263672], [-43.14736791699219, -23.064568526367196]]], [[[-42.92176791699219, -23.014268526367196], [-42.91966791699218, -23.016568526367195], [-42.922767916992186, -23.017368526367196], [-42.92176791699219, -23.014268526367196]]], [[[-42.01236791699218, -23.000168526367197], [-42.006667916992185, -23.002668526367195], [-42.00156791699219, -22.991468526367196], [-41.97746791699218, -22.9796685263672], [-41.978167916992184, -22.996668526367195], [-41.99966791699219, -23.014268526367196], [-42.01236791699218, -23.000168526367197]]], [[[-43.08546791699219, -22.986368526367194], [-43.08426791699218, -22.9890685263672], [-43.087967916992184, -22.988268526367197], [-43.08546791699219, -22.986368526367194]]], [[[-41.98786791699219, -22.967368526367196], [-41.993367916992185, -22.964768526367195], [-41.98646791699218, -22.964068526367196], [-41.98786791699219, -22.967368526367196]]], [[[-41.98746791699219, -22.892168526367197], [-41.97696791699219, -22.899868526367197], [-41.980367916992186, -22.901168526367197], [-41.98746791699219, -22.892168526367197]]], [[[-43.13346791699219, -22.869368526367197], [-43.13706791699219, -22.874968526367198], [-43.13736791699218, -22.870468526367198], [-43.13346791699219, -22.869368526367197]]], [[[-41.940267916992184, -22.872968526367195], [-41.945467916992186, -22.864368526367194], [-41.936867916992185, -22.8638685263672], [-41.940267916992184, -22.872968526367195]]], [[[-43.123267916992184, -22.8593685263672], [-43.11976791699219, -22.863568526367196], [-43.127367916992185, -22.861968526367196], [-43.123267916992184, -22.8593685263672]]], [[[-41.90486791699219, -22.852268526367197], [-41.90506791699219, -22.859968526367197], [-41.90876791699218, -22.858168526367194], [-41.90486791699219, -22.852268526367197]]], [[[-43.10506791699218, -22.835468526367194], [-43.11336791699218, -22.832668526367197], [-43.10996791699218, -22.830768526367194], [-43.10506791699218, -22.835468526367194]]], [[[-43.10056791699218, -22.823968526367196], [-43.096967916992185, -22.826768526367196], [-43.10226791699218, -22.828468526367196], [-43.10056791699218, -22.823968526367196]]], [[[-43.096967916992185, -22.823168526367198], [-43.095267916992185, -22.819868526367195], [-43.09346791699218, -22.823168526367198], [-43.096967916992185, -22.823168526367198]]], [[[-41.825367916992185, -22.771868526367196], [-41.82176791699219, -22.773168526367197], [-41.825367916992185, -22.775368526367195], [-41.825367916992185, -22.771868526367196]]], [[[-43.160367916992186, -22.770768526367196], [-43.154767916992185, -22.774268526367198], [-43.158867916992186, -22.775068526367196], [-43.160367916992186, -22.770768526367196]]], [[[-43.11076791699219, -22.752768526367195], [-43.10286791699218, -22.751868526367197], [-43.10776791699219, -22.756868526367196], [-43.10196791699219, -22.762968526367196], [-43.110667916992185, -22.769268526367195], [-43.11076791699219, -22.752768526367195]]], [[[-43.119067916992186, -22.757768526367197], [-43.11806791699218, -22.754468526367198], [-43.11576791699218, -22.756668526367196], [-43.119067916992186, -22.757768526367197]]], [[[-41.70286791699218, -22.405168526367195], [-41.70256791699219, -22.420568526367198], [-41.71036791699218, -22.414168526367195], [-41.70286791699218, -22.405168526367195]]], [[[-41.69576791699218, -22.399768526367197], [-41.691567916992184, -22.403368526367196], [-41.69526791699219, -22.404168526367197], [-41.69576791699218, -22.399768526367197]]], [[[-41.048167916992185, -21.583268526367196], [-41.047567916992186, -21.588168526367195], [-41.05196791699218, -21.580968526367197], [-41.048167916992185, -21.583268526367196]]], [[[-29.327167916992188, -20.522968526367197], [-29.343767916992185, -20.509068526367198], [-29.337567916992185, -20.487768526367198], [-29.299367916992182, -20.519868526367198], [-29.30106791699219, -20.526868526367195], [-29.327167916992188, -20.522968526367197]]], [[[-28.854167916992182, -20.474768526367196], [-28.849167916992187, -20.474468526367197], [-28.851667916992184, -20.478168526367195], [-28.854167916992182, -20.474768526367196]]], [[[-40.282367916992186, -20.299768526367195], [-40.277667916992186, -20.300068526367195], [-40.285367916992186, -20.303068526367195], [-40.282367916992186, -20.299768526367195]]], [[[-38.71176791699219, -17.966168526367195], [-38.70686791699219, -17.964468526367195], [-38.708667916992184, -17.968768526367196], [-38.71176791699219, -17.966168526367195]]], [[[-38.705967916992186, -17.961768526367198], [-38.703167916992186, -17.964768526367195], [-38.70686791699219, -17.964468526367195], [-38.705967916992186, -17.961768526367198]]], [[[-39.200767916992184, -17.755968526367198], [-39.19046791699218, -17.750868526367196], [-39.19826791699219, -17.757968526367197], [-39.200767916992184, -17.755968526367198]]], [[[-34.96116791699219, -8.387868526367196], [-34.96566791699218, -8.371968526367198], [-34.95686791699219, -8.376668526367197], [-34.96116791699219, -8.387868526367196]]], [[[-34.86656791699218, -6.981968526367197], [-34.84836791699219, -6.983568526367197], [-34.859367916992184, -7.013868526367197], [-34.864767916992186, -7.002768526367195], [-34.86656791699218, -6.981968526367197]]], [[[-32.424267916992186, -3.875568526367196], [-32.435767916992184, -3.870268526367198], [-32.45796791699218, -3.880268526367196], [-32.46696791699218, -3.876268526367198], [-32.44216791699218, -3.850068526367195], [-32.398967916992184, -3.829268526367194], [-32.393167916992184, -3.851668526367199], [-32.425767916992186, -3.867268526367198], [-32.424267916992186, -3.875568526367196]]], [[[-32.393167916992184, -3.812168526367195], [-32.387467916992186, -3.807568526367199], [-32.38026791699218, -3.8101685263672], [-32.38456791699218, -3.814868526367199], [-32.393167916992184, -3.812168526367195]]], [[[-39.924467916992185, -2.870268526367198], [-39.91446791699219, -2.870168526367195], [-39.90846791699219, -2.874068526367196], [-39.924467916992185, -2.870268526367198]]]]}}]}