{"type": "FeatureCollection", "bbox": [-9.301054490000025, 35.170445220000026, 4.32778473, 43.79132184], "features": [{"type": "Feature", "properties": {"iso3": "ESP", "source": "geoBoundaries", "territoryExtent": "metropolitan"}, "geometry": {"type": "MultiPolygon", "coordinates": [[[[-7.676544120000025, 43.77014122], [-7.67462362999998, 43.76240574], [-7.689094010000026, 43.756365250000016], [-7.6876646, 43.75238185000001], [-7.69171415, 43.74969465999998], [-7.686463799999984, 43.74305953000002], [-7.698064410000021, 43.73897233999999], [-7.701352290000015, 43.73561397], [-7.69506964999998, 43.738942589999986], [-7.69198327, 43.737107019999975], [-7.692095679999974, 43.732196], [-7.683098350000023, 43.730018], [-7.673766290000012, 43.73532515999999], [-7.67576442000002, 43.73834015], [-7.67308081, 43.74644439999999], [-7.65097089, 43.74397212], [-7.64846447999998, 43.751204329999986], [-7.636393290000012, 43.75297398999998], [-7.630199519999985, 43.74642862], [-7.630392799999969, 43.74185646], [-7.635012260000015, 43.73896807999998], [-7.629928939999973, 43.73536642000003], [-7.631842659999982, 43.729761140000015], [-7.626613519999971, 43.72538202], [-7.629590039999969, 43.72212835000001], [-7.619878249999984, 43.717552650000016], [-7.615138920000013, 43.71919392], [-7.6137519, 43.71536088999998], [-7.60609246, 43.71776804000001], [-7.614641849999982, 43.70288326999999], [-7.61061939, 43.69878556], [-7.60532855000001, 43.70199027], [-7.60520010999998, 43.697080020000016], [-7.614031990000019, 43.68897186999999], [-7.614370820000029, 43.68126991000001], [-7.60886912, 43.672129569999974], [-7.59871435, 43.672332319999974], [-7.599153250000013, 43.67628479000002], [-7.596138280000011, 43.67367849999998], [-7.59667771000002, 43.66781472000001], [-7.599708589999969, 43.66632948999997], [-7.59666906, 43.66264977], [-7.593695569999983, 43.66817615], [-7.595015840000023, 43.67343563], [-7.598712200000016, 43.67732887999996], [-7.594114560000024, 43.67348994000002], [-7.594298840000027, 43.67930723000003], [-7.60066607, 43.68178743], [-7.57627612, 43.69299544000001], [-7.58349891, 43.70196019], [-7.584851600000026, 43.71138561], [-7.558297329999981, 43.71128846], [-7.55708597, 43.71576615], [-7.551001059999985, 43.71899796], [-7.55412331, 43.72235738000002], [-7.549291600000013, 43.72477383], [-7.55688004000003, 43.73005258], [-7.54146721000002, 43.73243179], [-7.533195780000013, 43.728943669999985], [-7.530845420000029, 43.73415057000002], [-7.523991760000018, 43.73678129999998], [-7.51519636999998, 43.72682174000003], [-7.514527770000024, 43.71892585000002], [-7.510387919999988, 43.726435829999986], [-7.503047550000026, 43.72225156000001], [-7.50059170999997, 43.72608462], [-7.49253281, 43.7278788], [-7.480650319999977, 43.7238629], [-7.46823748, 43.72420583999999], [-7.470615749999977, 43.7203045], [-7.459113489999971, 43.7165235], [-7.472926139999982, 43.71916059000002], [-7.47181828, 43.71662026], [-7.477587260000012, 43.71475543], [-7.4784081, 43.70879042999998], [-7.46911503, 43.702988089999984], [-7.462336289999986, 43.70644946], [-7.459863169999971, 43.71274906], [-7.46249505, 43.70307622999998], [-7.456114539999983, 43.69886934], [-7.442968459999989, 43.697455579999975], [-7.44894061, 43.6926494], [-7.43642588, 43.70110427], [-7.43435526, 43.69944725999998], [-7.44014696999998, 43.69487363000001], [-7.432745489999973, 43.69394613], [-7.43480697, 43.69229052], [-7.41612328, 43.69231319], [-7.403766090000021, 43.68622791], [-7.40551868000002, 43.68187492], [-7.401402229999974, 43.68410447], [-7.3956297, 43.67930351000003], [-7.37473889, 43.674002729999984], [-7.36781842, 43.676572650000026], [-7.364347189999979, 43.671474879999984], [-7.356953279999984, 43.67110933], [-7.355178590000016, 43.66082385999999], [-7.34611664, 43.65674908000001], [-7.35584511, 43.6604383], [-7.35469787000002, 43.65658387], [-7.351547170000011, 43.65691117], [-7.354541180000011, 43.65442017], [-7.341765400000014, 43.644742939999986], [-7.34313451, 43.64000934], [-7.335322740000014, 43.638433890000016], [-7.33754546, 43.631264149999986], [-7.332363820000024, 43.631082929999984], [-7.333881480000032, 43.62840545000002], [-7.331341350000014, 43.626692349999985], [-7.323842860000012, 43.62772404999998], [-7.324597759999976, 43.62512060999999], [-7.30985888000002, 43.61728770000002], [-7.307425470000016, 43.60821466999999], [-7.294571649999981, 43.59910214999998], [-7.294399289999988, 43.59233844], [-7.280828459999984, 43.59048971999998], [-7.263239260000028, 43.5804979], [-7.2455263, 43.575171470000015], [-7.24749468, 43.57340564], [-7.244795489999986, 43.572353719999974], [-7.256559479999985, 43.56604548999998], [-7.25443645, 43.56631374], [-7.257821279999972, 43.560416569999965], [-7.27109704, 43.56257621000001], [-7.263021620000029, 43.55902498], [-7.26394793, 43.55654156000003], [-7.251680630000018, 43.55619811], [-7.261475079999982, 43.55118401999998], [-7.25575311, 43.54689024], [-7.24186727, 43.55131465], [-7.24351556000002, 43.56313728999998], [-7.24837128, 43.56616162999999], [-7.235407180000014, 43.56914646999997], [-7.193619149999972, 43.561678149999985], [-7.17678502, 43.56369113], [-7.175957629999989, 43.556924150000015], [-7.1613748, 43.55387375000002], [-7.14731428000001, 43.55389952999998], [-7.13748892, 43.55756035000001], [-7.11902411, 43.55437509000002], [-7.115953449999981, 43.56162531000001], [-7.108051490000022, 43.56066765], [-7.105375780000021, 43.556640550000026], [-7.100685170000017, 43.558843899999985], [-7.088920530000011, 43.55458447], [-7.08192048, 43.55705884000003], [-7.072114279999987, 43.55299769000001], [-7.070027040000012, 43.55563803], [-7.06629509000002, 43.55389844], [-7.06437448, 43.55681184], [-7.0667444, 43.55854603], [-7.057359979999982, 43.5589071], [-7.047103129999972, 43.55512089], [-7.046670619999982, 43.55162500999998], [-7.04210259999998, 43.55568526000002], [-7.03450556, 43.55000304], [-7.03620286, 43.54518304999998], [-7.03015058, 43.54428921], [-7.02199117, 43.54888724], [-7.02272503, 43.55376809], [-7.029417100000017, 43.55647601], [-7.022385080000022, 43.55628294000001], [-7.023223500000016, 43.55957554000002], [-7.017323740000029, 43.55593905999997], [-7.005971910000016, 43.55501472000001], [-7.003185460000028, 43.55742633], [-7.000180759999985, 43.554119519999986], [-6.98897132999998, 43.55740196999998], [-6.98642927, 43.55546511], [-6.981217680000015, 43.55959946000003], [-6.974059859999984, 43.556751900000016], [-6.970918689999986, 43.56169597], [-6.963813109999969, 43.56039449], [-6.960544249999984, 43.56397424], [-6.955781039999982, 43.56365332], [-6.953686400000028, 43.56853362000002], [-6.94795243, 43.56360036999999], [-6.94911981, 43.57159979999998], [-6.944269469999981, 43.571848620000026], [-6.94789302, 43.573289840000015], [-6.94608426, 43.574981989999976], [-6.93689618, 43.5698705], [-6.930053789999979, 43.57014241999998], [-6.925378560000013, 43.57498502000002], [-6.92408127, 43.57084316999997], [-6.91421351999998, 43.57277570000002], [-6.910123410000018, 43.56641564], [-6.899767739999971, 43.57094752], [-6.889247770000013, 43.56949691000002], [-6.876161960000021, 43.562406469999985], [-6.86632696, 43.57045587000002], [-6.867146069999978, 43.56700689], [-6.864782439999977, 43.56683486999998], [-6.85387311, 43.57050801000001], [-6.854081629999979, 43.56563021999997], [-6.849915419999974, 43.56514962], [-6.851715589999973, 43.56270302], [-6.84405895, 43.56573418], [-6.83864618, 43.56336845], [-6.84081955000002, 43.56580723000002], [-6.837099179999981, 43.56727386999999], [-6.828313070000021, 43.56638051], [-6.81931552, 43.561946270000014], [-6.816969879999988, 43.55598355], [-6.81096822, 43.55445549], [-6.803268619999973, 43.55937602999999], [-6.799476770000017, 43.55538783000002], [-6.794472, 43.55789519], [-6.784592480000025, 43.55611645], [-6.78088155, 43.55952565000002], [-6.78289855, 43.56504085000002], [-6.777447230000011, 43.56478923999999], [-6.77462565, 43.56857394], [-6.770794520000028, 43.56611664], [-6.76335723, 43.56856793], [-6.764152019999984, 43.564634290000015], [-6.75843584, 43.56132039], [-6.746687499999986, 43.56612728], [-6.742141, 43.56469186], [-6.74121702, 43.56057162], [-6.733472029999971, 43.56446255999999], [-6.732275029999984, 43.56052225000002], [-6.723844460000011, 43.55591781], [-6.7095043, 43.5641096], [-6.708491589999987, 43.56153155], [-6.6977722, 43.56379703000002], [-6.69806472, 43.560285259999986], [-6.69081213, 43.56255475], [-6.69106031, 43.55972867999998], [-6.684755419999976, 43.558662919999975], [-6.658673169999988, 43.56729867000002], [-6.649889270000026, 43.56783193], [-6.645611020000012, 43.564241229999965], [-6.64350635999997, 43.56896316], [-6.632205780000027, 43.56718945], [-6.63260823, 43.56996769000001], [-6.62813118999997, 43.56902965000002], [-6.626308510000013, 43.57290499000001], [-6.620206229999975, 43.56551781000002], [-6.61581743999998, 43.56625111], [-6.617286189999986, 43.56369264], [-6.61414387, 43.56166736], [-6.608517890000017, 43.56137713], [-6.60347492000002, 43.566083120000016], [-6.60135984, 43.56321475], [-6.603667720000023, 43.55686657], [-6.59848486999997, 43.55403190000001], [-6.58096347, 43.5543757], [-6.57725028, 43.55794041], [-6.558403049999971, 43.555765299999976], [-6.5581863, 43.552926959999986], [-6.554773519999975, 43.55383457], [-6.55719626, 43.55040982000002], [-6.542485230000013, 43.554756689999984], [-6.53963994, 43.55246801], [-6.541426080000027, 43.54978361], [-6.53730985, 43.54946102999998], [-6.539530890000012, 43.54743844], [-6.53329911999998, 43.545227509999975], [-6.536084200000014, 43.54882372999996], [-6.531998990000027, 43.550723859999984], [-6.530300270000025, 43.54792228000003], [-6.52132609, 43.55068436], [-6.512805449999986, 43.54721036], [-6.50155438, 43.55170655000002], [-6.488682310000017, 43.54895832999998], [-6.48230295, 43.55296154000001], [-6.474496810000015, 43.550255179999986], [-6.472217180000024, 43.55172908], [-6.475397140000021, 43.55557587], [-6.475414560000031, 43.56340835], [-6.47022627, 43.57115605], [-6.46025195, 43.56910884000003], [-6.46051509, 43.56505832], [-6.449647859999982, 43.56101145], [-6.445487900000021, 43.56274865999998], [-6.42975339, 43.55276027], [-6.420628269999977, 43.55382628999997], [-6.415045720000012, 43.55953052], [-6.40416151, 43.55620906999999], [-6.396860570000022, 43.56045101], [-6.383621990000024, 43.55597310000004], [-6.367807890000022, 43.55833124999998], [-6.37201017, 43.553768519999984], [-6.37064181, 43.55143196999997], [-6.362049359999979, 43.55385509000002], [-6.35577109, 43.551149569999964], [-6.332086120000025, 43.56162988], [-6.320681410000018, 43.56160189000002], [-6.3147479, 43.56560975999998], [-6.310127240000021, 43.5635379], [-6.309468769999978, 43.56756355], [-6.30825466, 43.56348411000001], [-6.303642179999971, 43.56336551999998], [-6.30002542, 43.56787281], [-6.295678120000021, 43.56671982999997], [-6.298815789999976, 43.56930329999998], [-6.297181630000013, 43.57112419000002], [-6.28542896, 43.56996829000002], [-6.28179921, 43.574268299999986], [-6.275331410000016, 43.57329250999999], [-6.274491609999977, 43.57653086000003], [-6.267738719999974, 43.57898416], [-6.25594585, 43.57779035999998], [-6.242493989999973, 43.58881525999998], [-6.244508369999982, 43.59517758], [-6.240755130000025, 43.59218693000001], [-6.23671639, 43.59379605], [-6.237496799999971, 43.59148703], [-6.23217652, 43.59114252999998], [-6.231315029999976, 43.58824076], [-6.226603190000029, 43.58907625], [-6.22492641, 43.582965180000016], [-6.219953670000012, 43.57936900999998], [-6.21318381, 43.580388], [-6.20913875999997, 43.58513858000001], [-6.2030647, 43.57291115999998], [-6.194560740000024, 43.57578738999997], [-6.19376554, 43.58041947], [-6.18820764, 43.57953934], [-6.192004490000021, 43.56983545999997], [-6.185712170000013, 43.56369962000003], [-6.170001919999979, 43.56963795999999], [-6.15819163, 43.56638172], [-6.154469039999986, 43.57073431], [-6.15424519000002, 43.568345530000016], [-6.15114593, 43.569700589999975], [-6.147427689999987, 43.56749819], [-6.15290149, 43.56798647], [-6.147365020000017, 43.56368238], [-6.144789320000011, 43.56629235], [-6.13555803, 43.56473643], [-6.132894, 43.55873208999998], [-6.123731490000017, 43.56135101], [-6.123746750000015, 43.55685777], [-6.112989, 43.55543178999998], [-6.10521604, 43.55859658], [-6.105874, 43.56224317999997], [-6.09251162, 43.55832001999996], [-6.089510160000025, 43.56329923999996], [-6.078188249999984, 43.56465836999997], [-6.077366790000022, 43.57040683999998], [-6.07793452999997, 43.56429606], [-6.075803620000026, 43.56670342], [-6.066029959999979, 43.56589476], [-6.037057660000027, 43.57874273999998], [-6.036630540000028, 43.58403926000002], [-6.01727169, 43.58826182], [-6.016697020000026, 43.58271271999999], [-6.006330549999989, 43.57799798000002], [-5.998024550000027, 43.57833332000002], [-5.997096900000026, 43.57411692], [-5.991680770000028, 43.57677992999997], [-5.99217617, 43.57927899000002], [-5.980587949999984, 43.57761013], [-5.974240179999986, 43.581998329999976], [-5.97223068999998, 43.57967364999999], [-5.96643783, 43.58125582], [-5.96457755, 43.57817982], [-5.956332339999973, 43.57976206], [-5.9437006, 43.58639085], [-5.94185749, 43.58822106], [-5.944511220000016, 43.58929617], [-5.939343110000025, 43.59282256], [-5.947935010000013, 43.597257179999986], [-5.933541920000021, 43.60139125000001], [-5.92790775, 43.59915881], [-5.91499290000002, 43.60802460999999], [-5.916127589999975, 43.611759179999986], [-5.91114276, 43.61656819], [-5.9160736, 43.61961169], [-5.91478473000001, 43.62371421], [-5.90644341, 43.62345855000003], [-5.900731409999985, 43.62864571], [-5.89874568000003, 43.62421232], [-5.895438420000025, 43.62683518999997], [-5.88724557, 43.62321599000002], [-5.87835277, 43.62568225], [-5.877542759999988, 43.62974526999999], [-5.866672620000028, 43.63132402999999], [-5.86721312, 43.63565020999999], [-5.85916907, 43.63646403], [-5.86168236, 43.64553076], [-5.858852160000013, 43.6551274], [-5.83998935, 43.66062184000002], [-5.842314210000011, 43.65653942], [-5.837247699999978, 43.65218156], [-5.83403203, 43.65446725000001], [-5.835745479999971, 43.64529509000002], [-5.83002197, 43.64011585999999], [-5.82595466, 43.63956827000003], [-5.822365169999982, 43.64445592], [-5.813668810000027, 43.63983546999997], [-5.811338169999986, 43.64249487999999], [-5.809920770000027, 43.63257174000002], [-5.797360459999985, 43.63677850999997], [-5.79367041, 43.636067470000015], [-5.794017879999983, 43.62965739000001], [-5.783099010000024, 43.63130144999999], [-5.781548350000025, 43.62294780999998], [-5.786224759999969, 43.620348859999986], [-5.782873260000014, 43.61916103], [-5.79097198, 43.614200539999985], [-5.78456743, 43.61290722000002], [-5.78465164, 43.61016806], [-5.780864589999985, 43.61242117], [-5.775666580000028, 43.60610092], [-5.770928429999976, 43.60815173], [-5.767609250000025, 43.60467571], [-5.770890910000015, 43.60085961999996], [-5.765737919999972, 43.5935834], [-5.759869, 43.59500385000001], [-5.761608950000015, 43.59052295999999], [-5.755584089999985, 43.58336639000002], [-5.74896803, 43.58522746999998], [-5.73501144, 43.57380352], [-5.711967209999972, 43.56861749], [-5.69797563, 43.57557555], [-5.698904209999978, 43.57279847], [-5.69672742999998, 43.57313799000001], [-5.70085642999998, 43.56937590999998], [-5.69593262, 43.567538389999974], [-5.676111619999985, 43.57097571999997], [-5.68489680000002, 43.56859062], [-5.681545680000012, 43.56478871], [-5.684397530000026, 43.56738684000002], [-5.69301443, 43.565131180000016], [-5.69134783, 43.56107373], [-5.696135530000027, 43.566813299999986], [-5.701257140000023, 43.56615208999999], [-5.697062640000027, 43.56455848], [-5.700956420000025, 43.563025879999984], [-5.69968695, 43.56093999000002], [-5.695887589999987, 43.56153392999998], [-5.69907419, 43.55858648], [-5.692709200000012, 43.55522519], [-5.698448, 43.55787195999997], [-5.69556406, 43.55011573999998], [-5.68779604, 43.5574928], [-5.68583701, 43.556035239999986], [-5.68639477, 43.56050600999998], [-5.683721870000021, 43.55775064999999], [-5.688403049999989, 43.55249041], [-5.686143759999973, 43.550400650000014], [-5.689496780000022, 43.55147425], [-5.69329527, 43.54503709000002], [-5.684518230000018, 43.54250651], [-5.68770782, 43.54548380999996], [-5.67938921000001, 43.54547215], [-5.67916443, 43.54123663000002], [-5.676496170000027, 43.545269869999984], [-5.664546890000013, 43.54432474999999], [-5.66667411, 43.547372419999974], [-5.67041108, 43.54650177], [-5.66481103, 43.54975688999998], [-5.659519090000014, 43.54764730000003], [-5.660306039999981, 43.54330713999999], [-5.64769662, 43.54197045], [-5.642096709999979, 43.549213149999986], [-5.638541089999974, 43.548863169999976], [-5.638642579999987, 43.55203917], [-5.628660580000025, 43.55023448], [-5.617565259999976, 43.55901589000002], [-5.609448289999975, 43.549954690000014], [-5.59707774, 43.54785060000001], [-5.56828532, 43.55077955999998], [-5.52887826, 43.54567115], [-5.518241809999969, 43.55183067], [-5.49905653000002, 43.54951477], [-5.493779169999973, 43.54402065999997], [-5.472629070000026, 43.55138635000002], [-5.440231889999978, 43.55262309], [-5.432041439999981, 43.54997948], [-5.41324669, 43.55487093000002], [-5.397414930000024, 43.54994580999997], [-5.399361979999989, 43.54410641], [-5.38901163, 43.54060456], [-5.38822388, 43.52974422], [-5.387981780000016, 43.53593727], [-5.385559989999978, 43.53013552999997], [-5.3858747, 43.53513263], [-5.37606933, 43.534733590000016], [-5.37180868, 43.53970222], [-5.36568299, 43.53340032], [-5.353320409999976, 43.53088226], [-5.34704140999997, 43.53491006], [-5.308763699999983, 43.53237598], [-5.295404309999986, 43.53515708], [-5.26536413, 43.51855861999998], [-5.26427758, 43.51531169], [-5.267857380000018, 43.51575397], [-5.26984999000002, 43.50950166], [-5.268246790000022, 43.50699434999998], [-5.2501269, 43.50108559], [-5.242710740000019, 43.49355083], [-5.226840830000025, 43.48643267], [-5.22355136, 43.483399280000015], [-5.22472875, 43.479765739999976], [-5.216229050000027, 43.47489753], [-5.195507310000018, 43.47525231], [-5.190597249999973, 43.47863298], [-5.189439379999981, 43.47601696], [-5.17379674000003, 43.47458665999998], [-5.123517330000015, 43.48460766], [-5.11512345, 43.47653351000002], [-5.086436699999982, 43.47613318], [-5.075055629999985, 43.47054166], [-5.076269180000016, 43.467710339999975], [-5.073386060000026, 43.466186939999986], [-5.057157350000022, 43.46919037], [-5.054975399999986, 43.46426834], [-5.037041409999984, 43.46068150999997], [-5.00862767, 43.45858208], [-4.98510273000001, 43.4615322], [-4.98155766, 43.45934267000002], [-4.982896589999987, 43.45492542], [-4.97510175, 43.4622727], [-4.94236876, 43.46074460000002], [-4.944854660000011, 43.45885648], [-4.936402350000012, 43.459711299999974], [-4.93652533999997, 43.45698094999998], [-4.926066959999979, 43.46238905999998], [-4.928054789999984, 43.45959127], [-4.923564920000029, 43.45716374999998], [-4.896715260000016, 43.45076018], [-4.89943218, 43.44911232999998], [-4.88430956, 43.44847116], [-4.874742079999979, 43.441614159999986], [-4.854619530000017, 43.4463184], [-4.85489571, 43.44241510000001], [-4.85083836, 43.44187756], [-4.849874339999986, 43.44471148000002], [-4.839290160000017, 43.44656591], [-4.839700229999984, 43.44093167000002], [-4.834571429999989, 43.438871], [-4.836839269999984, 43.43336899000003], [-4.832181609999987, 43.433794849999984], [-4.835772040000027, 43.43525901999997], [-4.83321584000001, 43.43981117], [-4.822810970000015, 43.43569137], [-4.812929640000026, 43.43954015000001], [-4.815178930000022, 43.435830729999985], [-4.807612980000019, 43.4344558], [-4.80819412, 43.43156524], [-4.78684614, 43.43206272], [-4.785811889999974, 43.4258839], [-4.785625259999987, 43.43172161], [-4.766094809999985, 43.42929645], [-4.764748649999983, 43.425913589999986], [-4.746692550000019, 43.421823569999965], [-4.751822109999972, 43.420637610000014], [-4.744344169999985, 43.41661887000002], [-4.742181280000032, 43.41829962000002], [-4.74020935, 43.41500702999998], [-4.73562458, 43.41795808], [-4.727933280000025, 43.41594051000001], [-4.724402050000014, 43.41860506], [-4.723418219999985, 43.415711489999964], [-4.713372199999986, 43.41514208000002], [-4.71277533, 43.41149526], [-4.69837864, 43.41255635000001], [-4.695981229999974, 43.40897218999997], [-4.699397090000023, 43.404806500000014], [-4.695443079999978, 43.40871903999999], [-4.680871009999972, 43.409231270000014], [-4.652968869999979, 43.400543609999986], [-4.642072720000019, 43.40267253000002], [-4.626944760000022, 43.39760321000002], [-4.618215710000026, 43.39858247999997], [-4.61895411, 43.39524041999998], [-4.58189598999998, 43.39945082], [-4.575954880000026, 43.39558895], [-4.57671728, 43.39308424], [-4.56652744999997, 43.39200869], [-4.556254389999975, 43.393940809999954], [-4.55729619999998, 43.39797858], [-4.54926645, 43.39591759000001], [-4.546005430000023, 43.399761549999965], [-4.5342282, 43.39991113999998], [-4.51315747000002, 43.39333053999998], [-4.508921570000012, 43.39330543000002], [-4.49513396, 43.39752033999998], [-4.487406789999986, 43.393100860000025], [-4.476686790000012, 43.39555380999997], [-4.47241091, 43.394393319999985], [-4.47245006, 43.38894911], [-4.464478559999987, 43.39264921], [-4.459382410000017, 43.3912466], [-4.459164149999988, 43.393986699999985], [-4.45369061, 43.39229150000002], [-4.453582969999976, 43.39502118], [-4.443500040000012, 43.39785009], [-4.43946577000002, 43.395919949999985], [-4.441507799999983, 43.39350809999997], [-4.43657073000002, 43.39725293999999], [-4.43159976, 43.393812540000035], [-4.4311203, 43.39705108999998], [-4.414676959999972, 43.39831802], [-4.397654589999985, 43.396987390000014], [-4.396857199999967, 43.393989669999975], [-4.390326409999973, 43.39296163999999], [-4.385033029999971, 43.39529491], [-4.389355600000023, 43.38992095], [-4.3849233, 43.393729479999976], [-4.37269702000002, 43.39309336], [-4.35596012, 43.402801449999984], [-4.34066491000003, 43.405872010000024], [-4.33804921, 43.39700630000002], [-4.32802016, 43.39125222999998], [-4.295915419999981, 43.39058465999999], [-4.29333049, 43.39502605000001], [-4.280254159999977, 43.38799652000003], [-4.273308950000012, 43.38946066000002], [-4.271870409999988, 43.393294520000026], [-4.26490713999998, 43.39155278], [-4.261821220000026, 43.39576488], [-4.24885389, 43.395681960000026], [-4.232949749999984, 43.40057267], [-4.226456199999975, 43.40006614000002], [-4.221541049999979, 43.39575154000002], [-4.20913872, 43.40110577], [-4.200255979999984, 43.39904718999997], [-4.180585789999971, 43.40549178999998], [-4.17511571000001, 43.40107287], [-4.151840460000023, 43.411673529999966], [-4.137216199999988, 43.41364764], [-4.134532219999985, 43.411468179999986], [-4.13304462, 43.41449040000002], [-4.111360299999973, 43.41886305000002], [-4.09512351, 43.42680840000001], [-4.093179600000017, 43.432751910000015], [-4.081650029999989, 43.4382101], [-4.08182, 43.43387735000001], [-4.077355209999984, 43.43084895], [-4.055769849999987, 43.433661479999984], [-4.04728823, 43.43907911], [-4.04717078, 43.44516721], [-4.04197709, 43.44209909], [-4.044299299999987, 43.43700838999999], [-4.03887631, 43.43493271], [-4.03450679000002, 43.43592678000002], [-4.036341290000013, 43.4391608], [-4.031590700000017, 43.43665547], [-4.034177110000014, 43.44051306], [-4.022564110000018, 43.44141886], [-4.021180400000015, 43.44878790999998], [-4.01411965, 43.447824220000015], [-4.001749949999972, 43.439676109999986], [-3.985015440000016, 43.446358770000025], [-3.978685989999968, 43.44087531], [-3.9783233, 43.44520961], [-3.95709809000001, 43.45581651], [-3.94554485, 43.47114837], [-3.933297250000014, 43.46825050999998], [-3.93057354, 43.46961440000001], [-3.93214879, 43.471555559999985], [-3.916014600000014, 43.47487363000001], [-3.91022304, 43.47289387], [-3.90957519, 43.47668994999999], [-3.90643932, 43.47784044], [-3.908582159999984, 43.47560830000001], [-3.90528695, 43.47436479], [-3.892071, 43.47700794999998], [-3.89061654, 43.473111280000026], [-3.894935079999982, 43.470826420000016], [-3.877545060000021, 43.4772194], [-3.878777889999968, 43.48037957], [-3.872775419999976, 43.47658956], [-3.862739890000011, 43.4760624], [-3.842707440000024, 43.483991809999985], [-3.838659669999969, 43.47834858], [-3.83567426999997, 43.480657620000024], [-3.837504659999983, 43.48246319], [-3.827792809999977, 43.48668504], [-3.825890610000024, 43.49048978], [-3.811566059999976, 43.49493259], [-3.785203629999971, 43.49176631999998], [-3.78677601, 43.48617263000002], [-3.778432749999978, 43.48558098999997], [-3.786327709999971, 43.48212355], [-3.784884930000016, 43.476712509999984], [-3.775476219999986, 43.47005869999999], [-3.766699369999976, 43.471171050000024], [-3.76328621, 43.46719561], [-3.80174799000001, 43.46149500999998], [-3.814332109999968, 43.449474830000014], [-3.82102165, 43.449688209999984], [-3.81950122, 43.45333703999998], [-3.82533753, 43.45167425999998], [-3.823738619999973, 43.448615140000015], [-3.814866, 43.44781415], [-3.814838109999988, 43.44481574], [-3.824425569999983, 43.44550353999998], [-3.82767249, 43.44252656000001], [-3.815699589999976, 43.44178401000002], [-3.815153529999975, 43.43700638], [-3.83068606, 43.43515688], [-3.82747387, 43.4324787], [-3.811795990000018, 43.43172642000001], [-3.814102449999987, 43.42864843], [-3.806380349999976, 43.42679403], [-3.805132920000013, 43.42869381000002], [-3.810902679999985, 43.42959861999997], [-3.806591949999973, 43.43063758], [-3.804305649999979, 43.428735639999985], [-3.803718280000027, 43.42636250000001], [-3.81422197, 43.415428579999976], [-3.82701051, 43.41304076999995], [-3.828945410000018, 43.40800392], [-3.82148648, 43.41221335], [-3.80887533, 43.39347402000001], [-3.799834439999969, 43.39840368], [-3.786327009999976, 43.39899769], [-3.770241309999976, 43.40696425], [-3.76654152, 43.40602998999997], [-3.770314269999977, 43.40745992], [-3.779934120000028, 43.40491329999998], [-3.788633009999968, 43.40007416000002], [-3.79923779, 43.400741890000035], [-3.807125569999969, 43.39626794999999], [-3.815314729999979, 43.407559629999966], [-3.807393199999973, 43.41746696], [-3.80359658, 43.41715146999998], [-3.800371709999968, 43.411465], [-3.792489009999978, 43.41984015000002], [-3.779136640000012, 43.42096699000001], [-3.779439630000026, 43.42436873000002], [-3.791278649999974, 43.43221203000002], [-3.77428355, 43.445402589999965], [-3.776040550000011, 43.44942491], [-3.76526011999998, 43.44628239], [-3.75592733, 43.44814503999997], [-3.7549411, 43.44138895000001], [-3.762512720000023, 43.43416229000001], [-3.757217189999986, 43.43063141999998], [-3.736434, 43.43151198000001], [-3.735250410000012, 43.43602547], [-3.726492890000024, 43.4424186], [-3.721787, 43.43761907999997], [-3.71676876, 43.42237417000001], [-3.711844629999979, 43.422594770000025], [-3.71416885, 43.420102280000016], [-3.709374209999974, 43.411260630000015], [-3.713792260000016, 43.42001277], [-3.71165944999997, 43.42260582000002], [-3.71666355, 43.42277733], [-3.72136232, 43.43869689], [-3.726205850000029, 43.44342713], [-3.73490387, 43.43854088], [-3.738773280000018, 43.43286567], [-3.752471019999982, 43.43551608999997], [-3.745160369999985, 43.44800815], [-3.74630791, 43.451872770000016], [-3.75494477, 43.44963728], [-3.777179030000018, 43.45821491999997], [-3.73461832, 43.459277860000014], [-3.729257039999975, 43.46266173], [-3.723280250000022, 43.47357713], [-3.70571916, 43.47964718999998], [-3.694718570000014, 43.48007426], [-3.695322069999987, 43.47770241000003], [-3.690407329999982, 43.47611114], [-3.68114308, 43.47805727999999], [-3.67536925, 43.48035143000003], [-3.67357289, 43.48562962], [-3.65807648, 43.49013141000002], [-3.644810499999984, 43.49873368], [-3.633371220000025, 43.49660901], [-3.62233517, 43.49995579000002], [-3.618723190000025, 43.49752604000001], [-3.616136600000028, 43.50104264999998], [-3.611800729999981, 43.499183830000014], [-3.60350966, 43.50878129000002], [-3.589366859999968, 43.51365387], [-3.580298190000027, 43.51240327], [-3.583477500000015, 43.50979394], [-3.57846032, 43.50650561], [-3.56409126, 43.50980048999998], [-3.546344129999977, 43.50770704000002], [-3.545535959999979, 43.5045053], [-3.540617359999987, 43.50365508], [-3.538621799999978, 43.49343541], [-3.530103640000013, 43.49241243999999], [-3.526079569999989, 43.496185740000016], [-3.513071439999971, 43.49221948], [-3.51462786, 43.48028166], [-3.49783174, 43.47224252], [-3.46365403999997, 43.46519964999998], [-3.4473252, 43.46711919000002], [-3.430883719999987, 43.46199533], [-3.425420290000022, 43.451426370000014], [-3.4257535, 43.44427557], [-3.429783939999979, 43.44100996], [-3.43876418, 43.43707713000001], [-3.459078340000014, 43.438717769999975], [-3.463276029999979, 43.44149235], [-3.461665729999983, 43.4442542], [-3.464967989999976, 43.44460108999997], [-3.46478097999998, 43.43665275], [-3.47127047, 43.43336703], [-3.48354953, 43.43336004], [-3.491682259999978, 43.42479666], [-3.48780675, 43.423603079999985], [-3.483171189999978, 43.43081466000002], [-3.46356921000001, 43.43128004], [-3.46038256, 43.428141240000016], [-3.464720290000017, 43.40393758], [-3.46108013, 43.40355224000001], [-3.455994499999984, 43.41461586999996], [-3.454490499999974, 43.429956560000015], [-3.450050580000011, 43.43606107], [-3.44232712000002, 43.42401592], [-3.425240849999974, 43.413247800000015], [-3.414446690000013, 43.41343122], [-3.42002957, 43.41521191], [-3.412138589999973, 43.41917541999999], [-3.404326940000025, 43.41474585], [-3.39928213999998, 43.41773498000001], [-3.381527159999969, 43.41507584], [-3.371668819999983, 43.416882], [-3.370101310000019, 43.41300608], [-3.361002989999985, 43.411738320000026], [-3.34321721, 43.41620499], [-3.337379629999975, 43.41265645], [-3.32379008, 43.41916077999997], [-3.32717429, 43.41444182], [-3.325969310000021, 43.40620606], [-3.320467440000026, 43.40271874000002], [-3.313147100000023, 43.4033152], [-3.311214959999969, 43.40950658000003], [-3.304373509999975, 43.40972298], [-3.28119641000001, 43.4029565], [-3.25731225, 43.403012379999964], [-3.228191869999973, 43.39647346999998], [-3.221192790000012, 43.39374075], [-3.225941539999985, 43.388986119999984], [-3.22417578999998, 43.38556784], [-3.21736377, 43.38644535999999], [-3.20882694, 43.38121152], [-3.217919040000025, 43.38287851], [-3.213875420000024, 43.37744735], [-3.21121455, 43.37906408], [-3.21189129, 43.3748397], [-3.207675240000018, 43.376504229999966], [-3.198357580000013, 43.37341409999997], [-3.19365079, 43.36438154], [-3.185422330000026, 43.3655837], [-3.181860920000015, 43.359097109999986], [-3.171172789999982, 43.35875338], [-3.161464690000015, 43.35090648], [-3.131681800000026, 43.35273647], [-3.129428699999973, 43.35513424000003], [-3.116397499999987, 43.34918985], [-3.10935351999997, 43.36468759000002], [-3.084077440000025, 43.37797258000002], [-3.10355714, 43.36373483], [-3.09683504, 43.36463267], [-3.0882202, 43.36017342000003], [-3.0829293, 43.36357288], [-3.086837239999975, 43.36064219999998], [-3.07757202, 43.35441647000001], [-3.072262979999978, 43.36272010999997], [-3.059605259999985, 43.36184158000001], [-3.04528747, 43.35899341000002], [-3.049833389999973, 43.35724998000003], [-3.071743660000016, 43.36214432], [-3.07284778, 43.35990140999998], [-3.068799969999984, 43.35950007], [-3.070833489999983, 43.35450038], [-3.04616781, 43.343316329999986], [-3.040424439999983, 43.34973279], [-3.031876339999977, 43.34665517], [-3.03435901000001, 43.343534], [-3.032370410000014, 43.34206897999998], [-3.04096073000001, 43.34081359999997], [-3.03092718, 43.3396614], [-3.03140706, 43.33726952], [-3.04378818, 43.33914768000001], [-3.02893139, 43.335229880000014], [-3.028309759999987, 43.33111122], [-3.0310083, 43.33016337000002], [-3.02338059, 43.32721812999998], [-3.026564929999971, 43.33220599000001], [-3.02071583, 43.32554377], [-3.020790880000022, 43.32882141999996], [-3.01670771, 43.32730028000001], [-3.018336229999979, 43.32869575000002], [-3.014709989999985, 43.32941661], [-3.010245930000021, 43.33724202], [-3.021473069999982, 43.34028409], [-3.017289960000025, 43.33700711], [-3.027815030000026, 43.34194861999997], [-3.01524299000001, 43.3408073], [-3.012591780000013, 43.34774109], [-3.023081949999978, 43.35446593], [-3.020108010000012, 43.35442144000002], [-3.019405820000014, 43.35839254999998], [-3.039604580000023, 43.37330796999998], [-3.031127250000026, 43.379046379999984], [-3.022028869999973, 43.378463119999985], [-3.014437829999979, 43.38309256], [-3.005633240000013, 43.38365856999999], [-2.991349960000024, 43.39183625], [-2.990114580000025, 43.395302860000015], [-2.98537081, 43.39548861999998], [-2.985026029999984, 43.39946232000001], [-2.974304799999983, 43.40463786], [-2.970471860000028, 43.41338021], [-2.960329299999978, 43.415898279999986], [-2.95409485, 43.41140266], [-2.945092460000022, 43.41275658999999], [-2.94593672, 43.41820635000001], [-2.953064469999988, 43.41798447], [-2.95065386000001, 43.4201625], [-2.955470190000024, 43.42205545999999], [-2.951955590000024, 43.42968073], [-2.94659201999997, 43.431272069999984], [-2.946909009999976, 43.43602653999997], [-2.931996319999987, 43.43467682], [-2.91034182000002, 43.439010770000024], [-2.90128758, 43.43691417999999], [-2.90233074000002, 43.43371853], [-2.900158979999978, 43.431987779999986], [-2.88054019, 43.43728128999997], [-2.863131709999981, 43.43094946], [-2.827410420000024, 43.43163898999999], [-2.82374531, 43.43434367000001], [-2.80697811, 43.43048949], [-2.80021183, 43.43289996], [-2.789026369999976, 43.44454042000002], [-2.784285649999986, 43.4449858], [-2.785850109999968, 43.44810023], [-2.776740960000027, 43.44494017999999], [-2.772585410000025, 43.44908297999997], [-2.76100213, 43.44981561], [-2.752061950000011, 43.45695498999997], [-2.746840780000027, 43.4522342], [-2.74777493, 43.444573519999985], [-2.738706519999972, 43.42968680999997], [-2.729297130000012, 43.42576599], [-2.72092973, 43.42653825], [-2.718906859999972, 43.42050933999999], [-2.709682090000011, 43.42244924000002], [-2.723573619999985, 43.41840469], [-2.713308589999972, 43.4183794], [-2.712741710000016, 43.42070110999999], [-2.704986790000013, 43.41756583000003], [-2.69567774, 43.40676314000001], [-2.683563769999981, 43.4064241], [-2.67378567, 43.412681710000015], [-2.65655999000002, 43.40964180999998], [-2.646308969999974, 43.41594066000003], [-2.63636628, 43.4116684], [-2.63801233999997, 43.40283129], [-2.6186305, 43.39186395], [-2.60140084999998, 43.394488539999976], [-2.58942199, 43.38736870000002], [-2.582675220000016, 43.388172700000034], [-2.58334703, 43.383835], [-2.57199436000001, 43.39006018], [-2.562690229999986, 43.39101543], [-2.552129310000018, 43.38152884], [-2.550353210000023, 43.37405139999998], [-2.509732379999979, 43.377365759999975], [-2.503468530000023, 43.367433779999985], [-2.49883353, 43.36673819], [-2.50260614, 43.364224429999986], [-2.48749484, 43.36335622], [-2.484989450000019, 43.35753706], [-2.471945430000021, 43.350463009999984], [-2.459738770000018, 43.33556651], [-2.432442389999983, 43.33382218999997], [-2.41550767999998, 43.32583073], [-2.42088702, 43.32696570999998], [-2.422728919999968, 43.32393150999997], [-2.420043230000016, 43.32230608], [-2.418329219999977, 43.32485465], [-2.4131341, 43.32126225], [-2.41172461, 43.32418147], [-2.400162340000012, 43.32221227000002], [-2.380285769999968, 43.31320944], [-2.38355709, 43.30677092000003], [-2.371024750000026, 43.30961092000001], [-2.356705109999987, 43.30408325000002], [-2.352927600000018, 43.298704159999986], [-2.343137670000023, 43.30336652000001], [-2.324970749999982, 43.29716424], [-2.31136624, 43.29990126000003], [-2.286051059999977, 43.294973019999986], [-2.268318319999984, 43.30055137], [-2.262537900000011, 43.29937951999999], [-2.26011826, 43.30370401000001], [-2.24925276, 43.30295759], [-2.246218729999972, 43.306026109999976], [-2.246360960000013, 43.30150678], [-2.23956489999997, 43.30468524000001], [-2.239640519999969, 43.30850365], [-2.22846191, 43.31101278], [-2.206303069999974, 43.30438633000003], [-2.200856970000017, 43.31162388], [-2.19653441, 43.305587489999986], [-2.20146398, 43.30671169], [-2.19907105, 43.30396654000003], [-2.20159906, 43.30111185], [-2.19197761999998, 43.298684850000015], [-2.18957136, 43.29236462], [-2.18376983, 43.29478144], [-2.174289270000021, 43.288464], [-2.149593639999969, 43.29596313000001], [-2.144500769999969, 43.29255733], [-2.13199935, 43.29354331], [-2.133272419999988, 43.2907076], [-2.130502139999975, 43.28745519999999], [-2.13238155, 43.29180836000003], [-2.126607760000018, 43.29042259], [-2.108959059999987, 43.30118125000002], [-2.073837089999971, 43.307501320000014], [-2.07000785000001, 43.31118890000002], [-2.052074710000024, 43.31305801], [-2.030467749999983, 43.32099796999998], [-2.01459763, 43.32087981999997], [-2.00843906, 43.32419405], [-2.00475936, 43.31842631], [-1.990940430000017, 43.31587378999997], [-1.986591479999989, 43.32007624999998], [-1.98822558, 43.32341331000002], [-1.993173830000015, 43.323249979999986], [-1.99175052, 43.32653295999999], [-1.980191039999981, 43.32375598], [-1.98136184, 43.32675584], [-1.980428449999971, 43.32872843], [-1.97878629, 43.32662475999998], [-1.972312770000014, 43.32871864], [-1.973093710000022, 43.33580303999999], [-1.96799113, 43.334091189999974], [-1.96239588, 43.33814642999999], [-1.94841378, 43.33203056999998], [-1.93328519, 43.3359061], [-1.929517670000013, 43.33198996999998], [-1.923781219999988, 43.33203506999997], [-1.928045040000015, 43.33576696000003], [-1.91681555, 43.336696439999976], [-1.88336088, 43.34950238], [-1.87078171, 43.36914310000002], [-1.864969839999987, 43.37238105], [-1.861557279999974, 43.37005998], [-1.859223770000017, 43.37470991999997], [-1.85464814, 43.37451103999998], [-1.84880978, 43.37972888999999], [-1.845531430000015, 43.376202180000014], [-1.83191334, 43.38407773], [-1.822342249999988, 43.38553732], [-1.82184156, 43.38334413], [-1.814077050000019, 43.38774801000001], [-1.80319048, 43.388246909999964], [-1.79106241, 43.39590816999998], [-1.787897739999984, 43.38618603], [-1.790418539999979, 43.38855381], [-1.79694621999997, 43.3824907], [-1.791898030000013, 43.37809747], [-1.788774640000025, 43.38055393], [-1.790174389999989, 43.36980435], [-1.779009460000025, 43.363409809999965], [-1.789237960000021, 43.35298344000002], [-1.77179432, 43.34240661000002], [-1.75727231, 43.34369054], [-1.75321568, 43.34117022999999], [-1.75050918999998, 43.331785209999985], [-1.73738177999997, 43.33015546999999], [-1.737127650000026, 43.323372479999975], [-1.741662259999985, 43.31639907999999], [-1.737801839999983, 43.31344822], [-1.740506649999977, 43.31145202999998], [-1.735536150000022, 43.30972247000002], [-1.72985359999998, 43.29542383000002], [-1.72254175, 43.30020483000001], [-1.713373059999971, 43.300021170000015], [-1.703792840000025, 43.30876437], [-1.694386780000022, 43.31212419], [-1.68582863, 43.30928000999999], [-1.66801365999997, 43.314792], [-1.65442819, 43.31236417], [-1.644576739999976, 43.30675541], [-1.635563860000018, 43.309040450000026], [-1.625182, 43.30672239], [-1.621422810000011, 43.30010403999999], [-1.63002145, 43.28503488], [-1.621846750000019, 43.26329029], [-1.608710230000014, 43.25199296999998], [-1.595962130000014, 43.25457468], [-1.575656229999971, 43.24993867], [-1.569116250000022, 43.25567400999998], [-1.55635975, 43.27937571000001], [-1.564075749999987, 43.288783280000025], [-1.535320889999967, 43.29466675000003], [-1.505979370000026, 43.29335264], [-1.492408680000011, 43.28079369], [-1.482552069999981, 43.28313969000002], [-1.468841069999975, 43.27351145999997], [-1.43783312, 43.26686088], [-1.42690813, 43.26716127999998], [-1.413653180000026, 43.27366849], [-1.38959229, 43.25940185999998], [-1.38218894, 43.25004956], [-1.377922420000022, 43.23210595], [-1.38452520000002, 43.221303919999976], [-1.38075373, 43.21447003], [-1.384262460000018, 43.21120598], [-1.382858049999977, 43.19959710999998], [-1.386654549999973, 43.194716210000024], [-1.38140937999998, 43.18968045], [-1.402231379999973, 43.17789818], [-1.40218665, 43.156025089999986], [-1.416145639999981, 43.14940277], [-1.40999353, 43.14287899], [-1.414839509999978, 43.13570647], [-1.414084180000019, 43.12830309], [-1.423812980000024, 43.12479069], [-1.427336139999975, 43.11683396], [-1.44350741, 43.11168839999998], [-1.44080511, 43.10775252], [-1.467844250000022, 43.095394349999985], [-1.47340705, 43.08663508999999], [-1.46522729, 43.07276629], [-1.441208420000012, 43.04635441000001], [-1.35416864000003, 43.02812404], [-1.342560079999975, 43.054448469999976], [-1.34525999, 43.05724309999998], [-1.34432598, 43.0732311], [-1.33996246999997, 43.08107396], [-1.34616816000001, 43.09058298999998], [-1.34464854, 43.09454109], [-1.334676330000017, 43.10205916999998], [-1.33257139, 43.10762041], [-1.319636239999987, 43.11278868], [-1.27298448, 43.11876537999998], [-1.27041612, 43.11699760000001], [-1.28907852, 43.10406867], [-1.299637500000021, 43.09243008], [-1.308569990000017, 43.06922225999999], [-1.295761350000014, 43.063845060000034], [-1.28758895000003, 43.064047009999975], [-1.269615219999973, 43.0551225], [-1.262745479999988, 43.04402336], [-1.24778859, 43.04285842], [-1.229225239999981, 43.05569220999998], [-1.21259298, 43.05168726999998], [-1.20742904, 43.046032419999975], [-1.181170780000015, 43.03224544], [-1.174367920000014, 43.03730574999999], [-1.16298246, 43.03422385000002], [-1.14536975, 43.02561911000002], [-1.141858160000014, 43.007372469999986], [-1.133954539999975, 43.00825229999998], [-1.114677550000017, 43.02392855000002], [-1.09930728, 43.01375091000003], [-1.08316987, 43.01064506999999], [-1.086482150000025, 43.00276737], [-1.081273090000022, 43.00063601], [-1.026582550000024, 42.99219556000002], [-1.01212048, 42.99257546], [-1.007048309999972, 42.99010997], [-0.99820786999998, 42.97603442000001], [-0.98172635, 42.97078323999997], [-0.973706, 42.96260026999997], [-0.95761625, 42.9597568], [-0.94510062, 42.95344548000003], [-0.925759940000026, 42.95406892], [-0.91476092, 42.96358499], [-0.90851442, 42.964479469999986], [-0.899412160000021, 42.96173736], [-0.896149359999985, 42.95531109], [-0.875723790000024, 42.95501467], [-0.864770160000018, 42.95094772999999], [-0.837088269999977, 42.95488505], [-0.80958159000002, 42.951372179999986], [-0.789767280000019, 42.96384081999999], [-0.773891929999986, 42.96514495], [-0.767512, 42.96899172], [-0.751872959999983, 42.96712776000002], [-0.743563569999987, 42.95060279], [-0.730794770000011, 42.94516365], [-0.73461728999998, 42.93986361], [-0.73200671, 42.939199600000016], [-0.733615360000016, 42.93076713], [-0.723950430000026, 42.92236311999998], [-0.724337480000014, 42.918841], [-0.736349009999978, 42.91301907000002], [-0.730301200000019, 42.89990558], [-0.73175238999997, 42.89607134999996], [-0.72784546999997, 42.89640806999998], [-0.717580659999972, 42.88583946999998], [-0.704346609999976, 42.88411605000002], [-0.69842861, 42.87895461000002], [-0.678751819999982, 42.88453630999999], [-0.666784200000013, 42.876539960000024], [-0.661971119999983, 42.864591600000026], [-0.6558887, 42.858740210000015], [-0.636155950000026, 42.85335475], [-0.619711239999976, 42.837967089999985], [-0.602559319999971, 42.83253046], [-0.60415101, 42.82648562], [-0.598476749999976, 42.81538096], [-0.600470040000029, 42.80242895], [-0.592093319999985, 42.80211798], [-0.576667819999982, 42.80820382000003], [-0.569138229999969, 42.80685553999998], [-0.564690730000021, 42.79989940999999], [-0.570642789999984, 42.790606939999975], [-0.57054803, 42.78303194999998], [-0.567586029999986, 42.78062781], [-0.55788772, 42.78167299], [-0.551119470000024, 42.77753928999998], [-0.54371637000001, 42.79318398], [-0.529646970000012, 42.79155752], [-0.522793269999984, 42.79908141999998], [-0.52501059, 42.81215917999999], [-0.50526782, 42.82742572], [-0.50066696, 42.827451420000024], [-0.498293349999988, 42.820790139999986], [-0.492740569999976, 42.81684166000002], [-0.48395253, 42.816081529999984], [-0.477634730000014, 42.80932404999999], [-0.451433059999983, 42.80349393], [-0.441703699999971, 42.79537079], [-0.408788249999985, 42.80766010999997], [-0.39474679, 42.79896704999999], [-0.383483640000026, 42.801024319999975], [-0.38152149, 42.80839928000001], [-0.3644881, 42.81639164000001], [-0.36409033, 42.820281470000026], [-0.34683989, 42.83778404999999], [-0.324126810000021, 42.83475204], [-0.313264159999981, 42.84937313000001], [-0.306240929999988, 42.84146412000001], [-0.276816759999984, 42.83551816], [-0.275565059999985, 42.82892405], [-0.2551432, 42.81933250999998], [-0.24546051, 42.82059465000001], [-0.24334299, 42.82365023], [-0.238192539999971, 42.81652053], [-0.238765779999979, 42.80859235000001], [-0.22404102999997, 42.80121257], [-0.21979087, 42.80273022], [-0.215342210000019, 42.79667906], [-0.198172359999987, 42.79564768], [-0.188662689999973, 42.78694118], [-0.176800550000014, 42.7859378], [-0.159987339999977, 42.79802906], [-0.15417250000001, 42.792842059999984], [-0.154402529999966, 42.78115988], [-0.146882650000025, 42.77614619], [-0.149756499999971, 42.76919424000001], [-0.13841782, 42.76673215000001], [-0.136467809999988, 42.76157777], [-0.12278863, 42.75164475], [-0.117654120000022, 42.7385309], [-0.109295730000025, 42.734646169999984], [-0.108378, 42.72942733], [-0.11175678, 42.72637005], [-0.106406209999972, 42.72061599000002], [-0.09698986, 42.72219641999998], [-0.07937062000003, 42.71691258000003], [-0.068459579999983, 42.7180743], [-0.063173600000023, 42.71027579000001], [-0.065770650000017, 42.70776708999998], [-0.062119260000012, 42.69458962], [-0.055710509999985, 42.69226377], [-0.048971020000011, 42.69435033000002], [-0.016661500000011, 42.68511116000003], [0.00484241000003, 42.68733985], [0.014572649999981, 42.69418853], [0.01580953, 42.70182784999998], [0.02432662, 42.702485459999984], [0.048057189999982, 42.695930509999975], [0.058428449999988, 42.69756256], [0.07021975, 42.70346874000001], [0.0765215, 42.71412283999998], [0.084352379999987, 42.71616302000001], [0.09022357, 42.71709404], [0.106580590000029, 42.710113440000015], [0.131622380000018, 42.71468884999998], [0.136726680000014, 42.72243686], [0.16178864000001, 42.7231871], [0.162411170000026, 42.72846448], [0.175796019999987, 42.737043739999976], [0.20602779, 42.72967152], [0.226895149999976, 42.71731540000002], [0.25020057, 42.71859987], [0.260005340000021, 42.71601544], [0.268606289999978, 42.70006606], [0.263694569999974, 42.693237010000026], [0.27084698, 42.69136671999998], [0.295266020000027, 42.67319474], [0.313134990000015, 42.683908630000026], [0.32135567, 42.68289564], [0.326029429999979, 42.69773392], [0.32517392, 42.70502530000001], [0.3456134, 42.71074068], [0.36023112, 42.72434937000003], [0.374892660000026, 42.71434573], [0.385229879999989, 42.71133864000002], [0.39306091, 42.71321334], [0.395305190000015, 42.69952329], [0.417924509999979, 42.694391839999966], [0.422090359999982, 42.69045838000002], [0.436429770000013, 42.68962843], [0.452054450000013, 42.694635439999985], [0.46063504, 42.69287221], [0.47419915, 42.700150099999966], [0.494305470000028, 42.692558840000025], [0.516780820000019, 42.69134709], [0.527313949999987, 42.70254753999998], [0.587361820000032, 42.69449228], [0.59709223, 42.70552222], [0.605799320000024, 42.699251179999976], [0.618805579999979, 42.69558058000002], [0.64717578, 42.694192260000015], [0.668886579999984, 42.68917566000002], [0.676162660000026, 42.6908687], [0.674067860000016, 42.69942657], [0.682421490000026, 42.70837756], [0.673148730000015, 42.717985789999986], [0.680163519999976, 42.72325243], [0.67022746, 42.73115139], [0.66073581000002, 42.75187848999997], [0.642581270000024, 42.75374624999998], [0.64874278, 42.75860077999998], [0.65039548, 42.76530991], [0.662505249999981, 42.77008163], [0.667006270000019, 42.77532156999999], [0.654448119999988, 42.77686739], [0.645041120000027, 42.78296649], [0.651983199999981, 42.78711172000002], [0.659175230000026, 42.79755136], [0.67007124, 42.801938], [0.67087407, 42.80579291999997], [0.66492315, 42.81454673000001], [0.670097369999982, 42.82427601000001], [0.66186242999998, 42.82918626999999], [0.659749819999982, 42.8389783], [0.67829143000003, 42.84774710000002], [0.67795511, 42.855267300000015], [0.691715459999976, 42.85515666], [0.709237100000021, 42.86145031], [0.734638109999979, 42.85424846000002], [0.73594813, 42.848785249999985], [0.750194680000029, 42.84662603], [0.77746494, 42.83614832999997], [0.789198009999985, 42.83616545999999], [0.801411589999987, 42.840622359999976], [0.83309814, 42.82835534999999], [0.85552282, 42.82683663], [0.87089747, 42.81566623000001], [0.885161650000016, 42.81320192999998], [0.906339970000024, 42.80093812000001], [0.907233450000028, 42.79707204999998], [0.916427330000015, 42.79591135], [0.926413499999979, 42.78931153], [0.93541628, 42.78882212], [0.933495149999977, 42.790526849999985], [0.93961159, 42.79694307], [0.960160970000014, 42.80590348], [0.976433309999973, 42.79594821], [0.97800224, 42.79029338], [0.983896170000024, 42.78670292999998], [1.005627770000011, 42.790824430000015], [1.03142163, 42.78498479999999], [1.038997279999981, 42.786815560000015], [1.04367975, 42.78513764000002], [1.04378388, 42.78110934], [1.047870329999988, 42.780982930000015], [1.07342445, 42.78259747000002], [1.078886659999976, 42.78833633], [1.087389080000024, 42.778417220000016], [1.108527119999975, 42.77185325], [1.10940297, 42.76569942], [1.119382830000011, 42.763431979999986], [1.128140180000031, 42.75565258000002], [1.132724899999975, 42.75037314999999], [1.129724169999982, 42.74566454999998], [1.130188670000017, 42.73923726], [1.135109739999972, 42.73572829000001], [1.133196970000017, 42.72827039999998], [1.166144299999976, 42.70891586], [1.17576551, 42.70892543999998], [1.17814690000001, 42.71293518], [1.189143479999985, 42.71740423], [1.216664080000023, 42.720076189999986], [1.229104630000029, 42.72775638999998], [1.24726, 42.72268136], [1.25271843, 42.7144654], [1.26605816, 42.71562552999998], [1.268179710000025, 42.71842758000002], [1.274869959999976, 42.718763029999984], [1.2781613, 42.71406612], [1.29479930999998, 42.71948421], [1.30924878, 42.71759929000002], [1.332372220000015, 42.724730159999986], [1.338019839999983, 42.71851073999998], [1.35732469, 42.719721870000015], [1.351079409999987, 42.702717519999986], [1.364932260000026, 42.69467172999998], [1.37700642999998, 42.695398889999986], [1.38924446, 42.68702477000002], [1.38743967, 42.66869051000002], [1.396875160000015, 42.66805817], [1.40584834, 42.65675522999999], [1.41365886, 42.65559879], [1.420430270000031, 42.62501193], [1.42816744, 42.62082290999999], [1.43339451, 42.60688936999997], [1.443021790000015, 42.602761199999975], [1.440538039999973, 42.59440305], [1.427666450000026, 42.58748289], [1.426481689999977, 42.582801729999986], [1.432142260000033, 42.57535243], [1.44343422, 42.571916], [1.44494715, 42.568012569999986], [1.424089249999989, 42.55693618999999], [1.413638449999977, 42.535352780000025], [1.438830549999979, 42.54346262], [1.450545219999989, 42.539892060000014], [1.45511916, 42.52650544], [1.468366030000017, 42.51001590999997], [1.443342309999985, 42.495216330000034], [1.42555511, 42.49315089999999], [1.419138860000021, 42.48394516], [1.433538890000021, 42.48184823000001], [1.44119196000001, 42.47535679], [1.44059155000003, 42.46362133], [1.447525930000024, 42.46006553999998], [1.44116798, 42.455450639999974], [1.44679597000003, 42.44377028999997], [1.442583400000017, 42.44470831000003], [1.45518270999998, 42.43605203], [1.49799508000003, 42.43322391999998], [1.517190760000015, 42.42873098], [1.528232790000019, 42.43203075], [1.551997050000014, 42.43259099], [1.552938099999986, 42.44338456000002], [1.560225759999982, 42.44899164999998], [1.55623476999998, 42.45412977], [1.561073740000025, 42.45864584999999], [1.567449530000017, 42.45887762], [1.579194650000026, 42.44971934999998], [1.585689830000017, 42.46040770000002], [1.597370400000018, 42.466322689999984], [1.631436739999978, 42.46296019000001], [1.63587411000001, 42.46804781], [1.65702087000003, 42.46821612], [1.662506740000019, 42.47444848], [1.65998277, 42.47861191000002], [1.66288065, 42.47979945], [1.661985259999987, 42.49309833999998], [1.66997792, 42.50418924999998], [1.67947539000003, 42.49468077000002], [1.690322679999977, 42.49494819999999], [1.70361005, 42.48980218], [1.711373629999985, 42.49225593], [1.725622039999977, 42.50437252000002], [1.7307, 42.49251196], [1.747296069999975, 42.49542612], [1.762017079999981, 42.48758415000001], [1.791919379999976, 42.48552418], [1.804893690000025, 42.49021072], [1.816961929999984, 42.483094039999976], [1.82355368, 42.48655253], [1.834501470000018, 42.48292062], [1.84343442, 42.47715818], [1.84750686000001, 42.46785583], [1.85862251, 42.46268393999997], [1.86436131, 42.46659048999997], [1.879188219999983, 42.460691379999986], [1.8843629, 42.44985516], [1.891952889999975, 42.44772085], [1.89855705000002, 42.45024709999998], [1.915659430000018, 42.446172550000014], [1.93668287, 42.45441401], [1.942934880000033, 42.445041400000015], [1.940786030000023, 42.43042256000001], [1.958572739999988, 42.42343109], [1.95485977, 42.41150036], [1.960825049999983, 42.403966869999984], [1.96012245, 42.39307611000001], [1.964786950000023, 42.38785873], [1.965429030000019, 42.38092535], [1.972480810000031, 42.37336231], [1.97924286, 42.37135745000001], [1.98581003, 42.36215809000003], [2.013129079999989, 42.35277979000003], [2.01518651, 42.347377710000025], [2.02358938000003, 42.35578695999999], [2.058376630000017, 42.35863779999998], [2.072819069999976, 42.36552443], [2.08459263, 42.36174234], [2.0894325, 42.37384302999998], [2.116756329999974, 42.38330094], [2.114833609999983, 42.3945867], [2.121680230000016, 42.397224159999986], [2.124198680000026, 42.4078429], [2.12866499, 42.41254924000001], [2.148251679999987, 42.42042861999999], [2.16768406, 42.42489947], [2.180482890000012, 42.41817114], [2.206673250000029, 42.41737726999999], [2.224333350000013, 42.425916380000025], [2.24619013, 42.42892151], [2.256928769999981, 42.43873618], [2.29104688, 42.42290194999999], [2.31260166, 42.428483189999966], [2.324939040000017, 42.41749319], [2.343877990000021, 42.41688849], [2.345613700000011, 42.40930823], [2.361163550000011, 42.40276442], [2.387481499999982, 42.40030268], [2.39601242, 42.39511993999999], [2.410787770000013, 42.39223383], [2.432719130000014, 42.39375014], [2.435281800000028, 42.388839019999985], [2.433400670000028, 42.37762134000001], [2.442471530000015, 42.37104104999999], [2.454193460000019, 42.36985209], [2.45684436, 42.36346885000001], [2.46621776, 42.36069830999998], [2.480908289999969, 42.34095464999998], [2.500228700000022, 42.34319529], [2.51118383, 42.33748215], [2.532806589999978, 42.33292645999999], [2.541672609999976, 42.33357718], [2.54458844000001, 42.33899018000002], [2.552023500000026, 42.34252720999998], [2.554262929999988, 42.35386928000001], [2.57100736, 42.35805945000001], [2.586694459999976, 42.35729358999998], [2.6013144, 42.349187109999974], [2.616300670000011, 42.34576889999998], [2.631357810000011, 42.34668423999998], [2.634576440000029, 42.34386997], [2.67164614, 42.34074850000001], [2.675452809999982, 42.34232383], [2.675142759999981, 42.35703944999999], [2.660876170000022, 42.366011159999964], [2.661447199999973, 42.37706432], [2.65137561999997, 42.38630400999999], [2.65402263, 42.38859455], [2.670931500000018, 42.38717116], [2.67366483, 42.40451727], [2.693233590000013, 42.406397099999985], [2.718244920000028, 42.42186421], [2.753164340000012, 42.42624088999998], [2.77049435, 42.41162076999998], [2.77717079, 42.411832369999985], [2.78406304, 42.41767680000001], [2.799311159999985, 42.41847887], [2.803915359999976, 42.43304393000001], [2.808680560000019, 42.43122633999998], [2.8187118, 42.44045563000001], [2.827303330000019, 42.4392705], [2.833398160000027, 42.44821323], [2.832759029999984, 42.4528368], [2.83961768000003, 42.4592557], [2.861419420000022, 42.45527633], [2.863498799999982, 42.463982330000015], [2.870330039999975, 42.46772720000003], [2.882447689999983, 42.460433439999974], [2.891895500000027, 42.46187283], [2.904078970000024, 42.457120889999985], [2.91842151, 42.45619853999998], [2.924606619999983, 42.45861437], [2.931841989999977, 42.47467586999998], [2.947092550000012, 42.48211932999997], [2.967415030000017, 42.46542349999998], [2.980529820000026, 42.46729399], [2.982589209999976, 42.47179497], [2.988773730000027, 42.47416233999998], [3.0000674, 42.47299351], [3.01321976000002, 42.46636975999998], [3.031397240000029, 42.47470991], [3.040316860000021, 42.47351839], [3.04720177, 42.456807200000014], [3.085184590000015, 42.42584965999998], [3.09875513, 42.42508976], [3.10960567, 42.43519471], [3.1209363, 42.43823363999998], [3.12569784999997, 42.43485479000002], [3.144912159999982, 42.43302139999999], [3.153223520000016, 42.43574240999999], [3.174591929999977, 42.43536785], [3.16907813, 42.43002613000002], [3.16061651, 42.428124539999985], [3.170075229999982, 42.42521944], [3.17097955, 42.41638508], [3.15621021, 42.40737952], [3.16502376, 42.40065701000004], [3.152713129999981, 42.39364255000001], [3.159685920000029, 42.38896396000003], [3.162875840000031, 42.39177139], [3.16694082, 42.389886690000026], [3.155162280000026, 42.37998121], [3.15911, 42.371955029999974], [3.163862719999983, 42.37177066], [3.161795639999981, 42.37260232000001], [3.164692650000015, 42.37466038999999], [3.16772507, 42.36783552000002], [3.163455530000026, 42.36502345000001], [3.162947160000016, 42.36046007999998], [3.178056930000017, 42.35291971999998], [3.182889630000013, 42.35381043999998], [3.184326060000014, 42.35040211999998], [3.187899910000029, 42.35181985999997], [3.18543072, 42.34387022999998], [3.196529590000012, 42.33496935999998], [3.203408180000019, 42.33717946], [3.202710160000018, 42.34203315], [3.199980240000025, 42.34080412], [3.20347488, 42.34707745], [3.20997229, 42.34381689999997], [3.215410919999977, 42.34948903], [3.222655650000014, 42.34728525999998], [3.229267940000018, 42.35156053999998], [3.23822275, 42.34898344], [3.239580260000023, 42.33747750999996], [3.2466621, 42.33634328999999], [3.24975792, 42.329773940000024], [3.25046367, 42.335775249999976], [3.260284819999984, 42.33315803999997], [3.262598830000015, 42.33458841], [3.260818099999987, 42.33778251000002], [3.263280769999981, 42.33668433999997], [3.26114325, 42.340438089999985], [3.26769511, 42.340438769999984], [3.28030502, 42.33622655], [3.277617419999978, 42.33263874999998], [3.285750920000015, 42.33148030999999], [3.286252690000016, 42.32545782], [3.289033919999981, 42.3293733], [3.29296132, 42.32679864], [3.29430128, 42.32988424999998], [3.30082477, 42.32586103999997], [3.307684580000015, 42.32701261000002], [3.306992569999977, 42.3225322], [3.311028729999976, 42.32008594], [3.311247969999978, 42.32480847999999], [3.32227392, 42.319500029999986], [3.32050427, 42.316735590000015], [3.31525666000002, 42.317619939999986], [3.31841659, 42.31514987000001], [3.316149679999989, 42.31395206999997], [3.311695310000029, 42.31766378], [3.31281897000001, 42.31302906], [3.302825530000022, 42.311330630000015], [3.30278404999998, 42.30801144999997], [3.298144520000022, 42.30672815], [3.300347130000019, 42.30438337], [3.29088543, 42.3073802], [3.286912710000012, 42.303665349999974], [3.293057229999985, 42.30157176], [3.28860999, 42.297352040000014], [3.292179670000023, 42.29497716000002], [3.28627343, 42.293259030000016], [3.297570659999987, 42.28936034], [3.299292040000027, 42.28451276999997], [3.295848429999989, 42.28583676000003], [3.29728211, 42.28368745], [3.290556210000021, 42.28200570999998], [3.280595250000028, 42.28871965000001], [3.27620183, 42.28708882999999], [3.276040069999989, 42.28339817000001], [3.280866420000028, 42.280378529999986], [3.276900329999984, 42.27986739999998], [3.282975939999973, 42.27029820000001], [3.28727896, 42.27103360999999], [3.287864219999977, 42.26572673000002], [3.280922430000032, 42.25784549999999], [3.281536740000029, 42.253797220000024], [3.253710309999971, 42.25249726], [3.256376369999979, 42.24884086], [3.252853350000012, 42.24642336], [3.25424049, 42.24428618000001], [3.26661739999998, 42.24290595999999], [3.264372799999979, 42.23787137], [3.249491849999977, 42.24062147999998], [3.243456, 42.24976359999998], [3.239051620000033, 42.25092229], [3.237687660000013, 42.24742329], [3.229516320000027, 42.25153253999998], [3.226818809999979, 42.249123229999974], [3.23064318, 42.24381109000003], [3.22595938, 42.243733340000034], [3.229411639999987, 42.24066481], [3.21813492, 42.23232281999998], [3.207341779999975, 42.23735621999998], [3.207762230000028, 42.2405198], [3.197826379999973, 42.242589420000016], [3.196613489999988, 42.247011800000024], [3.18259668000003, 42.245286869999966], [3.18163794, 42.25082950000002], [3.17681015, 42.251513680000016], [3.18111421, 42.252037], [3.18110675, 42.25579091999999], [3.178954929999985, 42.25250486], [3.17809591, 42.25585477], [3.180486240000016, 42.25774176], [3.172746679999984, 42.25938436999998], [3.174971770000017, 42.26131641], [3.171478420000028, 42.25992096], [3.174662519999987, 42.26125211], [3.172543759999977, 42.26386896000002], [3.162617180000026, 42.26422484], [3.151692600000029, 42.26006993999999], [3.136889210000018, 42.249290489999964], [3.136470849999982, 42.24573944], [3.134586089999981, 42.24703784], [3.135832219999984, 42.24515265], [3.119447930000017, 42.22675061], [3.111736229999982, 42.20590237], [3.113519289999986, 42.16178183], [3.11790399, 42.1420684], [3.123891710000025, 42.1359509], [3.123869639999976, 42.12847203], [3.13675328, 42.12665585], [3.138102910000013, 42.1157549], [3.149128640000029, 42.11699851999999], [3.145019680000022, 42.11888471999998], [3.151382159999985, 42.11916358], [3.14625251000003, 42.12037564], [3.149049350000018, 42.12128736], [3.16490297, 42.11298947999999], [3.169318140000027, 42.11500156999998], [3.176814380000024, 42.11153637000001], [3.16953703, 42.10533154999997], [3.174497689999989, 42.10252541000002], [3.183783509999973, 42.10354466], [3.195087219999981, 42.0831573], [3.202586280000028, 42.08162554], [3.1988561, 42.07770539], [3.212265939999983, 42.068804469999975], [3.208945429999974, 42.06573551000001], [3.20994931000003, 42.06204455999998], [3.21469767000002, 42.061192420000026], [3.21203288, 42.05408242999997], [3.20658418, 42.05060691999997], [3.208388659999982, 42.05312828], [3.202857450000028, 42.05412164], [3.200866940000018, 42.05303246], [3.20534954, 42.05169109], [3.19899961, 42.0492452], [3.194597459999988, 42.027385839999965], [3.19570903, 42.013769799999984], [3.201653349999982, 41.99154752000002], [3.21119079, 41.977383759999974], [3.2102683, 41.9734913], [3.222118349999975, 41.97440420999998], [3.23105734, 41.96947972], [3.231841680000024, 41.96590846], [3.22698253, 41.96431895999997], [3.2319103, 41.9594598], [3.23359563, 41.96214032000001], [3.229580740000019, 41.95512212000002], [3.2336069, 41.95054605999997], [3.21815142999998, 41.94266537999998], [3.217529819999974, 41.93777533], [3.214199210000031, 41.93638110999998], [3.220555899999981, 41.93481125], [3.215059939999974, 41.929133059999984], [3.219384219999973, 41.92662954999999], [3.21755327, 41.9220663], [3.22038162, 41.92227254999999], [3.21559357, 41.92149771], [3.21630092, 41.91811968], [3.20742654, 41.91733249], [3.212074610000026, 41.909122689999975], [3.20705534, 41.90818898], [3.21037583, 41.90404802999998], [3.205350840000028, 41.90032404], [3.203012989999978, 41.89163826999998], [3.194384070000019, 41.89359129], [3.19055661, 41.887911490000015], [3.183329089999985, 41.88778943000002], [3.18323685, 41.88173657], [3.178298320000032, 41.87899705], [3.18169541, 41.8761401], [3.178532460000028, 41.87494283000002], [3.176901990000022, 41.86642568999998], [3.15897434, 41.85946236], [3.155145799999977, 41.86246787000002], [3.150598680000019, 41.86138929], [3.15080267, 41.85812884], [3.143814390000025, 41.85770328000002], [3.145253410000029, 41.85012786999998], [3.137813109999982, 41.848871069999966], [3.13583309999998, 41.84404454], [3.13687405, 41.84761624999997], [3.132387269999974, 41.84627261], [3.135859250000028, 41.84519530999999], [3.131937460000014, 41.84195807], [3.12079184, 41.84121372999998], [3.128167890000026, 41.8430692], [3.124067799999989, 41.84349579], [3.127830680000025, 41.84545462000002], [3.122480199999988, 41.84816246000001], [3.102160359999973, 41.84491411], [3.093683400000012, 41.83780579000001], [3.093027390000018, 41.832282249999984], [3.08777209, 41.83154867], [3.08420864999998, 41.825995169999985], [3.07161507, 41.81947635999998], [3.06663474, 41.80069363000001], [3.06433397, 41.80193175999998], [3.061108160000022, 41.79797103999997], [3.05632359, 41.78756672999999], [3.05267218, 41.79080239999998], [3.046203419999988, 41.78878601], [3.044745329999985, 41.786333640000024], [3.048705950000014, 41.782676830000014], [3.043678850000013, 41.78165523], [3.04363294, 41.77848916], [3.033000769999988, 41.77668273000001], [3.038035140000016, 41.77829857999998], [3.037576530000024, 41.78006905000002], [3.029680040000021, 41.77947712], [3.032288580000026, 41.77243555000001], [3.030163760000012, 41.77081022000002], [3.02603675, 41.77398004], [3.011125810000026, 41.77218057999998], [2.997745609999986, 41.76295369999998], [2.97754756, 41.75766405], [2.957912090000029, 41.74027043], [2.958473890000011, 41.73570438999999], [2.953742030000012, 41.73690473999997], [2.953749850000017, 41.731026280000016], [2.951090989999981, 41.73293784], [2.946608279999985, 41.73020924], [2.9477885, 41.7277715], [2.93487104, 41.72035837], [2.934765899999985, 41.71518786], [2.91966523, 41.71298106000002], [2.912378780000023, 41.70782150999995], [2.90256909, 41.70996597], [2.89931446, 41.70500271], [2.887693160000024, 41.701271029999965], [2.88112217, 41.704021210000015], [2.865576359999983, 41.69833728], [2.85364535, 41.69961394000001], [2.840620320000027, 41.69295145], [2.833343370000018, 41.694024509999984], [2.819472470000028, 41.68886094000002], [2.816014189999983, 41.681826029999975], [2.807601020000011, 41.67894937000002], [2.802873510000017, 41.672995709999974], [2.797764750000015, 41.67212927], [2.800909700000028, 41.67398642], [2.79748972000003, 41.67547394], [2.789119269999977, 41.66998316], [2.774188040000018, 41.64740417], [2.74565722, 41.64266394], [2.719048970000012, 41.62925062999999], [2.632439079999973, 41.60378168], [2.569853360000025, 41.58193286], [2.56067089000002, 41.57498814999997], [2.55778823, 41.57450688999996], [2.56288189, 41.57936389], [2.555436630000021, 41.57936509], [2.558883680000019, 41.57609213000003], [2.547841290000015, 41.57594323000002], [2.50992674000001, 41.56011067999997], [2.50921544000002, 41.55809238999998], [2.506838729999979, 41.55593811], [2.509108870000031, 41.55852961999997], [2.508559019999982, 41.55967233], [2.50358909000001, 41.55563515], [2.467808420000024, 41.54563609], [2.448590500000026, 41.53471311000001], [2.4493742, 41.53007563], [2.444595950000018, 41.526251609999974], [2.448683340000025, 41.52983839999999], [2.446745590000023, 41.53201005], [2.444695139999975, 41.52785833], [2.43953843, 41.528364230000015], [2.39948077, 41.503979569999984], [2.369043540000018, 41.49044640999998], [2.315128659999977, 41.47540193999998], [2.313033100000011, 41.47524695], [2.316271739999981, 41.47620422], [2.31664124999998, 41.47764554000002], [2.30822923, 41.476225579999976], [2.27702062, 41.46458452], [2.247783309999974, 41.44254535999997], [2.22874901, 41.41311984], [2.212238469999987, 41.39497393999998], [2.207285170000031, 41.39418148], [2.20606426000003, 41.38923125999999], [2.201545279999983, 41.38967920000002], [2.203669260000015, 41.38738623], [2.201926689999984, 41.38517844], [2.199735610000014, 41.38363915], [2.202813530000022, 41.386551720000014], [2.198309899999976, 41.38689077999997], [2.199888200000016, 41.38509973000002], [2.19351488, 41.37953625999998], [2.190465649999988, 41.369329690000015], [2.17607677, 41.35219827999998], [2.17180704, 41.33498779], [2.170024859999989, 41.33812009000002], [2.17484890999997, 41.35313593], [2.186642509999988, 41.36694559999999], [2.18445830000003, 41.37058245], [2.187858439999981, 41.37470529999998], [2.18486916, 41.37258958000002], [2.187340270000019, 41.37750163999997], [2.184666289999976, 41.380845509999986], [2.183280220000016, 41.37439891], [2.18228683, 41.37948545], [2.17803794999998, 41.3741583], [2.182084429999986, 41.37033850000002], [2.176774549999987, 41.37254971000002], [2.176025920000015, 41.36734369000002], [2.18073953, 41.36575363], [2.17486632, 41.36568539], [2.172234659999987, 41.36219375], [2.17667465, 41.36047214], [2.170917200000023, 41.36020040000001], [2.17304856000003, 41.35649417000002], [2.170657460000019, 41.35286560999999], [2.167422109999988, 41.35485688999998], [2.16597134, 41.35072674999998], [2.16020673, 41.350805909999984], [2.16142694, 41.34735691], [2.153993349999974, 41.34309926000001], [2.15090072, 41.34644313000002], [2.149540209999981, 41.336636779999985], [2.144363070000029, 41.334762199999986], [2.1487825, 41.3299185], [2.156286890000014, 41.34188890999997], [2.16048117, 41.343411060000015], [2.166177469999979, 41.34127326999997], [2.16017204, 41.34192144], [2.15259595, 41.32255411], [2.12733319, 41.297900870000014], [2.099409639999989, 41.28446089], [2.023355779999977, 41.266162530000024], [1.934794610000015, 41.26238635], [1.92393015, 41.25659545000001], [1.928224369999973, 41.26085887], [1.90344865, 41.253780589999984], [1.900055839999978, 41.24862243], [1.900999, 41.25197645999998], [1.899985320000022, 41.24927368], [1.870308840000029, 41.24291932999998], [1.86578084, 41.23656574], [1.866573380000021, 41.23904412999999], [1.86292862, 41.23959466999998], [1.85359613, 41.234380290000026], [1.82890756, 41.23664546999998], [1.826957689999975, 41.23300897], [1.824035329999986, 41.23203332], [1.826499419999978, 41.23423470999999], [1.815215550000012, 41.23600484999998], [1.796598570000021, 41.23032803000002], [1.788575410000017, 41.223684919999975], [1.742644969999976, 41.21816165], [1.737029139999984, 41.213882309999974], [1.737952920000024, 41.210827959999975], [1.732189780000012, 41.207301759999986], [1.737434, 41.21123651], [1.734181749999977, 41.21259501999999], [1.735687619999989, 41.21610751], [1.733970599999983, 41.21346809], [1.728210339999984, 41.214938699999976], [1.730868410000019, 41.21410001999999], [1.728200289999976, 41.213147349999964], [1.731176070000024, 41.210269740000015], [1.729174310000021, 41.20797509999998], [1.726515719999988, 41.21210915999998], [1.715501040000017, 41.21148107000002], [1.707417180000013, 41.20749954999999], [1.690334779999986, 41.20570356], [1.673141949999985, 41.19783184999996], [1.65748433, 41.196747330000015], [1.65676211, 41.19379629], [1.64723715, 41.19277703], [1.654567900000011, 41.19697345999998], [1.60706405, 41.18765936], [1.588718179999979, 41.18848333], [1.51333021, 41.17798974999998], [1.4641955, 41.165249960000025], [1.40965437, 41.141954380000016], [1.394896120000011, 41.13162422000002], [1.378859980000022, 41.13403721000001], [1.34389087000001, 41.12482857999998], [1.322120519999979, 41.12951211999999], [1.297926099999976, 41.12777189999998], [1.276479379999974, 41.119188860000015], [1.27042921, 41.11311945999997], [1.25557827000003, 41.11195927], [1.244831080000018, 41.10187507000003], [1.235170010000012, 41.09899865], [1.22637821000002, 41.08739984000001], [1.220765099999984, 41.083571880000015], [1.23273367, 41.09943055], [1.249113159999975, 41.10864153], [1.239104850000027, 41.108524749999965], [1.241418439999976, 41.10526073999998], [1.2367278, 41.10673938], [1.237257350000022, 41.10368526000003], [1.230041300000019, 41.10088035999998], [1.225965720000013, 41.10526249], [1.227586849999981, 41.09917868999998], [1.22195283, 41.101537859999986], [1.221929580000024, 41.105257690000016], [1.213056980000018, 41.0994419], [1.221011929999979, 41.10505726], [1.207562260000011, 41.100264449999976], [1.20884, 41.09697594999999], [1.21149389, 41.09845460999997], [1.208848820000025, 41.096741499999965], [1.20636413000003, 41.099398810000025], [1.19995518, 41.09540984999999], [1.186389320000021, 41.08124472999998], [1.178633860000017, 41.06817261], [1.181618900000015, 41.0643991], [1.17034066, 41.05463313999998], [1.160548470000023, 41.05592436000001], [1.162005550000013, 41.05846504999999], [1.15818777000002, 41.06376299], [1.147567450000016, 41.0653442], [1.14893325, 41.06757317999998], [1.14344898, 41.07194023000001], [1.125091709999985, 41.07484253000002], [1.095289290000024, 41.06805551999999], [1.083639929999978, 41.06170705000002], [1.07148084, 41.06613640000001], [1.06204444, 41.06090500999998], [1.0645878, 41.06529964000002], [1.058937890000012, 41.06455367], [1.061858080000019, 41.06251448], [1.049142809999983, 41.06411553], [1.039306280000017, 41.05795081], [1.015050589999979, 41.05074968999999], [1.00388136, 41.04311553999999], [0.98815597000001, 41.04132060000001], [0.964039870000021, 41.02653943], [0.94363064, 41.00874432000001], [0.93084882999998, 40.988325409999966], [0.91492241, 40.98710325], [0.88075211, 40.95973982], [0.875425559999979, 40.95195831], [0.862229149999984, 40.94707945], [0.85078551, 40.92616433999998], [0.851508810000017, 40.92961634], [0.83701004, 40.91875317000003], [0.837548590000017, 40.918212889999985], [0.836614060000029, 40.91745153], [0.83666291, 40.91481122], [0.835980910000026, 40.91410446999997], [0.836369299999983, 40.91486603000001], [0.833604050000023, 40.91611085], [0.835775819999977, 40.91486777999996], [0.833773559999986, 40.91165636], [0.826838090000013, 40.90832075], [0.82674404, 40.90319958999998], [0.816886010000023, 40.89196325], [0.806949420000017, 40.88694276000001], [0.80291561, 40.87744007], [0.804722349999971, 40.88308092000002], [0.796006889999983, 40.87613707000003], [0.792109279999978, 40.86648539], [0.769867369999985, 40.857732709999986], [0.762611379999983, 40.84648779000001], [0.756522390000028, 40.84744304000003], [0.74934221, 40.84377755999998], [0.74273945, 40.833509679999985], [0.741336, 40.82332494999997], [0.735252740000024, 40.82392764], [0.731983449999985, 40.818486190000016], [0.71442212, 40.81265989], [0.71054515000001, 40.80754358999998], [0.711443900000025, 40.812179530000016], [0.699722130000014, 40.80452366999999], [0.71027119, 40.785632790000015], [0.70813108, 40.7863501], [0.73675116, 40.76683762999998], [0.76270385, 40.76203039000002], [0.76741326999998, 40.76509146], [0.77114178, 40.76358259], [0.770594329999989, 40.76730182], [0.77409213, 40.76569233], [0.772750160000017, 40.768347930000026], [0.77467011, 40.76627677], [0.780552320000027, 40.768281230000014], [0.78149571, 40.77321235], [0.77354531, 40.77757065], [0.7447235, 40.78138403000002], [0.745185680000024, 40.784755099999984], [0.73415835, 40.784599780000015], [0.73220137000002, 40.78646432000002], [0.73415644, 40.785410339999984], [0.734736899999979, 40.78878663], [0.730246349999974, 40.78921131000002], [0.747364119999983, 40.79356375], [0.76587187, 40.792284729999984], [0.778285140000013, 40.78552027000001], [0.83086571, 40.73298321999998], [0.84123199000001, 40.73055869999996], [0.85917874, 40.73505637], [0.872099620000025, 40.73146201], [0.872384110000025, 40.73473051], [0.880600860000029, 40.71846014000001], [0.87043356000002, 40.69662107], [0.844803469999976, 40.67809846999999], [0.757675429999979, 40.64105014000002], [0.70535417, 40.58347683], [0.67434672999998, 40.56190934], [0.646162410000013, 40.554131199999986], [0.617954469999986, 40.55346148000001], [0.60257738, 40.56174207], [0.59668112, 40.56938311000001], [0.594986479999989, 40.57809076000002], [0.601762210000033, 40.575375659999985], [0.61142994, 40.57812634000001], [0.618350799999987, 40.571983430000024], [0.6152722, 40.57906864999999], [0.617869910000026, 40.58584074999998], [0.632738650000012, 40.58206809], [0.63037462, 40.5787653], [0.634146919999975, 40.57644902000002], [0.648944179999979, 40.57293771999998], [0.652903139999987, 40.575802349999975], [0.64959616000002, 40.58101344], [0.657040819999981, 40.57825589999999], [0.65429681, 40.58555664999999], [0.66032524, 40.59147144], [0.67371224, 40.59323408999999], [0.691607410000026, 40.58888903], [0.70868187, 40.59088971], [0.745177309999988, 40.63616157000001], [0.73358824, 40.64075222], [0.73270682, 40.63830418999997], [0.713877110000019, 40.63899349], [0.708108620000029, 40.63623432999997], [0.69449635, 40.63634721000002], [0.692774469999972, 40.63941932], [0.69271978, 40.63628705999999], [0.683187529999976, 40.636213789999964], [0.667294590000027, 40.6287954], [0.668000680000025, 40.625287679999985], [0.665123329999973, 40.62756761], [0.643726239999978, 40.62295949], [0.60842367, 40.62321428000001], [0.608291650000021, 40.61725650999998], [0.607573300000021, 40.62300674], [0.601875349999988, 40.622329330000014], [0.602899190000014, 40.6191723], [0.598299120000011, 40.61978427], [0.608523279999978, 40.61651077999996], [0.599044959999973, 40.61387112999997], [0.601680769999986, 40.61607631999998], [0.59855064, 40.61522844000002], [0.598515689999976, 40.61897597999997], [0.59327881, 40.61631147], [0.604590959999974, 40.60910486], [0.595880870000029, 40.61370869000001], [0.590445489999976, 40.61284235999999], [0.54790017000003, 40.57442419], [0.552152550000032, 40.57287037000002], [0.5513031, 40.56998756], [0.55636234, 40.571407759999985], [0.55113887000002, 40.569785479999986], [0.547243909999984, 40.57295837], [0.538243289999974, 40.56756998], [0.530299740000028, 40.55149435999998], [0.534167749999983, 40.551853239999986], [0.522157159999981, 40.54234987000001], [0.513138569999987, 40.51595756000001], [0.47713607, 40.46738676], [0.47868975, 40.462080149999984], [0.47779789, 40.4587386], [0.475973370000021, 40.45719940999997], [0.47812214, 40.46227739000003], [0.475187960000035, 40.46642770000001], [0.471859720000019, 40.46294328], [0.475621769999986, 40.46135298999998], [0.470819569999975, 40.46335282999997], [0.466397540000027, 40.46014431], [0.45590717, 40.44482354999998], [0.44589013999998, 40.43635967], [0.435303070000024, 40.40948443000001], [0.434322070000023, 40.41636761], [0.431394789999987, 40.41349149000001], [0.434055509999988, 40.41252072999998], [0.417826850000031, 40.40059116], [0.40403028, 40.365287299999984], [0.404019919999973, 40.36064015999999], [0.408445770000012, 40.35734831000001], [0.402225719999978, 40.353298530000025], [0.40637795, 40.35626546000001], [0.40005878, 40.35796475], [0.392314709999983, 40.35192376999996], [0.38639319000002, 40.34017261000001], [0.36626694999998, 40.32600771], [0.354005840000022, 40.312259619999985], [0.350310599999989, 40.29964017], [0.335274570000013, 40.29171665000001], [0.32979317, 40.27950821], [0.31057018999997, 40.26853149999999], [0.30409521000003, 40.25967387], [0.287308990000026, 40.25267678999998], [0.289502160000012, 40.25038967000001], [0.28797282000002, 40.24793826], [0.287811870000012, 40.25116733000002], [0.27836274, 40.244149089999986], [0.26400468, 40.20855428000002], [0.254793609999986, 40.20313943], [0.231034089999976, 40.19804107], [0.202239900000013, 40.18172824999996], [0.190507260000022, 40.17043323], [0.1581029, 40.11854873999998], [0.147620900000012, 40.09402821000002], [0.147554259999988, 40.08291495999999], [0.138098319999984, 40.08180291], [0.13484348, 40.07373954], [0.133486580000031, 40.07738828], [0.132043449999981, 40.07174374], [0.120658400000019, 40.06224256], [0.09751831, 40.05529862], [0.084573129999984, 40.05677065], [0.07255735, 40.04659699000001], [0.065590620000018, 40.04571002999999], [0.0494999, 40.03523651999998], [0.027266539999989, 39.98934180000001], [0.02350741, 39.9728843], [0.028435519999988, 39.96835979], [0.02398621, 39.97152966999999], [0.020102829999975, 39.96974849], [0.020639739999975, 39.97316634000001], [0.017639009999986, 39.97441559], [0.014730590000024, 39.9703119], [0.019554849999988, 39.967673050000016], [0.012553250000016, 39.96791855], [0.017727370000027, 39.96631554000001], [0.024336260000023, 39.96805262999999], [0.017220240000017, 39.96569823], [0.011154770000029, 39.96806303000002], [0.008435149999983, 39.965845839999986], [-0.005155670000028, 39.91517022999998], [-0.05255669, 39.878049310000016], [-0.05432235, 39.87231125999999], [-0.05794444000001, 39.873177960000014], [-0.060216850000016, 39.86924521999998], [-0.057871219999981, 39.86832994], [-0.062089640000024, 39.8680947], [-0.064870439999988, 39.86237321000002], [-0.062412889999984, 39.860797619999985], [-0.065775759999973, 39.86115307000003], [-0.066989609999989, 39.85735551], [-0.070697849999974, 39.864421329999985], [-0.075247870000012, 39.861879], [-0.069021099999987, 39.85850587000002], [-0.07717625, 39.86271134000002], [-0.08638471, 39.85642167000002], [-0.101903189999978, 39.83373298999997], [-0.120916460000023, 39.8146418], [-0.131054510000015, 39.79697634999996], [-0.190216760000018, 39.71997333], [-0.19973818, 39.692512190000016], [-0.20079433, 39.6721519], [-0.201075019999979, 39.6750143], [-0.202890320000023, 39.67509412], [-0.201617899999985, 39.67282936999998], [-0.208256589999972, 39.66342247], [-0.20966738, 39.65414177999999], [-0.205796379999969, 39.65216588000002], [-0.20814614, 39.64329516], [-0.209596889999972, 39.65270775999998], [-0.21573481, 39.65511631], [-0.21935223999998, 39.650347560000014], [-0.213808300000014, 39.64650311999998], [-0.23821766, 39.63573615000002], [-0.261502590000019, 39.61252364], [-0.266585419999987, 39.60351772999997], [-0.266802589999978, 39.593847559999986], [-0.27098545, 39.5899191], [-0.27310559, 39.575041560000024], [-0.280334179999975, 39.56759880000001], [-0.283345159999979, 39.55814711], [-0.28239487, 39.56400755], [-0.286285740000013, 39.5561529], [-0.29362687, 39.551414460000025], [-0.291802409999972, 39.548957520000016], [-0.296108949999975, 39.54952636999999], [-0.31557991, 39.5240777], [-0.317611370000022, 39.50998074000003], [-0.320196759999973, 39.51095093], [-0.32321276, 39.50009224], [-0.32120541, 39.46303750000002], [-0.31158894, 39.451094249999976], [-0.301966689999982, 39.44931208], [-0.302117330000014, 39.43458658999999], [-0.303821269999979, 39.44702192], [-0.30748969, 39.44710721], [-0.31043682999998, 39.44208568], [-0.31337525, 39.44181152999998], [-0.30803140000001, 39.450236899999986], [-0.313750219999982, 39.450793019999956], [-0.31484179, 39.44688142], [-0.32538199, 39.45807096], [-0.32514683000001, 39.461479899999986], [-0.3297566, 39.46158618000003], [-0.329656220000025, 39.45691727999996], [-0.322746859999967, 39.45405522000002], [-0.32615112, 39.45194466], [-0.32051329, 39.44987753], [-0.32558919, 39.44962542000001], [-0.324989449999978, 39.446170179999974], [-0.316616249999987, 39.44333697], [-0.32829526, 39.44442527999998], [-0.325597860000023, 39.44241856], [-0.33233248, 39.43523192999998], [-0.334153130000022, 39.436535], [-0.334425610000018, 39.43365857], [-0.325395199999989, 39.432243409999984], [-0.32943271, 39.43207527], [-0.32728467, 39.42749453], [-0.314469100000013, 39.42334278], [-0.310093169999985, 39.42808780999999], [-0.31332832, 39.42280287], [-0.325102540000014, 39.42441736999997], [-0.324243720000023, 39.42621725], [-0.329649280000021, 39.42732381000001], [-0.329885850000029, 39.43055427], [-0.332717830000015, 39.43183561], [-0.330252849999988, 39.42824755999998], [-0.332708599999984, 39.42690779], [-0.326562320000014, 39.42573024], [-0.33522894, 39.42630813], [-0.32521778000002, 39.38681886000002], [-0.30291383, 39.33052223999997], [-0.282334859999974, 39.29100812999998], [-0.27242776, 39.27863241], [-0.278467120000018, 39.27922434], [-0.278519210000013, 39.27847783], [-0.273238070000011, 39.27866041999999], [-0.222205449999972, 39.18845542], [-0.21628071, 39.18634093999998], [-0.22003339, 39.18012445999999], [-0.234186200000031, 39.18021836999997], [-0.238679080000012, 39.17603683], [-0.23949327999998, 39.15433563], [-0.23337439, 39.15132554], [-0.238220369999986, 39.15167482000001], [-0.235952070000016, 39.15050387999996], [-0.23930211000002, 39.14945722999998], [-0.238644969999973, 39.14318039999998], [-0.19626898, 39.05323207], [-0.15628056, 38.99845227999998], [-0.144285900000011, 38.99527615000002], [-0.156294260000014, 38.99811027], [-0.152975120000014, 38.996813029999984], [-0.161135539999971, 38.99236659999998], [-0.14677902999998, 38.994427299999955], [-0.15223056, 38.99090971], [-0.14836412, 38.98514179000003], [-0.107072039999982, 38.94210672999997], [-0.09637208, 38.93320132], [-0.091473130000019, 38.93340359000001], [-0.09515527, 38.93254833999998], [-0.092604439999974, 38.93309846], [-0.074186380000015, 38.91419701], [-0.017590410000017, 38.873448739999986], [0.034729430000025, 38.85990981999998], [0.05484393, 38.86306946999997], [0.08924960000001, 38.85557814999998], [0.104199630000022, 38.84857792000002], [0.113594350000031, 38.8500392], [0.112077179999981, 38.84773741999999], [0.11599836, 38.84546166], [0.125800090000022, 38.84859570999998], [0.116242469999976, 38.84524793999998], [0.117255609999982, 38.842329079999985], [0.109504300000029, 38.845526830000026], [0.120364530000029, 38.83675966999996], [0.11911568, 38.84192801999998], [0.12260904000003, 38.84437502000003], [0.12077291, 38.83635237], [0.12514015, 38.83323557], [0.132421330000021, 38.83539157], [0.147536499999986, 38.83156146999997], [0.170278430000018, 38.81534273999997], [0.197001389999986, 38.80446991999999], [0.19905155000003, 38.80165710000002], [0.196767010000029, 38.79973781000002], [0.18976108, 38.799587189999976], [0.18713773, 38.79470412000001], [0.18853713, 38.79872879000001], [0.18435672, 38.79791504], [0.18610436000003, 38.79605659999998], [0.18200474, 38.79342983], [0.190714569999979, 38.77267929000002], [0.210537669999982, 38.760532510000026], [0.21988465, 38.760121889999986], [0.22476636000003, 38.76428425], [0.221658100000025, 38.75785682], [0.225973930000018, 38.754314330000014], [0.223788599999983, 38.74972623], [0.225705980000024, 38.74479056000002], [0.232872349999979, 38.745556250000014], [0.23398648, 38.73711130000002], [0.231376670000021, 38.73662503], [0.231500950000026, 38.73172987999999], [0.2260567, 38.73265519000003], [0.214800509999973, 38.72785774], [0.213301079999982, 38.73237635], [0.20400318, 38.73226252000001], [0.196341360000015, 38.72912123999997], [0.19923514, 38.72515922], [0.182411750000015, 38.72078115999998], [0.155685910000031, 38.69803836000001], [0.15503410000002, 38.686885], [0.148607299999978, 38.67925673000002], [0.14697714, 38.68715638], [0.13509777, 38.68676405000002], [0.13908281, 38.68484626999998], [0.13066016, 38.68700917], [0.12101345, 38.68192499000001], [0.115173840000026, 38.673702570000025], [0.09846124, 38.67284068], [0.080373820000013, 38.65626497], [0.073594139999988, 38.64469571999998], [0.076036370000034, 38.637072869999976], [0.08386343, 38.63102872999997], [0.0671469, 38.63601821999997], [0.070935069999969, 38.63623406], [0.070841630000011, 38.63915544999998], [0.069287630000024, 38.63692598999999], [0.067120469999977, 38.64024417000002], [0.05137107, 38.641305129999985], [0.03479248, 38.63607009999998], [0.030551160000023, 38.62591874], [0.010458110000011, 38.63234801], [0.00585595, 38.62831323000002], [-0.00595265, 38.63047219999997], [-0.015884849999983, 38.626663059999984], [-0.031625879999982, 38.616207760000016], [-0.053882940000023, 38.592031109999965], [-0.052371699999969, 38.58912802000001], [-0.053854759999979, 38.58570578], [-0.054849849999975, 38.59168608], [-0.057159280000017, 38.58854589], [-0.054726669999983, 38.58796209], [-0.06174047, 38.582048180000015], [-0.064051029999973, 38.57210573], [-0.053967569999978, 38.56526622], [-0.050434040000031, 38.56608711], [-0.04958369, 38.5621916], [-0.07557546, 38.53782516999997], [-0.097557530000014, 38.52347114000001], [-0.10885338, 38.52864313], [-0.107656639999985, 38.53246061999998], [-0.110833219999982, 38.53390860000002], [-0.149821159999986, 38.53564912], [-0.16033924, 38.52954413000002], [-0.160993050000021, 38.52458666000001], [-0.167646930000012, 38.52395511000002], [-0.17203173, 38.51624978999999], [-0.197404919999981, 38.51519358999999], [-0.22016311, 38.505492430000025], [-0.215466709999979, 38.50864229], [-0.22289888, 38.50829637000002], [-0.230467749999982, 38.50139407], [-0.267592690000017, 38.49473487999999], [-0.31216843, 38.47743239], [-0.3430811, 38.45591069], [-0.375012819999977, 38.44304412], [-0.37689065999998, 38.43769818000001], [-0.382515229999988, 38.43485079], [-0.38021351, 38.43166375999998], [-0.38291539, 38.43233690000001], [-0.38422269, 38.42849176999999], [-0.384285930000017, 38.43244864000002], [-0.38664837, 38.4314202], [-0.384920379999983, 38.42947144999999], [-0.389152539999987, 38.42741252], [-0.390652160000013, 38.4163094], [-0.400361620000022, 38.41221859], [-0.405421059999976, 38.39852719], [-0.40908279, 38.36076539000002], [-0.403840469999971, 38.35247703999999], [-0.435370399999971, 38.35520798999998], [-0.434751509999985, 38.35879853999999], [-0.43702919, 38.35846097000002], [-0.43430676, 38.36005024], [-0.44426436, 38.36325034999999], [-0.47410417000002, 38.347967489999974], [-0.47851496, 38.341539040000015], [-0.47745023, 38.33694785], [-0.489543369999971, 38.32797206], [-0.47845230000001, 38.33741094], [-0.48161678, 38.33885761000001], [-0.480346480000015, 38.34348864999998], [-0.48584281, 38.34103880999998], [-0.487233699999969, 38.339194499999984], [-0.482485609999977, 38.33788514999998], [-0.49008081, 38.33526394], [-0.486421689999989, 38.33488813000001], [-0.489631640000016, 38.33237099], [-0.497088840000015, 38.33472910999997], [-0.491912280000017, 38.33059074], [-0.493626769999977, 38.32930292000002], [-0.497745919999974, 38.33258965999998], [-0.50582846000001, 38.332401630000014], [-0.51385453, 38.31881338999999], [-0.51993147, 38.297569469999985], [-0.51420342, 38.23830462], [-0.50744751, 38.21837462], [-0.509723880000023, 38.20253750000001], [-0.5183745, 38.193944659999985], [-0.537858319999989, 38.18700249], [-0.55426367, 38.18939098], [-0.563246109999982, 38.18433365999997], [-0.55703418, 38.18984516000002], [-0.56458902999997, 38.190623929999965], [-0.562673569999973, 38.18643926999999], [-0.566495880000026, 38.19130324999998], [-0.596053530000024, 38.18752409999996], [-0.612860870000027, 38.17522499000002], [-0.632543960000019, 38.14617627], [-0.639144839999975, 38.1275937], [-0.641322969999979, 38.11414821999998], [-0.638767509999971, 38.11275425], [-0.64165404, 38.11056904], [-0.637379179999969, 38.11195139000002], [-0.641968840000022, 38.11002520000001], [-0.643759559999979, 38.10398780000002], [-0.650698320000013, 38.05433235999997], [-0.652504800000016, 38.01098986], [-0.64764035, 37.99998937], [-0.654830979999989, 37.99375319], [-0.655821179999982, 37.983040720000034], [-0.66042483, 37.98326757], [-0.66597626, 37.97622307000001], [-0.678100549999973, 37.97367864999997], [-0.680150139999972, 37.96860076], [-0.687218419999984, 37.964261449999974], [-0.680445649999982, 37.96897604999997], [-0.681263610000021, 37.97517383000001], [-0.693407809999973, 37.97270036], [-0.68851907, 37.966702030000036], [-0.693847049999987, 37.971032899999976], [-0.69674177, 37.96946763999997], [-0.70355921, 37.95671502000001], [-0.70493625, 37.94099933], [-0.71034837, 37.94186178999998], [-0.717735229999988, 37.93701317000003], [-0.722163529999984, 37.92109502], [-0.719824579999984, 37.91138057999998], [-0.7287409, 37.91362570999998], [-0.740969369999966, 37.90913026999998], [-0.750432230000026, 37.897560829999975], [-0.755664060000014, 37.86758972999997], [-0.761221150000017, 37.86538867], [-0.76267084, 37.84489717000002], [-0.75986334999998, 37.830650699999964], [-0.75738485, 37.82282659999997], [-0.751689160000022, 37.82296124000003], [-0.75062899, 37.82121078], [-0.75747278, 37.82254892], [-0.757530709999985, 37.81913468000001], [-0.752887249999988, 37.82054201], [-0.758209850000023, 37.81658836], [-0.748167479999969, 37.7900651], [-0.753503640000026, 37.78822057], [-0.761564959999969, 37.79426767000002], [-0.761722869999969, 37.79956944], [-0.775135379999981, 37.81848655], [-0.783541599999977, 37.81924892999997], [-0.784101730000022, 37.81419501999998], [-0.795554039999973, 37.811066799999985], [-0.800749619999983, 37.80287339], [-0.799639179999971, 37.79895965], [-0.80311083, 37.79678062999997], [-0.796984519999977, 37.78701475000001], [-0.80130548, 37.7902586], [-0.80044326, 37.78333964], [-0.79800333, 37.78482598000002], [-0.8044929, 37.77656644], [-0.826981290000011, 37.75533799], [-0.83941973, 37.75265615], [-0.844831289999978, 37.748042259999984], [-0.848610420000016, 37.742560220000016], [-0.84793976000002, 37.73554594], [-0.851688840000015, 37.73460508999997], [-0.84955825999997, 37.7321601], [-0.859825370000026, 37.722758739999975], [-0.85643008, 37.71263099], [-0.835740419999972, 37.69192245999997], [-0.82431155000002, 37.67438263000001], [-0.809681069999985, 37.66259477], [-0.786419130000027, 37.65078760999997], [-0.750535389999974, 37.64178174000003], [-0.751421339999982, 37.63758124], [-0.74511939, 37.63350483], [-0.72845967000002, 37.63433853], [-0.719790080000023, 37.64882387999999], [-0.72452648, 37.65145662000001], [-0.72286975, 37.65448853999999], [-0.72615048, 37.66026512999996], [-0.740274350000022, 37.65951841], [-0.7299175, 37.66200485], [-0.734557219999988, 37.66338275000002], [-0.733583639999973, 37.675259169999975], [-0.73855819, 37.686916400000015], [-0.74262176, 37.689400360000015], [-0.74018729, 37.69189492999997], [-0.741296859999983, 37.70017068000003], [-0.745736589999975, 37.70598698], [-0.739010030000021, 37.73732596999997], [-0.74366701000003, 37.742777069999974], [-0.745623, 37.74824841], [-0.741646140000013, 37.74317989], [-0.739158160000016, 37.74401528000002], [-0.74186818, 37.74744654999998], [-0.736611839999981, 37.74639045999996], [-0.738805839999978, 37.74440502], [-0.733543199999986, 37.74653873], [-0.744167930000011, 37.75094199], [-0.74494545, 37.74888426000001], [-0.74547636, 37.74896652000001], [-0.74499943, 37.74897541], [-0.744208379999973, 37.75110497], [-0.74217868, 37.75328288], [-0.7470751, 37.757990499999984], [-0.748533250000024, 37.76829139], [-0.753650220000011, 37.775508140000014], [-0.74998867, 37.78056574999997], [-0.75371683, 37.77593294], [-0.75794613, 37.77987048999998], [-0.755284880000021, 37.778891589999986], [-0.75383658999997, 37.77947674999998], [-0.757134660000016, 37.7815492], [-0.75347184000002, 37.783272650000015], [-0.744954969999978, 37.77994675999999], [-0.74012294, 37.77233857], [-0.745739500000026, 37.76907599], [-0.745172159999975, 37.75898136999998], [-0.735061089999982, 37.74923528999998], [-0.72782839000002, 37.75008726999997], [-0.721418280000011, 37.74003292999997], [-0.72719315, 37.74674081], [-0.733055010000017, 37.74691681999998], [-0.728283640000014, 37.74448196000002], [-0.73432177, 37.74445404999999], [-0.73443048, 37.73903127], [-0.72945073, 37.738601990000014], [-0.73824176, 37.734607799999985], [-0.74092232999997, 37.70988683], [-0.73145574999997, 37.67848938999999], [-0.724660479999985, 37.66525577], [-0.719440849999979, 37.66393835999997], [-0.721802139999969, 37.66234392999998], [-0.719580749999983, 37.65714642999998], [-0.70844533, 37.63997093000001], [-0.698884429999984, 37.63288194], [-0.69059368, 37.63642355999998], [-0.688103109999986, 37.63378847], [-0.694264040000016, 37.62986296], [-0.702763030000012, 37.62983059], [-0.707774589999985, 37.620502099999975], [-0.714911819999987, 37.617919139999984], [-0.717763820000017, 37.60689918999997], [-0.75016222, 37.59778908999997], [-0.782375569999986, 37.59465026999998], [-0.788734049999973, 37.58759629999999], [-0.80327129999997, 37.58655215000002], [-0.82000524, 37.57502098], [-0.83220201, 37.578453869999976], [-0.842605419999976, 37.577364830000015], [-0.84325265, 37.5804407], [-0.848981530000016, 37.58204123999999], [-0.86709262, 37.57951319999997], [-0.871588719999985, 37.57471891999999], [-0.87634841, 37.57736406], [-0.879312969999972, 37.56985634], [-0.90412496, 37.56320709], [-0.919247629999974, 37.553939939999985], [-0.93400679, 37.55893057000002], [-0.960413820000022, 37.55866893000001], [-0.967404280000011, 37.56928867999997], [-0.961390099999988, 37.56355234], [-0.95845703, 37.5668992], [-0.9569249, 37.56496212000002], [-0.94976459, 37.56762267000003], [-0.955467050000021, 37.57148866999998], [-0.959015750000025, 37.57007211999997], [-0.958395509999974, 37.574125850000016], [-0.96982059999997, 37.57370116], [-0.975941270000012, 37.577230939999986], [-0.974817660000017, 37.58108687], [-0.978841, 37.58305743000003], [-0.975330559999971, 37.58848560000003], [-0.98351451, 37.589058370000025], [-0.97559061, 37.589337200000024], [-0.973123290000019, 37.59720745000001], [-0.976039639999987, 37.599095989999974], [-0.974981840000011, 37.596752719999984], [-0.98402462, 37.59575407000001], [-0.992274689999975, 37.6014823], [-0.994537409999982, 37.59525738], [-0.989329350000017, 37.596024859999986], [-0.986667179999974, 37.59058119999997], [-0.989281900000031, 37.58811142], [-0.984129870000012, 37.58430148], [-0.989653490000012, 37.58145778999999], [-0.99884034, 37.58726461], [-0.999669460000026, 37.58421453999998], [-1.009919969999988, 37.58584788999998], [-1.00535853, 37.583634969999984], [-1.01214462, 37.581829929999984], [-1.01248735, 37.57490534999998], [-1.017990849999982, 37.57275391], [-1.031172719999981, 37.57912097000002], [-1.055523339999977, 37.58286841], [-1.066427179999984, 37.57986634], [-1.074016959999975, 37.58415415999996], [-1.09115219000001, 37.57524919000002], [-1.0957881, 37.56884428999999], [-1.10865974, 37.56936676999999], [-1.119841800000023, 37.562344660000015], [-1.11836731, 37.55975264999997], [-1.122592660000013, 37.55964872000001], [-1.121692989999987, 37.55715601], [-1.12713972000001, 37.55212357999997], [-1.125595320000026, 37.54734955000003], [-1.117052900000018, 37.54496046000002], [-1.10675659, 37.53586448], [-1.111057049999983, 37.53407685], [-1.119297140000019, 37.53402821], [-1.12295692, 37.53836735], [-1.142905180000011, 37.53902542999997], [-1.14726224, 37.54223924], [-1.15236216, 37.53967857], [-1.16647373, 37.542070659999986], [-1.17491764, 37.550871499999964], [-1.170470679999988, 37.55219053999998], [-1.168573229999986, 37.55709989999997], [-1.17393177, 37.56296892000001], [-1.21347674000001, 37.57534457000002], [-1.22416135, 37.573162649999965], [-1.238114879999985, 37.57782402], [-1.246229540000016, 37.57608836], [-1.257484939999988, 37.56638646000002], [-1.25827672, 37.56253179], [-1.25447129000001, 37.56453041], [-1.255754239999978, 37.55758270999998], [-1.267369489999981, 37.56051166999998], [-1.27308435, 37.55914443000001], [-1.274246079999973, 37.55589888999998], [-1.277048209999982, 37.55957189], [-1.28668676, 37.55642265999999], [-1.29063404000001, 37.56004887000002], [-1.3261794, 37.56273042999998], [-1.33193105, 37.55967548999998], [-1.332278029999971, 37.55630066999997], [-1.340201899999984, 37.55734968999998], [-1.353999069999988, 37.5513152], [-1.36561436, 37.54246395], [-1.37229568000003, 37.53242602000001], [-1.39085136, 37.52474021000002], [-1.4015908, 37.507221139999984], [-1.427956360000021, 37.50373565000002], [-1.459679959999988, 37.48656968999999], [-1.46219219, 37.48319558], [-1.4599786, 37.48194098999998], [-1.465082279999971, 37.481241339999976], [-1.477240940000011, 37.45556782], [-1.48151902, 37.45254948999998], [-1.47949722, 37.450784], [-1.48419669, 37.43527007000002], [-1.476521269999984, 37.43141296], [-1.486219979999986, 37.42292123999999], [-1.498017419999983, 37.42238679], [-1.504508730000014, 37.43237437], [-1.519009909999971, 37.4317819], [-1.530399680000026, 37.42152312999998], [-1.541214880000016, 37.41916955], [-1.54718032, 37.41045534999998], [-1.559638209999988, 37.411301849999965], [-1.56203567, 37.40705887], [-1.559132679999978, 37.40466209], [-1.56643726, 37.40256976], [-1.56623882, 37.406461], [-1.572621669999976, 37.40769193000003], [-1.577741, 37.405842890000024], [-1.577929820000021, 37.40242921], [-1.573689860000018, 37.4031983], [-1.578522850000027, 37.40094017], [-1.590325790000019, 37.40230733999998], [-1.60418008, 37.39482868999998], [-1.61195030000002, 37.38451906], [-1.6258082, 37.380255539999986], [-1.628187760000013, 37.37673199000004], [-1.626136500000018, 37.374022250000024], [-1.642541740000017, 37.37301304], [-1.653414309999986, 37.35422767999999], [-1.66093416, 37.358026539999976], [-1.671886550000019, 37.35675303999997], [-1.68895682, 37.33933164], [-1.707908230000014, 37.30451429999998], [-1.7447487, 37.27530163], [-1.749978299999977, 37.26668602], [-1.75881181999997, 37.26308342999997], [-1.76317970999998, 37.25460238999999], [-1.773481650000017, 37.24584926999998], [-1.775174499999985, 37.23948522999998], [-1.794829830000017, 37.23281857], [-1.804958570000015, 37.21675994], [-1.816783899999984, 37.18559258], [-1.815317750000017, 37.18425293], [-1.816236039999975, 37.17883592000002], [-1.815812659999978, 37.18430293999995], [-1.81860615, 37.18505192], [-1.821873130000012, 37.17708939], [-1.823104869999982, 37.15216998000002], [-1.833137870000022, 37.11925222999998], [-1.844533340000026, 37.10861052999998], [-1.848976529999984, 37.09613377], [-1.849475689999972, 37.06834939000002], [-1.86195216, 37.05242532], [-1.86551612, 37.041922419999985], [-1.875448909999983, 37.03632932], [-1.87891236, 37.0248335], [-1.877681749999966, 37.01449207999999], [-1.887804680000013, 37.00788113999998], [-1.88974823, 36.99557747999997], [-1.895235519999982, 36.99457406999996], [-1.89731093, 36.99248414999998], [-1.895733420000023, 36.99122556999996], [-1.89738069, 36.988428579999976], [-1.898017170000029, 36.99182369000002], [-1.90076136000001, 36.98775686999998], [-1.90132568, 36.97976683999999], [-1.89691122, 36.97891464999997], [-1.893933129999985, 36.97508309], [-1.894228149999975, 36.97332815], [-1.897019090000011, 36.97844693000001], [-1.900848110000021, 36.97859964000001], [-1.90053739, 36.96973617], [-1.89583743, 36.96769146], [-1.894634399999973, 36.96387642000003], [-1.899764440000026, 36.96724119], [-1.895519179999976, 36.94849800999997], [-1.90271852, 36.944553619999986], [-1.906386779999975, 36.93618642], [-1.91586072, 36.93403773], [-1.932541970000017, 36.93919151999999], [-1.940529289999971, 36.93652271], [-1.95440495, 36.92361121000001], [-1.952928010000027, 36.91995651999997], [-1.958565669999989, 36.914858989999956], [-1.959024560000013, 36.90917509999998], [-1.965123560000024, 36.90639789999997], [-1.967301619999973, 36.89886299], [-1.972987429999982, 36.89836236000002], [-1.98033366, 36.9029687], [-1.992083319999988, 36.89373018000002], [-1.994950470000011, 36.88561463000002], [-2.003876940000011, 36.880885120000016], [-2.001109810000013, 36.870198049999985], [-2.00579871999998, 36.86072727], [-1.99865079000002, 36.85658386], [-1.999943589999989, 36.852060549999976], [-1.99543399, 36.850381970000015], [-2.000873570000028, 36.84610089999999], [-1.99960678, 36.84002364], [-2.0090258, 36.83405384000001], [-2.025365490000017, 36.83488287], [-2.025187849999977, 36.83120356000002], [-2.04081795000001, 36.82326266999996], [-2.041085009999974, 36.81892891000003], [-2.048185319999979, 36.81776893999998], [-2.049625469999977, 36.81282252999998], [-2.05523493, 36.81341706], [-2.060022370000011, 36.80972297999999], [-2.063584730000014, 36.781364600000025], [-2.06027718, 36.777822910000026], [-2.070642690000015, 36.77503765000002], [-2.07284357999997, 36.76999770000001], [-2.08326809, 36.76495818999998], [-2.106196259999984, 36.762653489999984], [-2.10977124, 36.75577518], [-2.10669956, 36.75208328999999], [-2.121176319999975, 36.746872439999976], [-2.121006130000023, 36.74017341000002], [-2.11483014, 36.73763065999995], [-2.124279729999988, 36.73200333], [-2.137562379999969, 36.72899919], [-2.15175035, 36.73117433], [-2.16386086, 36.7266895], [-2.167831009999972, 36.722002649999986], [-2.179252489999973, 36.72418221], [-2.184063780000029, 36.71927524000002], [-2.19340613, 36.72109673], [-2.250118729999973, 36.78502937000002], [-2.291230240000019, 36.82006894999998], [-2.32031437, 36.83418453000002], [-2.36148923, 36.84159781], [-2.40299529, 36.82764299000002], [-2.426546779999987, 36.810739600000026], [-2.45678139000001, 36.83004698], [-2.4671976, 36.83027453000001], [-2.46512364000001, 36.833402270000015], [-2.475124549999976, 36.83702574999999], [-2.47905891999998, 36.83568190000002], [-2.464324969999982, 36.82571822], [-2.479592120000015, 36.83478278], [-2.485039459999971, 36.83188583], [-2.481953039999969, 36.83557739], [-2.48665836, 36.83295658], [-2.484879, 36.83073126999997], [-2.502580750000028, 36.82462283], [-2.52478273, 36.824641780000015], [-2.532925329999989, 36.818814639999985], [-2.55356311, 36.817596060000014], [-2.56240233, 36.812959439999986], [-2.557699810000022, 36.81575456], [-2.56192454, 36.81613082999998], [-2.5993259, 36.775688129999985], [-2.606268149999972, 36.75491439000002], [-2.60302913, 36.757337569999976], [-2.619648609999982, 36.72695818000001], [-2.650130509999974, 36.70028706000002], [-2.67362005, 36.69452147], [-2.70032981, 36.68299886999998], [-2.724934519999987, 36.68521305999999], [-2.758752759999972, 36.68029247], [-2.771542169999986, 36.68142666], [-2.786571879999986, 36.69413864999997], [-2.79168985000001, 36.69333643], [-2.79798511, 36.69602477], [-2.79114023, 36.69374112999998], [-2.788910750000019, 36.698479], [-2.794034590000017, 36.69558523999997], [-2.797167190000028, 36.700530809999975], [-2.815603160000012, 36.70629447999998], [-2.832962749999977, 36.70372405], [-2.84948151, 36.69547065999998], [-2.857927159999972, 36.6988799], [-2.900034910000014, 36.73972564], [-2.926715620000012, 36.75178121], [-2.9416948, 36.75060024000001], [-2.977681349999973, 36.73832712999995], [-2.990818980000022, 36.74451408999999], [-3.007957130000021, 36.74127003], [-3.015843480000018, 36.74502004], [-3.019147470000025, 36.74301845999999], [-3.01777019, 36.74509202999998], [-3.021792139999973, 36.74734537000001], [-3.01976294, 36.74068352], [-3.032008169999984, 36.74733471999997], [-3.071179050000018, 36.745427180000014], [-3.11377351, 36.750993649999984], [-3.13353317, 36.75072108999997], [-3.143770720000015, 36.74399301], [-3.15519164, 36.74743135], [-3.1649859, 36.74403755999999], [-3.174910270000014, 36.74902661], [-3.18682111, 36.750324589999984], [-3.20205662000001, 36.75047063999998], [-3.21181073000002, 36.74526996999995], [-3.244178850000026, 36.75448338999997], [-3.258895830000019, 36.75340627], [-3.30485645, 36.73823305000002], [-3.316362990000014, 36.74183573], [-3.3388614, 36.73828479999997], [-3.364766989999981, 36.71438226999998], [-3.388310120000027, 36.71130562000001], [-3.398132800000019, 36.70542251], [-3.403281160000027, 36.70724412], [-3.407405669999977, 36.70170400999998], [-3.413131500000011, 36.70263975000001], [-3.41991318, 36.69388967999998], [-3.460451089999972, 36.69638953], [-3.468135509999967, 36.69351977999998], [-3.48266648, 36.69727469], [-3.512307970000019, 36.72062454999999], [-3.519218820000011, 36.722541630000016], [-3.521269839999984, 36.719485670000026], [-3.525870179999988, 36.72412591999996], [-3.529383159999981, 36.72200987], [-3.522174670000012, 36.71750747], [-3.535565289999976, 36.72211731999997], [-3.553699660000023, 36.71494843999998], [-3.57974051, 36.72340594999998], [-3.602011890000024, 36.74464179], [-3.62149592, 36.74106163999998], [-3.65772207, 36.74655456999999], [-3.676660950000016, 36.72957229999996], [-3.690670080000015, 36.73067248000001], [-3.69451858000001, 36.72772019], [-3.703633669999981, 36.73374251], [-3.7202386, 36.73202923000002], [-3.726915660000025, 36.728671030000015], [-3.72749810000002, 36.719174789999975], [-3.735458150000025, 36.72017141000002], [-3.735612129999987, 36.72810358], [-3.74983085, 36.73801239999998], [-3.759136439999972, 36.73663728999997], [-3.76386944, 36.72935906999998], [-3.767586390000015, 36.72922700999996], [-3.79205343, 36.74627622], [-3.835477910000022, 36.75403877999997], [-3.848582, 36.75067379999997], [-3.86221757, 36.75187394999998], [-3.884214589999989, 36.74071467000002], [-3.896512699999972, 36.74356149], [-3.913155890000025, 36.74245239999998], [-3.957185849999972, 36.726087609999986], [-4.004953560000012, 36.74112716], [-4.02409075, 36.74412824999998], [-4.032925829999979, 36.74225807999998], [-4.062318989999975, 36.74809333000001], [-4.064750580000026, 36.74653015], [-4.070820029999976, 36.74640362000002], [-4.066281399999978, 36.747066339999975], [-4.06686486000002, 36.74875582], [-4.0837135, 36.74485373], [-4.10127582, 36.72830447], [-4.10846755, 36.72533514], [-4.163385210000022, 36.71947507], [-4.180779779999988, 36.71467960000001], [-4.24917341, 36.71010582999998], [-4.29044699, 36.71444332], [-4.32718544, 36.71134431000002], [-4.393753740000027, 36.722338199999975], [-4.40936581999997, 36.71697133999997], [-4.41529612000002, 36.70698554000002], [-4.413814629999969, 36.71839691], [-4.423270870000012, 36.71204654000001], [-4.417286140000017, 36.71232524], [-4.422892469999979, 36.71034741], [-4.41750194, 36.708834230000015], [-4.426221600000025, 36.70935209999998], [-4.433171980000026, 36.70200333000001], [-4.44364982, 36.68462388999997], [-4.440990749999979, 36.68187073999996], [-4.444908669999977, 36.68131849999999], [-4.454678480000011, 36.66405484000003], [-4.46227667, 36.65995958999996], [-4.481786569999978, 36.639382880000014], [-4.50681512, 36.60410355000002], [-4.50978776, 36.59829693000001], [-4.507772240000025, 36.59755622999998], [-4.511654859999969, 36.59314425999999], [-4.512659729999971, 36.59250954], [-4.513860990000019, 36.59277374000002], [-4.51216543, 36.592957499999976], [-4.50904369, 36.59682804], [-4.51406901, 36.597701809999975], [-4.512449299999979, 36.59375616], [-4.5174152, 36.59617195], [-4.540538, 36.57839721], [-4.558694570000019, 36.58036976999998], [-4.586710730000029, 36.5730866], [-4.602806620000021, 36.56295598], [-4.611153810000014, 36.555425], [-4.619040360000015, 36.53980506999995], [-4.61652727000002, 36.53888672999998], [-4.613995239999982, 36.54322665], [-4.615051299999975, 36.540523909999976], [-4.616426450000024, 36.53853969999997], [-4.620946339999987, 36.53729357], [-4.631019440000021, 36.5155113], [-4.638244569999974, 36.50702924], [-4.67617933, 36.50360894], [-4.69484339, 36.49008569999999], [-4.73106159, 36.48677152000001], [-4.740535530000023, 36.48263152000001], [-4.739223560000027, 36.48336275], [-4.740397050000018, 36.48592363999999], [-4.739648399999976, 36.48339262], [-4.74339517, 36.482725], [-4.858810830000013, 36.50742974], [-4.913148279999985, 36.50539], [-4.92247369, 36.49961557], [-4.935976499999989, 36.499370200000016], [-4.952683299999971, 36.48310777], [-4.9549585, 36.48303447000002], [-4.951822789999983, 36.48440179000002], [-4.949333490000018, 36.48751613000001], [-4.95011065, 36.48868421], [-4.95438422, 36.48594626], [-4.952946770000011, 36.48426622000004], [-4.958948299999984, 36.48500612], [-4.977549940000014, 36.47730818], [-5.00490007, 36.45974412000002], [-5.03338075, 36.46118231999998], [-5.0591314, 36.450060010000016], [-5.08097927, 36.45056458], [-5.10830465, 36.43370796000002], [-5.141302130000021, 36.42566704], [-5.156490889999987, 36.41187408], [-5.15525472, 36.41637593999997], [-5.160358870000027, 36.41423778999998], [-5.157999910000014, 36.41281125], [-5.165875980000014, 36.41654444], [-5.176942139999985, 36.41427033999997], [-5.211090529999987, 36.37971863000001], [-5.219408099999987, 36.376274940000016], [-5.22809398, 36.353734489999965], [-5.227994319999977, 36.35571016999999], [-5.231502460000014, 36.35564483000002], [-5.22843295, 36.3550711], [-5.246066960000011, 36.31223505], [-5.256904819999981, 36.31036328], [-5.26884069, 36.29951925], [-5.26991879, 36.28715923999997], [-5.269773099999981, 36.29019957], [-5.272888310000026, 36.28935617000001], [-5.27354304, 36.29196666000002], [-5.274219690000011, 36.288429489999984], [-5.270616710000019, 36.28819155], [-5.28097484, 36.27686256000002], [-5.295893119999985, 36.24611033], [-5.30600389, 36.24331065], [-5.31664605, 36.22987247000003], [-5.335574529999981, 36.17691873000002], [-5.338645689999986, 36.15345969000004], [-5.365032590000013, 36.15501417999999], [-5.36749362, 36.15849876], [-5.364980849999985, 36.15514139000002], [-5.352153920000011, 36.156214349999985], [-5.35563927, 36.16051729999998], [-5.364309199999987, 36.157200690000025], [-5.355740049999977, 36.16054235000002], [-5.364857410000024, 36.16693331], [-5.38185019, 36.16939950000003], [-5.381796970000015, 36.17278060000002], [-5.37747646, 36.17364167], [-5.38192252999997, 36.173255810000015], [-5.37901943, 36.17469261999998], [-5.384425519999974, 36.17991195], [-5.398510039999985, 36.18059957999998], [-5.39801746, 36.177206719999965], [-5.39378966000003, 36.17746262999998], [-5.40028379, 36.17679173], [-5.398674110000028, 36.18051049000001], [-5.40972039, 36.18145126], [-5.413544040000025, 36.18033764], [-5.416142639999972, 36.17445355000002], [-5.419815630000016, 36.17315349999998], [-5.416700900000015, 36.17453241000002], [-5.41945194, 36.178677030000024], [-5.418016779999983, 36.175389129999985], [-5.42687303, 36.17562442999998], [-5.444084779999986, 36.157103360000015], [-5.447285389999972, 36.14028239999997], [-5.443659939999976, 36.13767956], [-5.443115839999979, 36.12873152], [-5.441615669999975, 36.13661265000001], [-5.435908900000023, 36.14071278], [-5.436227849999974, 36.13485669999998], [-5.440698300000027, 36.132106719999975], [-5.437604850000018, 36.13052033999997], [-5.443598050000027, 36.127441789999985], [-5.44044756, 36.12400892999999], [-5.441596560000025, 36.12667145], [-5.431572650000029, 36.12802919000002], [-5.43000958, 36.140751579999986], [-5.430658899999985, 36.130102770000015], [-5.43233591, 36.125760370000016], [-5.433875779999981, 36.123818259999986], [-5.432618919999981, 36.12341116999998], [-5.4336248, 36.122885990000015], [-5.434445169999976, 36.1210306], [-5.436943, 36.11881658999998], [-5.43597937, 36.1225046], [-5.442566349999988, 36.11960331000003], [-5.436105889999974, 36.115453659999986], [-5.43738668, 36.11196649999997], [-5.431080569999972, 36.1055871], [-5.440143919999976, 36.10270771], [-5.44355598, 36.089866190000016], [-5.44072943000002, 36.08608414], [-5.42676248, 36.08291587], [-5.425412160000026, 36.07727378000001], [-5.429343029999989, 36.07114609999997], [-5.44333002, 36.06497583], [-5.451121579999974, 36.05561396999999], [-5.46453032, 36.05026436999998], [-5.486942229999973, 36.05421793000002], [-5.51691696, 36.03729627], [-5.538775369999976, 36.03166178999999], [-5.57418755, 36.01505257], [-5.59959596000001, 36.01177344], [-5.601712220000012, 36.01068202], [-5.601002970000028, 36.00800249999998], [-5.60338142999997, 36.006454709999986], [-5.601357099999987, 36.00797678999999], [-5.601805249999985, 36.01029123999999], [-5.605428309999983, 36.01033995999997], [-5.602528300000015, 36.00851019], [-5.60716444, 36.007814619999984], [-5.606147930000025, 36.0035555], [-5.61090378, 36.0001082], [-5.61258663, 36.00371283000001], [-5.608386079999973, 36.00718417], [-5.61230002, 36.01452573000001], [-5.635146450000017, 36.04030767000002], [-5.652500949999972, 36.053155879999984], [-5.670571319999989, 36.05778378999996], [-5.689289569999977, 36.06736044999999], [-5.7087276, 36.05894636], [-5.723817190000022, 36.06005541999997], [-5.73119416, 36.06602520000001], [-5.750153669999987, 36.07079189], [-5.77633896, 36.08776257000001], [-5.783554229999983, 36.08770327999997], [-5.788559469999975, 36.080719289999976], [-5.797243830000016, 36.07827269999997], [-5.806309590000023, 36.08938035999997], [-5.813173729999977, 36.08881375], [-5.81780093, 36.100231930000014], [-5.82574825, 36.102288739999956], [-5.83911032, 36.12362940000002], [-5.864760809999977, 36.14962253000002], [-5.91490018, 36.18476665], [-5.92297025, 36.18593954999997], [-5.926506880000027, 36.18239242], [-5.928083, 36.18232681000002], [-5.93033217, 36.182722339999984], [-5.9270026, 36.18256955000001], [-5.926675930000012, 36.18603819000001], [-5.93222029, 36.18655127000002], [-5.932541749999989, 36.18205536], [-5.92608198, 36.179338700000024], [-5.944717329999988, 36.18658669999997], [-5.98079075, 36.17657299], [-6.01978629, 36.18617484000003], [-6.02697611, 36.186101249999986], [-6.034283629999978, 36.18101365], [-6.040369089999969, 36.192349229999984], [-6.05367018, 36.20332919000003], [-6.080066730000021, 36.24469197], [-6.08864957, 36.26516137], [-6.102764669999976, 36.28410772999999], [-6.116102869999982, 36.294547550000026], [-6.1376662, 36.29650634999997], [-6.134301359999981, 36.29281886000001], [-6.136418769999983, 36.292601069999975], [-6.14300081, 36.29656432999998], [-6.15246849, 36.30885876], [-6.168122060000015, 36.34622905000002], [-6.182209389999988, 36.36857142], [-6.21875285, 36.39255274], [-6.219035210000027, 36.40317829], [-6.234012720000026, 36.43559218000003], [-6.24783712000002, 36.44886914], [-6.246482409999977, 36.44152564999999], [-6.24875585999998, 36.44415820999996], [-6.25931401, 36.47309453], [-6.288476439999983, 36.51787343], [-6.28901226, 36.52367076], [-6.296911740000025, 36.52881422], [-6.30960062, 36.52859996999999], [-6.30628603, 36.529500689999985], [-6.308666389999987, 36.53321923], [-6.305053699999982, 36.536743630000025], [-6.29050033999997, 36.53770492], [-6.287289820000026, 36.54283962000002], [-6.279356969999972, 36.54300396999997], [-6.29229401, 36.53287058000002], [-6.289949229999974, 36.530763630000024], [-6.281285730000025, 36.53368756000002], [-6.287173450000024, 36.53086719], [-6.281953339999976, 36.53284017999999], [-6.281105980000022, 36.52890764], [-6.27533811, 36.5332473], [-6.276838050000017, 36.54073934999998], [-6.27538177, 36.535075349999985], [-6.268630729999988, 36.53199852999998], [-6.27479408, 36.532262], [-6.272858229999978, 36.53004433999997], [-6.278261540000026, 36.52949948000001], [-6.276530480000012, 36.52684371], [-6.28193406, 36.527474629999986], [-6.27514648, 36.52473707999999], [-6.269844010000019, 36.50858141], [-6.261435650000022, 36.509036780000024], [-6.26000646, 36.50769711], [-6.263183550000027, 36.50281633999999], [-6.259096680000017, 36.49931451], [-6.25502023, 36.501381180000024], [-6.25642864, 36.50782183], [-6.254350460000029, 36.50057942999997], [-6.262429199999977, 36.496015450000016], [-6.262128780000021, 36.49151798000001], [-6.26670195, 36.48933833999999], [-6.257596640000027, 36.47311436], [-6.247200180000023, 36.46541342999997], [-6.229836190000014, 36.46260422999998], [-6.227591340000019, 36.46657593], [-6.219657579999988, 36.46626749000003], [-6.21243312, 36.47016586], [-6.21319152, 36.48122964999997], [-6.20689994, 36.48019132000001], [-6.20113362, 36.48540161], [-6.19366763, 36.4867461], [-6.190731729999986, 36.49242986], [-6.19209788, 36.49906190999998], [-6.171428029999974, 36.51192329], [-6.173173539999979, 36.52131189], [-6.18455237, 36.52518074], [-6.191253429999973, 36.52387519], [-6.200530320000031, 36.52872709], [-6.19985706, 36.523770830000025], [-6.196360660000029, 36.52209833], [-6.20786743000003, 36.5095789], [-6.21887898, 36.50997617], [-6.23190217, 36.50372163999998], [-6.242061979999972, 36.506194450000024], [-6.24699584000002, 36.5110075], [-6.24510791, 36.512843089999976], [-6.25015903000002, 36.51350762000002], [-6.24361159, 36.518443729999966], [-6.255664710000014, 36.51995373], [-6.25570991, 36.52901777000001], [-6.257972519999988, 36.52919027999999], [-6.241023789999989, 36.52839041], [-6.22911769, 36.52507281], [-6.233007729999985, 36.527598719999986], [-6.233572080000016, 36.53283700999997], [-6.225772600000012, 36.55203512999997], [-6.224532690000012, 36.57029808999996], [-6.231335010000011, 36.58153081999998], [-6.239102499999972, 36.574102139999965], [-6.23566847, 36.57774576], [-6.240194510000025, 36.57777596999996], [-6.23281693, 36.58491481], [-6.24938238, 36.572281459999985], [-6.23821782, 36.58447982], [-6.245286050000028, 36.585440949999985], [-6.25342018, 36.57825370999998], [-6.25253838, 36.581467649999965], [-6.257736649999977, 36.58127161], [-6.254086390000027, 36.57709112999997], [-6.26593257, 36.57983081999998], [-6.27958141, 36.60322665], [-6.299818730000013, 36.61785994999998], [-6.30621411, 36.618160109999984], [-6.308377819999983, 36.61517154000001], [-6.311147710000013, 36.61773468000001], [-6.32009977, 36.611970880000015], [-6.322856559999976, 36.6129212], [-6.311241650000023, 36.6178402], [-6.315247720000023, 36.62263953999998], [-6.32213457, 36.61927583], [-6.324560830000022, 36.62163198], [-6.320740659999974, 36.62300007], [-6.330144799999989, 36.62436834000001], [-6.33329935999998, 36.62234278000001], [-6.33025251, 36.61959871], [-6.335121920000018, 36.62105729000002], [-6.326167449999974, 36.610377870000015], [-6.33662674, 36.62069975999998], [-6.3356074, 36.62453981000002], [-6.34269302, 36.626053089999985], [-6.354703529999971, 36.62202992000002], [-6.35679307, 36.617889229999975], [-6.353581890000014, 36.61420433], [-6.358999210000023, 36.61463726000002], [-6.394508019999985, 36.63381095], [-6.393031649999984, 36.641865569999986], [-6.39873774999998, 36.65848007999996], [-6.404836470000012, 36.66186477999996], [-6.40878784, 36.67360029000002], [-6.432680109999972, 36.70629652], [-6.44005397, 36.72083325999998], [-6.442678600000019, 36.738246209999986], [-6.429335440000017, 36.74883154], [-6.426994840000031, 36.74932253], [-6.425868850000013, 36.74389474999999], [-6.4203884, 36.74553027000001], [-6.409519839999969, 36.76101592000005], [-6.39927954, 36.76115607000001], [-6.389412559999979, 36.76596105999998], [-6.342399629999982, 36.79461209999998], [-6.34657203, 36.7988377], [-6.3715059, 36.79511437000003], [-6.39719513999997, 36.8072764], [-6.449265459999976, 36.90778738], [-6.492075780000025, 36.95272789999998], [-6.5218839, 36.977163390000015], [-6.590591869999977, 37.019320809999975], [-6.71539188, 37.08353862], [-6.798922460000018, 37.12213212999997], [-6.83035169, 37.12853390999999], [-6.83640692, 37.13147289999997], [-6.83048908000003, 37.12925016], [-6.82850205, 37.13179181000001], [-6.83477864, 37.13242652000002], [-6.8347687, 37.13557086], [-6.87425041, 37.148338859999974], [-6.896145430000016, 37.16227704999998], [-6.898737259999984, 37.16078919999997], [-6.89705686, 37.16314789000002], [-6.91261417, 37.17022794], [-6.91010622, 37.17107794], [-6.916334739999981, 37.17615930000004], [-6.921451389999981, 37.170179449999985], [-6.915852829999972, 37.16334728], [-6.888083399999983, 37.1456181], [-6.85261249, 37.13171855999999], [-6.83852192999998, 37.117979379999966], [-6.832139609999975, 37.10799803], [-6.841966069999986, 37.120904249999974], [-6.85540391000001, 37.13029202999998], [-6.93357555, 37.16339426000002], [-6.94547622, 37.17223772999998], [-6.948791360000019, 37.172153880000025], [-6.947201679999973, 37.16792709999998], [-6.94882664, 37.163900230000024], [-6.948010699999988, 37.16746772], [-6.958334359999985, 37.17310437], [-7.01712045, 37.19967013999998], [-7.043650439999987, 37.20745913000003], [-7.05965230000003, 37.21079353000001], [-7.072221389999979, 37.205776479999976], [-7.14566256, 37.20792781], [-7.27032002, 37.20183578999998], [-7.325161959999987, 37.18892573], [-7.330865759999983, 37.18669033], [-7.32728414000001, 37.1834777], [-7.332061219999989, 37.18496243000002], [-7.327669369999983, 37.18089644999996], [-7.332146790000023, 37.18487799], [-7.350879519999986, 37.1762639], [-7.37272142, 37.17167524], [-7.382989409999984, 37.17192561], [-7.394072810000024, 37.176942750000016], [-7.40223318, 37.17517389], [-7.407867449999977, 37.18476365], [-7.414396909999976, 37.22724024], [-7.419012959999979, 37.23761488], [-7.433779870000017, 37.24968946], [-7.430951559999983, 37.26044171999998], [-7.421940769999985, 37.27417259999998], [-7.433800939999968, 37.289201919999975], [-7.442143459999971, 37.31084720000001], [-7.43909532999998, 37.32667876999999], [-7.445274639999981, 37.34424386], [-7.436491789999986, 37.36404706999998], [-7.440230209999973, 37.39029659], [-7.448136960000023, 37.4001135], [-7.46280082, 37.40979152], [-7.460845440000013, 37.413369090000025], [-7.448933340000027, 37.4150888], [-7.445566909999975, 37.41925973999999], [-7.457884529999982, 37.42968416000003], [-7.456534160000027, 37.4518287], [-7.46929187, 37.46989063], [-7.46920546, 37.47905367], [-7.463774, 37.48690609999997], [-7.469714849999987, 37.49270643000001], [-7.484503839999988, 37.49825116999999], [-7.490894560000013, 37.50868051000001], [-7.493142419999975, 37.52258185], [-7.511493839999973, 37.5244385], [-7.51322958999998, 37.53970987999997], [-7.522846130000022, 37.553399949999985], [-7.519330939999972, 37.55943396], [-7.506747619999983, 37.5575114], [-7.50750753, 37.56654258999998], [-7.513826049999972, 37.56587734], [-7.515678709999984, 37.56882340999997], [-7.501448660000017, 37.57808611999999], [-7.50167949, 37.58529129], [-7.49646694, 37.59401031], [-7.503855309999978, 37.60446341], [-7.497259840000019, 37.606786889999974], [-7.489044170000021, 37.60364195], [-7.48615112, 37.61238017], [-7.480378050000025, 37.61767045000002], [-7.482429240000025, 37.62372562], [-7.47058243, 37.6246263], [-7.47121538, 37.63460818999997], [-7.463683329999988, 37.64215301000002], [-7.467326609999979, 37.64926484], [-7.454539300000015, 37.64625483], [-7.454766470000025, 37.65402765000002], [-7.451402789999973, 37.65839680000003], [-7.45588082999998, 37.661856960000016], [-7.444145540000025, 37.66473213], [-7.45250385, 37.67812398], [-7.443943680000017, 37.68733664], [-7.44772105, 37.697623299999975], [-7.443813450000013, 37.70184174], [-7.439332849999978, 37.70065084999999], [-7.436249500000025, 37.717924180000026], [-7.431409770000021, 37.72061028], [-7.42628713, 37.73377226], [-7.428485059999981, 37.74057944], [-7.41834471, 37.74494149], [-7.422660339999978, 37.754929539999964], [-7.421106600000017, 37.75912187], [-7.413143730000021, 37.75989819999999], [-7.408268809999971, 37.76739420000002], [-7.39676054, 37.76426732999999], [-7.391703910000012, 37.770643650000025], [-7.382139749999972, 37.77526039], [-7.37908589, 37.782146979999986], [-7.36904332, 37.786771469999984], [-7.365946720000029, 37.79276769], [-7.324127159999978, 37.81576598], [-7.30970125, 37.83649730000001], [-7.300512190000013, 37.84291323], [-7.297534860000013, 37.85675740999997], [-7.28345879, 37.869079], [-7.279549160000023, 37.87670605999998], [-7.28218383000001, 37.89745187000002], [-7.27368935, 37.89914811], [-7.27375424, 37.90478402999998], [-7.26944351, 37.9065079], [-7.26170793, 37.91821838], [-7.262070850000011, 37.924302859999976], [-7.25539543, 37.92270741], [-7.25786639, 37.93301181], [-7.252483789999974, 37.941817319999984], [-7.254768900000016, 37.94574262], [-7.248505360000016, 37.95448076999998], [-7.251982649999976, 37.95993919], [-7.24996657, 37.96699244], [-7.26319167, 37.979852170000015], [-7.2434919, 37.99204037999997], [-7.222780399999975, 37.989886619999986], [-7.21652296, 37.99567766], [-7.20604155, 37.99768370000002], [-7.206911369999978, 38.00035460999998], [-7.202218229999989, 38.00347685], [-7.186980900000015, 38.00294918999997], [-7.183573759999975, 37.99708097999997], [-7.17741513, 37.99826388999998], [-7.17307557, 37.99319405999998], [-7.16504887, 37.99595582999996], [-7.156019269999972, 37.99387072], [-7.145411409999979, 38.00274815999999], [-7.13284686, 37.99994830000002], [-7.120700890000023, 38.005211760000016], [-7.129061620000031, 38.01078182], [-7.12775009, 38.019862020000026], [-7.131904730000029, 38.021463310000016], [-7.124887629999977, 38.02505157999997], [-7.128129870000024, 38.02986453999996], [-7.116238650000014, 38.03184011], [-7.114506219999989, 38.03709792], [-7.110780190000019, 38.036246619999964], [-7.108274759999971, 38.04092792999999], [-7.098779869999976, 38.04384474999998], [-7.082619910000017, 38.03383317999999], [-7.06708916, 38.03346228000004], [-7.06651204999997, 38.02735731], [-7.062135280000018, 38.02686924000001], [-7.063541229999977, 38.01996607000002], [-7.05930268, 38.017437450000024], [-7.051958949999985, 38.01887995], [-7.04460998, 38.014233220000015], [-7.0242316, 38.0250574], [-7.01611093, 38.02148015], [-7.002397920000011, 38.02265983999998], [-7.003041710000011, 38.03008709000002], [-6.99907331, 38.03500525], [-7.002562329999989, 38.04385783], [-7.00011839, 38.04938162], [-6.99011612, 38.05543268], [-6.987362789999978, 38.10389641], [-6.97517278, 38.10444504], [-6.964849740000025, 38.128114549999964], [-6.9660682, 38.13376607], [-6.960417149999987, 38.13302016999996], [-6.957611940000019, 38.13724022], [-6.961461180000024, 38.14029897000001], [-6.958721589999974, 38.15037167000003], [-6.952212569999985, 38.15234755999997], [-6.95719641999998, 38.15612482], [-6.962506769999987, 38.15454944], [-6.968812259999975, 38.15996591000003], [-6.968876230000025, 38.16618786], [-6.95662042, 38.18321145], [-6.935048670000012, 38.20030360000003], [-6.931656340000025, 38.20831687000003], [-6.938373600000017, 38.20756003], [-6.937007079999974, 38.22053152], [-6.946438379999988, 38.21188267], [-6.94969443, 38.21234951], [-6.947431610000014, 38.21737074999998], [-6.956741540000017, 38.21683178], [-6.97184627, 38.20235979000002], [-6.98080815, 38.21138744000001], [-6.995359309999977, 38.20380384], [-7.010818830000019, 38.204708219999986], [-7.010074729999985, 38.196356979999976], [-7.016575030000025, 38.19729643999997], [-7.022576260000019, 38.18544444], [-7.029291260000026, 38.182637860000014], [-7.043240260000013, 38.18725578], [-7.049083, 38.18025381], [-7.059142769999986, 38.17770831999997], [-7.055201659999981, 38.18317684999998], [-7.056595359999972, 38.18587581], [-7.06639105, 38.18657234], [-7.066762299999979, 38.17868730999999], [-7.08560615, 38.169394609999976], [-7.088822, 38.17813639], [-7.09771695, 38.179267019999976], [-7.102895639999971, 38.186958], [-7.10786478, 38.188063], [-7.117354370000011, 38.213877090000025], [-7.14287239, 38.240475570000015], [-7.14490528, 38.25112166999999], [-7.142719590000025, 38.25546814], [-7.145176200000011, 38.25809228000002], [-7.14309781, 38.26151628], [-7.147242940000018, 38.26269361999998], [-7.1474307, 38.26980226], [-7.152781300000018, 38.267667279999976], [-7.153371119999987, 38.27340163], [-7.15055697, 38.275744029999984], [-7.164165410000022, 38.28134957999998], [-7.1696111, 38.279273499999974], [-7.16828529, 38.28445444000002], [-7.182568839999987, 38.29598708000001], [-7.201765239999975, 38.32856097], [-7.24586238000001, 38.36763395], [-7.270925029999971, 38.39499289000002], [-7.280525219999975, 38.42034600999997], [-7.283683339999971, 38.41915869], [-7.285530980000027, 38.423684210000026], [-7.29208218, 38.42392140999998], [-7.294177020000014, 38.42835665000002], [-7.299677029999983, 38.42534472], [-7.3035429, 38.43202026], [-7.307033499999984, 38.43083808000002], [-7.311190159999974, 38.43603464000002], [-7.314937699999986, 38.43532008], [-7.31654515, 38.43980888000002], [-7.33588260999997, 38.43554533000001], [-7.33109471, 38.443936259999965], [-7.315266709999976, 38.44928550999996], [-7.314135439999972, 38.46065701], [-7.30104602, 38.46610152], [-7.295576210000029, 38.47776746], [-7.301108409999988, 38.48370635000002], [-7.308947629999984, 38.48066186], [-7.31352247, 38.47476528000003], [-7.322620159999977, 38.478229949999985], [-7.31558899, 38.495745429999964], [-7.31396161, 38.51377274999999], [-7.30207034, 38.52716181], [-7.303037869999973, 38.54491335999999], [-7.29050118, 38.55682108999998], [-7.285232470000024, 38.57468454], [-7.275090030000016, 38.5760287], [-7.26374235, 38.588412589999976], [-7.257116750000023, 38.61199836000002], [-7.24413197, 38.62362958999997], [-7.249696900000018, 38.62901114999998], [-7.26498458, 38.628526], [-7.269693519999988, 38.63879215], [-7.268029680000015, 38.66933893], [-7.26409617, 38.68375748000001], [-7.266794, 38.69008933999997], [-7.264364990000017, 38.7037324], [-7.25315836, 38.71766857999998], [-7.255302509999978, 38.725894149999974], [-7.24148146, 38.73518731999997], [-7.22526812, 38.73752267000002], [-7.20337952999997, 38.750543699999966], [-7.19252323, 38.767632030000016], [-7.16089131999998, 38.78075193999999], [-7.15479553, 38.793857390000014], [-7.12854938, 38.81384695], [-7.102420880000011, 38.81770506], [-7.094940749999973, 38.81534702], [-7.089168, 38.81887297999998], [-7.06831908, 38.853818089999976], [-7.06065051, 38.85811133999999], [-7.05373845, 38.85769437], [-7.046167629999989, 38.86474829999999], [-7.039337879999987, 38.864777960000026], [-7.03916712, 38.870710209999984], [-7.033136869999973, 38.879178009999976], [-7.035533989999982, 38.8836614], [-7.0401636, 38.88381629], [-7.038806570000023, 38.89138380999998], [-7.04218603, 38.89914743999998], [-7.05203583, 38.90716356], [-7.026923350000019, 38.92395748999998], [-7.020436479999986, 38.94015012999997], [-6.983421809999989, 38.98076239], [-6.96405447, 39.01228897], [-6.95131541, 39.02399823], [-6.967881390000024, 39.03981833000004], [-6.95938011, 39.05446437], [-6.98153844, 39.08838472], [-6.995871340000027, 39.09926004], [-7.028303149999989, 39.11584913], [-7.05296686, 39.11791998000002], [-7.10020901, 39.1049982], [-7.10579723, 39.099316330000015], [-7.14380638, 39.10925424000001], [-7.14951534, 39.12240715], [-7.14352567999998, 39.12771812000002], [-7.14152272, 39.1394976], [-7.136102480000014, 39.14508517], [-7.140313880000021, 39.15042921], [-7.13324252, 39.16042544000002], [-7.134585540000011, 39.17109521], [-7.14935490999998, 39.172568729999966], [-7.166901210000019, 39.18127198], [-7.177154469999983, 39.18069706999998], [-7.195306310000025, 39.18742883], [-7.20811068, 39.18731753], [-7.22073822, 39.19256082], [-7.231107850000016, 39.20334253], [-7.241352839999974, 39.20854406], [-7.240142910000028, 39.218819], [-7.245183419999971, 39.22579486], [-7.241683590000013, 39.24129582000003], [-7.247877559999989, 39.25352495], [-7.231395790000015, 39.27836117], [-7.267386160000016, 39.301406409999984], [-7.270741, 39.306056300000016], [-7.26898702, 39.30942590999998], [-7.29287468, 39.329034199999974], [-7.308312719999982, 39.33682927], [-7.310537939999972, 39.34095248000003], [-7.306403259999974, 39.35594747], [-7.312269170000011, 39.37076064000002], [-7.323483380000012, 39.38193425999998], [-7.313836899999989, 39.39355020999998], [-7.312702839999974, 39.39962621999998], [-7.307393010000025, 39.40142632], [-7.30226341, 39.41332405999998], [-7.302288850000017, 39.42222088], [-7.30892711, 39.43157491], [-7.30557687, 39.44579326], [-7.29544962, 39.45732646], [-7.30049721, 39.46269608], [-7.319441909999988, 39.4706921], [-7.32090613, 39.47425785999997], [-7.34380235, 39.47862646999999], [-7.347111770000014, 39.48790437], [-7.36179999, 39.48211202999999], [-7.363945680000025, 39.48705645999997], [-7.38127051, 39.491806980000014], [-7.3783216, 39.49685329000001], [-7.386579370000016, 39.49859467], [-7.389919330000031, 39.50363747999997], [-7.38822707, 39.52013638999997], [-7.391716589999977, 39.53047765], [-7.40047935, 39.53388286], [-7.405930250000015, 39.53107343], [-7.429744629999968, 39.53450716999998], [-7.445552, 39.54801381000002], [-7.445098910000019, 39.55148018999998], [-7.448204139999988, 39.55237876], [-7.45147493, 39.56131258000002], [-7.45953661, 39.56673926], [-7.460880530000023, 39.57263103], [-7.479014850000024, 39.57902826], [-7.487686169999976, 39.58661762000001], [-7.495498089999986, 39.58611696], [-7.499517920000016, 39.59013946000002], [-7.50002817, 39.59926888000001], [-7.50738144, 39.60602531], [-7.50982617, 39.61820423000001], [-7.527617519999967, 39.63317971], [-7.52555196, 39.64149999], [-7.529274390000015, 39.64641547], [-7.530323989999983, 39.65676628], [-7.534912049999976, 39.66207095999999], [-7.545024899999974, 39.66348488999998], [-7.53119851, 39.66781731], [-7.452833070000025, 39.66321773], [-7.429045170000022, 39.65271934], [-7.40230663999998, 39.646632549999985], [-7.37472737, 39.65132362999997], [-7.332841320000012, 39.64117139000002], [-7.316689929999979, 39.65003185], [-7.2931477, 39.65569687999999], [-7.286510250000013, 39.66158894999998], [-7.25014, 39.66719659000001], [-7.216422970000012, 39.66040362], [-7.20154739, 39.66238453000002], [-7.14930214, 39.65290053], [-7.126172009999977, 39.66399256], [-7.089081469999986, 39.66339710000001], [-7.06806921, 39.65759772999997], [-7.01534115, 39.67079168999997], [-7.01422462, 39.67826934999999], [-7.0076682, 39.68440406999998], [-6.999354300000015, 39.71420395000002], [-6.986864149999986, 39.72773795], [-6.992955700000026, 39.73203142000002], [-6.990721090000013, 39.73595398], [-6.992664520000011, 39.74051623], [-6.986330129999976, 39.75466670999998], [-6.98602014, 39.764656170000016], [-6.97671616, 39.772703], [-6.9839792, 39.79095228999997], [-6.989496280000016, 39.79450007000004], [-6.986443049999981, 39.79843276000002], [-6.986907640000015, 39.81009777000003], [-6.984026269999986, 39.81075526], [-6.98108901, 39.82034871], [-6.976020540000023, 39.819342939999984], [-6.97035340999997, 39.82537328], [-6.957639480000029, 39.82445732999999], [-6.94866772, 39.82769046999998], [-6.94528715000002, 39.83474046000003], [-6.940898, 39.83398020999998], [-6.934954320000013, 39.83872141999998], [-6.936504199999988, 39.84335204], [-6.928881300000025, 39.85492275], [-6.914187959999982, 39.85914883], [-6.903530770000025, 39.87130682], [-6.902909140000015, 39.88671064000002], [-6.906878799999979, 39.88990912], [-6.900108689999976, 39.90061166999998], [-6.903049400000022, 39.90524089000002], [-6.900472969999978, 39.91011906], [-6.9089397, 39.919155], [-6.904808789999977, 39.92096958], [-6.906960940000021, 39.92446344999998], [-6.901931689999981, 39.93064927], [-6.893818149999971, 39.93239050999998], [-6.885769, 39.94044245999998], [-6.885382399999988, 39.95365852], [-6.888672509999982, 39.96318459], [-6.87975178, 39.971832700000014], [-6.88563407, 39.98040732], [-6.87406685, 39.9950969], [-6.874457650000021, 40.006557530000016], [-6.8640861, 40.01245206], [-6.876820029999989, 40.017871], [-6.874830439999988, 40.02369247999999], [-6.882004799999971, 40.03369179], [-6.88094208, 40.04118440000003], [-6.89695586, 40.05201162], [-6.892486760000011, 40.06016834000002], [-6.90542909, 40.06185753], [-6.909323709999971, 40.06662518], [-6.916801270000012, 40.065588720000015], [-6.92236019, 40.0874737], [-6.932630509999971, 40.09640997], [-6.93398858, 40.10308212], [-6.943819159999972, 40.10454848], [-6.941638, 40.112872140000036], [-6.94858396, 40.11108621000002], [-6.95305646, 40.11418448999998], [-6.960648289999988, 40.10938585000001], [-6.96298992, 40.1147631], [-6.967552219999981, 40.11354399], [-6.985943039999976, 40.11914345000003], [-6.993438149999975, 40.11272496999999], [-6.993329079999983, 40.11867248000002], [-7.011899899999973, 40.126873159999974], [-7.00869081, 40.13135219999999], [-7.012335539999974, 40.13227943], [-7.014298090000016, 40.14209046000001], [-7.019647469999982, 40.14504756000002], [-7.01290237, 40.15106347], [-7.013254619999989, 40.15903019999998], [-7.019806880000012, 40.16921298], [-7.01564511999998, 40.178056970000014], [-7.028827779999976, 40.18555015], [-7.02634601, 40.19202151999997], [-7.019000139999985, 40.19707709], [-7.0121638, 40.22648341], [-6.997352990000012, 40.235939080000016], [-6.978113, 40.24088057], [-6.972214010000023, 40.23667075999998], [-6.964558659999982, 40.23758201], [-6.950544839999989, 40.258252370000015], [-6.92557382, 40.25878816999998], [-6.909821979999988, 40.25470231], [-6.87113811, 40.26250673], [-6.86183844, 40.27796544999999], [-6.86209534, 40.29876896], [-6.83977542, 40.31502072], [-6.835993849999986, 40.31451596], [-6.817623870000016, 40.32610247], [-6.801743860000029, 40.325356389999975], [-6.794182350000023, 40.32879304], [-6.790427460000019, 40.334653], [-6.79346568, 40.35608604999997], [-6.780996869999974, 40.36467219999998], [-6.78438925, 40.36995554], [-6.79407408, 40.37258261999997], [-6.809621639999977, 40.38435453000001], [-6.812665099999978, 40.391323549999974], [-6.834798749999982, 40.408151560000015], [-6.849694309999973, 40.45257577], [-6.83531563000002, 40.47539753999999], [-6.81738931, 40.49033797999998], [-6.814727289999977, 40.501629070000014], [-6.795028019999979, 40.51191481], [-6.797110320000023, 40.522869270000015], [-6.80486464, 40.53600522999998], [-6.800829580000016, 40.55062837], [-6.804372960000023, 40.55086278], [-6.805342709999974, 40.55505445], [-6.84482015, 40.565875859999984], [-6.836950540000024, 40.58291538999999], [-6.837562839999972, 40.59422405999998], [-6.820888620000023, 40.61008728], [-6.80787303, 40.62951972], [-6.799532, 40.65435323], [-6.793893639999975, 40.661680390000015], [-6.80547994999998, 40.66868309999999], [-6.802524099999976, 40.680334870000024], [-6.81336241, 40.70854262], [-6.81101179, 40.71731976999998], [-6.82462175, 40.72967485], [-6.824876739999985, 40.737005939999975], [-6.830594430000026, 40.742552560000014], [-6.831198080000021, 40.75263673], [-6.825763779999972, 40.76832486], [-6.828018159999978, 40.777246519999984], [-6.81697549, 40.80117148], [-6.82436203, 40.826151039999964], [-6.820985439999986, 40.83649343], [-6.826117220000029, 40.84323936999998], [-6.824163920000024, 40.84515039], [-6.812499170000027, 40.841925850000024], [-6.807840880000027, 40.84609646], [-6.80217358, 40.84508594], [-6.800304429999973, 40.84827258], [-6.804101669999981, 40.8565855], [-6.801910669999978, 40.86098955000002], [-6.809076639999974, 40.88249227999995], [-6.819001759999971, 40.88073166], [-6.83011861, 40.88482018], [-6.838779200000023, 40.889502859999965], [-6.84847986, 40.90083225999997], [-6.849003969999988, 40.92455340000003], [-6.854851189999977, 40.93096784], [-6.853672820000018, 40.93560911], [-6.860172210000021, 40.94889969], [-6.886768, 40.971356109999974], [-6.891998850000014, 40.98149062999999], [-6.90383641, 40.98935676], [-6.90857582, 40.99894879999999], [-6.92156654, 41.0033339], [-6.92437994, 41.01146897], [-6.931165019999987, 41.01680278], [-6.930088389999972, 41.03006845999998], [-6.91510695999997, 41.038927059999985], [-6.86595432, 41.02683748], [-6.83604503, 41.02824371999998], [-6.808360109999989, 41.03647596999998], [-6.809158530000023, 41.043915170000034], [-6.779998469999971, 41.06725587999997], [-6.77896273, 41.07160357999998], [-6.773345179999971, 41.07470581], [-6.770903210000013, 41.08609688], [-6.7539887, 41.10277916000001], [-6.770338249999986, 41.124442969999976], [-6.76741803, 41.13521017999997], [-6.75194015, 41.14075927000002], [-6.739016609999974, 41.15062694999999], [-6.73064897, 41.16230866999999], [-6.714733649999986, 41.16955998999998], [-6.701317200000025, 41.18039396999998], [-6.696541949999974, 41.186401159999974], [-6.69916513, 41.19275574], [-6.692264319999989, 41.19385105999998], [-6.68914402, 41.19921042999998], [-6.688551430000019, 41.20436257999997], [-6.691946260000011, 41.20832410999998], [-6.664092830000011, 41.23120657], [-6.652804960000013, 41.23564526], [-6.64776637, 41.24756647], [-6.62954762, 41.242640690000016], [-6.608916079999988, 41.24973815000001], [-6.599115489999988, 41.24423676], [-6.591390690000027, 41.25545615], [-6.586080610000021, 41.25175849999999], [-6.584940640000018, 41.241833829999976], [-6.573390359999982, 41.23875324000002], [-6.566740820000019, 41.24305727], [-6.551945790000018, 41.24525336999998], [-6.546726079999986, 41.25814850999998], [-6.530524329999975, 41.26664421000001], [-6.521825349999973, 41.27599772999998], [-6.516010260000012, 41.27330291999997], [-6.51181029999997, 41.26421847], [-6.497036899999988, 41.26560538], [-6.47868796, 41.27496062], [-6.49160001, 41.28450252999997], [-6.484113039999983, 41.292996969999976], [-6.469235660000018, 41.30111083], [-6.451559079999985, 41.29835587], [-6.43756786, 41.30570963000002], [-6.439299789999984, 41.3122951], [-6.43476904000001, 41.319266], [-6.41869831, 41.32672467], [-6.42717093, 41.334280349999986], [-6.41676331, 41.347513529999986], [-6.392058930000021, 41.35023561], [-6.37957342, 41.357231689999985], [-6.377657370000015, 41.36293466], [-6.38706222, 41.36334229999998], [-6.393979449999986, 41.37084717], [-6.389928220000024, 41.38536696], [-6.37698392, 41.38779239999998], [-6.36669482, 41.39394804000001], [-6.36395805, 41.38564383], [-6.352683020000018, 41.37822834], [-6.326041299999967, 41.38708975], [-6.31830253, 41.386115699999976], [-6.315773559999971, 41.38999815], [-6.31839426, 41.39825286000002], [-6.33271908, 41.40543017], [-6.33281417, 41.41149728999997], [-6.3280302, 41.415733570000015], [-6.310334209999983, 41.41899149000001], [-6.298078040000017, 41.43117752000002], [-6.295380459999976, 41.43674843], [-6.305819, 41.449524889999985], [-6.28738332, 41.46534548], [-6.28510922, 41.47838771], [-6.270697080000013, 41.48635462999998], [-6.262379339999986, 41.48647402000002], [-6.26841886, 41.49415534], [-6.26667224, 41.49729397], [-6.257106840000023, 41.496448820000026], [-6.250488670000014, 41.500634770000026], [-6.255909350000018, 41.51389073], [-6.243863730000024, 41.51644685999996], [-6.236313060000024, 41.52241444000003], [-6.217522240000017, 41.54316904], [-6.21727089, 41.551146100000025], [-6.21119891, 41.56046576], [-6.18934975, 41.57502432], [-6.200875, 41.59442606000001], [-6.235236360000016, 41.60719672000002], [-6.253542720000024, 41.63311087999998], [-6.30217166, 41.66273760999998], [-6.356774979999979, 41.67701267], [-6.37499708, 41.67380384], [-6.40600908999998, 41.68107381], [-6.411068720000027, 41.678393090000014], [-6.436457179999976, 41.68078776], [-6.44449318, 41.68483343], [-6.45229383, 41.68109605000003], [-6.457728170000013, 41.66683927], [-6.468333809999976, 41.6666364], [-6.488366060000017, 41.65752840999998], [-6.49851514, 41.65712948999998], [-6.512103650000029, 41.661244189999984], [-6.527687259999978, 41.67502152999999], [-6.54824462, 41.68561723], [-6.554909679999976, 41.698216279999976], [-6.552165359999978, 41.702272520000015], [-6.545124650000017, 41.69857301000002], [-6.54240662, 41.70115137], [-6.54682894000001, 41.70377935], [-6.54615589000002, 41.707708380000014], [-6.550239259999987, 41.711589410000016], [-6.548398510000012, 41.71373553], [-6.55373404, 41.71699237000003], [-6.549950869999985, 41.71835217999997], [-6.555200170000028, 41.72090920999999], [-6.549065349999974, 41.72540357000001], [-6.556667260000011, 41.72679813], [-6.556398779999989, 41.73847708999997], [-6.56898881, 41.74349825], [-6.565008369999988, 41.75151947], [-6.555275379999976, 41.75709845999999], [-6.555354919999981, 41.76658736], [-6.549823319999986, 41.77685334999996], [-6.543890769999984, 41.77835149], [-6.547139730000023, 41.77989001999996], [-6.543582549999971, 41.78781636999999], [-6.547262359999981, 41.79496976], [-6.539311400000019, 41.80158191999998], [-6.542777129999971, 41.8052841], [-6.53760261, 41.807046680000035], [-6.538949119999973, 41.81182286999998], [-6.533326290000012, 41.81441854999996], [-6.535246469999985, 41.81846571], [-6.52772532, 41.82070537], [-6.531570759999981, 41.82342365000002], [-6.52847259, 41.82816560000003], [-6.532084879999986, 41.83516845], [-6.525999, 41.84252372000001], [-6.526928109999986, 41.85043765000001], [-6.52233211000001, 41.85425294], [-6.525483339999986, 41.86073884], [-6.51582217000001, 41.87127412000002], [-6.517938700000015, 41.87536957999997], [-6.571185139999971, 41.88362058000002], [-6.565873510000011, 41.89426766], [-6.561101260000014, 41.89600983000001], [-6.545849889999978, 41.93593324000002], [-6.549135939999981, 41.94450335], [-6.588472969999982, 41.96775425], [-6.599364920000022, 41.9482054], [-6.61342403, 41.94661054], [-6.61713436, 41.94119867], [-6.635594070000027, 41.94215462000002], [-6.69927321, 41.9333279], [-6.714547969999989, 41.93864208], [-6.72640714999997, 41.93705055999998], [-6.750622329999968, 41.94339262], [-6.76701717, 41.97454257], [-6.768703839999969, 41.983897009999986], [-6.81148444, 41.99252253000003], [-6.810223060000029, 41.97018798000003], [-6.821150170000013, 41.94631312999998], [-6.844417120000013, 41.94230252000002], [-6.869648370000016, 41.947477629999966], [-6.89250696, 41.93977918], [-6.9329213, 41.946638829999976], [-6.944271980000018, 41.94508722999998], [-6.957857179999987, 41.96929122999999], [-6.97860475, 41.974038579999984], [-6.999490289999986, 41.962452310000025], [-7.006233160000023, 41.950511060000025], [-7.036124519999982, 41.95110114], [-7.04241702, 41.95503941], [-7.052075870000023, 41.949277689999974], [-7.068991580000022, 41.94935372000002], [-7.076842900000028, 41.952172199999985], [-7.087559099999978, 41.973914109999974], [-7.119845750000018, 41.98693962], [-7.14128022, 41.99084014000001], [-7.151536829999976, 41.98653413999999], [-7.15795931, 41.976378619999984], [-7.16408563999997, 41.97964979], [-7.17710744000002, 41.98003122], [-7.1866624, 41.96987695], [-7.184588249999988, 41.961245659999975], [-7.187163099999975, 41.95691062999998], [-7.18343563, 41.95691170000001], [-7.181574530000016, 41.95170316], [-7.18700394, 41.94730895999998], [-7.183485879999973, 41.94479020999998], [-7.189920289999975, 41.94175482999997], [-7.18644571, 41.94136857000002], [-7.183538180000011, 41.93343399], [-7.179589810000011, 41.93169618000001], [-7.17566006, 41.9230423], [-7.178310860000015, 41.92080268], [-7.173502129999988, 41.91953721000002], [-7.18224960000003, 41.91300544], [-7.184670910000023, 41.89824016999999], [-7.197290020000018, 41.880058470000016], [-7.208465519999987, 41.88052212999998], [-7.23265973, 41.86722355], [-7.251645079999975, 41.86723231], [-7.28329786, 41.85257481], [-7.300883269999972, 41.85188939], [-7.315809319999977, 41.84283759], [-7.339370390000026, 41.84509059999996], [-7.356263689999983, 41.84010995000002], [-7.363828789999968, 41.85271597999998], [-7.367275089999986, 41.85168434], [-7.386081379999973, 41.84158414], [-7.390009369999984, 41.84232518], [-7.39681343000003, 41.826712610000016], [-7.402026690000012, 41.82549509], [-7.401802319999987, 41.822226250000014], [-7.415912820000019, 41.81159912], [-7.42729072, 41.80747764999999], [-7.429199880000021, 41.81212198000003], [-7.42408416, 41.81665043000001], [-7.430265250000011, 41.82319170000001], [-7.425436240000029, 41.826826740000016], [-7.425644119999967, 41.83105958], [-7.444138049999983, 41.83977117000001], [-7.448970240000018, 41.85300855], [-7.445464860000016, 41.85768254], [-7.452800339999973, 41.86514113999996], [-7.48502863000003, 41.86128233999999], [-7.49099054, 41.87141229999999], [-7.50214101, 41.86963322000001], [-7.51314242, 41.86215951000001], [-7.50540646, 41.85047079000002], [-7.52108471000001, 41.84192101999999], [-7.574168159999989, 41.82987449], [-7.598973829999972, 41.833149509999984], [-7.613587439999978, 41.82927578000002], [-7.612361, 41.84636016000001], [-7.606680309999985, 41.848578479999986], [-7.607162339999972, 41.85343910999998], [-7.60032856000002, 41.86141182999995], [-7.60232738, 41.866598739999986], [-7.58469133999998, 41.87566117], [-7.58626789, 41.88202672999998], [-7.58809612, 41.87963059], [-7.60757491, 41.87942520999997], [-7.615984210000018, 41.88476807000003], [-7.625713319999977, 41.88018], [-7.65384772, 41.881372659999975], [-7.668639669999973, 41.89354703], [-7.677957799999987, 41.89359011000002], [-7.688135530000014, 41.90256486], [-7.701157719999984, 41.90805464999998], [-7.734651279999972, 41.894682559999985], [-7.745233419999972, 41.89340739], [-7.75388215, 41.89871205], [-7.763916029999976, 41.89929461999998], [-7.77836007, 41.887285539999986], [-7.79231276, 41.88326335999998], [-7.844977229999973, 41.881534109999976], [-7.84199046000002, 41.86976689], [-7.84560888000001, 41.863941729999965], [-7.864829730000012, 41.85994889000003], [-7.87648490000001, 41.84946858], [-7.880874149999979, 41.85571007999997], [-7.891926799999974, 41.85992938], [-7.884278959999983, 41.88139564], [-7.8871602, 41.90775182], [-7.883475850000013, 41.91868608999998], [-7.88472856000002, 41.924980089999984], [-7.905780899999987, 41.92736652000002], [-7.908968769999989, 41.92288128], [-7.909492719999984, 41.90694979000002], [-7.92097492, 41.87902371999997], [-7.94824032, 41.87095255999997], [-7.95646746, 41.87530556], [-7.969507679999977, 41.87398424999997], [-7.97097719, 41.87615329], [-7.98086185, 41.87236564999998], [-7.988769529999976, 41.86764592], [-7.98953124, 41.85933876999997], [-7.994612009999984, 41.85792891], [-7.994518910000018, 41.85256704], [-8.005012940000029, 41.846779079999976], [-8.013264149999982, 41.82881700999998], [-8.01700903, 41.83113792000004], [-8.037013939999975, 41.83049416], [-8.04100656000002, 41.82508773999998], [-8.05334193, 41.8210871], [-8.057539429999983, 41.81616625999999], [-8.0643332, 41.81745966999998], [-8.084620040000024, 41.81117727], [-8.08694861, 41.81307256999999], [-8.093865679999988, 41.80894794000001], [-8.105643779999983, 41.81253803000003], [-8.129953410000015, 41.80893122000001], [-8.152499480000028, 41.81770571], [-8.165109820000028, 41.818272250000014], [-8.16169932, 41.860641], [-8.166129860000026, 41.86211583], [-8.17060525000001, 41.87904661999998], [-8.19972278999997, 41.87401916], [-8.20054129, 41.87845645999999], [-8.197563170000011, 41.87990608000001], [-8.205247340000012, 41.89350267000001], [-8.214725559999986, 41.89787903], [-8.217023360000027, 41.91362857], [-8.198345100000022, 41.93974049], [-8.17524229, 41.95506595], [-8.176717969999974, 41.95883452000001], [-8.169680969999979, 41.96323989], [-8.163188069999977, 41.97557001], [-8.16347636, 41.98270543000002], [-8.14059391, 41.98878609], [-8.127596020000022, 42.00542160999998], [-8.114843899999983, 42.00460565999999], [-8.087730979999973, 42.014709], [-8.08284421000003, 42.036065350000015], [-8.08804314, 42.057279680000015], [-8.09689169, 42.07181296999998], [-8.118517050000019, 42.08211058000001], [-8.124148559999975, 42.08315499000001], [-8.137728919999985, 42.07608193999999], [-8.149105420000028, 42.07987397], [-8.17145309, 42.06772951000002], [-8.182316970000011, 42.06685988000004], [-8.187300680000018, 42.07462861], [-8.184339949999988, 42.07862504000002], [-8.185964429999977, 42.09704334], [-8.19319616, 42.12781110000001], [-8.188975960000016, 42.13506083999998], [-8.19126109, 42.140367850000025], [-8.188886829999982, 42.14372559999999], [-8.192108470000028, 42.14288619], [-8.19904175, 42.15440995], [-8.207525919999979, 42.1408979], [-8.21882617000002, 42.13813217000002], [-8.22313847, 42.13336192], [-8.232148899999984, 42.13321119000001], [-8.24631005, 42.139179540000015], [-8.25626871, 42.13513923], [-8.259222210000017, 42.12102224], [-8.27436963, 42.12329566], [-8.300240239999969, 42.10554387], [-8.322424790000017, 42.10194802], [-8.325414419999975, 42.09017745], [-8.3318987, 42.084203740000014], [-8.363491870000017, 42.090244], [-8.370607460000027, 42.08891987], [-8.381041959999989, 42.07727533], [-8.390212509999982, 42.07541218999998], [-8.393471109999979, 42.08048908999998], [-8.40440337, 42.08044126], [-8.41912358000003, 42.07309204000001], [-8.428293809999976, 42.07223415999999], [-8.44335980999997, 42.08293341], [-8.523551959999974, 42.07845022], [-8.52883949, 42.07450381000001], [-8.525502689999978, 42.06448335], [-8.556736460000025, 42.05140246000003], [-8.594461730000013, 42.05514521], [-8.63703782, 42.04706864000001], [-8.64505077000001, 42.037473249999984], [-8.657740310000019, 42.03066185999999], [-8.663502159999986, 42.00220888], [-8.680448819999976, 41.990053009999976], [-8.718322560000017, 41.978318], [-8.744121339999987, 41.96525993], [-8.74799918, 41.95970895], [-8.746567970000022, 41.9461067], [-8.75536461000003, 41.93481710999997], [-8.785061560000011, 41.91849318999998], [-8.83047686, 41.90067762000002], [-8.839154799999973, 41.88633614], [-8.871576879999976, 41.86632596], [-8.88193502, 41.88126513000001], [-8.88066272, 41.89243865], [-8.87686387, 41.89750375999998], [-8.88058367, 41.89982422], [-8.87416231, 41.89904673], [-8.88202995, 41.90087512999999], [-8.87648981, 41.909936519999974], [-8.885419959999984, 41.91686814000002], [-8.883977430000021, 41.93089515000002], [-8.88809702, 41.936345399999986], [-8.88413418, 41.95297762000001], [-8.887165660000024, 41.95694453999995], [-8.887589369999983, 41.98463046999998], [-8.88470367000002, 41.99452796], [-8.87683038999997, 42.00244026000003], [-8.884760639999985, 42.00675858000001], [-8.88649005, 42.02440331], [-8.889779699999968, 42.02616037], [-8.88507508, 42.02998526000002], [-8.88396015, 42.038288350000016], [-8.88839866, 42.043965169999986], [-8.885952449999987, 42.05041039999997], [-8.891964960000015, 42.05103702999999], [-8.88945891, 42.05579306000001], [-8.893577319999986, 42.05891161], [-8.890706880000023, 42.06065281999998], [-8.896751180000024, 42.06681369000001], [-8.893907409999981, 42.07274847999998], [-8.89694419, 42.07734493], [-8.891587439999977, 42.08224797], [-8.89567922, 42.08544881000001], [-8.89466010000001, 42.09984133], [-8.89940837, 42.10319721999998], [-8.90067738, 42.11228663999998], [-8.884488350000025, 42.11357996999999], [-8.88061045, 42.11022371], [-8.87432615999997, 42.11533571999998], [-8.868431590000027, 42.11487321], [-8.86310673999998, 42.12122264], [-8.85208776, 42.122624260000016], [-8.851642890000024, 42.12828224000001], [-8.842588850000018, 42.12464934], [-8.848077049999985, 42.12436879000002], [-8.849479340000029, 42.12069628000001], [-8.84113437, 42.11464146999998], [-8.83618837, 42.11581220999998], [-8.833847039999972, 42.11257395], [-8.826037350000027, 42.11507857000002], [-8.823706790000012, 42.11695266999998], [-8.827321730000028, 42.12339395999997], [-8.818709350000015, 42.13218637], [-8.820134260000025, 42.1413769], [-8.826074959999989, 42.142316629999975], [-8.8300039, 42.14833673], [-8.8474695, 42.14870510999998], [-8.85019919999997, 42.15651418000003], [-8.837874210000024, 42.15838643], [-8.83183454, 42.15323946], [-8.822509660000012, 42.15708144000001], [-8.81203939, 42.18034417000001], [-8.815949849999988, 42.18746392], [-8.779418750000017, 42.20362064999998], [-8.775649230000019, 42.21284919], [-8.777823640000024, 42.21994092999997], [-8.775226550000017, 42.22213363], [-8.770098259999985, 42.22539026], [-8.75674822999997, 42.22416386000001], [-8.754355730000023, 42.22675086999998], [-8.76079238, 42.22587758], [-8.763233959999978, 42.23073263999998], [-8.751392760000016, 42.23491180000001], [-8.75339482, 42.23109320999998], [-8.739822700000012, 42.23263063999998], [-8.747127479999977, 42.22917595], [-8.753100779999977, 42.23065791], [-8.75096064, 42.22524733], [-8.740458209999975, 42.22629729], [-8.734806499999975, 42.23221623], [-8.73361759, 42.23739804], [-8.73765604999999, 42.23464784], [-8.733633259999976, 42.240637989999975], [-8.731610419999988, 42.23703958], [-8.727981040000014, 42.24003012999999], [-8.73137503000002, 42.2401841], [-8.725988560000026, 42.24317264000003], [-8.727828760000026, 42.24128905], [-8.717642789999974, 42.24105176999998], [-8.71696288, 42.24330928], [-8.712736429999982, 42.24105399000002], [-8.70931527, 42.244483650000014], [-8.710103949999983, 42.25065569999998], [-8.70544888, 42.25116717999998], [-8.70695094, 42.25652047], [-8.695315119999975, 42.261457759999985], [-8.6950308, 42.257772059999986], [-8.692267470000028, 42.25978212000001], [-8.69073557, 42.257040730000014], [-8.676792770000018, 42.26436846999998], [-8.66841239, 42.279538800000026], [-8.66283589999998, 42.28102144999997], [-8.66119465, 42.28488365], [-8.644312329999968, 42.29076866], [-8.630451529999972, 42.284907549999986], [-8.62674502, 42.28833985], [-8.62280893000001, 42.28716517999999], [-8.624329739999972, 42.29034917], [-8.622086489999978, 42.28681362000001], [-8.610865120000016, 42.28751332], [-8.62098426, 42.29049572], [-8.61426331, 42.29916208], [-8.623731910000023, 42.309868420000015], [-8.619130909999978, 42.31185911999998], [-8.616234860000025, 42.32276813], [-8.61152688, 42.32642921], [-8.61603684999997, 42.330609799999976], [-8.61191473000002, 42.336492679999964], [-8.616038489999987, 42.34000807], [-8.61211903, 42.34619607999998], [-8.62008469000002, 42.34957662], [-8.62722858, 42.346137359999986], [-8.628823990000027, 42.35108204000003], [-8.636846300000014, 42.34742788], [-8.635955939999986, 42.34250256000002], [-8.644977850000023, 42.33851047999998], [-8.63752634, 42.33348591], [-8.636246280000018, 42.32650931], [-8.64613602, 42.324778930000015], [-8.6488404, 42.3184158], [-8.655249760000022, 42.32170876], [-8.660171040000018, 42.31586582], [-8.662266860000013, 42.3107118], [-8.651813460000024, 42.29775285], [-8.660230840000011, 42.29075578999998], [-8.67450764000003, 42.29136231], [-8.689668639999972, 42.28000421], [-8.69562103000002, 42.27893361000001], [-8.701121539999976, 42.282251269999975], [-8.702074459999968, 42.27911600999999], [-8.712011, 42.27573025999998], [-8.71719819, 42.288551], [-8.721027480000018, 42.28278711999999], [-8.7190138, 42.28130350999997], [-8.72138383, 42.28270626999997], [-8.72132658, 42.28501367], [-8.73148106, 42.28669247999998], [-8.735674180000018, 42.28027973000001], [-8.73554274, 42.273372729999984], [-8.740335979999973, 42.27236696], [-8.737409500000028, 42.271109559999985], [-8.751439629999984, 42.26799195999998], [-8.754761800000018, 42.26322471], [-8.765902150000015, 42.25835135000001], [-8.77399104, 42.26278614000001], [-8.784130829999988, 42.262876640000016], [-8.785154690000018, 42.26043029], [-8.782498500000017, 42.26014160000001], [-8.785081890000013, 42.25857956], [-8.780370560000025, 42.26019521], [-8.782253630000024, 42.25826356000002], [-8.786009040000023, 42.25851463], [-8.788775430000012, 42.25485479], [-8.784637550000012, 42.254659169999975], [-8.788189090000017, 42.25440737000002], [-8.78715292, 42.24852751], [-8.7925624, 42.2463451], [-8.79531034000002, 42.24961757], [-8.804382890000014, 42.25064257], [-8.8138451, 42.25944273999998], [-8.82409596999997, 42.25116119999996], [-8.828927829999984, 42.250869890000025], [-8.835860769999973, 42.25731261000002], [-8.855193350000027, 42.26141], [-8.86381902, 42.24651975], [-8.867222720000017, 42.25133213999998], [-8.87302195000002, 42.24998109], [-8.873954119999988, 42.25413707000004], [-8.86855845, 42.25605256999999], [-8.862534900000028, 42.26894634999998], [-8.86464734, 42.27797491000001], [-8.85954419, 42.28658142], [-8.85948027, 42.30479555], [-8.855846540000025, 42.30979782], [-8.84691807, 42.29736421], [-8.847453130000012, 42.29280887000003], [-8.837787159999973, 42.29107953], [-8.838248520000025, 42.28781527000001], [-8.831373479999986, 42.28308915], [-8.831601970000023, 42.27809042000003], [-8.82273715, 42.27503161], [-8.816868470000028, 42.27868815999999], [-8.82100438, 42.28002594], [-8.82323079, 42.286673], [-8.819762419999986, 42.29046844000001], [-8.82334621, 42.29723541], [-8.822263300000026, 42.30283579000001], [-8.817443970000017, 42.30645692999999], [-8.818436, 42.313517990000015], [-8.823803969999979, 42.3138567], [-8.823641990000013, 42.32010331], [-8.826743279999972, 42.320584369999985], [-8.824924689999985, 42.323215630000014], [-8.82930157, 42.32842963], [-8.826940320000027, 42.333717169999986], [-8.832722119999985, 42.332873100000015], [-8.834236750000017, 42.337692829999966], [-8.83916234, 42.339124619999986], [-8.83357877, 42.341849309999986], [-8.82538825, 42.341456960000016], [-8.82192709, 42.337492449999985], [-8.800330559999978, 42.33855463], [-8.799913610000026, 42.33205836], [-8.791128890000024, 42.32703964], [-8.771696170000025, 42.33221761999997], [-8.76111626000003, 42.340295140000016], [-8.755014780000021, 42.33991839999999], [-8.744957209999987, 42.36145321999998], [-8.745774129999974, 42.36574214], [-8.740547290000025, 42.36858840999999], [-8.73686043, 42.37660535], [-8.73510612000002, 42.37414582999999], [-8.729858880000014, 42.375849379999984], [-8.72603197000003, 42.38474621], [-8.720775490000019, 42.38502749000002], [-8.70536189000002, 42.39901317000001], [-8.70671471, 42.39585789999999], [-8.703489499999971, 42.39471361], [-8.701204169999976, 42.399103650000015], [-8.69675093, 42.39352837999998], [-8.697664670000018, 42.39717369000003], [-8.69089511, 42.40033769], [-8.698410810000022, 42.39977410999998], [-8.69798833000003, 42.40261284], [-8.68665812, 42.40277214999998], [-8.68495845000001, 42.40747482], [-8.65635654999997, 42.42329767], [-8.653602129999978, 42.425765550000015], [-8.651929040000029, 42.42836893000001], [-8.65493408999998, 42.43205147], [-8.65611598, 42.42615427], [-8.65871246, 42.42799719000002], [-8.661347719999979, 42.42380668000003], [-8.66946770999998, 42.425726629999986], [-8.6722963, 42.42113018], [-8.68116015, 42.421067910000026], [-8.688262049999976, 42.430247850000015], [-8.687419720000012, 42.43770754], [-8.695183160000015, 42.43768092], [-8.704897259999973, 42.43398254999999], [-8.70375509999998, 42.42970956000001], [-8.70749429000002, 42.428469589999985], [-8.70359035999998, 42.42696314], [-8.70805681, 42.42730723000001], [-8.71395934, 42.42167396], [-8.719843119999982, 42.4227749], [-8.734318569999973, 42.41392046999997], [-8.741388179999982, 42.41364648], [-8.748743310000012, 42.40323038], [-8.75726224000003, 42.40235137000003], [-8.76166984, 42.39439645999998], [-8.77038642, 42.394361699999976], [-8.774712990000022, 42.38766167999999], [-8.78173803, 42.39564229], [-8.79184797, 42.39622850999997], [-8.80151179, 42.40118444], [-8.80604769000001, 42.397830360000015], [-8.81331610000001, 42.40116957999998], [-8.817953650000021, 42.39603648], [-8.81964913, 42.39886676], [-8.823531430000026, 42.39738167000002], [-8.823872630000025, 42.39490675000002], [-8.818504510000023, 42.394118019999986], [-8.826319649999979, 42.39130726], [-8.82714925, 42.38663796], [-8.83392975999997, 42.38917257], [-8.838902289999979, 42.38427358000003], [-8.849267829999972, 42.397264259999986], [-8.857487599999978, 42.39723922], [-8.8647714, 42.411241550000014], [-8.880937850000011, 42.41484841], [-8.877372220000012, 42.42048703], [-8.880679070000026, 42.422972399999985], [-8.87629942, 42.42252262999998], [-8.87441378, 42.42651741], [-8.87825482, 42.42990256999999], [-8.874112310000022, 42.43004364], [-8.875542239999985, 42.43337280999999], [-8.871186530000015, 42.43526210000001], [-8.87415805, 42.444795340000034], [-8.883382139999974, 42.45552788], [-8.897305470000015, 42.46086809000001], [-8.913260960000015, 42.46233861000002], [-8.92851740999997, 42.45102464999998], [-8.941667300000018, 42.46342980999999], [-8.93607945, 42.46912142], [-8.935799620000013, 42.47270965], [-8.93956655, 42.47498926999998], [-8.937316, 42.47933710999999], [-8.908765650000019, 42.47538078], [-8.8963075, 42.47983237000001], [-8.89083435, 42.48654207], [-8.88983777, 42.48099435000002], [-8.882927159999976, 42.48872298999997], [-8.886338169999975, 42.492400010000026], [-8.89179315, 42.48871604999997], [-8.89111422, 42.494809289999964], [-8.87161983, 42.501205269999986], [-8.87173257999998, 42.49579838000001], [-8.868162340000016, 42.498844449999986], [-8.85855246, 42.49806855], [-8.862946799999982, 42.49732093999999], [-8.857652140000027, 42.49572923000003], [-8.86032037000002, 42.495385309999975], [-8.85713424, 42.48760011], [-8.86031472, 42.482990059999985], [-8.856502289999987, 42.47656024000001], [-8.860049819999988, 42.47431686], [-8.855513410000023, 42.47274914], [-8.872744529999974, 42.46161140999999], [-8.869431480000024, 42.44805391], [-8.855925500000012, 42.45076347999998], [-8.855469769999972, 42.45382047000001], [-8.846722099999985, 42.45673504999998], [-8.850255339999983, 42.45812048000001], [-8.848103059999987, 42.46032811999996], [-8.845061820000016, 42.45548773999999], [-8.838912150000011, 42.457980689999964], [-8.839871150000018, 42.46018214], [-8.83660744999998, 42.4577744], [-8.838024050000028, 42.45419128000001], [-8.832005149999972, 42.45809047999998], [-8.81964352, 42.451769620000015], [-8.823141030000015, 42.465393119999966], [-8.820344960000018, 42.46722798000002], [-8.828887, 42.46978106000004], [-8.826447210000014, 42.47818727999998], [-8.830887039999977, 42.48433407], [-8.824770960000016, 42.494539219999986], [-8.818659259999974, 42.48977365], [-8.81175798000001, 42.49495903], [-8.8099609, 42.49316005], [-8.805319980000025, 42.50079703], [-8.811112169999987, 42.49926781000001], [-8.808848780000027, 42.50227255], [-8.813178360000016, 42.49767735000002], [-8.81832986, 42.502186060000014], [-8.816113849999976, 42.50556662], [-8.820391699999975, 42.51165904], [-8.817960089999977, 42.50906434999998], [-8.81668091, 42.51257724], [-8.82012922, 42.51380587], [-8.815446529999972, 42.51709604000001], [-8.81827182, 42.51947269], [-8.826294140000028, 42.51532792999998], [-8.821931120000015, 42.51956527], [-8.818450530000018, 42.51982366], [-8.81745916000002, 42.519109], [-8.816414909999969, 42.520179400000025], [-8.813470060000027, 42.528944169999974], [-8.8221995, 42.52205412], [-8.81854281, 42.51989998], [-8.823206879999981, 42.52189474], [-8.82117099, 42.52002710999997], [-8.82860567, 42.518324650000025], [-8.826987790000022, 42.51637278000003], [-8.828921820000025, 42.51845253999998], [-8.82577249000003, 42.52657091000001], [-8.828807289999983, 42.53900970999999], [-8.82550446, 42.53883616999998], [-8.83709801, 42.55178302], [-8.836354129999979, 42.55867148000002], [-8.834331769999974, 42.56191647999998], [-8.830047109999983, 42.56037094], [-8.825344669999973, 42.55721720000001], [-8.825757300000026, 42.55276721], [-8.818595699999975, 42.55927164], [-8.82012514, 42.56235337], [-8.825148369999987, 42.55928865], [-8.83486815, 42.56478768], [-8.83137625, 42.56429992], [-8.83038244000001, 42.57529696999997], [-8.825842739999981, 42.57794119000003], [-8.808236629999978, 42.57592144999999], [-8.801300269999974, 42.582143319999965], [-8.7951752, 42.580068809999986], [-8.79777245999998, 42.58271858000002], [-8.79614969999997, 42.58675281], [-8.79050037, 42.58586917000003], [-8.79095877999998, 42.591067060000015], [-8.784166849999982, 42.59310366999998], [-8.785292849999973, 42.59959105999996], [-8.78161406, 42.59526738999999], [-8.77437315, 42.59654298000002], [-8.77490228000001, 42.59331152], [-8.772215309999988, 42.593240330000015], [-8.76911099, 42.59800623000001], [-8.771710280000024, 42.59818094], [-8.767540780000019, 42.60052508], [-8.772481769999986, 42.602300859999986], [-8.76885625, 42.60183594], [-8.768588250000017, 42.60657552], [-8.779003249999985, 42.61415067], [-8.754676319999989, 42.64144914000002], [-8.748835869999976, 42.6423735], [-8.74120502, 42.64900488], [-8.7390577, 42.66102253000001], [-8.72946724, 42.66601424], [-8.729698459999977, 42.67077373], [-8.723898040000023, 42.678018070000014], [-8.72851554999998, 42.68468352], [-8.72555246, 42.687623299999984], [-8.73167043000002, 42.68786145999997], [-8.727190329999978, 42.67726482], [-8.729632059999973, 42.67389178000003], [-8.736627750000018, 42.67077684], [-8.740736440000022, 42.66467397999999], [-8.74478223999998, 42.66621687], [-8.746979779999977, 42.650793819999976], [-8.756176609999972, 42.64738686], [-8.769996390000026, 42.65308071], [-8.77873712, 42.642016279999986], [-8.800100800000022, 42.636404989999974], [-8.8119802, 42.64441573], [-8.82594087, 42.64609868], [-8.822374150000021, 42.64616361], [-8.821607939999984, 42.64918232], [-8.82572122000001, 42.65013374999998], [-8.820094789999972, 42.650474729999964], [-8.812258409999977, 42.66723049], [-8.814628459999987, 42.6638781], [-8.82895514, 42.666424179999964], [-8.840935930000017, 42.68592208], [-8.844603969999978, 42.68703960999998], [-8.84188155, 42.67833008999999], [-8.84582665, 42.68071167], [-8.84021806, 42.674130299999966], [-8.83999945, 42.66102570000002], [-8.844837839999972, 42.66565710000001], [-8.852041759999986, 42.66521601], [-8.851123700000016, 42.65934883000001], [-8.85745601000001, 42.64733065], [-8.86110276, 42.64643233000001], [-8.856133029999983, 42.64053009], [-8.84646999, 42.64033221000001], [-8.837741579999987, 42.63229007000003], [-8.83999246000001, 42.62821412], [-8.853542390000026, 42.63061684999998], [-8.85893099, 42.62660465000004], [-8.85952244, 42.61773445], [-8.862247370000016, 42.615866209999986], [-8.8568127, 42.610563970000015], [-8.85739378999998, 42.60637528999999], [-8.86871803, 42.60861133999999], [-8.87606217, 42.61373372], [-8.880939549999985, 42.61156519], [-8.88298325, 42.6148806], [-8.887678090000028, 42.61052472999998], [-8.89098088, 42.61374805000002], [-8.886009510000013, 42.615822840000014], [-8.887649529999974, 42.62053625], [-8.88013712, 42.62771983000001], [-8.874691050000028, 42.62800921], [-8.873494589999984, 42.63238267000001], [-8.885185630000015, 42.6397292], [-8.900898750000028, 42.64034033999998], [-8.894945639999978, 42.64326745], [-8.898920899999975, 42.64455639999998], [-8.902485250000021, 42.64228373000001], [-8.90031051, 42.63799427], [-8.90250403, 42.63322693], [-8.91819563999998, 42.62478097000002], [-8.927410240000013, 42.61427489000002], [-8.933765349999971, 42.61369268999998], [-8.930712020000023, 42.61375234000002], [-8.93375461, 42.6108937], [-8.93107746, 42.60850332000001], [-8.93024411, 42.605125939999986], [-8.932622680000017, 42.60962926], [-8.937291900000021, 42.607091070000024], [-8.93375621, 42.60553756], [-8.937435739999978, 42.60514820999999], [-8.93206306, 42.59671379999998], [-8.92051504, 42.59404561999998], [-8.91988267000002, 42.58700300999999], [-8.930626429999986, 42.58699451999998], [-8.941331299999975, 42.582360129999984], [-8.954254869999975, 42.58452239000002], [-8.963053480000019, 42.57245992], [-8.962435399999977, 42.56917956999996], [-8.988298109999985, 42.56583657000002], [-8.991017189999972, 42.557376349999984], [-8.988855349999984, 42.55502330999996], [-8.98696125, 42.560154599999976], [-8.98874132, 42.55472322999998], [-8.982993099999982, 42.54543784000001], [-8.986366289999982, 42.53821272], [-8.997188519999975, 42.53137964], [-8.995906799999975, 42.52956561], [-9.00938877, 42.52662441999998], [-9.01109637999998, 42.51806400999998], [-9.01385604, 42.523220639999984], [-9.01930235, 42.52114233], [-9.015804909999979, 42.51856316], [-9.023117640000022, 42.51691743], [-9.03396584, 42.5213946], [-9.04247989, 42.517199709999964], [-9.044601530000014, 42.52403664], [-9.04135576, 42.52344328], [-9.042946929999985, 42.52781486000002], [-9.03946697, 42.53021336999998], [-9.041278240000022, 42.536355650000026], [-9.03070021, 42.54315294], [-9.029733900000014, 42.54801982999999], [-9.039258920000025, 42.56555566000003], [-9.057748969999986, 42.57776344000001], [-9.075021800000028, 42.57215578000002], [-9.073887150000024, 42.56638312000002], [-9.08891428, 42.57062356], [-9.091423210000022, 42.57648476000002], [-9.079257230000026, 42.58012176000001], [-9.07587249999997, 42.58925851], [-9.081650230000024, 42.59403675], [-9.079206320000011, 42.5980826], [-9.06451299, 42.60034039], [-9.05902363, 42.61117275999998], [-9.06122482, 42.61763609], [-9.05324225, 42.62177735], [-9.052491550000019, 42.62571487000001], [-9.049256789999982, 42.62516620999998], [-9.04053008999997, 42.6373575], [-9.03689631, 42.64890984], [-9.041610270000014, 42.65299922000002], [-9.04175978999997, 42.66909527], [-9.033206960000014, 42.67347244], [-9.028700799999982, 42.685241709999985], [-9.028469260000024, 42.69228426], [-9.033804270000026, 42.69519792000002], [-9.02926243, 42.69768837999998], [-9.024179709999972, 42.70793967], [-9.010972470000011, 42.71070648], [-9.00865597, 42.72699555000001], [-8.996380599999974, 42.72757822000002], [-8.990928609999974, 42.74053002], [-8.97598889999997, 42.74504907999998], [-8.968738559999988, 42.7411617], [-8.95421447, 42.748500729999975], [-8.94857281, 42.76569133000003], [-8.949135309999981, 42.76009888999999], [-8.947049710000021, 42.75937043999998], [-8.94441478, 42.76284738999998], [-8.94644598, 42.76428087], [-8.940513690000028, 42.76790251], [-8.94124911, 42.77391343999997], [-8.93234392, 42.77814851], [-8.924577340000017, 42.78829197999998], [-8.91006222000003, 42.79205130000001], [-8.903924590000013, 42.78844420999999], [-8.90814242, 42.794347169999966], [-8.898588200000026, 42.79644378], [-8.902129220000019, 42.80024849999998], [-8.896962710000025, 42.80888736], [-8.896703260000026, 42.81283458], [-8.897360589999984, 42.815240109999976], [-8.89716783, 42.80885875], [-8.90027111, 42.80704198], [-8.904158489999988, 42.813826339999984], [-8.897902220000018, 42.81668842000001], [-8.88818487000001, 42.81313044999999], [-8.892656940000013, 42.81502402999998], [-8.879418689999978, 42.816094], [-8.87572147, 42.82891410000002], [-8.879563529999972, 42.82751893000004], [-8.880689659999975, 42.81814393999996], [-8.88776129, 42.81574484], [-8.900839340000017, 42.819021080000034], [-8.895854399999985, 42.82368068000002], [-8.899052130000019, 42.82899754000001], [-8.908847600000026, 42.82515099000001], [-8.899477119999988, 42.8257619], [-8.90527702999998, 42.81772928], [-8.908956889999974, 42.796348409999986], [-8.92479235, 42.79768773], [-8.933288439999975, 42.80190019999997], [-8.931338, 42.80731268], [-8.945576529999988, 42.79823594999998], [-8.943725970000028, 42.793732449999986], [-8.949496549999974, 42.788660759999985], [-8.951004390000021, 42.78247890999997], [-8.96311742000003, 42.77856989], [-8.96788592, 42.78189430000002], [-8.96584987, 42.7867627], [-8.97483571, 42.791351519999985], [-8.97863843, 42.78999918999999], [-8.981593729999968, 42.77806193], [-8.98909273, 42.77738951999997], [-8.9993831, 42.78169185999999], [-9.001860019999972, 42.77850101999998], [-9.005833969999975, 42.78041632000002], [-9.002684119999985, 42.78246342999998], [-9.00758914999998, 42.7812511], [-9.008212080000012, 42.784143849999985], [-9.01783935, 42.78097199000002], [-9.015224280000025, 42.78424248], [-9.01812641, 42.78631285999999], [-9.016391719999984, 42.79260652], [-9.012978220000011, 42.79320054], [-9.016286279999985, 42.79479049], [-9.01140890999998, 42.794912550000014], [-9.013913209999975, 42.79917339999998], [-9.020175400000028, 42.80071375999997], [-9.021589149999985, 42.79439372], [-9.02808405, 42.79883064000002], [-9.033517159999978, 42.79124308], [-9.046156169999978, 42.785875120000014], [-9.06388022, 42.78690582000004], [-9.06470665, 42.78224405000001], [-9.057523669999979, 42.77502826], [-9.055001710000015, 42.777727609999985], [-9.051574400000025, 42.77566803], [-9.05445613, 42.77427291999999], [-9.04788578000001, 42.76967947000003], [-9.054722420000028, 42.76649935000001], [-9.05879837, 42.7582085], [-9.07558311, 42.75709092999996], [-9.08060207, 42.75197169], [-9.07616735, 42.745609749999964], [-9.078371800000015, 42.73882214], [-9.089307079999973, 42.738383120000016], [-9.091681299999982, 42.74725798999999], [-9.10216985, 42.75566312], [-9.111615350000013, 42.75507654000001], [-9.112428430000023, 42.75242252999996], [-9.115755859999972, 42.75420656], [-9.114373409999976, 42.761238869999964], [-9.126670629999985, 42.77094897], [-9.12550068, 42.77554857], [-9.13017179, 42.778421210000026], [-9.12867683, 42.78195813], [-9.13456563, 42.79069718], [-9.140023729999989, 42.79175377999998], [-9.14023117000002, 42.79593732999998], [-9.14643767, 42.79443291000002], [-9.147224130000014, 42.79828819], [-9.15116493, 42.79833682], [-9.149952099999975, 42.80322702], [-9.143761809999981, 42.80231835999997], [-9.14014571, 42.80652774], [-9.13583925000002, 42.80637238], [-9.136888660000013, 42.80364248], [-9.133489109999987, 42.80621972], [-9.130259080000018, 42.804467], [-9.129404820000012, 42.80719537], [-9.118209009999989, 42.80956969000003], [-9.117192590000016, 42.81276574], [-9.117985109999974, 42.81014879], [-9.11475995, 42.81091582000001], [-9.107568, 42.82165292], [-9.10819071, 42.83550003], [-9.111854389999985, 42.84261307000002], [-9.12174193, 42.847339759999976], [-9.129299819999984, 42.84349528000004], [-9.138197900000016, 42.84982197], [-9.15022227, 42.87215517], [-9.14550035, 42.87672143999998], [-9.147679119999983, 42.88298611000001], [-9.14079414, 42.88231283999997], [-9.138566049999975, 42.88858085000002], [-9.143643819999975, 42.89261018], [-9.14315721999997, 42.89632703], [-9.13431693, 42.89939532000001], [-9.1332622, 42.89703962], [-9.12548266000002, 42.90561315999999], [-9.13335828000002, 42.91092388], [-9.15151571, 42.91015294], [-9.155446720000013, 42.91419856000001], [-9.16061490999997, 42.911750110000014], [-9.165740099999976, 42.926127619999974], [-9.17007007000001, 42.92814380000002], [-9.17274698, 42.93517314], [-9.17278009, 42.9442989], [-9.17863156000001, 42.94571027999997], [-9.179885479999976, 42.94331092999999], [-9.18998495000001, 42.95235874999998], [-9.1931726, 42.94519149], [-9.189771379999979, 42.94499810000002], [-9.190428450000026, 42.937644209999974], [-9.18415908, 42.9303601], [-9.186907779999986, 42.92528718000002], [-9.183118649999987, 42.91609512], [-9.209174909999984, 42.91640765999998], [-9.20809108, 42.928132579999975], [-9.217843990000018, 42.931552849999974], [-9.21550029, 42.934183029999986], [-9.218006230000013, 42.94152663000002], [-9.23317035, 42.94100475], [-9.233279509999985, 42.92683950999997], [-9.241990760000025, 42.92819027999996], [-9.26295711, 42.918876430000026], [-9.262235460000023, 42.90671915999999], [-9.255677369999978, 42.90930244000001], [-9.261634810000022, 42.90526691], [-9.25969238, 42.90314119999997], [-9.262235890000015, 42.89407217], [-9.269765, 42.88047146999998], [-9.272798859999986, 42.87985456999998], [-9.275068060000024, 42.88747992], [-9.281939980000026, 42.89197133], [-9.275535289999988, 42.91034470999998], [-9.280603810000011, 42.91321615], [-9.28329553, 42.92003493], [-9.291254099999975, 42.91953312000002], [-9.29792426, 42.92308052000002], [-9.29120777999998, 42.93142647999998], [-9.28945647, 42.93718495000002], [-9.292423279999978, 42.939721680000034], [-9.289994450000023, 42.93825344], [-9.287240209999974, 42.944391259999975], [-9.28190127, 42.94310128], [-9.283556219999989, 42.95510797999998], [-9.278824659999975, 42.956655829999974], [-9.27619537999998, 42.96271452000002], [-9.268368649999974, 42.96360413999998], [-9.261181109999978, 42.973180510000034], [-9.26166854, 42.99023848], [-9.257575640000013, 42.99712425999998], [-9.261507890000026, 43.00057196000002], [-9.25722834, 43.002382170000025], [-9.26638313, 43.01193398999999], [-9.275390839999979, 43.0087381], [-9.279153760000026, 43.01231151999997], [-9.287151289999978, 43.04356482000002], [-9.30099736, 43.047058040000024], [-9.299371930000026, 43.05620331], [-9.292862349999968, 43.0587952], [-9.28570568, 43.04682205], [-9.27671339999998, 43.04422101999998], [-9.270990149999982, 43.04477902999997], [-9.26766548, 43.05295517], [-9.26191631, 43.04858134999998], [-9.249544860000013, 43.07145794], [-9.252133500000014, 43.08407113999997], [-9.257758309999984, 43.09068465999997], [-9.247636250000024, 43.09283315000003], [-9.243689010000017, 43.08459699], [-9.23717991, 43.09098436999999], [-9.221015070000016, 43.08842916], [-9.224434820000027, 43.098873299999966], [-9.22028142, 43.10333076], [-9.222827019999976, 43.10782760999998], [-9.22019809, 43.11399315], [-9.21197893, 43.10613294], [-9.21553967, 43.10792818000002], [-9.216134, 43.104466169999974], [-9.21208671, 43.101869329999985], [-9.198407179999986, 43.10398226999999], [-9.197476290000028, 43.09782180000004], [-9.190379689999988, 43.09007898999998], [-9.182536920000022, 43.09329512], [-9.183742429999976, 43.10328449999999], [-9.167340580000014, 43.105217319999966], [-9.158189750000025, 43.12659584], [-9.159596680000014, 43.12885123], [-9.16419894, 43.127324200000025], [-9.167315240000027, 43.13226854000002], [-9.16452159999998, 43.15270933000002], [-9.169853119999972, 43.147064879999974], [-9.17083321, 43.13729007], [-9.178079809999977, 43.13565527999998], [-9.179388830000025, 43.12841904], [-9.18461426000001, 43.12868471999999], [-9.18307343, 43.12414149000002], [-9.17828333, 43.124410239999975], [-9.185238499999976, 43.12306985], [-9.190393849999975, 43.12483334], [-9.19273331, 43.1220868], [-9.197852360000024, 43.12737155], [-9.19715597, 43.13092904], [-9.20248981, 43.12826248999997], [-9.205572010000019, 43.13066017], [-9.20486579999998, 43.14247270000003], [-9.215596140000029, 43.15152872], [-9.21198792999998, 43.1571534], [-9.213974139999978, 43.16193298000002], [-9.206999020000016, 43.159603589999975], [-9.20821752, 43.15586457], [-9.19934738, 43.15435802999998], [-9.195887520000019, 43.15673356], [-9.195463569999982, 43.162373600000016], [-9.18743287, 43.16102753], [-9.184961219999977, 43.16721977000001], [-9.180214450000014, 43.168314420000016], [-9.17978821000001, 43.18050773], [-9.17358909, 43.18695581], [-9.174489190000024, 43.191596900000015], [-9.165907949999976, 43.18313185999998], [-9.161358280000028, 43.1832699], [-9.151432009999972, 43.18632655], [-9.150129240000027, 43.195371500000014], [-9.13582713, 43.19115546], [-9.136845700000013, 43.19687968999999], [-9.13243732000003, 43.19366034], [-9.130237980000025, 43.19834250000002], [-9.12756104, 43.19459774], [-9.12330539, 43.1971849], [-9.11456798, 43.19409834], [-9.110931750000029, 43.1859218], [-9.106587969999977, 43.18541647999998], [-9.103903, 43.18956605000001], [-9.09997123, 43.18740010999998], [-9.098489639999976, 43.19313245], [-9.093277419999986, 43.18873935], [-9.08641494, 43.189007], [-9.089790780000014, 43.18770146], [-9.090671500000026, 43.18062408], [-9.084944800000029, 43.18573686], [-9.07823494000002, 43.181233960000014], [-9.07730962, 43.185901180000016], [-9.05992475, 43.18488243999998], [-9.039849489999979, 43.19620098], [-9.03243761, 43.21556017999998], [-9.022766719999975, 43.21359612999998], [-9.018861579999978, 43.2168], [-9.0193633, 43.22063526], [-9.009881779999983, 43.22459228000001], [-9.013979359999983, 43.22844495], [-9.012933579999983, 43.23344211], [-9.00418199, 43.23108591], [-9.003733729999988, 43.22528536999998], [-8.999252309999976, 43.22290181], [-9.00350288, 43.224316330000015], [-9.003601039999989, 43.22018834], [-8.99599030999997, 43.21626810999999], [-8.984944689999981, 43.22210567], [-8.98608666, 43.22633957], [-8.98090395, 43.22934818999997], [-8.971603680000015, 43.22388561], [-8.966294970000025, 43.225360859999974], [-8.966731279999978, 43.22856067], [-8.95516838999997, 43.22814818], [-8.953301429999986, 43.23083824000003], [-8.939754590000023, 43.22687304], [-8.937283619999983, 43.23158371999999], [-8.94165038, 43.24051104999997], [-8.948625210000015, 43.24157854], [-8.952806250000025, 43.24820165000001], [-8.949688829999983, 43.25398157], [-8.954118650000014, 43.25998852], [-8.956526539999974, 43.25916956], [-8.952759440000012, 43.26347121999997], [-8.96016611, 43.265271579999975], [-8.965039060000013, 43.26421548000001], [-8.963967849999971, 43.26132793999998], [-8.976855290000028, 43.26199412], [-8.982523179999978, 43.26903322999998], [-8.984867840000017, 43.26807296], [-8.985393969999972, 43.27254624], [-8.991289040000023, 43.274739], [-8.98590082, 43.27682249], [-8.984814060000021, 43.28230766999998], [-8.97546672, 43.28360831], [-8.973894519999984, 43.28667034000002], [-8.962624619999971, 43.2867204], [-8.956793629999977, 43.293740699999965], [-8.936732500000012, 43.28934134], [-8.927721769999975, 43.28197872], [-8.928842419999986, 43.29094931], [-8.92539791, 43.29366698], [-8.91861529999998, 43.29615285], [-8.912679170000027, 43.29226608], [-8.906395730000023, 43.29418521000002], [-8.911459100000014, 43.30304162], [-8.906564980000015, 43.30607689], [-8.91083731, 43.31046441999998], [-8.91180499, 43.32091944], [-8.884495399999977, 43.32015430000002], [-8.875531430000024, 43.31249704], [-8.872396640000023, 43.31692551000001], [-8.873631840000021, 43.32243405], [-8.87056882, 43.32352805999997], [-8.864597379999973, 43.32246719], [-8.863726760000016, 43.31817305], [-8.85985909, 43.31693166], [-8.85575506, 43.321679560000014], [-8.848325780000023, 43.31955847000002], [-8.846150490000017, 43.32091232999996], [-8.85026151, 43.327497870000016], [-8.84695925, 43.32867553], [-8.84921045000002, 43.33566255999999], [-8.84119478, 43.34528262000001], [-8.832069069999974, 43.34427361], [-8.826790280000013, 43.32846609], [-8.819029039999975, 43.32879957], [-8.814091090000016, 43.32436152000001], [-8.806165289999976, 43.32670994], [-8.801744640000015, 43.32186692000001], [-8.80978895999997, 43.32321258000002], [-8.80539653999998, 43.32098784000002], [-8.80249593, 43.31346584], [-8.790445559999979, 43.31029778], [-8.785000469999973, 43.30385876], [-8.771749539999972, 43.29930928999998], [-8.76260064, 43.30239171999999], [-8.747723059999972, 43.29430283000002], [-8.728745519999975, 43.29562714], [-8.725913710000018, 43.29892912000001], [-8.722886070000023, 43.29177149999999], [-8.71158881, 43.28997051000001], [-8.68068444, 43.30041762], [-8.65709986, 43.3032647], [-8.644889329999986, 43.30862303], [-8.63860854999998, 43.30735846000001], [-8.620882419999969, 43.317487919999984], [-8.611040849999982, 43.31611828], [-8.60717656000002, 43.32233981000003], [-8.60209893, 43.32049194], [-8.604010510000014, 43.31782338999997], [-8.59141183, 43.32145768], [-8.590020850000023, 43.31558449], [-8.58126537999998, 43.31811093], [-8.571023809999978, 43.31586618], [-8.568109589999976, 43.311777550000016], [-8.562162659999975, 43.314687450000015], [-8.551731540000018, 43.31197309], [-8.53503309999998, 43.31596272], [-8.517530919999974, 43.32823476], [-8.505872659999982, 43.33062579999997], [-8.49330455, 43.35105495000001], [-8.500025450000024, 43.352801429999985], [-8.49329822, 43.360390559999985], [-8.48656956, 43.36088561999997], [-8.48775244, 43.35268166999998], [-8.477693, 43.35221118], [-8.46470532, 43.360594379999974], [-8.45673902, 43.35981464000001], [-8.459655279999977, 43.363293929999976], [-8.45883405, 43.37076011], [-8.446652599999974, 43.372386980000016], [-8.44765419999998, 43.37666921000002], [-8.439757479999988, 43.38150238], [-8.422399310000024, 43.37785513], [-8.417938330000023, 43.37129748999999], [-8.40885968, 43.369261919999985], [-8.403534850000028, 43.37459169000001], [-8.409730890000013, 43.37875400999997], [-8.411574580000023, 43.38503113], [-8.40628245, 43.38367978999998], [-8.409683960000022, 43.38639017000001], [-8.407298110000013, 43.38787170000003], [-8.399717280000019, 43.38660157000002], [-8.400770489999976, 43.38997258], [-8.391338470000019, 43.3850986], [-8.397067729999982, 43.38137966], [-8.3887257, 43.37083643000001], [-8.37429406000002, 43.365053919999966], [-8.387806040000022, 43.36979062000002], [-8.38733029, 43.365266929999976], [-8.39822124, 43.36965807], [-8.395235810000019, 43.36689164], [-8.40118318, 43.36716819999997], [-8.39873775, 43.36395317], [-8.40401939, 43.363684950000014], [-8.402042739999988, 43.35963757], [-8.393657939999974, 43.36371646], [-8.38775617, 43.36144782999999], [-8.39557071, 43.361222339999976], [-8.385051490000018, 43.35377059999998], [-8.378440820000023, 43.357269439999975], [-8.38493695, 43.353731], [-8.38175334, 43.354556479999985], [-8.37890933, 43.35183694], [-8.378671659999982, 43.34831924999998], [-8.381898960000019, 43.353694390000015], [-8.386260959999989, 43.35127384999998], [-8.386819020000026, 43.34797063999997], [-8.381242449999979, 43.34601038999999], [-8.387040149999972, 43.33948001], [-8.3743245, 43.3399], [-8.372902859999977, 43.34376597], [-8.366314330000025, 43.34151057000001], [-8.356071230000016, 43.34354057], [-8.346904839999988, 43.34884103], [-8.349905729999971, 43.35069879], [-8.347015720000023, 43.35402118000002], [-8.352236590000027, 43.35628789000001], [-8.34598861, 43.36210842999997], [-8.346803740000016, 43.36533806], [-8.33942347, 43.36714229], [-8.34513496, 43.37146588], [-8.33886745, 43.37148044999998], [-8.337793920000017, 43.37695012000001], [-8.344663540000022, 43.38292095], [-8.35068116, 43.37936186999998], [-8.355537759999981, 43.38069126], [-8.354847289999983, 43.38489176999999], [-8.347808329999982, 43.38541118], [-8.35529264, 43.39035330000003], [-8.34438726, 43.39028885], [-8.35061938, 43.396145219999966], [-8.343137630000017, 43.399079799999974], [-8.336630969999986, 43.39795314999998], [-8.33340052, 43.40150725], [-8.329924860000014, 43.39932913999998], [-8.33091427000001, 43.4018756], [-8.327403320000013, 43.40322804], [-8.316585249999981, 43.401230320000025], [-8.306862509999986, 43.405671399999974], [-8.303443139999983, 43.39890758], [-8.29695559000002, 43.39784977999999], [-8.299116480000016, 43.39135758], [-8.29610483, 43.39037219], [-8.29911978, 43.390124079999985], [-8.29651741, 43.38520362000003], [-8.287909519999976, 43.38302852], [-8.27273890000002, 43.38699004999998], [-8.264582319999981, 43.38261372], [-8.259883330000028, 43.36970503999997], [-8.242086939999972, 43.36297158], [-8.250418080000028, 43.362714279999985], [-8.250113679999986, 43.35791198000001], [-8.24425005999997, 43.35887501], [-8.25196792, 43.35624215], [-8.249490939999989, 43.356275189999984], [-8.252846510000031, 43.354419190000016], [-8.252007710000028, 43.349857560000025], [-8.243981299999975, 43.3484805], [-8.24084510999998, 43.34301614000001], [-8.22906574, 43.34216155], [-8.22421005999998, 43.33346262999998], [-8.20881737, 43.32783805], [-8.20821743000003, 43.332204639999986], [-8.21374396000002, 43.33983831], [-8.20163975, 43.33561075], [-8.211040449999983, 43.35016175999996], [-8.220488130000016, 43.35343863000002], [-8.20884735, 43.362703469999985], [-8.21772127000002, 43.36746517000001], [-8.215186649999977, 43.37760094], [-8.223046379999973, 43.38689183], [-8.218591709999973, 43.38963455], [-8.219764249999974, 43.39307387999998], [-8.216760890000026, 43.3913118], [-8.212009990000016, 43.39808298000001], [-8.21303357, 43.40266351], [-8.2058736, 43.409148459999976], [-8.188710940000025, 43.41349588999998], [-8.175622599999986, 43.4120742], [-8.17369708000001, 43.41989482999998], [-8.18048162, 43.41864148999998], [-8.18000275, 43.42127400999996], [-8.19818702, 43.42664013], [-8.20466775, 43.42026769999999], [-8.215826120000019, 43.4178942], [-8.22063578000003, 43.42555129999999], [-8.233174759999972, 43.42928861999999], [-8.24418863999997, 43.4249564], [-8.24318153, 43.421455709999975], [-8.237643919999979, 43.422547510000015], [-8.239802059999976, 43.419225419999975], [-8.24441832000002, 43.41733867], [-8.254029310000018, 43.42092925999999], [-8.259369699999977, 43.41785619], [-8.261168480000018, 43.42448909999999], [-8.27627924000002, 43.43177594], [-8.279703660000022, 43.43662279], [-8.296511680000014, 43.43542894], [-8.29890635, 43.44020601999998], [-8.308401249999976, 43.44014237999998], [-8.31656266, 43.44501049000002], [-8.30274146, 43.44675257], [-8.312583369999988, 43.45428854999998], [-8.298976780000022, 43.45427368999999], [-8.270431710000016, 43.463501390000026], [-8.27123815, 43.45899881999997], [-8.266788970000027, 43.45473922], [-8.26492694, 43.45947056999997], [-8.256523369999972, 43.462460170000014], [-8.254918550000028, 43.46618021], [-8.246617710000011, 43.46053985999998], [-8.231429660000014, 43.462696340000015], [-8.23362808, 43.461821199999974], [-8.231599110000015, 43.45508135], [-8.220153389999977, 43.45634427], [-8.219812310000018, 43.46055510999998], [-8.201466789999976, 43.46007028], [-8.198158860000017, 43.464578439999976], [-8.192086059999983, 43.464387060000014], [-8.19041481, 43.47011682], [-8.193143770000022, 43.47166703], [-8.18571818999997, 43.46969137999997], [-8.18150218, 43.47242181999997], [-8.184008469999972, 43.47584592], [-8.193158600000027, 43.47486229], [-8.18451176, 43.47666928000001], [-8.183134290000014, 43.482952739999966], [-8.17551215999998, 43.47681711], [-8.169598449999988, 43.48052442000003], [-8.163042340000013, 43.49669318], [-8.170031949999984, 43.49845603999998], [-8.16281188, 43.497324800000015], [-8.161784350000021, 43.50208872999998], [-8.15232073, 43.50409228999999], [-8.160723799999982, 43.502703910000015], [-8.159910919999982, 43.50563958000002], [-8.155151289999989, 43.50566584], [-8.159827940000014, 43.50698474000003], [-8.153799089999987, 43.51141669], [-8.151263259999984, 43.5151864], [-8.15137363, 43.51749511000004], [-8.161271920000017, 43.512303], [-8.168688840000023, 43.51542401000002], [-8.17151052999998, 43.512838309999985], [-8.16525219, 43.50923285999997], [-8.173975859999972, 43.504362939999986], [-8.172445110000016, 43.49775240000001], [-8.176253839999974, 43.49399649], [-8.194118210000028, 43.48948385999997], [-8.197579409999982, 43.48573404000003], [-8.19458974, 43.48633846000003], [-8.18615927, 43.48492179], [-8.192401229999973, 43.48547488], [-8.19109861, 43.48153704], [-8.19885641999998, 43.48131854000003], [-8.200478119999989, 43.477175379999984], [-8.206184109999976, 43.47668086], [-8.211490469999985, 43.47800484], [-8.207651810000018, 43.48152025], [-8.213588730000023, 43.48398566999999], [-8.219582090000028, 43.48309021], [-8.217766769999978, 43.47924818000001], [-8.2209162, 43.47634917], [-8.226176310000012, 43.47842181], [-8.234633279999967, 43.47457676], [-8.23340963, 43.471437019999975], [-8.23729719, 43.47693012], [-8.229401879999974, 43.478408920000035], [-8.231438149999974, 43.481367369999965], [-8.24178738, 43.477245869999976], [-8.23991815, 43.473793789999974], [-8.245140379999986, 43.47870308], [-8.247094890000012, 43.47757781999998], [-8.243963289999977, 43.47582240000001], [-8.248593469999987, 43.47618543999999], [-8.252212460000022, 43.48525539], [-8.242848919999988, 43.490196800000014], [-8.247325170000021, 43.49333076], [-8.25926038, 43.48767617], [-8.25927639000003, 43.4777726], [-8.261870319999987, 43.47618546], [-8.258801470000014, 43.47373435], [-8.26618835999998, 43.46771267000002], [-8.278350209999989, 43.4685545], [-8.281198150000026, 43.46408334999999], [-8.29773769, 43.46086711999999], [-8.300801020000026, 43.46620724000001], [-8.31710311, 43.470561410000016], [-8.334533270000017, 43.46441753], [-8.34109311000002, 43.45836676000002], [-8.34042438, 43.461990079999985], [-8.34801079000001, 43.46378599000002], [-8.34160368, 43.46624701], [-8.34331056, 43.47213566], [-8.32713621, 43.48174218], [-8.31969461, 43.498042149999975], [-8.320552509999974, 43.502728449999985], [-8.33073948, 43.5070328], [-8.328108319999972, 43.51015367999997], [-8.332271470000023, 43.51303784999999], [-8.32807033, 43.514629719999974], [-8.324060549999977, 43.52554815000001], [-8.31360591, 43.52779157000001], [-8.308965319999972, 43.5246859], [-8.30334065, 43.52572198999999], [-8.29632549, 43.535023800000026], [-8.299367860000018, 43.54092311], [-8.304314180000018, 43.54045892], [-8.303561120000015, 43.546813780000015], [-8.31394057, 43.54620421999997], [-8.314644639999976, 43.555317979999984], [-8.323966140000019, 43.55448674999999], [-8.32599088, 43.55961359000001], [-8.32206775, 43.5652344], [-8.31003829000001, 43.56949564], [-8.303959089999974, 43.56006502999998], [-8.294750230000021, 43.55627109], [-8.284945799999985, 43.55696931999998], [-8.28370972, 43.56108679000001], [-8.272277860000017, 43.55479236999999], [-8.26008441, 43.55790361000001], [-8.250400429999972, 43.56582234000002], [-8.24610301, 43.56523704000003], [-8.21735713, 43.581707950000016], [-8.220138669999985, 43.58622590999997], [-8.216412989999979, 43.59240122], [-8.202440579999973, 43.596550900000025], [-8.19956284, 43.59951803999998], [-8.201088200000028, 43.60340959], [-8.192462410000013, 43.6030827], [-8.19160035000001, 43.607452229999986], [-8.1972476, 43.61144406], [-8.1887336, 43.61300233999998], [-8.188430339999986, 43.621127450000024], [-8.18013453000002, 43.62192793000002], [-8.181289830000013, 43.61505146999998], [-8.173732409999982, 43.61246892999998], [-8.155511770000027, 43.61528411], [-8.148070339999988, 43.62027480000002], [-8.140111200000021, 43.63343572999999], [-8.134341610000018, 43.63641457], [-8.12705362, 43.6352572], [-8.122646520000028, 43.643908799999984], [-8.113665029999972, 43.64063], [-8.10970331, 43.64287826], [-8.113033089999986, 43.645735839999965], [-8.11088277, 43.64785787], [-8.101052029999972, 43.6478661], [-8.10332236, 43.6522658], [-8.09503788, 43.653410639999954], [-8.098023669999973, 43.65659912000002], [-8.094550640000012, 43.65702448], [-8.093293389999971, 43.66662347], [-8.086817940000019, 43.66147503999998], [-8.087175710000011, 43.654274939999986], [-8.082776609999984, 43.65298573999998], [-8.081330340000015, 43.64673033999998], [-8.07728665000002, 43.64420972000002], [-8.071536040000012, 43.645257919999985], [-8.06992871000003, 43.65119014999998], [-8.053869469999974, 43.64894117999999], [-8.05197726, 43.65283317], [-8.055758, 43.65975071999997], [-8.06425729, 43.65745597999999], [-8.068515759999984, 43.6597245], [-8.070143330000029, 43.65520480999999], [-8.07589039999998, 43.660269679999985], [-8.071645209999982, 43.661394889999976], [-8.071913789999975, 43.66604632], [-8.07596083, 43.668738], [-8.072889070000025, 43.669225840000024], [-8.074696469999978, 43.67315150999997], [-8.070562039999976, 43.67398363999997], [-8.07579122, 43.68287949], [-8.066626820000012, 43.68262092], [-8.069024120000021, 43.68853705], [-8.065412929999987, 43.691173229999976], [-8.06839904999999, 43.69582985999999], [-8.063441009999986, 43.69750855000002], [-8.06414245, 43.70405822999998], [-8.05784796000001, 43.70476075], [-8.04835237000002, 43.71373397], [-8.04473466, 43.710563160000014], [-8.032984460000012, 43.71459342999997], [-8.02556479, 43.70914108], [-8.023100110000025, 43.71216651000001], [-8.01648591, 43.71217861999999], [-8.007055320000022, 43.70491392], [-8.00039496, 43.70510713999998], [-7.952641970000019, 43.72811291], [-7.94737526, 43.73424712000001], [-7.951017670000031, 43.741219029999975], [-7.946570690000018, 43.74405872000001], [-7.9295926, 43.73964441], [-7.922734589999982, 43.74322652999996], [-7.904462239999981, 43.76985992], [-7.89921434, 43.76478299], [-7.889153089999973, 43.76311713], [-7.87596181, 43.76678768], [-7.870129859999985, 43.7740498], [-7.859274159999986, 43.76352073], [-7.864534910000029, 43.75212437000001], [-7.861462729999978, 43.74747501000002], [-7.86633719, 43.74480046], [-7.862144589999977, 43.73414021], [-7.866784599999979, 43.738380579999976], [-7.87203436, 43.7354467], [-7.86959279, 43.73014945], [-7.85513794, 43.72473392999998], [-7.854848600000014, 43.71916467], [-7.849872640000018, 43.71764784999998], [-7.85227838, 43.71362941000002], [-7.849267159999973, 43.710309479999985], [-7.853426269999978, 43.70802597999999], [-7.863272929999977, 43.710847520000016], [-7.87462852, 43.71756486], [-7.876024330000016, 43.72328484000002], [-7.87664687, 43.71307632], [-7.86935353, 43.70716712000003], [-7.879920360000024, 43.700521749999986], [-7.88195541000003, 43.69334963], [-7.877562289999982, 43.687838929999984], [-7.890716850000021, 43.69002145], [-7.891999900000023, 43.68475393], [-7.871342510000012, 43.68044352], [-7.87185995, 43.67198599], [-7.877406699999985, 43.671865980000014], [-7.88657215, 43.67765847000003], [-7.90447747, 43.67135338], [-7.884291269999973, 43.66272181], [-7.873961280000025, 43.66180428], [-7.87068060999998, 43.66539242999998], [-7.863610949999985, 43.662777229999975], [-7.86563585, 43.66787639], [-7.846972319999973, 43.668202839999964], [-7.843141109999972, 43.67252478000001], [-7.854826310000011, 43.68329029], [-7.86085344, 43.68311463], [-7.85844446, 43.68584602000003], [-7.868241789999978, 43.69789689000001], [-7.85614349, 43.70418326000002], [-7.860482519999972, 43.70673524], [-7.83981536, 43.70298667999996], [-7.836236349999971, 43.70708160999998], [-7.83797491999997, 43.71048288999999], [-7.834037119999973, 43.71105495], [-7.835354539999983, 43.70584063], [-7.827762399999976, 43.70587412], [-7.830412099999973, 43.70441156], [-7.82715955000001, 43.70115527000002], [-7.83528421, 43.7026567], [-7.838846720000025, 43.69620380999998], [-7.821082110000031, 43.70072810000002], [-7.8192279, 43.69617912], [-7.81492634, 43.69514542000002], [-7.81298181, 43.69782022999998], [-7.817768, 43.69623178000002], [-7.817670540000022, 43.70058415], [-7.825268970000025, 43.70110021999998], [-7.829564709999979, 43.71007406], [-7.824939560000019, 43.715527299999984], [-7.817559749999987, 43.71234621000002], [-7.81128897, 43.715248629999984], [-7.80983034, 43.72043261], [-7.814468549999989, 43.72300972999999], [-7.812570429999973, 43.72658281999998], [-7.806849929999975, 43.72692304999997], [-7.804953210000011, 43.72277176], [-7.800849340000016, 43.72236838000001], [-7.796012549999985, 43.72459741], [-7.79826981, 43.73062421999999], [-7.793717920000026, 43.736271139999985], [-7.78105009, 43.73295871], [-7.774020879999969, 43.73464850000003], [-7.77211668, 43.739895629999985], [-7.75733826, 43.74017982], [-7.7499739, 43.74690551999998], [-7.7422545, 43.74476899000001], [-7.731817839999971, 43.75067593999999], [-7.725638749999984, 43.7502749], [-7.725448100000018, 43.7467538], [-7.722944390000014, 43.75233104], [-7.7259016, 43.753766], [-7.71520464, 43.756720370000025], [-7.71797630999998, 43.76415891000001], [-7.715290600000019, 43.76649358], [-7.711101769999989, 43.76551432999998], [-7.68726933, 43.77654291], [-7.686322580000014, 43.785719430000015], [-7.68932126, 43.79132184], [-7.662173449999989, 43.77767951], [-7.66870692, 43.77064233999998], [-7.676544120000025, 43.77014122]]], [[[3.18371354, 39.93769854], [3.178188220000017, 39.93737382], [3.154396490000012, 39.92321759999999], [3.138386450000025, 39.92808517999997], [3.13132737, 39.92686808], [3.127353199999984, 39.91680854999995], [3.115981540000018, 39.91079296], [3.109804769999976, 39.91123147], [3.110791590000024, 39.89926549], [3.107620150000028, 39.90585466], [3.091471, 39.911130310000026], [3.083193580000013, 39.90648750000002], [3.08851433, 39.90470860999998], [3.08730674, 39.90265529], [3.083146329999972, 39.90611813], [3.085494640000015, 39.90357564999997], [3.0800416, 39.902273129999976], [3.078778800000024, 39.89265150000003], [3.081140619999983, 39.89188402999998], [3.07853962, 39.888083669999986], [3.083787350000028, 39.8754842], [3.090755810000022, 39.86591045999999], [3.105638830000034, 39.85765378], [3.116137240000024, 39.86463539000002], [3.118798070000036, 39.86179456999997], [3.12533584, 39.863031039999974], [3.131766669999981, 39.869330789999985], [3.135231800000033, 39.86547956999997], [3.144994679999974, 39.86548575], [3.14261296, 39.86714653], [3.147827189999986, 39.86688770000002], [3.15238705, 39.87208949], [3.15929663, 39.87162067], [3.16647902000003, 39.8776021], [3.1703578, 39.87612783999998], [3.18560474, 39.88408705], [3.18982318, 39.88703542], [3.18744027000002, 39.88813852], [3.190364450000026, 39.89242242000001], [3.204459809999982, 39.88881241], [3.188252779999987, 39.88162306999999], [3.190497829999989, 39.87728565000002], [3.187105830000023, 39.87702090000001], [3.188722209999976, 39.87372066], [3.184142500000013, 39.87089895], [3.1865889, 39.86324562999998], [3.197212620000016, 39.86185846], [3.178544520000023, 39.84058041999997], [3.14077511, 39.83192907], [3.143140389999982, 39.83415162], [3.138000170000026, 39.835121939999986], [3.140890019999982, 39.83666815], [3.135165869999978, 39.83797243], [3.136912090000015, 39.84037602], [3.13329002000002, 39.8409659], [3.13195191999998, 39.83801219], [3.136052089999985, 39.83695326999997], [3.133268509999977, 39.83591135999998], [3.130083370000029, 39.838771139999984], [3.13096417, 39.84098657999997], [3.120768330000013, 39.83208688000001], [3.117081140000026, 39.82173822999998], [3.121147, 39.80165981], [3.123729110000031, 39.801972439999986], [3.12402254, 39.79627780000001], [3.135068820000028, 39.782669200000015], [3.153159949999977, 39.76771686], [3.23652901, 39.73215784], [3.252587579999977, 39.72936686000001], [3.26044017000002, 39.73538619], [3.2661864, 39.733553090000015], [3.27626947, 39.73950311000002], [3.28591207000003, 39.74013742000002], [3.28925908, 39.74511164], [3.300931730000026, 39.74801913], [3.307952860000027, 39.75464103000003], [3.328907550000023, 39.75980014000001], [3.335910709999981, 39.76914138999999], [3.332074890000012, 39.77513507], [3.33508428, 39.78410032], [3.348120400000021, 39.78936872], [3.360396879999981, 39.77852824999999], [3.37164435, 39.774618419999975], [3.373934309999972, 39.76841219999998], [3.384394700000014, 39.76407121], [3.40401953, 39.763995440000016], [3.40434022, 39.75896674999997], [3.41022281000003, 39.75879291], [3.41403609, 39.752301170000024], [3.426755839999985, 39.751705449999974], [3.432188899999976, 39.74509905999999], [3.450713290000028, 39.74354190999998], [3.46131834, 39.74810431000002], [3.457334620000024, 39.74409263000002], [3.461800700000012, 39.73822749], [3.45279111, 39.72938819], [3.45198697, 39.72598556000002], [3.456714649999975, 39.72804832999997], [3.45268742000002, 39.72248695000001], [3.46112964, 39.71993091], [3.471527670000024, 39.72190738000001], [3.47868461, 39.71580536000002], [3.474626130000019, 39.70928076999998], [3.469681289999979, 39.71294092000002], [3.45670529, 39.70550540000003], [3.453451289999987, 39.69310247999998], [3.45798910999998, 39.684426089999974], [3.452354009999983, 39.68223175], [3.45675789, 39.67986289999999], [3.452842549999985, 39.67490473999998], [3.457234379999986, 39.67077898], [3.452399199999989, 39.66950048000001], [3.455938459999983, 39.65630494], [3.441007390000021, 39.65647974000002], [3.436454169999982, 39.64792833999997], [3.438854050000028, 39.644062969999986], [3.43628681, 39.63426964], [3.42669595, 39.63230502], [3.409260200000029, 39.63765668], [3.396889070000028, 39.62831095999998], [3.385017390000024, 39.59279674], [3.38724433, 39.58696877999997], [3.40270093, 39.58357357], [3.404074329999975, 39.57944211], [3.39521504, 39.57561611999997], [3.379417810000033, 39.57607413], [3.3731621, 39.56675068], [3.375850290000025, 39.56439935], [3.37352866, 39.55693728], [3.3670869, 39.556011709999964], [3.368317110000026, 39.55091699000002], [3.352952760000023, 39.54843271], [3.355433319999976, 39.54645189999999], [3.34115071, 39.54117854000001], [3.34071509, 39.53776489999996], [3.3381043, 39.54171004], [3.331860580000032, 39.54043953], [3.332708749999989, 39.53771599], [3.336806070000022, 39.54037126], [3.33655508, 39.536587639999965], [3.340317020000016, 39.534882759999974], [3.331963219999983, 39.53266332], [3.333830500000015, 39.53138752000001], [3.321137859999978, 39.52171011999998], [3.317610209999973, 39.52372011000001], [3.314780990000021, 39.52069131999998], [3.316406210000021, 39.51734406999997], [3.310854510000012, 39.51677336999997], [3.312658150000014, 39.51428167999999], [3.29994510000001, 39.50386315000003], [3.301663880000013, 39.50056089999998], [3.29625224, 39.49976389], [3.29934705, 39.49730513], [3.291844639999979, 39.49428771], [3.294387029999976, 39.49321807000001], [3.29170457, 39.49137770999996], [3.294337779999982, 39.487046079999985], [3.29260664, 39.48462665000002], [3.287287839999989, 39.48629779999998], [3.286336690000028, 39.48403853], [3.290402079999975, 39.48297427], [3.286435100000018, 39.48251553000002], [3.29123075, 39.48092682999997], [3.28330286, 39.46708833], [3.2796512, 39.46675474], [3.28268961, 39.464927309999986], [3.277728579999987, 39.456847830000015], [3.279802919999981, 39.45528403], [3.276850159999975, 39.45224546], [3.277027449999987, 39.43544007], [3.27258411, 39.428332109999985], [3.276884310000029, 39.42572686], [3.274858989999981, 39.41592799], [3.27005455, 39.41417319000002], [3.27092, 39.41867652], [3.266134199999985, 39.42793256999998], [3.26096095, 39.42403367], [3.262774579999987, 39.421272309999985], [3.258863410000023, 39.41606391], [3.268132300000012, 39.41575451], [3.264490620000021, 39.41117646000002], [3.256669829999984, 39.41026593999998], [3.263484409999989, 39.40925047000001], [3.25834143, 39.40368445], [3.254264740000013, 39.403693470000015], [3.256538280000014, 39.40289551999998], [3.25235573, 39.399300439999976], [3.25440275999998, 39.400124949999984], [3.254276840000022, 39.39423226], [3.24768865, 39.393210300000035], [3.25271271, 39.39201905], [3.250419370000024, 39.387194319999985], [3.246591090000027, 39.38822073999998], [3.248995079999989, 39.38504383999998], [3.244405270000031, 39.37743961], [3.242124810000031, 39.37602972999996], [3.239315310000023, 39.379459640000015], [3.23866984, 39.37062148000002], [3.232966190000021, 39.37302097000003], [3.233964790000031, 39.36960387999998], [3.22999893000003, 39.37093643], [3.230209869999986, 39.36800751000002], [3.22225101, 39.373123179999986], [3.228880310000013, 39.36611789999997], [3.23470098, 39.36758397999998], [3.23223187, 39.361641879999965], [3.220052239999975, 39.356908019999985], [3.220454280000018, 39.35925906999998], [3.215401800000014, 39.35816928], [3.21615534, 39.36162801000001], [3.21101099, 39.364746240000024], [3.211370429999987, 39.36077183], [3.20833, 39.36101164000002], [3.212284680000016, 39.35986908000001], [3.209311959999985, 39.355576359999986], [3.215322170000013, 39.354925550000026], [3.20203198, 39.35066936], [3.188003809999986, 39.351936359999975], [3.185503229999988, 39.349958], [3.19222429, 39.34620760999996], [3.187097889999979, 39.33870097], [3.18914979000001, 39.33795876], [3.1792306, 39.33425301], [3.18018564, 39.33113380000001], [3.17703666000003, 39.32929143], [3.1693312, 39.33349293], [3.167401119999986, 39.33183774000002], [3.17378494000002, 39.32806185], [3.171054710000013, 39.32653407000003], [3.149000620000021, 39.32701508000002], [3.146396349999987, 39.32997394000003], [3.145854810000017, 39.3261991], [3.13929607000002, 39.32430591], [3.14250218, 39.32060758], [3.137460029999987, 39.31682915000001], [3.118174300000018, 39.313129], [3.101154359999979, 39.29460089000002], [3.09018864, 39.28910434999998], [3.09179765, 39.2869675], [3.072913220000011, 39.26863469], [3.0501207, 39.26560107], [3.041559810000032, 39.27476855000001], [3.042119150000019, 39.279553149999984], [3.030236540000011, 39.282575489999964], [3.027628929999989, 39.28555874000001], [3.03072646, 39.28935156], [3.025739729999986, 39.287730799999984], [3.018088660000013, 39.29506707], [3.01991171, 39.30344682], [3.013545770000015, 39.31044010999998], [3.005867230000026, 39.311648199999986], [3.00126241, 39.31775766], [2.993467480000015, 39.31221584], [2.99371084, 39.314828979999966], [2.986054719999975, 39.31590960000001], [2.984289529999979, 39.32485708], [2.989811569999984, 39.32683106], [2.990796449999975, 39.33676998], [2.977343550000025, 39.35081578000001], [2.957525379999976, 39.36257815999998], [2.95125818, 39.36111601000002], [2.953244009999989, 39.35970213999999], [2.928864119999971, 39.36415921], [2.91409429000003, 39.35823830000001], [2.91350947999998, 39.35241695], [2.881940950000012, 39.366157709999975], [2.86995578000002, 39.36274794], [2.84443475, 39.36589749], [2.83489264, 39.36097353], [2.836099950000021, 39.36589509000003], [2.829054199999977, 39.35613536000001], [2.817417599999987, 39.35868576], [2.805531570000019, 39.36717266999998], [2.79860024999998, 39.363475500000014], [2.78734179, 39.36305901], [2.770756520000018, 39.38368004], [2.7537141, 39.39278202], [2.742028649999969, 39.40623659], [2.739505130000022, 39.416449], [2.747314390000028, 39.44147042000002], [2.7219959, 39.47572449], [2.73387552, 39.48255518000001], [2.737209750000018, 39.49260938999998], [2.747690409999977, 39.4983362], [2.74533396, 39.50028633000003], [2.746814380000024, 39.502578219999975], [2.74565932, 39.50036814], [2.751163919999981, 39.49944296000001], [2.747766909999973, 39.50291367], [2.751447219999971, 39.50480478], [2.748413579999987, 39.510664049999974], [2.726359770000033, 39.531112909999976], [2.719178680000022, 39.53444764999998], [2.716232610000025, 39.53209779], [2.71522324, 39.53422177], [2.71616602, 39.53130471], [2.71105975000002, 39.53366185999999], [2.696761569999975, 39.543672360000016], [2.697328569999974, 39.54709780999998], [2.689362539999987, 39.54824839000002], [2.689952329999977, 39.55170997999997], [2.672092770000019, 39.56007732000002], [2.66922393, 39.5587177], [2.66933380000002, 39.56253847], [2.6682466, 39.55861582999999], [2.64533658, 39.56568520000005], [2.634474379999974, 39.559128149999964], [2.635033399999975, 39.56350007], [2.64413046, 39.56705117], [2.64145529, 39.56881812999998], [2.639455710000015, 39.56601871], [2.638767580000029, 39.56849451999998], [2.63400311000002, 39.564605180000015], [2.633511710000015, 39.56727079999999], [2.63903446, 39.56866654], [2.632713899999978, 39.56843069], [2.627113439999987, 39.55987088], [2.629813449999979, 39.55999657000001], [2.62993511, 39.556834200000026], [2.629689110000017, 39.55930235], [2.62711393, 39.55978076999999], [2.628497480000014, 39.555757370000016], [2.625942049999987, 39.55691161999998], [2.624499829999978, 39.55454618999997], [2.627296920000022, 39.556059919999974], [2.632447119999989, 39.55287739], [2.619906350000013, 39.54955715999998], [2.63218302, 39.54561392999999], [2.639350349999986, 39.55270063], [2.63246454, 39.545200319999964], [2.61910562, 39.54489595000003], [2.608080040000013, 39.551896180000014], [2.601066280000011, 39.55111510000001], [2.595726530000026, 39.54669920999996], [2.597060109999976, 39.54351412], [2.590316420000024, 39.53655213000004], [2.59031378000003, 39.531064729999976], [2.576091120000012, 39.53362642000001], [2.575443169999982, 39.53111013], [2.564664430000015, 39.52802465], [2.563440559999977, 39.52837145999998], [2.57047133, 39.52976729], [2.571207899999978, 39.53108554], [2.565342579999988, 39.52936074], [2.56159154, 39.531914600000015], [2.552236109999976, 39.524688519999984], [2.551150909999975, 39.52699101000001], [2.541042570000031, 39.524834], [2.537464269999981, 39.51702577000003], [2.53956262000002, 39.512844220000034], [2.547216419999988, 39.51113530999998], [2.53384819, 39.50454081999998], [2.53708526000001, 39.50049902999997], [2.53409626, 39.495252], [2.537097250000012, 39.49342583999998], [2.53654092, 39.48788217000001], [2.52569324, 39.479044160000015], [2.52594568, 39.47439575000001], [2.520770799999975, 39.47625774], [2.523998429999973, 39.471810779999984], [2.522322660000018, 39.463541239999984], [2.51928324, 39.46263666999999], [2.524376949999987, 39.460603209999974], [2.52174239999998, 39.45660072000001], [2.500225660000014, 39.46172731999997], [2.499714350000029, 39.46820371000003], [2.490287240000019, 39.47283925], [2.47608288, 39.46626150000002], [2.481869390000028, 39.476045859999985], [2.4778345, 39.47765871999997], [2.4761622, 39.48359816], [2.47616407, 39.49110394000002], [2.47829437999998, 39.48769853], [2.47914655000003, 39.49193729], [2.47273724, 39.49368348999998], [2.467644490000032, 39.4904976], [2.46746964, 39.49512821000001], [2.459381619999975, 39.49881224999997], [2.46086398, 39.504153350000024], [2.456183359999973, 39.50477130999999], [2.46525815, 39.51358961000003], [2.46761716, 39.50933846], [2.470032409999988, 39.50989913], [2.465751820000026, 39.51292509999997], [2.478867560000026, 39.51374147], [2.479546909999984, 39.517799230000016], [2.466869640000012, 39.51887714999999], [2.46812213, 39.52245103000001], [2.45715405, 39.53400586999997], [2.451580970000028, 39.53687208], [2.438058850000018, 39.5325546], [2.440497780000029, 39.52878196000001], [2.430907150000016, 39.52914991], [2.41944003999998, 39.522894040000025], [2.423618050000012, 39.53682698], [2.413661839999977, 39.53901181000003], [2.405374, 39.53653690999998], [2.40710836000002, 39.53100432999998], [2.404712719999969, 39.526757170000025], [2.387276889999977, 39.520863859999984], [2.388525159999987, 39.5337464], [2.379525189999984, 39.53301393999997], [2.37677383, 39.53750446], [2.371347780000016, 39.53141121], [2.36311456, 39.532141299999985], [2.36828555999997, 39.53805334999998], [2.378583640000026, 39.53943337], [2.390510770000019, 39.54620925999998], [2.385594720000019, 39.54805755999998], [2.37909245, 39.54632907], [2.378984019999986, 39.54282343], [2.372162609999983, 39.544300559999975], [2.36625649, 39.55516211000001], [2.360863480000023, 39.55430364], [2.35404415, 39.557906170000024], [2.35528864, 39.563049], [2.34649664, 39.56460378000002], [2.354417389999974, 39.57666788000003], [2.34461945, 39.58718223000002], [2.347062399999989, 39.594899779999984], [2.355003249999984, 39.59637673000002], [2.35601301, 39.60556381999998], [2.369990660000027, 39.61459661], [2.38501646, 39.61355976], [2.395418609999974, 39.61769596999997], [2.41148007, 39.62785184], [2.421914379999987, 39.62996752], [2.423123920000013, 39.63866841999999], [2.462224319999987, 39.65201070000001], [2.475262760000017, 39.661891369999985], [2.481760030000024, 39.67230025], [2.488482529999986, 39.671401939999974], [2.498159410000022, 39.68435569999998], [2.507586179999976, 39.69032469000001], [2.51595887, 39.69046795000003], [2.52787252, 39.70155438999997], [2.541690080000027, 39.69874441000002], [2.55544493, 39.70007722999996], [2.585511440000036, 39.71628036000002], [2.59960292, 39.732791169999985], [2.622859740000023, 39.7479337], [2.623831089999975, 39.751757119999986], [2.619827589999974, 39.755951820000014], [2.62275131, 39.75711462000001], [2.627663309999987, 39.75326512999999], [2.635747689999983, 39.76530117], [2.64141305, 39.76022809000001], [2.663196210000021, 39.77240273], [2.665621010000026, 39.77561731000003], [2.66347284, 39.78034138], [2.66943, 39.79222470999998], [2.679924120000026, 39.79853416999999], [2.683797190000014, 39.79705813000001], [2.68374159, 39.793895439999986], [2.694358559999982, 39.79127493], [2.695570010000027, 39.79730587000002], [2.6915729, 39.79522299], [2.689107849999974, 39.79793745], [2.693466870000015, 39.80008444], [2.69945911, 39.81084914], [2.70420039, 39.80857277000003], [2.71497848000002, 39.81824054000002], [2.74200736, 39.83297221999997], [2.74612203, 39.832711], [2.747916479999976, 39.82775039999997], [2.75500548000003, 39.82896393999998], [2.766284619999986, 39.83524921], [2.767100150000011, 39.84293638999997], [2.775595960000015, 39.83985372], [2.774261270000022, 39.85126677], [2.77837388000003, 39.85559048999997], [2.786846640000011, 39.85274121], [2.792317690000031, 39.85658938000003], [2.800154480000018, 39.85116112], [2.805597790000019, 39.85262096], [2.80182924000002, 39.858209769999974], [2.804471320000022, 39.86235882], [2.815440949999979, 39.85692574999997], [2.82266398, 39.85763978], [2.824245530000032, 39.86093981999997], [2.82486438, 39.85665203], [2.838113, 39.86528468], [2.845007620000025, 39.86174413], [2.85365585, 39.87438717000002], [2.874943429999979, 39.87799783999998], [2.887687249999975, 39.88696664], [2.889154020000031, 39.89125675], [2.90223357, 39.89749424999997], [2.91747664, 39.89655993], [2.919751390000019, 39.90192239000001], [2.92513473, 39.89997081], [2.935881369999986, 39.904076670000016], [2.950364549999978, 39.920076180000024], [2.96367198, 39.91447687000004], [2.964703660000025, 39.910467799999985], [2.982663300000025, 39.90824634999998], [2.99421004, 39.91486967999999], [3.000914549999977, 39.92337510999997], [3.028138049999984, 39.93508438], [3.0345047, 39.93452401], [3.03109759, 39.93168688999997], [3.033039649999989, 39.93025378], [3.042184389999988, 39.93771992999998], [3.037650930000029, 39.93072086], [3.06101217, 39.93263891999998], [3.05538591, 39.92205518999996], [3.060298660000024, 39.9198363], [3.080770369999974, 39.92502245], [3.095623940000025, 39.935894979999986], [3.101627150000028, 39.93524114], [3.09458453, 39.92905736999998], [3.097461750000026, 39.92787469], [3.10598810000003, 39.93226397999998], [3.113581519999989, 39.93099538], [3.118117739999982, 39.93509931], [3.120498800000024, 39.93138479999999], [3.13140775, 39.938256400000014], [3.13259077, 39.9447421], [3.144998070000011, 39.94997989], [3.146222900000013, 39.95342008000002], [3.15973804, 39.95564561000002], [3.165672360000029, 39.95991691000002], [3.171205779999981, 39.95809788], [3.179784019999973, 39.961157219999976], [3.173134090000031, 39.952094489999986], [3.179581870000022, 39.95106655000002], [3.190510519999986, 39.957527110000015], [3.194482200000035, 39.95437608999997], [3.213379809999984, 39.96253271], [3.213645110000012, 39.95751374000002], [3.202248029999974, 39.94383032000001], [3.192849050000025, 39.93985503000001], [3.189395929999981, 39.94400523999999], [3.18789855, 39.94007941000001], [3.180525860000026, 39.940586699999976], [3.18371354, 39.93769854]]], [[[4.092497080000013, 40.074747950000024], [4.092695079999976, 40.07025946999999], [4.096419809999985, 40.06926032000001], [4.09600051, 40.06504794000002], [4.092239250000024, 40.0630113], [4.092853090000011, 40.059600009999976], [4.099193139999982, 40.05795444000001], [4.09891792000002, 40.05030815000002], [4.103360819999973, 40.044481980000015], [4.108073039999987, 40.04520283], [4.109747270000025, 40.054475399999966], [4.124868670000025, 40.055050409999964], [4.12630669, 40.06264028999998], [4.133527769999985, 40.06324559999998], [4.13366625, 40.05745127], [4.13038549, 40.05544721000001], [4.123776179999989, 40.037069410000015], [4.11990135, 40.03592669], [4.126597069999977, 40.02614976], [4.133258, 40.029256130000036], [4.13022098, 40.03128584], [4.13512837999998, 40.03603987], [4.13729681, 40.03604564], [4.133097609999976, 40.03231186], [4.137342740000019, 40.03457667], [4.13928525, 40.03227825], [4.140810950000027, 40.03592101999998], [4.142467159999974, 40.04877901], [4.138768820000029, 40.054076830000014], [4.14290802, 40.05552263], [4.13736675, 40.06071243], [4.136546290000019, 40.06708102999998], [4.141560759999985, 40.06963543], [4.145384250000014, 40.06617419], [4.155486120000019, 40.06791183], [4.16105307, 40.062901099999976], [4.172720200000016, 40.06018893999998], [4.164484040000019, 40.057812479999974], [4.163954700000031, 40.052196], [4.166906919999977, 40.0506978], [4.16282202, 40.04763065], [4.166329389999988, 40.04432502999999], [4.158486499999984, 40.04497126], [4.162809609999978, 40.039999889999976], [4.160800210000031, 40.03347929], [4.164309939999974, 40.03379546], [4.164393649999977, 40.03665055999997], [4.169760830000021, 40.03384866], [4.17108358, 40.03649304000001], [4.173921919999978, 40.03318492], [4.169030729999982, 40.03090098], [4.168879840000011, 40.026866339999984], [4.175288569999974, 40.02403563999999], [4.179873360000031, 40.02555664000002], [4.18223425, 40.02179371], [4.185602700000022, 40.023453029999985], [4.182776360000022, 40.02536487000001], [4.18805629, 40.03046415999997], [4.187285080000021, 40.03330098999998], [4.19141544, 40.03492530000001], [4.19530615999998, 40.03220945], [4.19319005, 40.023762519999984], [4.197992149999973, 40.02495622999997], [4.19797444000002, 40.02126259], [4.20205492, 40.02274289], [4.20288482, 40.01861702], [4.194107640000018, 40.00984265999998], [4.202096250000017, 40.013742139999984], [4.197535769999985, 40.00688823000002], [4.201234730000015, 39.99600265999999], [4.203369380000025, 39.99816077], [4.20528244, 39.99303256], [4.20704631000002, 39.99541969000002], [4.200495589999977, 40.00597467000003], [4.203320689999979, 40.00940494], [4.205899, 40.00545005], [4.208599509999977, 40.00711566], [4.205502680000026, 40.00956244000001], [4.20755532999998, 40.01301865999998], [4.21264463999998, 40.00663193000003], [4.20928039, 40.00320751000001], [4.21965492, 40.002260859999986], [4.216625, 39.99986019999998], [4.22045791, 39.99669363], [4.224849620000015, 39.9986023], [4.229501879999989, 39.99542677999999], [4.2314632, 39.99897362999999], [4.248746399999977, 40.00178872], [4.251110589999988, 39.99845681000003], [4.269853120000025, 39.99654141], [4.254850449999982, 39.99285769999998], [4.25533973, 39.98823065], [4.25963536, 39.98743632], [4.259293379999976, 39.98156597999998], [4.266174390000022, 39.98191453000001], [4.259091919999984, 39.978883400000015], [4.260214579999988, 39.97497019], [4.25476678, 39.96393877000003], [4.265850449999975, 39.96307961999999], [4.26286761, 39.961319269999976], [4.263927189999984, 39.95782113], [4.2700444, 39.95941205], [4.2721124, 39.95412796], [4.26438327, 39.95270788], [4.26546727, 39.94991218], [4.280661490000019, 39.94990766], [4.278519830000011, 39.94553473000002], [4.28338321999997, 39.94458911999998], [4.275273600000024, 39.93902066999998], [4.274343360000017, 39.93367033999998], [4.285367869999984, 39.92491781], [4.285446720000024, 39.917871630000015], [4.290324360000028, 39.91654718999999], [4.285666469999984, 39.91210318999998], [4.292762029999975, 39.91053783], [4.29575781, 39.90499067000002], [4.29340579, 39.90308888999998], [4.298538410000023, 39.897364670000016], [4.308371930000019, 39.8990201], [4.306511389999988, 39.89282456], [4.31192713, 39.88548387000002], [4.30971276, 39.88035547999997], [4.32778473, 39.87696088], [4.31034674999998, 39.87004149], [4.30708421000003, 39.87556505], [4.310279410000019, 39.878177809999976], [4.296624589999978, 39.88518729000001], [4.296118719999974, 39.891859920000016], [4.29054584, 39.88844436], [4.278087570000011, 39.89523114], [4.27781821, 39.89269343999998], [4.270251370000017, 39.89399276], [4.27026977, 39.89182128], [4.256494750000014, 39.89710657000001], [4.262527839999976, 39.89123000999997], [4.276298690000018, 39.89085420999997], [4.27476548999998, 39.88448334999997], [4.27842093, 39.886731560000015], [4.293735440000021, 39.881426539999985], [4.29581096, 39.87924113000001], [4.29297912, 39.87851589999999], [4.29694124, 39.87716535], [4.295331259999982, 39.8748769], [4.30116666, 39.87366745], [4.30746295, 39.86533498], [4.298667149999972, 39.86389306], [4.3058797, 39.86322655], [4.305563370000032, 39.85331960000002], [4.308758680000023, 39.84984198], [4.298504490000015, 39.84099258000001], [4.30376729, 39.83190601000001], [4.29983109, 39.83324752], [4.29629603, 39.82796235], [4.292622700000011, 39.82898535], [4.296052049999969, 39.82306382999998], [4.287538980000012, 39.815184979999984], [4.270846160000019, 39.80896296000002], [4.245845839999975, 39.8166758], [4.237387900000023, 39.81411738], [4.229275300000028, 39.82303299], [4.224196410000011, 39.82127569], [4.225796059999976, 39.82318689], [4.218796879999984, 39.829125830000024], [4.2181435, 39.8265379], [4.211018140000028, 39.82934234], [4.20819296, 39.82483089999999], [4.20301703999998, 39.83356092999998], [4.20153374, 39.83092746000002], [4.182885, 39.83852487], [4.17165457, 39.84545003], [4.168477600000019, 39.85247352], [4.16577663, 39.84897791], [4.145068360000018, 39.86050918], [4.146881299999984, 39.86477086], [4.142556490000016, 39.86202053000002], [4.133079169999986, 39.86512267], [4.132726839999976, 39.87071208000002], [4.12847296999998, 39.867284810000015], [4.09782328, 39.878732809999974], [4.079320989999988, 39.89126763999999], [4.07861188, 39.896022309999985], [4.05861108, 39.905955099999986], [4.02144413, 39.921649980000026], [4.01256463, 39.92017818999997], [4.004155320000021, 39.92523364], [3.994217040000013, 39.925805789999984], [3.989981040000031, 39.92743672999999], [3.989937790000023, 39.93093284000003], [3.98279139000001, 39.92875922999998], [3.97232511, 39.93424424000001], [3.96127595, 39.93248937999997], [3.957623180000013, 39.93490716], [3.960841289999976, 39.93571842999998], [3.959380390000012, 39.93837936999998], [3.94641375, 39.93339546999998], [3.93681446, 39.938356659999975], [3.936809059999982, 39.93452759], [3.9310114, 39.931610099999965], [3.91632654, 39.9291593], [3.91490548000001, 39.93229687999999], [3.911216580000016, 39.92505508999997], [3.905843610000027, 39.92403403999999], [3.902603529999987, 39.92680726000001], [3.9001828, 39.92246538], [3.896215670000029, 39.92244203999998], [3.89729776000003, 39.92645201], [3.89247014, 39.92776864], [3.884051320000016, 39.921940769999956], [3.854123879999983, 39.921417219999974], [3.84345843, 39.92574785000002], [3.839368190000018, 39.92237185], [3.837196, 39.92656806], [3.822445189999985, 39.923186840000014], [3.820035289999974, 39.92815023999997], [3.822364640000031, 39.93795431], [3.825905899999981, 39.94043384000002], [3.823169230000021, 39.94257957999997], [3.82652793, 39.946402820000024], [3.824886250000026, 39.95200952], [3.83430848, 39.96051929999998], [3.832263710000014, 39.96568751999999], [3.83558567, 39.96733042000002], [3.83201103, 39.96705880000001], [3.82997066, 39.97262338], [3.83293007, 39.979098109999974], [3.839339250000018, 39.978394189999975], [3.834117779999989, 39.98142307], [3.830726179999984, 39.97988874999998], [3.82726837, 39.99226569], [3.83535194, 39.99427993000001], [3.825266490000023, 39.99625320999996], [3.83595523, 40.00244728], [3.821661600000013, 39.99554002999999], [3.81317262999998, 39.99587019000003], [3.813029299999986, 40.00057422], [3.811482269999985, 39.99557572], [3.80602274000002, 40.0014971], [3.80490356, 39.99797311], [3.799008789999982, 39.997779649999984], [3.794641400000022, 39.99999001], [3.798126340000018, 40.00348881999999], [3.794370070000026, 40.00387501], [3.795338, 40.01157159], [3.7907857, 40.01612556999997], [3.792189210000028, 40.01995407], [3.801324580000012, 40.02052191999998], [3.802580020000013, 40.024657629999965], [3.810539350000014, 40.02680055], [3.806424199999988, 40.03164939], [3.819015359999987, 40.03976875], [3.822352, 40.0511512], [3.825912080000029, 40.0527656], [3.82652588, 40.05019350000001], [3.82920044, 40.05322862], [3.830528169999988, 40.04959727], [3.83138624, 40.05268138000003], [3.835421119999977, 40.04898547000003], [3.839187819999987, 40.053102620000026], [3.86445531, 40.054214129999984], [3.86734088999998, 40.0580306], [3.871915199999975, 40.05355457], [3.87891342, 40.05256469], [3.881953380000026, 40.055568770000015], [3.882494139999976, 40.05295189], [3.884811250000031, 40.05534875999999], [3.881961489999976, 40.058019290000026], [3.890562669999984, 40.056755199999984], [3.8986108, 40.05982832999998], [3.904358720000028, 40.05736905], [3.909504, 40.04840939], [3.913294500000022, 40.05134368], [3.914169129999986, 40.04660679999998], [3.916900059999987, 40.04832405], [3.92126779, 40.04534329], [3.925498160000031, 40.04870613], [3.92102948, 40.05115628999998], [3.91988663, 40.05684133], [3.93097241, 40.05815821], [3.92886932000003, 40.060427459999985], [3.933945079999979, 40.06291829], [3.942062080000019, 40.05632069000002], [3.961540260000027, 40.06078244000002], [3.969212530000025, 40.05361907], [3.97873141, 40.051097479999974], [3.987153870000022, 40.05226029], [3.987324509999975, 40.05596171000002], [3.994649660000013, 40.05901627999999], [4.010178289999983, 40.059359409999985], [4.01617239, 40.05559513], [4.017291030000017, 40.05986476000002], [4.032115149999984, 40.06556267999998], [4.0418515, 40.05888971], [4.041056280000015, 40.0559418], [4.053725990000015, 40.05187214], [4.05353114, 40.05672993], [4.05937133, 40.05910016], [4.066784430000025, 40.05629329], [4.076224980000018, 40.059440290000026], [4.0756725, 40.06680601], [4.077939410000016, 40.07076702999997], [4.079037500000025, 40.06678371], [4.083375240000011, 40.06895050000002], [4.08423388, 40.07503273], [4.08939121, 40.06897521000001], [4.0870819, 40.07492498000002], [4.090924980000031, 40.07617721000001], [4.09016711, 40.08233766], [4.081489569999976, 40.08911289999999], [4.09218239, 40.08955320999997], [4.09483322, 40.0844199], [4.09939276, 40.08496236], [4.094419399999989, 40.0805498], [4.09700204, 40.07777756999999], [4.092497080000013, 40.074747950000024]]], [[[1.545225630000019, 39.10549897], [1.551775929999979, 39.100741969999966], [1.553166399999988, 39.09664145999998], [1.555592669999978, 39.10014059999997], [1.557142539999981, 39.09331184], [1.565505060000024, 39.094316159999984], [1.568065589999973, 39.09863666000001], [1.590953030000015, 39.09497816000001], [1.59212129000001, 39.097866649999965], [1.600341819999974, 39.09264950999999], [1.600105880000027, 39.08879016], [1.604238260000028, 39.09089416], [1.59846293, 39.08241795], [1.601812270000013, 39.08199867], [1.60200088, 39.07888330000003], [1.609911410000017, 39.07930233999998], [1.59977905, 39.07372966000003], [1.59148744, 39.07507139], [1.58797602, 39.0633243], [1.59545724000002, 39.05147580000003], [1.6097025, 39.04396058], [1.607039669999971, 39.040108319999966], [1.609394450000012, 39.039631839999984], [1.60846822000001, 39.0350164], [1.62009179999998, 39.0367404], [1.620708049999976, 39.032972260000015], [1.616486029999977, 39.02909276], [1.621538239999974, 39.02770188], [1.61518239, 39.02426564000001], [1.60614683, 39.02968147], [1.603145119999984, 39.0243023], [1.595456900000025, 39.024633450000024], [1.594494380000026, 39.015485169999984], [1.585215, 39.015724389999974], [1.58734548000001, 39.010812439999974], [1.582548430000029, 39.0098622], [1.582199879999974, 39.00244229000001], [1.577885410000023, 39.00106522999999], [1.58143862000002, 38.99661220999996], [1.581341340000024, 38.98933945999999], [1.551789710000018, 38.99246349], [1.548192019999985, 38.99053556], [1.548643029999989, 38.98710814000001], [1.545943679999981, 38.98756109999998], [1.546105430000018, 38.983039789999985], [1.537870920000012, 38.98094557], [1.541352219999978, 38.98400768], [1.539111980000011, 38.9857187], [1.54026913, 38.98390402999998], [1.534033119999971, 38.98287075000002], [1.53178578, 38.97765239999997], [1.527380670000017, 38.98244461], [1.532109089999989, 38.97653014], [1.53275119, 38.961634649999986], [1.528580930000025, 38.95959081999999], [1.53121191, 38.95681263999998], [1.529232230000015, 38.95376917], [1.52004269, 38.952842089999976], [1.52756212, 38.95138734000001], [1.528848869999985, 38.94497], [1.510187500000021, 38.9467968], [1.505213359999978, 38.93311822000002], [1.488756080000029, 38.92797755], [1.489145509999983, 38.92430626999999], [1.486731, 38.92556351], [1.478935469999984, 38.91573977], [1.47468439, 38.91551310000001], [1.476825370000026, 38.91301807999998], [1.45506687, 38.91704824999997], [1.45191544000002, 38.91345631999996], [1.455443090000021, 38.911403579999984], [1.454927190000015, 38.907008590000025], [1.458080879999985, 38.90676195000001], [1.45717802, 38.90372244999998], [1.452991569999986, 38.90373913000001], [1.45055813, 38.91169926000003], [1.445590660000023, 38.91207473], [1.449485039999984, 38.90960355999997], [1.443439319999983, 38.91288404], [1.446383789999979, 38.91431089999998], [1.442450789999986, 38.91325830999998], [1.443161049999983, 38.91506089], [1.43953877999998, 38.91667046], [1.44030256, 38.91286918999997], [1.438151610000011, 38.91575985000003], [1.434911389999983, 38.91152653], [1.44293078999998, 38.91082284], [1.43886814, 38.90780409000001], [1.438626260000021, 38.90252966], [1.42128186, 38.90360290999998], [1.418097770000019, 38.89691002], [1.41040342, 38.89137220000001], [1.403163799999977, 38.87484728], [1.407628699999985, 38.86899716], [1.405220579999977, 38.86122407999998], [1.407600830000014, 38.8588867], [1.404350719999979, 38.857346590000034], [1.402192689999987, 38.84924345], [1.40632892, 38.83171983000001], [1.39329653, 38.84055224], [1.38446373000001, 38.84239484000002], [1.380418930000031, 38.83429222], [1.376830200000026, 38.83505340999998], [1.371198609999984, 38.83041557999996], [1.37070524, 38.84396099], [1.361267359999986, 38.86057113000001], [1.343263820000025, 38.87105828000002], [1.335008030000027, 38.868706349999975], [1.33547544, 38.86596471999999], [1.329235150000022, 38.86765076], [1.32042082, 38.85578323000002], [1.321186070000017, 38.86439950999998], [1.31476022000003, 38.86808239000001], [1.30977043, 38.868046269999965], [1.30474721, 38.86165691], [1.29739283, 38.86220762999997], [1.305159380000013, 38.86807851], [1.30082192, 38.86920485000001], [1.29587167000002, 38.87716107], [1.282420430000028, 38.87472933], [1.279587240000023, 38.878453970000024], [1.26771277, 38.878035109999985], [1.25348796, 38.86297376000002], [1.25529573, 38.85973894], [1.248051349999988, 38.85580094], [1.24323422, 38.86657733], [1.235675849999981, 38.87253647], [1.22416898, 38.87081214000001], [1.226227760000021, 38.875628040000024], [1.221997380000019, 38.878861499999985], [1.225188979999989, 38.88819085], [1.21349711, 38.897446439999975], [1.21331396, 38.90199391000002], [1.21947312, 38.91347720000001], [1.223981110000018, 38.91353684999997], [1.218548969999976, 38.91538232], [1.222093600000018, 38.91846385999999], [1.22068301, 38.922758360000024], [1.228519119999985, 38.9249139], [1.22766118, 38.928333850000016], [1.23274909, 38.92969948], [1.23164856000001, 38.933602340000014], [1.236480659999984, 38.93879336999998], [1.229366830000029, 38.943244939999985], [1.23422715, 38.94452595999997], [1.226310770000025, 38.945036659999964], [1.227510889999987, 38.95012775], [1.219456840000013, 38.951041349999976], [1.220058860000028, 38.95511422000001], [1.214939460000029, 38.95816263000001], [1.225729609999982, 38.964643410000015], [1.229176330000024, 38.97454405], [1.23455611, 38.9684715], [1.24291912, 38.972877609999976], [1.239646489999974, 38.968458279999986], [1.24478736, 38.96593172000002], [1.251266289999989, 38.96670475], [1.249961070000026, 38.96909094999996], [1.259429379999979, 38.96752057000002], [1.260596439999984, 38.97124121999998], [1.267967640000019, 38.96668347999997], [1.267024629999985, 38.969859150000026], [1.276326070000027, 38.9699248], [1.283747860000029, 38.97422398000001], [1.29919075, 38.96801661000002], [1.306530639999978, 38.97241222999997], [1.306737119999983, 38.978767519999984], [1.29697015, 38.975435799999964], [1.29847871, 38.97896281000003], [1.29323203, 38.98257144999999], [1.296337600000029, 38.98545507000002], [1.28656729, 38.98990733000003], [1.290004319999975, 38.992453589999975], [1.284462979999988, 38.99385897], [1.283695879999982, 38.99884841], [1.29062148, 39.00135579], [1.28918388, 39.0044703], [1.29284341, 39.00259568000002], [1.292503440000022, 39.005690239999986], [1.29893607000002, 39.00953242999996], [1.291245360000027, 39.01430366000002], [1.29513107000003, 39.01890164000001], [1.289951290000023, 39.02823255999997], [1.30554404, 39.03654213999998], [1.31117375999998, 39.04465185999997], [1.32530764, 39.04746848], [1.326280290000024, 39.05277144], [1.33483492, 39.05509229000001], [1.341747830000014, 39.053019259999985], [1.345512640000015, 39.06056015999999], [1.344683260000015, 39.06688256], [1.34787321, 39.06291823], [1.35209036, 39.06496909], [1.35883789, 39.07406531000002], [1.36425909, 39.07357375999999], [1.366082510000022, 39.06416567], [1.375164300000017, 39.06226515999999], [1.38959404, 39.07933208000002], [1.397383960000021, 39.0804394], [1.39833869, 39.07450583], [1.399839269999987, 39.077166370000015], [1.40564526, 39.07498426999997], [1.410381269999982, 39.078238429999956], [1.416884120000015, 39.07745285], [1.42063841, 39.090028109999984], [1.426282709999983, 39.09253731], [1.4370345, 39.08630274999999], [1.437407720000015, 39.08877659], [1.43995737999998, 39.08745021000002], [1.436447739999979, 39.08460092], [1.440526249999982, 39.080510879999984], [1.44384259, 39.08795269999998], [1.453392, 39.08903499], [1.44886182, 39.092110349999984], [1.452654120000024, 39.09688220000001], [1.464153379999978, 39.09929594], [1.462696619999973, 39.10354762999995], [1.46950443, 39.09942942], [1.475028490000027, 39.10549371000001], [1.484134839999982, 39.10093617], [1.488428180000025, 39.110542890000026], [1.493385829999986, 39.10855274], [1.49237613, 39.10165578999999], [1.498357900000019, 39.09877762999999], [1.509057689999973, 39.10300565000002], [1.507132250000023, 39.11370334], [1.510212900000026, 39.11460775], [1.515619200000033, 39.10885602], [1.514845810000027, 39.11374782], [1.52024004, 39.11408674], [1.514021409999971, 39.11665667000003], [1.52218798, 39.114408789999985], [1.53252656, 39.11838686], [1.54226447, 39.11620241], [1.537221709999976, 39.10667826], [1.545225630000019, 39.10549897]]], [[[1.46372977, 38.72254418999997], [1.472663459999971, 38.728131209999965], [1.47067057, 38.72070694999998], [1.47865059, 38.711610799999974], [1.477730390000028, 38.70239844], [1.506082190000021, 38.68278684], [1.530393809999971, 38.67282239000002], [1.559721129999974, 38.69038995], [1.56925335000002, 38.69150727999999], [1.58238447, 38.67749257000002], [1.58472012000002, 38.66279641], [1.575863379999977, 38.65850760999999], [1.573179740000028, 38.65127486], [1.5683242, 38.650431519999984], [1.524133669999983, 38.65300888000002], [1.509207290000016, 38.66625516], [1.485780560000012, 38.67838032999999], [1.46567525, 38.68481326], [1.447483200000014, 38.68501452999997], [1.435774360000026, 38.6789202], [1.43014793, 38.66547245000001], [1.420839320000011, 38.66385127999997], [1.40696541, 38.64887593999997], [1.394404060000019, 38.641234], [1.385449910000026, 38.64139911], [1.383697699999977, 38.64830444], [1.387596830000012, 38.66607401], [1.38057304, 38.69264052999997], [1.38880136, 38.69282622999998], [1.390354279999977, 38.69946166], [1.38635981, 38.71295015999997], [1.380270130000022, 38.71930890999998], [1.391857300000017, 38.726290089999985], [1.396575129999978, 38.735482990000015], [1.401633700000029, 38.72790185], [1.41207977000003, 38.73098166000001], [1.40506298, 38.72681326], [1.40717222000002, 38.72196702999999], [1.419249519999983, 38.72250935999997], [1.416705419999976, 38.730936239999984], [1.412109410000028, 38.73172097000001], [1.414675850000022, 38.73583774], [1.419083320000032, 38.73474407000001], [1.415206160000012, 38.73318669], [1.4212071, 38.732862459999986], [1.428534499999982, 38.73815165000001], [1.4352744, 38.75932827999998], [1.433267090000014, 38.7716468], [1.439939599999973, 38.74381035], [1.44682812, 38.732827570000026], [1.46372977, 38.72254418999997]]], [[[-5.311210029999977, 35.89617405999998], [-5.32480837, 35.89674959999998], [-5.317590710000027, 35.89123198], [-5.314348120000011, 35.893088509999984], [-5.317956719999983, 35.88992445], [-5.313563609999968, 35.88898293000002], [-5.315028139999987, 35.89099647000002], [-5.302214319999974, 35.89282698], [-5.308097959999975, 35.89586054999998], [-5.30106377999997, 35.89502352000002], [-5.298527210000017, 35.90072412999997], [-5.288746970000028, 35.90705274], [-5.27833923, 35.89759953999999], [-5.288014470000014, 35.89046041], [-5.307862970000021, 35.88431483000002], [-5.31973527, 35.88677339999999], [-5.328391, 35.87853576000001], [-5.337412730000024, 35.87874527999998], [-5.34369909999997, 35.87109471999998], [-5.350322029999969, 35.875643389999965], [-5.355936319999983, 35.87315013000003], [-5.37268264, 35.88295894999998], [-5.37751755999997, 35.89600251000001], [-5.37666951, 35.905093349999966], [-5.382045760000012, 35.91260646000003], [-5.378861180000013, 35.91620554999999], [-5.367773379999988, 35.91738206], [-5.348106909999973, 35.90770483999998], [-5.345807379999978, 35.90184873], [-5.33503314000003, 35.89395156000001], [-5.325313369999988, 35.90073217999998], [-5.311210029999977, 35.89617405999998]]], [[[1.991868039999985, 42.462506069999975], [2.014451380000028, 42.45176671999998], [2.01276779, 42.44834734], [1.98441068, 42.44655371], [1.96015777, 42.45346083], [1.956731290000014, 42.45856131], [1.961841020000014, 42.47779582000001], [1.977793409999986, 42.48569126000002], [1.978844079999989, 42.49477479999999], [1.989609509999986, 42.49353988999998], [1.998464160000013, 42.48498689999998], [1.992737719999985, 42.48425593000001], [1.986383560000018, 42.475791270000016], [1.991868039999985, 42.462506069999975]]], [[[-2.932122800000017, 35.29362533000001], [-2.92485345, 35.2931756], [-2.92325951000001, 35.28885364999998], [-2.929444340000018, 35.292838420000024], [-2.935876579999976, 35.29208096999999], [-2.93277935, 35.28968255999998], [-2.935483989999976, 35.28787342], [-2.93155362, 35.28908044], [-2.93750939, 35.28542816999998], [-2.93303475, 35.27601742], [-2.927546010000022, 35.27439479], [-2.924151899999976, 35.28006893], [-2.927580860000011, 35.27353279000002], [-2.9504067, 35.265586760000026], [-2.954145279999974, 35.27250430999999], [-2.968290249999988, 35.28215075], [-2.965146849999987, 35.288607869999986], [-2.970030680000017, 35.2889897], [-2.96008014, 35.31585925], [-2.95262538, 35.32028840000002], [-2.944687869999986, 35.31507232], [-2.94695529000002, 35.308170840000024], [-2.932122800000017, 35.29362533000001]]], [[[2.95956554, 39.16530258], [2.97659528, 39.158026209999974], [2.969481649999984, 39.14776077000002], [2.965464309999982, 39.15122896000001], [2.95664792, 39.14756744000001], [2.95635013, 39.14258411999998], [2.961858969999974, 39.14118932], [2.959351050000017, 39.135880839999984], [2.95397150000002, 39.134752419999984], [2.95793324, 39.12691412999999], [2.947163770000021, 39.125161529999986], [2.933637109999979, 39.12810125999999], [2.93085708, 39.13157798999998], [2.920737350000018, 39.12814724000002], [2.919982800000025, 39.13039052000003], [2.92687692000003, 39.13171973000003], [2.92267236, 39.13601536999999], [2.92616406, 39.13850475], [2.914962749999972, 39.13902875], [2.91431958, 39.144597220000016], [2.920066029999984, 39.148836599999974], [2.91694866, 39.152520009999975], [2.921415220000021, 39.153153899999964], [2.91689163999998, 39.16162129999996], [2.923958150000018, 39.1561293], [2.925947639999986, 39.146263289999965], [2.92978921, 39.14667118999997], [2.93167873, 39.14332913999997], [2.937324530000012, 39.14468402], [2.936441460000016, 39.14867552000001], [2.928196150000018, 39.15418558], [2.931087270000012, 39.1564942], [2.937847049999974, 39.15577712000004], [2.94235533, 39.1483542], [2.946704870000022, 39.15065414999998], [2.94966914, 39.14841168], [2.95151538, 39.15620718], [2.94792703, 39.15682739000001], [2.946590800000016, 39.16372036], [2.95956554, 39.16530258]]], [[[-8.86305671000002, 42.565792319999986], [-8.8629573, 42.56836296], [-8.855878050000024, 42.56598965999998], [-8.860244199999986, 42.56268703], [-8.85772632000002, 42.55765815999998], [-8.862913270000021, 42.55169379000003], [-8.8560256, 42.54679912999999], [-8.867999819999985, 42.54337587000003], [-8.868832219999984, 42.53137866], [-8.86380926, 42.526361610000016], [-8.871754020000028, 42.52413501999999], [-8.875340680000024, 42.52979274000002], [-8.881804210000027, 42.53018915], [-8.8785566, 42.53486628999999], [-8.877605649999978, 42.53213367999998], [-8.871077010000018, 42.53208244], [-8.87166067999998, 42.537255490000014], [-8.879856750000014, 42.54027245999997], [-8.87704696, 42.54611525000002], [-8.871665330000022, 42.544942810000016], [-8.874966839999972, 42.551695399999964], [-8.868770279999989, 42.55597485], [-8.87001345000001, 42.56090697], [-8.87447858, 42.56332388000001], [-8.88074181, 42.5576814], [-8.891915159999982, 42.56846570000002], [-8.887132499999975, 42.567857219999986], [-8.883200860000022, 42.5702023], [-8.884461170000018, 42.57323397999998], [-8.87567274, 42.57445173], [-8.87468551999999, 42.56681494999999], [-8.87082333000002, 42.564079], [-8.86305671000002, 42.565792319999986]]], [[[-8.944218789999974, 42.35508702], [-8.948298039999987, 42.36125695999997], [-8.945278879999979, 42.36321447], [-8.947593830000026, 42.36664066999998], [-8.94432009000001, 42.36898947999998], [-8.939678680000018, 42.36689042000002], [-8.938177639999987, 42.37065918], [-8.945072279999989, 42.38040058999997], [-8.94061393, 42.386663700000014], [-8.933806, 42.38786369], [-8.932115129999982, 42.39824053], [-8.92546615000003, 42.39419273999999], [-8.92134656, 42.39969939999999], [-8.919952, 42.39611695], [-8.9275911, 42.38750219999998], [-8.936552500000017, 42.35679988000002], [-8.93904405, 42.35516710000002], [-8.94168617, 42.35808133], [-8.944218789999974, 42.35508702]]], [[[-8.89922204, 42.21710736999999], [-8.90606238999998, 42.21268531], [-8.91707227, 42.2128451], [-8.91551688, 42.21718347], [-8.90893423, 42.21853213000002], [-8.90962098999997, 42.22405976], [-8.90705064, 42.2250658], [-8.90368955999999, 42.22059449], [-8.903506789999986, 42.22433969], [-8.90878955, 42.22915277000002], [-8.906482910000026, 42.23776972], [-8.918153719999971, 42.251001860000024], [-8.90239489000002, 42.24340900999997], [-8.900833629999978, 42.23163419], [-8.89547213, 42.227400910000014], [-8.901926840000016, 42.224799359999984], [-8.89922204, 42.21710736999999]]], [[[2.30751816, 39.57544281], [2.307671940000023, 39.57285774], [2.303189809999981, 39.57282193000001], [2.30970905, 39.58346607], [2.323916070000016, 39.59299244], [2.33858045, 39.59769911], [2.333644949999989, 39.5888949], [2.326668190000013, 39.5866021], [2.31865977, 39.57673411000001], [2.30751816, 39.57544281]]], [[[-8.999359830000017, 42.46880322], [-9.010434970000022, 42.46296390999997], [-9.014842650000013, 42.46417211000002], [-9.020375429999984, 42.47442144], [-9.01999374, 42.48271404000001], [-9.015605659999986, 42.48577178], [-9.00815677, 42.48051992999998], [-9.00404547, 42.47100541], [-8.999359830000017, 42.46880322]]], [[[-8.901642089999985, 42.19427077], [-8.907004360000021, 42.19154531999998], [-8.91268044, 42.19554577000002], [-8.909360969999987, 42.198237920000025], [-8.91249014000001, 42.20593473], [-8.90887328, 42.20726497000001], [-8.90336774999997, 42.20056398], [-8.892016809999989, 42.19633358999997], [-8.889745740000011, 42.19105850000002], [-8.901642089999985, 42.19427077]]], [[[1.426488550000014, 38.78206277000001], [1.419365889999983, 38.77929924], [1.41719201, 38.78546052999997], [1.422536429999978, 38.79161542], [1.41911083, 38.79501131999998], [1.421868620000017, 38.79735545000001], [1.42584537, 38.7955979], [1.43162355, 38.78414135999998], [1.432111880000025, 38.77393816999998], [1.426488550000014, 38.78206277000001]]], [[[2.961620420000019, 39.17544084], [2.955895970000032, 39.18408051], [2.961048080000018, 39.18458696999998], [2.961601080000023, 39.18966042999998], [2.96979904, 39.19010440000002], [2.972961539999981, 39.186653920000026], [2.969129710000013, 39.18493183000001], [2.96605436, 39.17551432000002], [2.961620420000019, 39.17544084]]], [[[1.218921910000027, 38.97839759999998], [1.21407793, 38.97592683], [1.206671019999982, 38.9812645], [1.208855700000013, 38.98619064000002], [1.206234029999977, 38.989430130000024], [1.213638059999977, 38.995265230000015], [1.214797009999973, 38.986822299999986], [1.210547739999976, 38.98409917999999], [1.217830819999984, 38.981858930000016], [1.218921910000027, 38.97839759999998]]], [[[-8.84703897000001, 42.48187006000001], [-8.8517501, 42.48270001999997], [-8.852901949999989, 42.48929338000002], [-8.845531869999975, 42.495287979999986], [-8.845720280000023, 42.500427400000014], [-8.84177415, 42.50063831], [-8.84189135999999, 42.48991107], [-8.844212009999984, 42.49066554], [-8.84703897000001, 42.48187006000001]]], [[[-0.77050152, 37.70243909], [-0.764605079999985, 37.69371238999999], [-0.76848578, 37.690235409999985], [-0.776147759999972, 37.69567902], [-0.774908260000022, 37.70072009], [-0.77050152, 37.70243909]]], [[[1.203369059999971, 38.86877280999999], [1.2030001, 38.86465831000001], [1.18846211, 38.862568439999976], [1.195571469999978, 38.86992302999998], [1.203369059999971, 38.86877280999999]]], [[[-8.84410264, 43.35524937], [-8.849682189999978, 43.36145003000002], [-8.837626980000014, 43.36233155], [-8.836120059999978, 43.35783166999999], [-8.84410264, 43.35524937]]], [[[4.27355451999998, 39.96434670999998], [4.27805877999997, 39.96667564000003], [4.279602660000021, 39.96155936000002], [4.284030620000022, 39.95980769000002], [4.279725849999988, 39.95623349999999], [4.27295639, 39.956713379999975], [4.27355451999998, 39.96434670999998]]], [[[-8.77836015, 42.6186482], [-8.786296100000026, 42.6140694], [-8.79007244, 42.6158854], [-8.786997739999988, 42.62096536], [-8.780426629999987, 42.62239645999997], [-8.77836015, 42.6186482]]], [[[1.48240803, 38.79923931999998], [1.478668520000031, 38.79585657], [1.480298539999974, 38.78796609000003], [1.474098829999977, 38.79740087999997], [1.477770279999978, 38.805054100000014], [1.477849510000027, 38.80025226999999], [1.48240803, 38.79923931999998]]], [[[1.63982846, 39.034755749999974], [1.636483989999981, 39.04106013000001], [1.646431919999978, 39.04046424], [1.644856630000023, 39.03643622000003], [1.650277279999987, 39.03207489999998], [1.63982846, 39.034755749999974]]], [[[-0.484338870000011, 38.16642227000001], [-0.472033730000021, 38.16647308], [-0.46488747, 38.163228250000024], [-0.484338870000011, 38.16642227000001]]], [[[4.301269360000029, 39.88157659999997], [4.30465971, 39.880907889999975], [4.307249340000013, 39.87132873], [4.30168869999998, 39.87592297], [4.301269360000029, 39.88157659999997]]], [[[-8.70817478, 42.40764074], [-8.71158342, 42.409991], [-8.710749319999977, 42.41417366000002], [-8.70528355, 42.41164703999997], [-8.70817478, 42.40764074]]], [[[4.28865502, 39.80363123], [4.29595758, 39.80000014999998], [4.281970680000035, 39.80096626000001], [4.287493290000019, 39.8008421], [4.28865502, 39.80363123]]], [[[-2.445051790000025, 35.17898657000002], [-2.439803380000014, 35.182884500000014], [-2.438809929999973, 35.17496351], [-2.445051790000025, 35.17898657000002]]], [[[-8.93313890000001, 42.34879458], [-8.93272326, 42.34516144], [-8.938057290000021, 42.34292196], [-8.93811308000001, 42.34775302000002], [-8.93313890000001, 42.34879458]]], [[[-0.79635729, 37.70104207999998], [-0.79754973, 37.696008900000024], [-0.80437301, 37.70152517000004], [-0.799964090000015, 37.70372284], [-0.79635729, 37.70104207999998]]], [[[1.19872318, 38.95641776000002], [1.189766939999984, 38.95781995999999], [1.198605560000021, 38.95969571000002], [1.19872318, 38.95641776000002]]], [[[-8.898622550000027, 42.543958559999965], [-8.89681164999997, 42.54192766999998], [-8.90287106999998, 42.53790586], [-8.904154349999969, 42.54117918], [-8.898622550000027, 42.543958559999965]]], [[[3.22334006, 42.04486223], [3.22004806, 42.04922696999997], [3.22689553, 42.047747], [3.22334006, 42.04486223]]], [[[1.215934530000019, 38.96680074000002], [1.215164340000014, 38.97265469], [1.220135830000034, 38.96818039], [1.215934530000019, 38.96680074000002]]], [[[-0.709270760000017, 37.73028134999997], [-0.704773040000015, 37.72822934], [-0.708111540000018, 37.72519441], [-0.709270760000017, 37.73028134999997]]], [[[1.206632170000024, 38.868264330000024], [1.215395840000017, 38.86902938999997], [1.21386103, 38.86587924], [1.21269681, 38.868645689999965], [1.206632170000024, 38.868264330000024]]], [[[-3.72911206, 43.47631378], [-3.72745738, 43.47134465], [-3.730471240000015, 43.47007390999998], [-3.73177839, 43.47286606999998], [-3.72911206, 43.47631378]]], [[[-8.83354335000002, 43.36179698], [-8.83084531, 43.35734404999998], [-8.83413544, 43.35614946], [-8.835705680000025, 43.35926476], [-8.83354335000002, 43.36179698]]], [[[-7.633080980000014, 43.75655656], [-7.62953776, 43.7611747], [-7.62798568, 43.75860894], [-7.633080980000014, 43.75655656]]], [[[-2.42656904000001, 35.18266818999999], [-2.431691230000022, 35.1810359], [-2.432189080000018, 35.18386000999999], [-2.42656904000001, 35.18266818999999]]], [[[-8.833716129999976, 42.497197350000015], [-8.83356912, 42.49027339999998], [-8.83696363, 42.48989294], [-8.833716129999976, 42.497197350000015]]], [[[-5.416245760000026, 35.91685103000002], [-5.41651777, 35.912508310000014], [-5.421541420000016, 35.91311412000001], [-5.416245760000026, 35.91685103000002]]], [[[-7.49417099, 43.73135231], [-7.491659250000017, 43.73279265999998], [-7.488488839999976, 43.73024368000002], [-7.490427059999985, 43.72960020999999], [-7.49417099, 43.73135231]]], [[[-9.00352235, 42.49584139999999], [-9.006003880000014, 42.49660207], [-9.00709442000002, 42.49947023], [-9.003982820000026, 42.49987693], [-9.00352235, 42.49584139999999]]], [[[-2.42353336, 35.18485659000001], [-2.42286124, 35.17994471999999], [-2.41937416, 35.1802775], [-2.41990624, 35.17815941], [-2.423061299999989, 35.179362210000015], [-2.424822, 35.18196703000001], [-2.42353336, 35.18485659000001]]], [[[3.293098769999985, 42.29289223999998], [3.297329649999978, 42.293253169999986], [3.296557140000031, 42.28989328], [3.293098769999985, 42.29289223999998]]], [[[-8.857532530000013, 42.14685774000002], [-8.85501194, 42.14798605999997], [-8.85323487000001, 42.14525043], [-8.855260090000025, 42.144390579999985], [-8.857532530000013, 42.14685774000002]]], [[[0.684473869999977, 39.896839929999985], [0.688638060000018, 39.89490604], [0.686174299999986, 39.89344436000001], [0.683726090000021, 39.89728703000003], [0.68866454000003, 39.90040822], [0.684473869999977, 39.896839929999985]]], [[[-6.468498929999983, 36.73225320999998], [-6.472050800000011, 36.7372461], [-6.469162090000022, 36.73804310000003], [-6.468498929999983, 36.73225320999998]]], [[[2.97862937000003, 39.16769563], [2.97450838000001, 39.16778489999999], [2.97471615, 39.169415969999974], [2.97862937000003, 39.16769563]]], [[[-6.22126576, 36.380256849999974], [-6.22534485, 36.39617755999998], [-6.219068050000028, 36.38100998], [-6.22126576, 36.380256849999974]]], [[[-8.800260079999976, 42.20300625999999], [-8.801729990000013, 42.199366879999964], [-8.8048422, 42.20029814], [-8.800260079999976, 42.20300625999999]]], [[[4.20870075, 40.0168447], [4.21203039, 40.01628736999997], [4.20824149, 40.014056589999974], [4.20870075, 40.0168447]]], [[[-3.033143769999979, 35.93816079], [-3.03666499, 35.93980512999999], [-3.03103498, 35.941521829999964], [-3.033143769999979, 35.93816079]]], [[[3.14796869, 39.921613249999986], [3.149965930000031, 39.91990782], [3.14412120000001, 39.92272632999997], [3.14796869, 39.921613249999986]]], [[[3.32137246, 42.321512189999986], [3.31928568, 42.32488611], [3.324503159999978, 42.32128486], [3.32137246, 42.321512189999986]]], [[[-2.687258850000022, 43.42752258], [-2.681412119999988, 43.42574158000002], [-2.6816749, 43.42275285], [-2.687258850000022, 43.42752258]]], [[[-8.91705239, 42.54548949999996], [-8.915369260000027, 42.54751209], [-8.91335409000002, 42.54564508999999], [-8.914058780000026, 42.54357419000002], [-8.91705239, 42.54548949999996]]], [[[-6.03476736, 43.588860719999985], [-6.030875749999987, 43.59202530999998], [-6.031712119999978, 43.58919395999998], [-6.03476736, 43.588860719999985]]], [[[-1.26628947, 37.55728735], [-1.266585799999978, 37.55475918], [-1.26995231, 37.55506093999998], [-1.26908997000002, 37.557103150000025], [-1.26628947, 37.55728735]]], [[[-8.83528343000002, 43.35346212000001], [-8.833874410000012, 43.35600077999998], [-8.831546719999979, 43.35296022], [-8.83528343000002, 43.35346212000001]]], [[[4.075487729999988, 40.09457442999997], [4.076202699999985, 40.09081088], [4.072920889999976, 40.092472030000025], [4.075487729999988, 40.09457442999997]]], [[[2.45099906, 39.49990831000003], [2.454390590000014, 39.50050094], [2.4476508, 39.495324129999986], [2.45099906, 39.49990831000003]]], [[[-8.866016530000014, 42.14494648999998], [-8.863753470000015, 42.1475471], [-8.86275645, 42.14540175999997], [-8.866016530000014, 42.14494648999998]]], [[[-0.756138349999967, 37.78745979], [-0.75970852, 37.78768098000002], [-0.75604266, 37.78762017000001], [-0.75362117, 37.78359089999998], [-0.755185750000026, 37.78291785], [-0.756138349999967, 37.78745979]]], [[[0.22888525, 38.75684453999999], [0.23045985, 38.75360848000001], [0.228201920000017, 38.75385644], [0.22888525, 38.75684453999999]]], [[[-0.131266920000019, 38.50405824999997], [-0.12903001, 38.50120137], [-0.132803439999978, 38.50174439], [-0.131266920000019, 38.50405824999997]]], [[[-8.860851139999982, 42.46456275999997], [-8.856931169999982, 42.46372861], [-8.855801389999973, 42.46178811999997], [-8.860851139999982, 42.46456275999997]]], [[[0.655730140000032, 40.581296430000016], [0.648974359999979, 40.5843473], [0.654291100000018, 40.58436803999999], [0.655730140000032, 40.581296430000016]]], [[[2.97108119, 39.19775517999999], [2.974000219999978, 39.19584552], [2.97095459, 39.1958538], [2.97108119, 39.19775517999999]]], [[[-8.96322177, 42.77305535], [-8.966494170000031, 42.77531476999998], [-8.965392180000023, 42.77668665], [-8.963295159999983, 42.77635517], [-8.96322177, 42.77305535]]], [[[-6.31542703, 36.528643039999984], [-6.31232192, 36.52782828000002], [-6.31728126000003, 36.52709562999996], [-6.31542703, 36.528643039999984]]], [[[-1.547401580000026, 37.40952973], [-1.543674769999971, 37.408852949999975], [-1.54819896, 37.40743949000002], [-1.547401580000026, 37.40952973]]], [[[-8.449246829999973, 43.38134629000001], [-8.44597305999998, 43.38144871], [-8.447848, 43.37951366999997], [-8.449246829999973, 43.38134629000001]]], [[[3.2236876, 42.04446526], [3.22708984, 42.04480202999997], [3.22525383, 42.04257973999999], [3.2236876, 42.04446526]]], [[[0.635467440000011, 40.57989270000003], [0.63488293, 40.57738946], [0.633495810000017, 40.57990982], [0.635467440000011, 40.57989270000003]]], [[[-4.790442049999977, 43.43291593999997], [-4.79141396999997, 43.43528687], [-4.78822913, 43.43539072], [-4.790442049999977, 43.43291593999997]]], [[[-8.85475531, 42.455540439999986], [-8.855114240000017, 42.45716938], [-8.8507638, 42.45770735999997], [-8.85475531, 42.455540439999986]]], [[[-8.452488510000011, 43.37580794999998], [-8.45313638000001, 43.3775234], [-8.45021698, 43.377446949999985], [-8.452488510000011, 43.37580794999998]]], [[[3.011967090000028, 39.30351098], [3.00817468, 39.30466469000002], [3.012036990000011, 39.30530411999998], [3.011967090000028, 39.30351098]]], [[[-0.759897480000029, 37.788567710000024], [-0.759870699999974, 37.786071009999986], [-0.757365170000017, 37.78481575999997], [-0.760511050000013, 37.78479454999998], [-0.759897480000029, 37.788567710000024]]], [[[4.20873432000003, 40.02206976], [4.21064643, 40.02019386999997], [4.209490810000027, 40.01779144], [4.20873432000003, 40.02206976]]], [[[-8.83875217, 42.482861079999985], [-8.8357537, 42.48278926], [-8.83689752, 42.48057936999998], [-8.83875217, 42.482861079999985]]], [[[1.58467534, 38.98483859], [1.58387452, 38.98215271999998], [1.583006610000029, 38.98515173], [1.58467534, 38.98483859]]], [[[1.411462229999988, 38.81380372999999], [1.40918023, 38.81749424999998], [1.410488379999974, 38.81823293], [1.411462229999988, 38.81380372999999]]], [[[-8.45005373, 43.37975033], [-8.448097620000029, 43.37913264], [-8.451740129999969, 43.37887750000003], [-8.45005373, 43.37975033]]], [[[-6.75341519, 43.56758984000001], [-6.75231867, 43.56469082000002], [-6.753710960000028, 43.56657174999999], [-6.75341519, 43.56758984000001]]], [[[-4.295862449999988, 35.170621369999985], [-4.29787593, 35.170445220000026], [-4.30102812, 35.17322854], [-4.295862449999988, 35.170621369999985]]], [[[2.585840129999976, 39.528093279999965], [2.588837590000031, 39.53080717000003], [2.588710669999974, 39.52865320999999], [2.585840129999976, 39.528093279999965]]], [[[-4.576421940000025, 43.39788761999997], [-4.574322740000029, 43.39884399], [-4.57404953, 43.397830259999985], [-4.576421940000025, 43.39788761999997]]], [[[-9.148037179999982, 42.80991035999998], [-9.14736591, 42.814717340000016], [-9.146298609999981, 42.81382069], [-9.148037179999982, 42.80991035999998]]], [[[-0.967730130000013, 37.55855183999998], [-0.97174030000002, 37.55928775], [-0.967590340000015, 37.55994630999999], [-0.967730130000013, 37.55855183999998]]], [[[4.03119047, 40.06956204], [4.03325, 40.06849861000001], [4.031026240000016, 40.06644627999998], [4.03119047, 40.06956204]]], [[[-2.496586689999968, 43.36531461], [-2.496956529999988, 43.366856], [-2.49367417, 43.3682552], [-2.496586689999968, 43.36531461]]], [[[-0.759570170000013, 37.78248772], [-0.759139100000028, 37.78435391], [-0.75764714, 37.78412723999997], [-0.759570170000013, 37.78248772]]], [[[-5.865878020000025, 43.66361282000001], [-5.863133500000019, 43.66379868], [-5.86435034, 43.66174237000002], [-5.865878020000025, 43.66361282000001]]], [[[-9.04908988999997, 42.507047020000016], [-9.05063547, 42.509188520000016], [-9.04914001, 42.51045595999999], [-9.04908988999997, 42.507047020000016]]], [[[-0.759030839999974, 37.79019131], [-0.761471689999974, 37.78870579], [-0.761734, 37.79054913], [-0.759030839999974, 37.79019131]]], [[[-0.741345839999978, 37.66941553], [-0.738977280000023, 37.66938814999996], [-0.74091995, 37.66850622], [-0.741345839999978, 37.66941553]]], [[[2.709681760000029, 39.81914640999999], [2.710501939999979, 39.81581474], [2.708897530000024, 39.81670272000003], [2.709681760000029, 39.81914640999999]]], [[[4.28656382, 39.88814619000002], [4.2887956, 39.886788039999985], [4.287254319999982, 39.88566995], [4.28656382, 39.88814619000002]]], [[[-8.851893089999988, 42.46693042999998], [-8.849582319999975, 42.46718382], [-8.847655350000018, 42.46542809], [-8.851893089999988, 42.46693042999998]]], [[[2.54689951, 39.50261014999998], [2.545189909999989, 39.50258543999998], [2.54330014999998, 39.505209079999965], [2.54689951, 39.50261014999998]]], [[[-9.168552529999985, 42.864269510000014], [-9.17029152, 42.86663344], [-9.1683407, 42.86584781], [-9.168552529999985, 42.864269510000014]]], [[[-2.775870790000013, 43.45299741000002], [-2.774347369999981, 43.45052719], [-2.776606149999973, 43.45133304], [-2.775870790000013, 43.45299741000002]]], [[[2.971334879999973, 39.20041353000003], [2.974890069999985, 39.20098205], [2.97389459, 39.19962115], [2.971334879999973, 39.20041353000003]]], [[[-9.152167349999985, 43.19630568999998], [-9.153550620000019, 43.19611399], [-9.153303230000015, 43.19829675], [-9.152167349999985, 43.19630568999998]]], [[[-0.75726411, 37.78027203000003], [-0.759497539999973, 37.78226105], [-0.757429799999987, 37.78230278], [-0.75726411, 37.78027203000003]]], [[[1.419178170000017, 38.791443849999965], [1.416878899999989, 38.79492702000002], [1.418791190000025, 38.79384457], [1.419178170000017, 38.791443849999965]]], [[[-8.998296, 42.48827563000003], [-8.996293150000026, 42.48844383], [-8.99614593000001, 42.4875424], [-8.998296, 42.48827563000003]]], [[[-8.94080653, 42.55012517], [-8.939803140000024, 42.55109555], [-8.938890390000017, 42.54802843000002], [-8.94080653, 42.55012517]]], [[[-4.808828570000017, 43.437101869999985], [-4.811256300000022, 43.43729756999996], [-4.808296620000018, 43.43832586000001], [-4.808828570000017, 43.437101869999985]]], [[[4.219848269999988, 39.821844], [4.221454520000025, 39.82413359000001], [4.222849539999979, 39.82373149999997], [4.219848269999988, 39.821844]]], [[[2.95845534000001, 39.12439117000002], [2.958650910000019, 39.12625656999998], [2.96047935, 39.12527497999997], [2.95845534000001, 39.12439117000002]]], [[[-8.90903295, 42.53240214999998], [-8.909492199999972, 42.53378265], [-8.907103620000028, 42.53426631999998], [-8.90903295, 42.53240214999998]]], [[[-6.987693200000022, 43.55941833999998], [-6.98710128, 43.56114063], [-6.985220730000016, 43.56116131], [-6.987693200000022, 43.55941833999998]]], [[[-7.44117433, 43.70020826000001], [-7.444217319999984, 43.70041384], [-7.441500150000014, 43.70125789999997], [-7.44117433, 43.70020826000001]]], [[[-4.020998499999975, 43.45267047000002], [-4.026239949999976, 43.452722600000016], [-4.025137150000027, 43.45329077], [-4.020998499999975, 43.45267047000002]]], [[[-6.66133797, 43.56877081], [-6.658755040000028, 43.56885362], [-6.659636369999974, 43.56766394000002], [-6.66133797, 43.56877081]]], [[[-8.797155430000021, 42.61158315], [-8.79623581999998, 42.60982044], [-8.797854499999987, 42.60966624000002], [-8.797155430000021, 42.61158315]]], [[[0.647376369999976, 40.57559905], [0.64393224, 40.57655449], [0.64626774, 40.57671482], [0.647376369999976, 40.57559905]]], [[[1.164815219999989, 38.97173867], [1.16518581, 38.97303297000002], [1.16690662, 38.971654409999985], [1.164815219999989, 38.97173867]]], [[[-8.629184819999972, 42.30845673000001], [-8.627988890000015, 42.30783144999998], [-8.628871929999972, 42.30604153999997], [-8.629184819999972, 42.30845673000001]]], [[[0.647983110000021, 40.58327994], [0.645867820000019, 40.58369807], [0.64841274, 40.58444613000001], [0.647983110000021, 40.58327994]]], [[[3.131984739999973, 39.94612130000002], [3.13136075, 39.94425698], [3.129944370000031, 39.94424958], [3.131984739999973, 39.94612130000002]]], [[[-8.81590828, 42.49590003], [-8.81548542, 42.49763191999998], [-8.81415213, 42.496898629999976], [-8.81590828, 42.49590003]]], [[[3.00086791, 39.31121583000002], [3.002317779999979, 39.31009846999998], [2.999789170000017, 39.31024267], [3.00086791, 39.31121583000002]]], [[[3.16942521999998, 39.83470168], [3.16998951, 39.83604333], [3.17152989, 39.83512204], [3.16942521999998, 39.83470168]]], [[[-8.83900299, 42.55028134], [-8.838956280000016, 42.55225514], [-8.837660880000012, 42.55194329], [-8.83900299, 42.55028134]]], [[[-9.212949409999986, 43.162375919999974], [-9.214466450000021, 43.16435457], [-9.21264524, 43.16361671000002], [-9.212949409999986, 43.162375919999974]]], [[[-8.906689659999977, 42.544945829999975], [-8.9070643, 42.54363019], [-8.90790165000002, 42.546818510000016], [-8.906689659999977, 42.544945829999975]]], [[[-6.41808603, 43.55899839], [-6.418696660000013, 43.55994348], [-6.416530149999977, 43.56060255], [-6.41808603, 43.55899839]]], [[[0.671619719999983, 39.87423627], [0.67046608000001, 39.87539865999999], [0.671846039999976, 39.87606643999996], [0.671619719999983, 39.87423627]]], [[[-6.218926730000023, 36.38379823], [-6.220328360000022, 36.38697741], [-6.21920767, 36.38601641], [-6.218926730000023, 36.38379823]]], [[[-3.527567619999976, 43.49519745], [-3.52925937, 43.49630623], [-3.527653609999969, 43.49655671999998], [-3.527567619999976, 43.49519745]]], [[[-9.18593338, 42.879720439999986], [-9.18508599, 42.881278649999985], [-9.184435540000027, 42.87991869000003], [-9.18593338, 42.879720439999986]]], [[[1.16123684000003, 38.98111613], [1.16098646, 38.98008502], [1.15872908, 38.97943671999999], [1.16123684000003, 38.98111613]]], [[[-4.731718960000028, 43.418314429999974], [-4.73025833, 43.418642679999984], [-4.730818489999972, 43.417058449999985], [-4.731718960000028, 43.418314429999974]]], [[[-9.186877450000026, 43.16865505], [-9.18692923, 43.16989445999997], [-9.18517198, 43.16893665000002], [-9.186877450000026, 43.16865505]]], [[[2.34716621, 39.57638411999998], [2.347305399999979, 39.5776824], [2.348796610000018, 39.57634821], [2.34716621, 39.57638411999998]]], [[[-4.501435830000026, 43.39718570999998], [-4.499802, 43.39753129], [-4.50026204, 43.39615660000003], [-4.501435830000026, 43.39718570999998]]], [[[3.304051690000026, 42.327195179999975], [3.30532598, 42.32816898], [3.306660319999969, 42.32756424], [3.304051690000026, 42.327195179999975]]], [[[-3.901803239999973, 35.216764], [-3.900019280000023, 35.21768231999999], [-3.89934922, 35.21687766999999], [-3.901803239999973, 35.216764]]], [[[-8.944618800000022, 42.47850712000001], [-8.94398908, 42.47712663], [-8.94509306, 42.476331019999975], [-8.944618800000022, 42.47850712000001]]], [[[1.421228879999976, 38.79868945], [1.42304928, 38.79916459000002], [1.423691569999976, 38.79823610999998], [1.421228879999976, 38.79868945]]], [[[-9.041883889999973, 42.66108622999999], [-9.043990260000024, 42.66155081], [-9.04272853000003, 42.662121710000015], [-9.041883889999973, 42.66108622999999]]], [[[-8.260765939999985, 43.41857498999999], [-8.264108780000011, 43.41781749999998], [-8.262178530000028, 43.41877087], [-8.260765939999985, 43.41857498999999]]], [[[-3.756844870000028, 43.47314526000002], [-3.755477429999973, 43.47355045000001], [-3.755572769999977, 43.47227115], [-3.756844870000028, 43.47314526000002]]], [[[-9.138403210000018, 42.80966402999998], [-9.137259289999971, 42.80897845], [-9.138952329999972, 42.8085453], [-9.138403210000018, 42.80966402999998]]], [[[-0.747648490000026, 37.665688230000015], [-0.748609550000012, 37.66502172], [-0.750039060000015, 37.66573389000002], [-0.747648490000026, 37.665688230000015]]], [[[-8.942079090000028, 42.46366942999998], [-8.942738140000028, 42.46382418000001], [-8.94419644000001, 42.46343322999998], [-8.942733309999984, 42.46415749], [-8.942079090000028, 42.46366942999998]]], [[[-7.436980810000025, 43.714991909999966], [-7.44165732, 43.71495394], [-7.439358890000021, 43.715259480000014], [-7.436980810000025, 43.714991909999966]]], [[[-9.04935828, 42.51195665999999], [-9.04823496999998, 42.51141306000001], [-9.04746423, 42.50986061], [-9.04935828, 42.51195665999999]]], [[[2.591354940000028, 39.53407793999998], [2.59259901, 39.53424453999996], [2.59288348, 39.53335350999998], [2.591354940000028, 39.53407793999998]]], [[[-1.207943419999977, 37.572349630000026], [-1.207749959999988, 37.57144545], [-1.208736759999973, 37.57090167], [-1.207943419999977, 37.572349630000026]]], [[[-8.85121977999997, 42.46610074000003], [-8.84947155, 42.464957030000015], [-8.850762170000015, 42.46367567999999], [-8.85121977999997, 42.46610074000003]]], [[[1.314808289999985, 39.04973209999997], [1.3152744, 39.04956764], [1.3160218, 39.04874948000002], [1.314808289999985, 39.04973209999997]]], [[[0.64162888, 40.57720364], [0.642506249999988, 40.57596012000001], [0.64289514, 40.57507425999999], [0.64162888, 40.57720364]]]]}}]}