{"type": "FeatureCollection", "bbox": [19.472, 59.80025, 31.586707100000012, 70.09211110000001], "features": [{"type": "Feature", "properties": {"iso3": "FIN", "source": "geoBoundaries", "territoryExtent": "full"}, "geometry": {"type": "MultiPolygon", "coordinates": [[[[20.3866857, 60.017583100000024], [20.43787990000002, 60.01319959999997], [20.45604260000001, 60.00532469999997], [20.45568, 59.9977701], [20.441429900000028, 59.994880099999975], [20.450969899999958, 59.98905], [20.44514, 59.98658], [20.41125, 59.996549900000026], [20.412, 59.98248], [20.37581989999998, 59.9788601], [20.36043, 59.982750099999976], [20.36702990000002, 59.984320100000026], [20.356193600000037, 59.992249], [20.370878200000018, 59.9960836], [20.3595584, 60.00058280000002], [20.34655009999998, 59.98716], [20.3204301, 59.99125], [20.334880100000028, 59.98339], [20.30185679999997, 59.98016719999996], [20.31306090000001, 59.9716016], [20.303891899999957, 59.97470730000003], [20.30758, 59.96982], [20.299520099999988, 59.96491], [20.27942010000002, 59.97388989999998], [20.28992, 59.98418], [20.30591, 59.97632989999999], [20.291970800000012, 59.98751990000002], [20.346953100000018, 60.010552499999974], [20.326145400000026, 60.008148700000035], [20.332306499999984, 60.01783269999998], [20.3511866, 60.02216350000002], [20.391597100000034, 60.01079619999998], [20.3866857, 60.017583100000024]]], [[[20.02986080000003, 60.00923639999997], [20.02951740000004, 60.02330570000002], [20.045996900000027, 60.015499700000035], [20.04136209999997, 60.00520320000004], [20.02986080000003, 60.00923639999997]]], [[[20.00964149999996, 60.025830899999974], [20.022037300000015, 60.016819199999965], [20.013161, 60.00822849999998], [19.979761899999957, 60.01098849999999], [19.99192949999996, 60.015970299999985], [19.990843499999986, 60.02375120000003], [19.97867740000002, 60.0209514], [19.984578799999984, 60.02827160000003], [19.955502700000025, 60.033731], [20.00964149999996, 60.025830899999974]]], [[[20.58225, 60.062], [20.59475, 60.059], [20.58475, 60.05375], [20.6145, 60.05025], [20.60475, 60.04325], [20.62725, 60.0435], [20.60325, 60.03625], [20.611, 60.035], [20.60025, 60.01975], [20.5795, 60.01175], [20.561, 60.01175], [20.5555, 60.01575], [20.560296899999972, 60.024099200000045], [20.54, 60.01325], [20.549, 60.00725], [20.49775, 60.0065], [20.5075, 60.01225], [20.493, 60.017], [20.49675, 60.02325], [20.5365, 60.0445], [20.5275, 60.04425], [20.52525, 60.05275], [20.55175, 60.06225], [20.5715, 60.055], [20.574, 60.063], [20.581, 60.0565], [20.58919729999996, 60.05947980000001], [20.58225, 60.062]]], [[[20.53325, 60.05925], [20.51875, 60.054], [20.522, 60.04275], [20.512, 60.03625], [20.47975, 60.03], [20.4925, 60.02575], [20.4775, 60.02225], [20.47375, 60.0135], [20.45525, 60.01425], [20.46, 60.0165], [20.45125, 60.02375], [20.47575, 60.03025], [20.46175, 60.03225], [20.4705, 60.03975], [20.458, 60.0475], [20.46475, 60.06], [20.47925, 60.06625], [20.4815, 60.06025], [20.536, 60.06675], [20.544, 60.06325], [20.525, 60.05975], [20.53325, 60.05925]]], [[[20.16058069999996, 60.0926719], [20.19421109999998, 60.08015409999998], [20.206799, 60.092273199999966], [20.203796500000024, 60.08557289999998], [20.215874399999976, 60.08945319999996], [20.225606399999982, 60.0776329], [20.208858, 60.06547530000003], [20.222519800000036, 60.063893200000045], [20.205565, 60.0269788], [20.234737099999975, 60.00871359999997], [20.21716330000004, 60.00469909999999], [20.209588399999987, 59.987126], [20.19864769999998, 59.989950799999974], [20.20455430000002, 59.98265290000002], [20.18087749999996, 59.96874210000002], [20.175642100000033, 59.981694300000015], [20.181548699999983, 59.97697660000003], [20.190669699999972, 59.98404789999998], [20.1791518, 59.98728720000003], [20.1853522, 59.99421510000002], [20.177340300000033, 60.014644499999974], [20.16806479999996, 60.01626170000002], [20.1462582, 59.993571399999965], [20.13578370000003, 60.00198189999996], [20.118938100000037, 59.997341300000045], [20.109751699999965, 60.00483949999997], [20.13024480000004, 60.01013179999998], [20.114736500000028, 60.01326550000001], [20.11340149999997, 60.0277206], [20.087074, 60.04986769999998], [20.06984880000001, 60.04392279999997], [20.083568, 60.03249010000002], [20.05304190000002, 60.0465853], [20.047312, 60.039345500000046], [20.016545600000022, 60.070281], [19.98535750000002, 60.066509199999956], [19.974440799999957, 60.073571], [19.987565500000013, 60.076568400000035], [19.9854978, 60.08859420000003], [20.0006077, 60.08600290000003], [20.018408399999963, 60.096764100000016], [20.0331344, 60.091488], [20.040047199999975, 60.0774192], [20.047921700000035, 60.0857932], [20.068301499999972, 60.06754849999997], [20.0551607, 60.08389809999996], [20.0731914, 60.08388820000003], [20.05919, 60.09648109999996], [20.07564450000002, 60.0886615], [20.08819530000002, 60.11147539999999], [20.133659, 60.08998110000003], [20.16058069999996, 60.0926719]]], [[[19.987052799999958, 60.05149790000004], [19.98071729999996, 60.034347799999985], [19.953012400000034, 60.04002920000004], [19.9716332, 60.04593190000002], [19.9718952, 60.0531871], [19.987052799999958, 60.05149790000004]]], [[[20.461560200000015, 60.060258], [20.441875799999973, 60.02249659999996], [20.395939699999985, 60.01841779999999], [20.374677, 60.02532969999998], [20.447863499999972, 60.0702935], [20.47169460000001, 60.0689003], [20.461560200000015, 60.060258]]], [[[20.389, 60.051], [20.40125, 60.049], [20.39675, 60.03975], [20.36125, 60.03875], [20.3825, 60.05125], [20.36675, 60.05525], [20.39625, 60.0555], [20.389, 60.051]]], [[[19.9320495, 60.05760929999997], [19.93970929999996, 60.07131839999997], [19.9478873, 60.061409], [19.9320495, 60.05760929999997]]], [[[20.54275, 60.069], [20.5095, 60.0705], [20.48075, 60.06975], [20.54475, 60.0765], [20.538, 60.07225], [20.54275, 60.069]]], [[[20.347, 60.068], [20.3265, 60.0675], [20.33425, 60.08625], [20.35375, 60.0865], [20.347, 60.068]]], [[[20.31325, 60.08075], [20.29525, 60.08575], [20.29075, 60.09], [20.3155, 60.092], [20.31325, 60.08075]]], [[[20.495957100000037, 60.0992286], [20.55220710000004, 60.090978599999964], [20.5392071, 60.08572859999998], [20.5719571, 60.0877286], [20.60145710000004, 60.0779786], [20.52796449999997, 60.07710879999998], [20.5202071, 60.081228599999974], [20.529457100000013, 60.08622859999996], [20.495957100000037, 60.0992286]]], [[[20.51725, 60.086], [20.46, 60.081], [20.44625, 60.085], [20.46675, 60.089], [20.4565, 60.095], [20.4695, 60.09725], [20.51725, 60.086]]], [[[20.59040160000004, 60.094049], [20.606821299999964, 60.089441], [20.564022500000032, 60.0910069], [20.589594100000017, 60.101832], [20.58474889999996, 60.10567810000002], [20.60350139999999, 60.1022792], [20.59040160000004, 60.094049]]], [[[20.566207100000042, 60.09672860000001], [20.537707099999967, 60.093728600000034], [20.4779571, 60.10722859999997], [20.5042071, 60.11397859999998], [20.507457099999957, 60.10747859999996], [20.5252071, 60.11297860000002], [20.53320709999996, 60.10697859999998], [20.538457100000027, 60.11522860000002], [20.5414571, 60.1042286], [20.568957100000027, 60.1087286], [20.566207100000042, 60.09672860000001]]], [[[20.254112699999958, 60.119352099999965], [20.26945190000001, 60.131850599999986], [20.2568495, 60.13627910000003], [20.262204499999967, 60.15790280000004], [20.25293480000002, 60.16567509999999], [20.296880099999957, 60.148334299999966], [20.287074100000044, 60.11937020000004], [20.302070499999978, 60.11390129999998], [20.27250419999996, 60.10584040000004], [20.281430600000014, 60.10096340000001], [20.269586, 60.09077909999998], [20.276795700000037, 60.08589980000003], [20.27250419999996, 60.07879360000003], [20.285378800000018, 60.077937399999975], [20.276795700000037, 60.0704868], [20.241776799999975, 60.0668038], [20.25293480000002, 60.0785368], [20.22564069999998, 60.07485459999999], [20.225984, 60.0832459], [20.220319200000034, 60.0883824], [20.225812299999966, 60.09009429999998], [20.2009214, 60.095144200000014], [20.2228941, 60.1179871], [20.209332799999977, 60.14166880000002], [20.2187742, 60.13089870000001], [20.239430099999964, 60.1341609], [20.222207400000034, 60.148590600000034], [20.229932199999965, 60.168237], [20.2483, 60.161234], [20.254112699999958, 60.119352099999965]]], [[[20.6757063, 60.1453139], [20.691670800000015, 60.126637], [20.683173500000027, 60.11688840000004], [20.689525, 60.111585200000015], [20.667209, 60.1108154], [20.63425, 60.138006799999985], [20.6517156, 60.15393840000002], [20.6757063, 60.1453139]]], [[[20.30425, 60.14675], [20.29225, 60.16225], [20.27675, 60.16425], [20.294, 60.1655], [20.32025, 60.158], [20.30425, 60.14675]]], [[[19.6055, 60.156], [19.607, 60.171], [19.622, 60.1645], [19.617, 60.1535], [19.6055, 60.156]]], [[[20.61, 60.16725], [20.5655, 60.15825], [20.59375, 60.17175], [20.61, 60.16725]]], [[[20.325, 60.1575], [20.3155, 60.1635], [20.35075, 60.1785], [20.35175, 60.1655], [20.325, 60.1575]]], [[[20.497, 60.1575], [20.46125, 60.17], [20.454, 60.17825], [20.4665, 60.17875], [20.497, 60.1575]]], [[[20.7405, 60.16875], [20.73175, 60.16625], [20.7145, 60.17275], [20.7285, 60.17075], [20.73275, 60.17875], [20.74325, 60.173], [20.7435, 60.16825], [20.7345, 60.16375], [20.7405, 60.16875]]], [[[20.4310653, 60.162220200000036], [20.4055569, 60.15753809999997], [20.386397300000034, 60.165548], [20.4184812, 60.172597499999966], [20.421995599999985, 60.18347880000003], [20.4447831, 60.17598060000002], [20.4310653, 60.162220200000036]]], [[[19.673, 60.1755], [19.689857500000016, 60.18499030000004], [19.69425, 60.17825], [19.68434809999998, 60.1614812], [19.673, 60.1755]]], [[[20.283, 60.1775], [20.2965, 60.18325], [20.3055, 60.1715], [20.294, 60.1695], [20.283, 60.1775]]], [[[20.38925, 60.17125], [20.41875, 60.19175], [20.41375, 60.17675], [20.38925, 60.17125]]], [[[20.34911969999996, 60.1960454], [20.364662399999975, 60.20005090000004], [20.3702544, 60.19657680000001], [20.357836800000015, 60.186479499999976], [20.34911969999996, 60.1960454]]], [[[20.322248600000012, 60.210039], [20.307485700000036, 60.195025399999984], [20.285341400000032, 60.20108279999998], [20.278474899999974, 60.181712099999956], [20.260622099999956, 60.175651100000024], [20.25118080000002, 60.1817975], [20.3002759, 60.2260687], [20.319916, 60.2249793], [20.305769100000024, 60.213023799999974], [20.322248600000012, 60.210039]]], [[[20.705489500000027, 60.209128299999975], [20.7115, 60.2135], [20.71875, 60.2095], [20.7115, 60.2095], [20.7185358, 60.20136619999998], [20.711841, 60.1936023], [20.6797403, 60.1892503], [20.673388800000012, 60.19471150000004], [20.68042689999997, 60.20204860000004], [20.66308910000002, 60.1988922], [20.65879760000003, 60.208531200000046], [20.6776804, 60.23743150000002], [20.684203499999985, 60.22609610000004], [20.705489500000027, 60.2231124], [20.711578699999986, 60.21666159999996], [20.705489500000027, 60.209128299999975]]], [[[20.260083, 60.20313739999998], [20.242782599999973, 60.210989400000045], [20.24893679999998, 60.21880920000002], [20.26042630000001, 60.22564969999997], [20.28360059999997, 60.221728200000044], [20.260083, 60.20313739999998]]], [[[19.60425, 60.3135], [19.627, 60.268], [19.64075, 60.26975], [19.6525, 60.26025], [19.642, 60.24], [19.66375, 60.2305], [19.658, 60.22925], [19.6617082, 60.21686640000003], [19.66075, 60.22725], [19.673, 60.23], [19.6785, 60.19675], [19.667274400000032, 60.17131679999996], [19.646962300000013, 60.16670410000004], [19.655322, 60.1697609], [19.647271700000033, 60.172415], [19.6526106, 60.18597909999996], [19.63492790000002, 60.178511299999975], [19.643827399999978, 60.17650379999996], [19.636507399999967, 60.168091], [19.63310229999996, 60.178423], [19.61425, 60.18175], [19.62, 60.1965], [19.6055, 60.195], [19.586, 60.21825], [19.5885, 60.2245], [19.581242500000027, 60.21903670000001], [19.589992499999962, 60.19428669999997], [19.608742499999963, 60.18503669999997], [19.592992500000026, 60.18028669999997], [19.598992499999977, 60.17403670000003], [19.5914925, 60.1632867], [19.611992500000017, 60.15103670000001], [19.59621170000002, 60.1542419], [19.569742500000018, 60.142286699999985], [19.55974250000004, 60.14978669999997], [19.54149250000002, 60.14828670000003], [19.5137425, 60.178286700000044], [19.524992500000025, 60.18803670000003], [19.517492500000042, 60.2097867], [19.5458643, 60.21645620000002], [19.53430079999997, 60.2285903], [19.54331520000002, 60.234328799999986], [19.53425, 60.25825], [19.543, 60.26425], [19.56175, 60.2605], [19.566952800000035, 60.28142739999997], [19.5735, 60.26525], [19.5735, 60.27475], [19.5875, 60.2765], [19.58875, 60.2935], [19.60425, 60.3015], [19.60425, 60.3135]]], [[[20.745341, 60.2289854], [20.726867899999988, 60.219220400000026], [20.728689900000017, 60.252715], [20.737959599999964, 60.25407770000004], [20.73478380000001, 60.238700799999975], [20.745341, 60.2289854]]], [[[20.31025, 60.2425], [20.31554019999998, 60.23376370000004], [20.29175, 60.2415], [20.30575, 60.24675], [20.32125, 60.2415], [20.31025, 60.2425]]], [[[19.872899500000027, 60.4272648], [19.91558740000002, 60.42345259999997], [19.919399500000043, 60.41001480000003], [19.92939950000002, 60.4157648], [19.9301495, 60.407764800000024], [19.9348995, 60.4105148], [19.926899500000026, 60.40176479999999], [19.938149500000044, 60.3967648], [19.9344692, 60.3842773], [19.943828299999975, 60.3894567], [19.9391495, 60.39851480000002], [19.960900599999984, 60.40040830000002], [19.964399500000027, 60.412014800000044], [19.95914949999996, 60.38901480000003], [19.92914950000003, 60.376014799999986], [19.944649499999976, 60.3732648], [19.933149499999967, 60.36051480000004], [19.932198299999957, 60.3530902], [19.9445338, 60.35406840000001], [19.93614950000003, 60.35851480000002], [19.9488995, 60.3732648], [19.975399499999966, 60.37451480000004], [19.951899499999968, 60.3780148], [19.961899500000033, 60.38626480000004], [19.97739949999998, 60.38526479999999], [19.9791495, 60.3755148], [19.98539950000003, 60.37726480000003], [19.97789949999996, 60.3730148], [20.009, 60.37], [20.02175, 60.35], [20.027, 60.36], [20.01275, 60.3765], [20.0465, 60.376], [20.0465, 60.3645], [20.06875, 60.37225], [20.063, 60.35725], [20.08, 60.3735], [20.078, 60.38225], [20.0835, 60.37425], [20.1195, 60.369], [20.1305, 60.36425], [20.1205, 60.35775], [20.1155, 60.36425], [20.1055, 60.362], [20.11125, 60.3605], [20.09725, 60.347], [20.113, 60.35825], [20.12025, 60.3455], [20.1405, 60.3535], [20.139, 60.3445], [20.1275, 60.34225], [20.1615, 60.33075], [20.168, 60.319], [20.1665, 60.32675], [20.14425, 60.3525], [20.19275, 60.34525], [20.189, 60.32975], [20.20275, 60.33425], [20.21175, 60.32275], [20.173, 60.28825], [20.18125, 60.284], [20.18375, 60.295], [20.20575, 60.31075], [20.206, 60.3005], [20.275, 60.28575], [20.2495, 60.26775], [20.25525, 60.2505], [20.2395, 60.235], [20.211, 60.247], [20.23125, 60.22875], [20.22769460000001, 60.22061380000003], [20.243960299999983, 60.21873730000002], [20.240243799999966, 60.208447100000015], [20.2175556, 60.196656], [20.192, 60.20225], [20.1965, 60.1875], [20.18075, 60.1935], [20.1795, 60.17725], [20.168, 60.17525], [20.12825, 60.18675], [20.12125, 60.198], [20.09825, 60.18425], [20.07975, 60.185], [20.06325, 60.19875], [20.08375, 60.20975], [20.0902046, 60.22420609999998], [20.0796675, 60.22841010000001], [20.08185680000004, 60.234673], [20.07541680000001, 60.227536700000044], [20.0826892, 60.21903609999996], [20.058, 60.1975], [20.04425, 60.2005], [20.032, 60.2125], [20.04775, 60.223], [20.031953399999978, 60.2377221], [20.034, 60.24425], [20.027283500000035, 60.23663310000004], [20.0135, 60.24375], [20.03025, 60.27575], [20.0479169, 60.2744482], [20.03475, 60.2825], [20.05725, 60.306], [20.033, 60.3175], [20.03, 60.308], [20.04175, 60.301], [20.03025, 60.29425], [20.044, 60.297], [20.026, 60.281], [20.016551599999985, 60.283850800000025], [20.016098499999977, 60.27778260000002], [20.0275, 60.27775], [20.0145, 60.2535], [20.00175, 60.256], [19.98275, 60.27575], [19.9835, 60.26975], [19.97575, 60.27175], [19.98225, 60.2765], [19.97075, 60.28625], [19.98175, 60.2905], [19.9805, 60.3015], [19.967, 60.28725], [19.97375, 60.26825], [19.98925, 60.26375], [20.0006722, 60.24217659999997], [20.0205, 60.233], [20.0165, 60.217], [20.0015, 60.20725], [20.011, 60.20375], [20.00875, 60.1905], [20.02175, 60.1815], [20.024, 60.1905], [20.045, 60.189], [20.0335, 60.1765], [20.03975, 60.15775], [20.032, 60.14775], [20.01975, 60.1475], [20.01775, 60.13175], [20.022482900000025, 60.125083299999964], [20.043957400000032, 60.1266938], [20.05474770000003, 60.11462540000003], [20.043775900000025, 60.11204590000003], [20.039354599999957, 60.098305], [20.032398600000043, 60.10370119999997], [20.011996, 60.09675680000004], [19.9883876, 60.1104869], [19.992637600000016, 60.097737], [19.98313760000002, 60.09173710000002], [19.971861599999983, 60.11390649999996], [19.945070900000026, 60.11244190000002], [19.949197599999966, 60.094558], [19.965728, 60.08586850000001], [19.95642140000001, 60.060273400000035], [19.934376, 60.078016], [19.92329060000003, 60.118316100000044], [19.9152189, 60.09352609999998], [19.9245987, 60.086018099999954], [19.909803, 60.078995599999956], [19.900666699999956, 60.08517110000004], [19.913713300000033, 60.08982149999997], [19.87866549999998, 60.096958700000044], [19.886681, 60.10440769999998], [19.8803886, 60.11170059999997], [19.87285169999998, 60.10456170000002], [19.86290269999996, 60.109899900000016], [19.86055160000003, 60.1034633], [19.875521, 60.098927699999976], [19.8684873, 60.08962949999998], [19.8525, 60.09625], [19.839, 60.08675], [19.8331503, 60.0931151], [19.81675, 60.08925], [19.808799, 60.10667149999997], [19.823443699999963, 60.11270380000002], [19.82021340000003, 60.11330759999997], [19.80172569999997, 60.1102337], [19.8017723, 60.09721810000001], [19.79125, 60.10825], [19.7825, 60.09325], [19.7505, 60.094], [19.75149410000002, 60.103458], [19.7275, 60.12425], [19.7275, 60.13825], [19.71775, 60.137], [19.712, 60.1445], [19.71875, 60.14875], [19.7055, 60.15325], [19.71175, 60.15725], [19.69325, 60.1865], [19.698630099999956, 60.19716760000004], [19.69085060000003, 60.194229400000026], [19.687, 60.2015], [19.696, 60.2135], [19.6905, 60.2275], [19.67275, 60.23225], [19.659116699999988, 60.2469421], [19.66636669999998, 60.26169209999998], [19.6493667, 60.283692199999955], [19.661866699999972, 60.28844220000004], [19.6401167, 60.2874422], [19.638366699999974, 60.277192100000015], [19.627866700000016, 60.28894220000002], [19.639366700000025, 60.2874422], [19.634616700000027, 60.29219219999999], [19.657366699999965, 60.30544220000002], [19.656116700000013, 60.30019220000004], [19.67886670000004, 60.29794220000004], [19.676366699999956, 60.27894210000004], [19.694616699999976, 60.29344220000003], [19.6988667, 60.27219210000003], [19.67886670000004, 60.2684421], [19.692866700000042, 60.26394209999999], [19.674866700000013, 60.26044210000003], [19.700366700000025, 60.26194209999997], [19.707616700000017, 60.277192100000015], [19.70211669999996, 60.29094220000004], [19.730616700000034, 60.29794220000004], [19.729866699999974, 60.2896922], [19.7458667, 60.28094219999997], [19.7528667, 60.302942200000025], [19.765366699999962, 60.2989422], [19.756616700000027, 60.30944219999996], [19.74686670000004, 60.30419219999998], [19.743, 60.31625], [19.75375, 60.3225], [19.73775, 60.33375], [19.76375, 60.3355], [19.766, 60.32175], [19.77525, 60.333], [19.7815, 60.32], [19.79625, 60.32625], [19.79825, 60.31575], [19.80375, 60.323], [19.81025, 60.31525], [19.7995, 60.31325], [19.76625, 60.26425], [19.7745, 60.26375], [19.7675, 60.25875], [19.7795, 60.24375], [19.78475, 60.24675], [19.77925, 60.25275], [19.7905, 60.251], [19.80475, 60.201], [19.81675, 60.20075], [19.82225, 60.209], [19.81225, 60.21275], [19.81416140000004, 60.22181290000003], [19.83695080000004, 60.23169410000004], [19.80125, 60.23225], [19.816, 60.252], [19.80725, 60.2625], [19.8275, 60.27125], [19.80375, 60.2975], [19.806, 60.30875], [19.8085, 60.30225], [19.82925, 60.31925], [19.84075, 60.319], [19.835, 60.308], [19.8485, 60.31175], [19.84925, 60.30025], [19.832, 60.285], [19.84375, 60.289], [19.8468981, 60.28330570000004], [19.831, 60.2765], [19.82325, 60.253], [19.8305, 60.2445], [19.853, 60.246], [19.856711299999983, 60.23750970000001], [19.86475, 60.268], [19.88425, 60.2765], [19.885, 60.27], [19.89575, 60.28225], [19.896, 60.30275], [19.86975, 60.2875], [19.863, 60.2935], [19.87475, 60.298], [19.86875, 60.30875], [19.86075, 60.3075], [19.86, 60.2945], [19.8545, 60.3115], [19.84275, 60.315], [19.8796114, 60.32499310000003], [19.87125, 60.31425], [19.88225, 60.31125], [19.88225, 60.30325], [19.903, 60.30775], [19.8865, 60.318], [19.91275, 60.32825], [19.9035, 60.3275], [19.90275, 60.337], [19.893, 60.334], [19.88875, 60.3425], [19.90452560000003, 60.36236010000004], [19.89125, 60.357], [19.88725, 60.34], [19.87125, 60.32625], [19.85486650000002, 60.32898620000002], [19.84625, 60.32], [19.844, 60.3275], [19.82575, 60.327], [19.83475, 60.33725], [19.81175, 60.367], [19.796, 60.3625], [19.81075, 60.358], [19.79975, 60.349], [19.82225, 60.3485], [19.81475, 60.34725], [19.809, 60.337], [19.81175, 60.33475], [19.82225, 60.34175], [19.82875, 60.33675], [19.8065, 60.328], [19.7805, 60.33975], [19.7915, 60.344], [19.796, 60.3585], [19.77525, 60.36275], [19.789, 60.3775], [19.813, 60.37625], [19.80425, 60.3825], [19.8055, 60.3935], [19.80275, 60.38125], [19.7945, 60.38825], [19.8015, 60.4045], [19.8185, 60.406], [19.81525, 60.42], [19.83175, 60.41175], [19.834, 60.402], [19.832, 60.4155], [19.8495, 60.4145], [19.849, 60.4255], [19.85725, 60.42625], [19.85725, 60.417], [19.872899500000027, 60.4272648]]], [[[20.33925, 60.28575], [20.399582400000025, 60.2684819], [20.3925, 60.26225], [20.403798800000015, 60.26645970000001], [20.401, 60.25525], [20.42975, 60.252], [20.41175, 60.222], [20.38825, 60.2195], [20.399, 60.21575], [20.39375, 60.2025], [20.36925, 60.19775], [20.368, 60.2125], [20.37475, 60.21325], [20.36625, 60.21975], [20.377, 60.225], [20.35475, 60.2255], [20.3736905, 60.2379883], [20.32492, 60.232882], [20.333225399999986, 60.24268749999997], [20.322443299999957, 60.246557], [20.32225, 60.25525], [20.344, 60.25825], [20.341, 60.26625], [20.34825, 60.27025], [20.3465, 60.278], [20.324754, 60.2842961], [20.33475, 60.29], [20.31996560000003, 60.288], [20.341779, 60.29191690000004], [20.33925, 60.28575]]], [[[19.484041699999963, 60.25115890000003], [19.53625, 60.26475], [19.51725, 60.2545], [19.53625, 60.2465], [19.5394925, 60.23628669999998], [19.514492499999978, 60.23753670000002], [19.517742500000033, 60.25278669999998], [19.5055, 60.235], [19.49225, 60.23275], [19.498, 60.24025], [19.488889699999987, 60.25121340000001], [19.4915, 60.239], [19.4735, 60.23625], [19.48475, 60.26025], [19.4795, 60.2695], [19.49275, 60.269], [19.494, 60.25625], [19.484041699999963, 60.25115890000003]]], [[[20.28825, 60.246], [20.28325, 60.256], [20.30425, 60.26375], [20.30375, 60.24875], [20.28825, 60.246]]], [[[19.85725, 60.2885], [19.85425, 60.278], [19.84, 60.265], [19.83225, 60.2745], [19.85725, 60.2885]]], [[[20.49625, 60.29125], [20.5045, 60.30175], [20.51775, 60.28375], [20.50675, 60.2795], [20.49625, 60.29125]]], [[[20.40675, 60.29075], [20.399, 60.281], [20.40775, 60.27625], [20.390533799999986, 60.271742899999985], [20.3795, 60.28025], [20.38825, 60.2865], [20.377, 60.2935], [20.38075, 60.2995], [20.366, 60.30475], [20.37775, 60.31], [20.406, 60.3045], [20.39875, 60.2965], [20.40675, 60.29075]]], [[[20.76225, 60.291], [20.73725, 60.294], [20.7393726, 60.28658940000004], [20.729198, 60.28339550000001], [20.739, 60.30525], [20.76326070000004, 60.30121290000003], [20.76225, 60.291]]], [[[20.45475, 60.306], [20.414, 60.29925], [20.41975, 60.3085], [20.45075, 60.3195], [20.4445, 60.312], [20.45475, 60.306]]], [[[19.72475, 60.322], [19.69225, 60.3145], [19.6905, 60.3195], [19.7185, 60.332], [19.72475, 60.322]]], [[[20.42225, 60.3415], [20.395, 60.33525], [20.3885, 60.32925], [20.39525, 60.351], [20.40075, 60.343], [20.41025, 60.348], [20.42225, 60.3415]]], [[[19.6885, 60.3275], [19.67475, 60.34075], [19.683, 60.351], [19.69075, 60.342], [19.69475, 60.35275], [19.6985, 60.337], [19.6885, 60.3275]]], [[[20.781544, 60.365183100000024], [20.796306900000037, 60.352278599999984], [20.78403310000004, 60.329301], [20.735195499999968, 60.314044399999986], [20.73304969999997, 60.336140800000024], [20.7627471, 60.36085390000003], [20.7547649, 60.37027560000003], [20.771673499999963, 60.36132080000002], [20.781544, 60.365183100000024]]], [[[19.59675, 60.34475], [19.597, 60.32075], [19.58675, 60.33775], [19.573, 60.3445], [19.556, 60.33875], [19.5555, 60.346], [19.573, 60.3455], [19.579, 60.357], [19.60125, 60.3675], [19.62475, 60.369], [19.59675, 60.34475]]], [[[20.37825, 60.34375], [20.386, 60.353], [20.38675, 60.3405], [20.3775, 60.33525], [20.33179559999999, 60.347595], [20.34325, 60.35], [20.3365, 60.35075], [20.339, 60.3595], [20.3465, 60.36075], [20.373, 60.3555], [20.37825, 60.34375]]], [[[20.3365, 60.36425], [20.3195, 60.33225], [20.2925, 60.338], [20.29325, 60.35], [20.32025, 60.36525], [20.3365, 60.36425]]], [[[19.75675, 60.365], [19.78055020000001, 60.35844559999998], [19.771494600000015, 60.34807819999998], [19.74275, 60.357], [19.75675, 60.3605], [19.74925, 60.36525], [19.73775, 60.35175], [19.72925, 60.36375], [19.766, 60.37625], [19.75675, 60.365]]], [[[19.68725, 60.36775], [19.69225, 60.38225], [19.71275, 60.36425], [19.70125, 60.359], [19.68725, 60.36775]]], [[[20.13975, 60.3765], [20.11149160000004, 60.37607970000003], [20.105, 60.38275], [20.13025, 60.39275], [20.12737449999996, 60.3785021], [20.13975, 60.3765]]], [[[19.74225, 60.3785], [19.71775, 60.37125], [19.70225, 60.3825], [19.7125, 60.39575], [19.735, 60.395], [19.74225, 60.3785]]], [[[20.05675, 60.383], [20.025, 60.383], [20.022, 60.389], [20.04325, 60.39225], [20.05675, 60.383]]], [[[19.99425, 60.378], [19.985, 60.38025], [19.9725, 60.3955], [19.9915, 60.4045], [19.9845, 60.39225], [19.99625, 60.38925], [19.99425, 60.378]]], [[[20.097082799999963, 60.38149980000004], [20.074, 60.39325], [20.11825, 60.406], [20.11275, 60.38975], [20.097082799999963, 60.38149980000004]]], [[[20.7755, 60.39825], [20.78225, 60.39525], [20.77325, 60.39375], [20.785, 60.39025], [20.786, 60.381], [20.7645, 60.39275], [20.75875, 60.409], [20.77775, 60.40825], [20.7755, 60.39825]]], [[[20.6175, 60.3915], [20.5985, 60.4005], [20.61625, 60.39825], [20.5985, 60.408], [20.60825, 60.40825], [20.603, 60.419], [20.6175, 60.42], [20.63, 60.4045], [20.6175, 60.3915]]], [[[19.775, 60.4055], [19.77925, 60.41225], [19.78725, 60.405], [19.806, 60.421], [19.77925, 60.38225], [19.7725, 60.38375], [19.77625, 60.40025], [19.771, 60.39125], [19.765, 60.3945], [19.75075, 60.415], [19.753, 60.428], [19.773, 60.42825], [19.7615, 60.40825], [19.775, 60.4055]]], [[[20.32875, 60.41275], [20.306, 60.4025], [20.29125, 60.406], [20.311, 60.42075], [20.32875, 60.41275]]], [[[19.7175, 60.41925], [19.72725, 60.3965], [19.71225, 60.41425], [19.71225, 60.423], [19.735, 60.44], [19.7175, 60.41925]]], [[[20.26375, 60.415], [20.251, 60.4215], [20.2735, 60.43325], [20.2605, 60.421], [20.26375, 60.415]]], [[[20.06875, 60.441], [20.0695, 60.4175], [20.056, 60.431], [20.03575, 60.43075], [20.04225, 60.439], [20.06875, 60.441]]], [[[20.02725, 60.423], [20.034, 60.42475], [20.02225, 60.42925], [20.02875, 60.4365], [20.00325, 60.4355], [20.031, 60.441], [20.03275, 60.43025], [20.04275, 60.4265], [20.02725, 60.423]]], [[[20.224, 60.4485], [20.21525, 60.45175], [20.2195, 60.456], [20.20575, 60.45775], [20.236, 60.4625], [20.224, 60.4485]]], [[[20.95194990000003, 59.88525010000003], [20.9242, 59.88729], [20.9224, 59.89189], [20.95704010000002, 59.89216989999996], [20.95194990000003, 59.88525010000003]]], [[[20.968869099999985, 59.9240766], [20.92657179999998, 59.91895440000003], [20.933711900000027, 59.9174244], [20.928111800000035, 59.91268450000004], [20.91333660000002, 59.919904], [20.92028, 59.92977], [20.916699900000033, 59.9338599], [20.9502793, 59.9337365], [20.968869099999985, 59.9240766]]], [[[20.916709899999972, 59.92772010000002], [20.908525600000036, 59.916299700000025], [20.9278139, 59.9108913], [20.92661190000001, 59.9025743], [20.87751, 59.91129989999997], [20.8841299, 59.91387], [20.853999899999973, 59.92837319999997], [20.89473, 59.94663990000004], [20.916709899999972, 59.92772010000002]]], [[[20.98043, 59.95129010000004], [20.9988, 59.95514], [21.005733499999977, 59.94387150000004], [20.9562, 59.9477], [20.963600100000033, 59.94066], [20.98706990000002, 59.94105010000001], [20.989619899999976, 59.93106989999998], [20.99778, 59.93056], [20.99115010000002, 59.917], [20.9626099, 59.91928989999999], [20.97916879999998, 59.9265713], [20.955472, 59.934016], [20.928670100000044, 59.93643], [20.91001990000004, 59.95023], [20.931542400000023, 59.9479887], [20.91001010000003, 59.95612], [20.93806, 59.96356], [20.98043, 59.95129010000004]]], [[[20.820653099999973, 60.067277400000016], [20.79321410000002, 60.06587870000001], [20.79088480000003, 60.07179260000004], [20.811732, 60.077621], [20.820653099999973, 60.067277400000016]]], [[[21.089, 60.1455], [21.07425, 60.13225], [21.061, 60.13975], [21.068, 60.144], [21.0695, 60.13575], [21.083, 60.14775], [21.089, 60.1455]]], [[[21.258968499999984, 60.1936761], [21.23338579999997, 60.19297919999997], [21.21077330000004, 60.193061700000044], [21.212531600000037, 60.20081649999997], [21.2281049, 60.2019923], [21.258968499999984, 60.1936761]]], [[[21.221, 60.23925], [21.211, 60.2465], [21.24, 60.24875], [21.225, 60.2345], [21.2165, 60.2335], [21.221, 60.23925]]], [[[20.861765900000027, 60.2359272], [20.837756299999963, 60.25224720000001], [20.846638199999976, 60.25508440000002], [20.83686849999996, 60.2553998], [20.849829200000034, 60.25892210000003], [20.851, 60.25525], [20.85478119999996, 60.253824599999966], [20.85644390000004, 60.26582469999997], [20.86689180000004, 60.25119530000002], [20.861765900000027, 60.2359272]]], [[[20.798212699999983, 60.29114849999996], [20.8321158, 60.27102229999996], [20.83589240000002, 60.25305570000003], [20.84138559999996, 60.24500580000002], [20.829025899999962, 60.24883930000004], [20.829455100000036, 60.24257770000003], [20.8178679, 60.24564479999996], [20.794350299999973, 60.23665569999996], [20.8119456, 60.2338009], [20.8081691, 60.2246807], [20.7797591, 60.22549050000003], [20.766369499999957, 60.23286339999998], [20.756155699999965, 60.254759100000015], [20.732257399999963, 60.25796460000003], [20.744311, 60.27204380000001], [20.75684230000002, 60.2600391], [20.74697180000001, 60.2734057], [20.761133900000015, 60.273576], [20.7494609, 60.28264], [20.76697030000002, 60.27774659999998], [20.766712900000037, 60.2931477], [20.798212699999983, 60.29114849999996]]], [[[21.06225, 60.26675], [21.05, 60.269], [21.04725, 60.2765], [21.06675, 60.276], [21.06875, 60.26725], [21.05825, 60.26275], [21.06225, 60.26675]]], [[[21.0795, 60.284], [21.072, 60.27925], [21.0465, 60.28375], [21.05825, 60.28525], [21.036, 60.2925], [21.0795, 60.284]]], [[[21.0315, 60.308], [21.049, 60.3095], [21.06725, 60.29775], [21.06075, 60.29175], [21.0315, 60.308]]], [[[21.23725, 60.30775], [21.242, 60.304], [21.22625, 60.301], [21.2125, 60.31375], [21.24325, 60.311], [21.23725, 60.30775]]], [[[20.995610500000037, 60.30382379999996], [20.97, 60.29975], [20.96925, 60.31075], [20.9575, 60.31275], [20.96175, 60.306], [20.9515, 60.31475], [20.96725, 60.315], [20.96975, 60.3295], [20.992, 60.336], [20.99925, 60.3295], [20.996529699999975, 60.30909359999998], [20.990229100000022, 60.3093364], [20.995610500000037, 60.30382379999996]]], [[[21.16875, 60.31925], [21.1605, 60.30975], [21.148, 60.31225], [21.159, 60.31375], [21.15125, 60.3175], [21.15775, 60.32375], [21.14675, 60.32125], [21.14375, 60.32975], [21.15875, 60.331], [21.16875, 60.31925]]], [[[20.91925, 60.352], [20.94225, 60.32125], [20.935, 60.3175], [20.9467905, 60.29975359999999], [20.9335, 60.3075], [20.93725, 60.312], [20.9205, 60.315], [20.90875, 60.337], [20.91775, 60.3375], [20.9035, 60.34275], [20.91925, 60.352]]], [[[21.17475, 60.326], [21.17375, 60.33325], [21.184, 60.337], [21.1795, 60.3425], [21.1925, 60.338], [21.17475, 60.326]]], [[[21.156, 60.34025], [21.13875, 60.34225], [21.16275, 60.36025], [21.17, 60.35325], [21.15725, 60.352], [21.156, 60.34025]]], [[[21.058035, 60.3689408], [21.08353, 60.35581749999996], [21.085596299999985, 60.35086450000004], [21.076056299999966, 60.34945749999998], [21.098198399999966, 60.342515100000035], [21.095079, 60.33592930000002], [21.08450679999999, 60.33200189999996], [21.049001099999973, 60.35099559999996], [21.063631199999975, 60.348447100000044], [21.051433300000042, 60.361922399999976], [21.058035, 60.3689408]]], [[[20.94575, 60.34275], [20.92575, 60.35025], [20.92125, 60.36025], [20.944, 60.3545], [20.9385, 60.348], [20.94575, 60.34275]]], [[[21.171, 60.35725], [21.187, 60.36675], [21.1905, 60.3715], [21.18675, 60.356], [21.171, 60.35725]]], [[[20.86875, 60.357], [20.87775, 60.34825], [20.8645, 60.35575], [20.85775, 60.37125], [20.86825, 60.3805], [20.88, 60.3625], [20.877, 60.35425], [20.86875, 60.357]]], [[[21.092, 60.376], [21.09075, 60.35775], [21.0695, 60.37175], [21.078, 60.37575], [21.07325, 60.382], [21.067, 60.37625], [21.0485, 60.382], [21.06675, 60.3915], [21.092, 60.376]]], [[[20.907, 60.3745], [20.9145, 60.38575], [20.927, 60.3735], [20.9195, 60.3665], [20.907, 60.3745]]], [[[21.161, 60.37225], [21.164579599999964, 60.38492549999998], [21.1805, 60.3825], [21.17125, 60.37175], [21.161, 60.37225]]], [[[21.02925, 60.39525], [21.04025, 60.38375], [21.03125, 60.38325], [21.03025, 60.373], [21.0165, 60.3725], [21.0258375, 60.38271429999999], [21.008, 60.38375], [21.01375, 60.39525], [21.004, 60.39675], [21.016, 60.40875], [21.033, 60.40425], [21.02225, 60.4045], [21.03575, 60.3975], [21.02925, 60.39525]]], [[[21.188043099999962, 60.38966750000003], [21.192031, 60.403883200000024], [21.1871343, 60.4105243], [21.2002336, 60.396489699999975], [21.188043099999962, 60.38966750000003]]], [[[21.05175, 60.4295], [21.07125, 60.41525], [21.0685, 60.3975], [21.0555, 60.4], [21.04225, 60.387], [21.049, 60.403], [21.04675, 60.40875], [21.0345, 60.40325], [21.0325, 60.418], [21.05175, 60.4295]]], [[[21.217494399999968, 60.41861410000002], [21.2335, 60.397], [21.214736699999968, 60.4047748], [21.2109703, 60.394779], [21.2015, 60.39975], [21.19725, 60.41125], [21.21375, 60.412], [21.2, 60.42375], [21.202, 60.44125], [21.209, 60.4255], [21.21875, 60.42975], [21.217494399999968, 60.41861410000002]]], [[[20.99925, 60.42975], [20.99375, 60.40625], [20.9685, 60.42475], [20.983, 60.42975], [20.982, 60.4205], [20.992, 60.43225], [20.99925, 60.42975]]], [[[20.96825, 60.42925], [20.95575, 60.42125], [20.94175, 60.431], [20.95575, 60.43875], [20.9655, 60.43425], [20.9595, 60.43075], [20.96825, 60.42925]]], [[[21.03525, 60.4275], [21.006, 60.4365], [21.01325, 60.439], [21.0025, 60.43975], [21.0585, 60.44025], [21.03525, 60.4275]]], [[[20.776, 60.456], [20.77175, 60.4625], [20.781, 60.4605], [20.78075, 60.46775], [20.792, 60.46475], [20.794, 60.45725], [20.776, 60.456]]], [[[20.94875, 60.4795], [20.943, 60.46525], [20.9535, 60.46025], [20.951, 60.441], [20.9265, 60.442], [20.92475, 60.452], [20.94175, 60.4545], [20.92325, 60.4585], [20.93325, 60.46075], [20.9245, 60.46625], [20.93, 60.469], [20.9155, 60.47325], [20.926, 60.47825], [20.9405, 60.46725], [20.944, 60.48075], [20.93325, 60.48125], [20.94325, 60.49], [20.95725, 60.4825], [20.94875, 60.4795]]], [[[21.04125, 60.50625], [21.093, 60.4855], [21.08275, 60.4835], [21.09525, 60.4785], [21.101131199999976, 60.483866], [21.107129599999972, 60.475593499999974], [21.08825, 60.447], [21.06325, 60.4525], [21.06675, 60.46175], [21.04925, 60.45725], [21.0605, 60.47725], [21.06875, 60.46875], [21.07725, 60.48225], [21.0335, 60.49375], [21.04125, 60.50625]]], [[[21.10834279999999, 60.496313299999976], [21.096397399999987, 60.4985473], [21.08698, 60.50350009999998], [21.09946990000001, 60.513209900000014], [21.10834279999999, 60.496313299999976]]], [[[21.069324200000015, 60.5374343], [21.102014200000028, 60.527174400000014], [21.089544199999963, 60.52078440000003], [21.1040641, 60.51642429999997], [21.06461420000004, 60.516964499999986], [21.04334409999998, 60.52899430000004], [21.069324200000015, 60.5374343]]], [[[20.8795, 60.524], [20.90225, 60.52175], [20.91275, 60.51825], [20.885, 60.5185], [20.8655, 60.532], [20.89675, 60.535], [20.8915, 60.52475], [20.8795, 60.524]]], [[[21.028, 60.52275], [21.00725, 60.52775], [21.0105, 60.53575], [21.02275, 60.536], [21.01925, 60.52925], [21.028, 60.52275]]], [[[21.24659, 60.54449], [21.2455, 60.53835], [21.23048, 60.54310990000002], [21.2393299, 60.54706], [21.22638, 60.552970099999975], [21.22587990000003, 60.55553009999996], [21.231109900000043, 60.55936], [21.23106, 60.55194], [21.24659, 60.54449]]], [[[21.055410100000014, 60.54675010000003], [21.04969, 60.54676009999997], [21.06294639999998, 60.54523020000004], [21.061650100000016, 60.55136], [21.07152, 60.55211989999997], [21.07308, 60.54828], [21.0585, 60.54061], [21.04137, 60.540109899999955], [21.04502, 60.54829], [21.0258, 60.55674], [21.0684201, 60.5587799], [21.05020009999997, 60.54829], [21.055410100000014, 60.54675010000003]]], [[[21.17242, 60.56815], [21.1828, 60.56506], [21.169810100000017, 60.56687009999997], [21.162499900000018, 60.55921009999998], [21.159470099999975, 60.57789009999996], [21.178189899999964, 60.57811989999997], [21.1815299, 60.57019], [21.17242, 60.56815]]], [[[21.208539899999987, 60.60699], [21.23291, 60.5940299], [21.22294, 60.58061], [21.21831989999997, 60.59034009999997], [21.20946, 60.58831], [21.20587989999999, 60.59753], [21.21212, 60.59879989999996], [21.198079899999964, 60.59831], [21.19968, 60.60521], [21.176820099999958, 60.612670099999974], [21.1804199, 60.6042201], [21.17265, 60.61152], [21.16119, 60.61013010000004], [21.17235, 60.60372], [21.160389899999963, 60.60706], [21.160169899999968, 60.61499], [21.19191, 60.61111010000004], [21.188299899999983, 60.61675], [21.201840099999956, 60.6172401], [21.208539899999987, 60.60699]]], [[[21.241439899999968, 60.6210101], [21.237760099999967, 60.61641], [21.232559900000023, 60.61719], [21.238571400000037, 60.612410199999964], [21.23249, 60.60721], [21.213840100000034, 60.62157009999997], [21.222199900000014, 60.62463], [21.21048, 60.62541], [21.23472, 60.62742], [21.241439899999968, 60.6210101]]], [[[21.01548059999999, 60.72472559999997], [21.0302601, 60.72169959999997], [21.013291799999987, 60.71457360000003], [21.004572600000024, 60.724238900000024], [21.033133199999963, 60.732870899999966], [21.01548059999999, 60.72472559999997]]], [[[21.04002819999998, 60.8351305], [21.0054224, 60.844028600000016], [21.002925800000014, 60.849850399999966], [21.032144699999975, 60.8449538], [21.04002819999998, 60.8351305]]], [[[21.185295, 62.329874500000024], [21.1940816, 62.349912800000034], [21.208312800000026, 62.36038760000004], [21.19962059999999, 62.33606679999998], [21.185295, 62.329874500000024]]], [[[21.247894200000026, 62.3785789], [21.249432799999965, 62.357689700000016], [21.25501340000003, 62.3544574], [21.25568379999999, 62.348456499999976], [21.254251400000044, 62.3462981], [21.246636100000025, 62.34923730000001], [21.2363242, 62.33850060000001], [21.240879400000043, 62.35046279999998], [21.235248299999974, 62.353817199999966], [21.224196199999987, 62.343152499999974], [21.22027730000001, 62.348668500000024], [21.21701589999999, 62.33937590000004], [21.223291099999972, 62.3899006], [21.237546100000024, 62.39369179999998], [21.238737800000038, 62.3861392], [21.25415260000004, 62.383475799999985], [21.247894200000026, 62.3785789]]], [[[21.212109600000026, 62.41282790000004], [21.1969049, 62.389694700000014], [21.212247200000043, 62.401271], [21.209787800000033, 62.39380019999998], [21.217384899999967, 62.39453620000003], [21.209855799999975, 62.3623902], [21.2074333, 62.36802879999998], [21.199586099999976, 62.360091400000044], [21.205850599999962, 62.368400600000015], [21.197105299999972, 62.37482569999997], [21.198617500000037, 62.36334490000004], [21.18334090000001, 62.3604558], [21.1955106, 62.385106], [21.1656802, 62.36776620000001], [21.175591099999966, 62.389681], [21.1973451, 62.39606380000004], [21.187662900000035, 62.405529799999975], [21.19629530000001, 62.407590699999965], [21.1916063, 62.41779440000001], [21.177366799999984, 62.413728], [21.198978499999974, 62.42768020000004], [21.212109600000026, 62.41282790000004]]], [[[21.102955099999985, 62.55540370000003], [21.136523500000024, 62.54896649999996], [21.15508990000002, 62.5304371], [21.14172919999998, 62.528343], [21.144563099999978, 62.5364784], [21.13826780000002, 62.5372063], [21.128352300000017, 62.5306795], [21.1319632, 62.5247477], [21.1129599, 62.5231504], [21.102955099999985, 62.55540370000003]]], [[[21.081423100000016, 62.5391093], [21.0905613, 62.531182300000026], [21.0511686, 62.5392865], [21.057894200000025, 62.5426733], [21.0516173, 62.55331670000001], [21.070425, 62.5666005], [21.054099700000037, 62.562664500000025], [21.06628779999996, 62.57431680000003], [21.056939800000016, 62.577314100000045], [21.075335199999987, 62.581218599999985], [21.095707, 62.5692123], [21.081423100000016, 62.5391093]]], [[[21.08644079999996, 62.67169740000004], [21.070297499999988, 62.6573008], [21.06469580000004, 62.6654398], [21.08644079999996, 62.67169740000004]]], [[[21.157930400000033, 62.87042359999997], [21.21698979999996, 62.85849019999998], [21.22861109999997, 62.862661599999974], [21.23686680000004, 62.859678], [21.2279126, 62.848117], [21.238517899999962, 62.850957], [21.197874899999967, 62.832144499999984], [21.1398316, 62.8284327], [21.12884530000004, 62.83487009999999], [21.111445, 62.8281428], [21.08928190000002, 62.83692850000004], [21.108206299999974, 62.841016], [21.097982, 62.849218300000025], [21.109412899999977, 62.8516814], [21.1190656, 62.84165370000003], [21.1095399, 62.8552744], [21.12141529999999, 62.847537500000044], [21.1362118, 62.852145], [21.129607400000037, 62.86358850000002], [21.166376599999968, 62.85930140000004], [21.167265599999983, 62.8671801], [21.157930400000033, 62.87042359999997]]], [[[21.0806264, 62.89202560000004], [21.0806264, 62.908090700000024], [21.092290099999964, 62.88739819999997], [21.0806264, 62.89202560000004]]], [[[21.195007699999966, 62.9196333], [21.206934, 62.91782350000001], [21.199977, 62.914429799999965], [21.233436800000014, 62.8946251], [21.238384700000044, 62.86475990000004], [21.2014777, 62.87914749999996], [21.20663979999998, 62.89024489999996], [21.1704926, 62.910319], [21.169001900000026, 62.920425], [21.1784049, 62.929300900000015], [21.18863049999998, 62.920802], [21.19186049999998, 62.92227249999997], [21.182362100000027, 62.92613909999997], [21.184833599999973, 62.93501710000002], [21.201964699999962, 62.9309421], [21.195007699999966, 62.9196333]]], [[[21.23177, 62.900638700000016], [21.23461719999998, 62.89478410000002], [21.217918599999983, 62.909366], [21.222074, 62.915743200000016], [21.24323579999997, 62.9048099], [21.23030790000003, 62.90593139999998], [21.238849500000043, 62.90256670000002], [21.23177, 62.900638700000016]]], [[[21.1513219, 63.002398099999965], [21.17293969999997, 63.00427149999998], [21.199288400000036, 62.9854413], [21.211251199999968, 62.98996190000003], [21.2088362, 62.97296519999997], [21.219985600000033, 62.945110099999965], [21.207151200000016, 62.94191290000001], [21.1993416, 62.95581420000002], [21.18601759999997, 62.95684509999997], [21.17882390000002, 62.944816], [21.164212300000038, 62.9418365], [21.1352693, 62.956897200000014], [21.135250400000025, 62.97210869999998], [21.147882900000035, 62.97166930000004], [21.149442500000024, 62.96190160000001], [21.157881, 62.96589620000003], [21.1527301, 62.9742956], [21.1606801, 62.97245270000002], [21.16333950000003, 62.97679639999998], [21.1399454, 62.97787790000002], [21.119487099999965, 63.000179199999955], [21.131617099999964, 63.00834929999996], [21.14060710000004, 63.005019300000036], [21.14458710000001, 63.01319939999998], [21.155291900000037, 63.00852820000002], [21.1513219, 63.002398099999965]]], [[[21.229599500000038, 62.984308900000016], [21.2221611, 62.997002], [21.24289840000003, 62.997036100000045], [21.253191900000044, 62.988165100000046], [21.229599500000038, 62.984308900000016]]], [[[21.2063415, 63.0237527], [21.199078800000013, 63.02064919999999], [21.21388930000002, 63.0158844], [21.2154993, 63.00565409999998], [21.23327189999996, 63.01621220000004], [21.24083190000002, 63.0123622], [21.22785910000001, 62.9991932], [21.201244699999986, 62.99490740000004], [21.1775699, 63.00555209999998], [21.17744120000001, 63.0175427], [21.192475300000044, 63.0185272], [21.189745300000027, 63.0291373], [21.2063415, 63.0237527]]], [[[21.11633679999999, 63.02273540000002], [21.13473510000002, 63.02975780000001], [21.139515100000015, 63.0294978], [21.129305099999982, 63.01390769999997], [21.11633679999999, 63.02273540000002]]], [[[20.82898, 63.05722], [20.8572, 63.05009], [20.82624, 63.04341], [20.80587, 63.05438], [20.83353, 63.05058], [20.81688, 63.05414], [20.82501, 63.06105], [20.81822, 63.06412], [20.82781, 63.06464], [20.82898, 63.05722]]], [[[20.81118, 63.10734], [20.78888, 63.10628], [20.7964, 63.12036], [20.81107, 63.12396], [20.81118, 63.10734]]], [[[21.18751, 63.31734], [21.16017, 63.31021], [21.17376, 63.30099], [21.15841, 63.301], [21.1595, 63.29103], [21.108319500000015, 63.29604439999998], [21.1165914, 63.29523440000002], [21.121758400000044, 63.2975937], [21.110937299999986, 63.29680610000003], [21.116366599999967, 63.31009], [21.130100599999988, 63.30767360000002], [21.11869, 63.31869], [21.12895, 63.32354], [21.140820700000038, 63.31943110000002], [21.13635, 63.32507], [21.15059, 63.32659], [21.17403, 63.318116699999976], [21.18751, 63.31734]]], [[[21.22727550000004, 63.35060740000002], [21.237506600000042, 63.3485795], [21.1992578, 63.340357200000035], [21.2090586, 63.33310419999997], [21.189595499999978, 63.33383939999997], [21.20270879999998, 63.32284529999998], [21.18008760000004, 63.32780220000004], [21.176219800000027, 63.319489300000036], [21.1569992, 63.32628559999997], [21.160163100000027, 63.33951760000002], [21.16889, 63.34217], [21.1652349, 63.34760439999997], [21.178706, 63.34695560000003], [21.1736914, 63.3527444], [21.238146, 63.35217880000001], [21.22727550000004, 63.35060740000002]]], [[[21.09463, 63.35119], [21.07441, 63.35376], [21.09379, 63.35912], [21.06929, 63.35582], [21.09494, 63.36245], [21.08184, 63.36399], [21.10719, 63.3627], [21.08864, 63.35248], [21.09463, 63.35119]]], [[[21.254510499999988, 63.38131690000004], [21.259031400000037, 63.3777268], [21.251823499999976, 63.37557549999999], [21.25829109999998, 63.3762605], [21.237601299999973, 63.3678984], [21.2416357, 63.361049499999986], [21.180138800000012, 63.367811800000034], [21.2026264, 63.376775], [21.196253500000015, 63.38389930000001], [21.210630400000028, 63.38414919999999], [21.20169739999996, 63.38911809999998], [21.23812130000001, 63.3975922], [21.26444509999997, 63.394309199999974], [21.254510499999988, 63.38131690000004]]], [[[21.095638099999956, 63.423709], [21.0760482, 63.414434299999975], [21.04640390000002, 63.421385800000046], [21.0630165, 63.42121639999998], [21.046443800000034, 63.424505], [21.05661, 63.42693], [21.051553200000015, 63.434958], [21.05722980000003, 63.43702230000001], [21.0895424, 63.432250299999964], [21.079802400000034, 63.428134300000025], [21.095638099999956, 63.423709]]], [[[21.51486720000003, 60.11283009999999], [21.514909, 60.105748900000016], [21.49837910000004, 60.1036779], [21.462, 60.11225], [21.488904, 60.121177], [21.51486720000003, 60.11283009999999]]], [[[21.4635, 60.12], [21.489, 60.1405], [21.50775570000004, 60.13837030000004], [21.4635, 60.12]]], [[[21.4475, 60.13775], [21.4565, 60.14475], [21.4855, 60.14525], [21.47125, 60.131], [21.4475, 60.13775]]], [[[21.29575, 60.149], [21.2865, 60.157], [21.296, 60.1535], [21.30125, 60.161], [21.29475, 60.166], [21.319, 60.1675], [21.314, 60.15275], [21.29575, 60.149]]], [[[21.462903, 60.163385], [21.484263599999984, 60.16841720000003], [21.476810299999958, 60.16997370000003], [21.47991120000002, 60.175604100000044], [21.5004193, 60.17490759999997], [21.5036342, 60.166387599999965], [21.462903, 60.163385]]], [[[21.484, 60.1775], [21.493, 60.18575], [21.514, 60.184], [21.50775, 60.1745], [21.484, 60.1775]]], [[[21.3062842, 60.198357], [21.291194599999983, 60.19144749999998], [21.260211900000012, 60.200679099999974], [21.3062842, 60.198357]]], [[[21.3357119, 60.2244682], [21.3992937, 60.22543020000001], [21.383, 60.21025], [21.35525, 60.2105], [21.3805, 60.209], [21.3715, 60.20175], [21.470083900000034, 60.209148100000014], [21.440141, 60.186979400000034], [21.4255, 60.18925], [21.3965, 60.1775], [21.38925, 60.18125], [21.3995, 60.18525], [21.39375, 60.1885], [21.36675, 60.176], [21.363, 60.1875], [21.33, 60.18675], [21.3085, 60.19725], [21.35125, 60.1985], [21.33475, 60.2], [21.34625, 60.2075], [21.3215, 60.19925], [21.3275, 60.2055], [21.30275, 60.2005], [21.28075, 60.2105], [21.313, 60.2225], [21.31875, 60.2325], [21.38548, 60.2305773], [21.3357119, 60.2244682]]], [[[21.24454390000002, 60.21415490000003], [21.2594377, 60.21443190000004], [21.248587600000022, 60.225948299999985], [21.257520900000024, 60.2284432], [21.273211799999956, 60.2200167], [21.2749556, 60.2295382], [21.287314700000035, 60.22306], [21.296637500000024, 60.23131190000004], [21.300998800000013, 60.22473790000002], [21.268087, 60.20337339999997], [21.24454390000002, 60.21415490000003]]], [[[21.47075, 60.23975], [21.46825, 60.2345], [21.45575, 60.232], [21.474, 60.2285], [21.4545, 60.226], [21.4655, 60.22125], [21.462, 60.213], [21.39625, 60.209], [21.406, 60.21125], [21.4, 60.21375], [21.406, 60.22225], [21.4185, 60.2235], [21.407, 60.2225], [21.41625, 60.23725], [21.447, 60.24125], [21.4195, 60.23175], [21.422, 60.2305], [21.47075, 60.23975]]], [[[21.51975, 60.2465], [21.537, 60.23225], [21.49275, 60.23425], [21.514, 60.24075], [21.517, 60.248], [21.50875, 60.2525], [21.522, 60.25575], [21.51975, 60.2465]]], [[[21.525, 60.25025], [21.5445, 60.255], [21.55425, 60.249], [21.54625, 60.241], [21.5285, 60.2425], [21.525, 60.25025]]], [[[21.40775, 60.24075], [21.32306610000004, 60.23499490000003], [21.3, 60.24225], [21.31675, 60.24225], [21.302, 60.24575], [21.333, 60.25425], [21.35625, 60.25075], [21.35025, 60.24625], [21.35675, 60.24225], [21.399, 60.24325], [21.41675, 60.2495], [21.384, 60.2465], [21.35025, 60.2605], [21.422, 60.266], [21.4265, 60.247], [21.40775, 60.24075]]], [[[21.47125, 60.258], [21.43575, 60.253], [21.44625, 60.262], [21.47125, 60.258]]], [[[21.44625, 60.29125], [21.44675, 60.27025], [21.39225, 60.2675], [21.37375, 60.274], [21.393, 60.28675], [21.4175, 60.2845], [21.42775, 60.29175], [21.44625, 60.29125]]], [[[21.30125, 60.28225], [21.277, 60.29325], [21.309, 60.28875], [21.2935, 60.2865], [21.30125, 60.28225]]], [[[21.5545, 60.28575], [21.567023100000036, 60.276869699999985], [21.526049200000017, 60.282757], [21.517948900000015, 60.29113259999998], [21.55301640000001, 60.304657700000035], [21.5816892, 60.2943488], [21.580298799999973, 60.2869141], [21.5545, 60.28575]]], [[[21.461, 60.2915], [21.4995, 60.29775], [21.499, 60.293], [21.461, 60.2915]]], [[[21.29775, 60.32025], [21.278, 60.32125], [21.27675, 60.33], [21.310701, 60.33064140000001], [21.29775, 60.32025]]], [[[21.338, 60.33675], [21.31575, 60.33275], [21.31225, 60.342], [21.294, 60.34275], [21.311, 60.344], [21.338, 60.33675]]], [[[21.35865139999998, 60.37086260000002], [21.363180199999974, 60.35143210000002], [21.334752600000026, 60.35213080000001], [21.329829600000014, 60.35936380000002], [21.341188499999983, 60.3664225], [21.325773599999973, 60.3609264], [21.323927800000018, 60.37150250000003], [21.31391680000002, 60.358424], [21.28934069999998, 60.374812100000035], [21.315195200000012, 60.3877252], [21.30222429999998, 60.38439529999999], [21.29752830000001, 60.39187990000003], [21.315912899999976, 60.393917400000035], [21.35865139999998, 60.37086260000002]]], [[[21.4975, 60.37175], [21.470329600000024, 60.3598273], [21.48325, 60.37175], [21.4735, 60.37575], [21.47975, 60.3825], [21.4675, 60.3805], [21.46675, 60.38575], [21.48475, 60.3895], [21.4965, 60.384], [21.48625, 60.37475], [21.4975, 60.37175]]], [[[21.413307800000023, 60.389609700000044], [21.401247099999985, 60.3903305], [21.408768400000042, 60.37813889999996], [21.4027018, 60.365918899999976], [21.36407720000003, 60.385163499999955], [21.35342019999996, 60.3991028], [21.371638799999957, 60.4064968], [21.413307800000023, 60.389609700000044]]], [[[21.3555, 60.407], [21.354, 60.41125], [21.365, 60.4065], [21.31575, 60.40425], [21.32825, 60.415], [21.3555, 60.407]]], [[[21.43525, 60.40075], [21.4175, 60.40025], [21.41675, 60.41325], [21.4, 60.413], [21.425, 60.42775], [21.44275, 60.4105], [21.43525, 60.40075]]], [[[21.25475, 60.41225], [21.25325, 60.4225], [21.2745, 60.41775], [21.25475, 60.41225]]], [[[21.40675, 60.4235], [21.39675, 60.427], [21.367, 60.4105], [21.35275, 60.415], [21.386, 60.44], [21.396124499999978, 60.4394754], [21.393, 60.4285], [21.417, 60.44], [21.40675, 60.4235]]], [[[21.376216700000015, 60.50518109999998], [21.395544799999975, 60.49654519999998], [21.380663, 60.488492099999974], [21.377834400000015, 60.49406959999996], [21.386535, 60.49814860000004], [21.371311699999982, 60.49373870000003], [21.3599494, 60.50063580000004], [21.362663500000032, 60.50914109999998], [21.34610870000003, 60.5091436], [21.346894500000033, 60.5145441], [21.37572310000003, 60.5194035], [21.382352099999977, 60.51419230000003], [21.376216700000015, 60.50518109999998]]], [[[21.565, 60.49925], [21.549, 60.49375], [21.55966389999998, 60.485349], [21.550429400000013, 60.48441189999998], [21.5357003, 60.4910526], [21.540427, 60.4952454], [21.5147617, 60.49995930000002], [21.527092600000017, 60.50386450000002], [21.52434270000004, 60.51887250000003], [21.5640428, 60.50271949999996], [21.56290290000001, 60.50992449999996], [21.549846700000028, 60.5123101], [21.55125219999997, 60.5271367], [21.573351299999963, 60.5214226], [21.56924270000001, 60.518145], [21.5768383, 60.51136490000004], [21.565, 60.49925]]], [[[21.25885, 60.58388009999997], [21.31576, 60.55228], [21.32312, 60.5346], [21.3133401, 60.51748], [21.33619, 60.51692], [21.335030099999983, 60.50668], [21.35051759999996, 60.50385810000002], [21.369829, 60.483033], [21.356009, 60.482843499999966], [21.36103840000004, 60.48942010000002], [21.3507928, 60.494911100000046], [21.33906729999998, 60.48804969999996], [21.319124100000018, 60.494318799999974], [21.327943199999986, 60.48903710000004], [21.3124095, 60.485285], [21.301485799999984, 60.4960956], [21.28274519999996, 60.491209099999985], [21.27192169999997, 60.49634239999999], [21.2877801, 60.50334], [21.261640099999966, 60.50915], [21.2759099, 60.51014], [21.272320099999984, 60.51604], [21.23910109999999, 60.509813500000014], [21.247569900000016, 60.53681], [21.27604, 60.52652009999996], [21.26938, 60.5367699], [21.2823, 60.53086009999997], [21.281400199999965, 60.538271100000046], [21.27104, 60.5485401], [21.29651, 60.5495], [21.2586, 60.55215], [21.26373, 60.544970100000015], [21.24943990000002, 60.5439801], [21.255440099999987, 60.54677990000001], [21.2411901, 60.55295], [21.2485, 60.556769899999956], [21.24102, 60.56445990000003], [21.25973, 60.56443009999996], [21.2299, 60.57292], [21.22972, 60.58418], [21.245870099999973, 60.58671], [21.25204, 60.57749], [21.25885, 60.58388009999997]]], [[[21.40980019999997, 60.58045789999997], [21.4233646, 60.581371399999966], [21.4464063, 60.573268800000044], [21.445415099999963, 60.56449210000003], [21.435405199999966, 60.565277199999976], [21.422739300000035, 60.57484330000002], [21.4300577, 60.57809830000004], [21.41718960000004, 60.5792658], [21.430835, 60.56592549999997], [21.41725, 60.56505], [21.429199799999985, 60.554694], [21.455286400000038, 60.551504], [21.4475098, 60.55931619999996], [21.4725868, 60.5585856], [21.479472, 60.54532489999997], [21.4963273, 60.55403389999998], [21.517698299999974, 60.54629329999998], [21.522401800000033, 60.53249790000003], [21.536063899999967, 60.52656959999997], [21.519896599999964, 60.5214205], [21.515919499999967, 60.531343], [21.476877199999986, 60.53644190000004], [21.483472100000043, 60.5107376], [21.4958045, 60.51417940000003], [21.48175, 60.522], [21.483292500000015, 60.52921740000003], [21.50837710000003, 60.52497559999998], [21.508592900000032, 60.506945], [21.49466089999997, 60.50417319999998], [21.504793, 60.51060109999999], [21.49477479999998, 60.5132967], [21.485963500000036, 60.505363399999965], [21.50843639999996, 60.496968], [21.47910859999996, 60.49043729999998], [21.488704499999987, 60.48781909999998], [21.4755635, 60.487351], [21.481659900000025, 60.48370429999996], [21.468534199999976, 60.4775379], [21.433954099999983, 60.48428360000002], [21.431754599999984, 60.49482759999997], [21.444474799999966, 60.49436], [21.38756, 60.51652009999999], [21.383955500000038, 60.5304945], [21.3694118, 60.53724240000002], [21.3627382, 60.53314060000001], [21.375111599999972, 60.5305824], [21.36814990000003, 60.527931], [21.332338600000043, 60.54444980000004], [21.3486256, 60.54957489999999], [21.3278746, 60.564527], [21.3538437, 60.56894910000003], [21.341615399999956, 60.57123450000003], [21.348558100000012, 60.57850490000003], [21.3745806, 60.57265729999998], [21.3664405, 60.58220170000001], [21.38094269999998, 60.5895654], [21.370442, 60.59699530000004], [21.398360100000033, 60.5941866], [21.40980019999997, 60.58045789999997]]], [[[21.559453299999962, 60.5311051], [21.525026500000042, 60.54852269999997], [21.534629899999977, 60.55849], [21.525037499999975, 60.55875279999998], [21.521052400000027, 60.54919770000004], [21.51482010000004, 60.56080609999996], [21.5249186, 60.565391099999985], [21.550743200000042, 60.55245240000004], [21.559453299999962, 60.5311051]]], [[[21.32743, 60.57629], [21.32008, 60.568640100000046], [21.33296, 60.557349899999984], [21.319929899999988, 60.5538], [21.28844009999998, 60.57793], [21.319263700000022, 60.56887009999998], [21.31390009999997, 60.57582], [21.32743, 60.57629]]], [[[21.4175755, 60.615630400000036], [21.42304960000004, 60.61981379999996], [21.428728399999972, 60.61035840000002], [21.399516100000024, 60.61740419999999], [21.4175755, 60.615630400000036]]], [[[21.291799899999972, 60.66184990000003], [21.32285, 60.6648499], [21.32253, 60.6582], [21.311350100000013, 60.66105010000002], [21.3232599, 60.652820100000035], [21.311029899999987, 60.65541], [21.30308, 60.64160990000002], [21.31717, 60.6433701], [21.32899, 60.62722], [21.3350508, 60.63186080000002], [21.32389, 60.638489899999975], [21.34678, 60.63485], [21.35525, 60.6238299], [21.3232717, 60.62136160000004], [21.33377279999996, 60.614243], [21.331150699999988, 60.620608], [21.353380100000017, 60.61872], [21.35745, 60.609110100000024], [21.351409899999982, 60.60516], [21.3652, 60.60512010000003], [21.37209849999998, 60.58667380000002], [21.36032240000004, 60.58401190000004], [21.34386, 60.60518], [21.30934080000003, 60.62081539999997], [21.31503990000004, 60.611900100000035], [21.305890099999978, 60.60924010000004], [21.3064, 60.60679990000001], [21.314, 60.60355009999998], [21.3085, 60.60885], [21.3173699, 60.6111301], [21.325590099999978, 60.60035989999999], [21.32776, 60.60829], [21.33601, 60.60085], [21.32060990000003, 60.59679010000003], [21.32331, 60.57989989999999], [21.28796, 60.58201989999998], [21.28332010000001, 60.58638], [21.290880099999985, 60.58842], [21.27665009999996, 60.59714990000004], [21.2850299, 60.60301009999997], [21.29381990000004, 60.59609], [21.29080990000004, 60.60991009999996], [21.2850299, 60.60352], [21.26684, 60.6071399], [21.268220100000033, 60.61661], [21.26437, 60.62276], [21.2596, 60.6110001], [21.27093, 60.59818], [21.2566501, 60.60154], [21.237515599999988, 60.6095885], [21.24793, 60.61844], [21.235769899999966, 60.62819], [21.22849, 60.631010099999976], [21.23373, 60.63459009999998], [21.219640099999957, 60.63127990000001], [21.20456, 60.6354], [21.22228, 60.636149899999985], [21.21214, 60.63923], [21.212950100000025, 60.64332], [21.231659899999986, 60.6363799], [21.22547, 60.64509], [21.23509990000004, 60.644819899999966], [21.23124, 60.650710099999976], [21.25264010000004, 60.65477], [21.25937, 60.64887], [21.28816, 60.66288], [21.2634, 60.66421], [21.25382, 60.67268], [21.2945, 60.67131], [21.291799899999972, 60.66184990000003]]], [[[21.29843, 60.701759900000035], [21.3371, 60.70601], [21.33860989999997, 60.70012], [21.29843, 60.701759900000035]]], [[[21.32989, 60.71524], [21.2844, 60.70920989999997], [21.28287, 60.71305], [21.30435010000001, 60.72054989999997], [21.32989, 60.71524]]], [[[21.35458, 60.72823], [21.338820100000042, 60.72034], [21.32554, 60.72420990000002], [21.3410599, 60.73415], [21.35458, 60.72823]]], [[[21.37277919999999, 60.74796679999996], [21.3483668, 60.744167700000034], [21.32442, 60.76199], [21.336994199999957, 60.76861310000001], [21.355398500000042, 60.765242], [21.3744164, 60.755344500000035], [21.37277919999999, 60.74796679999996]]], [[[21.2854819, 60.75868730000004], [21.266018699999965, 60.75394760000001], [21.255530099999973, 60.7566], [21.250026299999956, 60.76314539999996], [21.280486500000038, 60.764658800000035], [21.2854819, 60.75868730000004]]], [[[21.3018895, 60.77240609999996], [21.2893153, 60.76010339999997], [21.2830925, 60.765134], [21.265668899999977, 60.770101], [21.29253390000004, 60.77521390000002], [21.3018895, 60.77240609999996]]], [[[21.3562568, 60.79809990000002], [21.36183819999996, 60.79898919999997], [21.35351660000003, 60.7969651], [21.359503300000036, 60.7889346], [21.33461510000002, 60.7898438], [21.3562568, 60.79809990000002]]], [[[21.439796899999983, 61.17100479999997], [21.41404569999997, 61.17307439999997], [21.402152500000025, 61.17887390000003], [21.426229299999964, 61.18348059999998], [21.4304742, 61.17932590000003], [21.41871519999997, 61.174143100000016], [21.439796899999983, 61.17100479999997]]], [[[21.4066016, 61.207829400000044], [21.370050399999982, 61.19748330000003], [21.411688100000035, 61.184344799999984], [21.3537761, 61.17345249999999], [21.34183229999996, 61.17759320000002], [21.36267540000004, 61.17944549999998], [21.342719900000038, 61.18321], [21.350507500000013, 61.1874538], [21.333734100000044, 61.193435], [21.3662784, 61.19615440000003], [21.3523913, 61.2014128], [21.368536899999988, 61.20727090000002], [21.36117839999999, 61.21619550000001], [21.4066016, 61.207829400000044]]], [[[21.432711400000013, 61.194486799999986], [21.405660799999957, 61.213604], [21.468356, 61.1951891], [21.45367659999998, 61.19677939999996], [21.432711400000013, 61.194486799999986]]], [[[21.464336500000023, 61.2058837], [21.42649139999998, 61.21391809999996], [21.42619739999999, 61.21555189999996], [21.45345329999998, 61.22340050000001], [21.45639520000003, 61.21873149999996], [21.44365450000004, 61.21523639999997], [21.464336500000023, 61.2058837]]], [[[21.4893133, 61.248949099999955], [21.527204300000022, 61.235365500000036], [21.51223649999997, 61.22845760000001], [21.522237700000044, 61.22822949999997], [21.523520499999957, 61.22003350000004], [21.4995058, 61.2183261], [21.494145200000023, 61.224064], [21.504968, 61.2266979], [21.460817299999988, 61.2293656], [21.46803450000002, 61.23221829999996], [21.456662799999968, 61.237343299999985], [21.433425600000042, 61.23213359999997], [21.4250093, 61.236561200000025], [21.43781729999997, 61.23819620000003], [21.419684599999975, 61.24357940000002], [21.43591250000002, 61.250241799999976], [21.4893133, 61.248949099999955]]], [[[21.48925990000002, 61.30225], [21.50392990000004, 61.2885], [21.464220099999984, 61.30003], [21.48925990000002, 61.30225]]], [[[21.517580099999964, 61.342569900000015], [21.463809899999973, 61.34442], [21.46552, 61.35171], [21.48362, 61.35113989999998], [21.46456009999996, 61.3591299], [21.49807, 61.35518], [21.49165, 61.35342], [21.517580099999964, 61.342569900000015]]], [[[21.43792, 61.35973], [21.42003, 61.3769299], [21.44182, 61.37148990000003], [21.43792, 61.35973]]], [[[21.531892, 61.3826255], [21.51399, 61.38301010000002], [21.516240100000026, 61.39015989999998], [21.5071401, 61.38814990000003], [21.50619, 61.39557009999998], [21.51370990000002, 61.3986199], [21.531892, 61.3826255]]], [[[21.4407, 61.406040100000034], [21.50244, 61.3948199], [21.50069990000004, 61.38587], [21.4407, 61.406040100000034]]], [[[21.337939899999956, 61.47848], [21.35336630000003, 61.48163880000001], [21.346380799999984, 61.48484420000002], [21.3662474, 61.47745350000002], [21.343729900000028, 61.47028009999997], [21.337939899999956, 61.47848]]], [[[21.444676699999974, 61.63057759999997], [21.423175499999978, 61.6304395], [21.422164, 61.623102900000035], [21.455348, 61.60987020000001], [21.455810200000034, 61.59977609999998], [21.4152118, 61.620037399999966], [21.416401, 61.629467200000015], [21.3741178, 61.6297815], [21.40046339999998, 61.64119570000001], [21.444676699999974, 61.63057759999997]]], [[[21.529191400000034, 61.62685059999997], [21.50883259999997, 61.6276658], [21.517629, 61.620689], [21.509601, 61.618613500000016], [21.515621299999985, 61.6110089], [21.504472399999983, 61.61861609999996], [21.510576, 61.610099100000035], [21.497240200000043, 61.62150440000002], [21.46881859999997, 61.617803499999965], [21.444152500000033, 61.627093100000046], [21.478574099999967, 61.62655280000002], [21.471584600000035, 61.643438500000045], [21.481796799999984, 61.64504190000002], [21.514174800000028, 61.64171020000004], [21.5302624, 61.63387329999998], [21.529191400000034, 61.62685059999997]]], [[[21.4406087, 61.679513700000015], [21.477691699999966, 61.65303309999996], [21.4665766, 61.648539699999965], [21.4530704, 61.652483], [21.443621599999982, 61.66227740000003], [21.4496235, 61.666533500000014], [21.411367, 61.6782834], [21.4406087, 61.679513700000015]]], [[[21.463180400000024, 61.8396371], [21.446386599999965, 61.838844499999965], [21.433791300000014, 61.8486347], [21.461466100000024, 61.8461585], [21.463180400000024, 61.8396371]]], [[[21.389676099999964, 62.95271320000004], [21.41495479999996, 62.960453600000015], [21.410311800000024, 62.96648369999997], [21.428441699999965, 62.963435299999986], [21.4011731, 62.95422120000002], [21.411269899999983, 62.9513055], [21.394024300000023, 62.952311], [21.410311800000024, 62.94882539999997], [21.4011731, 62.94359630000003], [21.417755399999958, 62.9429593], [21.41134360000004, 62.937427300000046], [21.4189346, 62.93165950000003], [21.410311800000024, 62.926595], [21.397267100000015, 62.92904360000004], [21.400657200000026, 62.93883560000004], [21.3932136, 62.93373870000003], [21.39675119999996, 62.926829800000014], [21.402573400000033, 62.9246494], [21.392034399999957, 62.91032220000001], [21.384738199999962, 62.91549020000004], [21.386285900000033, 62.930251], [21.373020100000026, 62.932665599999964], [21.369703599999976, 62.924314], [21.3670504, 62.9309217], [21.35216319999996, 62.93045219999997], [21.363734, 62.931257100000046], [21.35120520000001, 62.93605259999999], [21.357543299999957, 62.94014310000004], [21.348036099999987, 62.939305], [21.381127, 62.95609780000004], [21.37368340000002, 62.9624973], [21.382748299999985, 62.96782359999999], [21.406774199999976, 62.9655792], [21.389676099999964, 62.95271320000004]]], [[[21.46543030000002, 62.986414399999965], [21.441239399999965, 62.9934536], [21.437755, 62.99836370000002], [21.472399200000023, 62.993635400000045], [21.46543030000002, 62.986414399999965]]], [[[21.4020705, 63.00696269999999], [21.420550500000033, 63.00052260000004], [21.4055851, 62.998537], [21.441722599999977, 62.986371699999985], [21.3826991, 62.99693610000003], [21.3919061, 62.99227469999999], [21.37933850000003, 62.989327], [21.339638199999964, 62.996370599999956], [21.3452205, 63.005842700000045], [21.33961049999998, 63.00726270000003], [21.32439050000002, 63.00537269999997], [21.332770499999985, 62.999732600000044], [21.318190500000043, 63.00463270000002], [21.335170499999965, 63.01328280000004], [21.376660499999964, 63.0003826], [21.3627405, 63.0119328], [21.3813005, 63.01060279999999], [21.367860499999978, 63.01652279999998], [21.376890499999988, 63.01803289999996], [21.417320500000034, 63.01025279999998], [21.4020705, 63.00696269999999]]], [[[21.379846599999972, 63.085444600000045], [21.43851660000001, 63.08413460000001], [21.454076600000036, 63.068854499999965], [21.439246600000015, 63.057904399999984], [21.44526660000002, 63.04560430000003], [21.437916600000015, 63.04409419999996], [21.437616599999973, 63.04332420000002], [21.455366600000012, 63.042754200000026], [21.425866599999974, 63.02954410000001], [21.4518166, 63.03202410000004], [21.42680809999998, 63.015178300000024], [21.456228099999972, 63.00689819999998], [21.43905809999996, 63.00669820000004], [21.4334626, 62.99514919999997], [21.428288099999957, 63.001358099999976], [21.441368099999956, 63.010018200000026], [21.32852660000003, 63.03826420000004], [21.36299659999997, 63.0462243], [21.4020866, 63.0413842], [21.396246600000044, 63.04627430000004], [21.41522659999998, 63.05362429999996], [21.395806599999965, 63.0554744], [21.406076599999988, 63.0654144], [21.38750659999996, 63.06751450000003], [21.40442659999998, 63.067214499999984], [21.404826600000035, 63.075914500000046], [21.377996600000024, 63.0734245], [21.379846599999972, 63.085444600000045]]], [[[21.38679660000001, 63.05652440000002], [21.382226599999985, 63.0521843], [21.399696600000038, 63.05187430000003], [21.3911666, 63.04576430000004], [21.349826599999986, 63.052774299999975], [21.380156600000042, 63.06587449999996], [21.369896599999958, 63.05707439999996], [21.38679660000001, 63.05652440000002]]], [[[21.530736599999987, 63.127675], [21.507566600000025, 63.128015], [21.49578660000003, 63.1331751], [21.504986599999985, 63.14209519999998], [21.530736599999987, 63.127675]]], [[[21.494736600000017, 63.1549253], [21.532256599999986, 63.14966519999998], [21.544936600000018, 63.1320951], [21.516786600000035, 63.13847510000003], [21.5141766, 63.1502452], [21.482136600000032, 63.14550520000004], [21.492116600000042, 63.15032529999997], [21.47635659999999, 63.154985299999986], [21.472826600000037, 63.1642054], [21.5024266, 63.1579653], [21.494736600000017, 63.1549253]]], [[[21.402172800000017, 63.170352699999974], [21.38681710000002, 63.16528240000003], [21.411412699999985, 63.15888], [21.37841330000004, 63.16153190000004], [21.3779513, 63.170531], [21.4065791, 63.1810833], [21.402172800000017, 63.170352699999974]]], [[[21.251634599999978, 63.320304399999976], [21.2468978, 63.315398599999966], [21.253781, 63.31112140000001], [21.2327572, 63.303052], [21.23593050000002, 63.29639549999999], [21.2661834, 63.30384409999998], [21.251291899999956, 63.30482729999997], [21.262922, 63.3079986], [21.251806900000023, 63.3146389], [21.25830890000003, 63.317105599999984], [21.27252460000003, 63.3091118], [21.265347, 63.305989], [21.275664, 63.308559500000044], [21.27775, 63.29571], [21.22757, 63.2738], [21.22806, 63.26511], [21.21781, 63.26103], [21.22285, 63.25232], [21.194893400000012, 63.255765900000036], [21.201983, 63.24607150000003], [21.20167079999998, 63.25407410000003], [21.25788, 63.23461], [21.25284, 63.24204], [21.27497, 63.242], [21.26144, 63.25199], [21.27337, 63.25274], [21.324628, 63.23792520000004], [21.31390559999998, 63.24278780000003], [21.317246600000015, 63.25175809999998], [21.285619, 63.24946409999998], [21.27085, 63.2571], [21.286, 63.26717], [21.29442, 63.2582], [21.30301, 63.2647], [21.31939, 63.25751], [21.34376129999996, 63.27382179999998], [21.348106300000023, 63.268623600000026], [21.35301, 63.2674], [21.37238, 63.27247], [21.3691, 63.2822], [21.39013, 63.28291], [21.39795, 63.27368], [21.4258282, 63.27300870000003], [21.41718, 63.26749], [21.45218, 63.25459], [21.4427, 63.253], [21.45601, 63.24511], [21.44292240000004, 63.234858300000035], [21.443375, 63.219873199999974], [21.46280240000001, 63.2065713], [21.436408, 63.20726989999998], [21.422696599999966, 63.1991657], [21.41174, 63.20483], [21.418916600000024, 63.1927657], [21.412866600000022, 63.18485560000002], [21.414366599999966, 63.1912456], [21.40000660000002, 63.1969157], [21.394226599999975, 63.188485599999986], [21.379556599999958, 63.192875700000045], [21.38624659999998, 63.184675599999956], [21.37322659999997, 63.18522559999999], [21.367196600000025, 63.2005857], [21.37398659999997, 63.1997957], [21.37728, 63.2126], [21.36198, 63.2129], [21.35569, 63.20832], [21.36247, 63.20701], [21.358936600000042, 63.19753569999997], [21.30817290000003, 63.177983], [21.332076600000036, 63.176375500000034], [21.326536600000043, 63.162055400000014], [21.318656599999972, 63.1664254], [21.3278307, 63.15961269999996], [21.2706059, 63.15692650000002], [21.256335800000024, 63.1633369], [21.285711399999983, 63.17011710000002], [21.24055659999998, 63.16555539999997], [21.2290066, 63.1714555], [21.2271966, 63.1932057], [21.2169966, 63.19270570000001], [21.22204660000003, 63.18528559999998], [21.211856599999965, 63.187345599999986], [21.207986600000037, 63.19987569999996], [21.1972366, 63.20181569999998], [21.20852660000004, 63.19579569999998], [21.2078766, 63.18453560000001], [21.16571, 63.18512], [21.15304, 63.19973], [21.16186, 63.20534], [21.14653, 63.20049], [21.13922, 63.2115], [21.14438, 63.22352], [21.13762, 63.23145], [21.15043, 63.22488], [21.14726, 63.23119], [21.10142, 63.2609], [21.13039, 63.26497], [21.11633119999997, 63.271495100000024], [21.10881, 63.26319], [21.10427, 63.26422], [21.10483, 63.26141], [21.09937, 63.26773], [21.09745, 63.26192], [21.08045, 63.27242], [21.1164625, 63.27231239999997], [21.08615, 63.28188], [21.08731, 63.2893], [21.10323, 63.29159], [21.08621, 63.29979], [21.08566, 63.30836], [21.10783, 63.30438], [21.105361, 63.295489], [21.14579, 63.27865], [21.1427, 63.2844], [21.16062, 63.28834], [21.16856, 63.2859], [21.16258, 63.28412], [21.16455, 63.28105], [21.18218, 63.28282], [21.19082750000004, 63.2882256], [21.197007300000035, 63.28239920000002], [21.191256600000017, 63.2803154], [21.199196, 63.280025900000034], [21.2263614, 63.28872710000002], [21.210868900000044, 63.29237280000004], [21.204131199999985, 63.2875697], [21.1896473, 63.28996170000003], [21.18600159999998, 63.28640469999997], [21.18224, 63.29279], [21.18977970000003, 63.29818130000004], [21.177630200000017, 63.30148029999997], [21.1930341, 63.3018392], [21.183120900000016, 63.31279850000004], [21.198035099999988, 63.30669279999996], [21.19530819999996, 63.31141030000002], [21.214169500000022, 63.32321390000001], [21.251634599999978, 63.320304399999976]]], [[[21.43175, 63.29251], [21.43858, 63.27458], [21.427029800000028, 63.2724007], [21.422607399999958, 63.277802099999974], [21.41441269999996, 63.27699359999996], [21.41626, 63.28258], [21.39978, 63.28237], [21.41381, 63.28421], [21.40158, 63.28953], [21.38449, 63.2865], [21.38964, 63.28905], [21.38178, 63.29598], [21.39953, 63.29064], [21.39827, 63.29632], [21.42047, 63.29894], [21.423716100000032, 63.2885778], [21.43175, 63.29251]]], [[[21.319892, 63.37171179999996], [21.42288149999999, 63.36685840000002], [21.403125299999957, 63.36263130000003], [21.419427800000044, 63.35083720000003], [21.40444269999998, 63.33890130000001], [21.410429399999984, 63.337639200000034], [21.392348099999978, 63.33380910000003], [21.40050839999997, 63.33166660000004], [21.39105950000003, 63.32991880000002], [21.399523500000015, 63.32506590000004], [21.39036, 63.31824859999997], [21.40041189999998, 63.3169952], [21.376164699999975, 63.311950500000044], [21.39042329999997, 63.3099845], [21.36875210000003, 63.30720450000002], [21.34988630000004, 63.28863649999998], [21.327679500000016, 63.292422], [21.341178500000044, 63.298724599999964], [21.335835600000017, 63.30813339999996], [21.3556835, 63.31302509999996], [21.342626500000037, 63.314475399999964], [21.348602699999972, 63.320218], [21.28779159999997, 63.307873699999966], [21.2750189, 63.3111685], [21.28095, 63.33215], [21.262482400000025, 63.33775720000003], [21.2527728, 63.33071320000003], [21.229244399999967, 63.3306217], [21.2530732, 63.33867190000004], [21.242440900000013, 63.341762300000035], [21.254232800000015, 63.35376360000004], [21.246011799999973, 63.36005969999998], [21.25961, 63.36429], [21.27104909999998, 63.35449110000002], [21.2978202, 63.35756179999998], [21.319892, 63.37171179999996]]], [[[21.623493599999986, 59.82393250000004], [21.550989199999968, 59.81161550000002], [21.584948, 59.830409400000015], [21.647467799999962, 59.83640370000003], [21.623493599999986, 59.82393250000004]]], [[[21.698857100000044, 59.911076699999974], [21.675266800000035, 59.903096], [21.684032400000017, 59.90968859999996], [21.670409899999985, 59.90727530000004], [21.687016199999984, 59.916408599999976], [21.698857100000044, 59.911076699999974]]], [[[21.7725, 59.91225], [21.761, 59.90525], [21.7455, 59.90275], [21.76475, 59.91875], [21.7725, 59.91225]]], [[[21.7535, 59.91975], [21.72725, 59.91175], [21.7425, 59.9205], [21.71725, 59.91125], [21.7045, 59.9095], [21.722, 59.91975], [21.74575, 59.92225], [21.7535, 59.91975]]], [[[21.794, 59.918], [21.76775, 59.92175], [21.77825, 59.92425], [21.7725, 59.931], [21.7895, 59.93225], [21.794, 59.918]]], [[[21.7785, 59.95375], [21.71925, 59.94025], [21.75525, 59.9515], [21.7445, 59.956], [21.7455, 59.966], [21.77875, 59.97], [21.7785, 59.95375]]], [[[21.6805, 60.0995], [21.688619500000037, 60.09584249999997], [21.6045, 60.101], [21.606, 60.10325], [21.645, 60.104], [21.66225, 60.108], [21.69125, 60.10325], [21.6805, 60.0995]]], [[[21.594, 60.108], [21.616, 60.1105], [21.6585, 60.11125], [21.6416243, 60.1054374], [21.594, 60.108]]], [[[21.78775, 60.1145], [21.75025, 60.11775], [21.74025, 60.11375], [21.7577804, 60.10666709999996], [21.735, 60.10725], [21.73975, 60.10475], [21.7115, 60.105], [21.7155, 60.1085], [21.705052199999972, 60.111968899999965], [21.747, 60.12075], [21.78775, 60.1145]]], [[[21.686520600000012, 60.12296310000004], [21.697681899999974, 60.12794810000003], [21.729064900000026, 60.121702900000045], [21.72125, 60.11775], [21.686520600000012, 60.12296310000004]]], [[[21.876, 60.1305], [21.87175, 60.12525], [21.9015, 60.1195], [21.86725, 60.11725], [21.8675, 60.1245], [21.84975, 60.11875], [21.8535, 60.114], [21.81875, 60.12175], [21.8164533, 60.128461100000024], [21.876, 60.1305]]], [[[22.0054302, 60.127683199999964], [22.0196847, 60.11915479999998], [21.971883399999967, 60.11033490000003], [21.942159100000023, 60.1132123], [21.941913400000033, 60.1212912], [21.9201712, 60.124911300000036], [21.973948200000013, 60.140469299999985], [21.9705614, 60.12957359999997], [22.0054302, 60.127683199999964]]], [[[22.0435, 60.1445], [22.0105, 60.13625], [22.0211627, 60.1323843], [22.015577199999967, 60.1317465], [21.976814899999972, 60.13625], [22.006320300000013, 60.146069], [22.0435, 60.1445]]], [[[21.932960600000015, 60.14014760000001], [21.95375, 60.1495], [21.96325, 60.145], [21.9523619, 60.1395196], [21.932960600000015, 60.14014760000001]]], [[[21.91852390000003, 60.149177], [21.884341399999983, 60.14770930000004], [21.884948400000024, 60.1419701], [21.90651090000003, 60.144067], [21.886853199999976, 60.1335726], [21.83286289999998, 60.134329899999955], [21.830842599999976, 60.14058340000001], [21.866360899999968, 60.159479], [21.90948589999998, 60.15757], [21.91852390000003, 60.149177]]], [[[21.5705, 60.184], [21.692162800000023, 60.177822], [21.68542030000001, 60.17294739999996], [21.692425900000032, 60.17149690000003], [21.69, 60.15575], [21.64975, 60.14975], [21.64275, 60.1425], [21.66075, 60.1385], [21.66975, 60.11925], [21.54575, 60.10825], [21.52975, 60.111], [21.53825, 60.1165], [21.517280400000036, 60.11125189999997], [21.51875, 60.12625], [21.49864969999996, 60.120850200000014], [21.5096789, 60.125486], [21.498879599999974, 60.12659530000001], [21.503902299999975, 60.13418309999998], [21.522418900000027, 60.13825449999996], [21.52825, 60.1435], [21.537584500000015, 60.137738299999974], [21.58875, 60.139], [21.52672980000002, 60.1451584], [21.51325, 60.13925], [21.5055193, 60.143524099999965], [21.513, 60.15575], [21.545447899999957, 60.1629272], [21.534123900000033, 60.166447], [21.545, 60.1735], [21.578, 60.179], [21.56175, 60.181], [21.5705, 60.184]]], [[[21.92568429999998, 60.160038099999966], [21.9123071, 60.16173429999998], [21.9089388, 60.17060070000004], [21.94662690000003, 60.180608], [21.92568429999998, 60.160038099999966]]], [[[21.893, 60.21125], [21.837756599999967, 60.208573399999985], [21.89475, 60.20775], [21.9121645, 60.19386210000001], [21.9476979, 60.19018939999998], [21.93047609999997, 60.18091730000001], [21.8635, 60.1895], [21.86675, 60.1795], [21.90949510000003, 60.17925570000002], [21.89675, 60.172], [21.79830060000004, 60.169714299999974], [21.862, 60.16525], [21.803298300000016, 60.157603300000034], [21.8397707, 60.15734780000003], [21.826137100000018, 60.14931759999997], [21.8108916, 60.1534453], [21.816756500000043, 60.1415269], [21.79714149999997, 60.129786299999985], [21.76225, 60.13175], [21.77591719999997, 60.1241423], [21.691034099999982, 60.1334632], [21.7096812, 60.13559889999997], [21.7001178, 60.139698], [21.717232599999967, 60.146010199999964], [21.705288399999976, 60.16479989999996], [21.75375, 60.1685], [21.743072600000044, 60.1707764], [21.743836, 60.1785545], [21.7210437, 60.1707764], [21.7105, 60.17625], [21.7225, 60.1765], [21.7238937, 60.19760909999998], [21.739723200000025, 60.206613], [21.763690200000028, 60.210640200000014], [21.77172119999998, 60.19764569999999], [21.778835500000024, 60.201419799999975], [21.771482, 60.2127933], [21.82375, 60.2125], [21.84225, 60.2215], [21.8915101, 60.21975], [21.8825, 60.213], [21.893, 60.21125]]], [[[22.1015, 60.2145], [22.10528730000002, 60.19765629999998], [22.063518400000035, 60.184740599999984], [22.038545, 60.18853729999997], [22.0655188, 60.17967230000003], [22.069402800000013, 60.1668775], [22.0433693, 60.16414380000003], [22.056602, 60.15736510000004], [22.0275, 60.1495], [21.998777799999978, 60.14756950000002], [21.991128, 60.15658450000003], [21.9981222, 60.16506060000004], [21.979773499999986, 60.16672120000003], [21.9908775, 60.1543674], [21.981529200000036, 60.1466172], [21.98148209999996, 60.1579861], [21.973850899999956, 60.148988700000025], [21.961524, 60.16278270000004], [21.938083799999983, 60.16771080000002], [21.960567299999987, 60.17634680000003], [21.952513500000013, 60.1845166], [21.958517600000036, 60.19032720000001], [21.970634700000033, 60.18983929999997], [21.956576099999978, 60.19423529999998], [22.0086067, 60.20228189999998], [22.020100599999957, 60.1976341], [22.049616599999986, 60.2174113], [22.097863300000018, 60.22256559999996], [22.0835, 60.207], [22.1015, 60.2145]]], [[[21.65775, 60.19625], [21.6665, 60.193], [21.66475, 60.186], [21.63925, 60.18275], [21.6155942, 60.18869350000002], [21.62325, 60.193], [21.60406629999999, 60.1904816], [21.611834, 60.19724380000004], [21.59825, 60.201], [21.66275, 60.1985], [21.65775, 60.19625]]], [[[21.93285020000003, 60.2062624], [21.9365242, 60.19892709999996], [21.909879899999982, 60.206341100000024], [21.950223499999986, 60.213592], [21.9580481, 60.20639610000004], [21.93285020000003, 60.2062624]]], [[[22.00775, 60.212], [21.969525199999982, 60.210436799999975], [21.9835, 60.205], [21.963, 60.20325], [21.95425, 60.21025], [21.96475, 60.21625], [22.00775, 60.212]]], [[[21.934, 60.2195], [21.98325, 60.2245], [21.9915, 60.22025], [21.934, 60.2195]]], [[[21.9712935, 60.23223869999998], [21.949865799999966, 60.23837539999996], [21.9481207, 60.245035399999985], [21.95475, 60.25275], [21.96225, 60.247], [21.95675, 60.244], [21.97025, 60.242], [21.965114399999983, 60.239054600000024], [21.98075, 60.2375], [21.9712935, 60.23223869999998]]], [[[21.61316, 60.2582401], [21.60345, 60.26263], [21.5862901, 60.253499900000016], [21.639104699999976, 60.251247900000024], [21.6245, 60.24565], [21.63237, 60.239470100000034], [21.60092, 60.2368001], [21.608889900000037, 60.222689900000034], [21.55711, 60.21805], [21.56458, 60.248340100000036], [21.5808069, 60.25446180000002], [21.5745101, 60.25662], [21.584089900000034, 60.2743601], [21.60368, 60.27492009999997], [21.598976899999975, 60.2720242], [21.615994199999964, 60.265735499999955], [21.61316, 60.2582401]]], [[[21.751979900000027, 60.2598299], [21.78781, 60.2609], [21.78969, 60.2537199], [21.75292, 60.24447010000002], [21.751979900000027, 60.2598299]]], [[[21.707, 60.25475], [21.672, 60.2595], [21.7235, 60.26225], [21.707, 60.25475]]], [[[21.68625, 60.28325], [21.642, 60.27575], [21.64525, 60.28225], [21.63525, 60.286], [21.6195, 60.2835], [21.61075, 60.285], [21.606, 60.28725], [21.64225, 60.289], [21.643, 60.29975], [21.68625, 60.28325]]], [[[22.012251400000036, 60.29738519999996], [22.002233700000016, 60.28757739999999], [21.96812920000003, 60.2837667], [21.98304409999997, 60.28957159999997], [21.984424400000044, 60.29407780000004], [22.012251400000036, 60.29738519999996]]], [[[21.8595, 60.2895], [21.8405, 60.28225], [21.8125, 60.30025], [21.8355, 60.292], [21.8575, 60.2955], [21.8595, 60.2895]]], [[[21.987604199999975, 60.3069062], [21.970386500000014, 60.297662], [21.97300710000004, 60.28614729999997], [21.951611800000013, 60.2837851], [21.964709399999958, 60.27766919999997], [21.942184900000026, 60.2762355], [21.89725, 60.28125], [21.9005, 60.2915], [21.879978300000023, 60.28898830000002], [21.8913535, 60.29758389999997], [21.87025, 60.3085], [21.9225, 60.315], [21.987604199999975, 60.3069062]]], [[[21.727870699999983, 60.28980740000002], [21.70525, 60.30075], [21.73725, 60.293], [21.727870699999983, 60.28980740000002]]], [[[22.037, 60.3145], [22.004442499999985, 60.30768680000002], [21.91931160000001, 60.3216403], [21.98325, 60.337], [22.01125, 60.337], [22.039, 60.3235], [22.037, 60.3145]]], [[[21.86975, 60.323], [21.88125, 60.32325], [21.863, 60.3265], [21.914405499999976, 60.32206719999997], [21.86975, 60.323]]], [[[21.864967799999988, 60.3289925], [21.90275, 60.3325], [21.9380046, 60.32727540000004], [21.864967799999988, 60.3289925]]], [[[21.72081259999997, 60.326910799999986], [21.67975, 60.32475], [21.649, 60.33675], [21.6835, 60.341], [21.69175, 60.33575], [21.67775, 60.33025], [21.72081259999997, 60.326910799999986]]], [[[21.983, 60.33875], [21.92425, 60.33725], [21.89475, 60.342], [21.965, 60.3415], [21.983, 60.33875]]], [[[21.807769899999982, 60.33947], [21.769199, 60.33929529999999], [21.77746, 60.34592], [21.807769899999982, 60.33947]]], [[[21.683, 60.356], [21.715, 60.349], [21.71825, 60.34075], [21.67175, 60.34725], [21.66561259999998, 60.34180430000002], [21.6535, 60.345], [21.6595, 60.353], [21.63125, 60.3585], [21.664, 60.3635], [21.69175, 60.36], [21.683, 60.356]]], [[[21.838029199999962, 60.3716386], [21.816616600000014, 60.377048199999955], [21.858542799999956, 60.368753], [21.83234190000004, 60.36871920000004], [21.838029199999962, 60.3716386]]], [[[21.70245, 60.3637401], [21.64404, 60.3755501], [21.6465, 60.38194], [21.6710199, 60.38028], [21.67318, 60.372080100000034], [21.70245, 60.3637401]]], [[[21.75639539999997, 60.36545709999996], [21.727068699999972, 60.37518890000004], [21.7411013, 60.38171], [21.75660469999997, 60.3723643], [21.7928609, 60.38096209999996], [21.781288599999957, 60.3699714], [21.75639539999997, 60.36545709999996]]], [[[21.70225, 60.38675], [21.6765, 60.40075], [21.67875, 60.4145], [21.70225, 60.38675]]], [[[22.05275, 60.40175], [22.03525, 60.3995], [22.02275, 60.40575], [22.0475, 60.41775], [22.0655, 60.41425], [22.06125, 60.41], [22.069, 60.40525], [22.045, 60.398], [22.05275, 60.40175]]], [[[21.92130009999996, 60.461285900000014], [21.9282855, 60.44426760000003], [21.9343141, 60.446340500000034], [21.9403136, 60.44367490000002], [21.9335, 60.4425], [21.93825, 60.43375], [21.97525, 60.415], [21.9695, 60.40875], [21.964, 60.40825], [21.95754519999996, 60.404998500000026], [21.95813420000002, 60.40398879999997], [21.969, 60.40625], [21.971, 60.4095], [21.978, 60.40375], [21.91375, 60.40325], [21.908, 60.411], [21.89975, 60.402], [21.913, 60.394], [21.91525, 60.40275], [21.949, 60.39675], [21.99, 60.40175], [22.0012149, 60.396784699999955], [21.99175, 60.3925], [21.9975, 60.38975], [21.96075, 60.387], [21.97625, 60.398], [21.97275, 60.398], [21.946363199999972, 60.377873600000036], [21.959663099999958, 60.38382470000003], [22.0175, 60.38125], [22.00725, 60.3775], [22.03275, 60.37525], [22.023692, 60.36930349999998], [22.0362233, 60.3670968], [22.027887, 60.35849240000004], [22.04343310000004, 60.36217359999998], [22.0503607, 60.3530722], [22.017683900000016, 60.34094440000001], [22.008549399999975, 60.34389130000004], [22.02077379999997, 60.347909100000024], [21.984038199999976, 60.340519600000036], [21.841044300000032, 60.35504210000002], [21.820147300000023, 60.365141699999974], [21.9123178, 60.360316499999975], [21.90518960000004, 60.35446570000002], [21.930031699999972, 60.35976970000003], [21.824268400000033, 60.37871390000002], [21.8248864, 60.386148800000036], [21.797683400000043, 60.38979720000001], [21.815172, 60.396147800000016], [21.79084269999999, 60.397862300000035], [21.82359039999998, 60.40949989999997], [21.79383739999997, 60.41255880000002], [21.82825, 60.4165], [21.83625, 60.4285], [21.86775, 60.41675], [21.85126770000002, 60.4183283], [21.846347100000028, 60.415569], [21.8745, 60.415], [21.85375, 60.42925], [21.84225, 60.42675], [21.851, 60.43675], [21.827, 60.44075], [21.83275, 60.44425], [21.81675, 60.44175], [21.8315, 60.43325], [21.82175, 60.42025], [21.78225, 60.4245], [21.782, 60.43], [21.813, 60.43325], [21.79125, 60.43525], [21.80375, 60.4375], [21.78425, 60.446], [21.79925, 60.45], [21.815, 60.443], [21.809287, 60.458973099999966], [21.83022959999997, 60.45888839999997], [21.817141, 60.464366700000014], [21.824111, 60.48076710000003], [21.8178627, 60.485018900000014], [21.82589079999998, 60.48910619999998], [21.85775, 60.4895], [21.88725, 60.4745], [21.896, 60.4785], [21.92130009999996, 60.461285900000014]]], [[[21.707, 60.4295], [21.72139, 60.42572069999996], [21.72, 60.40675], [21.70775, 60.4055], [21.7115, 60.41525], [21.69025, 60.4185], [21.6975, 60.43875], [21.68, 60.43875], [21.68, 60.451], [21.7045, 60.44875], [21.71275, 60.4355], [21.707, 60.4295]]], [[[21.64158180000003, 60.42850769999998], [21.62223690000001, 60.43091309999997], [21.6285, 60.4165], [21.599791499999963, 60.407954299999986], [21.598, 60.41525], [21.613, 60.414], [21.6162899, 60.41827], [21.6031432, 60.419046299999984], [21.609040599999982, 60.42407619999996], [21.602537499999972, 60.43381540000003], [21.610519699999973, 60.44241319999998], [21.6195402, 60.43807380000003], [21.618826700000024, 60.45476839999996], [21.6327008, 60.45955240000002], [21.644598, 60.4479428], [21.64158180000003, 60.42850769999998]]], [[[21.9229011, 60.4842318], [22.03575, 60.45275], [22.026611299999974, 60.44235560000001], [22.068156, 60.44568719999998], [22.0736449, 60.44104659999998], [22.067765, 60.426183], [21.99125, 60.423], [21.981081300000014, 60.43115059999999], [21.9839462, 60.4382698], [21.940255900000025, 60.447759], [21.9229011, 60.4842318]]], [[[21.67318830000001, 60.461539500000036], [21.640010200000024, 60.463788], [21.65115260000002, 60.47176920000001], [21.64088979999997, 60.4782237], [21.670121600000023, 60.47699260000001], [21.67318830000001, 60.461539500000036]]], [[[21.61675, 60.48925], [21.6255, 60.49325], [21.634, 60.48575], [21.61475, 60.4795], [21.6235, 60.48675], [21.61675, 60.48925]]], [[[21.68175, 60.50125], [21.673, 60.5025], [21.67375, 60.49075], [21.65075, 60.4965], [21.6765, 60.50825], [21.66775, 60.517], [21.689, 60.516], [21.68175, 60.50125]]], [[[21.741370100000044, 60.55289990000003], [21.719619899999962, 60.5563399], [21.7263701, 60.55605], [21.737260099999975, 60.57774], [21.744950099999958, 60.5730901], [21.75222, 60.57254009999997], [21.741370100000044, 60.55289990000003]]], [[[21.771299900000027, 60.5877899], [21.75327010000002, 60.57305], [21.735830099999962, 60.58351], [21.72123, 60.58218], [21.727600099999975, 60.58752], [21.771299900000027, 60.5877899]]], [[[21.5910466, 61.619113700000014], [21.5730179, 61.6230531], [21.553906600000037, 61.62285910000002], [21.569754099999958, 61.6279287], [21.5910466, 61.619113700000014]]], [[[21.59889439999999, 63.09346759999996], [21.576399800000043, 63.08016239999998], [21.545715100000038, 63.088252], [21.572043, 63.09358120000003], [21.568968100000028, 63.10245989999996], [21.59889439999999, 63.09346759999996]]], [[[21.72204, 63.2412], [21.73157, 63.2368], [21.7068, 63.2446], [21.71833, 63.25196], [21.711, 63.25404], [21.72803, 63.25396], [21.738, 63.24444], [21.72204, 63.2412]]], [[[22.01795, 63.26599], [22.03183, 63.27306], [22.04581, 63.26707], [22.04382, 63.25915], [22.01795, 63.26599]]], [[[21.59022130000002, 63.273777500000044], [21.60469260000003, 63.273531799999965], [21.612589199999963, 63.26363310000002], [21.599403800000037, 63.254059499999975], [21.593716400000016, 63.2563376], [21.598066399999958, 63.26066769999998], [21.588406399999958, 63.26045770000001], [21.58632739999998, 63.274565], [21.580795699999964, 63.27640239999998], [21.59134889999997, 63.279724300000034], [21.60327169999997, 63.27576239999996], [21.59022130000002, 63.273777500000044]]], [[[21.99758, 63.26818], [21.99399, 63.27946], [22.01567, 63.28187], [22.02492, 63.27029], [21.99758, 63.26818]]], [[[21.93061, 63.28731], [21.93793, 63.30261], [21.96285, 63.29963], [21.96289, 63.28352], [21.95481, 63.27999], [21.93061, 63.28731]]], [[[21.88397, 63.28556], [21.86893, 63.29589], [21.89326, 63.30162], [21.89659, 63.28958], [21.88397, 63.28556]]], [[[21.70769, 63.32722], [21.69545, 63.32702], [21.71577, 63.32053], [21.70624, 63.31469], [21.71643, 63.31285], [21.7545, 63.31137], [21.76892, 63.31859], [21.77205, 63.30821], [21.75429, 63.30319], [21.77007, 63.29773], [21.75886, 63.29319], [21.7813, 63.29307], [21.78573, 63.28844], [21.77714, 63.28593], [21.78671, 63.28255], [21.77168, 63.27317], [21.7696, 63.28034], [21.7601, 63.27903], [21.76936, 63.27166], [21.74331, 63.27409], [21.71816, 63.29084], [21.71573, 63.30723], [21.692310499999987, 63.31615830000003], [21.6991, 63.30168], [21.68341, 63.2992], [21.70437, 63.29628], [21.71541, 63.28293], [21.68195, 63.29767], [21.66756150000003, 63.283084100000025], [21.677681499999988, 63.2781641], [21.669681500000024, 63.276414099999975], [21.67717019999996, 63.2762544], [21.671120199999958, 63.26017430000001], [21.683240200000018, 63.2688144], [21.68526079999996, 63.263865], [21.670680800000017, 63.25933490000001], [21.672533700000027, 63.252253], [21.6359018, 63.259900099999975], [21.6331431, 63.272021399999964], [21.64315310000001, 63.275051400000024], [21.62764, 63.28385], [21.64373, 63.29171], [21.61669, 63.30283], [21.65087, 63.30575], [21.65382, 63.31085], [21.64351, 63.30731], [21.62476, 63.30816], [21.668919799999973, 63.316708800000015], [21.65573, 63.31954], [21.661274599999967, 63.326918500000026], [21.69218, 63.32115], [21.67867, 63.32761], [21.69408, 63.32933], [21.69873, 63.3334], [21.67992, 63.33221], [21.69486, 63.3379], [21.70735, 63.33681], [21.69843, 63.33263], [21.70769, 63.32722]]], [[[21.80782, 63.30597], [21.84154, 63.29247], [21.80691, 63.29395], [21.809, 63.28741], [21.78775, 63.29994], [21.80074, 63.29705], [21.80782, 63.30597]]], [[[22.06009, 63.33117], [22.04625, 63.32629], [22.03582, 63.33672], [22.05535, 63.3417], [22.05165, 63.33379], [22.06009, 63.33117]]], [[[21.69504, 63.3925], [21.67195, 63.38085], [21.66057, 63.38205], [21.66298, 63.38742], [21.65034, 63.38325], [21.64082, 63.39097], [21.65959, 63.38884], [21.64567, 63.39119], [21.65242, 63.39961], [21.70029, 63.39761], [21.68597, 63.39485], [21.69504, 63.3925]]], [[[21.79994, 63.41165], [21.78773, 63.40315], [21.78434, 63.40458], [21.78748, 63.41505], [21.79852, 63.42189], [21.79113, 63.42321], [21.81106, 63.42131], [21.79468, 63.41731], [21.79994, 63.41165]]], [[[21.74246, 63.45085], [21.76372, 63.44459], [21.74088, 63.44523], [21.75122, 63.43649], [21.74225, 63.43166], [21.75678, 63.43056], [21.6994, 63.43111], [21.73102, 63.4394], [21.73117, 63.44528], [21.70369, 63.44311], [21.72759, 63.45041], [21.71188, 63.45074], [21.75202, 63.45591], [21.74246, 63.45085]]], [[[21.82207, 63.44734], [21.81578, 63.44661], [21.83272, 63.43961], [21.82006, 63.43661], [21.82733, 63.43068], [21.78392, 63.43093], [21.77882, 63.43249], [21.79474, 63.43684], [21.78723, 63.43705], [21.79353, 63.44801], [21.77122, 63.44737], [21.79078, 63.45161], [21.76975, 63.45633], [21.79273, 63.46055], [21.82207, 63.44734]]], [[[22.3415, 59.805], [22.32075, 59.80825], [22.324, 59.8035], [22.3095, 59.80025], [22.32075, 59.819], [22.31825, 59.82875], [22.3415, 59.805]]], [[[22.40775, 59.81525], [22.3995, 59.806], [22.3935, 59.809], [22.4015, 59.80975], [22.3985, 59.81275], [22.38375, 59.80775], [22.38675, 59.8145], [22.37875, 59.81725], [22.39425, 59.82625], [22.40775, 59.81525]]], [[[22.40825, 59.85575], [22.397, 59.84475], [22.403, 59.83975], [22.37325, 59.84775], [22.39225, 59.852], [22.381, 59.859], [22.39925, 59.86125], [22.39375, 59.85325], [22.40825, 59.85575]]], [[[22.485, 59.86], [22.467, 59.8625], [22.41625, 59.847], [22.41025, 59.85975], [22.427, 59.867], [22.438, 59.8625], [22.4535, 59.8735], [22.46725, 59.869], [22.517, 59.87675], [22.485, 59.86]]], [[[22.21675, 59.8735], [22.1855, 59.86675], [22.17275, 59.86825], [22.186, 59.87775], [22.21675, 59.8735]]], [[[22.526388199999978, 59.8878508], [22.48125, 59.8745], [22.471573299999967, 59.8773974], [22.471940399999966, 59.88375690000002], [22.4849984, 59.88417790000004], [22.4735661, 59.88596280000002], [22.478401499999965, 59.8901629], [22.496873599999976, 59.887390899999964], [22.4906243, 59.89086369999998], [22.498862100000014, 59.896565899999985], [22.529098499999964, 59.90076150000003], [22.532371100000024, 59.89507450000004], [22.518943, 59.889252399999975], [22.526388199999978, 59.8878508]]], [[[22.40275, 59.89975], [22.37, 59.89075], [22.37825, 59.89575], [22.36775, 59.89675], [22.36825, 59.90475], [22.40275, 59.89975]]], [[[22.3865, 59.92275], [22.34925, 59.90725], [22.37525, 59.925], [22.3865, 59.92275]]], [[[22.366131499999984, 59.9249772], [22.3584329, 59.928447], [22.365424700000034, 59.922817099999975], [22.360316499999975, 59.91933660000004], [22.344210100000037, 59.928475099999964], [22.3606871, 59.938690800000025], [22.3745808, 59.93717070000002], [22.366131499999984, 59.9249772]]], [[[22.4805, 59.939], [22.482, 59.92775], [22.47375, 59.928], [22.477, 59.92025], [22.485, 59.9265], [22.48, 59.9165], [22.4575, 59.9265], [22.46575, 59.94325], [22.473, 59.9285], [22.47875, 59.93475], [22.4705, 59.9405], [22.4805, 59.939]]], [[[22.51625, 59.92775], [22.494, 59.923], [22.5045, 59.928], [22.4985, 59.94275], [22.491, 59.937], [22.498, 59.95525], [22.49975, 59.94725], [22.519, 59.94075], [22.51625, 59.92775]]], [[[22.628, 59.9375], [22.624, 59.93425], [22.5904156, 59.94523450000002], [22.60625, 59.94575], [22.59975, 59.94925], [22.628, 59.9375]]], [[[22.3719927, 59.9524972], [22.344329, 59.932278499999974], [22.3301742, 59.949795700000024], [22.344689199999976, 59.9638028], [22.37012540000004, 59.9627692], [22.365882100000043, 59.9533185], [22.3719927, 59.9524972]]], [[[22.58675, 59.95025], [22.554758399999972, 59.94862040000004], [22.585498, 59.956246], [22.57525, 59.95025], [22.58675, 59.95025]]], [[[22.425037600000017, 59.95183850000003], [22.4265, 59.93], [22.409154, 59.920226699999965], [22.3933159, 59.9479039], [22.418, 59.96], [22.4105, 59.966], [22.426753200000036, 59.982063], [22.43625, 59.96375], [22.425037600000017, 59.95183850000003]]], [[[22.552140299999976, 59.954452600000046], [22.528448099999974, 59.953763300000034], [22.54066609999997, 59.95315140000003], [22.5277743, 59.946389], [22.51454650000003, 59.95707390000004], [22.534158799999968, 59.96210109999997], [22.55080140000004, 59.9563305], [22.5373775, 59.96317520000002], [22.54694760000003, 59.966354299999985], [22.5760871, 59.96126330000002], [22.552140299999976, 59.954452600000046]]], [[[22.63875, 59.978], [22.648, 59.96375], [22.61775, 59.9655], [22.62975, 59.9575], [22.61525, 59.95375], [22.6555, 59.9525], [22.625, 59.94925], [22.65325, 59.93775], [22.633, 59.9375], [22.587118599999965, 59.95768369999996], [22.61325, 59.96375], [22.60025, 59.9785], [22.6155, 59.98475], [22.61175, 59.99075], [22.62725, 59.98925], [22.61975, 59.9845], [22.63875, 59.978]]], [[[22.46925, 59.9725], [22.4685, 59.963], [22.455, 59.96975], [22.43375, 59.9595], [22.4385, 59.9645], [22.44022270000002, 59.986705], [22.45325, 59.982], [22.45025, 59.97475], [22.46925, 59.9725]]], [[[22.546175099999974, 59.969984200000034], [22.553256100000016, 59.967256500000026], [22.535832499999984, 59.96590329999997], [22.50982579999997, 59.95827710000003], [22.501500199999978, 59.96364779999996], [22.5069848, 59.965697099999964], [22.5011548, 59.9829], [22.5170785, 59.98786980000001], [22.560122599999985, 59.980957199999956], [22.558749299999956, 59.97075739999997], [22.546175099999974, 59.969984200000034]]], [[[22.36091510000003, 59.965415600000036], [22.33736589999996, 59.96936040000002], [22.343163, 59.97918920000004], [22.3518355, 59.97723269999999], [22.348103600000044, 59.992896], [22.37242690000004, 59.9985066], [22.371205499999967, 59.9885235], [22.363135499999984, 59.988137400000035], [22.365373100000028, 59.97557030000002], [22.353146300000013, 59.97631950000002], [22.36091510000003, 59.965415600000036]]], [[[22.412066599999978, 59.97444579999997], [22.407263, 59.97865560000004], [22.4189992, 60.002885400000025], [22.43249429999997, 59.9895603], [22.412066599999978, 59.97444579999997]]], [[[22.7495, 60.0035], [22.726, 59.999], [22.7175, 60.01075], [22.7495, 60.0035]]], [[[22.64825, 60.011], [22.628, 60.01], [22.6305, 60.00325], [22.6115, 59.9995], [22.6225, 60.015], [22.641, 60.01475], [22.64825, 60.011]]], [[[22.68225, 60.0225], [22.67575, 60.01], [22.68425, 60.00475], [22.6765, 60.003], [22.68675, 59.9995], [22.6796925, 59.991541], [22.66125, 59.99525], [22.648, 60.01425], [22.66675, 60.019], [22.66075, 60.02525], [22.666, 60.0305], [22.65675, 60.02875], [22.67075, 60.0355], [22.68075, 60.026], [22.671, 60.02275], [22.68225, 60.0225]]], [[[22.40125, 60.116], [22.3875, 60.1115], [22.3725, 60.1235], [22.381944199999957, 60.1203628], [22.3875611, 60.12716220000002], [22.40125, 60.116]]], [[[22.33875, 60.14525], [22.31275, 60.13425], [22.31975, 60.12825], [22.3005, 60.13225], [22.30125, 60.14275], [22.33875, 60.14525]]], [[[22.238, 60.136], [22.223, 60.13475], [22.223, 60.13225], [22.21175, 60.1335], [22.22, 60.14325], [22.2455, 60.143], [22.243, 60.13775], [22.247, 60.13525], [22.22975, 60.1325], [22.238, 60.136]]], [[[22.2525, 60.12925], [22.25925, 60.137], [22.24625, 60.137], [22.25825, 60.15425], [22.25025, 60.1555], [22.26025, 60.16325], [22.287, 60.15975], [22.27675, 60.157], [22.285, 60.157], [22.2795, 60.1395], [22.2525, 60.12925]]], [[[22.116900100000034, 60.1388303], [22.10342629999996, 60.144568599999964], [22.11475, 60.1495], [22.11125, 60.15575], [22.13175, 60.1595], [22.137524100000014, 60.14619780000003], [22.116900100000034, 60.1388303]]], [[[22.1515, 60.1495], [22.16575, 60.153], [22.1935, 60.15575], [22.149, 60.143], [22.1515, 60.1495]]], [[[22.927739, 60.25604620000002], [22.900896800000012, 60.250963600000034], [22.910599299999976, 60.24813849999997], [22.897815300000044, 60.23848590000004], [22.896011800000036, 60.223015200000034], [22.835671099999963, 60.21371050000003], [22.862572700000037, 60.21059430000004], [22.852406100000042, 60.19782049999997], [22.8687596, 60.1865259], [22.82842930000003, 60.17514829999999], [22.857277, 60.16741230000002], [22.8452778, 60.16226249999998], [22.852418900000036, 60.15951219999997], [22.841801699999973, 60.1489402], [22.868512200000044, 60.13187690000003], [22.857122500000013, 60.12730730000004], [22.855835, 60.1102712], [22.838317, 60.09412079999998], [22.8106709, 60.086203099999985], [22.79832840000001, 60.09155739999998], [22.79741, 60.0833394], [22.77172989999997, 60.077100099999974], [22.778373200000033, 60.075807], [22.77133369999996, 60.0663252], [22.753321100000043, 60.063795499999955], [22.776890700000028, 60.06375350000003], [22.779428899999985, 60.04826], [22.754177500000026, 60.04361440000003], [22.775815399999964, 60.0443344], [22.787394, 60.03685920000003], [22.77560079999997, 60.03189039999996], [22.792200499999957, 60.03098579999999], [22.77316319999999, 60.025493], [22.783359899999986, 60.018000600000015], [22.76925789999998, 60.0115791], [22.757421899999972, 60.02402639999997], [22.7687172, 60.0279158], [22.7608551, 60.03035979999997], [22.7649922, 60.034527099999984], [22.7465986, 60.03047559999996], [22.75616880000003, 60.02132459999998], [22.7466673, 60.015645800000044], [22.7606577, 60.00691119999996], [22.71959630000003, 60.02095580000002], [22.72142450000004, 60.01372830000002], [22.694679699999973, 60.006928399999964], [22.675358799999987, 60.034550200000034], [22.681959199999966, 60.04303319999999], [22.669483300000035, 60.04931479999997], [22.647154799999978, 60.026163500000045], [22.6549676, 60.01900479999997], [22.624154400000016, 60.015294500000024], [22.62823130000001, 60.019948399999976], [22.61127970000004, 60.024773100000026], [22.6182728, 60.029400900000034], [22.6044541, 60.0304085], [22.592309, 60.02118890000003], [22.58140850000002, 60.02852189999996], [22.5759154, 60.02009529999996], [22.577374500000023, 60.03141609999997], [22.597888, 60.03383840000002], [22.612867599999973, 60.04982880000004], [22.609432200000033, 60.06143609999996], [22.611535100000033, 60.0522037], [22.594969799999962, 60.03887539999997], [22.54764459999997, 60.03148269999998], [22.555500199999976, 60.02618409999997], [22.4701622, 60.010406], [22.4633533, 60.02429069999999], [22.46525690000004, 60.00500780000004], [22.451977, 59.99788569999997], [22.4354723, 60.00324940000003], [22.43821889999996, 60.01243109999998], [22.443357200000023, 60.00573579999997], [22.4463637, 60.01165230000002], [22.43856220000003, 60.03173010000002], [22.428520100000036, 60.03425959999997], [22.434871500000018, 60.02435489999997], [22.42088110000001, 60.01054350000003], [22.406719100000014, 60.01041480000004], [22.4049166, 60.03353079999997], [22.395131899999985, 60.03241610000003], [22.40191250000004, 60.004622500000046], [22.392655900000022, 60.000217], [22.378236400000038, 60.01360380000002], [22.377536599999956, 60.02709940000003], [22.385518899999965, 60.03173010000002], [22.363816799999956, 60.0605863], [22.3655412, 60.08976239999996], [22.4053804, 60.10082219999997], [22.411358700000026, 60.08693069999997], [22.417905, 60.0972994], [22.404783, 60.104791799999965], [22.425914600000016, 60.11077940000004], [22.434099900000035, 60.099216900000016], [22.46025, 60.09925], [22.461406699999973, 60.08700059999998], [22.471840300000032, 60.08454620000003], [22.4653454, 60.073958900000044], [22.488783899999962, 60.08479679999998], [22.464909, 60.10728390000001], [22.493439, 60.10769180000001], [22.42851059999996, 60.1235486], [22.43931050000004, 60.13844769999996], [22.4535859, 60.13218060000003], [22.468542700000036, 60.1454223], [22.55577350000003, 60.1543257], [22.61868010000004, 60.15101330000003], [22.54092970000002, 60.15719259999998], [22.545459600000015, 60.159983399999966], [22.53760769999996, 60.16339650000002], [22.491221600000042, 60.1576983], [22.449493, 60.16401610000003], [22.455228899999966, 60.166947], [22.41477279999998, 60.159517499999964], [22.4200146, 60.1631279], [22.4118231, 60.16834359999998], [22.41417059999998, 60.18124849999997], [22.4608724, 60.20313609999996], [22.454042600000044, 60.21680459999998], [22.46606520000004, 60.23749290000004], [22.504066200000015, 60.233544799999954], [22.4933777, 60.218714700000014], [22.498016200000013, 60.21464880000004], [22.47296009999996, 60.20673850000004], [22.489393300000025, 60.205435499999965], [22.570423900000023, 60.20989039999997], [22.617718200000034, 60.229939], [22.629984799999967, 60.22523170000002], [22.77630949999999, 60.23995349999997], [22.79038029999999, 60.23478990000004], [22.818903600000038, 60.24219269999997], [22.819409599999982, 60.2357589], [22.844942799999988, 60.2377684], [22.866647500000035, 60.247819699999965], [22.866148, 60.26132709999998], [22.877046900000018, 60.266737099999965], [22.86782610000003, 60.27131], [22.900220800000035, 60.280091], [22.9051668, 60.30167750000001], [22.923042300000027, 60.310199], [22.95106480000003, 60.3150664], [22.98441470000002, 60.301802499999965], [22.927739, 60.25604620000002]]], [[[22.266855800000016, 60.1760619], [22.2065, 60.16075], [22.1895, 60.16825], [22.18675, 60.163], [22.16925, 60.1615], [22.1824533, 60.16529809999997], [22.174480200000044, 60.16838920000002], [22.2075, 60.17225], [22.202, 60.1775], [22.266855800000016, 60.1760619]]], [[[22.3825, 60.1865], [22.36525, 60.1695], [22.35025, 60.17125], [22.30375, 60.1605], [22.339, 60.16475], [22.338, 60.148], [22.2850924, 60.147547200000034], [22.30625, 60.1535], [22.29275, 60.1555], [22.2975, 60.1605], [22.2875109, 60.16591270000002], [22.3105, 60.17575], [22.29375, 60.1755], [22.31375, 60.194], [22.392, 60.2085], [22.377, 60.19275], [22.3825, 60.1865]]], [[[22.081758500000035, 60.17132969999996], [22.066846200000043, 60.18328140000004], [22.113, 60.1845], [22.10925, 60.18075], [22.081758500000035, 60.17132969999996]]], [[[22.1345, 60.18375], [22.13925, 60.17575], [22.09224820000003, 60.165802100000015], [22.09479789999996, 60.17451120000003], [22.1211313, 60.1801549], [22.120579299999985, 60.189497899999964], [22.1555, 60.1945], [22.1345, 60.18375]]], [[[22.35575, 60.21475], [22.31725, 60.20425], [22.30525, 60.209], [22.32775, 60.22725], [22.3745, 60.229], [22.35575, 60.21475]]], [[[22.323849700000018, 60.2390724], [22.27245769999998, 60.19776149999998], [22.2137112, 60.18832450000004], [22.217314499999983, 60.193316099999954], [22.2085241, 60.19704219999997], [22.1930621, 60.1944008], [22.2002061, 60.205787100000016], [22.189052300000043, 60.2047726], [22.2148704, 60.21565320000001], [22.214309, 60.22868979999998], [22.23675, 60.25], [22.23467539999998, 60.251304], [22.23803150000002, 60.25078330000004], [22.24667950000004, 60.2535125], [22.292798399999967, 60.27168889999996], [22.2872899, 60.27590280000001], [22.30700759999996, 60.27226859999996], [22.306517, 60.255366199999976], [22.323849700000018, 60.2390724]]], [[[22.215, 60.23775], [22.2085327, 60.21774469999996], [22.17275, 60.22], [22.1875, 60.2345], [22.18175, 60.238], [22.18914770000003, 60.24006880000001], [22.17575, 60.242], [22.18425, 60.25], [22.232, 60.24925], [22.215, 60.23775]]], [[[22.38275, 60.24275], [22.39275, 60.2365], [22.3685, 60.23725], [22.38275, 60.24275]]], [[[22.14011369999996, 60.2302853], [22.156667200000033, 60.23725130000003], [22.11153290000004, 60.23547250000003], [22.131261600000016, 60.246003399999964], [22.17675, 60.246], [22.16940829999997, 60.23416280000002], [22.14011369999996, 60.2302853]]], [[[22.09475, 60.245], [22.063537, 60.2278141], [22.0405, 60.24275], [22.06775, 60.25325], [22.09475, 60.245]]], [[[22.494, 60.2445], [22.52575, 60.25075], [22.533, 60.24725], [22.512, 60.23875], [22.496, 60.23775], [22.494, 60.2445]]], [[[22.55225, 60.24325], [22.56, 60.24825], [22.55375, 60.25575], [22.57425, 60.25725], [22.57525, 60.242], [22.55225, 60.24325]]], [[[22.43925, 60.2755], [22.41675, 60.2705], [22.42525, 60.26825], [22.41825, 60.261], [22.422, 60.24975], [22.33775, 60.237], [22.3285, 60.238], [22.328890600000015, 60.246098899999964], [22.3085, 60.26375], [22.35075, 60.27725], [22.351088899999958, 60.265216199999976], [22.36125980000004, 60.275006], [22.351452400000014, 60.28284109999997], [22.3605, 60.2795], [22.368459499999958, 60.29541969999996], [22.4384415, 60.301965], [22.465847499999967, 60.3087074], [22.459955199999957, 60.303922100000015], [22.46925, 60.29675], [22.451, 60.29425], [22.43925, 60.2755]]], [[[22.289717100000015, 60.322561899999954], [22.29517160000004, 60.31349029999997], [22.3022483, 60.3132621], [22.2983057, 60.321017399999974], [22.322738800000028, 60.3248725], [22.3639633, 60.317302099999964], [22.348005, 60.29632430000002], [22.3609792, 60.29280570000004], [22.3258816, 60.2825741], [22.335319, 60.28637220000001], [22.31932439999996, 60.28927290000003], [22.334536100000033, 60.294239], [22.311, 60.292], [22.303903100000042, 60.298404900000044], [22.302203099999982, 60.287764], [22.2675, 60.2675], [22.226, 60.267], [22.2365, 60.26125], [22.2345, 60.25475], [22.242, 60.256], [22.23725, 60.25175], [22.18596739999997, 60.25458530000002], [22.1910237, 60.26302260000002], [22.210029799999962, 60.262862800000036], [22.201493400000025, 60.26504950000004], [22.213119499999987, 60.27581730000004], [22.202372700000037, 60.278124299999966], [22.21121440000001, 60.28067320000001], [22.204499299999956, 60.28435469999997], [22.1966573, 60.28445689999999], [22.1997959, 60.27668929999998], [22.1919876, 60.26951170000003], [22.159586399999984, 60.265362900000035], [22.12282670000004, 60.2755238], [22.121105, 60.28291189999997], [22.109027300000026, 60.273802500000045], [22.0875, 60.28575], [22.09705239999998, 60.2958774], [22.08894139999998, 60.30015130000003], [22.10171070000003, 60.30089539999996], [22.099735600000034, 60.309964600000015], [22.11578020000001, 60.31592650000001], [22.1010082, 60.31921580000003], [22.106091300000017, 60.32728260000002], [22.189147600000023, 60.333321199999965], [22.1973271, 60.33136190000003], [22.180045800000023, 60.328276099999975], [22.21775, 60.33075], [22.226843299999963, 60.3247715], [22.245008299999967, 60.333914600000035], [22.289717100000015, 60.322561899999954]]], [[[22.41725, 60.35], [22.52325, 60.34375], [22.449259100000027, 60.30626289999998], [22.3702753, 60.2972719], [22.36525, 60.306], [22.39275, 60.3285], [22.37375, 60.31875], [22.306347, 60.32758469999997], [22.31825, 60.3495], [22.3385, 60.35125], [22.3345, 60.36225], [22.42525, 60.3745], [22.40875, 60.3595], [22.41925, 60.35625], [22.41725, 60.35]]], [[[22.30717639999998, 60.359866], [22.17856140000004, 60.3406114], [22.159385, 60.349915600000045], [22.17140169999997, 60.3553801], [22.144030899999976, 60.353875], [22.187074800000026, 60.366637099999984], [22.3021099, 60.373595600000016], [22.30717639999998, 60.359866]]], [[[22.148695, 60.36176520000002], [22.098624699999956, 60.35003230000002], [22.115695, 60.360765199999975], [22.118695, 60.375265200000044], [22.127461199999985, 60.374683699999984], [22.120195, 60.3790152], [22.123945, 60.38076520000001], [22.227936299999982, 60.38212210000002], [22.2114805, 60.370861800000036], [22.148695, 60.36176520000002]]], [[[22.534234500000014, 60.38048119999996], [22.4925629, 60.35350319999996], [22.4315, 60.35775], [22.4624547, 60.364569399999965], [22.44046159999998, 60.36655339999999], [22.4555, 60.374], [22.534234500000014, 60.38048119999996]]], [[[22.281382800000014, 60.3834605], [22.23661929999997, 60.3795693], [22.25507409999997, 60.38711380000003], [22.281382800000014, 60.3834605]]], [[[22.47075, 60.39475], [22.449, 60.38125], [22.3485195, 60.36501609999998], [22.307705, 60.373938300000034], [22.354079899999988, 60.390811], [22.48135, 60.40509569999998], [22.457925499999973, 60.39538990000001], [22.47075, 60.39475]]], [[[22.246937, 60.41996560000002], [22.278712100000018, 60.39053209999998], [22.246381100000043, 60.398039200000014], [22.25775, 60.3885], [22.172, 60.385], [22.15625, 60.397], [22.18075, 60.40125], [22.17075, 60.4045], [22.1845, 60.4125], [22.157, 60.401], [22.14625, 60.40625], [22.21737539999996, 60.432712399999986], [22.229013500000026, 60.422972], [22.246937, 60.41996560000002]]], [[[22.186103400000032, 60.426666300000036], [22.13129739999996, 60.42387009999996], [22.1137007, 60.4069754], [22.107100600000038, 60.40720990000003], [22.109111399999968, 60.426039], [22.0985737, 60.417425900000026], [22.087748599999966, 60.42274690000002], [22.125232100000023, 60.435864799999955], [22.146707500000016, 60.4313504], [22.2057901, 60.4422245], [22.186103400000032, 60.426666300000036]]], [[[22.218622600000035, 63.27582579999997], [22.23122930000004, 63.27875180000004], [22.233942199999976, 63.263622699999964], [22.2182851, 63.26438440000001], [22.218622600000035, 63.27582579999997]]], [[[22.256070299999973, 63.323228], [22.251750300000026, 63.30868790000001], [22.2472403, 63.30973790000002], [22.241875500000017, 63.318632800000046], [22.24703, 63.33043], [22.26127, 63.33056], [22.25057, 63.32656], [22.256070299999973, 63.323228]]], [[[22.04529, 63.39421], [22.07483, 63.39067], [22.07792, 63.38143], [22.09476, 63.38975], [22.0899, 63.38185], [22.10171, 63.37767], [22.0767, 63.37965], [22.09482, 63.37645], [22.08674, 63.37369], [22.09671, 63.3662], [22.05697, 63.35473], [22.03529, 63.33801], [22.00893, 63.34919], [22.01218, 63.33638], [22.00037, 63.33238], [22.0278, 63.3355], [22.02208, 63.32659], [22.03892, 63.32801], [22.05194, 63.31844], [22.06655, 63.29838], [22.06148, 63.29151], [22.075947199999977, 63.28425989999997], [22.074714, 63.29087659999996], [22.09346, 63.29562], [22.07849, 63.30571], [22.08051, 63.31414], [22.0609, 63.32221], [22.06236, 63.3309], [22.07229, 63.32238], [22.09261, 63.33309], [22.1297, 63.3355], [22.13073, 63.3279], [22.14636, 63.3323], [22.13969, 63.32903], [22.14953, 63.32613], [22.1384, 63.3252], [22.14889, 63.31718], [22.15078, 63.32177], [22.15566, 63.32277], [22.15946, 63.31083], [22.1669, 63.32625], [22.18895, 63.32274], [22.18623, 63.31202], [22.19613, 63.31756], [22.19472, 63.31092], [22.21097, 63.31872], [22.21594, 63.34246], [22.23257, 63.33823], [22.22553, 63.34673], [22.23168, 63.35052], [22.239191100000042, 63.30164129999997], [22.221236799999975, 63.27869040000002], [22.204161900000017, 63.27263759999997], [22.16564, 63.28098], [22.15925, 63.29177], [22.14874, 63.28482], [22.13866, 63.28861], [22.12446, 63.28873], [22.17786, 63.27423], [22.16518, 63.26973], [22.1629, 63.25542], [22.14806, 63.25349], [22.056819099999956, 63.2668746], [22.08523, 63.27317], [22.05281, 63.28774], [22.04856, 63.28009], [22.01117, 63.28344], [21.97131, 63.2809], [21.97198, 63.30059], [21.98923, 63.32298], [22.02172, 63.30843], [22.03102, 63.31425], [21.99453, 63.32806], [22.00921680000004, 63.35732710000001], [22.016684, 63.358289300000045], [22.01063350000002, 63.3628895], [22.0224347, 63.36421570000003], [22.035995900000014, 63.34789580000002], [22.03093189999997, 63.36032909999997], [22.050329700000013, 63.3617529], [22.01745650000003, 63.370217899999986], [22.023623400000023, 63.37681690000003], [22.007671800000015, 63.37198750000003], [22.00378, 63.34846], [21.99707, 63.35209], [21.96627, 63.33389], [21.94125, 63.33482], [21.94988, 63.33733], [21.94011, 63.34353], [21.94889, 63.34193], [21.96853, 63.36738], [21.994445399999982, 63.3768359], [21.98913, 63.38617], [22.00393, 63.38555], [22.006, 63.39577], [22.03005, 63.38255], [22.04529, 63.39421]]], [[[22.273288499999975, 63.40213510000001], [22.259258499999977, 63.407495200000035], [22.2437185, 63.4176153], [22.25266849999997, 63.41983530000001], [22.273288499999975, 63.40213510000001]]], [[[22.07949, 63.43105], [22.09736, 63.44294], [22.10366, 63.42856], [22.08419, 63.42705], [22.07949, 63.43105]]], [[[22.426392500000034, 63.53391049999996], [22.43419249999997, 63.552120699999975], [22.44644250000004, 63.539330599999985], [22.439662500000033, 63.52994050000002], [22.449465400000044, 63.522452], [22.426392500000034, 63.53391049999996]]], [[[22.4423757, 63.575644099999955], [22.4669557, 63.54572370000004], [22.466875700000042, 63.53843370000003], [22.452265700000016, 63.54433369999996], [22.462055700000025, 63.53387360000002], [22.4453557, 63.54389369999997], [22.4409857, 63.5595439], [22.4185957, 63.582274099999985], [22.43147569999998, 63.58713420000004], [22.455185700000033, 63.573484], [22.4423757, 63.575644099999955]]], [[[22.4032034, 63.61429120000001], [22.3880634, 63.59268109999998], [22.38181339999997, 63.6058011], [22.357673400000042, 63.60552110000001], [22.3679534, 63.6284413], [22.384003399999983, 63.62726129999998], [22.4032034, 63.61429120000001]]], [[[22.6605549, 63.7555519], [22.6639149, 63.74399179999998], [22.657254899999977, 63.7388318], [22.642044899999956, 63.74527180000002], [22.6605549, 63.7555519]]], [[[22.54855, 63.75036], [22.55144, 63.76594], [22.5603, 63.76431], [22.5514, 63.77592], [22.5571, 63.78506], [22.56895, 63.76396], [22.54855, 63.75036]]], [[[22.6564802, 63.76475610000003], [22.661968299999966, 63.76673389999998], [22.6560013, 63.77640740000003], [22.66801819999996, 63.78025509999998], [22.6665866, 63.78538609999997], [22.683450800000013, 63.7791122], [22.666270799999975, 63.76243210000003], [22.6564802, 63.76475610000003]]], [[[22.63851, 63.80719], [22.6030436, 63.801224500000025], [22.611063600000012, 63.78961439999997], [22.59983359999996, 63.78539430000003], [22.63034359999999, 63.77789430000004], [22.621713600000035, 63.79384440000002], [22.63527359999996, 63.79318440000003], [22.64367359999998, 63.77850429999998], [22.637833600000032, 63.77754430000004], [22.6526436, 63.76868419999997], [22.6504313, 63.765697400000015], [22.620909799999964, 63.7715358], [22.608138600000025, 63.74745769999996], [22.580619800000044, 63.75919560000003], [22.596579800000036, 63.780765799999955], [22.5839598, 63.79292589999996], [22.6062898, 63.7939559], [22.589769800000035, 63.798476], [22.597489800000012, 63.80198609999998], [22.586349800000036, 63.81489620000004], [22.598229799999956, 63.809906099999985], [22.598049799999984, 63.81694620000002], [22.61338, 63.81847], [22.61752, 63.80973], [22.63851, 63.80719]]], [[[22.6562183, 63.778768299999975], [22.65472650000003, 63.774585600000016], [22.65719469999997, 63.77336310000003], [22.6558393, 63.77210659999999], [22.632062600000022, 63.797185300000045], [22.639222700000037, 63.79694], [22.633625700000035, 63.805027099999975], [22.646245, 63.808132499999964], [22.651932699999975, 63.80165], [22.6481127, 63.79556], [22.663243100000017, 63.781991799999965], [22.6562183, 63.778768299999975]]], [[[22.668758099999984, 63.78608660000002], [22.65820909999997, 63.7917145], [22.651199299999956, 63.81121070000002], [22.673939300000043, 63.8043007], [22.6763808, 63.7965923], [22.66376080000004, 63.79341229999997], [22.668758099999984, 63.78608660000002]]], [[[22.656326100000044, 63.819340200000035], [22.632399600000017, 63.81158], [22.641617799999967, 63.82134090000002], [22.633349, 63.82975670000001], [22.63901579999997, 63.83554080000004], [22.656326100000044, 63.819340200000035]]], [[[23.5815, 59.8235], [23.5675, 59.8235], [23.55225, 59.8215], [23.581, 59.832], [23.5755, 59.827], [23.5815, 59.8235]]], [[[23.248033200000027, 59.84181109999997], [23.216563099999963, 59.84612329999998], [23.252420500000035, 59.8505527], [23.248033200000027, 59.84181109999997]]], [[[23.432, 59.885], [23.425, 59.8805], [23.44125, 59.882], [23.44275, 59.88], [23.41225, 59.87475], [23.4065, 59.867], [23.421, 59.87275], [23.434, 59.866], [23.41725, 59.86475], [23.425, 59.86675], [23.41825, 59.87025], [23.399386600000014, 59.86390650000001], [23.4185, 59.86375], [23.4115, 59.85975], [23.35725, 59.8665], [23.37975, 59.877], [23.3555, 59.8685], [23.35, 59.8715], [23.3665, 59.878], [23.357, 59.882], [23.38025, 59.889], [23.432, 59.885]]], [[[23.07875, 59.89025], [23.07375, 59.8925], [23.10025, 59.891], [23.06975, 59.88125], [23.064, 59.8895], [23.07875, 59.89025]]], [[[23.33425, 59.8855], [23.289, 59.8825], [23.283, 59.888], [23.30475, 59.89375], [23.33425, 59.8855]]], [[[22.965, 59.897], [22.98475, 59.89], [22.96775, 59.88725], [22.9525, 59.89325], [22.96675, 59.89425], [22.95825, 59.89675], [22.9675, 59.90075], [22.97775, 59.9005], [22.965, 59.897]]], [[[23.505, 59.88925], [23.48857780000003, 59.89581439999998], [23.48857780000003, 59.90024769999997], [23.52375, 59.89375], [23.505, 59.88925]]], [[[23.0735, 59.89625], [23.08025, 59.8945], [23.08375, 59.9015], [23.096, 59.89375], [23.064, 59.894], [23.05725, 59.90325], [23.07875, 59.9], [23.0735, 59.89625]]], [[[23.359551399999976, 59.910631399999986], [23.39738409999997, 59.89651859999998], [23.39588779999998, 59.89309490000003], [23.357869199999968, 59.8897142], [23.35301460000002, 59.896201400000024], [23.36408310000003, 59.89569490000004], [23.3584793, 59.90193270000003], [23.346402699999977, 59.90408470000001], [23.347053199999976, 59.8964449], [23.336510799999974, 59.90174170000004], [23.359551399999976, 59.910631399999986]]], [[[23.5341529, 59.91208620000001], [23.47775, 59.89875], [23.495, 59.88925], [23.443626099999957, 59.903373499999965], [23.4364162, 59.8953542], [23.41775, 59.89525], [23.40075, 59.90425], [23.4165, 59.9095], [23.41225, 59.914], [23.49925, 59.913], [23.5095, 59.91925], [23.498, 59.924], [23.524879600000013, 59.92852549999996], [23.5175, 59.91725], [23.5341529, 59.91208620000001]]], [[[23.620101300000016, 59.93754479999997], [23.661850699999984, 59.9279303], [23.600125400000014, 59.91465420000004], [23.591101599999984, 59.91950940000003], [23.5999942, 59.90838090000003], [23.585679499999976, 59.90918280000003], [23.5862304, 59.917886699999976], [23.52696970000002, 59.92775010000002], [23.61797639999997, 59.93131039999999], [23.612081800000038, 59.93620690000003], [23.620101300000016, 59.93754479999997]]], [[[23.84825, 59.92475], [23.8115, 59.91975], [23.803, 59.9245], [23.84825, 59.92475]]], [[[23.35555760000002, 59.91708469999996], [23.359677500000018, 59.9299031], [23.370663799999978, 59.93377340000003], [23.388345, 59.92310740000001], [23.399846300000036, 59.92155879999996], [23.35555760000002, 59.91708469999996]]], [[[23.723, 59.92425], [23.668872, 59.91925720000004], [23.66425, 59.92525], [23.67475, 59.927], [23.6625, 59.931], [23.71775, 59.93675], [23.723, 59.92425]]], [[[23.7605, 59.92675], [23.76575, 59.92625], [23.75175, 59.9235], [23.7575, 59.9325], [23.747, 59.926], [23.753, 59.93525], [23.74675, 59.94075], [23.766, 59.94475], [23.767, 59.93625], [23.81325, 59.95], [23.7605, 59.92675]]], [[[23.81875, 59.9425], [23.839, 59.94225], [23.832, 59.93775], [23.839, 59.9365], [23.80775, 59.933], [23.81875, 59.9425]]], [[[23.7245, 59.953], [23.76725, 59.95275], [23.7315, 59.9405], [23.7245, 59.953]]], [[[23.93775, 59.9695], [23.9145, 59.96925], [23.939, 59.96175], [23.91675, 59.9535], [23.93, 59.95125], [23.92025, 59.9485], [23.89875, 59.961], [23.88875, 59.956], [23.9015, 59.949], [23.87825, 59.94275], [23.8695, 59.9455], [23.879, 59.94975], [23.8705, 59.95025], [23.86875, 59.94375], [23.86625, 59.9435], [23.8595, 59.95375], [23.848, 59.95175], [23.887, 59.983], [23.93775, 59.9695]]], [[[23.775605, 59.968586700000046], [23.74110459999997, 59.96365520000004], [23.76196939999998, 59.9721146], [23.775605, 59.968586700000046]]], [[[23.893575200000026, 59.98935450000002], [23.830771800000026, 59.956920799999985], [23.83757430000003, 59.954713400000045], [23.833282800000042, 59.951103300000035], [23.81886319999996, 59.951533099999985], [23.850963899999975, 59.9778254], [23.839291, 59.97584989999997], [23.85165060000004, 59.992938199999976], [23.867786700000035, 59.99165050000001], [23.86575, 59.982], [23.8699053, 59.99368820000004], [23.893575200000026, 59.98935450000002]]], [[[23.999349100000043, 59.9779595], [23.95626209999998, 59.97924780000001], [23.981496300000025, 59.97048640000002], [23.97445819999998, 59.968940099999976], [23.895494, 59.98079370000002], [23.929997899999975, 59.98955230000004], [23.986474499999986, 59.9856885], [23.999349100000043, 59.9779595]]], [[[23.956535699999968, 59.998174599999984], [23.980739899999968, 60.00135040000003], [23.979023300000044, 59.9949985], [23.997734400000024, 59.991908], [23.956535699999968, 59.998174599999984]]], [[[23.940742800000034, 60.002637700000044], [23.933876399999985, 59.9921656], [23.8786014, 59.998861300000044], [23.906410500000028, 60.0119054], [23.957050700000035, 60.00375339999999], [23.940742800000034, 60.002637700000044]]], [[[24.19125, 60.004], [24.224, 60.0175], [24.23325, 60.01375], [24.19125, 60.004]]], [[[23.99927939999996, 60.007958400000014], [23.98194160000001, 60.007958400000014], [23.973015199999956, 60.0174819], [23.99927939999996, 60.01885449999997], [23.99927939999996, 60.007958400000014]]], [[[24.00925, 60.01675], [24.0205, 60.02175], [24.0395, 60.02], [24.02825, 60.01325], [24.00925, 60.01675]]], [[[22.95630669999996, 60.04617929999998], [22.97548309999998, 60.03487159999998], [22.9624129, 60.0340495], [22.963573, 60.0242361], [22.955695600000023, 60.03023690000002], [22.955317, 60.01769849999998], [22.939909899999975, 60.0200496], [22.928905700000044, 60.0033264], [22.9161578, 60.01294], [22.906896700000043, 60.00871530000002], [22.9063316, 60.01905749999998], [22.919305600000026, 60.01569339999999], [22.928391400000034, 60.02262439999996], [22.9185003, 60.027931699999975], [22.92206860000002, 60.038468300000034], [22.940026699999958, 60.047983799999976], [22.960871800000024, 60.052036], [22.95630669999996, 60.04617929999998]]], [[[22.9345, 60.06725], [22.9085, 60.063], [22.92375, 60.05475], [22.90625, 60.05225], [22.9225, 60.051], [22.917, 60.04225], [22.882, 60.032], [22.8975, 60.02625], [22.877, 60.0185], [22.8865, 60.00825], [22.856, 60.007], [22.863, 60.01025], [22.852, 60.01375], [22.86175, 60.0315], [22.851, 60.04225], [22.8835, 60.035], [22.8895, 60.04725], [22.84725, 60.055], [22.88525, 60.06875], [22.90375, 60.0655], [22.90725, 60.072], [22.9345, 60.06725]]], [[[22.80425, 60.03625], [22.801, 60.05125], [22.8195, 60.0465], [22.81875, 60.0315], [22.80425, 60.03625]]], [[[24.58635809999997, 60.045256600000016], [24.56296510000003, 60.046203500000026], [24.578287, 60.05953050000003], [24.603471900000038, 60.05595490000004], [24.58635809999997, 60.045256600000016]]], [[[24.59189010000001, 60.06111859999998], [24.601486900000022, 60.07085919999999], [24.6220004, 60.06893209999997], [24.60311770000004, 60.05698149999998], [24.59189010000001, 60.06111859999998]]], [[[22.8229813, 60.07058749999998], [22.813, 60.0615], [22.792, 60.066], [22.81775, 60.07325], [22.8229813, 60.07058749999998]]], [[[22.8525, 60.07725], [22.87375, 60.07975], [22.88625, 60.07875], [22.87275, 60.06975], [22.8525, 60.07725]]], [[[24.650582799999974, 60.093461400000045], [24.66083959999997, 60.107914], [24.677570100000032, 60.10631619999997], [24.650582799999974, 60.093461400000045]]], [[[22.969, 60.1035], [22.96225, 60.09975], [22.973, 60.099], [22.971, 60.09175], [22.956566300000034, 60.08415249999996], [22.92769609999997, 60.084840599999964], [22.943, 60.09475], [22.901, 60.078], [22.8815, 60.08475], [22.83825, 60.07925], [22.849, 60.08725], [22.86925, 60.0845], [22.86575, 60.102], [22.9095, 60.12425], [22.95775, 60.12175], [22.9647167, 60.11862749999996], [22.9566196, 60.11148990000003], [22.969, 60.1035]]], [[[24.73714990000003, 60.11670450000001], [24.70304070000001, 60.104809800000034], [24.70368439999998, 60.11131160000002], [24.68372879999997, 60.10744060000001], [24.741171900000012, 60.12657979999997], [24.73714990000003, 60.11670450000001]]], [[[24.72889290000003, 60.12313130000002], [24.694847699999976, 60.127402], [24.733400400000036, 60.13160740000003], [24.72889290000003, 60.12313130000002]]], [[[25.025738399999984, 60.13793269999998], [24.995737, 60.13022810000003], [24.993387300000034, 60.13920950000002], [25.025738399999984, 60.13793269999998]]], [[[25.0849899, 60.14644670000002], [25.031257600000032, 60.13250470000002], [25.033055, 60.14306569999996], [25.0253093, 60.144745400000026], [25.0495166, 60.15783769999998], [25.0849899, 60.14644670000002]]], [[[24.892718099999964, 60.163878600000025], [24.8858988, 60.15556140000002], [24.8952239, 60.1503742], [24.87791290000004, 60.144051099999956], [24.87255530000004, 60.1547701], [24.8529664, 60.15409889999998], [24.852666200000026, 60.16160840000004], [24.861176, 60.17116540000004], [24.8701599, 60.163124], [24.892718099999964, 60.163878600000025]]], [[[25.068539500000018, 60.16915440000001], [25.057401300000013, 60.16590520000002], [25.068927699999985, 60.16484140000002], [25.0852562, 60.1727953], [25.0840914, 60.16313030000002], [25.092223400000044, 60.169187900000026], [25.097487699999963, 60.1642626], [25.08156050000002, 60.154761], [25.08110430000002, 60.1605655], [25.0752999, 60.16287710000003], [25.048965400000043, 60.158061799999956], [25.028249099999975, 60.16876940000004], [25.0341932, 60.1601191], [25.012106399999965, 60.160537], [25.01056440000001, 60.17161840000004], [25.0568688, 60.18788980000004], [25.068087800000036, 60.178953], [25.0605851, 60.172624599999985], [25.068539500000018, 60.16915440000001]]], [[[25.0171639, 60.17939679999997], [25.0104483, 60.182510600000036], [24.987111299999984, 60.18585660000004], [25.019023500000035, 60.1892859], [25.0171639, 60.17939679999997]]], [[[23.005204400000032, 60.31704730000002], [23.024947100000013, 60.328311], [23.033645400000022, 60.3234932], [23.016434, 60.303514300000025], [22.9963856, 60.298535500000014], [23.009475099999985, 60.30932920000002], [23.005204400000032, 60.31704730000002]]], [[[22.7730088, 63.85771620000004], [22.744401600000028, 63.867303], [22.74481920000003, 63.87555189999998], [22.775789200000016, 63.86980190000002], [22.7730088, 63.85771620000004]]], [[[22.839975400000032, 63.86635], [22.807674499999973, 63.86697430000001], [22.818754499999958, 63.872464399999956], [22.807974500000014, 63.87617439999997], [22.839975400000032, 63.86635]]], [[[22.76383970000003, 63.88708690000004], [22.794766, 63.89077510000003], [22.79971, 63.87972], [22.7727297, 63.88083690000001], [22.76383970000003, 63.88708690000004]]], [[[22.78538969999998, 63.8964975], [22.7566826, 63.9066125], [22.778162600000016, 63.906342500000044], [22.78538969999998, 63.8964975]]], [[[22.80023380000001, 63.923565], [22.816893800000013, 63.920545], [22.81690380000004, 63.911844900000034], [22.787285843807457, 63.91389476145847], [22.80023380000001, 63.923565]]], [[[22.77540659999998, 63.91286260000004], [22.737796600000024, 63.92022249999997], [22.7625566, 63.93029249999997], [22.778156599999964, 63.91973250000002], [22.77540659999998, 63.91286260000004]]], [[[23.311385499999968, 63.9438023], [23.29688639999997, 63.932744199999966], [23.280396199999984, 63.937599699999986], [23.286913, 63.9436605], [23.281999, 63.94753119999998], [23.311385499999968, 63.9438023]]], [[[23.19921240000001, 63.936119], [23.18488430000004, 63.94583829999998], [23.1880386, 63.9562789], [23.22782110000002, 63.940692], [23.19921240000001, 63.936119]]], [[[23.688279, 64.16963780000005], [23.65425, 64.19025], [23.6525, 64.1835], [23.637, 64.18925], [23.60825, 64.18075], [23.59132349999996, 64.18973749999998], [23.6145, 64.19075], [23.62925, 64.20175], [23.63925, 64.19875], [23.63325, 64.205], [23.649539199999978, 64.20597730000003], [23.688279, 64.16963780000005]]], [[[24.753481699999966, 64.9346277], [24.761496199999975, 64.94522220000005], [24.783333900000013, 64.93785719999995], [24.753481699999966, 64.9346277]]], [[[24.90125, 65.072], [24.88, 65.0645], [25.0286176, 65.05781129999997], [25.045112899999964, 65.05483909999998], [25.060261599999976, 65.04076140000004], [25.0662035, 65.0398153], [25.069464, 65.03648189999997], [24.9202226, 65.0333402], [24.8947376, 65.04822129999998], [24.8359425, 65.05522879999998], [24.795645500000028, 65.051437], [24.7889006, 65.04569720000003], [24.82819829999997, 65.0507924], [24.8184861, 65.04082189999997], [24.820959500000015, 65.0320081], [24.84032260000003, 65.03503980000002], [24.841503599999957, 65.02384690000002], [24.86503670000003, 65.01985739999998], [24.871209, 65.0044634], [24.881445699999958, 65.00069380000004], [24.8670554, 64.98638880000003], [24.87751750000001, 64.96687780000003], [24.818100499999982, 64.94780959999999], [24.792417600000025, 64.94755560000003], [24.791566799999973, 64.94131819999997], [24.73785119999997, 64.9591422], [24.74052580000002, 64.97042], [24.732560800000023, 64.97370480000002], [24.75235449999996, 64.97424539999999], [24.746774400000024, 64.98130549999998], [24.7025, 64.977], [24.728, 64.9695], [24.704, 64.9585], [24.629606399999968, 64.96759720000004], [24.616, 64.9765], [24.61725, 64.987], [24.577, 65.00225], [24.57425, 65.0205], [24.547266099999963, 65.04001059999999], [24.577, 65.044], [24.59125, 65.06175], [24.65625, 65.0835], [24.76775, 65.084], [24.83325, 65.09725], [24.88, 65.087], [24.90125, 65.072]]], [[[24.83525, 65.378], [24.84625, 65.37875], [24.826, 65.371], [24.81625, 65.38925], [24.8595, 65.39075], [24.83525, 65.378]]], [[[25.022, 65.4005], [25.0095, 65.4105], [24.99375, 65.404], [24.99075, 65.4045], [24.98775, 65.4125], [24.99925, 65.417], [24.989, 65.42225], [25.02575, 65.4185], [25.01675, 65.41025], [25.02575, 65.405], [25.022, 65.4005]]], [[[24.9855, 65.59675], [24.99125, 65.5925], [24.96875, 65.6045], [24.9635, 65.61425], [24.994, 65.6005], [24.9855, 65.59675]]], [[[25.05975, 65.603], [25.02725, 65.60775], [25.029, 65.615], [25.05318260000001, 65.61444129999995], [25.05975, 65.603]]], [[[24.9625, 65.60925], [24.95325, 65.59875], [24.93475, 65.60925], [24.936, 65.62075], [24.94675, 65.62575], [24.96825, 65.62525], [24.94875, 65.62275], [24.9625, 65.60925]]], [[[24.872734699999963, 65.62381670000003], [24.891684, 65.63527250000003], [24.899544399999982, 65.627534], [24.885052, 65.619664], [24.872734699999963, 65.62381670000003]]], [[[24.867789900000012, 65.63235], [24.835860100000016, 65.6328], [24.82088990000003, 65.64141009999999], [24.85381, 65.64034], [24.867789900000012, 65.63235]]], [[[24.611859099999975, 65.7009869], [24.58767060000003, 65.6862945], [24.602875499999985, 65.6650079], [24.58736130000002, 65.66913089999998], [24.583898400000024, 65.65676119999996], [24.514290300000017, 65.6590083], [24.52406039999998, 65.66340120000002], [24.51016789999999, 65.6707198], [24.573322900000036, 65.68230819999995], [24.5886814, 65.6918302], [24.591550900000012, 65.7016844], [24.58252970000002, 65.700885], [24.6068786, 65.70808360000002], [24.604815, 65.7015729], [24.611859099999975, 65.7009869]]], [[[24.5254744, 65.696141], [24.51088579999997, 65.69603259999998], [24.516869800000016, 65.6894289], [24.493292500000017, 65.69217310000003], [24.513912400000013, 65.70406929999996], [24.52377320000002, 65.728107], [24.54012129999997, 65.71946430000001], [24.521741699999975, 65.7018896], [24.5254744, 65.696141]]], [[[24.19463279999997, 65.7612032], [24.1665979, 65.75786429999997], [24.1708304, 65.75790529999998], [24.179666699999967, 65.74648850000001], [24.16866, 65.75624], [24.159438, 65.7500466], [24.14382009999999, 65.76553810000003], [24.15154539999996, 65.76995], [24.1405526, 65.7707311], [24.147905, 65.77362660000003], [24.1442787, 65.7801625], [24.16895320000002, 65.78543059999997], [24.162642600000037, 65.7983167], [24.16904150000004, 65.7986611], [24.181842200000023, 65.79540270000004], [24.190772, 65.77602470000004], [24.1974553, 65.769697], [24.19463279999997, 65.7612032]]], [[[24.2253102, 65.7812059], [24.2039046, 65.78222629999996], [24.23741, 65.77319], [24.229857900000038, 65.764941], [24.2074, 65.76842], [24.19293, 65.77545], [24.184278100000043, 65.79274509999996], [24.2341329, 65.79158120000004], [24.22046, 65.78594], [24.2253102, 65.7812059]]], [[[24.15963, 65.79787], [24.16172, 65.78742], [24.15135, 65.7853], [24.14259829999997, 65.79633359999997], [24.15963, 65.79787]]], [[[24.254985699999985, 65.80629739999996], [24.25883350000003, 65.7970629], [24.248261, 65.794792], [24.235689800000024, 65.80358570000004], [24.236181899999973, 65.81252], [24.254985699999985, 65.80629739999996]]], [[[24.229119200000024, 65.81813759999997], [24.23415710000004, 65.79163819999995], [24.20432489999996, 65.79773820000001], [24.184274700000028, 65.79283979999998], [24.182216399999987, 65.79558830000002], [24.160747299999983, 65.80183590000003], [24.161077699999964, 65.7990563], [24.15201769999996, 65.8346112], [24.17613260000003, 65.82833950000004], [24.186898499999963, 65.827445], [24.19765210000003, 65.8288156], [24.229119200000024, 65.81813759999997]]], [[[25.129819900000037, 60.153967600000044], [25.0932094, 60.1564651], [25.11758880000002, 60.16237079999997], [25.129819900000037, 60.153967600000044]]], [[[25.451473300000025, 60.16153960000003], [25.441864199999973, 60.15817760000004], [25.418783899999973, 60.1685702], [25.444824899999983, 60.17390790000003], [25.44976560000004, 60.171573100000025], [25.436447499999968, 60.16761019999996], [25.451473300000025, 60.16153960000003]]], [[[25.3568171, 60.1686487], [25.338807100000036, 60.168908299999984], [25.321573299999987, 60.172181700000024], [25.3385652, 60.1757785], [25.3568171, 60.1686487]]], [[[25.46216160000002, 60.1750089], [25.46811639999996, 60.172208], [25.435881899999977, 60.177743599999964], [25.455813599999964, 60.184915399999966], [25.47887559999996, 60.182718099999974], [25.46216160000002, 60.1750089]]], [[[25.539, 60.20425], [25.5485, 60.1895], [25.52525, 60.192], [25.53725, 60.20625], [25.52125, 60.2045], [25.51825, 60.2125], [25.551, 60.21], [25.539, 60.20425]]], [[[25.9096031, 60.206162800000016], [25.875538799999962, 60.208848099999976], [25.879639699999988, 60.2049], [25.85948520000004, 60.21021239999997], [25.894782699999972, 60.22075660000003], [25.916504700000033, 60.213086], [25.9096031, 60.206162800000016]]], [[[25.887828699999957, 60.22341320000002], [25.855842299999985, 60.21025690000001], [25.86549, 60.205068100000034], [25.82783039999997, 60.2006708], [25.833903700000036, 60.197278900000015], [25.8269751, 60.1933596], [25.813094, 60.2005034], [25.800525500000013, 60.1967903], [25.81384879999998, 60.20440629999999], [25.824445500000035, 60.230233900000016], [25.875095499999965, 60.22369269999996], [25.86667170000002, 60.230009700000025], [25.86924629999997, 60.234613700000025], [25.887828699999957, 60.22341320000002]]], [[[25.250246100000027, 60.21933120000004], [25.22304270000003, 60.207406200000044], [25.210265799999974, 60.21939660000004], [25.250246100000027, 60.21933120000004]]], [[[25.69097, 60.21182459999996], [25.665094099999983, 60.21856929999998], [25.651366, 60.21727840000001], [25.669279, 60.23262939999998], [25.69097, 60.21182459999996]]], [[[25.94226750000003, 60.2237349], [25.934058700000016, 60.2200145], [25.954482400000032, 60.2178417], [25.896900100000018, 60.22311339999999], [25.892488300000025, 60.2299921], [25.92483340000001, 60.23307540000002], [25.9363846, 60.22920509999998], [25.916258800000023, 60.22647820000004], [25.94226750000003, 60.2237349]]], [[[25.229785499999977, 60.22244749999996], [25.214619, 60.22618309999996], [25.227386199999966, 60.2352275], [25.25275419999998, 60.23105909999999], [25.249019699999984, 60.22306540000002], [25.224617400000025, 60.22068289999997], [25.229785499999977, 60.22244749999996]]], [[[25.276859699999985, 60.2387119], [25.305546200000038, 60.2319512], [25.284775199999974, 60.22622920000004], [25.292686200000034, 60.231762600000025], [25.282984100000014, 60.23228029999996], [25.276859699999985, 60.2387119]]], [[[25.35290489999996, 60.22827749999997], [25.358851400000013, 60.22643669999998], [25.353697900000025, 60.2231306], [25.342644799999956, 60.22971790000004], [25.346677, 60.234577699999974], [25.32480549999999, 60.24186119999999], [25.336136599999968, 60.24051709999998], [25.33906050000004, 60.24456819999997], [25.3624988, 60.239517599999964], [25.372295, 60.23238290000001], [25.35290489999996, 60.22827749999997]]], [[[25.414961499999986, 60.24497140000002], [25.446942699999973, 60.24716289999998], [25.44414619999996, 60.236532900000014], [25.448876600000023, 60.22903109999997], [25.415178, 60.22295339999999], [25.423256500000022, 60.23047780000003], [25.4157216, 60.22962960000002], [25.419074699999964, 60.23695539999998], [25.425661, 60.23678909999998], [25.4048368, 60.24536670000004], [25.408133700000022, 60.25135190000001], [25.414961499999986, 60.24497140000002]]], [[[25.89898930000004, 60.244312799999975], [25.92725, 60.24125], [25.88646390000001, 60.23704139999999], [25.89898930000004, 60.244312799999975]]], [[[25.4808211, 60.24314369999996], [25.4631456, 60.243842200000024], [25.47010789999998, 60.238237800000036], [25.457667699999984, 60.23157639999998], [25.445270299999976, 60.23769279999997], [25.448744899999962, 60.2473294], [25.47797560000001, 60.253274], [25.47403290000002, 60.2475454], [25.48408839999997, 60.246228], [25.49016260000002, 60.24890379999996], [25.4808211, 60.24314369999996]]], [[[25.3293292, 60.24557470000002], [25.309773300000025, 60.23853639999996], [25.295965500000026, 60.24690470000002], [25.3293292, 60.24557470000002]]], [[[25.53131770000002, 60.2423111], [25.539055799999986, 60.23372040000001], [25.511746700000035, 60.239226899999984], [25.533723400000028, 60.25626049999999], [25.534037299999977, 60.247636099999966], [25.54305, 60.24669870000003], [25.53131770000002, 60.2423111]]], [[[25.9250866, 60.24532660000001], [25.9615, 60.25175], [25.96825, 60.24925], [25.94625, 60.2415], [25.9250866, 60.24532660000001]]], [[[25.2388511, 60.24981849999997], [25.21449470000002, 60.246573599999984], [25.20039610000003, 60.25120820000002], [25.23151889999996, 60.2561094], [25.2388511, 60.24981849999997]]], [[[25.84559770000002, 60.245813300000044], [25.84971760000002, 60.25433139999998], [25.8418211, 60.260633400000046], [25.846799299999965, 60.265061100000025], [25.863965500000017, 60.24913569999996], [25.84559770000002, 60.245813300000044]]], [[[25.608, 60.295], [25.618, 60.282], [25.64875, 60.27425], [25.6585, 60.25925], [25.672218299999958, 60.26047259999998], [25.668793, 60.24996009999996], [25.679953300000022, 60.241363800000045], [25.66512, 60.23911050000003], [25.66175, 60.22775], [25.63677390000004, 60.22806709999997], [25.6311849, 60.2128759], [25.644125800000026, 60.212149600000025], [25.62505939999996, 60.2019321], [25.62469970000004, 60.211270899999974], [25.60551140000001, 60.21648440000004], [25.62127239999997, 60.2175499], [25.591219500000015, 60.225852300000035], [25.645, 60.244], [25.61625, 60.235], [25.584804800000036, 60.247835], [25.590562700000028, 60.2508021], [25.570447, 60.26351349999996], [25.58810010000002, 60.26735769999998], [25.568943799999975, 60.27172239999998], [25.578298, 60.306817], [25.594964299999976, 60.30649149999998], [25.601813400000015, 60.316637], [25.611385500000026, 60.30728770000004], [25.60375, 60.302], [25.61875, 60.304], [25.608, 60.295]]], [[[25.99567290000003, 60.26924670000004], [25.999579200000035, 60.26579569999996], [25.979055800000026, 60.265992], [25.99475, 60.281], [26.00525, 60.27375], [25.99567290000003, 60.26924670000004]]], [[[26.04125, 60.30075], [26.094, 60.28925], [26.091, 60.287], [26.11475, 60.291], [26.138, 60.28375], [26.13725, 60.278], [26.116, 60.27875], [26.12225, 60.275], [26.1065, 60.26925], [26.1165, 60.28075], [26.08375, 60.28825], [26.0775, 60.28275], [26.08525, 60.27975], [26.07775, 60.277], [26.06825, 60.28125], [26.07, 60.28925], [26.045, 60.28725], [26.0385, 60.294], [26.048, 60.29625], [26.04125, 60.30075]]], [[[26.14275, 60.28925], [26.1225, 60.29325], [26.10125, 60.289], [26.09075, 60.29725], [26.11325, 60.297], [26.0985, 60.3025], [26.1125, 60.3045], [26.09725, 60.30775], [26.12875, 60.31], [26.14275, 60.28925]]], [[[25.92914350000003, 60.3533308], [25.9995, 60.33675], [25.98924669999999, 60.32851219999997], [26.01221509999997, 60.31642429999999], [26.00725, 60.29825], [25.987974299999962, 60.292491300000044], [26.038889, 60.2842004], [26.00780190000004, 60.27735220000003], [25.999504900000012, 60.28734429999997], [25.9816855, 60.27595860000001], [25.9386442, 60.2685485], [25.931674600000022, 60.282296], [25.9408621, 60.290455800000025], [25.9317462, 60.303069900000025], [25.94086240000003, 60.308353], [25.962817900000047, 60.30021660000002], [25.950579799999986, 60.3253373], [25.9255105, 60.341723], [25.931622100000027, 60.34238859999996], [25.92914350000003, 60.3533308]]], [[[26.199652400000026, 60.34798980000004], [26.238196900000034, 60.333131499999986], [26.249592, 60.31956560000002], [26.197163399999965, 60.3173755], [26.16657610000003, 60.34947620000001], [26.199652400000026, 60.34798980000004]]], [[[26.308278100000017, 60.3413306], [26.30123579999998, 60.33424710000001], [26.2844924, 60.338722799999964], [26.261807, 60.35728240000002], [26.308278100000017, 60.3413306]]], [[[25.70077119999997, 60.33810640000003], [25.65613110000001, 60.33285959999996], [25.63771339999997, 60.339650399999975], [25.641496199999967, 60.3529583], [25.663824600000016, 60.360631900000044], [25.70077119999997, 60.33810640000003]]], [[[26.1078622, 60.3446186], [26.105143899999973, 60.355065], [26.127369799999975, 60.361288], [26.1255216, 60.3503068], [26.118138600000016, 60.350576099999984], [26.122858, 60.33880860000004], [26.1078622, 60.3446186]]], [[[26.43653159999998, 60.34627579999998], [26.413448500000015, 60.3541767], [26.433902, 60.36241189999998], [26.439758800000014, 60.35898549999998], [26.43653159999998, 60.34627579999998]]], [[[26.77843330000004, 60.34319030000003], [26.7445472, 60.3587946], [26.745061500000013, 60.36613039999998], [26.75881590000003, 60.3718275], [26.7788053, 60.3640309], [26.788895, 60.3559468], [26.77843330000004, 60.34319030000003]]], [[[26.5401017, 60.36150540000002], [26.5189666, 60.35566570000001], [26.509222699999988, 60.3691235], [26.532261700000035, 60.36982609999996], [26.5401017, 60.36150540000002]]], [[[26.5983387, 60.355740299999965], [26.59493510000003, 60.37186589999998], [26.61828890000001, 60.366133300000044], [26.6114499, 60.36448420000002], [26.5983387, 60.355740299999965]]], [[[25.66059130000001, 60.36798930000004], [25.679001799999988, 60.37373080000001], [25.68504069999996, 60.3673061], [25.67625, 60.358], [25.66059130000001, 60.36798930000004]]], [[[26.627694900000044, 60.36918380000002], [26.6324551, 60.36634240000002], [26.622163200000024, 60.3708668], [26.658681100000038, 60.37958919999997], [26.642283, 60.3680756], [26.627694900000044, 60.36918380000002]]], [[[26.425152899999972, 60.40838310000002], [26.471502299999962, 60.379478100000014], [26.4693944, 60.37382], [26.4898448, 60.3743008], [26.4882176, 60.380106799999986], [26.508520100000034, 60.370122], [26.50295669999997, 60.364681900000036], [26.51687079999997, 60.35549860000004], [26.543651800000013, 60.353776500000016], [26.537513, 60.352778], [26.541424800000044, 60.34376680000004], [26.507573100000016, 60.34317310000003], [26.49922219999997, 60.3623855], [26.447132500000023, 60.358490599999975], [26.429922, 60.37284850000002], [26.42460840000004, 60.3595943], [26.406265100000027, 60.364784800000024], [26.410850900000028, 60.358183200000035], [26.39578319999997, 60.3567218], [26.384041400000022, 60.36428089999998], [26.394976900000046, 60.369925], [26.38459569999997, 60.37375489999996], [26.384646099999962, 60.38811720000001], [26.425102, 60.37544259999998], [26.423370899999966, 60.38664340000001], [26.431313299999957, 60.39117460000003], [26.416548600000013, 60.401560799999984], [26.425152899999972, 60.40838310000002]]], [[[26.116049299999986, 60.3765721], [26.123463299999962, 60.37214880000003], [26.112151200000042, 60.3706864], [26.1072686, 60.3890338], [26.098717700000016, 60.38285650000003], [26.085326700000046, 60.389256899999985], [26.09557609999996, 60.39592240000002], [26.120789, 60.38888429999997], [26.116049299999986, 60.3765721]]], [[[27.0705, 60.39675], [27.059, 60.396], [27.06775, 60.376], [27.050681499999975, 60.37174410000003], [27.03625, 60.3755], [27.01275, 60.40775], [27.06275, 60.40425], [27.0705, 60.39675]]], [[[27.4251964, 60.40153709999998], [27.419196400000047, 60.3962871], [27.40419639999999, 60.407287100000026], [27.419941100000024, 60.416932], [27.42819639999997, 60.40878709999997], [27.416563299999964, 60.40548519999997], [27.4251964, 60.40153709999998]]], [[[26.6496551, 60.435189500000035], [26.66074720000001, 60.4174137], [26.61990360000003, 60.4176047], [26.6250172, 60.414714], [26.6111567, 60.409067100000044], [26.58220539999997, 60.41160990000002], [26.57137639999997, 60.400529], [26.550222, 60.401662300000034], [26.543948699999973, 60.39671639999999], [26.553023400000043, 60.38778340000001], [26.54442070000004, 60.38778340000001], [26.555680100000032, 60.38027710000004], [26.54368549999996, 60.374336400000026], [26.504119100000047, 60.405835900000035], [26.505441699999963, 60.42237509999999], [26.542753500000025, 60.4072728], [26.56150350000003, 60.416402], [26.559591099999977, 60.42201160000002], [26.586177700000015, 60.422374500000025], [26.57239680000002, 60.4324851], [26.577551800000045, 60.43682620000001], [26.572683, 60.44888819999998], [26.5903963, 60.44376879999997], [26.599304100000033, 60.4513455], [26.6496551, 60.435189500000035]]], [[[26.99275, 60.40575], [26.979, 60.41225], [26.9775, 60.4265], [26.993, 60.4185], [26.99275, 60.40575]]], [[[26.731492300000035, 60.426992799999965], [26.73063020000003, 60.41418439999997], [26.737030599999976, 60.40996469999997], [26.72553790000004, 60.409076099999986], [26.727803, 60.4283565], [26.741794300000045, 60.42875869999997], [26.7428349, 60.436414399999954], [26.762565400000028, 60.424268499999975], [26.731492300000035, 60.426992799999965]]], [[[27.552828599999977, 60.441003200000026], [27.557978400000017, 60.42914529999998], [27.536864099999967, 60.43219489999998], [27.5402973, 60.43956360000002], [27.552828599999977, 60.441003200000026]]], [[[27.06425, 60.4405], [27.07025, 60.42425], [27.047, 60.433], [27.056, 60.438], [27.044, 60.43775], [27.05875, 60.444], [27.0605, 60.44125], [27.05275, 60.4325], [27.06, 60.43125], [27.06425, 60.4405]]], [[[27.0295, 60.445], [27.04325, 60.43775], [27.0315, 60.43725], [27.036, 60.4245], [27.01825, 60.42425], [27.03575, 60.41075], [27.0035, 60.415], [27.012, 60.42], [26.9895, 60.43225], [26.9975, 60.44025], [27.0125, 60.439], [27.00225, 60.44775], [27.0299427, 60.45644839999997], [27.028472, 60.46371730000001], [27.04095780000003, 60.4548922], [27.0295, 60.445]]], [[[26.888831500000045, 60.458936400000034], [26.9194674, 60.4457077], [26.914129200000012, 60.43762720000003], [26.922745900000024, 60.433164], [26.910173500000013, 60.43347109999996], [26.9287301, 60.43146240000003], [26.917111500000033, 60.428057], [26.9255613, 60.424509800000045], [26.90641760000002, 60.42544680000003], [26.914977799999974, 60.41799], [26.90654530000002, 60.41682270000003], [26.875431699999965, 60.436012199999986], [26.8628267, 60.43607730000004], [26.86140059999996, 60.42768429999998], [26.8422786, 60.43363810000002], [26.85256150000003, 60.43913430000003], [26.842583, 60.44781730000001], [26.869531199999983, 60.45010229999998], [26.86581589999998, 60.4623645], [26.87849969999997, 60.4686036], [26.891698500000025, 60.46357959999999], [26.888831500000045, 60.458936400000034]]], [[[27.179, 60.458], [27.19175, 60.444], [27.15525, 60.4605], [27.179, 60.458]]], [[[26.9637935, 60.4721459], [26.956523, 60.45899689999998], [26.963690500000013, 60.45876049999996], [26.95553909999996, 60.457495], [26.951652199999963, 60.46084380000003], [26.94278630000003, 60.4582555], [26.957690200000037, 60.4571369], [26.942011100000016, 60.44558089999998], [26.917833199999976, 60.45810569999996], [26.9201735, 60.4650052], [26.9351461, 60.46698529999996], [26.942339800000035, 60.470193], [26.944980400000027, 60.4742198], [26.9637935, 60.4721459]]], [[[27.362976400000036, 60.474918], [27.4187256, 60.45919410000004], [27.410911200000022, 60.44739790000004], [27.384, 60.44925], [27.362976400000036, 60.474918]]], [[[26.7500067, 60.47499850000004], [26.784181, 60.4560764], [26.7675545, 60.45523270000001], [26.7500067, 60.47499850000004]]], [[[26.99033390000004, 60.46685960000004], [26.9663245, 60.47741580000003], [26.9678199, 60.48506860000004], [26.99033390000004, 60.46685960000004]]], [[[27.354, 60.4875], [27.339, 60.4945], [27.3645, 60.49925], [27.381, 60.492], [27.354, 60.4875]]], [[[29.133909500000023, 69.6953404], [29.17053690000003, 69.63904140000002], [29.336495600000013, 69.4783227], [29.21933949999996, 69.39763619999997], [28.831539, 69.22436169999996], [28.8303122, 69.171902], [28.80543, 69.1111558], [28.854577100000043, 69.07663879999998], [28.929451, 69.05194069999997], [28.495373499999985, 68.93004030000004], [28.415777700000042, 68.9154505], [28.468076, 68.88551369999998], [28.66118, 68.8864737], [28.801449899999966, 68.86936650000004], [28.7072131, 68.732555], [28.434120199999988, 68.5397946], [28.6478382, 68.1959134], [29.327133699999983, 68.07451619999998], [29.6593888, 67.80297220000004], [30.01734089999998, 67.67356889999998], [29.930510199999958, 67.52282140000003], [29.838064300000035, 67.47822], [29.714361199999985, 67.3988234], [29.715622, 67.39227870000002], [29.6577067, 67.3704971], [29.646264499999972, 67.35463190000003], [29.616983500000025, 67.34519979999997], [29.644543200000015, 67.33591720000003], [29.611444899999974, 67.32639690000003], [29.584460599999986, 67.33067919999998], [29.566062, 67.32242229999999], [29.57995189999997, 67.3156973], [29.57120879999998, 67.31071059999995], [29.522709500000012, 67.30991720000003], [29.5044457, 67.28539090000002], [29.515364599999984, 67.28079369999998], [29.48660610000001, 67.2601149], [29.07325439999996, 66.99615389999997], [29.04055919999996, 66.96181890000001], [29.0331239, 66.92547220000004], [29.06075290000004, 66.85269280000001], [29.119417100000042, 66.80137250000004], [29.1055615, 66.79006929999997], [29.149648700000043, 66.78029], [29.35764810000002, 66.64108320000001], [29.36019560000004, 66.62560320000003], [29.3868211, 66.60808259999997], [29.37640030000003, 66.60375610000001], [29.416594, 66.59249990000002], [29.41100779999998, 66.5833539], [29.472675100000032, 66.54344779999997], [29.524285600000034, 66.4906977], [29.6968181, 66.27720890000003], [29.706609300000032, 66.27464779999995], [29.696644500000033, 66.26849020000003], [29.7094932, 66.26820030000002], [29.92393529999996, 66.12624859999998], [29.971260500000042, 66.04587110000001], [29.980926199999978, 66.04395610000002], [29.9737182, 66.04080839999999], [29.97712670000002, 66.03554269999995], [29.992336600000037, 66.02263630000002], [29.997268, 65.97889249999997], [30.02417, 65.96685159999997], [30.068195200000027, 65.89517580000003], [30.133433599999968, 65.70235], [30.138463, 65.6686875], [30.017091600000043, 65.69652720000005], [29.7224328, 65.637045], [29.754491900000048, 65.60929270000001], [29.86375080000002, 65.56047020000004], [29.7548124, 65.4975835], [29.7491347, 65.4826767], [29.73312079999998, 65.472637], [29.727758500000036, 65.39971439999997], [29.7467636, 65.347391], [29.646825799999966, 65.2890226], [29.60497079999996, 65.2736519], [29.601847099999965, 65.25994349999996], [29.63479139999997, 65.2313019], [29.764075699999957, 65.2289189], [29.885764499999965, 65.2063057], [29.893525, 65.1929551], [29.819344599999965, 65.1444587], [29.850377700000017, 65.12858209999999], [29.864338399999966, 65.13174920000002], [29.85280920000003, 65.12723110000002], [29.8968731, 65.1051489], [29.830954900000037, 65.0919272], [29.7326874, 65.09129760000005], [29.626969700000018, 65.06059880000004], [29.61442990000004, 65.0127934], [29.599332199999985, 64.99506179999999], [29.6191892, 64.95966330000005], [29.6110374, 64.92732689999998], [29.64493239999998, 64.8664807], [29.699696799999984, 64.83722439999997], [29.687522599999973, 64.81879739999995], [29.73963080000003, 64.78978270000002], [30.04293629999998, 64.79288989999998], [30.086509600000042, 64.77398619999997], [30.09106180000002, 64.764951], [30.041397899999964, 64.7411862], [30.053701, 64.71305189999998], [30.135788, 64.64898370000004], [30.130150400000012, 64.63471720000003], [30.118974, 64.62590970000004], [30.054335, 64.61527009999999], [29.9894227, 64.58758469999998], [29.997439, 64.57731059999998], [29.986960899999957, 64.53389980000003], [30.0145963, 64.5043418], [30.02970010000002, 64.5006267], [30.024413500000037, 64.48295819999996], [30.0459327, 64.47212050000003], [30.05833479999996, 64.45087489999996], [30.050036800000036, 64.44162619999997], [30.05722179999998, 64.43424619999998], [30.044893299999984, 64.40201220000003], [30.1099028, 64.36504570000002], [30.210151900000035, 64.35046610000003], [30.36692759999996, 64.2996785], [30.360775699999962, 64.281319], [30.388284600000013, 64.26905689999997], [30.482439699999965, 64.2623385], [30.50959909999996, 64.221691], [30.466399900000027, 64.20443189999997], [30.515893, 64.1549652], [30.553427099999965, 64.13224429999997], [30.553580100000012, 64.10168180000004], [30.52801690000001, 64.04887689999998], [30.492694, 64.01759160000002], [30.3209081, 63.90953280000004], [30.260416, 63.82200320000002], [29.971890300000013, 63.7571676], [30.064817499999975, 63.70796090000003], [30.060627200000013, 63.7036183], [30.07280489999996, 63.6944888], [30.24417109999998, 63.607264], [30.2582539, 63.58394], [30.38452589999997, 63.545493], [30.483994, 63.4666957], [30.78770470000004, 63.405270900000026], [30.84998940000002, 63.368565500000045], [30.93441760000003, 63.3554397], [30.9440687, 63.336628], [30.9791898, 63.3078375], [31.020730500000013, 63.303219199999965], [31.102065100000033, 63.27087470000003], [31.1387885, 63.26498370000004], [31.165326299999982, 63.244231099999986], [31.237531500000024, 63.21921949999997], [31.238265, 63.19513710000002], [31.254804500000034, 63.17864739999998], [31.255432699999965, 63.14185369999998], [31.272118699999986, 63.107626300000035], [31.36352480000003, 63.07097960000003], [31.387396400000043, 63.04928610000002], [31.42501080000001, 63.0432659], [31.4630002, 63.0242509], [31.4487587, 63.00605779999999], [31.502132499999966, 62.99624859999999], [31.586707100000012, 62.90870939999997], [31.4546992, 62.79627040000004], [31.467492199999967, 62.783278699999975], [31.439060600000047, 62.785375], [31.380135, 62.68985470000003], [31.386229899999982, 62.675207400000026], [31.376366, 62.67124090000002], [31.373025199999972, 62.64970730000001], [31.345958199999977, 62.64351839999997], [31.221834600000044, 62.49829549999998], [31.18583339999997, 62.493574099999954], [31.186970900000034, 62.4873175], [31.173401899999988, 62.481886499999966], [31.16341490000002, 62.44549009999997], [31.138311, 62.44208380000004], [31.091939400000044, 62.41989059999999], [30.942442500000013, 62.33299879999998], [30.961999299999974, 62.32774749999998], [30.9432722, 62.30596880000003], [30.904350499999964, 62.310261], [30.8109585, 62.270691900000024], [30.80865530000004, 62.26100429999996], [30.720412, 62.2089058], [30.656406100000012, 62.20858769999997], [30.629116499999988, 62.18911], [30.635576499999985, 62.17362930000003], [30.602068, 62.141348899999976], [30.4446815, 62.032287], [30.337449699999972, 61.9731006], [30.306110399999987, 61.964546], [30.31272960000001, 61.94500919999999], [30.3007176, 61.93497319999996], [30.27417660000001, 61.933638500000015], [30.21142790000001, 61.89270590000004], [30.19409329999997, 61.891283500000036], [30.19621339999997, 61.88220769999997], [30.155660499999968, 61.8579888], [30.07138780000004, 61.81868419999998], [30.038728100000043, 61.7650011], [29.86832, 61.682327400000034], [29.86116319999997, 61.6701058], [29.845760199999972, 61.67056609999999], [29.818586699999962, 61.655327700000015], [29.810187900000038, 61.6357648], [29.754605799999965, 61.603120400000016], [29.7402992, 61.5737044], [29.688347500000013, 61.55182069999998], [29.607329900000025, 61.50046530000004], [29.496460099999986, 61.4915692], [29.503072399999972, 61.46133890000002], [29.328123800000014, 61.3519861], [29.23999, 61.26801010000002], [29.011101599999968, 61.18433389999997], [28.956774399999986, 61.15162], [28.88347459999997, 61.14237579999997], [28.818984, 61.121647100000025], [28.804287700000017, 61.093382599999984], [28.71379939999997, 61.04459460000002], [28.683892700000037, 60.978702199999965], [28.655472800000013, 60.94953119999997], [28.52466970000004, 60.95713710000001], [28.48399330000003, 60.92495510000002], [28.46452229999997, 60.9228744], [28.33565090000004, 60.8541446], [28.3242268, 60.8579147], [28.311906900000018, 60.84126929999997], [28.220493800000014, 60.782793], [28.1742827, 60.77861929999997], [28.13546130000001, 60.74086949999999], [27.873414, 60.604559], [27.83844289999996, 60.57845870000002], [27.847096099999966, 60.56129430000003], [27.78431, 60.54498], [27.77304, 60.5517], [27.78296, 60.55343], [27.76551, 60.57375], [27.77162, 60.57934], [27.73422, 60.58134], [27.72578, 60.576], [27.73946, 60.57133], [27.71721, 60.56479], [27.72421, 60.55248], [27.71413, 60.54332], [27.72747, 60.53583], [27.72037, 60.53204], [27.74239, 60.52961], [27.74814, 60.51985], [27.71638, 60.52719], [27.718143399999974, 60.5171514], [27.7114486, 60.51656], [27.74065, 60.50991], [27.74568, 60.50323], [27.741950399999972, 60.493371], [27.735079199999966, 60.494872200000025], [27.740586, 60.48473089999999], [27.70581, 60.495], [27.6822701, 60.4846473], [27.6315022, 60.493099], [27.63259520000002, 60.48269720000003], [27.6183877, 60.481914], [27.590901500000044, 60.49258079999997], [27.59647509999997, 60.509153400000024], [27.61499959999997, 60.50923219999997], [27.61021260000002, 60.51756969999997], [27.646994800000044, 60.5185394], [27.62042330000002, 60.5260321], [27.604569600000026, 60.5214677], [27.60376179999998, 60.5124528], [27.56798540000004, 60.50516059999997], [27.57752940000003, 60.49646730000002], [27.570501799999967, 60.493749899999976], [27.588777900000018, 60.491942], [27.62082060000003, 60.46779670000004], [27.577958700000025, 60.47495760000003], [27.55283580000004, 60.49435639999998], [27.534301799999973, 60.49294709999999], [27.468639899999978, 60.5133782], [27.485541199999965, 60.50086589999999], [27.459134499999983, 60.497288700000034], [27.473333700000033, 60.49411010000003], [27.45756809999996, 60.487108399999975], [27.484991699999973, 60.4781174], [27.494401300000035, 60.4660187], [27.490480299999973, 60.459706900000015], [27.448662899999974, 60.473849099999974], [27.4262957, 60.46517019999997], [27.3651551, 60.51360930000002], [27.3588613, 60.51093880000004], [27.37037079999999, 60.506093], [27.3677152, 60.5001876], [27.335525100000048, 60.51442329999996], [27.336442900000044, 60.50589269999997], [27.31010469999996, 60.50960950000001], [27.2987458, 60.51509940000003], [27.3099216, 60.5163421], [27.303915800000013, 60.52195709999999], [27.2753832, 60.5069569], [27.26337539999998, 60.51472230000001], [27.2707975, 60.51706089999997], [27.22802139999999, 60.53189040000004], [27.229790299999976, 60.519093700000035], [27.221534100000042, 60.514421199999965], [27.1970664, 60.51547940000003], [27.2061778, 60.532959300000016], [27.188518800000026, 60.54610409999996], [27.193964, 60.5527246], [27.228862300000024, 60.549925899999984], [27.27333919999998, 60.525501], [27.282035800000024, 60.53281259999996], [27.228445299999983, 60.55011210000003], [27.220426399999965, 60.559779], [27.197481599999982, 60.56361439999997], [27.18245160000002, 60.55734290000003], [27.185159, 60.5714702], [27.17219419999998, 60.58015969999999], [27.192032699999977, 60.58561320000002], [27.1808186, 60.58563509999996], [27.168234099999964, 60.580111], [27.171262299999967, 60.57388790000002], [27.16229870000003, 60.56883239999997], [27.1754749, 60.555121299999975], [27.17679829999998, 60.533090500000036], [27.16985910000004, 60.53301569999998], [27.181762799999966, 60.529753100000036], [27.184769400000043, 60.52452339999996], [27.1737596, 60.52601139999997], [27.17481989999998, 60.51992379999997], [27.1682109, 60.528821100000016], [27.16259260000001, 60.51673950000002], [27.130973599999976, 60.52222639999997], [27.16173080000003, 60.53873719999998], [27.1218709, 60.52943459999997], [27.10741310000003, 60.53601980000003], [27.108989399999984, 60.544615499999985], [27.09585720000002, 60.545559700000034], [27.104529, 60.5520472], [27.0942252, 60.55059720000002], [27.09679970000002, 60.56484960000003], [27.089964499999972, 60.54216430000003], [27.09541749999996, 60.531730400000036], [27.0638444, 60.536019900000035], [27.07200070000001, 60.53907429999998], [27.044019200000022, 60.55436139999998], [27.052803799999978, 60.5443816], [27.038672, 60.542879], [27.063170900000046, 60.53858550000004], [27.060682, 60.5326231], [27.067226, 60.528533899999964], [27.0338865, 60.519327600000025], [27.03657649999999, 60.527894], [27.025879299999964, 60.53048730000003], [27.03378590000002, 60.53422429999997], [27.02076329999997, 60.5402102], [27.02571570000002, 60.54797470000001], [27.0079124, 60.55528810000001], [27.005633099999983, 60.54183250000002], [27.015948, 60.5385153], [27.012365699999975, 60.5306931], [27.02259349999997, 60.517383], [27.01042250000004, 60.508071899999976], [26.971181499999965, 60.510612699999974], [26.983381200000046, 60.507101200000044], [26.991336, 60.49595010000004], [26.986656200000034, 60.49063010000004], [26.97288580000002, 60.496351300000015], [26.9690898, 60.4860159], [26.96064769999996, 60.492645], [26.955349, 60.492853200000035], [26.9619718, 60.48767319999999], [26.955338699999984, 60.48579349999998], [26.940668500000044, 60.49495290000004], [26.9429384, 60.50094160000003], [26.931225, 60.50363160000003], [26.9285089, 60.492003], [26.911481399999957, 60.49873870000002], [26.920822899999983, 60.488199], [26.94243420000003, 60.491575], [26.9465012, 60.47721090000004], [26.929066, 60.476348600000016], [26.940378700000046, 60.47076839999998], [26.9201263, 60.46523689999998], [26.88651580000002, 60.48746369999997], [26.883863600000048, 60.473724599999976], [26.8530431, 60.47802069999999], [26.841866900000042, 60.46643970000002], [26.850179, 60.46398030000002], [26.79002459999996, 60.4553174], [26.763411899999987, 60.47143130000003], [26.797339800000017, 60.486695900000036], [26.7800913, 60.49274050000004], [26.767193399999968, 60.47676259999999], [26.74889730000004, 60.47546049999998], [26.750389699999978, 60.481109500000024], [26.73889619999997, 60.48413059999997], [26.7471728, 60.450581800000045], [26.724572600000016, 60.45235280000003], [26.711336900000013, 60.4321929], [26.677359, 60.4352149], [26.675157400000025, 60.42468059999997], [26.652467, 60.43182359999999], [26.64006720000002, 60.45508570000002], [26.62630379999996, 60.45998950000004], [26.6192163, 60.452657500000015], [26.590899900000018, 60.460189599999985], [26.566131, 60.45311659999999], [26.568894, 60.428208900000044], [26.53416810000003, 60.451978], [26.51852829999998, 60.44755990000003], [26.50112119999998, 60.45427540000003], [26.470159, 60.4857498], [26.4554761, 60.486369300000014], [26.44816019999997, 60.4813303], [26.4588458, 60.47063810000004], [26.44207650000002, 60.462816], [26.457205800000025, 60.452760199999986], [26.462155700000046, 60.43515319999997], [26.45482849999997, 60.41692919999996], [26.436329, 60.4274333], [26.4330689, 60.420204], [26.444455, 60.41318140000002], [26.42591, 60.41427230000004], [26.4236601, 60.42327210000004], [26.4086834, 60.419668899999984], [26.4056605, 60.4286583], [26.4194329, 60.384682200000015], [26.4038356, 60.39300009999999], [26.41079, 60.3977727], [26.388222400000018, 60.4029544], [26.3927821, 60.40607779999998], [26.384085799999966, 60.41470719999997], [26.36756290000003, 60.4092888], [26.37271379999998, 60.39764909999998], [26.349233800000036, 60.40346890000003], [26.3314398, 60.397716], [26.34930069999998, 60.38353439999999], [26.33489069999998, 60.38257019999997], [26.335713400000017, 60.37130720000003], [26.31479889999998, 60.372694], [26.307815, 60.389112], [26.2992104, 60.39023049999998], [26.28978519999997, 60.40536079999998], [26.2991719, 60.41778220000002], [26.2799045, 60.42124049999999], [26.29804950000004, 60.4305227], [26.2699406, 60.43123639999998], [26.23666, 60.457986], [26.243966, 60.43703059999996], [26.232416699999973, 60.436039], [26.250194800000024, 60.4259165], [26.260058099999974, 60.4089486], [26.25064260000004, 60.402473], [26.267661399999973, 60.398742799999965], [26.267394099999976, 60.39057040000004], [26.24105489999998, 60.40055149999996], [26.241322099999977, 60.395204699999965], [26.220981299999977, 60.396922099999955], [26.223019500000042, 60.4057958], [26.205020700000027, 60.40381460000003], [26.171212200000014, 60.4216881], [26.176102499999985, 60.398844], [26.21961679999997, 60.39305960000003], [26.206106, 60.3799427], [26.1959359, 60.38905790000004], [26.186800900000016, 60.38180980000003], [26.20765080000004, 60.37276969999998], [26.19954449999998, 60.3624445], [26.152581799999965, 60.378901700000014], [26.1805361, 60.37256530000003], [26.1522613, 60.3845307], [26.160792500000042, 60.3905088], [26.15128030000001, 60.39476779999997], [26.1674807, 60.39814509999999], [26.135228599999984, 60.3955754], [26.12690550000002, 60.4095228], [26.12126770000002, 60.403163399999976], [26.100201300000023, 60.40996159999998], [26.071002599999957, 60.43478810000004], [26.0536207, 60.42300980000001], [26.0019103, 60.453187299999975], [25.9994962, 60.46397390000002], [25.976949199999986, 60.479762400000034], [25.92475860000004, 60.49079479999999], [25.91652889999999, 60.48453810000002], [25.94220410000002, 60.471318799999956], [25.970647400000026, 60.47632190000002], [25.955035100000025, 60.46576440000002], [25.97226559999998, 60.46279559999996], [25.955026, 60.451657], [25.9604558, 60.4436394], [25.993743, 60.449540699999964], [25.99936279999998, 60.430232599999975], [26.0390399, 60.41982209999996], [26.041803600000044, 60.412752200000035], [26.0222426, 60.3981839], [26.0046584, 60.39869789999998], [26.00085440000003, 60.407027200000016], [25.993473, 60.401770900000045], [26.043083800000012, 60.37979449999999], [26.05425779999996, 60.36154080000002], [26.067176500000024, 60.363334500000015], [26.0787577, 60.3423237], [26.102548399999982, 60.34710730000003], [26.10581479999997, 60.33412219999998], [26.1118447, 60.335534], [26.10264609999998, 60.33038739999996], [26.12007720000001, 60.3248789], [26.0885885, 60.31560370000004], [26.082018300000044, 60.305084199999975], [26.06115479999996, 60.312827], [26.04998129999997, 60.3031876], [26.02851420000004, 60.30169140000001], [26.017348299999966, 60.3063341], [26.028449899999963, 60.3181462], [26.01978079999997, 60.33641140000003], [25.9887884, 60.35382060000003], [25.99468039999998, 60.3742138], [25.980523, 60.37198809999997], [25.9873006, 60.36218380000002], [25.982779700000037, 60.35125109999996], [25.962952, 60.3568679], [25.9539271, 60.35153080000001], [25.9345243, 60.3684246], [25.905092299999986, 60.37486550000001], [25.891852700000015, 60.39815989999997], [25.8446968, 60.41291789999998], [25.8590296, 60.396896699999985], [25.8843738, 60.38762060000004], [25.889851299999975, 60.37321729999998], [25.9132206, 60.366886], [25.907794700000032, 60.361228500000024], [25.915772, 60.34359949999996], [25.87076060000003, 60.33862360000001], [25.86622410000002, 60.3359549], [25.88432130000001, 60.33409959999997], [25.86436949999996, 60.3234202], [25.9021533, 60.30276510000003], [25.88380830000002, 60.29498], [25.8865024, 60.28409169999997], [25.91023079999998, 60.27922469999997], [25.898201200000024, 60.272436], [25.9112788, 60.27414529999999], [25.90752540000004, 60.27004009999996], [25.917552300000025, 60.264747900000046], [25.912477299999956, 60.261422599999975], [25.936891600000024, 60.26161989999996], [25.928057, 60.25350980000003], [25.8871584, 60.243874400000024], [25.879164, 60.24868470000004], [25.890402899999962, 60.25221109999996], [25.860088, 60.255528], [25.874099599999987, 60.25826850000004], [25.863771200000016, 60.263793699999965], [25.8766868, 60.26685910000002], [25.8571972, 60.2741702], [25.861831099999986, 60.288842600000045], [25.80375, 60.28675], [25.75925, 60.32], [25.74275, 60.3235], [25.743, 60.307], [25.759479, 60.31243240000001], [25.7855, 60.2815], [25.84225, 60.28125], [25.852, 60.27775], [25.842954099999957, 60.2713834], [25.8475, 60.26675], [25.83025, 60.26125], [25.7885, 60.26675], [25.79525, 60.23975], [25.78625, 60.23725], [25.75925, 60.25625], [25.7444257, 60.25238570000002], [25.71525, 60.2625], [25.7079765, 60.27317], [25.7185, 60.273], [25.70949309999998, 60.2777856], [25.670122500000012, 60.276179199999966], [25.66155679999996, 60.28487], [25.6677222, 60.292333499999955], [25.6422459, 60.30082269999998], [25.6533389, 60.3072926], [25.6386852, 60.309660100000045], [25.64200270000004, 60.323031099999966], [25.628463299999957, 60.327681100000035], [25.694, 60.33325], [25.70775, 60.34075], [25.7193111, 60.333668700000025], [25.7215, 60.34075], [25.7185, 60.35225], [25.68875, 60.36025], [25.705660799999972, 60.37088840000002], [25.6740586, 60.38310850000001], [25.678263800000032, 60.377044], [25.6575575, 60.37340519999998], [25.625929600000017, 60.351634299999965], [25.617, 60.33025], [25.6065, 60.33], [25.60759659999997, 60.34187789999998], [25.59642570000001, 60.3395873], [25.59178980000004, 60.333023500000024], [25.601882799999984, 60.3302356], [25.58475440000004, 60.32074589999998], [25.585582900000023, 60.31096840000003], [25.57668920000001, 60.311406599999955], [25.582161, 60.31691420000002], [25.572834, 60.32196170000003], [25.5747095, 60.34047430000002], [25.569352899999984, 60.33122259999996], [25.548706500000016, 60.339365600000036], [25.5140575, 60.32753720000003], [25.5422365, 60.32201320000003], [25.5585444, 60.31179109999997], [25.543246900000014, 60.302671099999976], [25.53547850000003, 60.281766], [25.52947849999999, 60.288266], [25.514228500000034, 60.286016], [25.527728499999967, 60.281766], [25.51097849999998, 60.278766], [25.51306289999996, 60.272361], [25.50061109999998, 60.268088100000014], [25.511240399999977, 60.27117379999997], [25.511437400000023, 60.26551210000004], [25.49506229999997, 60.24920769999997], [25.48064990000004, 60.25388560000004], [25.4982186, 60.263239600000034], [25.478338600000026, 60.25586329999999], [25.464054399999956, 60.26146170000001], [25.4742646, 60.25569840000002], [25.463059699999988, 60.2525068], [25.449012499999988, 60.2530509], [25.45951409999999, 60.260563], [25.4457515, 60.25652989999998], [25.442134599999964, 60.262493799999966], [25.429494600000044, 60.26471320000002], [25.446869400000036, 60.25190390000003], [25.427918899999966, 60.25243860000004], [25.43803849999998, 60.25459209999997], [25.43710139999998, 60.25870740000003], [25.42278870000004, 60.25975820000002], [25.3808957, 60.25331560000004], [25.37837, 60.26028989999996], [25.388514, 60.26879829999998], [25.37555010000002, 60.274448799999966], [25.3520455, 60.2638318], [25.3284124, 60.2847919], [25.348, 60.26475], [25.34423740000001, 60.25727210000002], [25.33475, 60.26225], [25.25634249999996, 60.24996669999997], [25.24227179999997, 60.2535404], [25.242519, 60.2614433], [25.20299419999997, 60.25549340000002], [25.1910621, 60.24835129999999], [25.216731700000015, 60.244496299999966], [25.2023128, 60.24050219999999], [25.2148647, 60.2387742], [25.2093686, 60.23302959999996], [25.186173399999987, 60.23741650000002], [25.189587, 60.227035], [25.164754100000017, 60.2323312], [25.2034486, 60.21458220000004], [25.189261200000033, 60.21740049999999], [25.19617789999998, 60.20859770000004], [25.17516909999996, 60.20775160000002], [25.188104499999984, 60.199784], [25.177800299999973, 60.191686599999954], [25.161479699999987, 60.202483499999964], [25.133783499999982, 60.1996049], [25.1527098, 60.19512350000002], [25.145377200000016, 60.19170619999998], [25.153712199999987, 60.183330600000026], [25.132544400000043, 60.18844179999998], [25.130500799999975, 60.1986355], [25.08864239999996, 60.1871657], [25.124164800000024, 60.219578299999974], [25.097377, 60.200633600000025], [25.028373499999965, 60.184813599999984], [25.03099909999996, 60.1879312], [24.9985533, 60.1961581], [25.023692199999967, 60.19458580000003], [25.017446799999963, 60.20512089999996], [25.025301, 60.20773350000003], [24.99569530000004, 60.22201040000003], [24.98930050000002, 60.212318100000026], [24.98112139999998, 60.21568589999997], [24.98214519999996, 60.1823814], [24.939749, 60.1799404], [24.970241400000024, 60.17415790000002], [24.9526935, 60.16741169999997], [24.96292780000001, 60.155850100000016], [24.934298900000016, 60.154555500000015], [24.9245624, 60.146351500000044], [24.9195129, 60.1482928], [24.928727, 60.16164529999998], [24.914152799999965, 60.147715], [24.90327769999997, 60.1523194], [24.9212744, 60.161961699999964], [24.8975717, 60.16603210000004], [24.9160726, 60.169197], [24.898961, 60.170875799999976], [24.914071100000044, 60.1759848], [24.908564100000028, 60.1843897], [24.884249400000034, 60.188222899999985], [24.887826399999966, 60.19608249999997], [24.872089100000014, 60.1874362], [24.845185500000042, 60.2094806], [24.811456500000038, 60.1965693], [24.813962700000012, 60.18865910000002], [24.8401794, 60.19092120000004], [24.838205099999975, 60.175144300000014], [24.828586400000017, 60.1718465], [24.837718500000037, 60.1668561], [24.8146292, 60.17541910000001], [24.81918310000003, 60.16914190000004], [24.792955300000017, 60.1554914], [24.76708979999996, 60.15749939999996], [24.749811300000033, 60.14395630000002], [24.726844199999984, 60.14948089999998], [24.68685220000003, 60.138928799999974], [24.70201450000001, 60.1320816], [24.679903199999984, 60.1260025], [24.67736920000002, 60.120563199999985], [24.68837029999996, 60.11849750000004], [24.681959799999973, 60.11620210000001], [24.668859299999966, 60.12145140000002], [24.66255389999997, 60.134645], [24.647944299999978, 60.135020199999964], [24.654662400000014, 60.140168200000026], [24.640184299999977, 60.13796579999997], [24.6319747, 60.152355], [24.5765943, 60.168029099999984], [24.574756299999976, 60.1767426], [24.562011700000017, 60.17369120000004], [24.550788099999963, 60.16034710000004], [24.609454, 60.15705719999997], [24.62831, 60.136025700000026], [24.6100271, 60.119373], [24.566078499999975, 60.10140529999998], [24.614646500000035, 60.12035980000003], [24.640116100000018, 60.1218656], [24.645751900000032, 60.1080556], [24.620981199999967, 60.109326], [24.584871199999956, 60.09498789999996], [24.602406399999985, 60.09142739999997], [24.638378500000044, 60.10607479999998], [24.651811, 60.101031], [24.6259162, 60.08504440000004], [24.619789400000034, 60.089885400000014], [24.60912839999999, 60.08839120000002], [24.62123049999999, 60.08602850000002], [24.542977799999974, 60.04289569999998], [24.537855900000025, 60.031826299999985], [24.5490958, 60.031986199999984], [24.5465044, 60.02741180000004], [24.509200300000042, 60.02052819999999], [24.5182908, 60.00797189999997], [24.50528989999997, 59.996381400000026], [24.488660199999988, 60.00748510000002], [24.489764300000036, 59.99470780000002], [24.471066299999986, 59.991365], [24.464557799999973, 59.994129300000026], [24.4710139, 60.000834200000035], [24.451496899999956, 59.9967826], [24.457543300000015, 60.0037148], [24.456369200000037, 60.008843300000045], [24.442425900000018, 60.00691119999996], [24.435877099999956, 60.0038866], [24.456214, 60.008562], [24.449818700000012, 59.99663609999996], [24.464557500000037, 59.99086830000004], [24.461328500000032, 59.98662529999998], [24.427117700000043, 59.9760854], [24.425328499999974, 59.9884728], [24.394834799999963, 59.965611099999954], [24.391065, 59.978042], [24.426233399999973, 59.991909699999965], [24.43772349999996, 60.00711079999996], [24.42651889999997, 60.00102080000002], [24.42592409999996, 60.007824500000034], [24.43605820000002, 60.0108695], [24.47808590000001, 60.04176189999996], [24.44528069999997, 60.02987940000001], [24.463633699999985, 60.045559], [24.479691499999987, 60.04792980000004], [24.468658900000015, 60.04929060000001], [24.4770756, 60.06994070000002], [24.455726299999956, 60.0519912], [24.45610590000001, 60.043670400000046], [24.43085349999997, 60.03942], [24.421869, 60.030037300000025], [24.4163484, 60.034245], [24.406825, 60.01810729999996], [24.38249889999998, 60.01686180000003], [24.38115650000002, 60.02840570000003], [24.371652300000033, 60.036669200000034], [24.376224, 60.0285933], [24.3484256, 60.0255961], [24.343744, 60.012341500000026], [24.352568600000044, 60.00890149999997], [24.33590889999998, 60.0035087], [24.321354899999967, 60.003420100000035], [24.320460699999966, 60.014401400000025], [24.3635506, 60.0371861], [24.3591602, 60.04857160000003], [24.37926969999996, 60.061878299999954], [24.37059109999998, 60.058077100000034], [24.37655020000001, 60.06249010000004], [24.370239799999958, 60.0745938], [24.386690699999978, 60.08547140000002], [24.361860300000036, 60.084398], [24.334294399999976, 60.094717], [24.33384540000004, 60.08023], [24.321066700000014, 60.07803629999999], [24.325426699999984, 60.0822808], [24.307691500000015, 60.08780669999997], [24.30427, 60.0770983], [24.302369, 60.0789855], [24.292036500000034, 60.07781130000002], [24.318336900000013, 60.05940260000002], [24.27535940000004, 60.056789], [24.265762600000027, 60.0441593], [24.277023699999987, 60.04396660000004], [24.264730900000018, 60.039928200000034], [24.2316232, 60.04800849999998], [24.227842900000027, 60.05586590000004], [24.219941200000026, 60.05564550000002], [24.2238998, 60.0453594], [24.21565959999997, 60.045808], [24.2137686, 60.05808340000002], [24.1927472, 60.06083739999998], [24.16307380000001, 60.05126390000004], [24.195001099999978, 60.04058070000002], [24.20275860000004, 60.02746420000002], [24.165708699999975, 60.02481], [24.14904459999999, 60.029006900000034], [24.14714019999998, 60.03790289999997], [24.13617120000003, 60.036532199999975], [24.1367119, 60.045031300000026], [24.1537111, 60.05249080000003], [24.119859499999983, 60.04103820000004], [24.12923550000002, 60.03185160000004], [24.11379830000003, 60.02588510000002], [24.08388139999996, 60.034285900000015], [24.088227500000023, 60.038670499999974], [24.08576510000003, 60.040659400000045], [24.070612, 60.03241989999999], [24.09324690000002, 60.029294600000036], [24.0931522, 60.02133920000003], [24.0487348, 60.02418040000001], [24.049871299999968, 60.03279869999997], [24.03727529999996, 60.023328], [24.023448100000042, 60.02910509999999], [24.022611, 60.04449680000003], [24.013742299999983, 60.0463084], [23.99929789999998, 60.038102300000034], [24.00168680000002, 60.0319413], [23.95620639999999, 60.01650919999999], [23.968707699999978, 60.0169827], [23.9613205, 60.011489699999984], [23.8868937, 60.020682200000024], [23.83596019999997, 60.01777730000001], [23.900934299999985, 60.01245149999998], [23.85387409999998, 60.00383350000004], [23.83686570000002, 59.99163189999998], [23.830170899999956, 59.99755519999998], [23.83411909999996, 59.990988], [23.838668200000033, 59.9902582], [23.834314100000018, 59.9782699], [23.80071339999997, 59.96723109999997], [23.74503510000002, 59.974590300000024], [23.7354488, 59.96907089999996], [23.743389, 59.96703740000002], [23.7387411, 59.9645198], [23.74209, 59.958877], [23.73202519999996, 59.95811920000002], [23.7087007, 59.9779951], [23.713445700000033, 59.97101059999996], [23.6752314, 59.978778], [23.676865600000028, 59.9702328], [23.649248700000012, 59.97376790000001], [23.662077800000034, 59.96966760000004], [23.64596439999996, 59.96954769999998], [23.65446590000003, 59.96328079999997], [23.635712500000015, 59.96017820000003], [23.657174300000037, 59.96190789999997], [23.6618498, 59.96545420000003], [23.690467300000027, 59.95919739999997], [23.67903950000004, 59.968815699999986], [23.685023800000025, 59.97374890000004], [23.70841809999998, 59.9636654], [23.693754300000034, 59.9549963], [23.72077649999996, 59.953960700000025], [23.72782059999997, 59.942713], [23.72346369999999, 59.9389428], [23.696686900000028, 59.94735729999998], [23.6850997, 59.94119740000003], [23.70246779999997, 59.9369514], [23.63270260000002, 59.93692070000002], [23.64588160000004, 59.941290600000016], [23.5266613, 59.937948499999976], [23.491703, 59.92754249999998], [23.481556300000026, 59.935774699999975], [23.488257, 59.92754249999998], [23.408711099999966, 59.9165344], [23.379132700000014, 59.93510460000004], [23.4200064, 59.95396209999996], [23.4596555, 59.93672760000003], [23.456376300000024, 59.945056899999976], [23.47655310000004, 59.93863060000002], [23.4689376, 59.946178599999975], [23.487358300000025, 59.948269500000045], [23.459669800000036, 59.94723340000003], [23.4510389, 59.95236970000001], [23.454559199999956, 59.96150390000003], [23.578162, 59.9877742], [23.495627599999978, 59.9845934], [23.479259, 59.98105169999996], [23.471026800000026, 59.96946919999996], [23.429951599999974, 59.963797099999965], [23.43597049999998, 59.97156340000004], [23.428287400000034, 59.977881400000015], [23.441403, 59.986622600000025], [23.4550427, 59.98531280000001], [23.46397640000003, 59.999565], [23.48878949999996, 60.00018059999996], [23.478924100000018, 60.01428460000004], [23.492304299999986, 60.033598900000015], [23.540977799999983, 60.0411612], [23.534099500000014, 60.073237300000024], [23.563856099999967, 60.09266389999996], [23.552998800000022, 60.09689979999997], [23.5135031, 60.08508339999998], [23.51856350000002, 60.07021430000001], [23.491771699999973, 60.060549499999965], [23.492436199999975, 60.049866], [23.462859499999986, 60.04990710000004], [23.47200810000004, 60.044900200000015], [23.465615899999968, 60.04157050000003], [23.472174400000032, 60.0291794], [23.465262200000012, 60.014364100000044], [23.452665300000017, 60.01179319999996], [23.461675199999963, 60.010583], [23.423962799999973, 59.981665400000026], [23.404547900000026, 59.979724], [23.405400300000032, 59.972810400000014], [23.38486129999998, 59.9595585], [23.379902400000017, 59.94077589999997], [23.314484, 59.92171], [23.30148949999998, 59.910052200000024], [23.22352610000001, 59.8912493], [23.229251900000012, 59.86563260000001], [23.244888199999956, 59.856422], [23.2138745, 59.84767410000004], [23.216496200000023, 59.83993489999999], [23.187936399999973, 59.82812469999998], [23.1685147, 59.83655779999999], [23.1435988, 59.82761359999997], [23.098877900000012, 59.826846900000035], [23.10309450000002, 59.83221339999997], [23.086356100000014, 59.83515220000004], [23.0809576, 59.83095439999999], [23.0876237, 59.82707750000002], [23.055726, 59.829787900000014], [23.064251199999983, 59.822119300000026], [23.045482400000026, 59.82669279999999], [23.039881499999968, 59.816877099999985], [23.04206919999997, 59.8267401], [22.991582799999986, 59.82700279999997], [22.96098660000002, 59.817797099999986], [22.931602200000043, 59.824019], [22.9125038, 59.81386579999996], [22.91619670000001, 59.80836349999998], [22.900985299999963, 59.8084422], [22.89043920000001, 59.81190440000003], [22.904064800000032, 59.81897640000004], [22.896256799999968, 59.8210648], [22.92452739999998, 59.827411400000024], [22.918994400000035, 59.83495670000003], [22.931939200000038, 59.835151], [22.929960800000035, 59.84332980000004], [22.95081919999996, 59.84123569999997], [22.9719313, 59.85116890000001], [22.98435580000003, 59.8466667], [23.02529510000003, 59.86558360000004], [23.07090439999998, 59.872349], [23.064697100000018, 59.87770170000004], [23.0777952, 59.8826841], [23.1562323, 59.8866924], [23.16922250000003, 59.8916197], [23.161607600000043, 59.90136240000001], [23.174709800000013, 59.9027062], [23.167123, 59.90664969999997], [23.2069614, 59.91088110000004], [23.1877, 59.915136499999974], [23.216928099999965, 59.9193919], [23.2122247, 59.924543199999974], [23.219055799999975, 59.92969449999996], [23.271202899999963, 59.94912], [23.263264, 59.95362360000002], [23.296214499999977, 59.975642], [23.306, 59.99475], [23.3075, 60.01775], [23.3285, 60.04225], [23.32375, 60.04775], [23.311, 60.042], [23.29825, 60.019], [23.30275, 59.9945], [23.274805300000043, 59.9803577], [23.278481500000012, 59.968688700000044], [23.24147369999997, 59.9455381], [23.20386649999998, 59.945521100000015], [23.200741200000028, 59.93718690000002], [23.22583840000002, 59.94267990000004], [23.202635299999983, 59.93188339999997], [23.205571199999984, 59.92421210000003], [23.16219560000002, 59.90868020000001], [23.170340299999967, 59.91871910000001], [23.1444854, 59.92222329999996], [23.1524408, 59.936713400000016], [23.201481399999988, 59.95183359999998], [23.20525, 59.947], [23.228915, 59.96210910000001], [23.210869100000018, 59.9601541], [23.190681700000013, 59.9763827], [23.17777089999998, 59.970371], [23.180174199999968, 59.95793360000003], [23.188928900000025, 59.95589239999998], [23.1813329, 59.94716780000002], [23.15609869999996, 59.94581379999999], [23.1669562, 59.95437759999997], [23.152300400000012, 59.967105], [23.132884399999973, 59.96170509999998], [23.136245299999967, 59.94972619999996], [23.122876399999956, 59.94096809999998], [23.10693579999997, 59.94075559999998], [23.1108951, 59.9449701], [23.095735200000043, 59.94762439999996], [23.109643800000033, 59.98648650000004], [23.12943749999997, 59.98440290000004], [23.128679799999983, 59.991979499999964], [23.111348500000037, 59.989990599999985], [23.113337300000012, 59.99538889999997], [23.190333900000013, 60.017645], [23.1978157, 60.00912139999996], [23.203498099999962, 60.00741670000004], [23.196489799999984, 60.001166], [23.20375, 59.9925], [23.212, 59.996], [23.19867590000003, 59.99965120000003], [23.206434, 60.00646960000002], [23.19819449999999, 60.0151826], [23.2337657, 60.02869680000004], [23.231991600000033, 60.03641040000002], [23.192512100000027, 60.031188], [23.177359, 60.0164138], [23.14828409999997, 60.008553100000015], [23.100551899999964, 60.005049], [23.06456339999997, 59.988759399999985], [23.02971140000004, 59.985255299999956], [23.055771799999967, 59.97244880000003], [23.0575551, 59.98184590000004], [23.07536, 59.9842135], [23.078864099999983, 59.97853110000004], [23.06693110000003, 59.96839750000002], [23.072424100000042, 59.96233629999998], [23.06787809999996, 59.96309389999996], [23.057271, 59.94708850000003], [23.071098200000026, 59.95674860000004], [23.088050699999982, 59.95419150000003], [23.077159399999978, 59.94263729999997], [23.063711, 59.945005], [23.07005639999998, 59.93032540000002], [23.062953399999984, 59.9188659], [23.03615139999998, 59.91924479999999], [23.029237800000022, 59.9101529], [23.0258711, 59.92262570000004], [23.002944900000042, 59.934534500000034], [23.021377199999957, 59.94169020000004], [22.9855781, 59.93752310000004], [22.978190900000026, 59.952486800000024], [22.9667314, 59.94718319999996], [22.9634167, 59.93364020000002], [22.9940069, 59.9309884], [23.00764469999997, 59.914130599999964], [22.983288600000016, 59.9267901], [22.98425, 59.919], [22.95925, 59.921], [22.9455, 59.91], [22.962, 59.915], [22.97775, 59.9105], [22.9885, 59.91375], [23.0065855, 59.91096880000001], [22.977, 59.908], [22.9705, 59.91125], [22.95925, 59.9025], [22.888598400000024, 59.91593], [22.852032200000014, 59.94294979999999], [22.8696097, 59.952162899999955], [22.832151399999976, 59.964649], [22.824393, 59.979196], [22.815301199999958, 59.97980210000004], [22.809846099999973, 60.017018], [22.832272599999968, 60.022958], [22.846334600000038, 60.014836], [22.83542439999998, 60.01168409999999], [22.842940300000034, 60.00877469999996], [22.83469710000002, 60.00671389999998], [22.8383338, 60.00247110000003], [22.82451420000001, 60.00089520000002], [22.85367749999999, 59.9905952], [22.83045419999997, 59.98440859999998], [22.855062800000034, 59.98125679999997], [22.849971400000033, 59.96792210000003], [22.8782167, 59.97968089999996], [22.907553, 59.973256], [22.913891, 59.97661910000002], [22.9070206, 59.989359399999984], [22.914691399999985, 59.99236110000001], [22.9513114, 59.99242780000002], [22.951576800000026, 59.979757299999974], [22.98053750000003, 59.97102020000004], [23.007907699999972, 59.9800173], [23.003172300000028, 59.986362700000015], [23.012358900000027, 59.99147680000003], [23.0303765, 59.986749899999985], [23.0218467, 60.006513199999986], [23.006512700000012, 60.00588709999996], [23.006487100000026, 60.0185629], [23.018988400000016, 60.02424529999996], [23.014253, 60.029927700000016], [23.004119399999965, 60.01998350000004], [22.9849887, 60.033337200000034], [23.0193672, 60.0486796], [23.025144299999987, 60.04915320000001], [23.023439599999982, 60.0398719], [23.03925559999996, 60.0470696], [23.04991949999998, 60.0417452], [23.106307899999976, 60.03712540000003], [23.10829670000004, 60.02954890000002], [23.095257400000033, 60.02810359999999], [23.0854296, 60.009536899999965], [23.097847, 60.01870910000002], [23.10991139999997, 60.007191300000045], [23.11700980000003, 60.0448914], [23.157393100000032, 60.05309730000003], [23.162, 60.06175], [23.234, 60.06025], [23.2095, 60.0415], [23.219, 60.03675], [23.2355, 60.0545], [23.2656075, 60.062167], [23.197, 60.0735], [23.150541300000036, 60.06731180000002], [23.1535, 60.06025], [23.14625, 60.057], [23.1415, 60.0655], [23.149, 60.068], [23.140253799999986, 60.06892359999998], [23.10053350000004, 60.05490290000004], [23.10839510000001, 60.04706860000002], [23.104197100000032, 60.04001009999997], [23.07559, 60.04360629999998], [23.088008300000027, 60.053076], [23.085184499999976, 60.05846020000003], [23.070814, 60.0524668], [23.077650799999958, 60.047289], [23.060338499999986, 60.0436323], [23.051717, 60.04979559999996], [23.070479299999977, 60.054712299999984], [23.04958710000001, 60.05577850000001], [23.032531400000043, 60.07159859999997], [23.0281749, 60.063643299999974], [23.000425899999986, 60.063643299999974], [22.984515099999978, 60.085425799999975], [23.015768300000037, 60.08447879999996], [23.019083100000035, 60.0917712], [23.0001417, 60.09574880000003], [23.03028680000004, 60.102508599999965], [23.025276900000033, 60.110561], [23.0343687, 60.11919820000002], [23.06391719999997, 60.130563], [23.0278001, 60.12195329999998], [23.01818609999998, 60.13438379999997], [23.00456780000003, 60.129200800000035], [23.01647, 60.124784500000025], [23.007988399999988, 60.116408799999974], [22.972143399999965, 60.10897920000004], [22.984571500000026, 60.116726], [22.966243, 60.123828200000034], [22.98289849999998, 60.128595], [22.903082600000033, 60.14313249999998], [22.8752239, 60.156245], [22.88730529999997, 60.16222340000003], [22.883693299999983, 60.1689492], [22.8800814, 60.16172520000002], [22.86862270000004, 60.1649636], [22.890294500000028, 60.18053239999996], [22.87281420000001, 60.19289410000003], [22.873355600000043, 60.20120790000003], [22.924497900000027, 60.23911519999998], [22.950888800000033, 60.24831029999997], [22.94844579999996, 60.266035900000034], [22.96393929999999, 60.27487590000004], [22.973719800000012, 60.2714683], [22.977853800000023, 60.28577790000004], [23.009738800000044, 60.289265300000025], [23.047411, 60.33162189999996], [23.04946710000003, 60.346332799999985], [23.089587799999975, 60.36640609999996], [23.075941700000033, 60.36664180000002], [23.083019, 60.373576], [23.06882790000003, 60.37789759999998], [23.04995030000004, 60.36793809999998], [23.059418499999982, 60.36019629999998], [23.026607399999985, 60.34579169999998], [23.024750099999967, 60.331885], [23.00527950000003, 60.32609], [22.996718099999978, 60.3360343], [22.8883802, 60.3026414], [22.8836473, 60.308744300000036], [22.867303499999956, 60.2968285], [22.8548337, 60.29792739999997], [22.86434189999996, 60.28844239999997], [22.793726800000034, 60.256702400000044], [22.62034690000002, 60.235757100000036], [22.573017600000043, 60.21670090000001], [22.51958530000003, 60.214334299999955], [22.5310439, 60.22990320000001], [22.612624700000037, 60.24846140000004], [22.588088199999987, 60.2463441], [22.581860700000043, 60.25306980000004], [22.594066700000024, 60.2592974], [22.564797199999962, 60.26041840000002], [22.563053500000017, 60.26975970000003], [22.60889279999999, 60.29011909999997], [22.630937500000012, 60.28514], [22.609126200000027, 60.29080580000003], [22.551470299999963, 60.26639679999996], [22.534282299999973, 60.26876340000002], [22.53876609999997, 60.261165700000035], [22.530296599999975, 60.257802799999965], [22.52357090000002, 60.25867459999998], [22.524941, 60.26652139999997], [22.510119400000015, 60.261165700000035], [22.5094967, 60.25444], [22.473402300000043, 60.25672370000003], [22.4543662, 60.26638380000004], [22.47408140000001, 60.26847810000004], [22.474933800000017, 60.2862829], [22.522476499999975, 60.3047507], [22.510259399999963, 60.3084443], [22.564621, 60.338466299999965], [22.556378, 60.34778770000002], [22.564621, 60.35551350000003], [22.590472199999976, 60.355369], [22.6075231, 60.3767278], [22.646637, 60.40258269999998], [22.634041, 60.4035298], [22.5841306, 60.37644370000003], [22.558982100000033, 60.38487450000002], [22.474383699999976, 60.3857919], [22.47083909999997, 60.391116], [22.504008699999964, 60.41612580000002], [22.49202310000001, 60.41891949999997], [22.29365, 60.384433300000026], [22.28520460000004, 60.38738], [22.280942800000023, 60.40811729999997], [22.216585499999972, 60.43456949999999], [22.219012599999974, 60.443621300000025], [22.21108629999998, 60.43568249999997], [22.207279799999977, 60.44262039999999], [22.199254499999963, 60.44661449999997], [22.1248443, 60.43991250000002], [22.1349262, 60.44823219999997], [22.116530099999974, 60.445438099999976], [22.12632510000004, 60.46114259999997], [22.121480400000024, 60.47340330000004], [22.107866299999976, 60.4478848], [22.094224600000043, 60.44528119999996], [22.0202278, 60.461970299999976], [22.012451299999967, 60.472172], [22.0369983, 60.474732200000034], [22.013739399999963, 60.48009940000003], [22.028625600000016, 60.480752399999965], [22.0209342, 60.492046399999985], [22.005841800000034, 60.48394790000004], [21.987302300000042, 60.490903199999984], [21.98225, 60.4995], [21.99725, 60.51275], [21.97825, 60.50475], [21.95575, 60.50725], [21.96187540000004, 60.50992879999996], [21.95252789999996, 60.51343909999997], [21.96625, 60.5235], [21.95725, 60.536], [21.93525, 60.53075], [21.93975, 60.52475], [21.919, 60.5265], [21.908668799999962, 60.546571], [21.924912299999963, 60.549229700000026], [21.899523600000013, 60.552712200000045], [21.887297, 60.530857099999984], [21.878264399999967, 60.5336644], [21.88405689999998, 60.5456108], [21.865711699999988, 60.54535760000001], [21.87862380000004, 60.52606480000004], [21.8805, 60.50625], [21.894882399999958, 60.50315170000002], [21.89075, 60.497], [21.90225, 60.48825], [21.915952, 60.48932519999998], [21.91025, 60.484], [21.893, 60.4825], [21.899531300000028, 60.488477800000034], [21.8835, 60.48025], [21.86484140000001, 60.493109600000025], [21.8218097, 60.4998635], [21.8141658, 60.489906400000024], [21.77982540000004, 60.4942687], [21.771557400000017, 60.4897323], [21.77398389999997, 60.475950500000025], [21.7638209, 60.47279990000003], [21.75662570000002, 60.47615340000003], [21.764203599999963, 60.47921260000002], [21.752907799999974, 60.476499399999966], [21.73642189999999, 60.48800960000002], [21.748798399999956, 60.50017669999998], [21.729180800000023, 60.487155200000025], [21.734420699999966, 60.48102319999999], [21.72809540000001, 60.478769799999974], [21.740767199999986, 60.471739200000016], [21.729348899999987, 60.473247], [21.72607, 60.46267119999997], [21.704928200000015, 60.45860729999998], [21.693918299999968, 60.467402800000045], [21.69169949999997, 60.47520570000004], [21.7093377, 60.481427799999985], [21.6951069, 60.49426350000002], [21.714360099999972, 60.50622], [21.70364, 60.51446], [21.71845, 60.52718010000004], [21.73666, 60.52886989999997], [21.747, 60.53802], [21.74069, 60.545989900000016], [21.75287, 60.55565010000003], [21.774510099999986, 60.54809989999998], [21.78657, 60.552640100000026], [21.803122799999972, 60.540176699999975], [21.79940969999997, 60.529142200000024], [21.7786205, 60.51626669999998], [21.783793299999985, 60.514640800000016], [21.7681, 60.511176], [21.77559, 60.5063901], [21.76338740000002, 60.50356190000003], [21.80190239999998, 60.504975], [21.79708579999998, 60.517142], [21.81341719999997, 60.52555140000002], [21.810929500000018, 60.53785020000004], [21.8207438, 60.539008], [21.8154926, 60.542677], [21.82393, 60.55037], [21.81251, 60.56118], [21.8243, 60.56469], [21.8143299, 60.5716699], [21.82475010000001, 60.58234990000002], [21.8190801, 60.5949199], [21.83808060000004, 60.597335600000044], [21.8265329, 60.606166099999975], [21.84328, 60.61473], [21.84303919999998, 60.63632779999996], [21.8045, 60.62571989999996], [21.762649900000017, 60.59577010000001], [21.72870010000004, 60.59045990000002], [21.707308, 60.60656620000004], [21.717810099999966, 60.59191990000003], [21.67732809999997, 60.58356449999997], [21.6818251, 60.57375810000003], [21.66935009999996, 60.56351], [21.68498, 60.55269], [21.66789010000004, 60.54279], [21.6577466, 60.51713389999997], [21.5865, 60.49125], [21.573, 60.4995], [21.58385929999996, 60.510590700000016], [21.57446, 60.51815], [21.579787400000026, 60.5226936], [21.55822, 60.539970100000026], [21.5611701, 60.545080099999964], [21.57129989999996, 60.54516], [21.562510300000035, 60.5436153], [21.594410100000037, 60.5306], [21.5885207, 60.515073], [21.60849, 60.51979], [21.60426, 60.52952990000004], [21.571186199999968, 60.54707239999996], [21.5717577, 60.55740769999997], [21.558904, 60.55864490000002], [21.572881, 60.566983], [21.5368984, 60.568475], [21.512422299999976, 60.58389529999999], [21.544588, 60.59417989999997], [21.516507400000027, 60.59780489999997], [21.51048980000004, 60.587655599999984], [21.488914500000043, 60.58526489999998], [21.50770930000002, 60.58422369999998], [21.51445380000002, 60.574904799999956], [21.4830024, 60.5847017], [21.461355099999988, 60.581760099999975], [21.42357029999996, 60.60431590000001], [21.4371574, 60.6048932], [21.4386024, 60.61395079999998], [21.4216827, 60.62641669999997], [21.416259700000015, 60.618235], [21.393084299999963, 60.63500610000003], [21.410914499999976, 60.6381575], [21.401060099999967, 60.64263], [21.423980100000026, 60.64218], [21.42703, 60.63641], [21.418163399999965, 60.63802169999996], [21.416892699999988, 60.63063620000004], [21.43180680000004, 60.637076], [21.437131199999957, 60.62866190000002], [21.448034599999986, 60.6318638], [21.435954600000038, 60.638065300000015], [21.45084950000001, 60.648228], [21.42659, 60.6423], [21.420410099999962, 60.647949900000036], [21.4316281, 60.65042659999997], [21.41158, 60.6500201], [21.393529899999972, 60.665940099999965], [21.3986399, 60.65798], [21.39136, 60.65904009999998], [21.379, 60.6711], [21.33376, 60.68581], [21.3482606, 60.6922026], [21.32762, 60.69785010000001], [21.3609499, 60.69034], [21.35736, 60.69624], [21.36833, 60.69749], [21.34021, 60.7037], [21.3596199, 60.7128599], [21.34086, 60.71586009999998], [21.3643999, 60.71848], [21.36372009999997, 60.728209900000046], [21.39489, 60.73503], [21.36988, 60.74124], [21.39295009999996, 60.7468], [21.37622, 60.74736], [21.390409900000016, 60.75321990000002], [21.378400100000015, 60.75477990000004], [21.3834001, 60.75707], [21.373840100000017, 60.766689900000046], [21.399410099999958, 60.762009899999974], [21.41547, 60.74981], [21.41045, 60.74598009999998], [21.419030400000025, 60.735483600000045], [21.4294704, 60.734423700000015], [21.421050500000014, 60.72984360000004], [21.426200299999962, 60.724193700000015], [21.406820499999988, 60.72067349999998], [21.424840399999976, 60.707513600000034], [21.4335904, 60.70901359999998], [21.41622039999996, 60.7201336], [21.44552049999998, 60.7046836], [21.4635205, 60.7036036], [21.45683039999998, 60.711303700000016], [21.47192040000002, 60.70741370000003], [21.428430099999982, 60.74183], [21.45779590000002, 60.7455262], [21.38440520000003, 60.77689710000002], [21.412900399999977, 60.78415529999998], [21.394898499999968, 60.7851013], [21.408914, 60.78910719999999], [21.396637, 60.79634060000003], [21.419290200000027, 60.799028600000035], [21.374718500000043, 60.796357600000015], [21.38247019999998, 60.79889670000004], [21.36936910000001, 60.80231340000004], [21.39617870000002, 60.80981169999997], [21.39300269999996, 60.82328369999998], [21.37769, 60.826939899999985], [21.37934, 60.83383989999997], [21.37034520000004, 60.8212895], [21.351409899999982, 60.8206099], [21.348606700000037, 60.83042930000004], [21.345692499999966, 60.816596600000025], [21.32145, 60.81147989999997], [21.2796799, 60.82743], [21.2891285, 60.83129550000003], [21.2807899, 60.83434], [21.28684340000003, 60.8381825], [21.274297299999976, 60.840654800000024], [21.27541, 60.81873], [21.28228, 60.82513009999999], [21.29034009999998, 60.81793989999997], [21.27599339999998, 60.8149292], [21.288321, 60.81140520000001], [21.27057940000002, 60.80240650000001], [21.24386010000002, 60.80446010000002], [21.244970100000025, 60.81214989999999], [21.26389989999998, 60.81979010000002], [21.25656990000003, 60.8205701], [21.25926, 60.82978], [21.2482299, 60.82852], [21.25182, 60.817], [21.2345, 60.81217], [21.22957, 60.81908], [21.24507, 60.82416990000003], [21.22684, 60.83853], [21.24151, 60.839020100000035], [21.200639900000038, 60.84267], [21.20283009999998, 60.85802], [21.19755, 60.85138009999997], [21.187089899999965, 60.85727989999998], [21.19603, 60.86007990000002], [21.17923, 60.8595901], [21.213429900000023, 60.87438009999999], [21.17876, 60.86778], [21.174380100000043, 60.88262990000001], [21.1951, 60.88105010000004], [21.201429900000033, 60.885400099999984], [21.18935, 60.8846499], [21.179930099999975, 60.8895299], [21.19413, 60.893730099999985], [21.21461, 60.89306009999997], [21.22138, 60.88447], [21.231109900000043, 60.88689], [21.22406, 60.89226], [21.25512859999997, 60.89065449999997], [21.2256499, 60.89458], [21.21834, 60.90073009999998], [21.22728, 60.9025], [21.20578, 60.90791], [21.222620099999965, 60.911979899999984], [21.21372, 60.91737], [21.234750099999964, 60.91861], [21.23059, 60.92374010000003], [21.2653, 60.92648], [21.29846289999998, 60.907681300000036], [21.31751740000004, 60.905624300000014], [21.28624990000004, 60.91723], [21.28371, 60.92747], [21.32104990000002, 60.92841009999998], [21.298350099999972, 60.94714], [21.314939900000027, 60.94812990000002], [21.31589, 60.93815], [21.3251, 60.93916], [21.32032, 60.95899010000003], [21.24049, 60.98283], [21.2824699, 60.99477], [21.28655010000001, 61.0095999], [21.34942, 60.9747801], [21.3438499, 60.97109], [21.351389900000015, 60.96211009999998], [21.374730100000026, 60.95006269999998], [21.387688099999966, 60.954996], [21.4048272, 60.938732499999986], [21.394469, 60.938021], [21.3964855, 60.9308386], [21.365096099999956, 60.92922029999996], [21.40324950000002, 60.9240114], [21.40627079999998, 60.932345199999965], [21.420223100000033, 60.92575080000004], [21.419723700000013, 60.9311197], [21.42204160000004, 60.92275020000002], [21.4342988, 60.91290389999997], [21.439910499999968, 60.91203349999998], [21.445655799999983, 60.92316470000003], [21.4274224, 60.933072500000016], [21.440984899999957, 60.945986], [21.437829299999986, 60.9510215], [21.40311569999996, 60.96402690000004], [21.400657300000034, 60.973053799999974], [21.4087335, 60.975477], [21.37142260000001, 60.9921701], [21.35892370000004, 61.014188499999975], [21.339061400000023, 61.017891500000026], [21.36421829999998, 61.026734099999985], [21.384628400000025, 61.021572300000024], [21.35772389999998, 61.03128710000003], [21.341048699999963, 61.028446], [21.317444200000022, 61.03723180000002], [21.346993, 61.04440389999996], [21.339344900000032, 61.0482936], [21.34531340000004, 61.054047500000024], [21.306571599999966, 61.058289299999984], [21.311361900000012, 61.069536], [21.302383, 61.06832039999996], [21.29776839999998, 61.08707870000003], [21.32803089999996, 61.08908749999997], [21.334362199999966, 61.08507719999998], [21.324254599999968, 61.08306859999996], [21.33686530000004, 61.07712670000002], [21.393703699999964, 61.062524799999956], [21.418758199999974, 61.04705449999998], [21.429099, 61.046796699999966], [21.424912, 61.0603634], [21.438226199999963, 61.066387], [21.419937600000036, 61.0672656], [21.4266216, 61.071398], [21.41134550000002, 61.08083890000004], [21.40226349999997, 61.0746747], [21.3811822, 61.080325500000015], [21.370841, 61.0909396], [21.389145500000026, 61.093713], [21.413386, 61.083641], [21.43891759999997, 61.0887873], [21.4657628, 61.07343640000004], [21.492154399999972, 61.07320860000002], [21.49434109999998, 61.08039430000002], [21.4648526, 61.08140169999998], [21.4767121, 61.09100650000003], [21.443788500000025, 61.10160140000002], [21.460202, 61.105043], [21.44847119999996, 61.105089300000046], [21.444026099999967, 61.11422540000004], [21.477129099999956, 61.11590960000004], [21.45128650000002, 61.12528539999997], [21.479027199999976, 61.127705], [21.4300941, 61.126501500000046], [21.43469440000004, 61.1312369], [21.42500469999998, 61.13315809999997], [21.455165, 61.13060420000004], [21.43710190000002, 61.13608339999998], [21.468120899999974, 61.1334655], [21.475032, 61.135510199999985], [21.468356099999983, 61.13992529999998], [21.492937700000034, 61.14238349999998], [21.4603064, 61.14440049999998], [21.45613919999999, 61.14899], [21.46336930000002, 61.15014549999997], [21.448319700000038, 61.154432], [21.463735, 61.15460430000003], [21.432115199999977, 61.1663347], [21.4608379, 61.17155879999998], [21.44659919999997, 61.17656160000002], [21.447666, 61.1847464], [21.504672600000028, 61.186776], [21.448026600000034, 61.18510669999996], [21.438357399999983, 61.193260500000044], [21.4751726, 61.19265519999996], [21.4905178, 61.197359700000014], [21.5349598, 61.18667360000003], [21.5066936, 61.20088610000003], [21.5057972, 61.207161600000035], [21.529661600000036, 61.20930530000003], [21.504885, 61.21250510000002], [21.52396, 61.219556800000035], [21.52333770000002, 61.23045139999996], [21.5442321, 61.23326279999996], [21.5957203, 61.21410939999998], [21.60225409999997, 61.216739], [21.587040600000016, 61.2248688], [21.611733300000022, 61.22992950000003], [21.521920099999967, 61.25121], [21.53177180000002, 61.253414], [21.495724400000036, 61.261842], [21.47662, 61.27619010000004], [21.48895, 61.2828], [21.53838990000004, 61.2820999], [21.51189, 61.28758], [21.51047010000001, 61.298329900000034], [21.4925, 61.30555989999997], [21.52399, 61.31158], [21.51716990000004, 61.31775009999998], [21.536839899999958, 61.31575009999996], [21.53591, 61.32395], [21.54950989999996, 61.32000989999999], [21.54659320000004, 61.33126489999998], [21.5678149, 61.32845439999996], [21.551988699999978, 61.33586190000002], [21.555991699999986, 61.33975650000003], [21.5758282, 61.33815710000003], [21.558791600000013, 61.34328869999998], [21.570378800000043, 61.346355], [21.521040099999986, 61.35816], [21.53546, 61.360149900000025], [21.50686, 61.3712599], [21.51496, 61.3773699], [21.50374, 61.37613990000001], [21.505139899999968, 61.38263550000002], [21.53736010000001, 61.37728], [21.53271990000004, 61.38703010000001], [21.5588301, 61.385389900000014], [21.52596, 61.39729], [21.53194990000001, 61.40443], [21.52139810000003, 61.4031531], [21.52585, 61.40676], [21.51289, 61.41397], [21.447092600000026, 61.430051], [21.452202200000023, 61.4360137], [21.48307, 61.43054], [21.455110100000017, 61.44245], [21.53742, 61.42769], [21.55594009999998, 61.432739900000016], [21.562739900000025, 61.42465], [21.572500099999967, 61.43254], [21.58795010000004, 61.430040100000014], [21.587090200000034, 61.43858129999999], [21.599660799999985, 61.444645500000014], [21.564309899999987, 61.45266], [21.572161600000026, 61.457160199999954], [21.56988, 61.46542990000003], [21.535949900000038, 61.48245], [21.51558010000004, 61.47919990000001], [21.49965, 61.48720009999999], [21.50588, 61.491779900000026], [21.450139399999966, 61.509505], [21.499528899999962, 61.511730599999986], [21.57738, 61.4945599], [21.5810109, 61.50191660000004], [21.609251, 61.5030143], [21.6087521, 61.50840279999998], [21.6160366, 61.50451110000003], [21.633167399999973, 61.50620629999996], [21.625145599999982, 61.507876500000044], [21.633577100000032, 61.514070100000026], [21.58417550000001, 61.52914], [21.5908693, 61.53233080000004], [21.57924989999996, 61.5377308], [21.5723513, 61.53687179999998], [21.577286599999965, 61.52927250000004], [21.53852429999997, 61.53344619999996], [21.5146918, 61.56927120000002], [21.480573099999987, 61.56754449999997], [21.496867700000042, 61.58899979999998], [21.464270299999963, 61.588770600000025], [21.461182, 61.599228400000044], [21.465405199999985, 61.59099060000003], [21.474684600000025, 61.592254], [21.468291599999976, 61.600003], [21.500620300000026, 61.59632010000002], [21.496894699999967, 61.60155489999998], [21.522119600000043, 61.610071200000036], [21.539623200000033, 61.585608], [21.573210599999957, 61.5820108], [21.572139599999982, 61.57445170000002], [21.608919700000015, 61.57416229999996], [21.614035, 61.56497870000003], [21.6388259, 61.5582005], [21.67906880000002, 61.5626951], [21.657724, 61.564672899999955], [21.639551700000013, 61.5697647], [21.674426499999964, 61.57073650000002], [21.6584979, 61.57283009999996], [21.664860899999958, 61.57472130000003], [21.65379770000003, 61.58042010000002], [21.6642677, 61.58114470000002], [21.65508570000002, 61.586528100000024], [21.63436, 61.5893659], [21.653146499999973, 61.590245400000015], [21.615926499999958, 61.60247540000003], [21.6298969, 61.60686609999996], [21.6000367, 61.61875129999996], [21.63638320000004, 61.61933959999996], [21.613332, 61.62432909999997], [21.611835200000016, 61.632811100000026], [21.600359499999975, 61.63241190000004], [21.60554849999997, 61.63450749999996], [21.588285099999958, 61.64448639999997], [21.604450900000014, 61.64598330000001], [21.558669, 61.66167569999998], [21.556396, 61.67654460000002], [21.52892549999997, 61.69318779999997], [21.552133100000024, 61.69084769999997], [21.532747, 61.697705], [21.54745090000004, 61.698806800000014], [21.506608, 61.72517], [21.540607699999956, 61.709827499999975], [21.557488099999986, 61.712301899999986], [21.538623199999982, 61.7135108], [21.55159369999998, 61.725075300000015], [21.53944209999997, 61.727444600000034], [21.543259499999987, 61.73700829999997], [21.605049, 61.72012069999997], [21.57776830000003, 61.729255], [21.57403910000003, 61.7334094], [21.5848333, 61.73144760000004], [21.504145600000033, 61.780478700000046], [21.48252170000001, 61.77969680000001], [21.498179100000012, 61.7744174], [21.495975699999956, 61.7658436], [21.473252, 61.771548], [21.4755442, 61.77953160000002], [21.44861859999999, 61.7849319], [21.44739550000004, 61.79905030000003], [21.42086070000003, 61.806639899999965], [21.454755499999987, 61.80498010000004], [21.455165100000038, 61.8127536], [21.491784800000033, 61.80766829999997], [21.500003299999957, 61.79441009999997], [21.48332680000001, 61.788887399999986], [21.493614299999972, 61.78520549999999], [21.518737299999966, 61.7986334], [21.509641099999985, 61.80783789999997], [21.51743790000001, 61.8155264], [21.508409100000012, 61.82041520000003], [21.541410500000033, 61.81080240000003], [21.54824429999996, 61.814007700000026], [21.53235529999998, 61.816878499999966], [21.525317200000025, 61.824929100000034], [21.53041080000003, 61.8290358], [21.525346799999987, 61.8292333], [21.52409409999999, 61.82526849999996], [21.5258966, 61.823098], [21.490974599999966, 61.8244704], [21.4676767, 61.83772929999997], [21.4827351, 61.835551100000046], [21.469855, 61.84587410000002], [21.4944787, 61.83517229999997], [21.4781892, 61.855723599999976], [21.45915309999996, 61.85922780000001], [21.4724161, 61.86796270000003], [21.457586899999956, 61.89197890000002], [21.43819480000003, 61.894020900000044], [21.429004199999966, 61.8999705], [21.438717, 61.898342500000034], [21.4380335, 61.90449750000002], [21.4175562, 61.91363160000002], [21.441105, 61.9156259], [21.431866700000022, 61.920855099999955], [21.438578299999964, 61.9273307], [21.39955710000004, 61.93950669999999], [21.41560539999997, 61.93972989999998], [21.40759089999996, 61.94857990000002], [21.422293800000034, 61.9456029], [21.41873180000001, 61.95328160000002], [21.3952498, 61.9563171], [21.39805969999996, 61.94743050000004], [21.373519799999983, 61.9463661], [21.373528399999984, 61.93677950000002], [21.354557900000035, 61.94030480000003], [21.337850700000036, 61.949442900000015], [21.3388529, 61.9569031], [21.32937447710651, 61.95413097303823], [21.319863900000033, 61.957835899999985], [21.32403669999997, 61.96557290000004], [21.31017509999996, 61.96788009999998], [21.327850400000035, 61.97132259999997], [21.325340700000037, 61.98413580000001], [21.308537800000025, 61.98915450000004], [21.324968200000036, 61.990683], [21.340649399999965, 61.9805868], [21.345763200000043, 61.98786070000001], [21.328616099999973, 61.9926299], [21.342267299999982, 61.99227720000004], [21.339118200000016, 62.00030110000003], [21.327067600000014, 62.0026837], [21.28790429999997, 61.98639470000004], [21.279177, 61.993211], [21.294223, 62.00087750000002], [21.29577320000001, 62.0285229], [21.31171229999996, 62.04540220000003], [21.309425099999988, 62.07415289999997], [21.321610300000025, 62.0669354], [21.3179399, 62.140583599999985], [21.31519340000004, 62.147876], [21.304870399999984, 62.14427719999997], [21.3132993, 62.153369], [21.32494819999998, 62.1502437], [21.329872900000044, 62.16340790000003], [21.336123600000043, 62.1548843], [21.32864169999996, 62.14351949999998], [21.34455239999996, 62.14096239999997], [21.345499499999985, 62.133385899999965], [21.35582250000004, 62.14124660000004], [21.3660509, 62.1360377], [21.356959, 62.16880620000002], [21.3606526, 62.1863269], [21.3651985, 62.1782769], [21.365956199999978, 62.19125169999999], [21.3723962, 62.182728099999956], [21.37798390000004, 62.19797579999999], [21.420601900000023, 62.204037100000036], [21.43035669999996, 62.219569], [21.397777599999976, 62.202805900000044], [21.41160479999998, 62.21445480000003], [21.411036500000034, 62.23008139999997], [21.39342110000003, 62.2159701], [21.3954099, 62.22544079999996], [21.386318100000032, 62.229892], [21.394652300000025, 62.23074430000001], [21.37777789999996, 62.231140899999964], [21.387885400000037, 62.25253110000001], [21.380246, 62.2537064], [21.38923939999998, 62.28015660000003], [21.383865799999988, 62.2854806], [21.378013, 62.26604690000001], [21.364003300000043, 62.26397029999997], [21.355098800000025, 62.2467031], [21.3202511, 62.24380710000001], [21.3248464, 62.25615669999997], [21.314058899999964, 62.25143220000004], [21.317683099999982, 62.25544990000002], [21.31006850000002, 62.2547166], [21.30836050000001, 62.25634190000002], [21.3406047, 62.26241680000004], [21.3364376, 62.26705740000004], [21.358312800000032, 62.311056900000025], [21.351410500000032, 62.3123941], [21.352647, 62.30042660000003], [21.346760599999968, 62.31014890000004], [21.3385212, 62.29546940000003], [21.3209057, 62.29689], [21.329618699999973, 62.30730769999997], [21.31474980000002, 62.301435899999966], [21.31778040000004, 62.307876], [21.3037638, 62.320187800000035], [21.31427630000001, 62.3329732], [21.326019900000013, 62.31800960000002], [21.340794100000036, 62.328616699999955], [21.34590829999997, 62.319903699999976], [21.366649, 62.37132939999996], [21.329618699999973, 62.3710453], [21.32365220000004, 62.35721809999998], [21.31493919999997, 62.35674459999998], [21.3134239, 62.342728], [21.303100900000036, 62.36526820000001], [21.3054685, 62.3811789], [21.288898299999968, 62.3631372], [21.2945483, 62.38353870000004], [21.28174210000001, 62.38529109999999], [21.299609800000017, 62.40416859999997], [21.290291400000037, 62.40558520000003], [21.27462440000004, 62.38954780000003], [21.274508400000034, 62.39486609999997], [21.2522812, 62.389751800000035], [21.255008399999973, 62.384661899999976], [21.26519779999999, 62.38955760000004], [21.2663454, 62.38513690000002], [21.28116529999998, 62.385635], [21.279307099999976, 62.38373119999998], [21.25538289999996, 62.3821781], [21.2490533, 62.39108949999996], [21.239332899999983, 62.397300599999966], [21.23398530000001, 62.395289800000036], [21.2370283, 62.40553690000003], [21.227525, 62.4029614], [21.2292114, 62.412885099999976], [21.222694900000025, 62.409306800000024], [21.244193299999967, 62.44775770000001], [21.1764781, 62.419251], [21.1769516, 62.42663809999997], [21.1681439, 62.4242704], [21.207979499999983, 62.49534820000002], [21.19049460000003, 62.4694455], [21.170416800000034, 62.46073250000001], [21.1710798, 62.476075], [21.160946199999984, 62.48024209999998], [21.182918100000023, 62.491038600000046], [21.15564260000001, 62.481662700000015], [21.158105, 62.4711502], [21.141247199999977, 62.4732338], [21.142762500000032, 62.48014739999996], [21.127165300000037, 62.47616350000002], [21.12135880000002, 62.488386800000015], [21.1114861, 62.48981240000002], [21.12817769999996, 62.495111], [21.132060599999978, 62.48753450000002], [21.14152, 62.507723], [21.13549139999998, 62.5078656], [21.169185600000038, 62.5456844], [21.18092929999996, 62.5360243], [21.191441699999967, 62.54369550000003], [21.1530855, 62.559038], [21.16265089999999, 62.561500399999986], [21.152372399999972, 62.57291729999996], [21.170519900000038, 62.56658189999997], [21.169001800000018, 62.5832004], [21.22303259999999, 62.607919399999965], [21.191014, 62.61433449999998], [21.18954760000001, 62.6209762], [21.199018199999973, 62.6214497], [21.194377599999967, 62.62552209999998], [21.144467200000037, 62.6176614], [21.14986550000003, 62.62599559999999], [21.14077359999996, 62.628268600000034], [21.1430466, 62.63802339999997], [21.1337654, 62.64474749999997], [21.10648979999997, 62.624290899999984], [21.10042860000002, 62.60610720000003], [21.057905299999966, 62.62448030000002], [21.0989169, 62.62471210000002], [21.083760200000032, 62.6285527], [21.08915579999998, 62.64599149999996], [21.082990799999966, 62.65172340000002], [21.091768299999956, 62.67719589999998], [21.106964800000014, 62.68108340000002], [21.08129660000003, 62.683951600000015], [21.087277800000024, 62.69877910000001], [21.096978500000017, 62.7019017], [21.10276049999996, 62.69016290000004], [21.13442830000004, 62.7064016], [21.145793099999963, 62.703371], [21.145509, 62.71587229999997], [21.17021160000002, 62.71992449999996], [21.1754456, 62.743463], [21.180180900000032, 62.74005360000003], [21.172304399999984, 62.75193809999997], [21.145691900000028, 62.748433900000016], [21.126776099999987, 62.77444219999999], [21.12788489999998, 62.794227799999966], [21.12135010000001, 62.799057900000015], [21.141333199999988, 62.7960273], [21.14038619999997, 62.81155950000003], [21.1743806, 62.81769679999997], [21.185375400000037, 62.806281], [21.210425799999975, 62.80510040000002], [21.205265699999973, 62.81196940000002], [21.21201960000004, 62.82082980000003], [21.22562320000002, 62.81902010000004], [21.252164600000043, 62.84118509999998], [21.2443987, 62.84203749999999], [21.2429528, 62.856908], [21.250865600000033, 62.860034699999964], [21.24072130000002, 62.86554689999996], [21.262289499999962, 62.86579260000004], [21.25744389999996, 62.87379989999999], [21.264547600000014, 62.876208], [21.245207799999974, 62.886956600000026], [21.24945410000004, 62.89152530000003], [21.319331699999964, 62.8849683], [21.31188749999998, 62.891097100000046], [21.323686699999964, 62.88417220000004], [21.319952800000017, 62.88167129999997], [21.3699788, 62.873149099999964], [21.38682709999996, 62.87712749999998], [21.365518099999967, 62.8867878], [21.372999900000043, 62.901183399999965], [21.36447630000001, 62.904593], [21.382281199999973, 62.90478240000003], [21.390236599999977, 62.89625859999998], [21.38625890000002, 62.88328359999997], [21.4029272, 62.88015820000001], [21.40354710000004, 62.89778240000003], [21.431924, 62.92800550000003], [21.42775689999997, 62.9448635], [21.43841270000003, 62.9586714], [21.483387, 62.97018450000002], [21.4953836, 62.96648169999998], [21.471524799999973, 62.987072699999985], [21.49474, 63.00479], [21.44121, 63.01904], [21.471446599999986, 63.0271041], [21.460061199999956, 63.03670989999996], [21.47739989999998, 63.03942980000003], [21.464060199999988, 63.05038469999997], [21.47235, 63.05581170000003], [21.46631659999999, 63.05858440000002], [21.47590659999997, 63.0586744], [21.4787366, 63.060074400000026], [21.4658466, 63.063954399999986], [21.4777566, 63.06800449999998], [21.46883660000004, 63.0754545], [21.4879383, 63.068783500000045], [21.4760583, 63.0662635], [21.48157410000003, 63.06001120000004], [21.48955659999997, 63.06593450000004], [21.49744720000003, 63.06125740000003], [21.4866447, 63.058997800000036], [21.498269400000023, 63.05612219999996], [21.526189900000023, 63.0576439], [21.516096599999965, 63.06761450000004], [21.523503, 63.07831609999998], [21.5041366, 63.07712459999998], [21.51126660000001, 63.08144460000002], [21.5469889, 63.08282109999996], [21.568193399999966, 63.07167420000003], [21.576883, 63.079289300000035], [21.5770369, 63.068673], [21.596964900000035, 63.05586919999999], [21.61046609999998, 63.053265], [21.62321119999998, 63.0614256], [21.628104899999965, 63.05096], [21.657787500000012, 63.042245899999976], [21.684492299999967, 63.052564400000016], [21.671775900000032, 63.06137259999997], [21.675701, 63.06588160000001], [21.65798439999996, 63.06148360000001], [21.651189300000038, 63.07531879999996], [21.612284399999968, 63.08306609999998], [21.59931130000002, 63.093643], [21.61657550000001, 63.113811300000016], [21.593385800000018, 63.10239119999996], [21.581636800000012, 63.10946], [21.60368250000003, 63.11901159999997], [21.5576322, 63.126142100000024], [21.561545699999982, 63.13147639999996], [21.53798849999996, 63.147886100000036], [21.5434206, 63.14963130000002], [21.5331702, 63.166440500000014], [21.5393275, 63.1758297], [21.532025699999977, 63.171559399999985], [21.532316599999977, 63.15273529999998], [21.51492659999997, 63.16098540000003], [21.5223466, 63.16428539999996], [21.51454659999997, 63.17147549999997], [21.5018266, 63.17203550000003], [21.523356599999985, 63.17324549999996], [21.5187066, 63.18246559999998], [21.5289666, 63.186005600000044], [21.522796600000014, 63.18935560000003], [21.547726600000026, 63.18989560000003], [21.550578, 63.183501599999985], [21.56288509999996, 63.1891835], [21.53826129999997, 63.197675], [21.520331599999984, 63.192609500000046], [21.533371899999985, 63.198592], [21.51684140000004, 63.20524380000003], [21.52351419999997, 63.235916899999964], [21.5568807, 63.24326980000003], [21.537550699999972, 63.2562614], [21.55182070000002, 63.260811499999974], [21.539310700000023, 63.25958139999998], [21.549079, 63.26469429999999], [21.537779, 63.26780440000001], [21.57554850000004, 63.27636], [21.577821199999967, 63.28821689999999], [21.588551200000037, 63.285356800000045], [21.573186700000022, 63.27342019999997], [21.583081299999982, 63.271633799999954], [21.586609400000043, 63.256063699999984], [21.5792494, 63.2571137], [21.5888094, 63.25272370000003], [21.579329399999967, 63.2468836], [21.59815, 63.2451], [21.60931, 63.2361], [21.60153, 63.23063], [21.62322, 63.23706], [21.61248, 63.22952], [21.63772, 63.22549], [21.63138, 63.22065], [21.65586, 63.22527], [21.65092, 63.2198], [21.670412500000023, 63.2100665], [21.70039, 63.2376], [21.75551, 63.21954], [21.744107499999963, 63.22475380000003], [21.74108, 63.24263], [21.79443, 63.25335], [21.79911, 63.2587], [21.78191, 63.25215], [21.77456, 63.2532], [21.77797, 63.25369], [21.78373, 63.25673], [21.78377, 63.25801], [21.77469, 63.25806], [21.78894, 63.26028], [21.79365, 63.2664], [21.78106, 63.26276], [21.78347, 63.26799], [21.80226, 63.26993], [21.80301, 63.27632], [21.81548, 63.27523], [21.79176, 63.2595], [21.81176, 63.26438], [21.813339400000018, 63.250355700000036], [21.826162100000044, 63.257113], [21.822149, 63.26109130000003], [21.84206, 63.25853], [21.85395, 63.26988], [21.86441, 63.26854], [21.85711, 63.26168], [21.88493, 63.26177], [21.88602, 63.27877], [21.91897, 63.27856], [21.93291, 63.27041], [21.93262, 63.26147], [21.92169, 63.25718], [21.93053, 63.2318], [21.93227, 63.25072], [21.94689, 63.26393], [21.96794, 63.24805], [21.96872, 63.26301], [21.98729, 63.26621], [21.99479, 63.25324], [22.0186, 63.25244], [22.01997, 63.24296], [22.0032747, 63.24009169999997], [21.99706, 63.22854], [22.01112, 63.2333], [22.02945, 63.21424], [21.95496, 63.21578], [21.9514, 63.21094], [21.9638, 63.20907], [21.97585, 63.18775], [21.954975300000044, 63.18286570000004], [21.9648141, 63.16948050000001], [21.95479619999997, 63.16057349999997], [21.974126799999958, 63.170468100000015], [22.000141500000012, 63.157866199999965], [22.012142399999988, 63.1604956], [22.00248, 63.17196], [22.00808, 63.17858], [21.98305, 63.18336], [21.98719, 63.19714], [21.97387, 63.20516], [21.98538, 63.2102], [21.99015, 63.20057], [22.01074720000001, 63.20921990000003], [22.0420007, 63.20078829999997], [22.033075, 63.21723630000002], [22.041825, 63.224076300000014], [22.02465649999997, 63.23049890000003], [22.021125, 63.2400865], [22.030496099999972, 63.233913800000046], [22.02835119999996, 63.24326039999996], [22.0376328, 63.244401300000035], [22.0402143, 63.2354076], [22.044105, 63.2439351], [22.024155, 63.25362660000004], [22.039972200000033, 63.247197], [22.080542599999973, 63.25243969999998], [22.078936400000035, 63.25943180000004], [22.090249600000043, 63.2560187], [22.0962808, 63.24457410000004], [22.08937909999996, 63.239971], [22.0968605, 63.23539930000003], [22.08175009999996, 63.2238465], [22.08431349999996, 63.216222], [22.0935, 63.22885], [22.13534, 63.24029], [22.12787, 63.24508], [22.176165599999962, 63.2445233], [22.18354, 63.23261], [22.18441470000002, 63.257028400000046], [22.20679879999997, 63.26420630000002], [22.23874880000004, 63.25459619999997], [22.236556, 63.274027599999954], [22.25805, 63.2894], [22.255393899999962, 63.2969023], [22.28535319999999, 63.302719], [22.283603199999966, 63.3145091], [22.3063575, 63.31322140000004], [22.312397499999967, 63.30217130000004], [22.322227199999976, 63.30494219999998], [22.3363508, 63.29213039999996], [22.369092800000043, 63.29155360000002], [22.369654, 63.30172819999997], [22.358207900000036, 63.311881700000036], [22.362582399999962, 63.317166100000016], [22.34845359999996, 63.32285760000002], [22.390924699999957, 63.32903], [22.384731, 63.34589229999998], [22.34635, 63.3789], [22.296069900000024, 63.391873699999984], [22.30088379999998, 63.408437800000044], [22.26252709999997, 63.415870699999985], [22.2331287, 63.4314564], [22.220830600000028, 63.44785360000002], [22.204370599999965, 63.45055360000004], [22.20332060000004, 63.45977369999997], [22.21058059999997, 63.46227369999997], [22.2033727, 63.474518300000035], [22.232912300000027, 63.484118399999964], [22.2616279, 63.47985950000001], [22.3047357, 63.48793630000002], [22.3504507, 63.45271120000004], [22.35283019999997, 63.463505], [22.35897, 63.46231840000002], [22.37732, 63.44551819999997], [22.40272329999998, 63.43851440000001], [22.326688599999986, 63.480983], [22.292142300000037, 63.51108340000004], [22.29894230000001, 63.515873399999975], [22.289056, 63.52305670000004], [22.320270299999976, 63.55258710000002], [22.33268029999996, 63.5542571], [22.325710300000043, 63.558677099999954], [22.329846100000026, 63.56776920000004], [22.3414261, 63.569959199999964], [22.321772500000012, 63.587574699999976], [22.378948399999974, 63.573915], [22.380530699999976, 63.56452669999999], [22.359780699999963, 63.5504066], [22.36359069999999, 63.54601650000002], [22.34593979999998, 63.551311199999965], [22.350120300000018, 63.54099070000003], [22.366630300000043, 63.544420799999976], [22.3837953, 63.530009599999964], [22.37839960000004, 63.52896060000003], [22.3861096, 63.5166005], [22.35933949999996, 63.5099108], [22.395486500000015, 63.512838799999976], [22.413996499999964, 63.4992287], [22.403573399999974, 63.487078], [22.4161696, 63.4841628], [22.41465, 63.4747937], [22.437951899999984, 63.49187619999996], [22.446268799999967, 63.47589689999997], [22.4510964, 63.512905099999955], [22.46131339999998, 63.51388080000004], [22.4622228, 63.51645], [22.457439399999988, 63.51766450000002], [22.456639200000037, 63.51917710000003], [22.4861533, 63.541656], [22.461644799999956, 63.5658869], [22.480113899999985, 63.56517010000002], [22.475284099999957, 63.575102199999975], [22.498684599999983, 63.57135640000002], [22.498579800000016, 63.58171960000003], [22.51918, 63.5959], [22.505513799999974, 63.60159379999996], [22.48524020000003, 63.584619299999964], [22.4670523, 63.58073], [22.46259, 63.59598], [22.426007499999976, 63.59144180000002], [22.43522839999997, 63.59513230000002], [22.4294, 63.60424], [22.485761900000032, 63.60666880000003], [22.49388480000004, 63.6083742], [22.485256799999984, 63.61858840000003], [22.5009648, 63.6112112], [22.49974680000003, 63.620738400000015], [22.5252, 63.62244], [22.513423500000016, 63.632694500000014], [22.514842600000016, 63.648152], [22.55198960000003, 63.67288729999998], [22.57923, 63.67379], [22.594363, 63.66554169999998], [22.61059020000001, 63.68431109999999], [22.600955200000037, 63.6923042], [22.61597570000001, 63.69595879999996], [22.61583159999999, 63.7236544], [22.644357, 63.71260619999998], [22.6455502, 63.70374210000002], [22.635476300000033, 63.708587700000024], [22.626917600000027, 63.7025782], [22.640406700000035, 63.69419859999998], [22.634304499999978, 63.6896775], [22.650384899999985, 63.6944264], [22.65174059999998, 63.7017548], [22.6438091, 63.70268529999998], [22.662374900000035, 63.703807099999985], [22.686067499999982, 63.68141139999996], [22.6914746, 63.69030040000003], [22.698301100000027, 63.687961400000034], [22.6917313, 63.719717799999984], [22.7335423, 63.70825529999997], [22.755678300000035, 63.71664339999998], [22.717303300000022, 63.723740700000036], [22.70634509999999, 63.73228110000004], [22.715898, 63.7382651], [22.69935290000001, 63.73152970000004], [22.70388860000004, 63.74124049999998], [22.693466, 63.746342300000045], [22.69967349999998, 63.750170499999975], [22.671702599999985, 63.75862589999996], [22.67978170000001, 63.77096439999998], [22.683394499999974, 63.760387100000024], [22.6925031, 63.77157480000004], [22.711898600000033, 63.76764309999998], [22.704005899999977, 63.77803939999997], [22.711442599999963, 63.77529659999996], [22.7600726, 63.79615260000004], [22.73432930000002, 63.799017799999966], [22.74372879999996, 63.794531500000026], [22.735639900000013, 63.79042990000003], [22.733973900000013, 63.7990482], [22.720160900000028, 63.7994777], [22.7325235, 63.790933400000036], [22.7234238, 63.7868658], [22.700939500000015, 63.7919462], [22.698181, 63.799872499999985], [22.680346899999968, 63.79942149999997], [22.6669431, 63.813564800000016], [22.694051300000027, 63.8169781], [22.68409280000002, 63.825264699999956], [22.693580499999975, 63.82553989999999], [22.69320870000003, 63.8335361], [22.7103954, 63.826701199999974], [22.698654400000038, 63.8413435], [22.729531499999975, 63.84222070000003], [22.728750500000015, 63.85017940000004], [22.77027239999999, 63.84235839999996], [22.77519309999999, 63.83495980000002], [22.778228400000042, 63.84385980000002], [22.79522840000002, 63.83788979999998], [22.825663299999963, 63.8436223], [22.803183299999983, 63.84544230000004], [22.77778849999997, 63.85962470000003], [22.788298499999957, 63.8607847], [22.807298500000037, 63.85867509999998], [22.815639200000035, 63.84901609999997], [22.836728499999968, 63.85651509999996], [22.869574900000043, 63.828953299999974], [22.903223499999967, 63.836051099999985], [22.8861098, 63.8529011], [22.91032979999997, 63.85106109999998], [22.905306900000042, 63.8620577], [22.88936739999997, 63.8654875], [22.883913900000028, 63.86296759999996], [22.893293099999976, 63.8618248], [22.880685499999984, 63.858712599999976], [22.833026758982875, 63.870890789643006], [22.8255973, 63.88550760000002], [22.8102608, 63.88675659999998], [22.8338273, 63.89290759999999], [22.82093780000004, 63.89725990000003], [22.82394780000004, 63.90334989999997], [22.841787799999977, 63.905179900000036], [22.8524173, 63.892832299999974], [22.89805259999996, 63.900954900000045], [22.918232599999975, 63.890194799999975], [22.93900350000003, 63.892204199999966], [22.93478, 63.87747], [22.9595, 63.87419], [22.97267, 63.86339], [22.94385, 63.86583], [22.97028830000004, 63.840898], [22.9548783, 63.84852810000001], [22.95702829999998, 63.846198], [22.947530800000013, 63.847509], [22.94107310000003, 63.8440453], [22.98027320000001, 63.835785799999975], [22.9893932, 63.84180579999998], [23.00024549999998, 63.837661], [23.00222220000002, 63.8262978], [23.015743700000044, 63.82953680000003], [23.025643099999957, 63.82176549999998], [23.036576399999973, 63.82774090000002], [23.02972930000001, 63.83343140000004], [23.045569, 63.83767590000004], [23.0046598, 63.85293409999996], [23.019583100000016, 63.84981660000004], [23.042086299999962, 63.86102980000003], [23.01926850000001, 63.866617499999975], [23.023604200000012, 63.87088129999998], [23.06745, 63.87435], [23.07451, 63.88359], [23.1053421, 63.8675593], [23.09926230000002, 63.855298700000034], [23.11137310000003, 63.85475589999998], [23.12280860000003, 63.865392200000024], [23.11659020000004, 63.877874599999956], [23.13388, 63.87032], [23.11714, 63.88694], [23.075674400000032, 63.905498], [23.07154, 63.917119], [23.09407, 63.91235], [23.12524, 63.88655], [23.14217, 63.89527], [23.13408, 63.90358], [23.14463, 63.89728], [23.12456, 63.91216], [23.13528, 63.91174], [23.12822, 63.91825], [23.15284, 63.90573], [23.16131, 63.91008], [23.15355, 63.91506], [23.18955, 63.9071], [23.18946, 63.9135], [23.20829, 63.90171], [23.20821, 63.91168], [23.219829899999986, 63.90960010000001], [23.21088010000004, 63.92071570000002], [23.223189100000017, 63.910457100000045], [23.247748199999982, 63.90859039999996], [23.24255349999996, 63.914456], [23.2487028, 63.91664230000004], [23.261976400000037, 63.90642749999997], [23.2672864, 63.91940090000003], [23.288462600000024, 63.90945569999997], [23.323155500000023, 63.91987], [23.302409499999985, 63.92515350000003], [23.30644, 63.93990480000002], [23.37045, 63.91295], [23.36352, 63.92381], [23.38284, 63.92196], [23.36693430000004, 63.9288801], [23.406333299999957, 63.94217789999998], [23.3626047, 63.96945109999998], [23.396117100000033, 63.97940270000004], [23.373672, 63.98982370000003], [23.391169699999956, 63.99140470000002], [23.373375900000024, 64.00234789999996], [23.386634599999976, 64.00598770000003], [23.39181130000002, 64.01949009999998], [23.379680200000017, 64.032542], [23.38099019999996, 64.06069539999996], [23.400818099999974, 64.07100030000004], [23.397927800000016, 64.08229129999998], [23.408700599999985, 64.0807147], [23.40815560000001, 64.08794609999997], [23.44180510000001, 64.08174369999996], [23.476917199999967, 64.05673649999996], [23.50436109999997, 64.06015740000004], [23.559500099999973, 64.04207950000004], [23.590043, 64.046578], [23.583603, 64.055954], [23.59534660000003, 64.05638019999996], [23.605811700000032, 64.04463659999996], [23.61769739999998, 64.04700420000002], [23.614983799999987, 64.05593029999996], [23.625084500000035, 64.06092610000005], [23.625141599999964, 64.0703365], [23.64789850000003, 64.06721869999996], [23.58879469999998, 64.09687810000004], [23.599276899999975, 64.10330729999997], [23.582466499999963, 64.11793949999998], [23.603491399999985, 64.126984], [23.642747299999964, 64.11751329999997], [23.635691599999973, 64.126984], [23.64448040000001, 64.13171929999996], [23.630085, 64.143766], [23.652473600000032, 64.13770479999995], [23.655223, 64.14320629999996], [23.647504400000017, 64.1429695], [23.67756489999998, 64.15385419999998], [23.6751499, 64.16218829999997], [23.6982109, 64.16782340000002], [23.689848499999986, 64.17632180000001], [23.7025389, 64.17690290000004], [23.69921490000003, 64.18376], [23.707066, 64.17880940000005], [23.720492199999974, 64.185623], [23.70959840000003, 64.19686089999998], [23.714445900000012, 64.20059539999998], [23.6962957, 64.20523660000003], [23.7027741, 64.2164893], [23.6857739, 64.21972429999998], [23.704216, 64.22222859999997], [23.705484, 64.22671689999999], [23.7138715, 64.22698980000001], [23.7077366, 64.2258573], [23.7308847, 64.21598170000001], [23.7324948, 64.22407909999995], [23.7650429, 64.22337690000003], [23.812419100000035, 64.23761789999999], [23.834131, 64.2559556], [23.8262222, 64.26213160000002], [23.816948199999963, 64.25757859999999], [23.820824200000033, 64.27429109999997], [23.8355987, 64.27386], [23.849851, 64.28970120000004], [23.90605029999998, 64.2884749], [23.907371, 64.27850989999999], [23.9308751, 64.26495380000003], [23.913800200000033, 64.28191569999997], [23.91427880000002, 64.32723389999998], [23.92987749999996, 64.34151560000002], [23.9856074, 64.35352120000003], [23.9820541, 64.3702066], [23.99829539999999, 64.37828389999997], [24.00016380000004, 64.39274720000003], [24.0176982, 64.39377010000003], [24.019649399999974, 64.4053341], [24.03122620000003, 64.40341439999996], [24.029933199999984, 64.414539], [24.0894618, 64.4133347], [24.101606, 64.4261366], [24.079036, 64.4424156], [24.112622, 64.439447], [24.121569399999974, 64.44427219999997], [24.11032660000002, 64.44848820000001], [24.12901780000004, 64.44853509999999], [24.129673600000032, 64.4547656], [24.17632949999998, 64.4577669], [24.18157620000004, 64.46212350000005], [24.173115, 64.46520649999995], [24.200782699999976, 64.47603659999996], [24.193755899999978, 64.481705], [24.217993, 64.48563730000002], [24.231241400000023, 64.49908139999995], [24.254898200000028, 64.49969039999998], [24.245529200000036, 64.503438], [24.252415400000036, 64.507092], [24.2676869, 64.49884720000003], [24.293745899999983, 64.50070459999996], [24.274512200000018, 64.50752410000004], [24.282597400000014, 64.51255830000002], [24.259333700000028, 64.51618350000003], [24.265434699999986, 64.51677759999998], [24.260090699999957, 64.5261566], [24.243953699999974, 64.53138250000003], [24.2504719, 64.53576139999997], [24.2730564, 64.53860739999999], [24.285688499999978, 64.5266568], [24.30395810000002, 64.5243145], [24.352302300000037, 64.53335560000004], [24.35220860000001, 64.53972659999995], [24.371274599999957, 64.54544169999996], [24.375724900000026, 64.55729350000003], [24.355066200000017, 64.5657725], [24.3808482, 64.58564110000002], [24.362540099999972, 64.59154190000002], [24.3781977, 64.59643849999998], [24.358293100000026, 64.60295639999997], [24.3844849, 64.60887], [24.37910989999997, 64.61402650000002], [24.398661899999983, 64.62484680000001], [24.38154889999998, 64.63332549999998], [24.401011100000023, 64.64112580000003], [24.3900712, 64.658829], [24.410308, 64.6536334], [24.417952699999965, 64.65945649999998], [24.40141790000002, 64.66209350000003], [24.40467180000004, 64.66855130000002], [24.443202, 64.67255159999998], [24.471304, 64.68719029999998], [24.437329, 64.69184320000002], [24.471573699999958, 64.7018517], [24.491733, 64.69668960000001], [24.504582, 64.7016843], [24.49405780000001, 64.70507780000003], [24.511228, 64.7080401], [24.496037799999968, 64.70952039999999], [24.528875300000017, 64.71243420000003], [24.5277266, 64.71921239999998], [24.538215500000025, 64.71535950000005], [24.5687206, 64.73432009999998], [24.568213599999975, 64.74348290000005], [24.554700600000032, 64.74947939999997], [24.564330699999957, 64.76223480000003], [24.555807100000013, 64.77274720000003], [24.573422500000017, 64.77359960000004], [24.58156729999997, 64.78486970000003], [24.5686872, 64.798318], [24.5435449, 64.80534680000002], [24.54188519999999, 64.81811169999997], [24.648524899999966, 64.83089710000003], [24.6541126, 64.82815059999997], [24.6445472, 64.80797809999996], [24.66557210000003, 64.80239040000002], [24.661026199999956, 64.80598929999998], [24.6734327, 64.81422879999995], [24.6725804, 64.84017840000004], [24.695404699999965, 64.85078549999999], [24.686215500000017, 64.85522739999998], [24.724707300000013, 64.85609740000002], [24.717004500000037, 64.8701089], [24.79323670000003, 64.87521980000001], [24.81227269999998, 64.88402760000002], [24.80833360000002, 64.89054780000002], [24.9341602, 64.88156520000003], [24.96437160000001, 64.892267], [24.956605699999965, 64.906473], [25.063853499999986, 64.91115529999998], [25.097660100000017, 64.921842], [25.130771199999966, 64.91774309999998], [25.132002399999962, 64.9052419], [25.146208399999956, 64.89804409999996], [25.185330699999984, 64.90883180000002], [25.18210220000002, 64.9036318], [25.206631199999983, 64.89491880000001], [25.212787199999962, 64.88611110000002], [25.1963177, 64.8870202], [25.21552589999999, 64.8823678], [25.215817799999982, 64.87275750000003], [25.261845199999975, 64.8742728], [25.295182, 64.861298], [25.3025691, 64.85144850000003], [25.2899731, 64.84898610000005], [25.2987808, 64.83298070000002], [25.29092020000002, 64.82852949999997], [25.31317620000003, 64.82947649999998], [25.3498277, 64.85343730000001], [25.345471199999956, 64.85646790000003], [25.353805400000038, 64.85552090000002], [25.34335860000004, 64.8639947], [25.3553207, 64.86366560000005], [25.377197900000024, 64.8830805], [25.367727299999974, 64.88800519999997], [25.395002799999986, 64.89832830000003], [25.360797099999974, 64.91159129999998], [25.333064599999986, 64.9052419], [25.22372020000004, 64.94379669999996], [25.190525600000022, 64.98041979999998], [25.212497499999973, 64.98363980000003], [25.208614500000035, 64.9931105], [25.2205595, 64.99993749999999], [25.19177219999996, 65.00896079999998], [25.32650249999998, 64.99042429999997], [25.430133399999963, 64.9466095], [25.466974299999965, 64.949356], [25.4870108, 64.962282], [25.4816188, 64.974299], [25.39846649999996, 64.996436], [25.4757222, 65.0190633], [25.389541700000038, 65.0577323], [25.409858, 65.05986609999998], [25.39213950000004, 65.06565150000003], [25.391367500000026, 65.0775579], [25.37360740000004, 65.090991], [25.384841499999986, 65.09747879999998], [25.296328699999968, 65.12322060000001], [25.226799, 65.12764169999998], [25.2399599, 65.13590670000002], [25.23032380000002, 65.14330969999997], [25.225785300000023, 65.16973809999998], [25.274341099999962, 65.17468249999997], [25.281638, 65.18276669999997], [25.2598479, 65.19759519999997], [25.2847444, 65.20695550000003], [25.278045500000044, 65.208546], [25.276142499999974, 65.21078430000001], [25.295784300000044, 65.20830519999998], [25.28326589999997, 65.21578140000004], [25.292227700000023, 65.21792639999997], [25.284020200000032, 65.22222110000004], [25.29343469999997, 65.22111049999998], [25.2824376, 65.22436690000004], [25.2863814, 65.2316864], [25.26862519999998, 65.23226850000003], [25.28399430000002, 65.23712910000003], [25.352572199999965, 65.22953130000003], [25.33915580000002, 65.23889539999998], [25.292040100000044, 65.24441289999997], [25.311270199999978, 65.24955620000001], [25.313654099999958, 65.2573686], [25.33704670000004, 65.2594522], [25.330227800000014, 65.2644716], [25.264312, 65.26958580000002], [25.295659899999965, 65.28227649999995], [25.287539800000012, 65.28717890000004], [25.3167795, 65.2883377], [25.27686059999997, 65.3076105], [25.294008, 65.31139930000005], [25.29298980000002, 65.3138504], [25.285405900000022, 65.31604190000004], [25.2852284, 65.3192371], [25.298571099999965, 65.32263649999999], [25.29585009999998, 65.327905], [25.30278339999997, 65.32785740000004], [25.291619699999988, 65.32843240000001], [25.31057620000002, 65.3335601], [25.274682399999957, 65.34918670000002], [25.29911669999999, 65.35221739999996], [25.291161299999985, 65.36670750000002], [25.306977299999964, 65.36651809999998], [25.318247399999958, 65.352975], [25.31711089999998, 65.36064619999996], [25.333684600000037, 65.361688], [25.305462, 65.37011690000003], [25.256782799999975, 65.36850690000004], [25.271557, 65.37523109999997], [25.265590499999977, 65.38053460000002], [25.2916348, 65.38205], [25.2593541, 65.39062559999996], [25.26873, 65.3915727], [25.259543499999957, 65.39678160000004], [25.258619, 65.41077009999998], [25.28580779999997, 65.4114317], [25.30462390000002, 65.40009630000003], [25.342412600000017, 65.422951], [25.328205799999957, 65.41771170000003], [25.3179775, 65.42500419999999], [25.365046699999958, 65.42614059999995], [25.33034180000003, 65.44156170000004], [25.350651300000013, 65.44157780000003], [25.32309170000003, 65.44792319999996], [25.34965510000001, 65.45989640000005], [25.32472379999998, 65.46800380000002], [25.3307376, 65.47093970000002], [25.319183400000043, 65.47723770000002], [25.32837, 65.48273070000003], [25.281064, 65.48959689999998], [25.285704599999956, 65.50257179999998], [25.2626066, 65.51143529999999], [25.2680049, 65.51754390000004], [25.2563086, 65.51953280000002], [25.250531500000015, 65.53023459999997], [25.211393700000038, 65.54204650000004], [25.211228200000022, 65.55230129999995], [25.202846700000023, 65.55391130000002], [25.209902400000015, 65.5600672], [25.1747188, 65.5650867], [25.182058599999966, 65.59089419999997], [25.163542699999972, 65.56239639999998], [25.1506091, 65.5696489], [25.114916100000038, 65.55016209999997], [25.1154385, 65.56809089999997], [25.083643200000036, 65.57078619999996], [25.084342, 65.58920449999997], [25.0625795, 65.5926486], [25.086787799999986, 65.5929481], [25.05060010000003, 65.620301], [24.99526089999998, 65.62853709999997], [24.992960299999964, 65.63406439999999], [25.00497659999997, 65.637437], [25.0059345, 65.63990250000005], [24.9846265, 65.63160829999998], [24.9280748, 65.6339013], [24.897071600000018, 65.64566589999995], [24.89913619999996, 65.65905329999998], [24.874077400000036, 65.66824460000002], [24.856749700000034, 65.66306310000003], [24.84656, 65.66973150000004], [24.838803, 65.6592445], [24.80483, 65.67009010000004], [24.82062, 65.65931010000001], [24.80269, 65.6588], [24.79062009999998, 65.64762], [24.777989300000023, 65.66152940000005], [24.769642300000037, 65.66045050000004], [24.773826500000027, 65.66421810000003], [24.755459800000033, 65.6674886], [24.74277729999997, 65.66232570000003], [24.7583985, 65.6562764], [24.758098100000012, 65.65419769999995], [24.742584199999982, 65.66013260000003], [24.7354899, 65.64732989999997], [24.723369900000023, 65.65124], [24.71958009999998, 65.63097010000003], [24.688579899999983, 65.63127], [24.69332, 65.63364989999998], [24.65879989999996, 65.6387501], [24.664990100000015, 65.6490801], [24.65804, 65.65409010000002], [24.67752, 65.65797009999999], [24.64459, 65.67588010000003], [24.6485757, 65.6826994], [24.62207690000003, 65.68326650000002], [24.605088, 65.6952633], [24.61816520000003, 65.70173970000003], [24.64222689999996, 65.69261970000004], [24.63572629999998, 65.70316359999998], [24.64231489999996, 65.7058313], [24.613640700000037, 65.71531269999997], [24.601761600000014, 65.71006230000005], [24.57421570000001, 65.72972760000002], [24.5583682, 65.72454209999995], [24.549234500000026, 65.73474950000004], [24.55424469999997, 65.74095270000002], [24.536741899999956, 65.74230139999996], [24.53889710000002, 65.75591350000002], [24.53750290000004, 65.76127589999997], [24.524538800000037, 65.76160520000005], [24.537796099999962, 65.75559370000003], [24.53495430000002, 65.74294850000004], [24.521479899999985, 65.7402], [24.50807, 65.74381990000002], [24.5166055, 65.76300050000003], [24.50094, 65.74677], [24.5057099, 65.74249989999996], [24.491755799999968, 65.74432890000003], [24.503954100000023, 65.7601876], [24.4915211, 65.7443821], [24.4690119, 65.75041689999998], [24.46753349999998, 65.75485969999997], [24.472365800000038, 65.75737250000005], [24.472593100000015, 65.76086789999997], [24.466013199999956, 65.75481889999996], [24.46422120000001, 65.74718469999998], [24.443401, 65.7732184], [24.36380010000004, 65.77977], [24.32957, 65.79146], [24.313822, 65.80566739999998], [24.313526800000016, 65.7920145], [24.2867, 65.79608], [24.26322, 65.80871], [24.2418661, 65.83519020000003], [24.18376040000002, 65.828445], [24.1453595, 65.840052], [24.1251937, 65.85147990000004], [24.131626499999967, 65.86313720000001], [24.152978, 65.862572], [24.115569799999967, 65.89866550000002], [24.10991670000003, 65.91334989999999], [24.117920400000035, 65.92678880000003], [24.088502, 65.93120849999995], [24.053676200000016, 65.9515294], [24.0397287, 65.96891569999995], [24.05290369999996, 65.97449009999995], [24.0459729, 66.001314], [23.97563459999997, 66.05751610000003], [23.9383626, 66.0767186], [23.94533639999997, 66.10649460000003], [23.935766300000036, 66.11241260000004], [23.94121649999997, 66.120414], [23.9140511, 66.13612290000003], [23.93001560000002, 66.14970369999999], [23.92081029999998, 66.159785], [23.830975900000038, 66.17034250000005], [23.728351899999964, 66.19525940000004], [23.731725300000015, 66.2070412], [23.7028106, 66.221547], [23.6936229, 66.23026440000001], [23.698739300000025, 66.24358109999997], [23.669551200000036, 66.26176510000003], [23.668168899999973, 66.2785964], [23.648984800000026, 66.30377250000004], [23.659453200000033, 66.35560369999999], [23.688345399999964, 66.38331950000003], [23.6434219, 66.42417969999995], [23.65096569999997, 66.45574760000004], [23.6927201, 66.474313], [23.718368600000037, 66.4765463], [23.71428070000002, 66.49127360000004], [23.7290652, 66.5074553], [23.744533, 66.504194], [23.794984, 66.51699579999996], [23.785669099999982, 66.53500080000005], [23.860534699999967, 66.55955030000003], [23.880583, 66.582139], [23.87649220000002, 66.60063760000001], [23.8846737, 66.61277120000004], [23.870085, 66.63112380000003], [23.86853209999998, 66.65682540000002], [23.89016610000004, 66.6739531], [23.895928699999978, 66.71014649999998], [23.907844099999984, 66.72140389999998], [23.87841189999996, 66.75439380000003], [23.880337, 66.76350940000002], [23.916143, 66.77291759999997], [23.91244689999997, 66.79495479999999], [23.96106879999996, 66.78241979999997], [23.98159490000001, 66.78572949999999], [23.97674369999999, 66.79756390000004], [23.987766, 66.802951], [23.995662899999957, 66.822049], [23.935624899999972, 66.8832571], [23.866155399999975, 66.91928279999996], [23.8583839, 66.95442950000003], [23.82971320000001, 66.960945], [23.798912299999984, 66.99072329999997], [23.7386822, 67.01817840000001], [23.673970799999964, 67.06508339999996], [23.6559942, 67.10245010000004], [23.5523771, 67.17038450000003], [23.559467699999956, 67.1811659], [23.588394399999988, 67.19052550000002], [23.596079, 67.20820560000004], [23.5480296, 67.22499369999998], [23.562669799999956, 67.23653260000002], [23.553727800000033, 67.24745889999998], [23.5699752, 67.25118120000003], [23.563783299999983, 67.26067250000003], [23.60570420000002, 67.2732649], [23.721284100000037, 67.28276349999997], [23.731163900000016, 67.28763560000003], [23.749031600000023, 67.32195810000003], [23.774237200000012, 67.33694919999996], [23.758549900000023, 67.34932690000004], [23.7385309, 67.35036910000002], [23.7296962, 67.36868039999996], [23.735444299999973, 67.3786103], [23.717059199999966, 67.385898], [23.751809, 67.40791289999996], [23.7515259, 67.41966820000005], [23.762714800000015, 67.43031809999997], [23.710044299999975, 67.44571779999997], [23.672952800000022, 67.44261449999998], [23.54484710000003, 67.4609859], [23.4938836, 67.44638860000005], [23.410473799999973, 67.46759369999997], [23.394423100000026, 67.48427680000002], [23.40591589999997, 67.50091320000001], [23.431914, 67.50657739999998], [23.43703920000003, 67.51688820000001], [23.483043, 67.53818230000002], [23.45952419999998, 67.56216750000002], [23.51010409999997, 67.56364729999997], [23.54113009999997, 67.57863469999995], [23.539545499999956, 67.60348920000003], [23.5592867, 67.61967629999998], [23.54126209999997, 67.62440970000003], [23.5390577, 67.63331920000002], [23.491773400000024, 67.66649359999997], [23.4996545, 67.68072930000001], [23.48000940000002, 67.70146660000005], [23.478937200000036, 67.72234459999999], [23.48677440000003, 67.72922429999998], [23.476642599999984, 67.73844380000004], [23.492034699999973, 67.75322869999998], [23.484528, 67.77659549999997], [23.4946531, 67.79030190000002], [23.473975700000036, 67.81714419999997], [23.48285, 67.82748809999998], [23.47906930000004, 67.84277770000001], [23.49007989999997, 67.84688309999997], [23.495229, 67.86342], [23.51719150000001, 67.88433530000002], [23.5534762, 67.89759939999998], [23.581636600000042, 67.8930882], [23.643731699999968, 67.9170937], [23.663669700000032, 67.94026320000002], [23.651196699999986, 67.96070850000004], [23.56906549999996, 67.97425310000003], [23.5394838, 67.99251529999998], [23.534001499999988, 68.00601890000004], [23.471294300000043, 68.01915020000001], [23.4646073, 68.0312102], [23.4455835, 68.03689880000003], [23.389595199999977, 68.0473184], [23.338600200000013, 68.09906049999996], [23.3077618, 68.1483765], [23.2603508, 68.15694769999998], [23.173938699999983, 68.13391320000004], [23.15450689999997, 68.13670060000001], [23.141531800000035, 68.15430049999998], [23.14253169999999, 68.17950509999997], [23.161864499999982, 68.1960561], [23.141615400000024, 68.20494980000002], [23.152641, 68.23338059999996], [23.141927, 68.24790969999997], [23.077325599999963, 68.26757669999998], [23.065073499999986, 68.27983060000003], [23.070251699999975, 68.29970360000003], [23.060708200000022, 68.3058337], [22.988105200000017, 68.320195], [22.973758500000017, 68.33184830000005], [22.91695920000004, 68.33373249999998], [22.89356259999998, 68.34870269999998], [22.837226799999986, 68.36514980000003], [22.846527099999978, 68.38168359999999], [22.83333060000002, 68.38668679999996], [22.79954070000004, 68.39340090000003], [22.734073299999977, 68.38580889999999], [22.7192641, 68.39582780000002], [22.687743, 68.39983190000002], [22.6915262, 68.40615870000002], [22.677839900000016, 68.41183679999997], [22.644473299999976, 68.417552], [22.638804499999985, 68.43421250000003], [22.57277839999997, 68.42211350000002], [22.554895799999972, 68.43418589999996], [22.466174899999967, 68.4413001], [22.437388, 68.46417680000003], [22.39736769999997, 68.4639253], [22.344191099999975, 68.44527770000003], [22.348038800000012, 68.48167549999997], [22.251776200000037, 68.48233510000001], [22.221529400000026, 68.4733985], [22.19340690000001, 68.4798855], [22.1528153, 68.47018050000001], [22.1286958, 68.47162589999998], [22.115627800000013, 68.48211569999998], [22.04395739999999, 68.479576], [22.018239100000034, 68.495951], [21.998198199999983, 68.52154840000001], [22.00675869999996, 68.5332702], [21.99191250000002, 68.53397940000005], [21.88986930000004, 68.58440509999998], [21.717743, 68.59051939999998], [21.701665499999976, 68.59634609999998], [21.695863100000032, 68.61029290000002], [21.712493199999958, 68.61758239999999], [21.711008500000037, 68.62506680000001], [21.626537699999968, 68.65488750000003], [21.616755199999957, 68.66500570000002], [21.4298688, 68.691352], [21.413994099999965, 68.71070419999998], [21.421695800000027, 68.71555370000004], [21.406998399999964, 68.7362793], [21.41255479999998, 68.74835630000004], [21.39042, 68.76478960000003], [21.29903030000003, 68.7627477], [21.23491859999996, 68.81385669999999], [21.188238399999957, 68.82444790000004], [21.127474899999985, 68.85401080000004], [20.996792100000015, 68.896741], [20.8780326, 68.893529], [20.903948599999964, 68.900537], [20.87423349999998, 68.9206717], [20.853047400000033, 68.9242485], [20.844191300000023, 68.93656440000002], [20.89232080000004, 68.94170129999996], [20.91182579999998, 68.95711069999996], [20.9116456, 68.96882419999996], [20.879510599999982, 68.986764], [20.8346651, 68.99621109999995], [20.811129299999962, 69.01884580000004], [20.702768, 69.0444795], [20.6276833, 69.04580819999998], [20.548642200000042, 69.05996989999996], [20.7173208, 69.11979119999995], [21.057543, 69.03628969999997], [21.108674199999964, 69.10392909999997], [21.05562439999998, 69.12208529999997], [21.046732600000038, 69.13952110000002], [20.9875741, 69.19192739999997], [21.003312400000027, 69.22233810000004], [21.096169100000015, 69.260912], [21.278820200000013, 69.31188410000001], [21.62708590000003, 69.27658829999996], [22.17576219999998, 68.95632440000001], [22.19186780000003, 68.91877369999999], [22.340780599999963, 68.82722570000001], [22.3745217, 68.71666660000001], [22.5353893, 68.74451259999998], [22.800824, 68.68754810000001], [23.0459522, 68.68934359999999], [23.167582200000023, 68.6285189], [23.44063559999997, 68.69216349999998], [23.673520199999984, 68.70552139999997], [23.73106349999997, 68.75075139999997], [23.77539150000004, 68.81885129999998], [23.8714608, 68.83651919999997], [23.983330800000022, 68.82714340000004], [24.0755916, 68.7799668], [24.1585511, 68.7897096], [24.152962299999956, 68.753591], [24.208049500000026, 68.74530760000003], [24.2509648, 68.72713210000005], [24.6083879, 68.6819016], [24.783424599999968, 68.63623459999998], [24.857166100000025, 68.56220980000002], [24.903165800000036, 68.55459179999995], [24.916923299999958, 68.60524660000002], [24.958975899999967, 68.61767229999997], [25.0094092, 68.61432339999999], [25.015710600000016, 68.62204510000002], [25.047075800000016, 68.6269826], [25.069129900000018, 68.61986580000001], [25.09093950000004, 68.63550320000004], [25.116388099999973, 68.6395883], [25.107084399999966, 68.68062809999996], [25.111524, 68.7025194], [25.13130369999997, 68.71687739999996], [25.12179489999996, 68.72434940000002], [25.126687799999967, 68.736252], [25.121010399999975, 68.7456046], [25.139590200000015, 68.7835026], [25.15712569999998, 68.799893], [25.22691179999997, 68.8235811], [25.23861420000003, 68.83914660000003], [25.3980011, 68.89079880000001], [25.481411199999968, 68.90506310000004], [25.5423794, 68.88629560000001], [25.590592199999982, 68.88332489999998], [25.654328499999988, 68.90577050000003], [25.662263199999966, 68.922009], [25.713525400000012, 68.96663989999998], [25.711827699999965, 68.97928609999997], [25.76257319999998, 69.0040146], [25.77748310000004, 69.01958630000001], [25.745596499999976, 69.0398473], [25.752202599999983, 69.0583881], [25.72426489999998, 69.0799839], [25.731572300000014, 69.08250069999997], [25.725409, 69.09339480000003], [25.731498500000036, 69.10532320000004], [25.72042670000002, 69.11006120000002], [25.7436774, 69.13875670000002], [25.6933379, 69.1966015], [25.6943127, 69.2043304], [25.713317, 69.21145830000002], [25.705478199999963, 69.21961289999997], [25.713654, 69.226108], [25.700950299999956, 69.231214], [25.7084027, 69.244387], [25.701685400000027, 69.25046760000002], [25.729778900000042, 69.26012320000001], [25.729472299999987, 69.27268370000002], [25.742269400000026, 69.2762099], [25.7387933, 69.28246840000003], [25.7478199, 69.28698020000003], [25.735690200000025, 69.29661330000003], [25.74818430000004, 69.30379929999997], [25.73776259999999, 69.310581], [25.75896529999998, 69.32734339999998], [25.759502600000026, 69.34039569999999], [25.778790500000035, 69.344495], [25.7848475, 69.35591429999997], [25.8175062, 69.359987], [25.812556, 69.37592], [25.8465163, 69.393376], [25.8320774, 69.40675390000004], [25.812103, 69.40542250000001], [25.80971850000001, 69.41080270000002], [25.822054099999967, 69.41608210000003], [25.793014900000042, 69.42093], [25.80936570000004, 69.42641219999996], [25.8065248, 69.43439740000004], [25.825152199999977, 69.4476821], [25.834068399999985, 69.46661969999998], [25.863776199999986, 69.47587430000002], [25.848326700000044, 69.49033109999998], [25.87682250000004, 69.5261298], [25.84220819999997, 69.54267240000004], [25.8430802, 69.54966370000004], [25.93547829999997, 69.57231589999996], [25.976040300000015, 69.610225], [25.959997700000024, 69.62076780000001], [25.96288679999997, 69.63461], [25.95336180000004, 69.64753049999996], [25.892579799999957, 69.6640655], [26.00713950000003, 69.72285550000004], [26.04865940000002, 69.72019020000003], [26.11994330000004, 69.73278940000004], [26.1455855, 69.74426569999996], [26.1520583, 69.756011], [26.18431080000004, 69.76096989999998], [26.181984300000018, 69.7695481], [26.1908261, 69.7755972], [26.246327, 69.79553189999999], [26.242623600000016, 69.8162123], [26.385936, 69.855347], [26.418212800000042, 69.889093], [26.4075357, 69.901482], [26.4543736, 69.91827830000001], [26.463723700000017, 69.9389293], [26.678687800000013, 69.96477229999998], [26.718070299999987, 69.94498649999998], [26.7847555, 69.95855110000002], [26.851289300000012, 69.96013480000005], [26.85893189999998, 69.95733710000002], [26.859519700000035, 69.94057989999997], [26.878296799999966, 69.9334149], [26.96972340000002, 69.93848559999998], [27.039760099999967, 69.91055930000003], [27.10064380000002, 69.917582], [27.133400599999966, 69.93232959999999], [27.296193500000022, 69.95345990000003], [27.302447700000045, 69.96179960000003], [27.277703500000037, 69.979223], [27.3140919, 69.99030710000002], [27.348711499999965, 69.9896069], [27.4307096, 70.01944610000004], [27.5241226, 70.02278789999995], [27.553431200000013, 70.058144], [27.574654600000024, 70.06675559999996], [27.66736310000001, 70.0771577], [27.7408225, 70.06411919999996], [27.7974504, 70.077263], [27.959377800000027, 70.09211110000001], [27.976994400000045, 70.05424750000005], [27.984285300000046, 70.01397069999997], [28.160713, 69.92099369999997], [28.345269399999985, 69.8808318], [28.330476199999985, 69.84919259999997], [28.404225399999973, 69.818425], [29.133909500000023, 69.6953404]]], [[[25.323540899999983, 64.99380909999998], [25.2844074, 64.99915789999997], [25.2813974, 65.00272079999998], [25.323540899999983, 64.99380909999998]]], [[[25.435753, 65.01374140000001], [25.392661499999978, 65.00636619999997], [25.413712799999963, 65.02296619999998], [25.405054100000033, 65.03268289999997], [25.415111499999963, 65.0410004], [25.408646, 65.04292609999999], [25.413185400000025, 65.0421287], [25.4331105, 65.03202240000003], [25.4437582, 65.03024990000002], [25.435753, 65.01374140000001]]], [[[25.325698399999972, 65.07714270000002], [25.3228316, 65.08467090000002], [25.292557, 65.08408170000004], [25.2904327, 65.09535649999998], [25.34937720000002, 65.10108750000005], [25.334740600000014, 65.08306170000002], [25.3492997, 65.07519130000003], [25.325698399999972, 65.07714270000002]]], [[[25.25482440000003, 65.10359409999997], [25.233675200000025, 65.09895889999997], [25.25377030000003, 65.08134430000003], [25.1907411, 65.09713], [25.20635160000003, 65.10965919999998], [25.25482440000003, 65.10359409999997]]], [[[25.159146600000035, 65.10779070000001], [25.1367003, 65.1005942], [25.1455907, 65.10484709999999], [25.137463099999966, 65.10963769999998], [25.178456099999966, 65.1151341], [25.195291800000028, 65.10976610000003], [25.159146600000035, 65.10779070000001]]], [[[25.1024078, 65.13128589999997], [25.11851090000002, 65.13056769999996], [25.129257, 65.14339349999997], [25.145780399999982, 65.13044], [25.107378499999964, 65.12488260000003], [25.1024078, 65.13128589999997]]], [[[25.291853100000026, 65.31114590000004], [25.2594346, 65.31613410000003], [25.243635299999987, 65.31856630000001], [25.2466765, 65.32185470000005], [25.25405519999998, 65.32164320000004], [25.2691268, 65.32671830000002], [25.275197500000033, 65.33103370000003], [25.286059199999986, 65.32834909999995], [25.295593499999978, 65.3275478], [25.29841969999996, 65.3229256], [25.2856987, 65.3200916], [25.284133199999967, 65.318405], [25.285537399999978, 65.31550810000002], [25.292976399999976, 65.31318730000001], [25.291853100000026, 65.31114590000004]]], [[[25.2598726, 65.32488250000002], [25.23017020000001, 65.33213949999995], [25.270680899999984, 65.339085], [25.293077199999967, 65.3300939], [25.275308200000044, 65.3315914], [25.2598726, 65.32488250000002]]]]}}]}