{"type": "FeatureCollection", "bbox": [19.373763999999827, 34.8034369991152, 29.606758999999794, 41.7490524990625], "features": [{"type": "Feature", "properties": {"iso3": "GRC", "source": "geoBoundaries", "territoryExtent": "full"}, "geometry": {"type": "MultiPolygon", "coordinates": [[[[23.327701499999865, 35.82142849910415], [23.318377999999818, 35.835420499104046], [23.29143349999984, 35.85167899910388], [23.271938999999787, 35.895131499103364], [23.271195499999823, 35.905476999103314], [23.29123149999982, 35.886591499103496], [23.308205499999783, 35.889169999103466], [23.31914399999978, 35.878621999103544], [23.32830899999977, 35.850023999103826], [23.33089399999978, 35.82634649910414], [23.327701499999865, 35.82142849910415]]], [[[22.978990499999778, 36.33073449909904], [23.00378599999976, 36.3073539990993], [23.01399399999981, 36.30616399909927], [23.050580999999756, 36.28536599909947], [23.069391499999792, 36.26709349909963], [23.09722799999977, 36.250404499099794], [23.101465499999822, 36.24482549909992], [23.103198499999767, 36.23836399909997], [23.089982999999837, 36.219039999100154], [23.069902499999795, 36.22633349910004], [23.054091999999827, 36.218272999100115], [23.047273499999832, 36.1992339991003], [23.04443549999976, 36.178374999100534], [23.050903999999843, 36.1494644991008], [23.047105499999788, 36.13056199910107], [23.024043999999833, 36.14071649910094], [23.00502799999985, 36.13662349910097], [22.99892599999981, 36.145244499100905], [22.98967749999984, 36.14010599910095], [22.973664999999855, 36.15222549910079], [22.944490499999837, 36.15550599910075], [22.910876499999844, 36.19836249910033], [22.91585549999978, 36.212459499100206], [22.90314949999982, 36.22553999910003], [22.90107949999979, 36.23247099910002], [22.91386849999978, 36.243924999099846], [22.919840999999764, 36.24224449909992], [22.923183499999833, 36.245021999099926], [22.924892999999788, 36.25047599909985], [22.914369499999843, 36.26419449909969], [22.91310099999978, 36.27291499909959], [22.919894999999787, 36.2808304990995], [22.921895999999798, 36.28986299909947], [22.916349499999804, 36.303012999099344], [22.892129999999778, 36.32260499909909], [22.90428149999978, 36.341258999098976], [22.907624499999805, 36.3545339990988], [22.923570499999787, 36.36876699909869], [22.920678999999822, 36.37617849909863], [22.939396499999802, 36.37772149909857], [22.94956199999979, 36.38593649909848], [22.969515499999805, 36.353463999098835], [22.976457499999807, 36.348300999098925], [22.978990499999778, 36.33073449909904]]], [[[22.967891499999812, 36.47638749909757], [22.949512499999784, 36.47401849909761], [22.934020999999827, 36.461139999097796], [22.92599849999978, 36.46641599909775], [22.927451999999782, 36.481144499097574], [22.942477499999814, 36.489208499097515], [22.948529999999845, 36.50155549909743], [22.980513499999844, 36.510755999097334], [22.984548499999836, 36.492370999097496], [22.98324849999983, 36.47837999909757], [22.991270999999788, 36.46796049909772], [22.98635849999976, 36.4593739990978], [22.987906999999808, 36.455509499097836], [22.981996499999802, 36.458580499097806], [22.981202999999788, 36.46618499909775], [22.967891499999812, 36.47638749909757]]], [[[21.757920999999833, 36.756271499094986], [21.7611119999998, 36.75845699909496], [21.77145749999977, 36.74892049909506], [21.782158999999794, 36.74654349909506], [21.78783749999978, 36.74164449909511], [21.776105999999803, 36.72033699909535], [21.776181999999793, 36.70086949909552], [21.76449749999979, 36.70370499909542], [21.748677499999836, 36.7194859990953], [21.757920999999833, 36.756271499094986]]], [[[21.704028999999803, 36.75141149909499], [21.70143699999984, 36.7379609990952], [21.691518999999804, 36.739959499095164], [21.6971169999998, 36.75810249909494], [21.692908999999794, 36.767787999094836], [21.6939964999998, 36.783599999094776], [21.698764999999824, 36.784187499094706], [21.7020054999998, 36.794181999094675], [21.70520199999978, 36.7954594990946], [21.710374999999782, 36.787971499094674], [21.726430999999813, 36.78468349909471], [21.715602499999854, 36.7789494990948], [21.71934999999977, 36.767349999094826], [21.700081499999857, 36.758842499094975], [21.70201099999981, 36.74919899909511], [21.704028999999803, 36.75141149909499]]], [[[21.660644499999812, 36.94989249909324], [21.67364299999982, 36.92320649909348], [21.675235499999776, 36.91397849909352], [21.671313999999764, 36.909377999093586], [21.663532499999846, 36.91811399909352], [21.659042499999778, 36.93927399909334], [21.65328399999983, 36.946849999093224], [21.660644499999812, 36.94989249909324]]], [[[21.558099499999795, 37.06618899909218], [21.56024549999981, 37.05375699909224], [21.553703499999777, 37.03415699909243], [21.5493089999998, 37.03392049909242], [21.54913499999979, 37.048724999092315], [21.54141049999979, 37.05035799909233], [21.53906799999986, 37.05677799909224], [21.558099499999795, 37.06618899909218]]], [[[23.14690999999981, 37.23752599909065], [23.134980999999836, 37.234454999090694], [23.124658499999818, 37.2417069990906], [23.10470899999978, 37.26538149909036], [23.097543999999804, 37.26910449909034], [23.09469749999983, 37.27713899909033], [23.107759499999844, 37.27614599909034], [23.113416499999836, 37.28316499909025], [23.138872999999805, 37.276674499090284], [23.16864799999977, 37.26222249909039], [23.16953099999982, 37.25543199909048], [23.16168249999978, 37.24073799909065], [23.15535949999984, 37.23612599909064], [23.14690999999981, 37.23752599909065]]], [[[23.502449499999834, 37.3424909990897], [23.502084499999835, 37.32152949908987], [23.498633999999793, 37.318195499089896], [23.446601999999825, 37.31678399908993], [23.43106849999977, 37.30555199909008], [23.4220549999998, 37.30467149909007], [23.395341999999786, 37.29309849909015], [23.394938999999837, 37.29736349909013], [23.390259999999852, 37.29914649909012], [23.38056349999976, 37.29968249909005], [23.372725499999795, 37.296312499090135], [23.362275999999838, 37.29954149909011], [23.373321499999808, 37.30416849909011], [23.383960499999816, 37.31548549908997], [23.43650599999981, 37.33636849908981], [23.462379499999823, 37.35197449908967], [23.48463849999981, 37.35646999908962], [23.517650499999817, 37.370620499089526], [23.535036499999762, 37.364960999089554], [23.546880999999853, 37.37164699908946], [23.55292899999978, 37.3680649990895], [23.5786974999998, 37.36396799908955], [23.565051999999817, 37.355544999089666], [23.55241199999981, 37.35541549908962], [23.522992499999866, 37.34450899908969], [23.502449499999834, 37.3424909990897]]], [[[23.28189899999983, 37.335500999089795], [23.283813999999825, 37.3404789990897], [23.302336499999836, 37.33947999908973], [23.323662499999806, 37.3475549990897], [23.330952499999828, 37.34374799908969], [23.3315339999998, 37.334924499089794], [23.335195999999836, 37.33515349908982], [23.341749499999842, 37.34086049908972], [23.343714499999802, 37.350820499089686], [23.351726999999823, 37.350217999089665], [23.362310999999806, 37.339936999089694], [23.355892999999813, 37.33130099908986], [23.318622999999842, 37.32083699908996], [23.30067899999983, 37.321290999089946], [23.28189899999983, 37.335500999089795]]], [[[21.961870499999836, 38.325236999081774], [21.98926549999979, 38.31128949908187], [22.009921999999797, 38.3137019990819], [22.017456499999792, 38.31116499908187], [22.026530999999842, 38.29833599908196], [22.0270554999998, 38.28505299908205], [22.067483999999816, 38.27135449908214], [22.076984499999856, 38.254490499082365], [22.08811199999977, 38.255183999082256], [22.106536999999793, 38.265071999082224], [22.111860499999814, 38.26382249908223], [22.133171499999797, 38.2477189990824], [22.14754999999976, 38.229785999082445], [22.14920299999984, 38.21816249908261], [22.175489499999824, 38.200462499082676], [22.189101999999824, 38.20424249908267], [22.2004544999998, 38.199279999082705], [22.216140999999812, 38.18059549908286], [22.231319499999803, 38.178337499082936], [22.236280499999765, 38.18042399908289], [22.269292499999768, 38.170901999082915], [22.295154499999803, 38.174579499082874], [22.318412999999808, 38.17145149908291], [22.33521449999979, 38.17663949908287], [22.352615499999818, 38.150641999083106], [22.364024999999796, 38.14983749908307], [22.372972499999822, 38.14222349908313], [22.381979499999794, 38.14208599908321], [22.39102099999978, 38.13534149908327], [22.415311999999762, 38.130489499083296], [22.427945999999814, 38.13629149908325], [22.45260999999984, 38.130843999083226], [22.490726999999826, 38.13617699908319], [22.506767499999818, 38.12981399908328], [22.521070499999844, 38.118297499083326], [22.5474414999998, 38.104728499083485], [22.571208999999815, 38.102245499083494], [22.580266999999832, 38.09539049908354], [22.609704999999803, 38.08387399908359], [22.640840499999804, 38.07644249908366], [22.66439649999982, 38.06097799908383], [22.724543999999803, 38.03659049908396], [22.740405999999858, 38.019584499084154], [22.77447899999981, 37.99945849908432], [22.785960999999848, 37.97731799908447], [22.798825999999814, 37.96551149908458], [22.839268999999785, 37.94946699908465], [22.856841999999833, 37.93777849908478], [22.873758499999834, 37.933185499084836], [22.88611799999981, 37.93550849908482], [22.897664999999797, 37.93189649908487], [22.91122799999979, 37.93495949908479], [22.92584249999984, 37.94342049908472], [22.937977499999807, 37.93962849908479], [22.948709499999776, 37.9420964990847], [22.958020999999807, 37.95207599908466], [23.00939349999983, 37.91595449908496], [23.01613249999982, 37.89951849908509], [23.008951999999805, 37.890837999085186], [22.99181949999979, 37.8810364990852], [22.999410499999836, 37.85883499908544], [23.008983499999836, 37.845902999085524], [23.016664499999784, 37.84317549908557], [23.033576999999806, 37.847939999085476], [23.045295499999774, 37.84692349908549], [23.06376649999978, 37.839234999085605], [23.09793849999985, 37.84724599908553], [23.11286849999979, 37.84762499908553], [23.140139999999832, 37.83362299908557], [23.144277499999866, 37.82623049908566], [23.1590634999998, 37.817600499085756], [23.16641599999984, 37.808294999085774], [23.17843799999978, 37.80356449908584], [23.17502549999978, 37.790689999085984], [23.1778639999998, 37.776546499086116], [23.14595199999977, 37.75868749908626], [23.131273999999802, 37.75957549908618], [23.132039999999858, 37.76421899908622], [23.126935999999784, 37.7663894990862], [23.11749699999987, 37.755277499086226], [23.118347999999845, 37.74576299908636], [23.128750999999767, 37.73356849908646], [23.11894499999977, 37.733683999086416], [23.11913149999983, 37.73044949908643], [23.140094999999835, 37.72504849908652], [23.15968449999984, 37.714695999086594], [23.175855499999802, 37.71535899908657], [23.173175999999785, 37.70180899908668], [23.150972499999767, 37.67484649908695], [23.16059699999976, 37.663949999087045], [23.17052449999978, 37.642154499087226], [23.158979499999866, 37.62968799908729], [23.156826499999802, 37.62132649908742], [23.166780499999795, 37.61241549908746], [23.17363999999981, 37.61185199908748], [23.200378499999793, 37.5966529990876], [23.263658499999796, 37.57276149908773], [23.27171099999984, 37.55642149908788], [23.285548999999847, 37.548892999088004], [23.30284899999978, 37.54751199908798], [23.31058499999984, 37.53661349908808], [23.316695999999823, 37.53331349908809], [23.339151499999822, 37.53464899908809], [23.365491999999833, 37.55086149908797], [23.354082999999804, 37.57799499908773], [23.326953999999837, 37.606700499087516], [23.305648999999818, 37.61349099908745], [23.31020149999982, 37.61953749908737], [23.321558499999806, 37.62392999908733], [23.323621499999792, 37.6314659990873], [23.3836114999998, 37.6405029990872], [23.401260499999832, 37.63502899908729], [23.412261999999807, 37.6189269990874], [23.414781499999812, 37.61263649908745], [23.40612199999982, 37.59945599908751], [23.40590649999984, 37.594241999087615], [23.390565999999854, 37.579879499087674], [23.385400499999857, 37.56049349908788], [23.379585499999756, 37.55719349908789], [23.36836499999978, 37.55799999908792], [23.373319499999827, 37.55136499908798], [23.38230899999977, 37.54967499908794], [23.387561999999814, 37.54402149908803], [23.417516499999802, 37.53037049908816], [23.41803149999978, 37.52632899908819], [23.40941799999986, 37.5201624990882], [23.38898649999982, 37.51835999908819], [23.39099099999985, 37.50923149908829], [23.4041154999998, 37.50936849908834], [23.4004839999998, 37.51094799908827], [23.438138999999836, 37.50317399908835], [23.476576499999776, 37.48483349908853], [23.478250499999817, 37.47550599908858], [23.497211499999786, 37.47264849908862], [23.520236999999774, 37.45328499908874], [23.5145264999998, 37.44168099908883], [23.521333999999772, 37.43539049908898], [23.49942399999979, 37.424365999089055], [23.449222499999756, 37.413146999089115], [23.42702099999981, 37.41325749908911], [23.40967549999976, 37.403777999089215], [23.388320999999824, 37.411231999089146], [23.338072499999807, 37.4139099990891], [23.327274499999792, 37.407028499089186], [23.3110009999998, 37.40295049908922], [23.30582099999984, 37.39589449908926], [23.297105499999823, 37.3940204990893], [23.28328299999986, 37.398086499089246], [23.27982199999984, 37.40515899908915], [23.26815049999976, 37.406360499089175], [23.246425499999813, 37.38703899908931], [23.26100849999982, 37.384959999089325], [23.230008499999844, 37.38285049908936], [23.224250999999796, 37.37567499908945], [23.231956499999818, 37.363502499089584], [23.243282499999818, 37.36789299908955], [23.25075499999983, 37.364825499089534], [23.244632999999826, 37.35924899908959], [23.247707999999786, 37.35360699908964], [23.265880499999792, 37.356120999089626], [23.27693549999984, 37.349300499089686], [23.276168999999836, 37.346744499089716], [23.26745599999985, 37.34286899908971], [23.2420649999998, 37.34563049908974], [23.19319349999985, 37.341045499089745], [23.18282699999984, 37.33317599908982], [23.178653499999847, 37.32304399908993], [23.198277999999817, 37.306011999090025], [23.198907999999808, 37.29090499909022], [23.181904999999848, 37.29499149909017], [23.174768499999832, 37.28557599909024], [23.142310999999786, 37.30079199909009], [23.136928499999854, 37.31107349909001], [23.156120499999833, 37.31842449908995], [23.149924999999786, 37.326842999089905], [23.14341949999984, 37.32756049908984], [23.138705999999843, 37.317735499089956], [23.127846499999805, 37.31530249908993], [23.113920499999796, 37.32907099908985], [23.122184999999796, 37.33233649908982], [23.12432599999984, 37.341926499089716], [23.110925499999794, 37.350143499089626], [23.065204499999837, 37.35218049908967], [23.074327499999818, 37.365581499089544], [23.073616999999825, 37.37622299908948], [23.063079999999825, 37.39172349908934], [23.07535949999976, 37.39179249908927], [23.087417499999844, 37.38771449908932], [23.099038999999774, 37.39011749908934], [23.111028499999787, 37.39928449908924], [23.113000999999837, 37.40863049908913], [23.109399999999784, 37.41535199908911], [23.111919499999786, 37.42247399908902], [23.130511999999815, 37.409785999089145], [23.135490499999797, 37.409122499089136], [23.141767499999848, 37.41435599908913], [23.131025499999755, 37.420860499089024], [23.131627999999782, 37.43838899908889], [23.122163499999793, 37.44974899908885], [23.10307699999984, 37.453761999088755], [23.056548999999816, 37.450359499088826], [23.047090499999793, 37.45617849908875], [23.046015999999792, 37.4601649990887], [23.054031499999795, 37.465816499088625], [23.04207199999978, 37.480582999088504], [23.003352999999816, 37.459293499088716], [23.003972999999778, 37.46982949908863], [22.99228849999978, 37.48334849908851], [22.986793499999777, 37.503421999088324], [22.98048799999978, 37.51411799908825], [22.976684499999845, 37.517097499088294], [22.936856999999826, 37.52028649908824], [22.934098999999794, 37.52255999908821], [22.938539499999766, 37.52719899908812], [22.92831049999985, 37.535251499088126], [22.89849849999984, 37.53766649908807], [22.919210499999824, 37.53365699908809], [22.928722499999832, 37.5237654990882], [22.898755999999832, 37.53291699908806], [22.86942649999978, 37.52751149908814], [22.857760999999844, 37.51565549908827], [22.847838499999796, 37.51602749908823], [22.82733549999979, 37.529155499088176], [22.820502999999793, 37.52771749908813], [22.81652999999978, 37.53233699908812], [22.82312599999984, 37.53644949908811], [22.821349999999796, 37.54496749908796], [22.811059999999806, 37.54730599908798], [22.79908949999986, 37.56275949908786], [22.801511999999835, 37.573241999087784], [22.790441499999837, 37.584998999087645], [22.78072699999986, 37.58926749908766], [22.766509999999844, 37.589545999087605], [22.747094999999796, 37.58463649908768], [22.725085999999795, 37.57263949908778], [22.717574999999794, 37.56377049908784], [22.723907499999807, 37.541061499088016], [22.738708499999824, 37.518120499088276], [22.739011999999803, 37.51196849908823], [22.72858599999984, 37.49542249908839], [22.727742999999816, 37.4862479990885], [22.74703499999981, 37.46305499908869], [22.74654849999979, 37.4541434990888], [22.75168049999977, 37.43810249908889], [22.76884999999983, 37.424659999089045], [22.765866999999837, 37.41535949908912], [22.757875499999777, 37.40721149908915], [22.753219499999833, 37.39305499908927], [22.760299499999793, 37.387332999089374], [22.774015499999834, 37.38739799908934], [22.779119499999815, 37.37644549908942], [22.796785499999825, 37.3609334990896], [22.808881999999805, 37.33431249908978], [22.820015999999818, 37.32223749908991], [22.82116899999983, 37.31350699908998], [22.834794999999797, 37.29360949909015], [22.839038999999847, 37.27861799909031], [22.85919399999984, 37.271793499090336], [22.863519499999796, 37.26742549909034], [22.854413999999757, 37.261707499090434], [22.854541999999782, 37.255462499090505], [22.85942899999983, 37.24898149909052], [22.876859499999814, 37.24034549909059], [22.892433999999795, 37.216725999090855], [22.8948439999998, 37.20032899909099], [22.902864499999776, 37.19888299909101], [22.908857499999858, 37.193187499090996], [22.89422399999984, 37.14850599909146], [22.892408499999817, 37.13300299909159], [22.89741149999979, 37.11927049909172], [22.918426499999793, 37.10860049909174], [22.92613999999985, 37.10972599909177], [22.93148149999985, 37.11843649909174], [22.943984999999845, 37.11441049909173], [22.954906499999776, 37.11929299909172], [22.960260499999833, 37.11038199909178], [22.957031499999825, 37.10204299909181], [22.962392999999793, 37.09071999909197], [22.98323249999984, 37.08068999909201], [22.984645999999817, 37.07302499909212], [22.978581999999815, 37.06935249909213], [22.972530499999777, 37.07234199909211], [22.967922999999846, 37.070135499092075], [22.9682884999998, 37.066848499092195], [22.98241999999976, 37.047012499092304], [22.990054999999806, 37.04574649909237], [23.002128499999838, 37.02528749909255], [22.999301999999833, 37.01885399909258], [23.00079499999982, 37.00188599909272], [23.00653249999981, 36.98740399909288], [23.005601999999826, 36.98278799909291], [22.99500849999986, 36.9822919990929], [22.99018649999977, 36.97435749909302], [23.004088999999787, 36.9638644990931], [23.01041999999985, 36.951316999093216], [23.016410999999767, 36.94763549909321], [23.013788499999855, 36.93621449909335], [23.03285599999984, 36.90734849909363], [23.038696499999823, 36.884780999093806], [23.050178499999852, 36.865592999094], [23.047000499999807, 36.85209749909411], [23.057948999999834, 36.8411329990942], [23.05534199999978, 36.83768099909424], [23.067775499999843, 36.83261049909423], [23.08280199999978, 36.820502999094415], [23.09044049999976, 36.81893899909444], [23.083961499999795, 36.8072354990945], [23.090364499999783, 36.79536249909463], [23.08976149999981, 36.78593449909476], [23.07906699999983, 36.79049299909466], [23.075728499999826, 36.7874529990947], [23.099880499999863, 36.78325449909471], [23.110904499999826, 36.77400599909482], [23.10896299999986, 36.770572499094804], [23.084279999999858, 36.75995649909493], [23.09161599999986, 36.73714449909514], [23.086452499999844, 36.72901899909525], [23.067653499999786, 36.7351834990952], [23.064050499999833, 36.74325199909515], [23.058084499999854, 36.745437499095125], [23.05043599999984, 36.743152499095096], [23.04615799999982, 36.730071999095266], [23.03525749999985, 36.734031499095174], [23.02785699999984, 36.72883549909527], [23.024139499999833, 36.71261599909538], [23.037427999999846, 36.702922999095485], [23.03337649999983, 36.69240949909557], [23.040047999999825, 36.68743899909568], [23.059714999999848, 36.6905899990956], [23.05419549999977, 36.68600449909565], [23.038772499999805, 36.68624099909567], [23.039249499999833, 36.67674249909572], [23.030244999999805, 36.66983799909577], [23.026090499999786, 36.656734499095926], [23.0312614999998, 36.642593499096016], [23.031926999999797, 36.62742599909619], [23.05662349999985, 36.605365999096435], [23.058761499999825, 36.59839649909644], [23.06742099999982, 36.59059499909656], [23.06762699999981, 36.58529649909661], [23.099668499999815, 36.56427749909685], [23.128566499999778, 36.55812049909682], [23.146783999999776, 36.533065999097055], [23.13940799999984, 36.52573599909717], [23.14163399999981, 36.511958999097295], [23.129090999999836, 36.50168199909741], [23.129577499999854, 36.49607099909745], [23.145114999999794, 36.48532099909752], [23.160731499999788, 36.484420499097524], [23.165795499999835, 36.478439499097625], [23.166379999999787, 36.46580099909776], [23.177902499999792, 36.465879499097774], [23.1947804999998, 36.458808999097805], [23.2015324999998, 36.44974899909787], [23.19679249999983, 36.43466199909803], [23.18919949999979, 36.43775949909797], [23.144836499999844, 36.44073099909796], [23.139684499999802, 36.43745799909798], [23.138166999999832, 36.43054949909808], [23.130847999999816, 36.4275854990981], [23.10610199999984, 36.440952499097996], [23.087014999999848, 36.441898499098], [23.062066999999853, 36.47388849909762], [23.068996999999836, 36.48392399909758], [23.06615049999977, 36.50368499909737], [23.037780999999836, 36.52506999909715], [23.01636699999977, 36.528949499097116], [22.984901499999822, 36.518537499097256], [22.97336949999983, 36.52110649909725], [22.965776499999787, 36.52670499909715], [22.952077999999773, 36.552966999096896], [22.939400499999774, 36.56155499909684], [22.94452499999985, 36.57126249909669], [22.93872999999981, 36.579822499096636], [22.922202999999797, 36.5951234990965], [22.8845194999998, 36.611236499096364], [22.875447499999783, 36.62293449909622], [22.872192499999848, 36.6288529990962], [22.879546999999775, 36.62825399909622], [22.882240499999796, 36.63232799909619], [22.882796999999833, 36.64839549909596], [22.865072499999773, 36.666916499095855], [22.851522499999785, 36.67555599909569], [22.847290999999796, 36.68350049909571], [22.838262499999818, 36.68801099909566], [22.82819599999976, 36.686874499095595], [22.828906999999788, 36.67528149909573], [22.820313999999783, 36.65970299909591], [22.806730499999784, 36.6714819990958], [22.804182999999764, 36.68125149909572], [22.82022099999982, 36.703086999095454], [22.820949499999784, 36.711543999095404], [22.813351499999776, 36.73271949909516], [22.798091999999837, 36.7496949990951], [22.793720499999807, 36.781696499094785], [22.78316499999978, 36.798789999094616], [22.746103499999826, 36.8054619990945], [22.680831999999807, 36.80373749909455], [22.631099499999852, 36.80678949909454], [22.61842899999981, 36.80482099909459], [22.61894399999979, 36.80026649909455], [22.614966999999794, 36.79764199909459], [22.58214349999984, 36.78881849909469], [22.56579399999986, 36.77590199909484], [22.56314449999984, 36.77006549909486], [22.571449499999822, 36.74974799909505], [22.57003799999983, 36.732742499095224], [22.53704249999985, 36.72111899909531], [22.523351499999833, 36.708652499095486], [22.52229899999979, 36.7013009990955], [22.53052899999978, 36.696376999095534], [22.520503999999864, 36.691051499095586], [22.522268499999846, 36.6797749990957], [22.524791999999824, 36.676418499095746], [22.53789699999985, 36.67877199909576], [22.54776749999977, 36.67206949909575], [22.545362999999774, 36.660149999095864], [22.550636499999833, 36.65813049909594], [22.551196999999846, 36.650432499096], [22.54041649999977, 36.647624999095974], [22.532279999999798, 36.66263949909585], [22.51112749999978, 36.669139999095776], [22.49941049999985, 36.659621999095876], [22.500283999999827, 36.65450649909598], [22.514413999999842, 36.63665749909609], [22.525635999999764, 36.62823549909619], [22.528526999999773, 36.616279499096315], [22.509950499999835, 36.602916999096415], [22.494071999999832, 36.61924749909628], [22.481082999999813, 36.61804599909627], [22.47612549999979, 36.613116999096334], [22.473170999999848, 36.59264749909654], [22.478042499999862, 36.580940499096656], [22.476396499999826, 36.57655349909663], [22.482028999999834, 36.554424499096854], [22.472600999999848, 36.52843449909715], [22.491372999999804, 36.50071349909741], [22.502332499999763, 36.495361499097456], [22.503962499999812, 36.486673499097506], [22.502779999999845, 36.46595599909771], [22.498699499999823, 36.45905199909782], [22.50213049999984, 36.44357299909798], [22.494811999999776, 36.436458499097974], [22.48820699999986, 36.437034499098026], [22.483796999999843, 36.43347349909804], [22.48526749999983, 36.42906199909812], [22.496379999999842, 36.424957499098106], [22.496713499999814, 36.41970849909816], [22.491887999999783, 36.41043399909826], [22.494785499999807, 36.403987999098334], [22.483915499999785, 36.38551399909851], [22.48020749999985, 36.397540999098396], [22.469440499999827, 36.406707999098295], [22.471471999999782, 36.430663999098044], [22.456773999999847, 36.44053249909796], [22.458759499999815, 36.45156499909783], [22.420720999999844, 36.463264499097804], [22.40035799999979, 36.48135399909761], [22.39082899999979, 36.46757149909769], [22.36874199999982, 36.477355499097634], [22.348186499999823, 36.51036449909735], [22.347770499999775, 36.52749999909718], [22.355512499999797, 36.524184999097194], [22.36414349999983, 36.53150549909709], [22.390996999999835, 36.54151899909703], [22.3817079999998, 36.5546644990969], [22.386825499999826, 36.57508849909665], [22.376674499999798, 36.576915999096684], [22.37294949999978, 36.58127199909664], [22.373386499999793, 36.58676899909658], [22.38533599999978, 36.58966049909662], [22.38623849999984, 36.59325799909652], [22.375512999999792, 36.59970499909644], [22.364188999999783, 36.60151649909647], [22.364164499999795, 36.610023499096386], [22.37298199999981, 36.61210999909635], [22.37674349999982, 36.616893999096256], [22.366538999999797, 36.621631499096246], [22.363054499999787, 36.638702499096084], [22.381404999999777, 36.63881699909604], [22.382943999999842, 36.64546599909598], [22.36918049999977, 36.65010849909601], [22.36202049999977, 36.6669329990958], [22.36625099999977, 36.67845149909571], [22.38789349999982, 36.68829349909558], [22.388499999999823, 36.69401549909556], [22.379918499999796, 36.69609849909559], [22.36289799999981, 36.69243249909561], [22.348846499999805, 36.69814299909554], [22.334600499999787, 36.72466849909532], [22.333308999999776, 36.73539349909514], [22.324172999999792, 36.74416349909506], [22.296891999999854, 36.80238299909458], [22.296413499999794, 36.81394599909446], [22.282129499999826, 36.82390949909434], [22.27009949999984, 36.83776849909428], [22.25981699999985, 36.84129199909419], [22.25431449999976, 36.85858149909407], [22.245555999999834, 36.86196149909401], [22.23758449999983, 36.88090399909379], [22.22592399999978, 36.89396649909372], [22.211883499999793, 36.89496599909372], [22.203245499999802, 36.90441499909361], [22.19293399999981, 36.902816999093645], [22.180040499999787, 36.88944249909372], [22.168203499999784, 36.890575499093764], [22.131034499999814, 36.910881499093534], [22.127604499999784, 36.91685299909355], [22.132159999999768, 36.928347999093404], [22.141525499999826, 36.928802499093436], [22.145875999999813, 36.93723299909333], [22.14048749999983, 36.96572099909304], [22.154660999999795, 36.99472049909278], [22.152417999999837, 37.01573949909258], [22.141830499999834, 37.0208284990926], [22.07357049999982, 37.02850699909245], [22.0358394999998, 37.02497849909256], [21.976058999999804, 37.006572499092684], [21.932195499999796, 36.983608499092924], [21.92652499999984, 36.967647499093076], [21.92798399999986, 36.96000299909312], [21.93532199999985, 36.95696249909319], [21.931882999999786, 36.94478999909323], [21.934056999999804, 36.92988549909341], [21.924674999999805, 36.90386599909365], [21.922652999999837, 36.88542549909375], [21.92533199999981, 36.87874849909389], [21.92159649999982, 36.865073999093944], [21.92552199999981, 36.84873199909411], [21.931558499999756, 36.840858499094224], [21.93224549999976, 36.822253999094336], [21.9381714999998, 36.808635499094486], [21.967485499999817, 36.79424999909461], [21.95798499999978, 36.792972499094624], [21.93935599999984, 36.78296299909475], [21.931405999999843, 36.7722129990948], [21.934228999999824, 36.760501999094956], [21.93201649999982, 36.75735499909503], [21.90610149999984, 36.745261999095085], [21.879016499999782, 36.72059299909531], [21.871129999999795, 36.72895799909529], [21.870155499999814, 36.73816299909514], [21.862436499999827, 36.75043499909502], [21.846587999999823, 36.75654599909496], [21.842807999999792, 36.76504099909496], [21.829580499999757, 36.77705749909476], [21.823053499999812, 36.790713999094656], [21.82492449999981, 36.801910499094554], [21.822732999999854, 36.80372199909452], [21.808460499999768, 36.807201499094525], [21.770155499999866, 36.79952599909457], [21.76358599999978, 36.79196699909467], [21.750819999999827, 36.79938899909461], [21.729266999999812, 36.79912199909464], [21.71646099999983, 36.81619249909442], [21.704921999999794, 36.81503099909443], [21.696272499999825, 36.835612999094224], [21.691933999999765, 36.83933249909427], [21.69087799999979, 36.85456899909412], [21.683601499999824, 36.865989499094006], [21.680038999999763, 36.88859399909379], [21.689725999999773, 36.90244699909366], [21.69095799999984, 36.91091749909358], [21.70810299999982, 36.92434299909346], [21.709659499999823, 36.943469499093254], [21.70138149999977, 36.94983699909318], [21.68314949999982, 36.95635649909315], [21.65732399999979, 36.950290499093214], [21.653552999999793, 36.95928199909316], [21.658138499999858, 36.965085999093084], [21.658744999999858, 36.97279349909302], [21.64299199999976, 37.000907999092746], [21.635480999999842, 37.00865949909268], [21.618447999999805, 37.015853999092634], [21.59967049999984, 37.04215249909241], [21.576206999999837, 37.061267999092195], [21.57866499999982, 37.08806649909192], [21.56617149999977, 37.16020199909134], [21.581855999999785, 37.199104499090936], [21.599300499999774, 37.21614849909087], [21.64257799999979, 37.24069949909066], [21.64974399999985, 37.25203299909055], [21.67056849999981, 37.258857999090495], [21.682916499999813, 37.2838394990902], [21.692970499999824, 37.295616499090094], [21.698320499999813, 37.31814199908994], [21.69306549999986, 37.346831999089666], [21.660960999999805, 37.41840349908907], [21.63576299999982, 37.459186499088744], [21.609483999999835, 37.49407199908839], [21.56945799999982, 37.536887999088044], [21.5336419999998, 37.56711599908787], [21.445934499999797, 37.61381149908742], [21.41084299999977, 37.641467999087176], [21.377961999999762, 37.65752799908705], [21.355813999999807, 37.66218949908706], [21.32807149999979, 37.661403499087044], [21.319043999999813, 37.65493399908711], [21.318839999999806, 37.641765499087185], [21.311746499999796, 37.632339499087266], [21.304160999999848, 37.6440619990872], [21.310608499999784, 37.663470999087046], [21.305275499999777, 37.67237499908694], [21.320148499999803, 37.704311499086685], [21.308404999999812, 37.726062499086474], [21.309381499999784, 37.73337149908641], [21.30357949999978, 37.75775549908625], [21.29759599999977, 37.76603299908619], [21.2713964999998, 37.78831849908598], [21.235254499999794, 37.80696499908577], [21.187421999999845, 37.82328399908568], [21.11579199999979, 37.84018399908551], [21.106380499999837, 37.848151999085516], [21.108642499999853, 37.86374999908537], [21.1065239999998, 37.87307749908532], [21.12840399999979, 37.93684249908478], [21.142148999999833, 37.94112799908478], [21.1511859999998, 37.93155249908483], [21.164705499999833, 37.92744449908487], [21.18184099999983, 37.92940549908483], [21.197541999999807, 37.935321999084756], [21.235643499999835, 37.96422199908456], [21.255452999999836, 37.97354499908449], [21.284484999999787, 38.00858299908418], [21.305127999999826, 38.027969499084016], [21.332034999999813, 38.07058349908369], [21.342012499999793, 38.10036099908345], [21.35496149999979, 38.10408799908342], [21.366084499999783, 38.12171949908329], [21.368850499999848, 38.14061349908316], [21.363637999999774, 38.168357999082936], [21.36724099999981, 38.18588249908284], [21.37463249999979, 38.19774249908271], [21.370050499999838, 38.21041499908264], [21.3715324999998, 38.218341999082625], [21.379060499999795, 38.212535999082604], [21.389163499999764, 38.21426799908264], [21.40984149999977, 38.19090999908276], [21.42298699999977, 38.18998349908283], [21.436288999999842, 38.19820399908277], [21.45234699999977, 38.19941699908277], [21.477243499999854, 38.182468499082816], [21.486324499999824, 38.180453999082864], [21.530494499999786, 38.15535349908308], [21.545030499999818, 38.158000999083], [21.605222499999844, 38.14289099908318], [21.627319499999842, 38.15481549908306], [21.640798499999818, 38.15587999908303], [21.673705999999797, 38.170085999082914], [21.679785499999838, 38.18283149908285], [21.709905499999838, 38.20597099908268], [21.71801199999982, 38.215728499082594], [21.725673499999843, 38.24353049908234], [21.734945499999807, 38.25115199908229], [21.738567499999817, 38.27102649908218], [21.74648499999979, 38.28037699908208], [21.75910949999976, 38.28454949908205], [21.778976499999818, 38.30762499908192], [21.816650499999824, 38.31826799908182], [21.826156499999787, 38.31639499908184], [21.848048999999826, 38.33653999908165], [21.85415099999978, 38.33800499908172], [21.86760299999983, 38.33604049908172], [21.88934149999983, 38.324233999081756], [21.947309999999817, 38.32806799908177], [21.961870499999836, 38.325236999081774]]], [[[23.4652324999998, 37.508478999088304], [23.458007499999834, 37.50418349908836], [23.462952999999843, 37.497805499088365], [23.455268999999824, 37.49771599908842], [23.45221449999978, 37.501432999088365], [23.453413999999817, 37.505478999088346], [23.42527549999981, 37.52119149908814], [23.425006499999842, 37.52634299908819], [23.44501849999981, 37.52504249908816], [23.47235449999977, 37.5352254990881], [23.47248399999983, 37.552812999087955], [23.482106499999833, 37.56032799908787], [23.48510149999984, 37.55990849908789], [23.480199499999788, 37.551912999087925], [23.484370499999837, 37.540880999088], [23.50493449999983, 37.527448499088166], [23.524533999999864, 37.52259699908817], [23.511319499999843, 37.50798999908833], [23.491525499999792, 37.501058999088336], [23.4652324999998, 37.508478999088304]]], [[[23.363827999999824, 37.68944999908677], [23.35191899999981, 37.68643199908685], [23.340467999999863, 37.672923999086976], [23.325261999999814, 37.67610399908689], [23.32181999999977, 37.68549999908682], [23.341592499999823, 37.71182149908664], [23.346355499999827, 37.71357899908664], [23.36569149999982, 37.71092749908657], [23.37075349999979, 37.7061729990867], [23.37325249999979, 37.69617199908671], [23.363827999999824, 37.68944999908677]]], [[[20.859364999999823, 37.824112499085665], [20.87130499999982, 37.81653649908576], [20.884658499999798, 37.814621499085774], [20.902339499999812, 37.80494349908589], [20.904021999999845, 37.802898999085855], [20.896983999999808, 37.78072049908603], [20.899614999999805, 37.77650899908612], [20.928368999999844, 37.76305449908616], [20.940366499999808, 37.76060899908617], [20.94985949999985, 37.74488099908631], [20.990762999999813, 37.7263279990865], [20.993342499999816, 37.702693499086685], [20.98996249999984, 37.69901199908675], [20.9844369999998, 37.697608999086754], [20.988946499999795, 37.70079449908668], [20.98869699999985, 37.70522249908665], [20.97616899999978, 37.70777249908668], [20.96206999999984, 37.71927299908655], [20.94747399999982, 37.72104549908655], [20.929776999999817, 37.72811649908651], [20.919913999999807, 37.736442999086414], [20.90090499999978, 37.73598149908642], [20.86797699999979, 37.72483099908647], [20.856795999999797, 37.70994599908664], [20.84120149999985, 37.69768199908676], [20.835812999999778, 37.683174499086896], [20.85663749999983, 37.66711499908697], [20.859826499999812, 37.66248749908702], [20.8589664999998, 37.6564259990871], [20.843448999999826, 37.64815999908712], [20.831700999999818, 37.64598499908713], [20.814194999999803, 37.65218049908712], [20.802041499999813, 37.66154549908698], [20.798893499999846, 37.67106499908691], [20.788683499999816, 37.67396799908691], [20.773841499999783, 37.68510299908683], [20.757099999999785, 37.70828699908661], [20.711394999999825, 37.726062999086516], [20.69422299999982, 37.74292049908639], [20.69346199999983, 37.76199799908623], [20.673099499999815, 37.767360999086115], [20.6723564999998, 37.7780674990861], [20.680539999999848, 37.78306599908601], [20.67846849999978, 37.790088999085995], [20.64857899999984, 37.79578449908592], [20.62982349999983, 37.814033999085744], [20.62679249999978, 37.819774999085716], [20.629339499999844, 37.83627399908559], [20.62316499999984, 37.84697599908548], [20.625504999999833, 37.86913599908535], [20.63263099999978, 37.88441899908517], [20.640902999999778, 37.88905399908512], [20.652384499999854, 37.90472299908507], [20.696078999999827, 37.93102699908487], [20.70542699999985, 37.9301534990848], [20.71033549999982, 37.92021499908493], [20.709346499999793, 37.90348499908505], [20.71619399999979, 37.8953404990851], [20.717126999999802, 37.88773799908513], [20.72419149999981, 37.88021149908526], [20.73126949999978, 37.878707499085245], [20.741820999999828, 37.85923449908534], [20.762277499999804, 37.84518499908555], [20.77505649999986, 37.84028999908557], [20.79018349999985, 37.84619949908555], [20.859364999999823, 37.824112499085665]]], [[[23.525298999999833, 37.963621499084546], [23.53070399999985, 37.95662149908467], [23.549558499999787, 37.9542984990846], [23.549716499999807, 37.95184949908468], [23.53765249999985, 37.949961499084694], [23.544034499999793, 37.945894999084715], [23.574940499999805, 37.94596849908467], [23.539586499999817, 37.94094699908472], [23.536063999999783, 37.93314999908484], [23.53753499999981, 37.92342799908492], [23.5303019999998, 37.91362049908498], [23.51184799999978, 37.91251999908496], [23.51691199999982, 37.89993549908512], [23.51305749999985, 37.8952234990851], [23.49858449999979, 37.90173599908504], [23.48983349999977, 37.90102249908507], [23.47760749999982, 37.88886499908521], [23.455970499999783, 37.87735599908525], [23.44449399999976, 37.87523099908531], [23.43454499999983, 37.88507699908516], [23.402787999999827, 37.893762999085155], [23.402913499999823, 37.89795549908509], [23.408229499999845, 37.90128949908505], [23.402711499999803, 37.91129149908501], [23.408994999999855, 37.9176734990849], [23.40593999999986, 37.92639499908481], [23.4076814999998, 37.929802499084815], [23.414582999999823, 37.92582549908486], [23.429196999999824, 37.929277999084846], [23.469037499999857, 37.924184999084844], [23.479131499999795, 37.9409049990847], [23.49685999999983, 37.96029949908459], [23.495539499999822, 37.9629254990846], [23.476268499999787, 37.96166449908454], [23.459921499999837, 37.95217749908465], [23.433724499999798, 37.9558614990846], [23.423037999999774, 37.95148649908466], [23.418438999999836, 37.95815399908463], [23.442391999999835, 37.96370949908452], [23.44971799999981, 37.96822199908457], [23.45071249999985, 37.97250999908448], [23.417104499999816, 37.97857549908447], [23.41853099999981, 37.98373649908442], [23.437522499999808, 37.98547999908444], [23.457866499999803, 37.9775074990845], [23.472493999999855, 37.980261499084435], [23.477622499999818, 37.98599849908444], [23.472797999999784, 37.99587199908435], [23.49031599999981, 38.00235599908423], [23.51778749999979, 37.995516499084324], [23.53156049999984, 37.987169999084365], [23.535548999999797, 37.994737999084315], [23.54304299999982, 37.99629099908428], [23.525298999999833, 37.963621499084546]]], [[[20.61091599999977, 38.40209599908118], [20.628673999999847, 38.325271499081786], [20.627517499999815, 38.31790949908183], [20.6214329999998, 38.31257999908187], [20.59776149999982, 38.30174249908197], [20.610433499999814, 38.29305649908198], [20.61590349999979, 38.275684499082175], [20.62621699999977, 38.2588464990823], [20.63385199999982, 38.25258949908228], [20.64845099999982, 38.25300599908228], [20.66451049999979, 38.26788699908222], [20.665633999999844, 38.275947499082164], [20.6740149999998, 38.2814904990821], [20.67848399999982, 38.28023149908213], [20.680703999999825, 38.27610399908215], [20.67469299999986, 38.269523499082176], [20.67332499999982, 38.261695999082235], [20.691249999999773, 38.26491599908219], [20.69529949999981, 38.262435999082285], [20.71218849999984, 38.224235499082525], [20.717374999999805, 38.22230149908256], [20.754348499999853, 38.182410999082876], [20.769721999999817, 38.15587999908303], [20.782060499999833, 38.14708349908313], [20.792474999999822, 38.130756499083276], [20.81271949999984, 38.11806099908339], [20.814313999999793, 38.1079824990834], [20.80044749999982, 38.0841069990836], [20.797254499999774, 38.068584499083684], [20.78912049999982, 38.05977249908383], [20.76473249999981, 38.06954949908377], [20.740890499999843, 38.06251899908377], [20.702759499999857, 38.06901549908373], [20.689349999999862, 38.08124949908362], [20.669034999999784, 38.09376149908351], [20.658481999999793, 38.096335499083565], [20.6407529999998, 38.11012249908344], [20.618859999999806, 38.11740849908341], [20.600171999999784, 38.11616149908336], [20.588789999999857, 38.10792949908345], [20.576411999999856, 38.10483149908347], [20.56723799999983, 38.0993384990835], [20.566785999999823, 38.08956899908357], [20.552486499999823, 38.093291999083576], [20.533269999999856, 38.10420249908347], [20.513778999999833, 38.1023154990835], [20.5083329999998, 38.1104924990834], [20.48922149999982, 38.12313049908331], [20.49594499999977, 38.13467799908326], [20.47532599999976, 38.15923999908301], [20.48079499999983, 38.17081049908289], [20.468522999999806, 38.19008249908277], [20.47535149999983, 38.19422549908278], [20.480157999999793, 38.190871999082795], [20.5007264999998, 38.165145999082945], [20.506425999999845, 38.16434099908297], [20.51029449999983, 38.16836149908296], [20.499145499999816, 38.179823999082885], [20.490510999999845, 38.197616499082756], [20.48014049999985, 38.20449449908274], [20.472844999999833, 38.22499449908251], [20.45992649999978, 38.244964499082414], [20.450311499999774, 38.278812499082136], [20.44408199999984, 38.280769499082126], [20.429431999999792, 38.27904499908211], [20.421344999999828, 38.267192999082205], [20.430583999999808, 38.256793999082234], [20.429387999999793, 38.24232499908235], [20.439397999999795, 38.22547899908253], [20.438806499999796, 38.16178499908307], [20.413209499999844, 38.16028599908304], [20.391380499999812, 38.155029499083085], [20.386615499999817, 38.14835349908313], [20.381133999999776, 38.15013149908305], [20.375615999999827, 38.164554499083046], [20.359704999999806, 38.17279049908292], [20.34542249999979, 38.17369449908293], [20.33993049999986, 38.17843399908292], [20.33757199999976, 38.189170999082776], [20.357543499999846, 38.223243499082514], [20.35885249999979, 38.230128999082496], [20.354009499999822, 38.25071699908235], [20.358594999999802, 38.26025399908223], [20.3784559999998, 38.264048999082235], [20.387639999999852, 38.2746734990822], [20.3867869999998, 38.293725999082035], [20.39990699999982, 38.329536499081684], [20.397251499999836, 38.34912499908154], [20.40100099999983, 38.35784149908148], [20.407195999999843, 38.349895499081605], [20.4096354999998, 38.33593749908172], [20.422712999999863, 38.352334999081556], [20.44174399999984, 38.357013499081546], [20.442357999999842, 38.33510649908172], [20.44593599999985, 38.32832349908178], [20.45692249999983, 38.32187249908178], [20.468894999999858, 38.3262979990818], [20.47101799999983, 38.31665049908185], [20.477170999999828, 38.30957399908188], [20.489602999999853, 38.31179399908185], [20.532157999999775, 38.34100749908159], [20.54533399999982, 38.35527399908152], [20.547944999999846, 38.36228549908146], [20.54381199999983, 38.37404649908139], [20.526456999999787, 38.38115299908135], [20.5271559999998, 38.38800249908128], [20.53714199999986, 38.38628049908129], [20.5383509999998, 38.377631999081366], [20.546056999999863, 38.380553999081336], [20.549270499999825, 38.3866994990813], [20.539289499999825, 38.41178149908109], [20.544044499999792, 38.425128999081004], [20.535865999999803, 38.43296799908092], [20.54200049999978, 38.44669149908085], [20.542636999999868, 38.45664199908074], [20.53698149999982, 38.46981049908069], [20.542060999999812, 38.47406699908068], [20.561704499999845, 38.47568899908067], [20.5777509999998, 38.46803649908074], [20.583455999999856, 38.4616539990808], [20.58900449999984, 38.430492499080934], [20.598240999999796, 38.41350849908115], [20.596904999999836, 38.40605899908115], [20.61091599999977, 38.40209599908118]]], [[[21.100170499999827, 38.29370699908197], [21.106001499999827, 38.28385749908209], [21.097429499999787, 38.28350249908212], [21.092674499999816, 38.29895199908193], [21.098407999999836, 38.30269049908197], [21.10168099999984, 38.29966199908197], [21.10648949999979, 38.30272499908199], [21.10178199999985, 38.30958399908191], [21.104080499999778, 38.316758999081856], [21.110765999999785, 38.31973449908182], [21.113163499999818, 38.31527899908188], [21.116787999999865, 38.31692199908184], [21.119487999999794, 38.30528099908188], [21.112363999999843, 38.29676249908199], [21.1048149999998, 38.297454999081985], [21.100170499999827, 38.29370699908197]]], [[[21.4378739999998, 38.325546499081796], [21.417840999999786, 38.325477499081785], [21.418163499999824, 38.33262999908173], [21.43165599999984, 38.33142849908172], [21.431396499999778, 38.327304999081726], [21.44538699999979, 38.3312264990817], [21.46580699999986, 38.32027799908185], [21.481839999999853, 38.30719749908191], [21.485065499999838, 38.31190899908188], [21.48259449999984, 38.32310749908181], [21.478524999999838, 38.33523199908171], [21.470615499999813, 38.33933249908166], [21.472348999999802, 38.342540999081635], [21.486297499999807, 38.32768649908176], [21.48677799999986, 38.30179199908198], [21.47786899999983, 38.30218499908197], [21.46955699999981, 38.3108979990819], [21.44960549999987, 38.32205599908177], [21.4378739999998, 38.325546499081796]]], [[[20.6975514999998, 38.453250999080765], [20.692788999999834, 38.449458999080846], [20.70792199999979, 38.43666099908092], [20.685281999999802, 38.393188499081255], [20.674983499999822, 38.38029649908136], [20.6753234999998, 38.36553949908144], [20.683253999999785, 38.36444849908151], [20.687614499999796, 38.369209499081414], [20.701881499999867, 38.37416099908135], [20.720569499999797, 38.365596999081504], [20.71721949999982, 38.371007499081394], [20.701785999999778, 38.38051999908137], [20.702121499999826, 38.38505949908132], [20.706519999999784, 38.38750849908125], [20.718028999999824, 38.38101949908132], [20.723844499999792, 38.385768999081336], [20.71649949999984, 38.39178099908124], [20.735017999999783, 38.38610849908135], [20.75201249999984, 38.369834999081476], [20.74111999999982, 38.363063999081454], [20.748580999999778, 38.35337849908156], [20.74159799999985, 38.34941849908158], [20.74034649999986, 38.34357499908165], [20.74378949999981, 38.32928099908176], [20.76475249999986, 38.32027549908182], [20.723617999999792, 38.30310899908196], [20.7055969999998, 38.307330999081934], [20.694863999999836, 38.31632599908182], [20.689462999999794, 38.32752049908177], [20.685716499999785, 38.349220499081625], [20.675313999999812, 38.35276399908162], [20.666305499999805, 38.362533499081444], [20.667403999999834, 38.37601099908137], [20.64945199999978, 38.40475299908118], [20.642049999999827, 38.42328849908106], [20.64140899999981, 38.43643949908097], [20.628659999999847, 38.44260399908091], [20.615070499999792, 38.46550749908075], [20.61671649999982, 38.47585299908065], [20.623937499999816, 38.4797439990806], [20.641816999999822, 38.46797949908072], [20.646409999999793, 38.46789549908071], [20.652438999999834, 38.478082499080614], [20.653281999999862, 38.48878499908056], [20.64782499999981, 38.498664999080475], [20.65110199999979, 38.50217449908049], [20.658785499999762, 38.50204499908043], [20.675151499999775, 38.492698499080504], [20.67468849999984, 38.48553099908054], [20.67116149999978, 38.481899499080576], [20.671544999999803, 38.45967849908079], [20.681812499999797, 38.454086499080795], [20.68810199999981, 38.45502099908075], [20.688697999999825, 38.46075799908075], [20.6975514999998, 38.453250999080765]]], [[[21.099993499999833, 38.39309849908127], [21.08515449999978, 38.408014499081176], [21.079723999999786, 38.424451499081], [21.081304999999862, 38.43536549908093], [21.106453499999834, 38.41594499908111], [21.103113999999835, 38.4153189990811], [21.106037499999786, 38.39910299908119], [21.10381549999979, 38.3949334990813], [21.099993499999833, 38.39309849908127]]], [[[20.821497499999786, 38.47855149908062], [20.80740949999979, 38.476347999080645], [20.796522999999823, 38.4783259990806], [20.79671899999979, 38.48413249908059], [20.81606299999982, 38.50298249908046], [20.820060499999816, 38.50303399908045], [20.823988499999835, 38.496860499080505], [20.821497499999786, 38.47855149908062]]], [[[20.72128849999978, 38.562211999079985], [20.716512499999762, 38.538821999080206], [20.699544999999805, 38.54597449908016], [20.70480749999984, 38.565807499079995], [20.711192999999806, 38.56831749908002], [20.72128849999978, 38.562211999079985]]], [[[20.932384499999824, 38.603843499079765], [20.93858149999982, 38.60432049907969], [20.938961999999773, 38.599947499079754], [20.927451999999825, 38.58164199907989], [20.911172999999817, 38.56773349908001], [20.907571499999808, 38.55802899908005], [20.902103499999825, 38.55401599908003], [20.905469999999838, 38.54257199908014], [20.89801349999981, 38.542645499080166], [20.89505099999983, 38.5484484990801], [20.89766099999978, 38.567248999079986], [20.91152749999984, 38.57764449907993], [20.932384499999824, 38.603843499079765]]], [[[20.927675499999843, 38.61505499907962], [20.896116499999795, 38.60826499907964], [20.88944049999978, 38.60250799907977], [20.892120499999834, 38.59709549907979], [20.88829799999984, 38.58958799907977], [20.878442499999828, 38.579299999079836], [20.871494499999777, 38.57745349907993], [20.86890999999981, 38.59564599907978], [20.876256999999832, 38.61286149907969], [20.88461499999984, 38.619289499079564], [20.89528099999986, 38.640461499079436], [20.90330299999977, 38.64672849907941], [20.91504849999984, 38.64908999907938], [20.932426499999835, 38.64715149907941], [20.943301999999864, 38.65209599907939], [20.96015349999981, 38.65101249907937], [20.96133999999984, 38.64541999907943], [20.9519499999998, 38.63277049907953], [20.93441599999978, 38.62618649907952], [20.927675499999843, 38.61505499907962]]], [[[20.798200499999798, 38.65032549907938], [20.77319749999978, 38.64056399907939], [20.765911999999783, 38.645989999079426], [20.757768499999763, 38.637706499079506], [20.75612249999982, 38.63040949907949], [20.769143999999862, 38.61366249907962], [20.793086999999833, 38.6028249990797], [20.806676999999844, 38.59016049907981], [20.770890999999818, 38.60789849907969], [20.735021499999803, 38.637523499079464], [20.73995799999978, 38.66767099907922], [20.75499499999979, 38.66405499907927], [20.774873999999855, 38.66898349907927], [20.78164849999985, 38.67842099907918], [20.792791499999808, 38.67391599907923], [20.79240299999982, 38.667800999079226], [20.80378849999977, 38.665847999079205], [20.80849649999984, 38.66798799907924], [20.798200499999798, 38.65032549907938]]], [[[20.71983399999987, 38.793779499078354], [20.722865499999784, 38.77028999907851], [20.71837249999983, 38.76190549907857], [20.72180949999981, 38.75091549907865], [20.732172499999805, 38.740115999078775], [20.732019499999844, 38.73019399907874], [20.728961999999814, 38.723152499078836], [20.710293999999852, 38.70688249907896], [20.706645999999818, 38.69569799907904], [20.699771999999765, 38.691020999079065], [20.697917999999834, 38.68111049907912], [20.70216099999981, 38.67728949907918], [20.707685499999762, 38.6787949990792], [20.71181849999978, 38.68666449907916], [20.70882999999978, 38.69838349907899], [20.713958999999782, 38.704906499078994], [20.723011999999827, 38.69556649907901], [20.724605499999782, 38.68072949907913], [20.72187149999979, 38.67486399907914], [20.71133599999983, 38.67189399907919], [20.723422999999823, 38.64222349907946], [20.721730999999803, 38.626224499079555], [20.714351499999843, 38.62191749907956], [20.707090499999822, 38.62460299907952], [20.700412999999774, 38.638225499079454], [20.694978499999806, 38.639251499079435], [20.69446399999978, 38.62036299907956], [20.688245999999825, 38.61803799907959], [20.684852499999796, 38.60608649907971], [20.672498499999822, 38.60265349907972], [20.65252899999982, 38.60758949907971], [20.64171599999981, 38.59722499907975], [20.64188799999983, 38.59044649907985], [20.64846799999981, 38.58172599907992], [20.640264499999798, 38.57894199907989], [20.632285999999834, 38.58794049907981], [20.63300149999979, 38.60223399907973], [20.616414999999837, 38.601925999079754], [20.606094499999806, 38.61642899907961], [20.607101499999814, 38.628474999079494], [20.59529499999976, 38.63198849907948], [20.571364499999845, 38.589061499079826], [20.54195949999985, 38.56138249908001], [20.548504499999776, 38.571486499079924], [20.542721499999836, 38.587123999079836], [20.54916449999985, 38.5929259990798], [20.55824349999983, 38.628333999079565], [20.559322499999844, 38.65699399907933], [20.5564214999998, 38.680907999079146], [20.57361999999977, 38.705562999078964], [20.586433999999787, 38.747430999078674], [20.60517949999986, 38.78643549907845], [20.622709499999814, 38.79343049907835], [20.630304999999794, 38.80530949907828], [20.631822499999764, 38.814994999078195], [20.646026499999774, 38.83208849907806], [20.655105499999838, 38.835475999078085], [20.673131999999836, 38.832042499078064], [20.68556949999979, 38.851882999077915], [20.69119649999979, 38.85270749907792], [20.695834999999796, 38.85055149907798], [20.681312499999816, 38.83746699907807], [20.68366049999985, 38.83447649907809], [20.709687999999804, 38.83616999907805], [20.719077999999843, 38.820453499078134], [20.721248499999845, 38.809867999078214], [20.726730499999835, 38.806487999078264], [20.71983399999987, 38.793779499078354]]], [[[20.22248099999978, 39.16267499907586], [20.251723999999783, 39.14092199907597], [20.235431499999812, 39.13781849907598], [20.232838999999803, 39.142534499075964], [20.216065999999774, 39.148799499075956], [20.212559499999816, 39.153737999075894], [20.22248099999978, 39.16267499907586]]], [[[23.480641499999763, 39.162627999075795], [23.45976949999978, 39.14175449907601], [23.46475899999979, 39.130016499076014], [23.460817499999806, 39.128084499076046], [23.448071499999827, 39.13009249907608], [23.4437569999998, 39.14165099907598], [23.422463499999758, 39.13789749907602], [23.405169499999786, 39.1490554990759], [23.392436499999814, 39.14667099907599], [23.386702499999842, 39.15706999907586], [23.392674999999826, 39.16289199907579], [23.443930499999766, 39.18164049907572], [23.442179999999794, 39.19584249907564], [23.453520999999792, 39.20051949907561], [23.461527999999802, 39.210910999075494], [23.463314999999774, 39.20737849907554], [23.489207499999846, 39.20134749907556], [23.507167999999798, 39.18901349907563], [23.51466449999985, 39.17438899907574], [23.508954999999865, 39.16142049907582], [23.503659999999808, 39.159859499075914], [23.49703899999981, 39.164822499075825], [23.480641499999763, 39.162627999075795]]], [[[20.14913399999977, 39.19787049907556], [20.142417499999777, 39.19962949907562], [20.12691449999985, 39.227097999075426], [20.125935999999804, 39.2379349990753], [20.12998099999982, 39.24040899907536], [20.136961499999806, 39.24004199907527], [20.1690919999998, 39.22371699907539], [20.17276949999979, 39.21485899907545], [20.187163499999794, 39.20580349907553], [20.188428999999786, 39.20303549907558], [20.18459299999983, 39.200741999075554], [20.18668899999979, 39.196391999075644], [20.200953999999783, 39.19051599907568], [20.20594699999981, 39.17839949907572], [20.17287399999982, 39.182013999075714], [20.161475999999812, 39.18683599907568], [20.14913399999977, 39.19787049907556]]], [[[19.91972949999984, 39.79543199907189], [19.92716649999985, 39.785337999071935], [19.937547999999857, 39.78023399907197], [19.9428694999998, 39.786532999071945], [19.94694799999984, 39.78508699907194], [19.956659499999837, 39.77586999907197], [19.9544529999998, 39.76910949907202], [19.92937899999986, 39.73548749907227], [19.89985649999982, 39.72416899907225], [19.88013349999979, 39.72254999907234], [19.860480999999808, 39.710055999072395], [19.845194999999805, 39.70759599907236], [19.83804349999979, 39.69567049907246], [19.843261999999825, 39.6907069990725], [19.842206999999842, 39.67635549907255], [19.856049499999784, 39.669566499072644], [19.85750449999982, 39.66359349907266], [19.845634999999795, 39.66285599907266], [19.84142149999978, 39.65915949907272], [19.850646999999796, 39.646988499072776], [19.854730499999807, 39.648483499072746], [19.86597449999986, 39.639792499072776], [19.90708749999984, 39.62661999907292], [19.925650999999867, 39.62738099907292], [19.927466499999806, 39.62340499907295], [19.92195549999981, 39.612093499072984], [19.92678849999984, 39.60701249907296], [19.92746999999983, 39.596296499073055], [19.91927649999984, 39.5907339990731], [19.913907499999787, 39.59111999907306], [19.90961699999979, 39.60517599907299], [19.9050849999998, 39.607626499073056], [19.900922999999786, 39.59937549907307], [19.901369499999866, 39.5958084990731], [19.910253999999828, 39.59285999907314], [19.914451999999805, 39.58629449907315], [19.90928099999979, 39.56754549907326], [19.91303349999985, 39.54734299907338], [19.923534499999807, 39.52810549907347], [19.923587999999796, 39.5049539990736], [19.92948949999985, 39.48480849907372], [19.93575699999982, 39.47557349907385], [19.96920599999984, 39.4606874990739], [19.989455999999784, 39.46072349907387], [20.00159299999983, 39.456900499073946], [20.01027699999981, 39.437151499074105], [20.017980999999796, 39.433390499074065], [20.05514299999981, 39.44393949907403], [20.06836699999982, 39.45570699907396], [20.095543499999817, 39.42238499907418], [20.098652499999837, 39.40497449907429], [20.10667849999982, 39.392736999074344], [20.122167999999782, 39.3799539990744], [20.11194449999979, 39.36080799907453], [20.099250999999796, 39.36717099907445], [20.090700499999848, 39.36846049907448], [20.0858049999998, 39.36569449907452], [20.032619999999824, 39.39112299907432], [20.001373999999828, 39.39869549907429], [19.996167499999807, 39.40569999907427], [19.978344499999857, 39.41714299907417], [19.93407299999984, 39.43151349907412], [19.916750499999825, 39.431446999074126], [19.872592999999828, 39.453643999073996], [19.866061499999777, 39.463487999073884], [19.865082499999776, 39.47281199907382], [19.850533999999776, 39.49645649907366], [19.849559999999833, 39.516291499073596], [19.842294999999847, 39.52984499907352], [19.84990499999978, 39.54527949907337], [19.82904399999982, 39.5748469990732], [19.8056939999998, 39.59298149907307], [19.774925999999827, 39.60144849907306], [19.772697999999867, 39.612173499072924], [19.746428499999777, 39.62392299907289], [19.725937999999836, 39.657993999072666], [19.72646549999987, 39.670473499072635], [19.71448749999983, 39.67396049907256], [19.70020399999982, 39.6685299990726], [19.678350999999846, 39.67883549907256], [19.673714999999785, 39.684776499072576], [19.677198999999835, 39.70129249907246], [19.683196999999797, 39.70911899907241], [19.682259499999855, 39.71387099907238], [19.67413399999981, 39.720091499072325], [19.66422099999984, 39.72246849907234], [19.656765499999807, 39.710780499072385], [19.653342499999823, 39.71064799907235], [19.652337499999806, 39.715208499072354], [19.656486999999764, 39.72080849907231], [19.653430499999825, 39.73638699907227], [19.641206999999813, 39.749874499072135], [19.628189499999834, 39.75225949907212], [19.640430999999825, 39.75470199907213], [19.657155499999835, 39.78072399907193], [19.677616499999832, 39.79530599907187], [19.693822999999785, 39.79865849907185], [19.71513749999979, 39.78983399907194], [19.749373999999865, 39.79940399907189], [19.75797099999984, 39.79512649907194], [19.781749999999832, 39.79606249907192], [19.79537949999982, 39.79042799907187], [19.821355499999783, 39.80169499907181], [19.84631099999986, 39.8223954990717], [19.875921499999805, 39.814703499071776], [19.87960649999979, 39.80397299907181], [19.88684499999981, 39.79832349907184], [19.909558499999836, 39.78940449907194], [19.91660999999984, 39.79092999907193], [19.91972949999984, 39.79543199907189]]], [[[26.310026999999792, 41.709239999062625], [26.330234499999776, 41.71539649906262], [26.36715699999978, 41.709541999062665], [26.381725999999784, 41.69352999906269], [26.39319799999978, 41.68910449906273], [26.425493499999757, 41.68153949906273], [26.443077499999823, 41.68602899906273], [26.468674499999775, 41.670023999062806], [26.486400999999827, 41.67246099906283], [26.49556249999979, 41.66145399906288], [26.488366999999787, 41.65550849906284], [26.489558499999777, 41.65328399906283], [26.529821499999773, 41.621566499063015], [26.568600999999774, 41.61032599906302], [26.591421499999772, 41.61032499906304], [26.600120499999843, 41.60119899906302], [26.594277499999823, 41.58909699906308], [26.598900999999834, 41.57938599906315], [26.590382499999773, 41.561168499063236], [26.60272199999979, 41.54753449906328], [26.593060499999844, 41.535517999063295], [26.59220449999981, 41.5295149990634], [26.605704499999835, 41.49745199906343], [26.60031299999978, 41.48270349906354], [26.613387499999764, 41.46281049906364], [26.612628999999792, 41.42582099906375], [26.62577099999986, 41.42147449906375], [26.63011649999979, 41.41582149906377], [26.630294999999823, 41.40089899906389], [26.634671999999778, 41.39212949906388], [26.63463949999984, 41.372695499063944], [26.63034599999978, 41.364216499064], [26.62843149999982, 41.34553349906411], [26.60597799999981, 41.33207049906419], [26.597049499999848, 41.32267649906421], [26.574701999999817, 41.323349999064234], [26.555918999999843, 41.33704699906415], [26.531946499999822, 41.34220599906414], [26.51748849999986, 41.33195499906412], [26.501016499999782, 41.32847499906415], [26.496427999999817, 41.31484299906419], [26.48851949999979, 41.308183499064235], [26.466910499999837, 41.30372899906428], [26.46704999999984, 41.28661049906434], [26.443449499999787, 41.28246049906435], [26.405641999999826, 41.254726999064495], [26.37523299999981, 41.24901599906449], [26.333630499999828, 41.25883999906443], [26.3188024999998, 41.24757349906451], [26.317861999999785, 41.23662999906451], [26.331306999999782, 41.22812949906456], [26.320170999999785, 41.207519499064674], [26.323912499999825, 41.190904999064784], [26.311162499999774, 41.18098349906475], [26.307921999999795, 41.16876799906484], [26.31206849999977, 41.16161399906483], [26.32892799999976, 41.15373199906489], [26.332702999999825, 41.14711099906493], [26.324679999999827, 41.13747699906498], [26.321925499999818, 41.12533949906505], [26.307562499999804, 41.11957499906507], [26.305255499999795, 41.111029999065074], [26.3110854999998, 41.108850499065056], [26.330367999999808, 41.11100349906512], [26.334050999999803, 41.107469999065145], [26.33231399999979, 41.09806249906512], [26.31362449999983, 41.0848474990652], [26.313490499999837, 41.07374799906524], [26.32997299999981, 41.05311199906535], [26.32942949999978, 41.04312899906539], [26.339432999999786, 41.039824499065375], [26.346174499999794, 41.031328999065494], [26.363021999999773, 41.025176499065466], [26.367792999999818, 41.02005999906556], [26.36430749999982, 41.01046449906552], [26.352443999999842, 40.99597149906565], [26.34655649999978, 40.99184249906563], [26.331475999999824, 40.99055149906565], [26.325783999999782, 40.98298599906562], [26.327496499999803, 40.9775519990657], [26.355204999999845, 40.9566409990658], [26.359038999999818, 40.947176499065854], [26.34840199999981, 40.94319899906584], [26.327716499999806, 40.943842999065836], [26.30569599999983, 40.9289734990659], [26.28701349999982, 40.930524499065875], [26.286279999999785, 40.92237399906594], [26.30088749999978, 40.90392599906605], [26.29174249999985, 40.8939074990661], [26.274659999999802, 40.894141499066095], [26.263546999999832, 40.90375349906607], [26.26324099999983, 40.91442299906598], [26.25398049999984, 40.90464449906599], [26.249783999999817, 40.88174499906613], [26.23330599999977, 40.884718499066125], [26.231135499999773, 40.881671999066135], [26.234998499999833, 40.874638999066185], [26.23293799999978, 40.87322749906621], [26.228638499999764, 40.88190949906616], [26.22998499999979, 40.89022699906606], [26.22387049999978, 40.890464499066084], [26.22148699999983, 40.88421799906611], [26.223413999999753, 40.86584449906624], [26.20883249999978, 40.86634599906618], [26.2059504999998, 40.86367549906621], [26.205087499999813, 40.84813149906635], [26.216704499999818, 40.84633949906631], [26.218857999999827, 40.836453499066394], [26.206419999999827, 40.83097049906634], [26.20058849999979, 40.82228149906645], [26.186476999999797, 40.82091749906647], [26.155123499999792, 40.80838199906647], [26.128096999999777, 40.77219499906665], [26.129362499999853, 40.75497199906669], [26.125257999999793, 40.744135999066785], [26.114684999999835, 40.73951999906679], [26.075900499999783, 40.727616499066855], [26.03275799999983, 40.730256999066825], [26.028143999999813, 40.73723699906683], [26.035883999999843, 40.74593899906674], [26.0323034999998, 40.75255549906677], [26.037963999999818, 40.768156999066704], [26.024249999999757, 40.794869499066536], [26.00587049999986, 40.79333749906654], [26.002193999999783, 40.79647049906658], [25.997850499999842, 40.8123574990665], [25.98969049999979, 40.81938149906642], [25.975334499999818, 40.83070749906635], [25.945872999999857, 40.8421504990663], [25.91199049999985, 40.84771799906632], [25.88017649999985, 40.84002399906632], [25.814282499999837, 40.851057999066256], [25.707240499999788, 40.84803749906627], [25.62818849999981, 40.8640984990662], [25.58859549999982, 40.86878699906617], [25.564758999999782, 40.85952549906622], [25.552467999999788, 40.858921499066255], [25.507983499999817, 40.873085999066205], [25.50736899999978, 40.880058999066165], [25.454622499999843, 40.89775849906603], [25.379367999999833, 40.909743999066016], [25.360589999999828, 40.9353524990659], [25.33946399999979, 40.94113499906587], [25.313780999999825, 40.94494349906586], [25.298629999999804, 40.94306549906581], [25.291119999999793, 40.94057399906591], [25.286431999999774, 40.93418949906588], [25.271324999999834, 40.932352499065956], [25.269480999999853, 40.92415249906591], [25.26511649999977, 40.92215049906592], [25.257125999999797, 40.92531199906592], [25.257796499999852, 40.93080499906591], [25.24956449999979, 40.93602199906588], [25.2133269999998, 40.941158499065864], [25.17395449999985, 40.94000999906588], [25.16374449999982, 40.949517999065776], [25.128594999999788, 40.95660449906579], [25.125238999999844, 40.96499999906577], [25.138613499999785, 40.97832599906572], [25.140825499999846, 40.98870599906564], [25.138325499999848, 40.993423999065634], [25.128371499999858, 40.99960249906558], [25.09567999999981, 41.00626599906551], [25.059097499999783, 40.999899999065605], [25.02846499999983, 40.976324999065724], [25.002532999999783, 40.96223349906575], [24.996867999999843, 40.95685099906576], [24.99492999999981, 40.942655999065856], [24.988531999999786, 40.93075549906589], [24.965675999999778, 40.93351999906592], [24.93877049999983, 40.92887099906593], [24.90556349999985, 40.92040949906594], [24.877667999999787, 40.90899649906598], [24.824004999999783, 40.86866749906621], [24.806140999999812, 40.84783099906626], [24.79867749999983, 40.845683999066345], [24.765191999999814, 40.859866999066234], [24.714210499999812, 40.85131099906623], [24.690316999999766, 40.85399649906629], [24.687268999999812, 40.85770049906621], [24.703126999999803, 40.85766599906622], [24.695794999999777, 40.865684499066255], [24.66675749999981, 40.87295149906619], [24.627527499999847, 40.85849749906625], [24.609794499999794, 40.88719549906607], [24.58357449999981, 40.907012999066005], [24.56703549999978, 40.92674999906597], [24.56466099999978, 40.93562699906589], [24.551816999999765, 40.952758999065786], [24.54187949999981, 40.95614999906576], [24.508723999999823, 40.9584809990658], [24.50178549999985, 40.95470099906578], [24.473356499999788, 40.95158749906584], [24.46860899999982, 40.949424499065856], [24.467775499999867, 40.94383999906585], [24.462350499999797, 40.9427219990659], [24.444160499999857, 40.94638799906581], [24.42918599999978, 40.94412249906586], [24.416137499999813, 40.930808999065874], [24.409465999999814, 40.93498599906588], [24.394414999999807, 40.93347149906588], [24.391243499999845, 40.9263444990659], [24.381142499999775, 40.91723899906598], [24.37907349999983, 40.909942999066054], [24.345264499999864, 40.90091349906602], [24.336984499999826, 40.89552699906605], [24.330253499999788, 40.882819999066065], [24.32170299999984, 40.88361749906616], [24.316611999999783, 40.87763999906614], [24.31575199999977, 40.86822149906618], [24.332780999999837, 40.86116399906624], [24.335057499999813, 40.85567299906625], [24.33124599999984, 40.84791749906631], [24.32647499999979, 40.846495999066285], [24.316777499999795, 40.85099399906628], [24.31003749999981, 40.8479764990663], [24.30611999999978, 40.84108749906628], [24.306125499999787, 40.82904449906635], [24.315160499999763, 40.823947999066384], [24.332397499999814, 40.83079149906638], [24.339389999999813, 40.82776999906642], [24.338040999999844, 40.82500849906638], [24.28534299999984, 40.81068399906642], [24.237136999999798, 40.78951649906659], [24.22265049999986, 40.78006749906661], [24.19615549999977, 40.77084749906664], [24.144912499999805, 40.73940649906682], [24.084966499999794, 40.72103499906687], [24.067310499999806, 40.71750649906688], [24.049648499999762, 40.71889499906692], [23.98082149999982, 40.73486699906686], [23.91346149999983, 40.75579049906674], [23.872754999999824, 40.7779119990666], [23.85727899999982, 40.77850699906665], [23.845058499999794, 40.783988999066594], [23.83434899999982, 40.78397349906664], [23.785688499999836, 40.77138149906667], [23.76249499999979, 40.75680549906669], [23.743390999999814, 40.758277999066756], [23.733047499999838, 40.75065949906677], [23.700977499999787, 40.70287699906701], [23.69465649999983, 40.68533299906705], [23.69597249999983, 40.66716399906716], [23.742593999999773, 40.65598299906723], [23.750924999999768, 40.64056799906727], [23.768190499999776, 40.62917349906735], [23.776883999999832, 40.61836249906738], [23.784053999999777, 40.5924374990675], [23.804683499999854, 40.58089849906761], [23.818598499999844, 40.5801424990676], [23.83372099999982, 40.55707149906777], [23.852655499999813, 40.560329499067656], [23.87540299999981, 40.55432099906775], [23.882630499999802, 40.55668249906773], [23.883142499999803, 40.56005099906771], [23.894292999999845, 40.5552404990677], [23.89438749999976, 40.54555699906777], [23.918386999999786, 40.53313449906779], [23.907852999999857, 40.524362499067855], [23.89254549999985, 40.51941299906789], [23.83460049999976, 40.518798999067904], [23.82882699999981, 40.516395499067904], [23.824311999999804, 40.508063999067915], [23.820346999999835, 40.48754499906805], [23.827333499999778, 40.45956399906822], [23.83827399999986, 40.44044499906825], [23.84693349999986, 40.43951399906833], [23.851794999999843, 40.427077999068395], [23.870338499999807, 40.40920649906842], [23.8892364999998, 40.39530949906857], [23.907716499999843, 40.39150899906855], [23.930473499999827, 40.381267499068635], [23.976926999999815, 40.37821599906868], [23.99588599999979, 40.38190099906865], [24.01163099999976, 40.39051449906852], [23.998265999999806, 40.415054999068424], [23.994437999999793, 40.43821699906831], [24.00301349999977, 40.44914649906822], [24.0078819999998, 40.44838999906825], [24.01192699999982, 40.44599599906823], [24.011299499999776, 40.44107049906831], [24.0215394999998, 40.43277349906833], [24.02185149999977, 40.42279049906839], [24.034972999999734, 40.398299999068534], [24.044017999999745, 40.39706399906852], [24.067231999999795, 40.36747749906868], [24.075889499999807, 40.36481449906871], [24.095922499999734, 40.36581799906869], [24.101871499999817, 40.3608659990687], [24.11055349999981, 40.3596229990687], [24.12592399999979, 40.36149899906876], [24.139720999999785, 40.35321399906878], [24.15303599999977, 40.357005999068726], [24.183847499999786, 40.34862899906879], [24.193338999999796, 40.340396999068865], [24.18758599999976, 40.328731499068894], [24.19413399999976, 40.320422999068946], [24.21237949999976, 40.31527349906896], [24.213961499999826, 40.31782199906896], [24.227454999999754, 40.3183709990689], [24.24757599999977, 40.30947499906903], [24.25348449999979, 40.29570399906902], [24.265822499999764, 40.28772149906912], [24.26639049999978, 40.27971249906918], [24.277374499999816, 40.26795599906924], [24.279958499999747, 40.255626499069315], [24.286370999999807, 40.246616499069326], [24.330514999999753, 40.22154999906943], [24.347508999999768, 40.20376599906952], [24.37377949999976, 40.19295899906961], [24.38637099999975, 40.18014899906965], [24.39645749999978, 40.16143049906978], [24.400302999999813, 40.140155999069904], [24.394834499999785, 40.136760499069915], [24.360109499999798, 40.12938699906995], [24.355577499999807, 40.12589649906991], [24.341472499999817, 40.12621699906997], [24.33202549999977, 40.12004649906999], [24.306434499999774, 40.11289199907002], [24.29134049999976, 40.12643649906992], [24.289167499999735, 40.1457939990699], [24.2808189999998, 40.16133899906975], [24.263189499999783, 40.171447999069734], [24.249940999999787, 40.18423849906968], [24.235904499999787, 40.18588999906962], [24.22321499999976, 40.194301499069574], [24.218972499999747, 40.2025184990696], [24.222715499999733, 40.21750999906949], [24.18650999999973, 40.247333499069306], [24.162681499999728, 40.27981549906916], [24.156224999999758, 40.28371449906916], [24.12143899999978, 40.2894859990691], [24.088056999999797, 40.287276999069114], [24.059247499999778, 40.2950629990691], [24.039703499999806, 40.293457499069056], [24.02175049999976, 40.301788499069], [24.00799949999975, 40.31338099906895], [23.98004699999986, 40.325733499068924], [23.96195599999985, 40.3478164990688], [23.915332999999784, 40.36498099906872], [23.903136999999827, 40.36586399906866], [23.890224499999835, 40.360381999068714], [23.86542849999981, 40.369510499068646], [23.849109499999777, 40.369704499068625], [23.80920999999984, 40.35605649906878], [23.78371249999985, 40.3377339990688], [23.734855499999775, 40.35371399906877], [23.726515499999834, 40.34352649906879], [23.72933949999981, 40.338546999068825], [23.727847999999774, 40.334109999068815], [23.706420999999793, 40.33315299906888], [23.69494799999979, 40.30393999906901], [23.69419849999978, 40.28537749906909], [23.70741649999982, 40.26052099906925], [23.720600999999853, 40.25221449906929], [23.737750999999808, 40.23001499906945], [23.747960499999806, 40.225990499069475], [23.759090999999785, 40.227414499069404], [23.7596149999998, 40.21163949906955], [23.774591499999865, 40.19285599906962], [23.791160499999798, 40.187434999069644], [23.8024499999998, 40.189655499069595], [23.80223649999981, 40.19472099906964], [23.807471999999827, 40.19343949906959], [23.81434249999977, 40.19094849906964], [23.824001499999785, 40.180652499069744], [23.882420999999784, 40.16792299906975], [23.892588499999857, 40.16232699906979], [23.91114849999977, 40.15822249906983], [23.928067999999833, 40.147552499069825], [23.933835999999864, 40.13989249906988], [23.97528599999984, 40.12454799907], [23.9953439999998, 40.109809999070045], [23.981706499999767, 40.10164649907007], [23.979552999999843, 40.083445999070264], [23.982078499999812, 40.07822799907021], [23.99556499999979, 40.07138099907031], [24.007915499999818, 40.05886099907033], [24.00284549999981, 40.0534554990704], [23.98704149999985, 40.04766849907044], [23.985891499999823, 40.04185849907042], [23.99123399999982, 40.03555299907047], [24.017274999999827, 40.036948999070496], [24.021831499999802, 40.01556799907062], [24.0210724999998, 40.008792499070665], [24.01692949999984, 40.0050999990707], [24.00730149999982, 39.99809999907073], [24.000873999999854, 40.000884999070685], [23.988702499999793, 39.989143499070735], [23.986255499999828, 39.98300949907083], [23.995523499999816, 39.976436999070806], [23.994630999999778, 39.969939999070895], [23.966123499999792, 39.96465699907088], [23.976495499999817, 39.95907399907091], [23.992826499999776, 39.95656199907092], [23.99412449999979, 39.95388199907096], [23.9839879999998, 39.947166499070995], [23.960096499999832, 39.94778049907099], [23.950000999999855, 39.94393149907097], [23.947227499999794, 39.93801899907101], [23.934962999999858, 39.939967999071044], [23.91766949999984, 39.94827249907102], [23.918947499999796, 39.95350649907099], [23.92593549999978, 39.959270499070904], [23.92351949999981, 39.965743499070875], [23.917556999999857, 39.971118999070825], [23.915305999999863, 39.97013849907089], [23.91863649999982, 39.96299349907091], [23.906476999999782, 39.95924749907096], [23.90104299999986, 39.96086499907094], [23.902347499999788, 39.98467649907082], [23.888216999999823, 39.993584499070714], [23.872245499999767, 39.996486499070734], [23.866822999999815, 40.0007134990707], [23.866252999999816, 40.00812549907063], [23.859361499999824, 40.013431499070606], [23.846982999999774, 40.016513999070646], [23.836957999999775, 40.02407049907054], [23.827338999999796, 40.02316299907052], [23.825030999999786, 40.014675499070584], [23.828788499999824, 40.00951399907067], [23.8231064999998, 40.00543949907064], [23.82167899999982, 40.014848999070644], [23.811345999999823, 40.02862549907055], [23.809961499999844, 40.03799799907051], [23.812743999999853, 40.04288099907047], [23.78697249999976, 40.064803999070335], [23.79124249999983, 40.08999999907018], [23.773849499999844, 40.09830849907014], [23.773336499999765, 40.11666849907001], [23.757636999999832, 40.131747999069994], [23.746437999999863, 40.1352959990699], [23.73619849999978, 40.144446499069886], [23.72463199999978, 40.167087499069744], [23.714494499999798, 40.177345499069695], [23.699186499999836, 40.1900784990696], [23.68741399999984, 40.1908074990696], [23.67541899999982, 40.2089004990695], [23.652324499999803, 40.22461699906942], [23.61493699999978, 40.22881299906939], [23.584314499999767, 40.22513199906948], [23.56371899999984, 40.233516499069424], [23.524781499999825, 40.23867799906934], [23.495626499999823, 40.25901399906927], [23.473977999999804, 40.260024999069245], [23.43824349999978, 40.270218999069236], [23.428870999999855, 40.27648649906917], [23.400920499999852, 40.279529999069176], [23.387053999999797, 40.273414499069204], [23.348591999999783, 40.23904799906939], [23.331872999999778, 40.21254099906952], [23.330802499999848, 40.2019999990696], [23.334190499999774, 40.19734199906959], [23.32161899999984, 40.196752499069575], [23.314710499999773, 40.219596999069495], [23.293296499999794, 40.23635849906936], [23.25004699999979, 40.24896599906929], [23.200271499999825, 40.25733899906924], [23.173271999999823, 40.27114699906919], [23.14471599999982, 40.273140499069186], [23.124211499999785, 40.28968699906913], [23.103835999999845, 40.298591499069], [23.08414849999981, 40.30149499906906], [23.0202789999998, 40.32395249906891], [23.017756499999813, 40.326617499068874], [23.0191604999998, 40.33582599906887], [23.012995499999793, 40.34592099906884], [22.996489499999825, 40.35471549906875], [22.98525149999983, 40.366853999068695], [22.9572759999998, 40.37218899906865], [22.95135899999979, 40.37884149906865], [22.944397999999822, 40.38068349906863], [22.91975549999979, 40.38124399906864], [22.889767999999833, 40.37510349906865], [22.902828499999817, 40.39781299906849], [22.89042299999985, 40.41007949906843], [22.88260849999978, 40.42562849906835], [22.865056999999823, 40.4329029990683], [22.865751499999817, 40.44557199906824], [22.854844999999802, 40.46629999906819], [22.84657699999978, 40.4711254990681], [22.814305999999796, 40.478568999068095], [22.817724999999804, 40.49463749906799], [22.814265999999773, 40.496141499067996], [22.816337499999843, 40.50193049906797], [22.827426999999812, 40.507186999067926], [22.851299499999808, 40.505625999068], [22.86727499999984, 40.50085649906801], [22.9113009999998, 40.50565649906795], [22.951592999999793, 40.52050049906789], [22.97716149999979, 40.53851699906778], [22.979860499999813, 40.55300149906773], [22.962650499999782, 40.561990999067724], [22.950024499999778, 40.572991499067655], [22.934583499999828, 40.57942249906762], [22.939611499999824, 40.58777699906755], [22.94817599999986, 40.5930234990675], [22.951723499999844, 40.621672999067364], [22.93225449999977, 40.63541949906728], [22.905248499999765, 40.63691299906729], [22.90021299999986, 40.64405799906727], [22.8932154999998, 40.64378749906727], [22.876456999999814, 40.63742749906732], [22.860663999999783, 40.62623749906736], [22.84339399999985, 40.62774349906734], [22.833806999999855, 40.619060499067395], [22.85745799999982, 40.610808999067444], [22.856790499999835, 40.59436199906748], [22.853007999999864, 40.589817999067584], [22.795433999999826, 40.564517499067684], [22.774431499999793, 40.56986999906767], [22.741486999999776, 40.55849649906772], [22.74328049999984, 40.539977999067766], [22.736387999999852, 40.53496399906781], [22.751392499999838, 40.51884849906791], [22.752156999999848, 40.514594999067896], [22.748489999999844, 40.52003499906794], [22.73556499999979, 40.523460499067916], [22.738314499999827, 40.51329999906796], [22.734417999999838, 40.50668199906797], [22.721116999999758, 40.52001549906793], [22.719920999999832, 40.51737949906797], [22.727681999999824, 40.508655499068006], [22.724628499999778, 40.502559499067964], [22.71913149999979, 40.50091149906804], [22.682418999999843, 40.52896499906789], [22.661525499999858, 40.52594349906783], [22.65223649999982, 40.512915999067886], [22.65793149999985, 40.49726499906805], [22.666440999999782, 40.489886999068084], [22.65297649999977, 40.48028299906805], [22.654105499999833, 40.473458999068164], [22.65113749999984, 40.47235699906814], [22.653382499999786, 40.468152499068175], [22.6227494999998, 40.47542349906818], [22.600308499999844, 40.475607999068146], [22.592502499999767, 40.471853499068125], [22.586101999999812, 40.462381999068235], [22.587565999999793, 40.45717749906824], [22.606623999999787, 40.44162999906833], [22.6051094999998, 40.43411799906838], [22.611204499999793, 40.40676049906846], [22.626755499999785, 40.37826399906864], [22.66257149999981, 40.36492449906875], [22.66010899999981, 40.35549299906879], [22.626709499999798, 40.317642499068945], [22.606505499999844, 40.28436949906909], [22.588456999999796, 40.23969649906941], [22.585947499999815, 40.226798999069466], [22.5882444999998, 40.207463999069496], [22.562719499999854, 40.18164049906968], [22.54928449999979, 40.157473499069866], [22.548160499999785, 40.14098949906985], [22.559422499999812, 40.109655499070044], [22.568404999999803, 40.09812099907016], [22.570094499999797, 40.056434999070355], [22.587484499999803, 40.03680749907052], [22.593326499999822, 40.01376349907061], [22.638063499999806, 39.98410799907078], [22.676041999999782, 39.97054699907085], [22.707698999999767, 39.953742999070926], [22.716724999999805, 39.938471499071035], [22.712043999999832, 39.921852999071106], [22.713826499999794, 39.90951649907125], [22.73645749999983, 39.86895749907141], [22.770416499999854, 39.85417399907151], [22.782514999999822, 39.84177149907159], [22.797358499999813, 39.83429599907164], [22.813436499999796, 39.81594249907178], [22.851812999999844, 39.79835149907185], [22.86651949999986, 39.73291849907227], [22.888824999999795, 39.67835649907256], [22.904165999999815, 39.625148999072906], [22.92791499999981, 39.58451099907312], [22.942641999999836, 39.57296649907323], [22.97036649999978, 39.56067349907332], [22.981591499999773, 39.552159499073326], [23.00530099999979, 39.549743999073335], [23.01147599999983, 39.536020999073415], [23.018820999999775, 39.52910099907351], [23.04842249999987, 39.52785299907347], [23.09558299999982, 39.49934499907371], [23.11507699999983, 39.462238999073854], [23.1515879999998, 39.430620999074094], [23.167148499999776, 39.412025999074245], [23.192841999999814, 39.39470649907432], [23.206989999999806, 39.36450899907449], [23.213359999999817, 39.36294449907455], [23.221248499999792, 39.353153499074615], [23.240369499999847, 39.339546999074656], [23.25449049999983, 39.33566399907475], [23.274055499999847, 39.31476399907481], [23.27516749999984, 39.29595199907494], [23.284492499999832, 39.289584999074954], [23.2830504999998, 39.27527599907504], [23.31741149999979, 39.24579999907533], [23.317657499999804, 39.2360949990754], [23.33192449999978, 39.225390999075415], [23.333068999999792, 39.210548499075514], [23.35147649999979, 39.18777449907562], [23.34539399999976, 39.17419799907575], [23.32420649999979, 39.15193749907587], [23.300567499999833, 39.14022499907595], [23.272893999999848, 39.14094149907598], [23.24792649999984, 39.12640399907609], [23.22371099999979, 39.12914649907606], [23.212360499999804, 39.126601999076044], [23.205532499999826, 39.11738199907611], [23.22525199999984, 39.11189249907615], [23.21814299999979, 39.10729099907622], [23.202343499999845, 39.1027089990762], [23.173381499999827, 39.10239399907625], [23.162721499999773, 39.09876999907627], [23.158880499999846, 39.09353799907632], [23.13166249999979, 39.09414299907627], [23.122131499999814, 39.08411049907633], [23.104682999999756, 39.088336999076326], [23.072484999999777, 39.08510199907639], [23.070113999999798, 39.09189599907627], [23.050378999999833, 39.09592449907631], [23.053791499999836, 39.10432399907622], [23.064631499999766, 39.11615199907613], [23.06932049999978, 39.13991549907601], [23.081216999999818, 39.1463489990759], [23.09194349999978, 39.14580149907599], [23.1062699999998, 39.153182999075895], [23.108390499999835, 39.14447799907591], [23.116737999999767, 39.135494499076], [23.116552499999784, 39.129001499076054], [23.098346499999764, 39.11121649907618], [23.09553749999979, 39.103204499076256], [23.096315499999854, 39.097516999076255], [23.107675499999825, 39.100036499076246], [23.14167599999982, 39.12136849907614], [23.15588549999984, 39.119212999076154], [23.156545499999826, 39.12166999907612], [23.14741699999984, 39.129485999076], [23.150691999999825, 39.132220999076054], [23.169292499999806, 39.125041999076124], [23.17742549999985, 39.127559499076035], [23.17404149999981, 39.14912399907589], [23.177776499999762, 39.15581899907593], [23.190517499999775, 39.15802349907589], [23.19324249999982, 39.15002899907589], [23.20048649999985, 39.1452519990759], [23.206151999999836, 39.144088499075934], [23.21230449999979, 39.14777199907594], [23.211362999999785, 39.15845499907587], [23.218404999999798, 39.165961999075854], [23.221954499999853, 39.17613249907575], [23.217702999999798, 39.18844249907564], [23.191779499999832, 39.20607649907556], [23.178114999999785, 39.23393499907539], [23.18154499999982, 39.24900799907527], [23.168816499999767, 39.26172849907519], [23.16336449999977, 39.27289949907507], [23.141666499999836, 39.29064549907494], [23.127080999999798, 39.29569999907497], [23.121259499999777, 39.304763999074886], [23.07554599999982, 39.31526949907488], [23.057719999999804, 39.311404999074895], [23.02001399999981, 39.31638349907485], [23.015325499999836, 39.319812999074806], [23.01312049999983, 39.3349839990747], [22.993482499999807, 39.35039899907463], [22.96978549999985, 39.34775149907462], [22.939526499999808, 39.361385499074544], [22.93158549999984, 39.359927999074564], [22.928258999999763, 39.348937999074636], [22.941312999999834, 39.346587999074636], [22.943511999999792, 39.34279999907467], [22.925113499999828, 39.32001449907478], [22.937744499999802, 39.31219099907481], [22.94430399999986, 39.30023949907492], [22.935296999999803, 39.29489499907498], [22.9064769999998, 39.29408099907495], [22.8961084999998, 39.28746799907505], [22.87142349999981, 39.29068349907498], [22.862563999999786, 39.28605649907506], [22.82111949999982, 39.2765539990751], [22.816400499999816, 39.265178499075155], [22.814716499999836, 39.24758899907529], [22.822810999999803, 39.20723349907554], [22.83196849999979, 39.188617499075626], [22.845178499999797, 39.1713944990758], [22.850267499999774, 39.154559999075865], [22.864835499999792, 39.15396099907586], [22.867673999999816, 39.1618839990758], [22.877141999999825, 39.168945499075775], [22.871249999999844, 39.18384899907574], [22.884708499999803, 39.1902734990756], [22.890491499999833, 39.18924699907568], [22.88815749999981, 39.169387999075795], [22.893842499999806, 39.166713499075776], [22.899055499999832, 39.17021149907582], [22.907000999999816, 39.163286499075824], [22.912895999999787, 39.1524294990759], [22.91293149999979, 39.132877499076024], [22.922567499999847, 39.11341499907617], [22.929927999999833, 39.109748999076174], [22.941165499999798, 39.11338449907613], [22.932954499999784, 39.1278349990761], [22.936442499999814, 39.12874549907611], [22.946606999999812, 39.12155899907609], [22.958801999999768, 39.120071999076075], [22.979705999999823, 39.10091399907619], [22.98112299999983, 39.097835499076226], [22.976434499999854, 39.0882989990763], [22.9823549999998, 39.07899849907635], [22.99543349999976, 39.068174999076426], [22.99106199999982, 39.03649899907669], [22.961583999999828, 39.033374999076685], [22.95823299999985, 39.011058999076845], [22.961269499999823, 39.00722899907687], [22.969596999999798, 39.00667199907688], [22.974895499999793, 39.014560499076815], [22.997242999999823, 39.01832849907681], [23.036578999999858, 39.037711999076684], [23.064230499999805, 39.03819949907669], [23.066335499999802, 39.03383599907673], [23.060775999999795, 39.02313999907679], [23.052955499999758, 39.0183564990768], [23.026576999999804, 39.01553399907679], [23.01681699999979, 39.00127049907694], [23.01046949999978, 38.976073999077066], [22.99682799999977, 38.96921599907714], [22.996148999999814, 38.95658499907725], [22.99051099999979, 38.94419099907724], [22.972944499999837, 38.95252599907727], [22.96363999999976, 38.9518394990773], [22.948539499999832, 38.9428314990773], [22.936505999999824, 38.94467549907727], [22.932393999999857, 38.938476499077346], [22.94064349999977, 38.93107199907741], [22.93991649999984, 38.92816099907745], [22.91291399999985, 38.92076849907743], [22.874660499999855, 38.92256149907745], [22.85658849999982, 38.92687199907747], [22.837993499999854, 38.910930499077516], [22.837981999999794, 38.898044499077585], [22.84041499999984, 38.89581549907765], [22.831437999999768, 38.889121999077645], [22.80397399999979, 38.884645499077756], [22.785733999999803, 38.8767244990778], [22.775794999999807, 38.8810539990777], [22.75540349999979, 38.869701499077806], [22.74939749999979, 38.87009449907782], [22.724353999999803, 38.87541949907775], [22.7097109999998, 38.8880919990777], [22.702142999999786, 38.886214999077666], [22.694814499999783, 38.87740349907776], [22.672456999999813, 38.882167999077765], [22.66137699999983, 38.887790499077724], [22.646926999999806, 38.90396149907755], [22.620179999999824, 38.911819499077524], [22.610053999999813, 38.91114049907748], [22.57577299999979, 38.8894499990777], [22.546786999999828, 38.88191249907778], [22.549077999999845, 38.87622049907777], [22.556035999999835, 38.87634249907774], [22.55824849999976, 38.87349299907779], [22.536819499999783, 38.85910799907792], [22.527524999999827, 38.85890949907793], [22.53835699999981, 38.85583099907788], [22.56406349999985, 38.86742999907782], [22.579042499999858, 38.86682899907784], [22.566093999999815, 38.85969549907786], [22.552598999999848, 38.84297549907797], [22.554265999999846, 38.83359899907806], [22.56981299999986, 38.83828699907805], [22.575647499999796, 38.835277499078], [22.57681449999981, 38.82420749907813], [22.587901999999797, 38.82579849907814], [22.595872999999845, 38.837161999078056], [22.5923289999998, 38.84312449907795], [22.594932499999832, 38.84289149907804], [22.60029199999981, 38.840396999078], [22.598741499999864, 38.82944499907812], [22.606105999999826, 38.82117449907812], [22.630796499999832, 38.837646499078076], [22.640094499999808, 38.831222999078115], [22.658866999999805, 38.83287449907806], [22.684249999999818, 38.840415999078054], [22.697763499999798, 38.852523999077924], [22.698951999999817, 38.84271599907801], [22.70889849999981, 38.82951749907816], [22.726162999999826, 38.82215549907818], [22.744432499999856, 38.805843499078314], [22.759719999999803, 38.78471349907845], [22.76662849999979, 38.78058999907844], [22.776958499999804, 38.77722949907852], [22.79028899999983, 38.78380199907845], [22.807119499999818, 38.78086849907849], [22.8246669999998, 38.78790599907843], [22.837430999999853, 38.774798999078506], [22.86615949999983, 38.75444799907861], [22.875808499999806, 38.75872799907859], [22.88055799999985, 38.7669104990785], [22.8921109999998, 38.77433799907846], [22.902585999999822, 38.77597049907843], [22.920432999999804, 38.769906499078466], [22.93574949999985, 38.75506599907859], [22.96740349999985, 38.74527349907869], [23.01736649999978, 38.74845199907868], [23.034621999999846, 38.75635499907864], [23.048972999999854, 38.73635099907877], [23.06449499999984, 38.72283149907882], [23.066947999999762, 38.713001499078956], [23.06047249999982, 38.69775849907907], [23.065730999999786, 38.6790009990792], [23.097444499999835, 38.644405499079426], [23.085813499999816, 38.65331649907938], [23.085723999999786, 38.641391999079424], [23.09919349999986, 38.634197499079455], [23.108244499999827, 38.63770299907947], [23.100478999999815, 38.64390549907946], [23.101937999999834, 38.64762849907935], [23.123288999999836, 38.64494349907944], [23.102752499999816, 38.63329699907947], [23.101846499999816, 38.6275784990795], [23.107677499999813, 38.624801499079524], [23.13097399999985, 38.63286949907955], [23.135593499999796, 38.643401999079444], [23.14334099999983, 38.646224999079415], [23.189845999999815, 38.64926149907935], [23.191972499999814, 38.65692499907932], [23.169467999999764, 38.668662999079224], [23.166458499999795, 38.67300399907917], [23.16942399999976, 38.676044499079204], [23.188998999999807, 38.6787014990792], [23.20052049999982, 38.678058999079155], [23.23166499999977, 38.6542399990793], [23.254516499999845, 38.64364249907945], [23.263801499999815, 38.645080499079405], [23.267940499999796, 38.64910899907936], [23.281797499999776, 38.64931499907934], [23.311536999999827, 38.64238549907945], [23.321071499999835, 38.63822949907943], [23.331192499999787, 38.626785499079524], [23.33756449999979, 38.61816399907963], [23.340513499999805, 38.6050224990797], [23.323190499999836, 38.59245499907982], [23.306548999999766, 38.58873349907977], [23.30191999999983, 38.58024199907988], [23.28846999999986, 38.570732499079966], [23.286465999999788, 38.56235799908], [23.296520499999833, 38.56784449907997], [23.315430499999835, 38.56995799907994], [23.31803799999984, 38.557582999080005], [23.331681999999788, 38.54295949908011], [23.331184499999836, 38.53705849908023], [23.33461749999984, 38.533771499080245], [23.3461704999998, 38.53861649908016], [23.354537999999792, 38.537521499080164], [23.37789149999984, 38.52714199908023], [23.371350499999803, 38.521426999080276], [23.339969999999774, 38.51915099908034], [23.32692149999981, 38.50576799908043], [23.3312559999998, 38.49793349908045], [23.339862499999853, 38.49756099908045], [23.368299499999782, 38.51070399908041], [23.386007499999806, 38.507850499080405], [23.4039189999998, 38.5099104990804], [23.411632999999814, 38.49843249908053], [23.428203999999816, 38.49658949908045], [23.4460369999998, 38.50033749908048], [23.46339599999982, 38.499850999080465], [23.477637999999857, 38.48609899908055], [23.498487499999843, 38.48513799908056], [23.51331899999981, 38.4799404990806], [23.52239499999981, 38.48553299908055], [23.52260349999983, 38.49158799908056], [23.53577799999983, 38.5025749990805], [23.54019649999984, 38.51028999908035], [23.55092999999976, 38.507491499080366], [23.577612499999823, 38.482196999080585], [23.588590499999807, 38.47573849908067], [23.589181999999806, 38.46232999908077], [23.575893499999786, 38.4626424990807], [23.57072649999984, 38.45767149908073], [23.569975499999785, 38.44660599908089], [23.597923499999837, 38.44175649908086], [23.601433999999777, 38.42841699908099], [23.59667699999982, 38.41877299908104], [23.61507599999982, 38.41723599908107], [23.62967549999978, 38.40895699908109], [23.627097999999773, 38.394260499081206], [23.630916499999792, 38.37716699908136], [23.63734649999979, 38.37417599908144], [23.641725499999822, 38.364501999081504], [23.656530499999818, 38.35108199908154], [23.67777999999986, 38.33965299908163], [23.69163899999983, 38.34028299908161], [23.71085149999982, 38.33515149908172], [23.726213999999846, 38.338378999081655], [23.740417499999808, 38.334701499081696], [23.773936999999798, 38.33736049908168], [23.782155999999855, 38.324542999081736], [23.787556999999804, 38.32149099908183], [23.80828699999985, 38.32516899908174], [23.835931999999794, 38.312167999081815], [23.868450499999827, 38.308089999081936], [23.893428999999767, 38.29481499908198], [23.906877499999794, 38.29850049908198], [23.9534009999998, 38.284869999082105], [24.030784999999785, 38.2214794990826], [24.04812449999979, 38.212609499082646], [24.05210999999977, 38.20666299908264], [24.072450999999784, 38.1998884990827], [24.073677999999788, 38.19163099908281], [24.064095999999846, 38.19081349908276], [24.05888249999978, 38.18103249908287], [24.06568649999982, 38.17084049908297], [24.076061999999773, 38.16922299908292], [24.079524999999776, 38.16165199908297], [24.06959749999985, 38.16300099908304], [24.061744999999835, 38.159508999083066], [24.055475999999828, 38.14174849908317], [24.033556999999814, 38.141258499083136], [24.009330499999837, 38.13080899908327], [23.98681199999978, 38.114899499083386], [23.98060099999978, 38.104111499083416], [23.983737499999766, 38.08805949908356], [23.999169499999777, 38.06653799908376], [23.997426499999797, 38.05300549908381], [24.00239899999982, 38.04218499908398], [24.000992499999793, 38.036714499084006], [24.031055499999788, 37.992854999084315], [24.014215499999814, 37.986530499084395], [24.009431999999798, 37.980674499084415], [24.006458499999795, 37.965114499084585], [24.016915499999836, 37.94099749908472], [24.006165499999803, 37.92710899908491], [24.012285999999865, 37.92327849908491], [24.03190699999981, 37.92109599908492], [24.045132499999767, 37.90373049908503], [24.04284399999978, 37.89525049908512], [24.0241779999998, 37.89102499908512], [24.017792499999835, 37.8927659990851], [24.010117999999803, 37.88748699908516], [24.02421649999979, 37.87052799908532], [24.036164499999824, 37.868685499085316], [24.03659949999985, 37.87418749908532], [24.044666499999845, 37.87483999908529], [24.045847499999773, 37.86842149908532], [24.042812499999833, 37.8638609990854], [24.057734499999828, 37.85705949908545], [24.04721299999978, 37.82158449908568], [24.080633499999838, 37.799306499085894], [24.085395999999808, 37.792264499085945], [24.08079549999983, 37.76642399908613], [24.07326549999976, 37.75673849908623], [24.076786999999808, 37.751624499086255], [24.07637799999981, 37.743657499086346], [24.064558499999833, 37.742852999086395], [24.053146999999775, 37.73217899908642], [24.05292549999983, 37.72639999908652], [24.061123999999786, 37.717818999086504], [24.06385249999977, 37.70461049908665], [24.063320499999808, 37.6968589990867], [24.056942499999753, 37.69511599908675], [24.072557999999844, 37.6857884990868], [24.06628599999977, 37.67711849908689], [24.04192949999978, 37.667756499086934], [24.031717999999803, 37.651913499087065], [24.0121939999998, 37.65493149908708], [23.997732499999803, 37.66151199908705], [23.947490499999795, 37.66874299908701], [23.938745499999825, 37.67509449908695], [23.936174499999822, 37.7062074990867], [23.945496999999783, 37.71588199908657], [23.945285999999825, 37.72161449908655], [23.934298999999807, 37.725310999086474], [23.922380499999807, 37.71570599908657], [23.909727499999786, 37.7202504990865], [23.90353549999985, 37.73310649908643], [23.901515499999782, 37.773383999086136], [23.8702084999998, 37.79506649908595], [23.868922999999842, 37.80016699908587], [23.848539499999866, 37.806176999085785], [23.842395999999855, 37.81446449908576], [23.83407249999977, 37.815128499085716], [23.833162499999794, 37.81032199908579], [23.82632049999981, 37.809837499085766], [23.814841999999803, 37.820407999085695], [23.803311999999796, 37.81880549908573], [23.798288499999817, 37.80338299908583], [23.788665999999814, 37.79691149908591], [23.780696999999844, 37.8124349990858], [23.775182999999778, 37.812057499085846], [23.773277499999857, 37.80483399908587], [23.76926449999982, 37.81373949908583], [23.756242999999778, 37.81313649908576], [23.75798049999983, 37.81655499908578], [23.768430499999827, 37.819370499085736], [23.76925099999977, 37.83386599908559], [23.741685999999785, 37.851604499085525], [23.742774999999824, 37.85577749908543], [23.749019499999847, 37.85603699908541], [23.74993899999981, 37.85916499908537], [23.724628499999845, 37.87610599908521], [23.7242189999998, 37.88707499908518], [23.71781649999977, 37.89160149908511], [23.7188699999998, 37.90330449908503], [23.714132499999774, 37.90888999908503], [23.704010999999785, 37.914579499085], [23.702295499999767, 37.91216649908492], [23.700509999999827, 37.91722099908495], [23.680763999999847, 37.92940799908487], [23.678491999999796, 37.93467599908477], [23.684072499999854, 37.92839399908483], [23.688726999999762, 37.93544399908481], [23.682129999999802, 37.942365499084744], [23.674141499999813, 37.94369049908476], [23.66960549999985, 37.93718549908475], [23.656719499999824, 37.93544499908481], [23.64750749999985, 37.938698499084765], [23.646782999999772, 37.931936999084826], [23.653039499999803, 37.93226899908477], [23.633079499999788, 37.9265119990849], [23.621274499999767, 37.93656849908475], [23.64013149999983, 37.93998099908473], [23.64328199999982, 37.94367549908468], [23.64175199999979, 37.948583499084656], [23.636916499999828, 37.94879649908469], [23.633118999999766, 37.941489999084695], [23.62395399999978, 37.94197049908475], [23.60742749999981, 37.94745699908472], [23.60521799999978, 37.949792499084666], [23.61225349999979, 37.956604499084605], [23.603130999999767, 37.95877549908463], [23.605826999999813, 37.961091499084574], [23.5971254999998, 37.958277999084586], [23.595848999999795, 37.9515964990847], [23.589902499999823, 37.95188599908467], [23.577562999999813, 37.96125149908457], [23.561946999999773, 37.961391499084606], [23.55516749999981, 37.96446249908457], [23.55308349999986, 37.9800129990844], [23.571394499999773, 37.993224499084334], [23.56355249999983, 37.9988944990843], [23.584375999999796, 37.99676499908433], [23.59737699999983, 38.00969949908418], [23.592216999999835, 38.01235549908417], [23.5984714999998, 38.017131999084114], [23.59746149999981, 38.02885149908408], [23.57424449999977, 38.045320999083906], [23.5674294999998, 38.04616799908389], [23.565516499999795, 38.03716399908397], [23.558342499999785, 38.04069249908396], [23.54790049999983, 38.033694999084034], [23.52147899999978, 38.04410499908392], [23.513595499999777, 38.038565999083986], [23.49942499999979, 38.037612999084004], [23.492451999999798, 38.0261914990841], [23.45115549999982, 38.02364499908409], [23.43980099999986, 38.01095749908416], [23.418737999999795, 38.00021149908427], [23.41607999999978, 37.98908349908441], [23.39230799999984, 37.98492599908443], [23.387500499999792, 37.98015999908439], [23.392044499999795, 37.97694349908447], [23.41746199999982, 37.97376949908452], [23.420163499999795, 37.9691434990845], [23.38978249999978, 37.9741289990845], [23.365659499999836, 37.972968499084494], [23.355499499999855, 37.9777779990845], [23.326174999999772, 37.97744799908446], [23.307027999999786, 37.97085449908448], [23.277855499999845, 37.97781149908443], [23.242550499999826, 37.97574749908446], [23.221710999999775, 37.96943799908452], [23.196064999999855, 37.95439499908468], [23.16627399999981, 37.94900399908471], [23.139440999999817, 37.9218354990849], [23.133436999999805, 37.920439499084864], [23.06292199999981, 37.912309999085004], [23.057176999999818, 37.91461799908499], [23.05271999999982, 37.921617999084944], [23.033064499999767, 37.917692499084964], [23.00362449999981, 37.920656499084956], [22.960546999999824, 37.95197149908464], [22.974026499999834, 37.97049199908451], [22.975883999999784, 37.978277499084435], [22.954712499999797, 37.986444999084426], [22.9099409999998, 38.0173734990841], [22.84913299999979, 38.02784899908409], [22.885329499999852, 38.04925049908393], [22.90705949999977, 38.054564499083824], [22.916183499999832, 38.06464749908376], [22.93831899999982, 38.06613249908378], [22.93867249999985, 38.073749499083696], [22.94894199999983, 38.07769099908364], [22.969474499999787, 38.078441999083694], [22.987367499999845, 38.0718384990837], [23.002205499999814, 38.06103149908381], [23.02032999999985, 38.05608299908387], [23.028489499999772, 38.060885499083824], [23.040874999999776, 38.06269999908384], [23.041784499999796, 38.055963999083794], [23.056620499999784, 38.052179499083856], [23.076150499999837, 38.05897249908382], [23.115251999999828, 38.05964699908376], [23.124435999999793, 38.06375849908373], [23.142315499999803, 38.06542899908374], [23.160400499999845, 38.07343899908368], [23.169101499999808, 38.07354199908368], [23.178797999999812, 38.08658599908361], [23.194993999999795, 38.089915999083594], [23.2152769999998, 38.09932699908354], [23.217456999999786, 38.108787499083476], [23.21736149999979, 38.11589799908332], [23.207032999999814, 38.124957999083264], [23.180654499999857, 38.12546899908334], [23.177869499999808, 38.14101499908315], [23.22264649999982, 38.14512249908316], [23.224751999999768, 38.151645499083074], [23.221717999999825, 38.157004999083014], [23.162282999999817, 38.167976499083004], [23.15229099999979, 38.16329949908304], [23.124654999999795, 38.16384499908305], [23.1269779999998, 38.169585499082984], [23.14313299999985, 38.182681999082824], [23.12474449999983, 38.19278349908277], [23.122182999999804, 38.20113749908273], [23.111322499999776, 38.20705399908267], [23.07207449999983, 38.17066199908297], [23.066991999999768, 38.17037999908298], [23.060611499999773, 38.1761739990829], [23.030825999999827, 38.18186349908287], [23.041044499999764, 38.190608999082805], [23.04977049999985, 38.18843449908286], [23.05177899999985, 38.193767499082824], [23.05074499999983, 38.19651799908274], [23.03304499999984, 38.20246799908267], [23.024207999999817, 38.2136684990826], [22.960164999999833, 38.210891499082635], [22.9462869999998, 38.21793349908258], [22.93241449999978, 38.2191049990826], [22.92392149999979, 38.21659449908256], [22.918816499999817, 38.204673999082665], [22.92108149999982, 38.20023749908271], [22.926570999999807, 38.19898199908276], [22.937289999999763, 38.20760349908265], [22.9444524999998, 38.20800399908264], [22.959818999999804, 38.20113749908273], [22.96252099999981, 38.19312949908279], [22.9689539999998, 38.189124999082786], [22.952508999999818, 38.18794999908283], [22.945749499999827, 38.1827429990828], [22.9396444999998, 38.183131999082825], [22.93510249999978, 38.18916249908276], [22.915438999999783, 38.191832499082786], [22.90647899999979, 38.18289949908288], [22.89394749999979, 38.21967699908259], [22.89635849999979, 38.234695499082456], [22.891896999999776, 38.23730449908239], [22.885844999999783, 38.23617549908243], [22.88689799999978, 38.23000349908249], [22.88133599999983, 38.222324499082504], [22.8721639999998, 38.230968499082486], [22.866104499999807, 38.23225199908245], [22.835538999999805, 38.22464799908254], [22.81216999999981, 38.22962199908246], [22.807462499999865, 38.229358499082515], [22.808357499999843, 38.22628399908253], [22.804940999999776, 38.22556299908256], [22.77924899999978, 38.233184999082454], [22.771314499999818, 38.24171849908236], [22.76299299999981, 38.2425499990824], [22.762382499999834, 38.24550999908232], [22.784311499999788, 38.265048999082275], [22.798141499999847, 38.26834449908216], [22.79750449999981, 38.275195999082165], [22.75794599999984, 38.289088999082004], [22.744690999999836, 38.29816799908199], [22.714622499999837, 38.30622099908194], [22.691888499999806, 38.318193499081865], [22.67695299999985, 38.34032099908166], [22.687971999999846, 38.34864449908157], [22.684892499999865, 38.3647574990815], [22.67670999999981, 38.37536649908133], [22.657239999999835, 38.38620049908132], [22.6462344999998, 38.384693499081344], [22.62824999999981, 38.3755529990814], [22.629779999999833, 38.37029199908145], [22.647897499999814, 38.36718749908148], [22.646808499999775, 38.36151499908148], [22.63598249999984, 38.3495099990816], [22.622575499999787, 38.35398849908158], [22.621643499999852, 38.36356349908148], [22.61832249999979, 38.364372499081455], [22.608535499999846, 38.35593799908157], [22.60789699999978, 38.35987849908153], [22.602546999999785, 38.35899349908149], [22.593605499999814, 38.348483999081544], [22.586017499999834, 38.32695399908173], [22.59728049999986, 38.322033499081776], [22.603322999999865, 38.315560999081875], [22.592124999999797, 38.306968499081876], [22.59119399999977, 38.29704099908202], [22.581887999999843, 38.28527049908211], [22.58488649999978, 38.27981199908215], [22.555719499999853, 38.28249349908204], [22.550745999999833, 38.28865799908205], [22.54721399999981, 38.301784499082], [22.5364514999998, 38.31610099908186], [22.52301999999985, 38.32276549908176], [22.519126999999795, 38.32815549908173], [22.523078999999846, 38.33512899908172], [22.53879149999979, 38.33564749908172], [22.537513999999785, 38.34485999908165], [22.5129889999998, 38.3613584990815], [22.504659499999836, 38.38154199908138], [22.47932799999982, 38.39868899908122], [22.45527799999979, 38.42757049908102], [22.432120499999797, 38.427204499081036], [22.419673999999812, 38.43173599908095], [22.417605499999816, 38.44376549908089], [22.401554999999796, 38.44573449908081], [22.400029999999827, 38.442844499080906], [22.409301999999787, 38.41978499908102], [22.41649999999983, 38.41202149908115], [22.393113999999848, 38.40939699908108], [22.37351399999977, 38.39084999908131], [22.37708499999983, 38.385463499081276], [22.397380999999758, 38.37968849908133], [22.40262599999977, 38.36387249908147], [22.384195499999826, 38.361564499081474], [22.384553999999824, 38.35269599908158], [22.39566799999978, 38.34865549908161], [22.383924499999786, 38.34358599908158], [22.378385499999787, 38.33254249908169], [22.358752999999776, 38.33688349908165], [22.357286499999848, 38.34920499908159], [22.32365199999985, 38.3442419990816], [22.314285499999798, 38.34639749908158], [22.300105999999776, 38.35541899908153], [22.29401949999986, 38.346446999081586], [22.292998999999803, 38.338672499081696], [22.285875499999797, 38.338614999081635], [22.277185499999852, 38.34136199908163], [22.265876999999787, 38.34879299908161], [22.25563799999984, 38.36095049908148], [22.249389499999847, 38.36255649908148], [22.226804999999842, 38.35734549908158], [22.207772999999776, 38.342979499081586], [22.194102999999807, 38.338317999081674], [22.18768649999986, 38.3221894990818], [22.183732999999865, 38.320857999081774], [22.173878499999844, 38.32968749908174], [22.165403499999837, 38.34421899908165], [22.158233499999803, 38.34862899908155], [22.15461749999984, 38.350318999081566], [22.14805249999977, 38.343414499081604], [22.142301499999817, 38.34468449908162], [22.135507499999807, 38.348682499081626], [22.140819499999765, 38.34992199908157], [22.137136499999766, 38.35881049908154], [22.127450999999787, 38.365611999081494], [22.08337399999979, 38.37483999908138], [22.064540999999764, 38.38380049908136], [22.051316999999838, 38.394901499081215], [22.02102849999984, 38.39373799908124], [22.004417499999803, 38.38914899908127], [21.994167999999792, 38.39809049908117], [21.9418694999998, 38.4057194990812], [21.93207949999979, 38.40316749908119], [21.89623449999977, 38.371405999081425], [21.879735999999806, 38.3685414990814], [21.855146999999853, 38.375724999081335], [21.85097699999979, 38.37413399908143], [21.846233999999843, 38.38589449908131], [21.83417499999986, 38.39218149908124], [21.827340999999823, 38.390857499081314], [21.81136499999984, 38.37868499908136], [21.792075999999827, 38.37461099908137], [21.784307499999834, 38.36927399908142], [21.777805499999825, 38.35971049908148], [21.766635999999806, 38.32780099908172], [21.733438499999814, 38.33469749908172], [21.71640199999984, 38.346412999081615], [21.70252999999977, 38.35032299908154], [21.680759499999787, 38.34560399908165], [21.635440999999826, 38.35515999908151], [21.6148164999998, 38.34152599908159], [21.588365499999796, 38.343768999081625], [21.577070499999788, 38.32881149908176], [21.548192999999827, 38.3222194990818], [21.54125799999979, 38.31535349908183], [21.5316979999998, 38.31385499908184], [21.518356499999832, 38.29483049908202], [21.517970999999825, 38.29842049908192], [21.514146999999795, 38.29914049908199], [21.509616999999793, 38.292915499082035], [21.505811499999783, 38.29970949908199], [21.508563999999797, 38.30174249908197], [21.48758699999983, 38.29931249908192], [21.486819999999785, 38.327838999081756], [21.476758999999827, 38.34226599908162], [21.486432999999828, 38.35610599908151], [21.466474999999797, 38.35282899908156], [21.462811999999854, 38.36304149908146], [21.47146799999983, 38.3676869990814], [21.44751949999985, 38.365112499081484], [21.433082499999838, 38.3678319990814], [21.421684499999827, 38.36360949908147], [21.415658999999806, 38.32858249908172], [21.412141999999868, 38.32837649908171], [21.415603499999836, 38.35317999908156], [21.412549999999786, 38.36256399908149], [21.42134399999981, 38.36792349908142], [21.42437149999984, 38.376510499081405], [21.422578999999853, 38.381397499081324], [21.415928499999815, 38.38529799908133], [21.41177749999982, 38.39402749908121], [21.39690799999982, 38.3865094990813], [21.37571549999978, 38.393420999081215], [21.3693844999998, 38.399437999081194], [21.36150549999981, 38.41556949908113], [21.365878999999833, 38.42830299908096], [21.363685499999796, 38.44651799908088], [21.35703299999977, 38.46099099908075], [21.318925999999816, 38.499629999080476], [21.30265099999978, 38.48950949908054], [21.299819999999848, 38.48472199908059], [21.301120999999846, 38.47970599908064], [21.31895649999985, 38.462249999080726], [21.333856499999804, 38.45593249908075], [21.34376899999982, 38.4381744990809], [21.348005499999793, 38.43666849908091], [21.353982999999833, 38.439845999080895], [21.357064999999842, 38.43733199908091], [21.35664749999985, 38.43383399908097], [21.34229649999985, 38.43209449908095], [21.34042649999984, 38.42844249908096], [21.341959999999805, 38.41742349908103], [21.335719999999803, 38.40222149908117], [21.335010499999804, 38.3886564990813], [21.342139999999777, 38.38523099908131], [21.325745999999846, 38.38512949908135], [21.321271999999773, 38.380477999081364], [21.29301649999976, 38.37318049908141], [21.292567999999868, 38.36380749908151], [21.289240499999796, 38.36009199908151], [21.268136999999843, 38.36243049908145], [21.25998299999984, 38.35684949908158], [21.267152999999784, 38.349586499081546], [21.266652999999806, 38.339816999081684], [21.235123999999836, 38.3285329990817], [21.230096999999837, 38.31854649908185], [21.225684999999824, 38.32634349908174], [21.21984649999983, 38.32413499908173], [21.212257499999765, 38.31370199908189], [21.23278249999981, 38.30575549908188], [21.250427499999784, 38.30397049908191], [21.236863999999834, 38.299335499081955], [21.2052804999998, 38.30575949908195], [21.179679999999824, 38.29901899908197], [21.160800999999804, 38.299239999081955], [21.14337349999981, 38.303771999081924], [21.139527999999864, 38.31088099908191], [21.142167999999806, 38.31207649908188], [21.144075499999808, 38.30496199908188], [21.155242999999835, 38.301448499081985], [21.159522999999847, 38.3082634990819], [21.146986999999825, 38.31126599908187], [21.132827499999863, 38.321857499081794], [21.13529199999976, 38.33315299908175], [21.12852099999979, 38.33797849908165], [21.10969949999982, 38.3390654990817], [21.098586999999817, 38.33415999908166], [21.095317999999782, 38.34025949908162], [21.095695499999845, 38.34804549908159], [21.09818099999979, 38.34973549908161], [21.095758499999818, 38.34560399908165], [21.102903499999826, 38.349212499081595], [21.108150499999823, 38.35878399908148], [21.099258499999866, 38.36925099908147], [21.090492499999847, 38.364536499081424], [21.090423499999822, 38.36973549908141], [21.098016999999814, 38.38392649908129], [21.103318999999832, 38.385887499081264], [21.102355999999823, 38.376594499081406], [21.105420999999847, 38.3706284990814], [21.11534899999982, 38.37134149908141], [21.112001499999863, 38.37850549908133], [21.126364499999795, 38.38660299908131], [21.129422999999814, 38.400638499081225], [21.123388499999855, 38.403339499081206], [21.12293999999978, 38.415343999081124], [21.132879499999813, 38.41551599908105], [21.137100999999785, 38.4115314990811], [21.147186499999812, 38.41036049908113], [21.153242999999826, 38.41038999908116], [21.15229199999983, 38.4139899990811], [21.129180999999864, 38.42065049908104], [21.1138974999998, 38.420085999081046], [21.11283499999982, 38.42417899908101], [21.11952249999981, 38.42543099908104], [21.11711499999983, 38.43333799908097], [21.109407499999826, 38.437560999080944], [21.111440499999816, 38.449775499080836], [21.09306349999976, 38.461192999080765], [21.091291499999784, 38.46672799908065], [21.10284449999983, 38.47373599908065], [21.102882499999776, 38.48052999908061], [21.09991999999979, 38.48160949908056], [21.08365249999985, 38.472827999080664], [21.08871249999983, 38.4786564990806], [21.076976999999786, 38.48346699908058], [21.079669999999762, 38.48941049908054], [21.099265999999773, 38.48739649908053], [21.086454499999785, 38.492282499080545], [21.08554149999983, 38.49577149908047], [21.086887999999856, 38.51086199908043], [21.096044499999852, 38.53156649908025], [21.083851999999837, 38.53564449908021], [21.077047499999846, 38.532165499080264], [21.04418949999979, 38.50303649908048], [21.025249499999788, 38.508655499080405], [21.012819499999836, 38.535564499080174], [21.020742499999823, 38.575332499079956], [21.022996999999844, 38.60496149907972], [21.019879999999777, 38.61145799907966], [21.007527999999795, 38.62191299907955], [21.0055539999998, 38.62800199907954], [20.991111499999782, 38.64133449907946], [20.987872999999787, 38.648422499079395], [20.99067899999979, 38.65882099907934], [20.988677999999783, 38.66868599907926], [20.966853999999813, 38.673347499079185], [20.94618399999985, 38.66937699907923], [20.932948999999816, 38.67739099907914], [20.922214499999814, 38.669929499079196], [20.917760999999835, 38.67180999907926], [20.893733999999842, 38.70954149907896], [20.893583499999824, 38.73447399907883], [20.884914499999844, 38.74859599907869], [20.878997999999786, 38.76900449907856], [20.878846999999816, 38.78476349907841], [20.871913999999848, 38.79493749907832], [20.848491499999778, 38.79547099907832], [20.838268499999824, 38.79051199907838], [20.808414499999802, 38.762758499078544], [20.80282949999982, 38.76787199907855], [20.793081499999822, 38.76593799907851], [20.7869034999998, 38.763190999078624], [20.780818999999784, 38.754211499078586], [20.769340499999778, 38.755958499078616], [20.763148999999796, 38.76081449907854], [20.756662499999823, 38.78161849907845], [20.751136499999834, 38.7893334990784], [20.72900399999983, 38.794986999078326], [20.731780999999824, 38.80013649907831], [20.729968999999826, 38.81568899907824], [20.741759999999843, 38.83588049907807], [20.735629499999845, 38.84377899907803], [20.731097999999804, 38.84247199907798], [20.736444499999774, 38.850631499077934], [20.74142049999982, 38.85385499907792], [20.746165999999803, 38.852988999077944], [20.74184199999979, 38.850245999077934], [20.74458299999983, 38.85103949907794], [20.76258849999978, 38.862750999077875], [20.800914999999776, 38.86798499907782], [20.801198999999826, 38.871112999077795], [20.785215499999843, 38.878364499077776], [20.78360549999977, 38.876556499077765], [20.7878384999998, 38.8706899990778], [20.78359799999986, 38.87366499907781], [20.7740574999998, 38.887992999077674], [20.761695999999834, 38.89637349907763], [20.746789999999827, 38.92243949907748], [20.7601509999998, 38.93236149907734], [20.7645359999998, 38.95730949907724], [20.77105899999986, 38.95349899907719], [20.7800709999998, 38.93339899907737], [20.78876299999982, 38.92335149907745], [20.810058499999762, 38.91819749907745], [20.83975399999981, 38.921096999077434], [20.863017999999826, 38.95695499907722], [20.867751999999825, 38.95236199907727], [20.87009749999983, 38.93304699907738], [20.88055049999981, 38.9247379990774], [20.860759999999782, 38.918121999077506], [20.901859499999794, 38.92075349907744], [20.90757899999981, 38.92495699907749], [20.91039849999986, 38.93248349907739], [20.91874849999983, 38.937608999077334], [20.92064649999984, 38.9451394990773], [20.94314949999977, 38.93259799907736], [20.97274199999982, 38.94533149907729], [20.98034899999987, 38.94412749907734], [20.9965519999998, 38.92371649907743], [21.024047999999762, 38.92584999907747], [21.028840999999762, 38.919505999077444], [21.03000999999986, 38.91066349907755], [21.02033049999984, 38.90500999907761], [21.018467499999794, 38.89815899907764], [21.034555499999808, 38.893390499077654], [21.046691999999815, 38.88449849907775], [21.066230999999814, 38.877136499077785], [21.081865499999786, 38.862663499077826], [21.08095549999981, 38.87095649907782], [21.091493499999807, 38.878101499077786], [21.089706499999828, 38.905021499077584], [21.097585499999816, 38.913486499077514], [21.122455499999838, 38.904094499077544], [21.13393299999985, 38.894693499077626], [21.15071499999982, 38.89278049907764], [21.163015499999805, 38.86620699907781], [21.16594099999983, 38.86382649907787], [21.17448799999985, 38.866916499077895], [21.175765999999808, 38.87632749907774], [21.164561999999865, 38.906738499077534], [21.146444499999795, 38.91406249907756], [21.13948249999983, 38.922622499077434], [21.14324949999976, 38.93641299907733], [21.14154999999983, 38.95789349907724], [21.153979999999784, 38.97763799907706], [21.16387899999984, 38.9775729990771], [21.160865999999768, 38.98572149907704], [21.12599349999983, 39.02639749907673], [21.117763499999846, 39.04079049907664], [21.108608499999793, 39.04614649907658], [21.090684999999787, 39.0479009990766], [21.107190999999837, 39.04675299907656], [21.10128799999983, 39.05165099907661], [21.08016949999979, 39.05311599907656], [21.073077999999853, 39.04537949907662], [21.077184499999813, 39.03087249907668], [21.07467849999985, 39.02375399907678], [21.070665999999864, 39.03641499907667], [21.06616199999979, 39.04080199907662], [21.05499449999976, 39.038680999076654], [21.055017499999796, 39.034400999076674], [21.057286499999773, 39.036374499076686], [21.060718499999787, 39.032609999076726], [21.057189999999867, 39.02845749907672], [21.043002999999846, 39.023467999076765], [21.045854499999795, 39.01979449907676], [21.068593999999845, 39.012439999076875], [21.06643299999983, 39.00919699907689], [21.059875499999848, 39.008353999076874], [21.035756999999833, 39.01823799907677], [21.03821349999978, 39.01419449907681], [21.056894499999846, 39.00637049907691], [21.040860999999815, 39.002235499076924], [20.982822499999802, 39.01816949907679], [20.973801999999772, 39.02443349907678], [20.972612499999766, 39.03209299907667], [20.96401199999977, 39.03721249907666], [20.942320999999783, 39.03037099907675], [20.935453499999824, 39.049553499076616], [20.938976499999818, 39.06121449907655], [20.947257999999803, 39.06790849907641], [20.929818999999824, 39.059207999076555], [20.89233999999979, 39.074932999076445], [20.888213999999817, 39.07439049907641], [20.8880559999998, 39.06885499907648], [20.89272749999979, 39.05731199907653], [20.881887499999852, 39.061192999076546], [20.866027999999822, 39.05523699907654], [20.86480799999978, 39.04333699907666], [20.873592499999816, 39.03452299907673], [20.865905499999815, 39.03115449907674], [20.85937299999977, 39.03366449907666], [20.8596019999998, 39.04331949907662], [20.85512899999981, 39.04571899907664], [20.863197999999798, 39.063064499076475], [20.8421894999998, 39.06959349907647], [20.83611499999981, 39.07536699907639], [20.8234469999998, 39.073264999076464], [20.81260699999986, 39.075713999076406], [20.812494499999787, 39.078155499076416], [20.825055999999787, 39.07781999907637], [20.833409499999867, 39.08242599907633], [20.84140399999982, 39.092670499076306], [20.839158999999785, 39.09610349907628], [20.821024499999815, 39.10925849907619], [20.808445499999795, 39.110251999076226], [20.8054484999998, 39.11626449907611], [20.7991579999998, 39.117271499076104], [20.7898844999998, 39.11251049907612], [20.813203999999782, 39.10523199907622], [20.804492999999795, 39.103122499076214], [20.79466799999982, 39.10993949907621], [20.7902429999998, 39.10453049907627], [20.785247999999775, 39.10794849907617], [20.78939249999986, 39.104190999076245], [20.792106499999797, 39.10479749907624], [20.79549399999986, 39.10886399907614], [20.798549499999805, 39.10563299907617], [20.799384499999793, 39.09930399907623], [20.79363049999977, 39.09568799907628], [20.779260499999793, 39.10500349907623], [20.772540999999823, 39.1037254990762], [20.772967999999803, 39.09710699907627], [20.783311999999817, 39.09857549907626], [20.789588999999776, 39.0964429990763], [20.79044899999979, 39.091277999076304], [20.772153999999777, 39.0832674990764], [20.801555499999836, 39.079421999076395], [20.788207999999816, 39.07471099907645], [20.78494749999978, 39.059564999076514], [20.800461999999772, 39.063346999076494], [20.808615999999784, 39.06203099907652], [20.817908999999787, 39.05934149907649], [20.82392749999976, 39.052070499076585], [20.818118999999847, 39.058517499076515], [20.80773349999986, 39.061629999076565], [20.791057499999777, 39.059116499076524], [20.77627349999983, 39.042232499076675], [20.764470999999844, 39.037417999076695], [20.754609999999822, 39.019927999076785], [20.739583999999834, 39.017654499076805], [20.74015799999981, 39.01383199907685], [20.7452964999998, 39.00609199907686], [20.77772899999982, 38.99572399907697], [20.80292349999987, 38.980475499077066], [20.809764999999814, 38.97312949907709], [20.821523499999806, 38.97269449907707], [20.828777499999777, 38.96895599907714], [20.83055299999977, 38.95955849907714], [20.819854499999824, 38.95449849907721], [20.795594999999867, 38.964679499077164], [20.787183499999784, 38.97196949907714], [20.758966499999854, 38.97145849907713], [20.753621999999783, 38.97423949907709], [20.757680999999803, 38.97613549907709], [20.75854299999981, 38.983825499077035], [20.75239549999982, 38.97365549907708], [20.757968999999832, 38.96966549907711], [20.755366999999836, 38.96157449907713], [20.757291999999772, 38.95045849907728], [20.739663999999795, 38.94517499907732], [20.72677599999978, 38.949634499077305], [20.699992999999843, 38.99655899907695], [20.70200749999981, 39.00015649907695], [20.711311499999844, 39.00230049907689], [20.715337499999798, 39.012908999076856], [20.713943499999836, 39.030181999076746], [20.706054999999857, 39.04645699907659], [20.691989999999805, 39.062347499076495], [20.66177749999979, 39.08719999907632], [20.64749899999984, 39.09495149907628], [20.635541999999848, 39.096050499076256], [20.59596949999979, 39.12365549907609], [20.532005499999773, 39.18941099907565], [20.478505999999793, 39.21628549907544], [20.473206499999808, 39.23931299907536], [20.475856999999824, 39.24660499907533], [20.470727999999813, 39.262080999075216], [20.478183499999847, 39.2717779990751], [20.477601999999784, 39.275573499075065], [20.466590999999823, 39.27955249907511], [20.463245499999775, 39.26974849907515], [20.453496999999825, 39.27245349907515], [20.44023699999976, 39.28214649907505], [20.433139999999817, 39.279685999075056], [20.432660999999797, 39.27380749907515], [20.394260499999806, 39.28533199907497], [20.38123099999981, 39.28136049907504], [20.348008999999834, 39.283552499075014], [20.338243999999854, 39.28675099907505], [20.33221999999978, 39.295459499074965], [20.301252499999823, 39.31512449907487], [20.28752299999982, 39.327502999074746], [20.288253999999814, 39.33580399907469], [20.28158049999983, 39.34927349907459], [20.282429999999774, 39.355949999074625], [20.276041999999784, 39.36466299907454], [20.278903999999798, 39.38075049907439], [20.260392999999766, 39.39631249907431], [20.233526499999844, 39.4032504990743], [20.235398499999835, 39.410208499074244], [20.22348749999984, 39.433284499074105], [20.21250749999987, 39.44608299907399], [20.225261499999803, 39.443137999074054], [20.274600999999837, 39.44560599907405], [20.276866999999832, 39.45276649907396], [20.25100899999978, 39.4643554990739], [20.212241999999836, 39.49127899907374], [20.23034599999977, 39.49392749907367], [20.257245999999792, 39.48328799907378], [20.264724999999817, 39.4989584990737], [20.262635999999816, 39.510139499073624], [20.23447549999985, 39.51987849907351], [20.2166029999998, 39.51490949907356], [20.185445999999796, 39.51920299907359], [20.17240549999978, 39.51361449907353], [20.168769499999765, 39.51976849907358], [20.201287999999792, 39.51975999907359], [20.194450499999828, 39.525496999073496], [20.1808719999998, 39.52888849907352], [20.180497999999847, 39.53257749907345], [20.17806999999986, 39.533218499073456], [20.178210999999802, 39.52919399907348], [20.16798599999986, 39.53652549907342], [20.148021499999825, 39.52944199907347], [20.157897999999793, 39.530589999073506], [20.151233499999844, 39.528342999073516], [20.136165499999848, 39.52769099907347], [20.151046499999822, 39.5498349990734], [20.16396899999985, 39.55982599907328], [20.172351499999845, 39.57900549907317], [20.159250499999793, 39.59001449907307], [20.16958799999981, 39.59235299907313], [20.18528049999978, 39.607634499073], [20.1847514999998, 39.62173099907291], [20.181866499999835, 39.625716999072914], [20.162166999999787, 39.638225499072796], [20.14060799999981, 39.64121649907281], [20.113464499999786, 39.65955349907273], [20.1062069999998, 39.659866499072685], [20.09968749999985, 39.65158849907278], [20.08758349999978, 39.66316599907264], [20.09791199999985, 39.66231899907264], [20.09825899999979, 39.65706249907269], [20.1018809999998, 39.66216249907265], [20.08332649999981, 39.67043699907263], [20.06508449999983, 39.67345799907256], [20.060376999999797, 39.68288049907257], [20.025825499999772, 39.678809999072584], [20.0147574999998, 39.68315099907256], [20.014558499999854, 39.688285999072505], [20.018054999999787, 39.688567999072546], [20.020179999999847, 39.68438699907251], [20.019110999999857, 39.68999499907248], [20.008812499999785, 39.69129199907252], [20.030806499999787, 39.69845599907245], [20.038823999999778, 39.691275999072516], [20.06705999999977, 39.688954499072466], [20.080384999999787, 39.68102549907257], [20.089633999999805, 39.68217549907259], [20.09696099999977, 39.674070999072654], [20.124691999999815, 39.657116499072714], [20.149866499999803, 39.65536099907269], [20.193766999999852, 39.64472799907281], [20.226089499999834, 39.64782849907272], [20.22812199999978, 39.65183949907275], [20.218158999999847, 39.66476849907271], [20.231174499999838, 39.6777429990726], [20.231776999999774, 39.68490499907254], [20.244823499999843, 39.68319199907258], [20.26239449999981, 39.672146999072616], [20.266137999999845, 39.69474399907246], [20.278190999999868, 39.70117049907241], [20.28351849999986, 39.71156799907236], [20.299978999999787, 39.714071499072354], [20.311337499999816, 39.72530899907224], [20.321795999999804, 39.728852499072225], [20.321684999999768, 39.73525699907222], [20.306915499999782, 39.74378549907215], [20.29239899999985, 39.76268599907206], [20.292087999999783, 39.76653999907207], [20.303384499999833, 39.77429049907204], [20.307309499999782, 39.78107999907197], [20.289463499999794, 39.804792499071844], [20.308596499999776, 39.81415799907175], [20.347483999999824, 39.80406449907183], [20.37394799999984, 39.78554449907196], [20.381515999999856, 39.78483949907199], [20.38846949999983, 39.78796399907194], [20.414273499999855, 39.81437799907174], [20.41368299999985, 39.83511449907168], [20.416642999999798, 39.84172699907163], [20.38965399999978, 39.86894799907143], [20.383192499999836, 39.88111099907143], [20.38469899999978, 39.88858849907136], [20.37157199999981, 39.896283999071315], [20.358317999999795, 39.913205499071175], [20.337615999999848, 39.92399999907112], [20.345307999999818, 39.946781999070986], [20.33467499999978, 39.96162199907094], [20.319151499999844, 39.975454499070786], [20.31223649999986, 39.99102249907076], [20.374055499999766, 39.98883699907079], [20.38050299999979, 39.99380799907074], [20.394189999999835, 39.99614499907073], [20.399348499999796, 40.00746049907068], [20.39809299999983, 40.015887499070594], [20.408322499999784, 40.024581499070536], [20.413173999999835, 40.03746399907046], [20.410016999999836, 40.04915899907038], [20.4247979999998, 40.062159999070346], [20.44928649999979, 40.073112499070284], [20.464150499999864, 40.07436899907024], [20.474402999999775, 40.06621149907036], [20.489674499999822, 40.06395099907038], [20.496688499999827, 40.0665414990703], [20.511459999999804, 40.08306899907025], [20.549131999999826, 40.06386149907034], [20.574355499999786, 40.06612399907031], [20.603259499999805, 40.07304299907032], [20.621422499999817, 40.08751249907018], [20.650823999999794, 40.09058899907017], [20.678172499999803, 40.09925349907017], [20.67602749999978, 40.125282999069974], [20.68358649999985, 40.14100299906992], [20.69420399999985, 40.152200999069834], [20.675293999999845, 40.16635849906974], [20.679878499999827, 40.186192499069705], [20.69090599999982, 40.19539849906956], [20.706536499999817, 40.199411499069576], [20.724441499999806, 40.22368949906943], [20.72117149999978, 40.232403499069434], [20.721649999999848, 40.25297499906933], [20.712199499999773, 40.25846199906925], [20.70804199999977, 40.2660264990692], [20.713544999999815, 40.282557999069155], [20.730544499999834, 40.29579799906907], [20.736639999999785, 40.31007049906898], [20.754474499999798, 40.31445049906899], [20.76417499999977, 40.32117999906896], [20.757535999999803, 40.330752999068906], [20.759371999999832, 40.33490699906886], [20.76475449999985, 40.34283999906884], [20.790471999999827, 40.36260249906875], [20.79168699999981, 40.38204599906864], [20.78690099999977, 40.40021049906851], [20.792326999999833, 40.41366449906839], [20.78555599999986, 40.422581999068385], [20.787548499999787, 40.42861799906834], [20.822569999999796, 40.44175499906828], [20.8311919999998, 40.45573049906824], [20.834690499999812, 40.46950999906813], [20.84406449999977, 40.479910999068096], [20.854485999999806, 40.47893399906809], [20.872014999999852, 40.47060249906817], [20.8790754999998, 40.47387299906814], [20.90733999999984, 40.47606549906816], [20.92917099999977, 40.46258399906816], [20.951588999999863, 40.46834449906815], [20.95963449999977, 40.483534999068084], [20.96835749999978, 40.48830849906804], [20.968983999999836, 40.498313499068026], [20.964414999999804, 40.50722299906797], [20.96912799999985, 40.52001949906789], [20.99900899999979, 40.53417999906778], [20.998837499999812, 40.53966049906779], [21.007174499999863, 40.551752999067745], [21.01759749999984, 40.55559099906775], [21.03386899999985, 40.554702499067695], [21.042067499999806, 40.55933099906767], [21.046888499999817, 40.57217649906763], [21.039963499999804, 40.59158049906757], [21.048457499999785, 40.60283299906745], [21.04467399999982, 40.613734499067455], [21.05661399999982, 40.6167169990674], [21.053026499999817, 40.63967599906727], [21.057320499999832, 40.667159999067195], [21.026365999999797, 40.70830599906694], [21.009181999999782, 40.723636999066855], [20.984655999999802, 40.73822999906682], [20.983620499999837, 40.76229499906675], [20.973102499999808, 40.76290649906671], [20.962671999999827, 40.77222749906668], [20.978392499999813, 40.78341399906664], [20.984783499999875, 40.793144999066506], [20.980204499999815, 40.85566499906621], [21.142227499999844, 40.855546999066306], [21.1524429999998, 40.8569434990663], [21.177173499999824, 40.87519299906619], [21.19348199999979, 40.877192999066196], [21.208004999999808, 40.884009499066075], [21.242826499999794, 40.874185999066185], [21.25297849999982, 40.86191799906619], [21.25972249999978, 40.859411499066205], [21.268587999999767, 40.8639029990662], [21.31130149999984, 40.867000499066236], [21.356709999999783, 40.87813499906614], [21.41615849999984, 40.91693849906599], [21.425184499999784, 40.91741599906598], [21.440980499999792, 40.91685849906594], [21.46471899999981, 40.90682899906598], [21.490606499999824, 40.91226849906598], [21.51876349999985, 40.90847449906596], [21.525559499999847, 40.91015949906602], [21.531949499999826, 40.906409499065994], [21.55121349999981, 40.88172399906616], [21.563383999999786, 40.87685749906614], [21.56651949999978, 40.86641949906622], [21.584566499999788, 40.869269499066206], [21.593235499999775, 40.866002499066276], [21.60366749999979, 40.880156499066146], [21.608282999999854, 40.87903749906612], [21.621176499999784, 40.88853549906608], [21.62878649999981, 40.887925999066105], [21.63563049999987, 40.89711699906607], [21.6539684999998, 40.900995499066056], [21.670637999999787, 40.89837899906604], [21.67091999999976, 40.907854999066046], [21.6657474999998, 40.917097999065966], [21.670418499999837, 40.92611199906593], [21.686551999999793, 40.93956599906582], [21.70584499999978, 40.94349899906588], [21.735390999999808, 40.93085799906594], [21.75641749999978, 40.92660349906592], [21.78497199999984, 40.9291989990659], [21.790045499999867, 40.93786199906588], [21.804147499999782, 40.9447324990658], [21.805754499999786, 40.95289599906583], [21.800204499999854, 40.96048149906576], [21.801511999999764, 40.97606449906576], [21.814781999999855, 40.98588149906564], [21.84631949999981, 40.99749299906558], [21.85146099999978, 41.0112684990655], [21.860995499999788, 41.018727499065534], [21.883804999999764, 41.02850099906546], [21.884056999999835, 41.040735499065434], [21.898644999999817, 41.039529999065444], [21.91202999999983, 41.04939249906538], [21.908196999999852, 41.06488349906529], [21.9034484999998, 41.069809499065265], [21.915324999999786, 41.09308249906521], [21.92175199999981, 41.0942319990652], [21.933861999999838, 41.104898999065156], [21.964134499999847, 41.119144499065065], [21.97482149999982, 41.12770199906502], [21.996293999999843, 41.12733449906499], [22.02323349999985, 41.13303499906501], [22.046176999999812, 41.14652099906497], [22.05798349999978, 41.1498114990649], [22.066895499999795, 41.15758349906488], [22.07758199999982, 41.15383199906491], [22.087092499999795, 41.13941849906495], [22.111981499999786, 41.13413399906498], [22.126520499999803, 41.12481449906503], [22.146590999999816, 41.12692549906499], [22.171999999999848, 41.15673799906493], [22.203935999999825, 41.16214849906492], [22.214860499999823, 41.16874899906487], [22.229275499999794, 41.16490699906489], [22.268476999999795, 41.163403999064876], [22.276531999999783, 41.15597149906492], [22.288141999999834, 41.15515899906491], [22.302333999999824, 41.14774199906492], [22.323391999999835, 41.15089649906496], [22.320717999999832, 41.14383299906498], [22.32738599999981, 41.13575799906496], [22.326854499999794, 41.121644499065056], [22.332427999999805, 41.12021949906501], [22.338523999999794, 41.13013349906502], [22.3493884999998, 41.13561399906496], [22.363810499999815, 41.13227349906498], [22.368144499999765, 41.13700549906498], [22.373908499999818, 41.137675499064976], [22.384236499999844, 41.132343999065036], [22.40240999999984, 41.13755349906502], [22.404862499999815, 41.135768999065], [22.40268349999982, 41.128521999065015], [22.416486999999815, 41.11938149906505], [22.481967999999764, 41.11983899906506], [22.506953499999835, 41.12595049906506], [22.562107999999792, 41.131152999065], [22.574274999999833, 41.119039499065074], [22.587710999999796, 41.11729599906507], [22.617663999999834, 41.133597499065], [22.64214499999983, 41.16050949906486], [22.645708999999837, 41.17753949906483], [22.663210499999835, 41.18513149906475], [22.67302399999983, 41.179329499064785], [22.677404999999762, 41.1704024990648], [22.71108999999986, 41.13952899906495], [22.73203699999983, 41.14639149906491], [22.747391999999767, 41.163033499064866], [22.760927499999795, 41.2674394990644], [22.756382999999836, 41.27451099906443], [22.766048499999847, 41.29246349906437], [22.759070999999842, 41.29731399906431], [22.757236999999794, 41.30299099906424], [22.762053999999836, 41.319418999064176], [22.768072999999845, 41.325485999064135], [22.79057749999981, 41.32888849906417], [22.805251999999843, 41.34017699906413], [22.827565999999763, 41.334341999064186], [22.870742499999775, 41.34082349906414], [22.896824499999802, 41.33794499906412], [22.910652999999822, 41.34117649906414], [22.924995999999787, 41.338617499064156], [22.931514999999784, 41.34052049906413], [22.971831499999855, 41.33282849906418], [22.988586499999812, 41.33402599906415], [23.014379499999816, 41.33006849906419], [23.029237499999848, 41.33368549906414], [23.075765499999868, 41.32020799906425], [23.105701999999788, 41.316489499064176], [23.122489499999766, 41.32083699906415], [23.179175999999828, 41.319453999064216], [23.197615999999844, 41.32274149906415], [23.222869499999803, 41.33548049906414], [23.2305199999998, 41.352412999064065], [23.227096499999867, 41.36340749906403], [23.23205799999978, 41.375295499063945], [23.260849999999856, 41.38571649906399], [23.281590999999835, 41.398969499063845], [23.304565999999824, 41.4011364990639], [23.32221249999983, 41.399669999063896], [23.341734999999797, 41.36421849906399], [23.352008999999796, 41.36796799906395], [23.36133399999979, 41.37791799906393], [23.378479999999765, 41.38297599906391], [23.402110499999814, 41.40091149906385], [23.42025849999984, 41.39845649906386], [23.4385174999998, 41.40626349906381], [23.484278999999823, 41.398724999063866], [23.525094499999785, 41.40520299906382], [23.534243499999782, 41.402147999063835], [23.5382529999998, 41.39393999906392], [23.54653649999977, 41.38919399906392], [23.55633149999984, 41.387359499063926], [23.57787449999983, 41.39062399906393], [23.60046799999979, 41.378245499063944], [23.636413499999776, 41.37550149906393], [23.647581999999804, 41.38153549906393], [23.647850499999812, 41.394170999063945], [23.661874499999843, 41.39996899906385], [23.674237499999848, 41.41070049906383], [23.69500299999981, 41.40449199906388], [23.721845499999798, 41.40688949906382], [23.755144999999786, 41.40371849906382], [23.767927499999864, 41.396947499063884], [23.78073799999986, 41.41317099906386], [23.789371499999834, 41.418246999063804], [23.800445499999768, 41.437351499063766], [23.83305699999977, 41.438194999063725], [23.853339999999783, 41.445088999063735], [23.85648749999979, 41.449791499063686], [23.86931449999982, 41.448686999063696], [23.879679499999796, 41.45356899906368], [23.88669749999978, 41.45366549906366], [23.890112499999805, 41.45008399906364], [23.907017499999824, 41.45845999906368], [23.90992249999976, 41.469574999063575], [23.908183499999847, 41.47370099906363], [23.91430899999979, 41.481864499063576], [23.941678499999764, 41.4616914990636], [23.943388499999763, 41.45031199906367], [23.971521999999805, 41.43828449906368], [23.980282499999806, 41.44018149906368], [23.99404799999977, 41.4510529990637], [24.007529999999814, 41.45661399906363], [24.017277499999853, 41.46781249906359], [24.02109899999977, 41.46536449906356], [24.02054799999983, 41.45970149906364], [24.02388899999978, 41.455804499063625], [24.04572149999983, 41.45119749906365], [24.058334999999776, 41.460809999063606], [24.073507499999803, 41.46678149906356], [24.07054499999982, 41.47743899906354], [24.062366999999785, 41.48593549906353], [24.065694499999857, 41.50123399906344], [24.06008799999978, 41.513153999063405], [24.06004949999979, 41.522429999063405], [24.074882499999795, 41.531425999063316], [24.0800039999998, 41.542515999063276], [24.10122949999981, 41.55051299906324], [24.11276699999981, 41.54146749906332], [24.129684499999808, 41.53931399906331], [24.134178999999797, 41.53363299906331], [24.153795499999823, 41.538749499063314], [24.160525499999775, 41.53607999906334], [24.160460999999767, 41.531626999063334], [24.17348499999984, 41.516267499063446], [24.187374499999848, 41.51577749906341], [24.193928999999844, 41.52052299906336], [24.19284799999984, 41.53190949906336], [24.208201499999834, 41.54314349906324], [24.209997499999847, 41.55008549906332], [24.22777699999984, 41.54736199906329], [24.244103999999826, 41.56324949906319], [24.26048399999984, 41.57268499906321], [24.2753819999998, 41.56803099906319], [24.270248999999822, 41.55937849906319], [24.288306499999813, 41.551138499063306], [24.301592999999848, 41.53877049906328], [24.29534049999978, 41.52521199906336], [24.3046109999998, 41.510826499063405], [24.338646499999847, 41.52642249906332], [24.352347999999846, 41.5236804990634], [24.36420749999976, 41.516787999063425], [24.383510499999772, 41.53536749906337], [24.395970999999854, 41.539093999063326], [24.407958499999786, 41.537751999063296], [24.41491699999981, 41.529120999063394], [24.437986999999765, 41.528324999063344], [24.450675499999786, 41.52196399906338], [24.463169999999835, 41.52888349906337], [24.461241499999783, 41.53851699906327], [24.46476649999977, 41.545360999063305], [24.480219999999775, 41.555320999063206], [24.5074644999998, 41.55884599906318], [24.526463999999837, 41.568088499063165], [24.55355399999978, 41.55040749906331], [24.546101999999774, 41.53922549906327], [24.562809499999794, 41.51606499906338], [24.561485499999847, 41.50060649906346], [24.57303399999978, 41.47650299906355], [24.58425999999977, 41.469101499063584], [24.594765499999827, 41.46717749906356], [24.599137999999858, 41.45593649906362], [24.59569449999978, 41.447930499063645], [24.597637499999777, 41.44095849906365], [24.612001499999792, 41.42470849906372], [24.650023499999815, 41.434985999063706], [24.661813999999794, 41.43282749906373], [24.655808999999785, 41.41881249906379], [24.659615499999784, 41.416307499063834], [24.68095099999984, 41.42502849906372], [24.693570999999793, 41.41866499906384], [24.709434999999836, 41.42090499906381], [24.730575499999826, 41.416230499063765], [24.73613599999983, 41.41075549906385], [24.736591999999813, 41.39897599906385], [24.745876999999783, 41.384147999063885], [24.76704899999981, 41.366504499064014], [24.790369999999832, 41.35801449906407], [24.80242249999981, 41.34695749906406], [24.81228299999979, 41.34863549906407], [24.815654499999773, 41.35394699906404], [24.816856999999793, 41.376394499064006], [24.82192149999979, 41.387568499063924], [24.81923299999983, 41.401141999063825], [24.853669999999795, 41.399229499063864], [24.857983999999867, 41.39466099906388], [24.86958699999978, 41.39093199906393], [24.880098499999804, 41.392927499063916], [24.894289999999838, 41.40470999906389], [24.912821499999797, 41.40813049906382], [24.94043749999982, 41.387569999063935], [24.953169999999847, 41.38733999906391], [24.977603999999857, 41.37584199906395], [24.991327999999847, 41.37626999906401], [25.056499999999808, 41.363208499063994], [25.06415299999983, 41.35840049906402], [25.07696899999984, 41.34191399906413], [25.098115499999796, 41.334162499064156], [25.11201899999981, 41.34284599906407], [25.12622349999986, 41.342256499064156], [25.123804499999814, 41.33176349906419], [25.131797999999776, 41.323942499064145], [25.163335499999818, 41.31580199906422], [25.16713899999984, 41.31142749906422], [25.179375499999768, 41.31018799906427], [25.183151999999776, 41.298967499064325], [25.209554999999806, 41.290526499064335], [25.212539999999784, 41.28536299906433], [25.219065999999824, 41.28310949906431], [25.22349499999982, 41.277779499064394], [25.226425499999817, 41.26328099906444], [25.233712499999758, 41.254678999064424], [25.23293249999979, 41.247166999064454], [25.26150499999983, 41.24478149906454], [25.28108999999982, 41.2364474990646], [25.29671699999979, 41.245040999064514], [25.3331199999998, 41.242139499064535], [25.35397249999977, 41.24980849906452], [25.367474499999865, 41.260143999064496], [25.384180499999857, 41.256775499064524], [25.429515499999845, 41.26529249906439], [25.43247099999978, 41.27565249906438], [25.47394049999977, 41.286551499064345], [25.502351999999807, 41.28596799906439], [25.516630999999805, 41.28330749906436], [25.525430999999788, 41.27627949906438], [25.531395999999773, 41.27768249906437], [25.54476899999977, 41.30719499906425], [25.559483499999825, 41.31748599906419], [25.568461999999837, 41.31806049906422], [25.582375499999788, 41.31428599906421], [25.591123499999824, 41.30813499906423], [25.613256999999823, 41.30410199906423], [25.65598149999983, 41.3143739990642], [25.664315999999843, 41.30869849906421], [25.69050049999982, 41.30278699906424], [25.70193449999979, 41.29252949906431], [25.712015499999808, 41.2915674990643], [25.718602499999832, 41.3167624990642], [25.74873349999985, 41.31799099906422], [25.762637999999864, 41.32450999906418], [25.770064499999798, 41.31983299906422], [25.779559499999827, 41.32129149906418], [25.79072449999983, 41.33307499906414], [25.816737499999828, 41.3371429990641], [25.824635499999793, 41.34720199906404], [25.846142499999825, 41.33743899906408], [25.854381499999757, 41.32746299906418], [25.87195699999983, 41.32877099906413], [25.87185599999983, 41.311569999064204], [25.88159699999978, 41.30564399906427], [25.90273799999981, 41.306445499064246], [25.939625499999853, 41.32057899906422], [25.974169499999785, 41.31824249906416], [25.99004349999986, 41.325816499064196], [25.999510499999786, 41.32636449906417], [26.00447449999982, 41.33923649906412], [26.010274999999783, 41.344487499064066], [26.042300499999797, 41.35027349906405], [26.089011499999767, 41.34584099906414], [26.093222999999803, 41.34629699906413], [26.092484999999847, 41.350726499064045], [26.100144999999834, 41.35682699906404], [26.107828999999857, 41.35389349906408], [26.129756999999813, 41.355801499064015], [26.135960999999853, 41.363794499063985], [26.136248499999837, 41.37471799906394], [26.147134499999762, 41.37662649906393], [26.15891949999981, 41.3945924990639], [26.16417399999981, 41.40742049906388], [26.159504999999758, 41.42000149906376], [26.16814199999976, 41.424521499063786], [26.175027999999838, 41.433734499063725], [26.196133499999775, 41.4409729990637], [26.177371499999758, 41.461506999063616], [26.154968999999795, 41.47602349906359], [26.1560284999998, 41.48750149906349], [26.170789999999833, 41.492272499063525], [26.17211699999985, 41.50282049906342], [26.184897499999852, 41.52011899906343], [26.17645549999982, 41.55479949906325], [26.157287999999824, 41.55243849906331], [26.147407499999787, 41.554493999063276], [26.15000099999979, 41.596177999063094], [26.15394949999982, 41.605598499063035], [26.139342499999774, 41.613235499063045], [26.13778999999984, 41.63248149906298], [26.116265999999822, 41.62534749906302], [26.094673999999774, 41.627244499062954], [26.090017499999792, 41.6429159990629], [26.08179249999986, 41.641495499062884], [26.070521999999837, 41.650878499062934], [26.064227499999756, 41.66245449906288], [26.06761499999983, 41.67477699906277], [26.062186999999774, 41.692327499062756], [26.073197999999817, 41.710212999062655], [26.08949599999981, 41.71679599906259], [26.109042499999802, 41.71340049906268], [26.114177999999814, 41.715683999062605], [26.1171469999998, 41.725291499062585], [26.1236284999998, 41.731145999062555], [26.17472349999978, 41.7490524990625], [26.176998999999846, 41.74191299906252], [26.191631999999817, 41.73609199906257], [26.212547499999847, 41.73263549906259], [26.227508499999786, 41.740909499062546], [26.25085099999981, 41.722966499062586], [26.27966749999978, 41.713426999062655], [26.310026999999792, 41.709239999062625]]], [[[19.391719999999857, 39.83578899907162], [19.376607999999774, 39.84721349907161], [19.373763999999827, 39.858279999071485], [19.381639499999793, 39.8687254990714], [19.397068499999815, 39.86053499907153], [19.421922499999845, 39.866924499071445], [19.42909999999979, 39.866771499071476], [19.43235399999982, 39.86352699907146], [19.420055999999864, 39.855344499071535], [19.410243999999807, 39.83933649907166], [19.391719999999857, 39.83578899907162]]], [[[19.5967464999998, 39.88615349907134], [19.592671499999778, 39.88036949907136], [19.575712999999773, 39.87594349907138], [19.571389499999803, 39.89524399907124], [19.57769299999982, 39.899281499071236], [19.59521299999983, 39.891543499071325], [19.5967464999998, 39.88615349907134]]], [[[24.131386999999805, 34.8075639991152], [24.119101999999767, 34.80365549911524], [24.069386499999798, 34.827583999115], [24.049915999999783, 34.83948399911483], [24.038428999999788, 34.857270999114625], [24.060826499999777, 34.858828499114594], [24.06486199999981, 34.872695999114406], [24.102075999999865, 34.86767349911447], [24.12096699999981, 34.860757499114584], [24.12232999999978, 34.851836999114674], [24.116335999999794, 34.84791149911474], [24.11098799999979, 34.831786499114926], [24.11509899999985, 34.82306549911501], [24.131386999999805, 34.8075639991152]]], [[[24.955938499999853, 36.59916299909646], [24.948520499999816, 36.5924719990965], [24.9104234999998, 36.59926999909643], [24.896039999999775, 36.614341499096305], [24.8935584999998, 36.62722399909617], [24.858951999999846, 36.63387649909614], [24.845842499999804, 36.64702999909605], [24.84126899999984, 36.65901549909589], [24.856603499999775, 36.66689899909583], [24.862018499999817, 36.66640849909582], [24.917226999999794, 36.631450499096175], [24.92526449999984, 36.63446399909616], [24.952003499999787, 36.62054049909622], [24.947528999999843, 36.61349099909636], [24.956733499999817, 36.60611699909641], [24.955938499999853, 36.59916299909646]]], [[[24.510402499999795, 36.768226499094894], [24.540126499999804, 36.757559999095], [24.531162499999834, 36.74034499909517], [24.547607499999817, 36.70247249909553], [24.54077549999977, 36.686566999095646], [24.53235599999982, 36.676944999095696], [24.5143259999998, 36.6748924990958], [24.495855499999827, 36.66569499909587], [24.481063999999797, 36.66394849909587], [24.47381799999978, 36.65993899909591], [24.462102999999836, 36.667918999095846], [24.444247999999813, 36.670032499095804], [24.414314499999794, 36.659141499095924], [24.412568999999788, 36.655814999095966], [24.40201749999983, 36.65912999909595], [24.38629799999984, 36.65526799909592], [24.340598499999803, 36.65267949909599], [24.32696899999981, 36.644893499096035], [24.32174699999984, 36.64612599909606], [24.317846499999785, 36.662593999095904], [24.3216874999998, 36.67042899909582], [24.332008999999825, 36.678630999095724], [24.326874499999803, 36.69499649909554], [24.33427249999979, 36.69905099909551], [24.33674599999981, 36.70429999909546], [24.33443999999979, 36.717334999095335], [24.340436999999845, 36.726062999095326], [24.337331499999852, 36.73303999909522], [24.343917499999794, 36.74367899909513], [24.3543074999998, 36.750007499095005], [24.37169449999982, 36.73110599909527], [24.394380499999794, 36.73479949909521], [24.397996999999794, 36.72508249909531], [24.391034999999828, 36.718623999095314], [24.3904474999998, 36.71329899909538], [24.396098999999783, 36.704894999095465], [24.401015999999828, 36.70126349909551], [24.421319999999803, 36.70167899909549], [24.429464499999824, 36.69259249909562], [24.44503399999983, 36.68926249909563], [24.462198499999833, 36.69679649909551], [24.46998799999979, 36.7069359990954], [24.453307999999815, 36.725757499095266], [24.43546099999984, 36.72016449909531], [24.42803949999978, 36.7248764990953], [24.408058499999797, 36.75253499909505], [24.410026499999827, 36.762405499094974], [24.428018499999816, 36.77370049909478], [24.42963899999978, 36.75956949909497], [24.440791999999853, 36.75509249909498], [24.445080499999772, 36.74947549909506], [24.45739949999978, 36.74443749909508], [24.476634999999803, 36.74245099909513], [24.48913949999979, 36.75146599909507], [24.50620249999983, 36.75630949909493], [24.50661449999981, 36.76385499909489], [24.510402499999795, 36.768226499094894]]], [[[24.643772499999795, 36.743160999095075], [24.615217499999787, 36.75513149909501], [24.605138999999802, 36.782486499094766], [24.621215999999787, 36.78968899909467], [24.657350999999828, 36.7780539990948], [24.6639114999998, 36.768425999094866], [24.665817499999847, 36.752918999095016], [24.65118449999978, 36.74489699909507], [24.643772499999795, 36.743160999095075]]], [[[24.255656999999864, 36.7915304990947], [24.245647499999812, 36.76961899909489], [24.241746999999844, 36.7681044990949], [24.22482699999983, 36.78295549909475], [24.220174999999855, 36.79477699909461], [24.22113799999978, 36.80101349909461], [24.24080849999982, 36.80420249909458], [24.2518529999998, 36.80108249909456], [24.255656999999864, 36.7915304990947]]], [[[24.594861999999814, 36.82252499909436], [24.5905894999998, 36.80934599909448], [24.590923499999814, 36.79782849909464], [24.572460999999798, 36.77660749909484], [24.555774999999777, 36.777515499094825], [24.538816499999772, 36.77387299909484], [24.531558999999785, 36.78204349909471], [24.529169499999778, 36.79446049909461], [24.520667499999846, 36.79956049909458], [24.520357499999776, 36.822532499094386], [24.533367499999848, 36.82627949909431], [24.55971349999978, 36.846675999094195], [24.569107499999802, 36.84181599909421], [24.57278499999979, 36.83119799909426], [24.583329999999826, 36.82942599909431], [24.594171499999796, 36.834056999094265], [24.602708499999782, 36.82694749909434], [24.594861999999814, 36.82252499909436]]], [[[24.70475799999984, 37.02114249909255], [24.74979149999984, 36.972728999093015], [24.75349449999981, 36.962890499093085], [24.763707499999825, 36.95614599909314], [24.7651574999998, 36.950232999093245], [24.756662499999827, 36.941379499093266], [24.749357499999814, 36.941852499093315], [24.737769499999807, 36.93169349909334], [24.72619449999981, 36.92928699909337], [24.7246989999998, 36.91941799909348], [24.712203499999845, 36.9057484990936], [24.702802499999777, 36.90105799909368], [24.69798449999984, 36.903140999093615], [24.68790599999985, 36.922519499093475], [24.692247499999798, 36.930865999093356], [24.678968499999765, 36.939025999093346], [24.67722299999985, 36.947631999093275], [24.67962849999984, 36.95542699909316], [24.6585829999998, 36.97887449909295], [24.65861549999983, 36.98351299909292], [24.663730499999826, 36.98891849909284], [24.67720799999985, 36.98900599909289], [24.678725999999862, 36.993114499092805], [24.656954999999837, 36.999432999092754], [24.65233649999979, 37.01763349909259], [24.643707999999783, 37.024869999092566], [24.63667299999982, 37.04127099909239], [24.659700499999804, 37.03716299909244], [24.667407999999813, 37.02923199909248], [24.684655999999798, 37.02321999909257], [24.69237299999979, 37.025375499092554], [24.70475799999984, 37.02114249909255]]], [[[24.522861499999838, 37.161369499091286], [24.533321499999772, 37.15261849909134], [24.534196999999825, 37.13071049909155], [24.531795499999806, 37.12839499909164], [24.52572449999985, 37.131972999091545], [24.525728499999822, 37.139987999091524], [24.521873499999806, 37.145995999091475], [24.516652999999778, 37.14601899909141], [24.51364699999984, 37.14276149909147], [24.517011999999816, 37.12826899909162], [24.515462999999812, 37.11956949909168], [24.50231349999984, 37.11076649909179], [24.48336799999983, 37.110954499091804], [24.494270499999782, 37.11867899909173], [24.492542499999804, 37.124442999091634], [24.472020999999774, 37.12577049909159], [24.463760499999847, 37.12186449909164], [24.457271499999752, 37.12383649909164], [24.463243499999788, 37.13458649909158], [24.46031549999982, 37.138355499091475], [24.420655999999845, 37.12275749909164], [24.413587499999853, 37.121806999091696], [24.41127599999983, 37.12614449909163], [24.418037499999812, 37.13621499909158], [24.430711999999833, 37.1402089990915], [24.421046999999867, 37.15423949909135], [24.421808499999806, 37.161837999091325], [24.43598699999984, 37.16226199909131], [24.429092499999772, 37.168975999091224], [24.441386999999793, 37.179389999091164], [24.445394499999818, 37.192207499091], [24.468156999999813, 37.197223499091024], [24.473470499999806, 37.195811999090964], [24.474618999999798, 37.20363249909092], [24.490556499999794, 37.20953349909088], [24.502839999999793, 37.204974499090916], [24.515212499999784, 37.205642499090935], [24.53286949999985, 37.19309999909103], [24.534305499999828, 37.17925649909113], [24.523015999999828, 37.166419999091225], [24.522861499999838, 37.161369499091286]]], [[[24.468206499999827, 37.427722999088964], [24.484073499999763, 37.40501799908922], [24.484138499999805, 37.39606849908927], [24.474138999999788, 37.39019949908929], [24.46891599999982, 37.396458499089306], [24.4555684999998, 37.393684499089325], [24.45449099999982, 37.384889499089354], [24.458778499999834, 37.37783449908941], [24.449978999999804, 37.36739899908954], [24.44110649999977, 37.34782699908965], [24.43099199999982, 37.346130499089725], [24.426888499999755, 37.33475799908978], [24.393016999999865, 37.305125999090095], [24.36483949999982, 37.3001899990901], [24.363782999999806, 37.30854399909007], [24.373782999999786, 37.31086749909001], [24.368787999999764, 37.31992349908988], [24.36977899999978, 37.33219549908979], [24.377231999999783, 37.3386594990898], [24.378347499999798, 37.350700499089605], [24.399852499999838, 37.3665654990895], [24.3908134999998, 37.383011999089376], [24.389795499999767, 37.3908919990893], [24.393913499999787, 37.3893739990893], [24.395248999999794, 37.39214799908929], [24.389484499999796, 37.409587999089105], [24.392613999999824, 37.413224999089095], [24.383416999999852, 37.41537449908911], [24.370668499999837, 37.41114399908914], [24.364715499999868, 37.42135649908903], [24.375183999999795, 37.4378899990889], [24.40045349999983, 37.46291749908868], [24.43473999999978, 37.4832419990885], [24.437225499999816, 37.48220799908849], [24.435677499999805, 37.46542449908871], [24.43033149999979, 37.459802499088724], [24.431340999999833, 37.45101949908881], [24.42546449999979, 37.44223399908885], [24.431352499999804, 37.43923199908891], [24.434379499999793, 37.43890399908894], [24.433570999999777, 37.441898499088886], [24.439527499999773, 37.44049849908888], [24.443362999999774, 37.437221499088935], [24.44224199999984, 37.43032499908903], [24.468206499999827, 37.427722999088964]]], [[[24.96683099999978, 37.41496299908908], [24.964029499999796, 37.410323999089165], [24.972860499999776, 37.40103549908924], [24.960546499999825, 37.39717849908927], [24.948564499999815, 37.38348399908935], [24.943786499999806, 37.38292699908937], [24.942823499999804, 37.390407499089356], [24.876617499999824, 37.36286549908956], [24.884843499999832, 37.39180199908927], [24.879274499999838, 37.39828099908927], [24.862275999999806, 37.3947449990893], [24.856848499999796, 37.39859749908926], [24.85758999999986, 37.412086499089135], [24.88672999999978, 37.43753799908891], [24.889507499999823, 37.44598399908886], [24.893853999999827, 37.445499499088825], [24.899490499999814, 37.45711899908876], [24.89460499999979, 37.46479299908869], [24.89459399999986, 37.48073599908855], [24.90152149999981, 37.48840699908849], [24.89985649999981, 37.494052999088424], [24.882802999999846, 37.49962599908844], [24.87847899999983, 37.51209649908825], [24.88290199999977, 37.514865999088244], [24.893968499999797, 37.50849899908834], [24.93081299999983, 37.5013389990884], [24.944324499999826, 37.48714449908851], [24.949598499999833, 37.47291149908861], [24.9491289999998, 37.45219799908877], [24.93590549999983, 37.43196849908902], [24.939748999999793, 37.42896249908902], [24.952867999999818, 37.431518499088995], [24.95673949999978, 37.420722999089115], [24.96683099999978, 37.41496299908908]]], [[[23.923980499999765, 37.46619199908871], [23.91569449999985, 37.4791594990886], [23.903618499999794, 37.48403499908856], [23.897801499999797, 37.49074549908844], [23.92949399999979, 37.48190849908857], [23.942049999999774, 37.4603314990887], [23.923980499999765, 37.46619199908871]]], [[[24.32830699999976, 37.55665849908787], [24.315081999999755, 37.54151699908804], [24.293243499999825, 37.52417999908821], [24.275722499999816, 37.52240249908815], [24.27177249999984, 37.544901499088006], [24.27938299999982, 37.573328499087765], [24.27550949999978, 37.57921499908769], [24.264915499999773, 37.58416999908764], [24.27007249999978, 37.59377249908759], [24.267435499999824, 37.60645099908748], [24.27087599999983, 37.61466499908741], [24.29014399999979, 37.645882499087186], [24.294439499999843, 37.658411999087086], [24.327682499999778, 37.66555299908698], [24.32677849999977, 37.668558999086976], [24.319555999999835, 37.66978699908697], [24.313222999999773, 37.66600699908697], [24.32568249999977, 37.6780159990869], [24.34967199999977, 37.68466349908681], [24.362388499999803, 37.68385549908684], [24.38667349999982, 37.67514599908685], [24.41029749999978, 37.65199949908708], [24.387457999999803, 37.60806149908749], [24.356626499999823, 37.57420249908776], [24.32830699999976, 37.55665849908787]]], [[[24.745658999999776, 37.59169399908758], [24.660823999999774, 37.60041099908756], [24.64983349999982, 37.60596099908752], [24.68458149999985, 37.60655999908753], [24.701688499999797, 37.61803449908737], [24.708930999999794, 37.63052749908728], [24.716882499999826, 37.62880349908729], [24.743146999999766, 37.63333499908729], [24.73596899999978, 37.60171349908749], [24.745658999999776, 37.59169399908758]]], [[[24.152482499999806, 37.73641249908637], [24.14932849999979, 37.72896549908648], [24.151036999999842, 37.72034849908653], [24.1365974999998, 37.71277799908655], [24.125959499999794, 37.680106999086874], [24.106073499999862, 37.64509199908714], [24.10129449999977, 37.65629949908703], [24.10463899999983, 37.67958849908687], [24.128350999999782, 37.74075299908639], [24.142785999999806, 37.7568669990862], [24.152482499999806, 37.73641249908637]]], [[[23.555390499999785, 37.749997999086354], [23.535885499999846, 37.74292199908633], [23.540824499999843, 37.72825499908651], [23.528618999999814, 37.72067599908653], [23.521547499999762, 37.710174999086576], [23.52535899999982, 37.692757999086794], [23.518076499999808, 37.68749799908682], [23.4786409999998, 37.67351799908691], [23.452401999999843, 37.687602999086806], [23.450328999999826, 37.69216249908673], [23.468717999999797, 37.6994784990867], [23.462406999999782, 37.71516849908662], [23.457650999999824, 37.72065499908656], [23.433946499999777, 37.729110999086444], [23.43025949999981, 37.74310649908641], [23.42680249999985, 37.74392949908637], [23.42935949999977, 37.745158499086365], [23.41781749999984, 37.7614939990862], [23.424137499999794, 37.7660824990862], [23.439582999999764, 37.76515299908613], [23.48575499999982, 37.775030499086114], [23.486951499999787, 37.772869499086106], [23.56295449999982, 37.77049099908615], [23.565091999999844, 37.7640834990862], [23.556528499999796, 37.75568449908625], [23.555390499999785, 37.749997999086354]]], [[[24.90104299999983, 37.90375899908507], [24.94122249999985, 37.90216799908508], [24.954902499999843, 37.89677049908511], [24.956836499999813, 37.87286399908532], [24.93469449999982, 37.84371549908556], [24.94171149999981, 37.83682649908557], [24.95250149999978, 37.83906549908561], [24.980680499999856, 37.813255499085756], [24.966817999999773, 37.79944599908589], [24.965604499999813, 37.79178849908592], [24.95174399999981, 37.775459499086075], [24.95186599999978, 37.771392999086075], [24.956058499999834, 37.76696399908613], [24.976613999999827, 37.77376199908614], [24.997283999999798, 37.772910999086086], [25.000367999999792, 37.769729499086125], [24.985116999999846, 37.74498349908636], [24.981698999999836, 37.73102549908648], [24.956348499999756, 37.703374499086706], [24.96360949999977, 37.68472649908685], [24.960768999999853, 37.682577499086875], [24.951349499999765, 37.68291449908689], [24.92789849999982, 37.70004449908672], [24.912990499999832, 37.71894549908654], [24.886863999999854, 37.76711649908613], [24.870043999999847, 37.76695449908613], [24.851665999999806, 37.77684399908613], [24.84312649999979, 37.79373549908595], [24.82537849999983, 37.796882499085896], [24.82609749999981, 37.81311799908582], [24.813493499999765, 37.82116149908568], [24.799365499999826, 37.823928999085666], [24.797906999999853, 37.83473599908563], [24.766439499999823, 37.87546549908525], [24.738909999999844, 37.88256549908521], [24.73187449999984, 37.88769899908519], [24.720192499999783, 37.873575499085305], [24.709384999999784, 37.87138799908533], [24.706729999999848, 37.88874449908517], [24.710178499999806, 37.89161549908512], [24.699630499999778, 37.9002874990851], [24.693205499999838, 37.92027199908495], [24.679916499999777, 37.92491899908492], [24.682735499999787, 37.92762349908483], [24.6909314999998, 37.9259794990849], [24.692559999999805, 37.941570999084746], [24.68508949999978, 37.94921899908466], [24.692907499999784, 37.96604899908454], [24.721525999999805, 37.97680899908445], [24.739343499999833, 37.98941799908437], [24.78924799999981, 37.99959199908428], [24.79288499999982, 37.99790949908432], [24.790698999999783, 37.9782674990844], [24.794885499999786, 37.96929949908453], [24.821368499999775, 37.96609899908451], [24.831964499999767, 37.95943449908462], [24.826610999999847, 37.93860649908479], [24.843367999999792, 37.91112899908499], [24.864360999999832, 37.90865699908501], [24.881412499999815, 37.90034499908507], [24.90104299999983, 37.90375899908507]]], [[[24.24662599999977, 37.9753839990845], [24.233514999999787, 37.97877149908445], [24.228325499999833, 37.98497399908441], [24.24437149999984, 38.01571599908421], [24.256410999999815, 38.02403249908409], [24.2738704999998, 38.01421349908415], [24.28267299999981, 38.00266649908424], [24.28431349999983, 37.99303449908434], [24.27478799999977, 37.97721499908445], [24.25916899999984, 37.97993449908439], [24.24662599999977, 37.9753839990845]]], [[[24.279371499999847, 38.03424349908403], [24.28605499999977, 38.03766949908396], [24.29557649999986, 38.034346499084016], [24.293493499999816, 38.01046299908418], [24.285869999999832, 38.01135349908414], [24.277710499999817, 38.01838599908412], [24.279371499999847, 38.03424349908403]]], [[[23.378492499999826, 38.994973999076926], [23.371867499999855, 38.982982499076996], [23.376662999999798, 38.97146599907714], [23.38618649999978, 38.96083049907723], [23.429721999999835, 38.953624999077235], [23.432174499999807, 38.93728999907732], [23.424521499999774, 38.922340499077464], [23.426233499999764, 38.90583049907755], [23.438554999999795, 38.88614649907768], [23.44039699999979, 38.869971999077805], [23.458608499999826, 38.846389499078], [23.47549099999985, 38.83377849907807], [23.512415999999792, 38.82224649907816], [23.521537999999776, 38.80782699907829], [23.542127999999785, 38.79809399907835], [23.553415499999797, 38.79872499907832], [23.57465449999986, 38.78533149907841], [23.582465999999858, 38.78735349907837], [23.58880999999976, 38.784805499078416], [23.58501449999978, 38.77517699907842], [23.593316999999814, 38.76450499907852], [23.60747649999978, 38.768517499078484], [23.62991699999978, 38.75469949907864], [23.651008999999842, 38.75654599907864], [23.682121499999806, 38.75263599907861], [23.70477099999978, 38.76874549907852], [23.73904599999984, 38.73174649907877], [23.749419999999855, 38.726360499078844], [23.754823499999837, 38.70664599907895], [23.77215749999982, 38.69881449907903], [23.790288999999813, 38.699180499079034], [23.810487499999848, 38.694206499079094], [23.827676999999778, 38.68366249907913], [23.836866499999847, 38.683284999079156], [23.859529499999777, 38.670932999079184], [23.89235099999983, 38.67766799907914], [23.90010449999983, 38.6730384990792], [23.918044999999818, 38.67085249907926], [23.950515999999833, 38.66071699907935], [23.960248499999793, 38.6625039990793], [23.980045499999825, 38.6766584990792], [24.02333249999982, 38.68072149907917], [24.030179499999786, 38.67866999907917], [24.04704299999984, 38.68708399907913], [24.06149399999985, 38.679517499079196], [24.077857999999782, 38.679733499079134], [24.10252749999983, 38.668701499079205], [24.12457399999982, 38.66659349907924], [24.155114999999842, 38.65118799907932], [24.152370499999773, 38.646362499079416], [24.139518499999813, 38.64550399907935], [24.121875999999787, 38.62872299907951], [24.12015899999983, 38.60785649907968], [24.122716999999827, 38.59658799907973], [24.13264849999982, 38.58481599907985], [24.155215999999843, 38.56908049907999], [24.1944264999998, 38.548040499080116], [24.21746649999984, 38.53032349908027], [24.230169999999863, 38.52611949908026], [24.22143849999977, 38.51388599908031], [24.20016499999978, 38.49900799908044], [24.186704499999834, 38.484096499080536], [24.190478499999816, 38.4554444990808], [24.183847499999786, 38.42840599908096], [24.19777099999976, 38.423625999081], [24.207446999999846, 38.41147599908113], [24.20125199999984, 38.40603649908113], [24.1952304999998, 38.41096499908113], [24.187930999999796, 38.40822199908112], [24.181846499999782, 38.39474849908126], [24.212381499999832, 38.379691999081345], [24.216124999999774, 38.366588499081466], [24.213273499999833, 38.35840449908153], [24.21576899999981, 38.34996399908159], [24.20473649999985, 38.338241499081654], [24.237870999999778, 38.31344999908183], [24.235732999999804, 38.30594649908188], [24.255039499999842, 38.288509499082025], [24.25333599999976, 38.25863649908225], [24.256079499999824, 38.2513389990823], [24.247898999999762, 38.241681499082404], [24.247853999999766, 38.2311704990825], [24.255950999999854, 38.22573449908255], [24.272360499999827, 38.19811249908276], [24.288894499999788, 38.196506499082766], [24.29776749999978, 38.191722999082785], [24.30068949999978, 38.18629049908284], [24.31250699999986, 38.182460999082835], [24.328611499999823, 38.18697349908278], [24.33151849999983, 38.18009399908285], [24.328231999999858, 38.16876999908292], [24.350045999999804, 38.155269499083055], [24.361091499999866, 38.156982499083014], [24.370021999999814, 38.162570499083046], [24.391952499999803, 38.16582499908299], [24.39847199999984, 38.16285699908302], [24.404969999999782, 38.15438849908309], [24.433612999999788, 38.14415749908317], [24.463077499999823, 38.14152899908313], [24.476909999999815, 38.14251899908315], [24.490756999999775, 38.14791499908309], [24.554555999999817, 38.1411399990832], [24.58169349999978, 38.157214999083074], [24.587070499999783, 38.158894999083074], [24.591596499999813, 38.156238499083024], [24.589940999999794, 38.1360589990832], [24.58286499999981, 38.127559499083276], [24.574031999999846, 38.10703649908346], [24.57544899999976, 38.09971999908353], [24.582046499999766, 38.09227749908357], [24.576909999999764, 38.08633799908361], [24.57828349999981, 38.075534999083715], [24.587980999999807, 38.066825999083775], [24.587022999999856, 38.05629349908387], [24.583860499999847, 38.054229499083824], [24.581226499999865, 38.02309399908407], [24.568092499999835, 38.011394499084155], [24.556897999999794, 37.97853099908445], [24.53642849999981, 37.9727784990845], [24.510713999999812, 37.94909299908471], [24.49951749999978, 37.94915949908471], [24.472408499999776, 37.95885099908466], [24.475195999999844, 37.96766549908454], [24.47125749999984, 37.98158349908439], [24.4553354999998, 38.001640499084296], [24.42777449999979, 38.0129774990842], [24.41459449999978, 38.01327899908421], [24.392963499999787, 38.00621399908418], [24.38658149999985, 37.99444949908433], [24.38607799999984, 37.98512249908443], [24.391788499999823, 37.97772999908443], [24.40329549999979, 37.97835949908446], [24.390887999999833, 37.97170849908453], [24.38796249999981, 37.96173449908455], [24.382842999999784, 37.96079649908459], [24.35710699999979, 37.97572349908444], [24.336779999999784, 37.99232199908437], [24.331981499999852, 38.01275649908414], [24.31135349999981, 38.017699999084115], [24.304753999999814, 38.032458999084], [24.319158999999846, 38.03992849908399], [24.321737499999852, 38.04640199908389], [24.306779999999847, 38.06962199908372], [24.297776999999765, 38.07184599908369], [24.286750999999807, 38.06783649908371], [24.286874999999853, 38.078929999083655], [24.282838999999782, 38.08478949908357], [24.24644099999983, 38.0961724990835], [24.23257449999977, 38.08923299908357], [24.208481499999827, 38.0886814990836], [24.205535999999828, 38.107173999083486], [24.207529499999836, 38.11415249908341], [24.21400449999983, 38.12018599908334], [24.212365999999797, 38.12378299908328], [24.207172499999782, 38.1270024990833], [24.18572449999984, 38.123920499083304], [24.179403499999797, 38.126022499083305], [24.18432049999985, 38.13944249908317], [24.191863499999837, 38.146919499083175], [24.202826999999857, 38.149529999083114], [24.20947999999984, 38.16037199908305], [24.20734399999985, 38.17983249908289], [24.19196299999981, 38.18923199908284], [24.185785499999827, 38.21521749908259], [24.160601499999846, 38.22786149908248], [24.14445699999986, 38.2251434990825], [24.125288999999825, 38.212367999082645], [24.118372499999808, 38.22143949908256], [24.138213999999792, 38.23929999908236], [24.139152499999817, 38.25012149908239], [24.147952999999845, 38.260997999082235], [24.158469999999788, 38.26704799908219], [24.15385249999983, 38.2720754990822], [24.15374399999982, 38.27940399908215], [24.13862999999984, 38.28169999908213], [24.130548499999794, 38.273913999082154], [24.124582999999767, 38.25827599908227], [24.113200499999795, 38.2532809990823], [24.106202999999827, 38.2588464990823], [24.105088999999758, 38.268886999082184], [24.09513099999979, 38.28019699908211], [24.109276999999796, 38.288425499082], [24.121112999999806, 38.30257399908193], [24.10897849999979, 38.30091849908192], [24.10783699999975, 38.31562049908182], [24.08679949999984, 38.32342549908175], [24.075471999999813, 38.32100649908181], [24.04182249999981, 38.32353949908176], [24.022428499999815, 38.328536999081756], [24.026407499999795, 38.33710799908165], [24.047792499999854, 38.33605999908173], [24.05937949999978, 38.341236499081624], [24.060334999999792, 38.34812949908161], [24.053201499999844, 38.35699649908157], [24.0497014999998, 38.37010549908146], [24.058135999999834, 38.378978499081384], [24.048600999999785, 38.395148999081265], [24.044709999999803, 38.39585499908124], [24.032613499999826, 38.3889999990813], [24.016685499999816, 38.38983549908132], [24.00888449999979, 38.398387999081194], [23.99734949999982, 38.402648999081194], [23.96039599999983, 38.38698199908132], [23.94439499999982, 38.38918299908133], [23.93553949999977, 38.38463599908129], [23.89916049999979, 38.3845824990813], [23.89105999999978, 38.385493499081264], [23.88356999999982, 38.391193499081226], [23.868665499999764, 38.39097949908128], [23.858968499999808, 38.399005999081155], [23.842262999999775, 38.403274499081164], [23.820642499999767, 38.404296999081204], [23.79855349999981, 38.38973599908126], [23.766994999999802, 38.393139999081235], [23.748222499999805, 38.4011804990812], [23.735898999999783, 38.399131999081185], [23.723417499999833, 38.4094809990811], [23.69205849999981, 38.4129754990811], [23.67300049999982, 38.41031249908115], [23.66821649999985, 38.40198149908121], [23.66198549999979, 38.39852149908122], [23.646932499999796, 38.39972749908116], [23.640609999999807, 38.40571199908111], [23.640959499999862, 38.412460999081084], [23.636958999999788, 38.41906349908109], [23.62163349999981, 38.428741499081006], [23.620540499999787, 38.447913999080825], [23.608107999999806, 38.45493549908079], [23.596019499999777, 38.44909299908085], [23.588145999999796, 38.449905499080835], [23.589404999999786, 38.46202449908073], [23.594524999999845, 38.46881049908065], [23.60472499999985, 38.47475799908065], [23.61699099999982, 38.47004699908071], [23.62392249999984, 38.47541399908065], [23.627269999999793, 38.48145299908059], [23.627206999999814, 38.49641049908047], [23.634279499999778, 38.50465399908045], [23.635608499999787, 38.511165499080406], [23.629996999999822, 38.52181799908029], [23.626476499999768, 38.54240799908014], [23.61037649999983, 38.55472199908009], [23.60085299999984, 38.57010649907995], [23.594785499999816, 38.57367299907988], [23.57067299999976, 38.572666499079915], [23.55767049999978, 38.58280199907984], [23.528444499999857, 38.57759099907985], [23.51180649999981, 38.58705499907982], [23.49670999999985, 38.61413199907964], [23.4927074999998, 38.630365499079495], [23.46419499999984, 38.64805199907939], [23.44878599999979, 38.64935299907939], [23.439855499999844, 38.672927999079214], [23.430167999999785, 38.68268599907915], [23.410175499999834, 38.692988999079084], [23.38594649999982, 38.69820799907904], [23.350639499999815, 38.725223499078844], [23.32146549999984, 38.761560499078556], [23.300834499999812, 38.77057249907851], [23.282696999999864, 38.76707449907857], [23.279023999999804, 38.77684399907842], [23.26467499999979, 38.78182999907845], [23.24760449999984, 38.79685949907835], [23.23407349999983, 38.799987999078276], [23.222371499999806, 38.8163564990782], [23.19660199999979, 38.83467099907802], [23.13390549999984, 38.85244749907791], [23.11561599999984, 38.844272499078], [23.082284999999814, 38.83857349907804], [23.041315499999804, 38.858787499077884], [23.032821499999823, 38.8819964990777], [22.990104499999816, 38.88124449907775], [22.96449099999983, 38.89061749907765], [22.951944499999833, 38.883640499077735], [22.9484349999998, 38.87702949907772], [22.951556999999834, 38.87390499907777], [22.96466999999981, 38.875678999077735], [22.985719499999824, 38.8692589990778], [22.992284499999805, 38.86348099907787], [22.99257449999982, 38.857764999077915], [22.989721499999842, 38.85065499907794], [22.98422449999985, 38.84721349907797], [22.959987499999805, 38.83611699907811], [22.91243199999976, 38.83589949907805], [22.901424499999823, 38.839805499078], [22.886462999999754, 38.839206499077996], [22.877397499999827, 38.834632999078075], [22.859208999999836, 38.83377099907808], [22.830732999999793, 38.8260234990781], [22.8337859999998, 38.84822449907792], [22.85190549999986, 38.86736399907787], [22.86358849999982, 38.86903749907787], [22.879084999999833, 38.87636249907779], [22.900609999999844, 38.87869999907774], [22.907836999999798, 38.884982999077685], [22.942216999999843, 38.897544999077645], [22.992613499999848, 38.90953799907752], [23.00825299999979, 38.90968699907758], [23.009584499999825, 38.91585149907751], [23.034339999999787, 38.92594549907738], [23.038713499999805, 38.93758749907733], [23.04959999999977, 38.94368749907734], [23.070642499999824, 38.93852249907732], [23.08183099999982, 38.94114299907733], [23.087316499999833, 38.950980999077245], [23.09465649999981, 38.981815999077035], [23.121888999999822, 38.99916849907694], [23.12923999999982, 39.007640999076855], [23.165265999999804, 39.00840749907685], [23.182189999999803, 39.00313199907692], [23.20418149999978, 39.00416949907688], [23.21261649999976, 39.01395399907681], [23.23117849999984, 39.02236199907673], [23.24940499999978, 39.02326949907676], [23.27508249999982, 39.0350294990767], [23.296218499999803, 39.0387824990767], [23.319246499999824, 39.03709849907664], [23.33975999999981, 39.01521999907684], [23.35372949999986, 39.009349999076846], [23.376756499999807, 39.00732049907689], [23.378492499999826, 38.994973999076926]]], [[[24.6030339999998, 38.764936499078516], [24.624716499999785, 38.75916449907856], [24.627272499999798, 38.756608999078594], [24.626238499999776, 38.74831249907868], [24.600428499999783, 38.749105999078616], [24.594574499999833, 38.75350349907863], [24.59922499999977, 38.76342549907857], [24.6030339999998, 38.764936499078516]]], [[[24.505087999999812, 38.82393049907813], [24.496422999999805, 38.816938499078226], [24.491347499999783, 38.79814349907836], [24.4789589999998, 38.80537649907822], [24.4786154999998, 38.808656499078246], [24.49933599999977, 38.83568949907809], [24.506609999999796, 38.83860199907809], [24.505087999999812, 38.82393049907813]]], [[[24.37251699999984, 38.84007649907803], [24.37023949999978, 38.83229799907806], [24.35319499999985, 38.82772649907813], [24.34426149999983, 38.83091699907812], [24.342061999999828, 38.83658949907803], [24.353208499999813, 38.84996799907793], [24.37251699999984, 38.84007649907803]]], [[[24.62212999999983, 38.84959199907801], [24.65506049999976, 38.8314759990781], [24.665754999999823, 38.82387299907816], [24.671143999999845, 38.81143349907823], [24.67825799999978, 38.81103299907823], [24.682884499999773, 38.79426449907834], [24.675543499999797, 38.78514249907842], [24.681900999999833, 38.78009599907842], [24.682240499999775, 38.77581949907846], [24.650259999999847, 38.7672174990785], [24.632834999999783, 38.774266999078456], [24.631321999999834, 38.768490999078516], [24.62050349999981, 38.76377649907857], [24.608995999999806, 38.76994899907855], [24.601834499999768, 38.783834499078374], [24.592627499999764, 38.79005249907838], [24.569630499999814, 38.7832034990784], [24.570238999999805, 38.760640999078596], [24.563663999999797, 38.762330999078536], [24.547204999999813, 38.781516499078435], [24.531567499999774, 38.784974999078415], [24.530426999999825, 38.795632999078315], [24.567734499999794, 38.80727949907828], [24.566708499999812, 38.83881549907807], [24.554979999999812, 38.843305499078014], [24.54214549999979, 38.834733999078075], [24.535486999999804, 38.84040649907808], [24.533749499999836, 38.85013749907793], [24.505921999999803, 38.84229099907802], [24.50564849999982, 38.850984499077924], [24.509743499999807, 38.857533999077916], [24.48640249999982, 38.85429949907792], [24.477411499999832, 38.874360999077766], [24.465963999999815, 38.86719699907782], [24.45904249999983, 38.88067049907777], [24.44112599999978, 38.87492549907774], [24.430761999999795, 38.87903749907777], [24.45325599999978, 38.89569649907766], [24.451983499999834, 38.906137499077545], [24.45472649999977, 38.909421499077546], [24.461762499999818, 38.910352499077575], [24.468639999999805, 38.91613549907748], [24.46540349999981, 38.92578649907747], [24.453921499999776, 38.93723249907736], [24.448940999999802, 38.949101999077314], [24.459080499999775, 38.96318599907715], [24.48611699999982, 38.98084799907706], [24.48799149999984, 38.97685799907709], [24.504719499999783, 38.97089199907716], [24.53644749999978, 38.94768299907724], [24.580870499999804, 38.9251384990774], [24.578640499999768, 38.917264999077474], [24.570702499999786, 38.90906699907753], [24.571038499999787, 38.89681799907763], [24.576431999999823, 38.88414949907775], [24.570277499999797, 38.872462499077805], [24.595758999999788, 38.86816599907788], [24.604330999999824, 38.85568599907788], [24.62212999999983, 38.84959199907801]]], [[[24.11557249999986, 39.10460299907623], [24.119696499999844, 39.099704999076266], [24.118759999999806, 39.083808999076346], [24.115638999999856, 39.07920699907637], [24.12682999999979, 39.06573549907649], [24.11554049999979, 39.05817399907653], [24.10157649999983, 39.05599599907654], [24.10807149999979, 39.06927749907643], [24.099697999999837, 39.09159449907628], [24.11557249999986, 39.10460299907623]]], [[[23.728948499999795, 39.12089599907612], [23.73864199999981, 39.12037649907613], [23.742473499999843, 39.13012749907604], [23.754581499999798, 39.13133249907602], [23.781277999999862, 39.13007199907607], [23.793199499999844, 39.12356949907608], [23.76664149999977, 39.08904249907634], [23.743872499999775, 39.08425549907635], [23.73939699999984, 39.07830799907642], [23.72537999999985, 39.07061749907645], [23.709792999999813, 39.07354349907641], [23.707109499999827, 39.08390449907634], [23.698368499999834, 39.087995499076335], [23.67766749999979, 39.0852984990763], [23.66053399999978, 39.08771249907636], [23.656022999999838, 39.09823249907631], [23.65471449999984, 39.1222344990761], [23.643953499999782, 39.13750849907599], [23.628047999999854, 39.14531699907596], [23.620839999999784, 39.161773499075885], [23.606470999999807, 39.17450149907572], [23.600994999999777, 39.18592649907567], [23.591073999999768, 39.19534299907562], [23.58950999999977, 39.20245749907555], [23.591995499999808, 39.20666499907557], [23.610517499999858, 39.21031199907549], [23.61395849999982, 39.19749449907563], [23.634546499999843, 39.191592999075624], [23.636886999999785, 39.182168999075664], [23.641957999999782, 39.17678449907578], [23.656572499999832, 39.168464499075775], [23.721208499999847, 39.147433999075965], [23.723708999999793, 39.14479049907592], [23.72433849999983, 39.127338499076046], [23.728948499999795, 39.12089599907612]]], [[[23.98724749999984, 39.18233899907568], [23.978629999999853, 39.16458549907583], [23.95053649999984, 39.1673889990758], [23.938428999999843, 39.18091999907571], [23.941715499999805, 39.18511999907565], [23.973899999999823, 39.191333999075574], [23.978475499999774, 39.19498849907561], [23.978202999999784, 39.201610999075584], [23.97197999999977, 39.20536449907554], [23.965012999999832, 39.21767549907542], [23.97188949999984, 39.24014299907529], [23.980576499999795, 39.231067999075336], [23.97977049999981, 39.21291349907553], [23.98999799999978, 39.20868699907553], [23.983643499999808, 39.192914999075654], [23.98724749999984, 39.18233899907568]]], [[[23.832668499999777, 39.141116999076026], [23.828679999999817, 39.151836499075955], [23.83348449999979, 39.155906499075876], [23.84160599999986, 39.159339999075826], [23.848125499999806, 39.157624999075864], [23.855157999999832, 39.16546599907584], [23.870511999999778, 39.1700169990758], [23.879430999999837, 39.176803499075746], [23.87314149999983, 39.192743999075624], [23.876794999999785, 39.205077999075556], [23.886457499999814, 39.21895599907549], [23.91227349999977, 39.232105499075374], [23.91555599999985, 39.249767499075226], [23.929927499999774, 39.26205799907518], [23.945615999999774, 39.28711299907508], [23.953062999999805, 39.290773999075], [23.957557499999805, 39.275317999075064], [23.98245999999985, 39.26824199907514], [23.979205999999824, 39.258830999075194], [23.932560999999797, 39.207591499075576], [23.920491999999783, 39.177531999075725], [23.90275399999985, 39.16628149907581], [23.879226499999795, 39.15729549907587], [23.85871599999979, 39.13485999907599], [23.849066499999772, 39.13520049907601], [23.842677999999832, 39.14186849907593], [23.832668499999777, 39.141116999076026]]], [[[24.094423499999785, 39.33082199907472], [24.094844999999843, 39.31057749907484], [24.06774699999977, 39.29344949907503], [24.06064199999979, 39.300292999074905], [24.048169999999825, 39.30439749907494], [24.05540249999979, 39.31362149907487], [24.06635849999982, 39.312713499074874], [24.066211499999824, 39.315860999074786], [24.057470499999837, 39.322143499074805], [24.046950999999773, 39.31854249907486], [24.041459999999834, 39.32256699907476], [24.046358499999776, 39.332435999074754], [24.045726999999836, 39.342459999074705], [24.061607499999823, 39.36380749907454], [24.071941499999816, 39.36907199907444], [24.076865999999775, 39.35875149907456], [24.07407949999979, 39.351939999074574], [24.06412099999978, 39.344333499074615], [24.069535999999825, 39.342708499074654], [24.07935499999984, 39.35513699907458], [24.09066749999979, 39.35556049907461], [24.098695499999756, 39.34934599907463], [24.094423499999785, 39.33082199907472]]], [[[24.321718499999786, 39.366458999074524], [24.332031499999818, 39.36893099907451], [24.33157999999985, 39.35059549907463], [24.32246799999981, 39.331702999074764], [24.31207449999978, 39.33760399907466], [24.31913949999983, 39.3494259990746], [24.321718499999786, 39.366458999074524]]], [[[24.167394499999773, 39.410785499074194], [24.17621599999985, 39.431026999074106], [24.177379499999837, 39.40621949907427], [24.18495199999978, 39.39778749907431], [24.176347499999803, 39.38051599907444], [24.167063499999834, 39.37545799907449], [24.157856999999787, 39.363178999074506], [24.136472499999762, 39.370410999074466], [24.15626349999983, 39.382667499074365], [24.159072999999857, 39.402934999074304], [24.167394499999773, 39.410785499074194]]], [[[23.47187849999982, 40.049923999070444], [23.493444499999846, 40.03395849907053], [23.529800499999787, 40.01764299907061], [23.637273999999834, 39.983928499070764], [23.66778049999984, 39.980891999070785], [23.67669149999977, 39.97442049907085], [23.67679199999983, 39.966232499070834], [23.692659499999802, 39.93341849907107], [23.71153249999985, 39.9283294990711], [23.74368649999984, 39.9317399990711], [23.749601499999862, 39.91723599907113], [23.7142669999998, 39.90870099907119], [23.68550499999981, 39.91724849907119], [23.65134999999982, 39.915433999071176], [23.593126499999862, 39.92109999907117], [23.579301999999814, 39.93145749907109], [23.553754999999818, 39.93516549907108], [23.49317149999982, 39.96144799907094], [23.465194499999765, 39.969665499070835], [23.443261999999788, 39.97048199907089], [23.413974999999787, 39.95957199907091], [23.378432999999788, 39.96230699907086], [23.355197999999774, 39.953880499070934], [23.3760339999998, 39.98196049907082], [23.38192749999982, 39.99904249907073], [23.37960999999983, 40.007992499070646], [23.36291649999981, 40.024234999070565], [23.358907499999837, 40.03713249907049], [23.343076499999768, 40.05324949907041], [23.33802999999984, 40.06879049907029], [23.312833999999853, 40.07894899907028], [23.30852899999981, 40.08463649907017], [23.30676849999981, 40.101886999070096], [23.321998499999797, 40.127762499069945], [23.316551499999775, 40.14206699906993], [23.32619299999984, 40.1793939990697], [23.325464499999782, 40.19129199906963], [23.321552499999846, 40.19574749906957], [23.334413499999837, 40.19665899906958], [23.347547499999777, 40.18270499906964], [23.350522999999857, 40.1663549990697], [23.362737499999835, 40.14658349906985], [23.374940999999783, 40.140567999069894], [23.39692649999979, 40.13925149906995], [23.417336499999827, 40.12625549906996], [23.436703999999764, 40.10300449907009], [23.454295999999786, 40.069693499070304], [23.47187849999982, 40.049923999070444]]], [[[23.88418399999982, 40.329326499068905], [23.891766499999786, 40.334684999068855], [23.916255999999766, 40.34237649906885], [23.92424949999982, 40.330814999068885], [23.92216899999981, 40.3205224990689], [23.925113999999848, 40.31765749906893], [23.93587399999982, 40.31777399906897], [23.948945999999783, 40.31005099906897], [23.934757499999815, 40.30911649906902], [23.88418399999982, 40.329326499068905]]], [[[24.727102999999843, 40.77703499906661], [24.731363499999837, 40.76172999906671], [24.753982999999813, 40.7468424990668], [24.773881999999848, 40.7455059990668], [24.7851064999998, 40.7359999990668], [24.77942749999976, 40.731569499066886], [24.772912999999786, 40.73409249906682], [24.7633819999998, 40.732173999066795], [24.75750899999979, 40.718726999066874], [24.760719499999773, 40.707713999066975], [24.777723499999812, 40.70454799906697], [24.781589499999768, 40.68508149906711], [24.76309399999977, 40.6731984990671], [24.773013999999794, 40.62925999906732], [24.779038999999855, 40.61912499906742], [24.774825999999795, 40.60692949906746], [24.7643834999998, 40.61643199906744], [24.760091999999812, 40.61607349906743], [24.743583499999826, 40.60274899906745], [24.72717099999978, 40.602285499067456], [24.70881849999981, 40.595388499067504], [24.698583499999838, 40.59642049906753], [24.661226499999767, 40.57413499906759], [24.64308149999982, 40.57244899906763], [24.640228499999836, 40.582629999067606], [24.619931999999775, 40.58477799906759], [24.616391999999795, 40.59609599906749], [24.606522499999784, 40.608923999067464], [24.590329999999827, 40.620670499067366], [24.576419999999814, 40.626136999067384], [24.532069999999784, 40.62269549906741], [24.524148999999785, 40.63622299906733], [24.51439699999981, 40.643733999067294], [24.51108149999975, 40.66366949906722], [24.513892999999765, 40.671268499067104], [24.525695999999794, 40.68730149906702], [24.52494449999979, 40.69727299906697], [24.53237899999977, 40.70681399906695], [24.5338574999998, 40.71428649906694], [24.55740949999984, 40.739089999066834], [24.56258599999978, 40.76262299906669], [24.581973999999807, 40.759319499066756], [24.598539499999802, 40.777159999066654], [24.6142654999998, 40.78205099906658], [24.64998599999982, 40.80129649906653], [24.668412999999834, 40.78349699906657], [24.694163999999834, 40.776626499066666], [24.71884149999982, 40.78330249906655], [24.727102999999843, 40.77703499906661]]], [[[25.689883999999793, 34.880511999114326], [25.70603399999979, 34.875255499114424], [25.73036199999982, 34.88106149911432], [25.73298449999982, 34.87262749911442], [25.72754899999986, 34.873352999114495], [25.70798899999981, 34.86538299911451], [25.6832124999998, 34.86880099911451], [25.680892999999813, 34.87203599911443], [25.689883999999793, 34.880511999114326]]], [[[26.157602499999825, 34.94077649911364], [26.151058499999802, 34.93377249911374], [26.136663499999802, 34.92951899911384], [26.126610999999833, 34.935893999113745], [26.124547999999848, 34.945101999113625], [26.132179499999783, 34.950270999113606], [26.157602499999825, 34.94077649911364]]], [[[25.742110499999782, 35.295240499109745], [25.75826699999978, 35.286463499109885], [25.751777999999778, 35.27522849910998], [25.7502399999998, 35.25741549911016], [25.738224499999774, 35.255418999110205], [25.735473999999833, 35.25683799911018], [25.74113899999978, 35.26962099911006], [25.73576599999984, 35.28120249910994], [25.738807999999825, 35.29384799910974], [25.742110499999782, 35.295240499109745]]], [[[23.953231999999847, 35.513328499107395], [23.98853499999979, 35.518482499107364], [23.992984999999837, 35.5116729991074], [24.02290899999978, 35.51906949910734], [24.01668149999984, 35.51982499910733], [24.023851499999786, 35.51987049910736], [24.02932149999985, 35.51622749910742], [24.04416799999981, 35.52198599910731], [24.048257999999823, 35.52787399910726], [24.05219249999976, 35.55179999910699], [24.086127999999796, 35.553321999106956], [24.08557449999983, 35.56138549910685], [24.07499049999985, 35.57178049910681], [24.072681499999845, 35.5813824991067], [24.081845999999793, 35.59120049910662], [24.094541499999774, 35.591701999106526], [24.101520499999815, 35.59757999910654], [24.12142199999979, 35.60181049910649], [24.169639499999807, 35.58915699910658], [24.175845999999797, 35.586196499106606], [24.190333499999806, 35.565545999106874], [24.201604999999827, 35.538245999107076], [24.1855919999998, 35.517496499107345], [24.183784499999813, 35.50923149910746], [24.1657749999998, 35.500715499107535], [24.166440999999836, 35.494750999107545], [24.154712499999842, 35.494250499107636], [24.10317699999983, 35.506898999107506], [24.07358349999978, 35.50543999910751], [24.061536999999856, 35.49940849910749], [24.060542999999768, 35.49399949910756], [24.066374999999763, 35.48904399910766], [24.08239199999976, 35.48771249910764], [24.109142499999766, 35.47854599910772], [24.122709499999832, 35.47052399910788], [24.150844499999817, 35.47228649910785], [24.170289999999802, 35.45543649910804], [24.187238499999786, 35.44941699910806], [24.200417999999846, 35.451720999108055], [24.207355499999828, 35.462050999107944], [24.220863499999798, 35.46048349910795], [24.231639999999807, 35.469829499107895], [24.241281499999793, 35.473361999107844], [24.258174999999838, 35.45542549910802], [24.258794999999804, 35.442065999108124], [24.25437799999982, 35.43116749910827], [24.263009999999856, 35.41396349910848], [24.263416999999777, 35.4029179991086], [24.257371999999833, 35.380363499108824], [24.262084999999786, 35.36438349910896], [24.265474499999836, 35.36114099910903], [24.29537199999982, 35.354606499109074], [24.361442499999775, 35.352550499109164], [24.37548449999979, 35.36250699910898], [24.401197499999835, 35.36425399910901], [24.41021749999982, 35.360717499108986], [24.421428999999762, 35.36764599910896], [24.442561999999846, 35.37014399910895], [24.45700849999985, 35.36458949910895], [24.476478499999818, 35.36957149910892], [24.488374499999818, 35.367637499108966], [24.53510499999981, 35.372890499108955], [24.58290649999978, 35.38251499910884], [24.60692999999984, 35.3906744991087], [24.651906999999785, 35.42016599910842], [24.688167499999814, 35.418956999108396], [24.696921999999766, 35.42459849910838], [24.733647499999815, 35.42548199910829], [24.739822499999853, 35.420436999108354], [24.75417249999986, 35.42148349910835], [24.76838899999984, 35.41752649910845], [24.784484999999798, 35.41989149910844], [24.7832944999998, 35.40957649910853], [24.78766999999981, 35.40668849910853], [24.826799999999757, 35.411368499108455], [24.835569499999796, 35.40624999910859], [24.872937999999845, 35.40994249910853], [24.877854999999805, 35.42012149910837], [24.885635499999815, 35.42274399910835], [24.915441499999854, 35.40680699910856], [24.941344499999815, 35.40760799910857], [24.95358449999977, 35.402950499108556], [24.959806499999797, 35.40465949910855], [24.971555499999802, 35.42793649910833], [24.99184999999978, 35.41422049910841], [25.01709949999985, 35.42087949910837], [25.01907599999979, 35.40434649910857], [25.040820999999795, 35.40014649910866], [25.044625999999756, 35.39064799910871], [25.03703699999978, 35.37886449910881], [25.040046499999832, 35.35745999910907], [25.047145999999813, 35.344337499109244], [25.05320349999981, 35.342002999109205], [25.075803999999813, 35.33868399910925], [25.106467999999794, 35.33915349910927], [25.134311499999818, 35.34346749910921], [25.1408539999998, 35.348354499109206], [25.14621449999986, 35.34985899910916], [25.13644999999983, 35.34286099910921], [25.184736499999783, 35.345615999109214], [25.1923044999998, 35.33407199910935], [25.199249499999777, 35.332587999109336], [25.21868299999984, 35.334771999109265], [25.23026799999978, 35.33177649910933], [25.266288999999798, 35.33255399910935], [25.371139499999796, 35.339675999109254], [25.385139499999802, 35.33817699910931], [25.38929899999979, 35.32416899910941], [25.39966199999978, 35.31307999910952], [25.417700499999796, 35.30581649910965], [25.425590499999807, 35.295448499109725], [25.438218999999844, 35.29298799910983], [25.48754299999984, 35.29663099910976], [25.513223499999864, 35.308635999109576], [25.52891149999982, 35.310207499109566], [25.543714499999822, 35.32111749910948], [25.572354499999758, 35.32097249910949], [25.593010499999814, 35.33221499910938], [25.6460549999998, 35.34159449910924], [25.65982699999986, 35.34776899910917], [25.69887049999985, 35.336478999109254], [25.712142999999788, 35.33908449910925], [25.754440999999854, 35.33820749910927], [25.769824999999795, 35.34151449910919], [25.768546999999828, 35.32957849910938], [25.76203899999977, 35.319926999109484], [25.726930499999845, 35.30328049910964], [25.72833249999976, 35.28498049910985], [25.721420499999756, 35.26810149911003], [25.723590999999846, 35.26250849911005], [25.73100099999984, 35.25835399911019], [25.73152899999983, 35.243209999110285], [25.739354999999783, 35.2321889991104], [25.731467999999847, 35.22528099911056], [25.714063499999796, 35.22024549911062], [25.7127174999998, 35.21081549911064], [25.71716699999981, 35.20911049911073], [25.719930499999844, 35.20259849911076], [25.716299499999792, 35.19574349911084], [25.718329999999845, 35.18746549911098], [25.709674999999777, 35.17570499911104], [25.712937999999845, 35.16599299911119], [25.728250499999817, 35.14624749911137], [25.725852999999777, 35.1318929991115], [25.72826199999979, 35.12979549911152], [25.756427999999765, 35.12755299911155], [25.783477999999768, 35.1195294991117], [25.78948199999978, 35.11405949911178], [25.802234499999777, 35.114131999111734], [25.803888499999847, 35.11075949911179], [25.81313499999983, 35.10961549911175], [25.825204999999844, 35.11951049911162], [25.849684499999796, 35.15645599911125], [25.856647499999845, 35.15978249911121], [25.867828999999787, 35.15692899911122], [25.877645499999765, 35.15891649911124], [25.89059649999984, 35.17160799911111], [25.890842499999764, 35.17969149911095], [25.896356499999825, 35.18773649911091], [25.914259499999826, 35.179993999111026], [25.945960999999848, 35.18088549911097], [25.952033999999802, 35.18391849911098], [25.96273599999978, 35.20048149911077], [25.969785499999787, 35.20038649911081], [25.974490999999833, 35.19498049911087], [25.996608999999793, 35.19873049911077], [26.002521499999784, 35.202590999110754], [26.008170499999828, 35.215865999110584], [26.02903349999978, 35.23014449911047], [26.050010499999832, 35.22497549911049], [26.05597899999984, 35.233402999110375], [26.064754499999847, 35.23581299911037], [26.059331999999806, 35.230613499110454], [26.06946199999979, 35.22018049911057], [26.09327099999977, 35.2213059991106], [26.109678499999845, 35.22893549911047], [26.117141499999786, 35.225108999110546], [26.10692799999982, 35.20852649911072], [26.114043999999833, 35.20262549911077], [26.139583499999823, 35.196044999110825], [26.168983499999847, 35.201717499110806], [26.18693449999981, 35.222934499110586], [26.198845999999854, 35.22841449911053], [26.207170999999796, 35.238640499110346], [26.215603499999844, 35.241446499110324], [26.224811499999838, 35.25063099911022], [26.225945999999823, 35.25462549911018], [26.22158349999982, 35.26164599911014], [26.233719999999824, 35.270744499110016], [26.230636499999783, 35.27428799910999], [26.23325549999986, 35.27869449910993], [26.24251049999983, 35.28138149910991], [26.247041499999824, 35.27400599911001], [26.25439849999979, 35.27188499910997], [26.25896249999976, 35.28010949910992], [26.28699699999978, 35.285262999109875], [26.289466999999778, 35.288371999109856], [26.287503999999807, 35.2906989991098], [26.27674299999984, 35.291793999109814], [26.274234999999805, 35.295543499109755], [26.30089749999982, 35.301738499109696], [26.29740899999983, 35.30524849910964], [26.28265749999982, 35.30539299910961], [26.282773999999776, 35.308932999109636], [26.310104499999806, 35.317317999109484], [26.313300999999793, 35.31535699910952], [26.314392499999776, 35.30652999910959], [26.295108999999783, 35.288972999109845], [26.28979699999982, 35.27843099910997], [26.270888999999798, 35.27195349911003], [26.264384999999805, 35.261552499110124], [26.27532199999977, 35.22176749911059], [26.274889499999777, 35.21797749911056], [26.268346499999844, 35.214454499110616], [26.270232999999795, 35.20683699911077], [26.280221999999828, 35.194442499110856], [26.30139549999981, 35.187156499111], [26.316072499999773, 35.19863849911081], [26.31816499999981, 35.181388999110986], [26.303943499999775, 35.17169199911115], [26.289491499999766, 35.173343499111056], [26.280977999999863, 35.1672899991112], [26.277572499999813, 35.149585499111396], [26.283128499999798, 35.13437049911148], [26.28043549999982, 35.123130999111666], [26.28212149999979, 35.11551649911169], [26.278882999999805, 35.10872649911183], [26.26669699999979, 35.10101299911186], [26.27200149999983, 35.087707499112], [26.258138499999795, 35.07642149911214], [26.231096499999833, 35.037379999112595], [26.217195499999846, 35.035163999112655], [26.19391649999984, 35.01488149911283], [26.160248999999773, 35.01354399911285], [26.143940499999804, 35.008287499112924], [26.13946349999984, 35.00167399911301], [26.11918299999977, 34.99733649911307], [26.095856499999822, 34.99626899911305], [26.09317799999981, 35.000838999113014], [26.09710899999981, 35.00605399911297], [26.086757499999795, 35.01821499911282], [26.064316999999797, 35.0216254991128], [26.025824499999832, 35.01652549911286], [26.000997499999812, 35.025581499112704], [25.985751999999785, 35.03766249911259], [25.97720549999981, 35.039069999112584], [25.960471999999857, 35.03148249911265], [25.932639999999804, 35.03457999911265], [25.898050499999833, 35.028499499112684], [25.84434499999978, 35.0150334991128], [25.81179099999983, 35.00121699911303], [25.795570499999773, 34.99812299911303], [25.774501999999785, 35.00011849911301], [25.749483499999823, 35.00942599911287], [25.742261999999794, 35.00926599911288], [25.734449499999798, 35.00442099911296], [25.688476499999776, 35.01422099911281], [25.673852999999788, 35.011527999112865], [25.66259549999977, 35.004199999112984], [25.595603999999813, 35.006919999112924], [25.57251549999985, 34.996951999113065], [25.55784999999985, 34.99597149911305], [25.5477009999998, 34.98896799911318], [25.523869999999775, 34.99110799911311], [25.505770999999815, 34.98244499911319], [25.452701499999797, 34.9909629991131], [25.41702249999983, 34.98601899911319], [25.39536299999979, 34.99539549911307], [25.371886999999823, 34.99789049911307], [25.329145499999836, 34.981803999113204], [25.286529499999848, 34.98560699911312], [25.27940899999982, 34.98201399911325], [25.272508499999788, 34.9696234991134], [25.267852499999847, 34.96753699911337], [25.24812899999985, 34.95913699911344], [25.20774849999982, 34.95144899911353], [25.19472899999976, 34.94557949911361], [25.187759499999796, 34.9465939991136], [25.18658449999983, 34.950896999113525], [25.16654949999982, 34.95428699911349], [25.13713049999983, 34.95310799911356], [25.120643499999836, 34.9477189991136], [25.106296499999814, 34.936481499113754], [25.097417999999813, 34.9335594991138], [25.04511249999987, 34.94229099911371], [25.01640099999979, 34.93147349911381], [24.970136499999807, 34.93296449911378], [24.96516249999984, 34.93104949911379], [24.964181999999806, 34.92465599911387], [24.956393999999797, 34.92588049911382], [24.953756499999788, 34.931129499113744], [24.947808499999788, 34.93237649911379], [24.922422999999842, 34.92862699911386], [24.904691499999824, 34.93197649911375], [24.893165499999792, 34.93036649911379], [24.839851499999803, 34.94110499911364], [24.809827999999793, 34.93629449911376], [24.793426999999816, 34.924499999113834], [24.77905749999979, 34.923891499113864], [24.77268999999981, 34.92779149911382], [24.75480649999983, 34.92297749911392], [24.744504999999773, 34.92548749911382], [24.73335449999982, 34.92192099911391], [24.732009999999768, 34.93185799911381], [24.747498499999832, 34.942353999113664], [24.75308999999982, 34.9547499991135], [24.745307999999778, 34.9646794991134], [24.749896499999824, 34.97296249911332], [24.750570499999814, 34.98277299911324], [24.74583449999982, 34.99357249911307], [24.746637499999824, 35.00389549911294], [24.759856999999823, 35.008224499112934], [24.76010499999982, 35.02278499911281], [24.75214949999981, 35.05726249911235], [24.742086499999772, 35.07876599911213], [24.72251699999982, 35.09254449911194], [24.708419999999787, 35.09276199911201], [24.69442199999977, 35.09747349911195], [24.68582349999985, 35.09450549911198], [24.671867999999794, 35.09810349911193], [24.643957999999778, 35.096372499111915], [24.6081639999998, 35.10053999911189], [24.588668999999797, 35.09728999911187], [24.571366999999785, 35.10570549911183], [24.55741299999977, 35.100974999111905], [24.55940799999982, 35.10267649911189], [24.556434999999762, 35.11006949911182], [24.520621999999815, 35.14356999911145], [24.48301499999984, 35.152473999111336], [24.464150999999823, 35.1490744991114], [24.450917999999774, 35.15191999911134], [24.414384499999812, 35.169864999111155], [24.39231599999977, 35.17577949911107], [24.400306499999832, 35.18205249911097], [24.39615049999978, 35.1896589991109], [24.381812999999834, 35.19477099911085], [24.366254999999793, 35.19140949911085], [24.351375499999758, 35.18309799911096], [24.31998449999985, 35.188945499110936], [24.30426799999984, 35.18544399911099], [24.2840994999998, 35.17498749911109], [24.251983499999763, 35.18267799911104], [24.23051849999983, 35.18125149911098], [24.195471499999847, 35.200788499110764], [24.152976999999776, 35.192584999110835], [24.138612999999765, 35.19525149911082], [24.13404849999984, 35.20259499911073], [24.100597999999785, 35.200050499110816], [24.086440999999848, 35.20337699911078], [24.048879499999817, 35.19399249911085], [24.019895499999755, 35.19991699911079], [24.001601999999778, 35.22112649911059], [23.990180999999822, 35.22903399911052], [23.9793624999998, 35.2314759991104], [23.952336999999783, 35.22972849911043], [23.946081499999828, 35.225371999110514], [23.922631999999833, 35.22150799911053], [23.886369499999816, 35.23693449911035], [23.86741249999983, 35.23603049911042], [23.839342499999805, 35.245971499110304], [23.814441499999795, 35.24862299911027], [23.80491049999981, 35.24653249911026], [23.78420049999982, 35.23172749911043], [23.76674549999985, 35.23180949911046], [23.752036999999852, 35.2400549991104], [23.730258999999776, 35.24079899911039], [23.718393999999765, 35.23727399911037], [23.697965499999796, 35.239002499110356], [23.684947999999814, 35.23310099911045], [23.67993349999978, 35.2242314991105], [23.67502599999981, 35.2246779991105], [23.678739499999846, 35.2299269991105], [23.673969499999792, 35.23516099911045], [23.662076999999815, 35.238521499110355], [23.626664999999825, 35.23241049911044], [23.5966949999998, 35.236572499110416], [23.592590499999833, 35.23606849911038], [23.58977499999985, 35.23132699911042], [23.57595999999978, 35.24023449911033], [23.573562499999834, 35.24569699911033], [23.579936999999774, 35.25361999911023], [23.57895649999983, 35.26131449911014], [23.56177499999984, 35.26898249911001], [23.54781149999984, 35.26832599911005], [23.541301999999835, 35.27122499910998], [23.51756099999979, 35.301021499109716], [23.524448499999803, 35.31352999910953], [23.543988999999844, 35.31861499910949], [23.547866999999812, 35.32245249910944], [23.548057499999764, 35.329173999109415], [23.538623999999764, 35.330497499109384], [23.533672999999833, 35.337331999109324], [23.53767949999978, 35.349788499109195], [23.52962499999983, 35.362174999109044], [23.534828999999824, 35.37237349910892], [23.534045499999834, 35.3810929991088], [23.549148499999795, 35.394851499108654], [23.543914999999846, 35.404755999108524], [23.546123499999794, 35.411990999108454], [23.560932999999807, 35.41595449910842], [23.567800499999766, 35.42466749910831], [23.56993499999981, 35.4452359991081], [23.5665964999998, 35.44843299910808], [23.559161999999827, 35.44748699910808], [23.553613499999837, 35.464713999107914], [23.55526349999985, 35.46913149910788], [23.578052499999817, 35.48592749910768], [23.57983949999979, 35.49773799910759], [23.571014499999777, 35.508815999107455], [23.5679779999998, 35.52764899910721], [23.574466499999847, 35.547897499107066], [23.58282849999983, 35.561504499106924], [23.582933499999815, 35.57628249910675], [23.576913999999846, 35.591083499106624], [23.58518999999982, 35.58956149910655], [23.589025499999828, 35.580161999106714], [23.59320849999981, 35.599586499106444], [23.599707999999787, 35.61114899910635], [23.59563049999983, 35.62820449910621], [23.599088499999777, 35.62693399910618], [23.60773099999979, 35.609409499106434], [23.607970499999798, 35.59891399910651], [23.603000499999805, 35.590694499106576], [23.60577949999979, 35.57194949910675], [23.61284649999983, 35.562602999106865], [23.612319999999784, 35.52050399910726], [23.631404499999842, 35.51436999910739], [23.643939999999823, 35.50218199910754], [23.655051999999788, 35.49958049910751], [23.684327999999766, 35.50072099910754], [23.71771799999979, 35.50806449910747], [23.721896999999792, 35.51332499910737], [23.729083999999812, 35.54634099910708], [23.723884499999837, 35.556148499106946], [23.72435349999983, 35.56689699910681], [23.720870499999773, 35.576298999106704], [23.713157499999838, 35.58514399910666], [23.71061149999977, 35.59481449910655], [23.708167999999826, 35.60854699910638], [23.716314499999836, 35.618705499106326], [23.705264999999798, 35.64062499910605], [23.712220999999797, 35.66295599910582], [23.73772899999985, 35.69454949910545], [23.773618499999827, 35.66851449910577], [23.76299299999979, 35.65597149910593], [23.762263999999867, 35.64826199910592], [23.77193999999977, 35.62777699910619], [23.777395999999833, 35.59778599910653], [23.779693499999855, 35.545493999107], [23.81322649999981, 35.535327999107174], [23.83020649999982, 35.536189999107165], [23.84097849999981, 35.528079999107234], [23.90650199999981, 35.51977549910731], [23.931112999999804, 35.52060749910731], [23.953231999999847, 35.513328499107395]]], [[[25.227067999999775, 35.429080999108315], [25.21065699999977, 35.43759649910821], [25.18378549999979, 35.441735999108175], [25.18346999999979, 35.44687249910813], [25.20483949999982, 35.45679449910803], [25.210418499999843, 35.4641609991079], [25.219436499999837, 35.466415499107896], [25.240057999999788, 35.45204849910806], [25.246188499999786, 35.451537999108005], [25.23864349999981, 35.42911899910835], [25.227067999999775, 35.429080999108315]]], [[[25.821149999999793, 36.3539969990988], [25.786691999999775, 36.34443849909892], [25.77042849999981, 36.34407249909895], [25.738586499999798, 36.352195999098825], [25.72932949999983, 36.359204999098786], [25.727395999999814, 36.366763999098715], [25.73382649999977, 36.375747499098594], [25.765840499999804, 36.39955149909837], [25.767068999999843, 36.40460949909831], [25.77898399999982, 36.39225399909845], [25.821883999999866, 36.37215349909862], [25.829086499999832, 36.36068699909874], [25.83935449999978, 36.35685749909874], [25.85561149999983, 36.3564384990988], [25.85837949999979, 36.353412499098845], [25.843372499999784, 36.34481049909888], [25.821149999999793, 36.3539969990988]]], [[[25.386298999999813, 36.40428149909836], [25.390477999999813, 36.41513049909823], [25.410888499999807, 36.40894299909828], [25.405442999999813, 36.39635099909845], [25.39262499999982, 36.3944834990984], [25.386724499999847, 36.398380499098394], [25.389209499999847, 36.40079549909835], [25.386298999999813, 36.40428149909836]]], [[[25.486785999999817, 36.38085149909854], [25.482295999999838, 36.36833949909866], [25.487022499999846, 36.362006999098796], [25.440940999999818, 36.33169149909907], [25.420977499999776, 36.346040999098896], [25.388741999999798, 36.348379999098874], [25.372256999999795, 36.355766499098806], [25.357888999999812, 36.356164999098816], [25.36557299999983, 36.36350699909872], [25.378564999999828, 36.36703099909867], [25.404541499999834, 36.36062499909875], [25.414521999999796, 36.362079499098755], [25.4343529999998, 36.3917769990984], [25.429103999999814, 36.40166899909831], [25.425414999999855, 36.42361449909809], [25.416051999999823, 36.42898199909806], [25.423736499999794, 36.44419099909795], [25.414684499999826, 36.45838149909785], [25.371192499999832, 36.45793149909784], [25.36952199999981, 36.47187799909772], [25.38654699999982, 36.48160549909761], [25.422506499999805, 36.473067499097716], [25.428235999999853, 36.46096799909779], [25.45263099999983, 36.440562999098], [25.45776549999984, 36.43033199909811], [25.482793999999835, 36.41131599909822], [25.4874169999998, 36.403388999098325], [25.486785999999817, 36.38085149909854]]], [[[25.32669349999982, 36.41918849909822], [25.32413649999982, 36.43182499909808], [25.336644499999828, 36.45642599909781], [25.343526499999836, 36.45944699909782], [25.356690499999857, 36.44543349909798], [25.35462699999983, 36.438721999098036], [25.350548499999796, 36.43855799909804], [25.346366499999807, 36.43310649909805], [25.350629499999837, 36.4270294990981], [25.35070649999981, 36.41121449909827], [25.32669349999982, 36.41918849909822]]], [[[25.132760999999785, 36.66252899909586], [25.078185999999818, 36.63543299909613], [25.059474999999843, 36.63657399909609], [25.06904799999984, 36.654246999095925], [25.089027499999784, 36.67512149909574], [25.088041499999825, 36.68183149909566], [25.09349999999983, 36.692065999095576], [25.12453249999983, 36.704275499095466], [25.139182999999832, 36.71538199909541], [25.168323499999786, 36.71672249909537], [25.183627999999814, 36.71384049909541], [25.17705149999977, 36.69828399909555], [25.159745999999828, 36.688064499095645], [25.152515499999765, 36.67572999909571], [25.143112499999795, 36.67471699909575], [25.132760999999785, 36.66252899909586]]], [[[25.34585949999978, 36.75169749909504], [25.368978499999788, 36.73364649909522], [25.393331499999842, 36.72452149909533], [25.402885499999773, 36.713809999095396], [25.401574999999788, 36.7105904990954], [25.39087649999984, 36.70917499909544], [25.383338999999772, 36.697578499095556], [25.389426499999857, 36.66205249909588], [25.385495999999808, 36.65177149909593], [25.3670689999998, 36.658358499095904], [25.356702999999825, 36.64241799909607], [25.321815999999842, 36.6808014990957], [25.293918499999787, 36.70273899909553], [25.29156499999984, 36.70682149909541], [25.29632399999978, 36.711169999095375], [25.29352199999985, 36.715022999095375], [25.273719999999845, 36.71183249909539], [25.268029999999786, 36.714782999095405], [25.274730499999784, 36.72230899909535], [25.27245349999986, 36.72643649909531], [25.261970499999794, 36.7212219990953], [25.25216749999978, 36.72466849909534], [25.25754349999979, 36.72726049909526], [25.262290999999852, 36.771640999094835], [25.271201999999782, 36.7831384990947], [25.27974749999985, 36.78708099909474], [25.288489499999834, 36.78646249909474], [25.306885499999762, 36.79285449909462], [25.33380299999982, 36.76652499909488], [25.327487999999832, 36.754768499094986], [25.34585949999978, 36.75169749909504]]], [[[25.414989999999793, 36.83260049909431], [25.426208999999822, 36.83760949909419], [25.43150749999982, 36.84640599909416], [25.454132999999842, 36.85608399909405], [25.465574999999852, 36.869538499093906], [25.47486149999977, 36.87026699909396], [25.472371499999802, 36.859759499094025], [25.48149749999976, 36.84419749909425], [25.477995499999817, 36.82880899909431], [25.472011999999815, 36.82473099909436], [25.462148999999798, 36.8263599990943], [25.45193349999985, 36.81890599909438], [25.421972999999806, 36.82296499909436], [25.414989999999793, 36.83260049909431]]], [[[26.065662499999835, 36.89206699909369], [26.052398499999796, 36.90013899909368], [26.02859249999979, 36.89688249909375], [26.006789999999825, 36.89189899909375], [25.991617999999843, 36.8833259990938], [25.972537999999805, 36.87828049909382], [25.95582149999983, 36.86153699909398], [25.93681699999982, 36.854800999094124], [25.92725749999979, 36.84049199909427], [25.91033749999977, 36.832210999094315], [25.9062039999998, 36.8266904990944], [25.904721999999836, 36.81622299909446], [25.895454499999808, 36.812621999094446], [25.870776999999812, 36.790363499094695], [25.841040499999835, 36.78407949909475], [25.826826999999845, 36.78582599909475], [25.81835149999979, 36.78184499909472], [25.8055044999998, 36.7690179990949], [25.77452449999978, 36.7687184990949], [25.757142999999864, 36.77524949909486], [25.740434499999843, 36.792728499094686], [25.741334999999836, 36.7968444990946], [25.750956499999845, 36.79513949909465], [25.756346999999813, 36.79061149909469], [25.771314999999802, 36.806744499094556], [25.782323999999768, 36.811290499094504], [25.810819499999827, 36.8136329990945], [25.82907849999979, 36.808063499094516], [25.85315899999977, 36.816829499094446], [25.848064999999824, 36.82805449909435], [25.864004499999805, 36.82705299909435], [25.866222499999825, 36.830272499094335], [25.855365999999773, 36.83542649909423], [25.84122249999979, 36.83634399909429], [25.839750499999855, 36.839320999094205], [25.844691999999803, 36.85126499909415], [25.882964999999814, 36.86371599909405], [25.9079644999998, 36.866878499094014], [25.945462999999773, 36.88335799909378], [25.977796499999865, 36.90430449909359], [25.975438999999845, 36.90766149909359], [25.954787999999855, 36.9105794990936], [25.958898499999787, 36.91803749909349], [25.9700604999998, 36.92686849909338], [25.995597499999764, 36.929588999093404], [26.002061999999782, 36.93795749909331], [26.018996499999847, 36.933256499093325], [26.044372499999813, 36.91375749909352], [26.08844749999982, 36.89628999909365], [26.065662499999835, 36.89206699909369]]], [[[25.502654999999827, 36.871261499093904], [25.501483999999838, 36.87716299909391], [25.504771999999843, 36.88304499909381], [25.52071849999978, 36.891469999093786], [25.526944999999827, 36.88856549909374], [25.533470499999822, 36.867722499093944], [25.54335599999983, 36.85756299909401], [25.53812999999979, 36.85228749909409], [25.5005034999998, 36.87100199909391], [25.502654999999827, 36.871261499093904]]], [[[25.63580499999983, 36.882612499093824], [25.60751899999979, 36.87900399909389], [25.606155499999772, 36.88791149909382], [25.610360999999838, 36.893476999093735], [25.631323499999844, 36.89725699909374], [25.646835499999806, 36.90939199909359], [25.671607999999758, 36.90101499909366], [25.676012499999853, 36.8912694990937], [25.68280599999982, 36.88537049909381], [25.682410999999824, 36.878843999093895], [25.678434499999792, 36.87459749909394], [25.649209999999815, 36.87639049909385], [25.63580499999983, 36.882612499093824]]], [[[25.552341499999798, 36.9006384990936], [25.558027499999792, 36.906512999093614], [25.595750999999808, 36.925914999093465], [25.598024499999806, 36.91923149909352], [25.58689499999981, 36.91123249909362], [25.579898999999784, 36.91146099909361], [25.568153499999806, 36.89965799909369], [25.55704899999984, 36.89791099909365], [25.552341499999798, 36.9006384990936]]], [[[25.625137499999788, 36.94479949909325], [25.624888999999833, 36.939485499093344], [25.62042999999984, 36.93603499909334], [25.59912499999982, 36.92948149909337], [25.593785999999763, 36.931106499093346], [25.589532999999765, 36.93868999909334], [25.598054999999754, 36.95074099909318], [25.61135099999986, 36.953418499093175], [25.625137499999788, 36.94479949909325]]], [[[25.03019749999983, 36.96191449909307], [24.991686499999844, 36.949424999093196], [24.979814999999828, 36.95968299909312], [24.980846999999862, 36.96447049909305], [24.989393499999835, 36.973619999093], [25.004554999999844, 36.96936449909303], [25.012947999999813, 36.97273899909295], [25.027097999999793, 36.96696149909308], [25.03019749999983, 36.96191449909307]]], [[[25.01863699999979, 36.9836899990929], [25.02215649999976, 36.99320949909285], [25.02112349999982, 37.0122634990926], [25.046129499999815, 37.02284299909255], [25.062618999999835, 37.041781499092345], [25.077931499999806, 37.05009399909235], [25.091080999999786, 37.048220999092365], [25.090759999999776, 37.04349049909234], [25.080333499999774, 37.034604999092466], [25.075098999999835, 37.012190999092645], [25.073656999999802, 36.983470499092874], [25.059405499999777, 36.97108749909302], [25.073368999999783, 36.946688999093226], [25.071573999999764, 36.93894149909328], [25.04230149999981, 36.969073499093014], [25.026715499999764, 36.97438349909292], [25.01863699999979, 36.9836899990929]]], [[[25.60100549999981, 37.080299499092035], [25.58896099999978, 37.078651499092025], [25.584798999999848, 37.07493599909213], [25.578096499999855, 37.02252599909252], [25.568794999999767, 37.00970799909266], [25.554994499999836, 36.96553799909309], [25.5425279999998, 36.95367449909322], [25.51078999999986, 36.954318999093154], [25.484924499999806, 36.93609599909331], [25.46944799999985, 36.93559199909337], [25.461814999999785, 36.930125999093406], [25.459880999999818, 36.92374049909343], [25.44464449999982, 36.9184239990935], [25.432353999999783, 36.92207699909346], [25.422271499999816, 36.93682499909331], [25.426984999999814, 36.96227649909307], [25.422857499999804, 36.96825799909305], [25.410355499999845, 36.969685999093066], [25.396772499999795, 36.97818749909297], [25.384977499999806, 36.97654699909296], [25.391040999999767, 36.99395349909283], [25.369830499999846, 37.02438199909251], [25.37806299999977, 37.039523999092374], [25.373204999999807, 37.04729849909234], [25.353313499999864, 37.063644499092156], [25.355876999999783, 37.06695949909215], [25.351791499999784, 37.07296399909206], [25.33875599999983, 37.080684499092], [25.344608499999836, 37.09345249909192], [25.36637699999983, 37.08650599909196], [25.374139999999812, 37.09579099909184], [25.37755349999981, 37.107555999091744], [25.404826999999834, 37.124435499091625], [25.41085799999977, 37.13371299909153], [25.43854149999979, 37.13741699909154], [25.453090499999835, 37.143672999091486], [25.465506499999783, 37.15343699909139], [25.489069499999843, 37.18444349909109], [25.533168999999834, 37.20309849909097], [25.544936999999816, 37.197807499091034], [25.548679499999757, 37.18276999909111], [25.56326049999978, 37.17632499909117], [25.576715499999814, 37.16340999909124], [25.596425999999795, 37.12231449909167], [25.598737999999777, 37.10888299909174], [25.592601499999812, 37.101306999091854], [25.591224499999836, 37.08847049909195], [25.605581499999797, 37.084830999092034], [25.60100549999981, 37.080299499092035]]], [[[25.22165099999983, 37.13174799909159], [25.211982499999845, 37.12602649909163], [25.22567349999977, 37.11946499909165], [25.2402019999998, 37.12585899909165], [25.258460999999855, 37.12533199909165], [25.265669499999785, 37.12875749909162], [25.269737499999753, 37.13890449909151], [25.25726699999983, 37.140731999091535], [25.259498499999808, 37.14970399909136], [25.26413549999978, 37.1518439990914], [25.283109499999842, 37.14956649909145], [25.293120999999793, 37.143913499091475], [25.288224999999798, 37.13765699909151], [25.277694499999807, 37.132453999091545], [25.27877799999984, 37.11967099909173], [25.264764999999823, 37.100684999091825], [25.26899149999985, 37.09338399909194], [25.25573149999979, 37.080108999092], [25.261497499999834, 37.07144899909212], [25.27210249999977, 37.0672264990922], [25.278011499999835, 37.06099699909223], [25.26949799999983, 37.05816849909226], [25.266232499999834, 37.0436479990923], [25.251321999999806, 37.02757249909251], [25.251369499999836, 37.01591499909262], [25.235194499999814, 37.0094604990927], [25.21421899999979, 36.99281349909284], [25.180915999999776, 36.97466299909298], [25.165223999999842, 36.97818749909297], [25.157180999999785, 36.98519899909287], [25.14408899999986, 36.985534499092914], [25.131583999999826, 36.99816499909274], [25.11719949999981, 36.99269249909279], [25.115720499999828, 37.000900499092744], [25.099166499999804, 37.01743349909257], [25.097682999999805, 37.03248999909245], [25.10827849999985, 37.042785499092375], [25.107309499999786, 37.06349199909214], [25.155627999999805, 37.08869149909194], [25.15394199999984, 37.09492499909188], [25.143069999999835, 37.09667199909191], [25.131804999999822, 37.09234099909199], [25.13193699999982, 37.09584049909195], [25.15928749999982, 37.121790999091694], [25.218757499999793, 37.145457999091455], [25.22737699999976, 37.15380849909139], [25.23564449999983, 37.14593349909145], [25.23454299999982, 37.1411589990915], [25.22646349999976, 37.14657999909146], [25.22165099999983, 37.13174799909159]]], [[[25.834811999999808, 37.093120499091896], [25.82568149999983, 37.08808149909192], [25.805143499999858, 37.0966149990919], [25.7971229999998, 37.09510199909186], [25.78830549999979, 37.10192849909184], [25.77936499999981, 37.12334249909163], [25.79642299999979, 37.11413549909172], [25.80293649999977, 37.11640549909164], [25.81456049999983, 37.129030499091556], [25.83043099999979, 37.136573999091524], [25.830940499999848, 37.128261499091614], [25.818729499999804, 37.12535099909161], [25.836049499999795, 37.10522699909179], [25.834811999999808, 37.093120499091896]]], [[[25.278241499999854, 37.38977299908935], [25.266379499999825, 37.37311949908951], [25.265147999999805, 37.404277999089196], [25.269239499999763, 37.41199149908909], [25.275295499999817, 37.40769149908914], [25.278241499999854, 37.38977299908935]]], [[[25.254563999999828, 37.3785859990894], [25.245092499999792, 37.376830999089435], [25.238685499999825, 37.38230249908939], [25.232747999999805, 37.373508499089446], [25.21935949999977, 37.37090799908951], [25.22020699999982, 37.37836099908944], [25.231756499999836, 37.38911799908936], [25.23368449999984, 37.39746499908925], [25.23039799999979, 37.40152749908919], [25.21300099999982, 37.407401999089174], [25.200238999999847, 37.42022349908909], [25.19895099999977, 37.43213249908899], [25.20587749999982, 37.43288399908899], [25.211642999999814, 37.42617399908898], [25.217394499999813, 37.42536549908906], [25.22071849999977, 37.42727649908897], [25.220965499999778, 37.43997599908891], [25.22622649999978, 37.43634249908894], [25.22724349999982, 37.429779499089015], [25.239421999999834, 37.41803349908908], [25.23334699999981, 37.39915049908927], [25.241691499999853, 37.39272849908928], [25.252742999999796, 37.400738499089194], [25.256711999999826, 37.397571499089274], [25.254563999999828, 37.3785859990894]]], [[[25.379564999999793, 37.49155049908842], [25.39394299999981, 37.49628449908839], [25.403687499999787, 37.495330999088374], [25.407202499999823, 37.49117649908847], [25.40637699999982, 37.48613549908851], [25.414183499999854, 37.4819719990885], [25.43014799999977, 37.48213949908849], [25.433170999999792, 37.47119899908859], [25.461495499999824, 37.47450249908862], [25.45932849999985, 37.44529349908883], [25.42775999999981, 37.44296649908887], [25.420475999999848, 37.43744649908889], [25.42062449999979, 37.433122499088924], [25.414574999999832, 37.43042899908903], [25.406239499999813, 37.43325449908891], [25.39983099999982, 37.41349049908912], [25.38817699999986, 37.422496499089014], [25.365562999999803, 37.40875699908919], [25.36034349999977, 37.4076524990892], [25.337467999999838, 37.41546649908909], [25.334953499999802, 37.4097704990892], [25.323246499999804, 37.42269899908907], [25.31642799999981, 37.41111399908914], [25.30588999999982, 37.4025689990892], [25.31296649999985, 37.4189954990891], [25.303856999999827, 37.424278499089006], [25.30210599999981, 37.433589999088966], [25.306168499999863, 37.439411499088926], [25.324340999999777, 37.43558349908896], [25.329188499999844, 37.45444499908878], [25.328629499999778, 37.46364249908871], [25.31261049999979, 37.47307399908865], [25.308582999999793, 37.48003799908854], [25.313943999999807, 37.491643999088424], [25.345417999999842, 37.49980949908834], [25.359738499999807, 37.49668899908847], [25.36212049999981, 37.477088999088544], [25.37405849999982, 37.46353949908872], [25.37965499999978, 37.462860499088684], [25.38402649999981, 37.46898299908867], [25.379564999999793, 37.49155049908842]]], [[[26.26213549999984, 37.59632299908757], [26.223279999999775, 37.57155999908781], [26.202012999999802, 37.5646514990878], [26.15760999999982, 37.559028999087865], [26.12697049999983, 37.559764999087925], [26.108817999999793, 37.55401599908791], [26.084134999999787, 37.528499499088184], [26.05823499999981, 37.51490399908826], [26.04801849999986, 37.51769149908822], [26.018768499999812, 37.516624499088245], [25.990770999999835, 37.512428499088266], [25.99024599999983, 37.50836549908831], [25.980094999999793, 37.511428999088274], [25.974969999999853, 37.51666999908827], [25.973784999999776, 37.522491499088225], [25.977895999999834, 37.531993999088094], [26.004737999999772, 37.570815999087806], [26.055349499999803, 37.62050249908736], [26.07633949999978, 37.633327499087294], [26.109197499999834, 37.63201749908727], [26.143014999999792, 37.637332999087214], [26.152475499999806, 37.63660449908725], [26.15914749999976, 37.632083999087264], [26.177680999999787, 37.63399549908723], [26.188546999999826, 37.62754799908734], [26.20060049999981, 37.62781749908735], [26.220628499999858, 37.63540649908726], [26.29781349999981, 37.68059549908687], [26.31879999999985, 37.68348299908684], [26.331024499999856, 37.68151699908682], [26.346776999999825, 37.68838099908679], [26.362583499999815, 37.68904949908685], [26.358503499999834, 37.67670149908694], [26.34428399999979, 37.67046349908698], [26.331571499999814, 37.64509599908713], [26.29346249999979, 37.61071799908744], [26.26213549999984, 37.59632299908757]]], [[[25.060606999999802, 37.66322749908704], [25.054761999999798, 37.65624249908712], [25.05667349999977, 37.65050499908716], [25.086141499999826, 37.64731199908714], [25.113662499999815, 37.65378949908711], [25.136527999999807, 37.6425589990872], [25.144815499999837, 37.632079999087296], [25.151773499999834, 37.63351499908727], [25.149362499999825, 37.64259699908715], [25.16810049999981, 37.63644599908728], [25.178930499999815, 37.64057149908717], [25.189401499999853, 37.63967149908723], [25.240670999999793, 37.61246549908743], [25.25108899999981, 37.610376499087444], [25.254010999999803, 37.60602949908752], [25.253581999999845, 37.58731249908765], [25.24705299999982, 37.574088999087785], [25.231691499999787, 37.55713649908788], [25.2278669999998, 37.54686349908797], [25.233768499999773, 37.539447999088026], [25.23071099999984, 37.535514999088065], [25.189231999999773, 37.524509499088204], [25.155507499999786, 37.53993799908805], [25.142423499999815, 37.55088449908792], [25.129543499999844, 37.553218499087926], [25.12606049999978, 37.54869849908798], [25.107347499999822, 37.55435549908794], [25.11130899999977, 37.56813449908782], [25.102460999999806, 37.57903299908772], [25.08442699999981, 37.583427499087655], [25.057755499999857, 37.5976469990876], [25.03779999999986, 37.614898999087416], [24.9924544999998, 37.64198899908721], [24.974061999999797, 37.66251549908703], [24.973474499999856, 37.671260999086954], [24.982482999999778, 37.67830649908686], [24.992936999999838, 37.67501299908697], [24.99430499999978, 37.666759999087006], [24.99882849999978, 37.665237499086984], [25.000388999999842, 37.6734964990869], [25.00558549999984, 37.67720399908686], [25.017505499999785, 37.673515499086975], [25.02287499999979, 37.6785314990869], [25.02764999999981, 37.678062999086876], [25.033982999999786, 37.670379499086955], [25.03900549999977, 37.6756134990869], [25.048120499999794, 37.67723849908687], [25.054856999999842, 37.67423249908687], [25.060606999999802, 37.66322749908704]]], [[[26.092527499999807, 38.55936049908007], [26.105330999999843, 38.55658349907999], [26.109044999999835, 38.55140349908008], [26.10859849999984, 38.54507049908016], [26.114822499999846, 38.54082499908018], [26.118352999999846, 38.54171349908016], [26.116882499999853, 38.555804999080074], [26.12110149999979, 38.55545799908006], [26.127909499999802, 38.5483494990801], [26.130609499999824, 38.55865599908004], [26.137685999999853, 38.565593499079974], [26.158416999999798, 38.55246349908011], [26.162124499999788, 38.53729999908013], [26.15098199999978, 38.523070999080296], [26.15307799999983, 38.49670399908051], [26.14130599999979, 38.489532499080504], [26.128434999999765, 38.488162499080566], [26.123351999999834, 38.47830599908063], [26.14313549999982, 38.47734449908058], [26.14012549999981, 38.463882499080796], [26.144540499999806, 38.462394999080736], [26.150283999999854, 38.466544999080696], [26.152646999999792, 38.46423699908072], [26.15275399999976, 38.45159549908086], [26.146695999999803, 38.446912499080824], [26.133947499999795, 38.41744249908111], [26.1337124999998, 38.40383549908112], [26.1374684999998, 38.37227299908139], [26.14390199999982, 38.362521999081466], [26.142028999999837, 38.34069449908165], [26.15625549999984, 38.33129899908175], [26.158712499999826, 38.30993249908187], [26.103044499999836, 38.27235399908214], [26.10353299999985, 38.245834499082356], [26.115987999999824, 38.232768999082495], [26.105230499999795, 38.22330499908254], [26.099466499999828, 38.210353999082656], [26.065965499999855, 38.206947499082645], [26.03731349999982, 38.19849399908271], [26.02263249999986, 38.17893999908285], [26.02177949999981, 38.15708149908304], [26.010828499999842, 38.14999399908314], [25.991327499999784, 38.164130999083], [25.970854499999774, 38.168453999082985], [25.953077999999856, 38.1832904990829], [25.948538999999812, 38.19347799908275], [25.933908499999777, 38.19378299908276], [25.92280199999983, 38.19778449908272], [25.91011649999978, 38.21518849908259], [25.913930999999824, 38.22198099908252], [25.88955449999978, 38.22028799908259], [25.887685999999807, 38.241508499082386], [25.884984999999798, 38.244471999082336], [25.8772164999998, 38.24535349908235], [25.87110899999984, 38.240566499082426], [25.864124499999782, 38.24406799908239], [25.86605449999978, 38.25509249908232], [25.875491999999845, 38.26971249908219], [25.907087499999808, 38.28815849908203], [25.918086999999794, 38.29985399908196], [25.924054999999843, 38.30161299908191], [25.925645999999766, 38.29919799908195], [25.921930499999835, 38.29259099908201], [25.92858899999983, 38.28671249908203], [25.931171499999806, 38.28820399908206], [25.930688999999848, 38.30052949908198], [25.9517709999998, 38.29448699908202], [25.960040499999774, 38.29525999908202], [25.97176849999981, 38.31236249908193], [25.969209499999828, 38.31677599908184], [25.97400849999979, 38.33066149908167], [25.99509599999984, 38.34154899908164], [25.995918499999767, 38.350024999081576], [25.98859599999982, 38.391643499081226], [25.964883999999778, 38.40227149908114], [25.962894499999837, 38.41615299908109], [25.953910999999845, 38.41964699908106], [25.95777699999981, 38.429801999081], [25.957050499999824, 38.44184499908089], [25.942594499999835, 38.459838999080745], [25.924026499999798, 38.4693834990807], [25.893072999999845, 38.47534199908064], [25.861131499999768, 38.49466899908045], [25.853323999999834, 38.50522999908041], [25.84364699999985, 38.5300789990802], [25.83085599999978, 38.540427999080215], [25.83225799999979, 38.549339999080075], [25.842912999999776, 38.556899999080066], [25.845260499999767, 38.567596499079976], [25.857202499999843, 38.58042899907989], [25.89044399999983, 38.5886994990798], [25.939985499999796, 38.58815749907982], [25.987518499999844, 38.59819799907979], [26.000177499999825, 38.60463349907976], [26.008172999999765, 38.60446949907969], [26.042346999999825, 38.58912649907978], [26.06316549999982, 38.59432999907979], [26.085794999999827, 38.556735999080104], [26.091249499999844, 38.556094999080074], [26.092527499999807, 38.55936049908007]]], [[[25.5105219999998, 38.5529399990801], [25.517920999999774, 38.553862999080074], [25.52798999999978, 38.55018999908005], [25.520468999999828, 38.541751499080185], [25.523928999999853, 38.53440449908021], [25.51360299999982, 38.530952499080264], [25.505995999999776, 38.53207599908023], [25.50533849999982, 38.52912349908028], [25.497514499999763, 38.53464749908024], [25.5105219999998, 38.5529399990801]]], [[[25.60967449999979, 38.53382449908018], [25.59843249999981, 38.53267249908018], [25.57020899999979, 38.54455699908012], [25.562509499999816, 38.53807449908018], [25.55780299999978, 38.54515749908016], [25.5661374999998, 38.55938349908001], [25.56548649999976, 38.56387849908003], [25.534357499999853, 38.59165849907983], [25.532752499999834, 38.5983794990797], [25.536935999999766, 38.6020199990797], [25.555545999999822, 38.59717499907979], [25.57063049999976, 38.60966749907967], [25.577097499999798, 38.6056774990797], [25.592767999999822, 38.60689749907966], [25.605380999999817, 38.59606449907976], [25.619910999999796, 38.59007699907981], [25.60967449999979, 38.53382449908018]]], [[[24.99194699999982, 39.54376599907338], [24.99806299999977, 39.561475499073325], [25.006011999999778, 39.56216449907332], [25.0573919999998, 39.53042999907351], [25.0506324999998, 39.52075199907349], [25.031570499999834, 39.505614999073664], [25.02444899999982, 39.49446049907372], [25.006717499999798, 39.48994849907371], [24.98664849999982, 39.46178449907391], [24.97388849999983, 39.48242549907383], [24.97081199999983, 39.50956349907358], [24.97739799999977, 39.532481999073454], [24.99194699999982, 39.54376599907338]]], [[[25.385085999999813, 39.94058649907107], [25.381253499999787, 39.91522249907118], [25.378183499999796, 39.91227999907118], [25.363920499999793, 39.91286149907114], [25.354745499999773, 39.90414099907122], [25.35865549999982, 39.889484999071364], [25.36920899999985, 39.88916099907131], [25.36046499999979, 39.88447149907136], [25.348099999999793, 39.88384949907132], [25.340634999999782, 39.878502499071345], [25.343817499999847, 39.864715499071465], [25.35007349999984, 39.86382549907145], [25.35569049999981, 39.85774449907151], [25.35217649999985, 39.85438749907149], [25.34484399999978, 39.85476049907153], [25.34193299999979, 39.85098199907157], [25.344765999999808, 39.836575999071634], [25.36337299999979, 39.822823999071694], [25.372197999999802, 39.81088249907174], [25.371075499999833, 39.807810499071785], [25.353546999999825, 39.80334749907183], [25.350381499999827, 39.79990149907183], [25.349373499999825, 39.7923209990719], [25.356192499999775, 39.78394899907195], [25.354667999999847, 39.782368499071914], [25.342443499999845, 39.78284199907193], [25.303351999999794, 39.79343649907191], [25.29165349999979, 39.80577349907181], [25.294032999999853, 39.82249249907173], [25.284488499999814, 39.82894149907166], [25.26422849999984, 39.83342849907162], [25.257760499999804, 39.8439089990716], [25.249677499999812, 39.84910749907156], [25.235566999999815, 39.849865999071504], [25.242392999999808, 39.85931999907147], [25.256513499999834, 39.8596809990715], [25.26914149999983, 39.866454499071445], [25.2618094999998, 39.877301999071406], [25.278469999999842, 39.893447999071334], [25.26576599999978, 39.90378699907123], [25.26624599999979, 39.907688499071256], [25.255276499999802, 39.912261499071235], [25.228619499999805, 39.90721699907124], [25.21734149999978, 39.8974334990713], [25.190392999999826, 39.88391299907134], [25.191688499999806, 39.88116049907134], [25.202638499999786, 39.8869989990713], [25.211847999999815, 39.88610749907137], [25.221679499999794, 39.879899499071364], [25.231521499999843, 39.87928499907134], [25.229098999999778, 39.875899499071366], [25.21497549999986, 39.879888499071356], [25.202587999999782, 39.87679449907143], [25.17972749999985, 39.84926399907154], [25.179846999999782, 39.845046499071564], [25.18418349999977, 39.84252099907161], [25.19520299999981, 39.843616999071614], [25.204503499999817, 39.83579149907164], [25.20876949999983, 39.819395999071695], [25.224004499999786, 39.80572899907178], [25.22889899999984, 39.79872449907189], [25.226132499999817, 39.79654749907189], [25.202671999999804, 39.80055599907181], [25.16354649999978, 39.7986299990719], [25.146331999999816, 39.81021599907175], [25.148093999999855, 39.82294049907166], [25.15578199999976, 39.83071249907164], [25.161791999999828, 39.84533599907163], [25.175323999999833, 39.85112449907154], [25.169595499999787, 39.85509649907154], [25.158096999999813, 39.85436899907157], [25.136680999999854, 39.833831499071664], [25.128274499999826, 39.83407399907165], [25.127263999999794, 39.84836099907152], [25.117664999999775, 39.851573999071526], [25.107924499999775, 39.84947249907155], [25.10061199999986, 39.84220949907159], [25.0894784999998, 39.83756649907169], [25.07105549999985, 39.84097549907165], [25.060266499999784, 39.83490549907161], [25.0466874999998, 39.83291399907161], [25.045789499999838, 39.8356084990717], [25.047844999999825, 39.84111399907163], [25.06655449999976, 39.85386549907157], [25.056684499999797, 39.8602114990715], [25.051626499999806, 39.85622049907155], [25.05107649999977, 39.860552999071516], [25.052200999999815, 39.86700799907142], [25.06092049999981, 39.87672549907142], [25.060506999999788, 39.89410699907132], [25.07289249999979, 39.917809999071196], [25.064625499999845, 39.92880149907108], [25.04662049999976, 39.93406949907109], [25.051455999999813, 39.939138499070985], [25.045851999999766, 39.952410999070935], [25.048856999999803, 39.973565499070816], [25.04448499999982, 39.98350249907077], [25.03444299999983, 39.98416349907073], [25.038672999999786, 39.988862999070804], [25.04364149999984, 39.99025299907078], [25.046001999999834, 39.98665499907072], [25.05156499999978, 39.98641349907072], [25.075483499999763, 39.99226249907076], [25.0934159999998, 39.99068899907079], [25.140686999999843, 40.00743299907064], [25.154829999999773, 39.988878999070785], [25.195692999999853, 40.00052199907066], [25.21469699999982, 39.997939999070724], [25.233850499999807, 40.005631999070665], [25.247465999999797, 39.98944799907071], [25.27249649999978, 39.98687549907076], [25.261548499999794, 39.97498049907083], [25.264065999999808, 39.96844749907086], [25.270061499999827, 39.96003749907095], [25.28324899999984, 39.95515149907093], [25.275122499999803, 39.94838599907099], [25.279125499999807, 39.94184899907098], [25.290653999999783, 39.93977849907102], [25.307250499999856, 39.95232699907101], [25.31586949999979, 39.96563749907091], [25.32719199999977, 39.96810799907084], [25.33711099999979, 39.963597499070886], [25.346240499999773, 39.96544849907092], [25.348469999999768, 39.97157449907085], [25.34026899999978, 39.97709699907078], [25.341563499999772, 39.980058499070736], [25.370553499999804, 40.00120549907073], [25.371266999999772, 40.00956699907063], [25.36504499999984, 40.01501699907059], [25.3726219999998, 40.020498999070554], [25.381553499999832, 40.01787449907057], [25.391882999999808, 40.00658449907068], [25.400465999999778, 40.00521549907067], [25.418327999999846, 40.02268299907059], [25.44594549999982, 40.03631049907051], [25.44409549999979, 40.024258499070555], [25.43644549999983, 40.02092049907061], [25.433542499999795, 40.01353649907059], [25.443969999999794, 39.98696649907075], [25.441360499999803, 39.97903449907077], [25.414493999999785, 39.96888449907086], [25.405264999999833, 39.954666999070994], [25.385085999999813, 39.94058649907107]]], [[[25.65739399999981, 40.493406999068085], [25.698440999999836, 40.46590099906823], [25.699637999999762, 40.45582649906826], [25.693515499999798, 40.43675749906834], [25.69614249999982, 40.421946999068425], [25.687488999999783, 40.42169749906838], [25.66846199999978, 40.41217149906843], [25.633578499999825, 40.40631949906849], [25.599789499999822, 40.39372499906857], [25.563625499999787, 40.39649999906857], [25.555973999999793, 40.39983899906851], [25.540635499999798, 40.4154434990684], [25.507963499999764, 40.42580199906842], [25.48591449999983, 40.444033999068274], [25.463545999999837, 40.4556624990682], [25.452772999999848, 40.46927249906819], [25.47163449999984, 40.47546649906808], [25.480342499999853, 40.485262999068055], [25.501065999999803, 40.496972499068015], [25.525123499999836, 40.504729499068], [25.54029749999981, 40.504568499068], [25.561373499999796, 40.50995099906799], [25.582040999999823, 40.50833499906795], [25.59390299999985, 40.502808499067946], [25.619064999999782, 40.502783499067995], [25.637543499999797, 40.49420499906802], [25.65739399999981, 40.493406999068085]]], [[[26.973768999999848, 35.39261799910872], [26.96823649999977, 35.39519499910865], [26.95882549999976, 35.3938599991087], [26.9503134999998, 35.3829459991088], [26.937329999999797, 35.376422999108904], [26.930113499999816, 35.367479499108946], [26.90943299999979, 35.36329499910897], [26.88143999999983, 35.34335749910925], [26.85957499999984, 35.34785149910916], [26.850153499999855, 35.35341899910916], [26.84572549999977, 35.363879999108974], [26.85206049999981, 35.37424599910892], [26.867055499999804, 35.38304149910879], [26.871299499999772, 35.39316199910869], [26.888186999999768, 35.401294999108636], [26.904057999999768, 35.42269899910838], [26.931616499999834, 35.417596999108405], [26.990064499999807, 35.43328099910822], [27.015004999999796, 35.43314749910821], [27.01093849999986, 35.4261629991083], [27.002464999999795, 35.42680749910834], [26.99717599999979, 35.408243999108514], [26.983069499999772, 35.39575199910863], [26.973768999999848, 35.39261799910872]]], [[[27.209382999999836, 35.7708584991047], [27.217139999999848, 35.726844999105175], [27.203431999999765, 35.718757499105244], [27.19035549999979, 35.696109999105495], [27.191419999999844, 35.68387449910562], [27.161283499999815, 35.655448999105865], [27.157533499999776, 35.63205349910614], [27.1589484999998, 35.620826999106235], [27.152486999999855, 35.6176414991063], [27.15083699999984, 35.613006499106355], [27.15519349999979, 35.60636649910638], [27.17410099999985, 35.59969299910645], [27.178840499999783, 35.587180999106614], [27.188743499999816, 35.57702249910669], [27.203788499999774, 35.57336049910677], [27.204475499999774, 35.5596619991069], [27.21744549999982, 35.548804499106964], [27.218829999999798, 35.54307549910702], [27.21043949999985, 35.534385499107174], [27.200023499999826, 35.53155499910723], [27.198285999999776, 35.5257529991073], [27.201093499999804, 35.51429349910737], [27.20900349999979, 35.50815599910747], [27.222505499999798, 35.51178749910745], [27.23416899999983, 35.50652699910745], [27.24238949999983, 35.494491499107596], [27.229972999999845, 35.473899999107765], [27.22483249999978, 35.47448749910777], [27.22213149999976, 35.480796999107795], [27.217597999999825, 35.4822614991077], [27.20128249999981, 35.480991499107695], [27.188758999999855, 35.463496999107946], [27.173993999999794, 35.461837999107914], [27.15830799999982, 35.44338199910819], [27.15158649999986, 35.42494949910838], [27.157071999999783, 35.421741499108364], [27.172979499999787, 35.42792149910832], [27.171994999999857, 35.42562849910834], [27.1429079999998, 35.398551999108655], [27.135251499999836, 35.398124499108626], [27.134139999999793, 35.40139399910857], [27.145194999999845, 35.4085689991085], [27.141087499999806, 35.4178769991084], [27.13150399999983, 35.42658999910828], [27.113907499999787, 35.428147499108256], [27.082888499999843, 35.446184999108105], [27.108458499999777, 35.4669319991079], [27.11957349999982, 35.48450449910773], [27.11309999999977, 35.50397849910747], [27.10530099999983, 35.51201649910739], [27.10942449999977, 35.52451699910725], [27.107394999999805, 35.536330999107086], [27.110093999999833, 35.536773499107106], [27.113149499999775, 35.54570749910707], [27.103721499999793, 35.5594139991069], [27.077090999999772, 35.568778999106826], [27.0735264999998, 35.57440199910678], [27.07889349999978, 35.58089849910671], [27.069868999999784, 35.58619049910664], [27.06297599999984, 35.598192499106496], [27.06540349999979, 35.604945999106455], [27.084376499999763, 35.61238799910636], [27.083929999999857, 35.62048149910624], [27.088199499999806, 35.62427949910621], [27.121202499999775, 35.64510349910599], [27.123468499999774, 35.654742999105885], [27.119779499999808, 35.672004499105746], [27.123767999999867, 35.684264999105594], [27.1349064999998, 35.69572399910544], [27.144068499999808, 35.71376399910531], [27.16140849999977, 35.72512049910515], [27.16662399999982, 35.736603499105044], [27.16093849999978, 35.753479499104884], [27.165429999999795, 35.80267299910434], [27.174491999999788, 35.80817049910429], [27.184103499999775, 35.80311199910431], [27.18996049999979, 35.804389999104345], [27.197620499999783, 35.810932499104275], [27.210157499999788, 35.83079549910408], [27.229629499999753, 35.83009349910407], [27.232957999999815, 35.82498549910416], [27.23111549999978, 35.79883549910437], [27.213140499999778, 35.78281399910452], [27.209382999999836, 35.7708584991047]]], [[[27.215177499999836, 35.880809999103555], [27.218113499999752, 35.89956849910334], [27.227695499999783, 35.90575049910329], [27.24076699999979, 35.901317499103364], [27.231029499999778, 35.87527449910364], [27.239509499999844, 35.855327499103836], [27.236206499999838, 35.83310949910409], [27.20118549999978, 35.841525999103965], [27.192611999999794, 35.855730499103785], [27.215177499999836, 35.880809999103555]]], [[[29.598537999999838, 36.16536799910066], [29.600813499999823, 36.1625684991007], [29.589662999999785, 36.15086149910081], [29.606758999999794, 36.145930999100855], [29.582640499999776, 36.12769499910103], [29.566436499999853, 36.12320649910112], [29.562695999999807, 36.12645499910102], [29.57143249999978, 36.14959299910084], [29.587190499999842, 36.165068999100704], [29.598537999999838, 36.16536799910066]]], [[[28.234746999999853, 36.42887299909811], [28.231194499999816, 36.42016649909822], [28.232154999999793, 36.41652199909824], [28.23423749999979, 36.4198259990982], [28.23419149999981, 36.41672599909824], [28.228652499999814, 36.40601149909833], [28.246591999999808, 36.3863779990985], [28.2395994999998, 36.3770464990986], [28.22174599999982, 36.366762499098655], [28.207303499999792, 36.34913899909888], [28.204649999999805, 36.33969449909895], [28.212697999999833, 36.3250474990991], [28.19435749999979, 36.31022599909921], [28.174274499999797, 36.28029999909957], [28.166449999999788, 36.261657999099725], [28.167009499999804, 36.248940499099824], [28.156228999999822, 36.2328719991], [28.146850499999847, 36.22587949910006], [28.140023499999856, 36.20701899910024], [28.139121499999835, 36.188757999100474], [28.1366714999998, 36.18527099910048], [28.120051999999774, 36.18591399910047], [28.09980499999981, 36.17679349910062], [28.07461099999981, 36.13939199910097], [28.06766649999978, 36.10818149910128], [28.072948999999777, 36.10406499910124], [28.083108999999848, 36.107301499101226], [28.094755499999817, 36.10405999910128], [28.088838499999806, 36.09510999910141], [28.090328499999803, 36.08188449910149], [28.081116999999793, 36.079708499101514], [28.07489599999976, 36.07323849910164], [28.087143499999804, 36.05436099910176], [28.06321449999984, 36.06149549910171], [28.0461644999998, 36.0755344991016], [28.036653999999835, 36.07739349910157], [28.013597999999796, 36.074257499101556], [28.010563499999808, 36.069865999101616], [27.9538174999998, 36.045253499101904], [27.93712949999979, 36.029540999102046], [27.89319699999976, 35.96364999910267], [27.87662099999978, 35.94950549910285], [27.863174999999785, 35.929703499103056], [27.854327499999776, 35.928377999103084], [27.825160499999846, 35.913931499103214], [27.795524499999836, 35.88898199910345], [27.77476549999979, 35.88836299910349], [27.7606754999998, 35.87678049910361], [27.750856999999836, 35.87965699910356], [27.75001049999978, 35.884520999103515], [27.75805399999979, 35.88765549910349], [27.76908099999983, 35.88635449910352], [27.770465999999853, 35.89224799910347], [27.750193999999777, 35.90929499910326], [27.73653899999981, 35.914576499103205], [27.720066499999774, 35.94344449910289], [27.732724499999765, 35.96045949910277], [27.75496249999979, 36.013304499102254], [27.76048799999983, 36.04725149910181], [27.758212499999853, 36.09589649910137], [27.750245499999767, 36.10543699910124], [27.738801499999777, 36.104971999101316], [27.710597999999813, 36.114751999101216], [27.70699599999985, 36.119659499101125], [27.715237499999816, 36.12764449910101], [27.712388499999815, 36.136114999100926], [27.7014154999998, 36.14640149910089], [27.68996499999979, 36.144987999100906], [27.683375499999833, 36.1510039991008], [27.68458499999981, 36.15519749910081], [27.69927349999985, 36.16285249910065], [27.7335064999998, 36.16979499910063], [27.7525934999998, 36.18645749910049], [27.76823749999985, 36.18931849910048], [27.788468499999826, 36.21926399910014], [27.788512499999822, 36.23876849909992], [27.802689999999856, 36.258139499099784], [27.80628899999983, 36.27081599909966], [27.816470499999816, 36.27380249909957], [27.8266669999998, 36.272349499099626], [27.832772499999773, 36.27814749909958], [27.841590499999825, 36.28076949909952], [27.86490749999978, 36.302767499099275], [27.878146499999794, 36.32299449909909], [27.892047499999773, 36.32771399909909], [27.896704999999848, 36.333029499099005], [27.916564499999804, 36.34235699909893], [27.958879499999767, 36.352815499098824], [27.980859499999863, 36.36676649909874], [28.008699499999857, 36.37509549909856], [28.02026349999984, 36.38329949909855], [28.056995499999793, 36.39919999909843], [28.11782899999979, 36.419415499098164], [28.15177849999983, 36.424325999098166], [28.177728999999808, 36.419744999098164], [28.18722299999984, 36.421196499098144], [28.198935999999797, 36.43001449909804], [28.220060499999803, 36.45814449909779], [28.228492499999803, 36.44557649909791], [28.23568999999981, 36.44132099909793], [28.237328999999786, 36.448906999097936], [28.240880999999785, 36.432434499098065], [28.234746999999853, 36.42887299909811]]], [[[27.623070999999822, 36.2290169991], [27.612812999999818, 36.21672899910011], [27.59377599999979, 36.216940499100204], [27.581744999999806, 36.20928199910024], [27.577642999999775, 36.21660999910023], [27.55243599999985, 36.21813949910018], [27.530157999999794, 36.21309649910025], [27.520001499999836, 36.20663799910026], [27.51678199999982, 36.22726049910009], [27.518479499999845, 36.23756399909994], [27.599335499999793, 36.24776799909991], [27.599121999999806, 36.24555949909988], [27.617661499999787, 36.24281599909993], [27.62194749999985, 36.23662549910001], [27.623070999999822, 36.2290169991]]], [[[27.709776999999825, 36.267479999099635], [27.697157999999778, 36.26740349909971], [27.68466499999977, 36.26069749909977], [27.68504449999981, 36.26841449909967], [27.699272999999806, 36.28276899909957], [27.713263499999822, 36.28612999909945], [27.72304449999979, 36.28291949909949], [27.719825999999866, 36.26466299909973], [27.70090899999981, 36.24600499909988], [27.700131499999785, 36.254273499099796], [27.709776999999825, 36.267479999099635]]], [[[26.666887999999826, 36.338401499099014], [26.65533249999984, 36.35616599909881], [26.6707349999998, 36.36135799909874], [26.682245999999832, 36.35915099909876], [26.69360899999979, 36.34371849909887], [26.689354499999844, 36.330069499099096], [26.681757499999822, 36.32712849909904], [26.667755499999835, 36.330209999099075], [26.6606884999998, 36.33643599909902], [26.66242799999984, 36.34248999909894], [26.666887999999826, 36.338401499099014]]], [[[27.398057499999766, 36.40968799909828], [27.407868999999778, 36.41944649909816], [27.42330699999983, 36.4032564990983], [27.428250499999763, 36.40287849909828], [27.431890499999845, 36.40535849909829], [27.43300999999984, 36.415734999098234], [27.437179499999857, 36.417355999098234], [27.450105499999815, 36.405713499098354], [27.438273999999826, 36.39367999909847], [27.410257999999825, 36.381153999098586], [27.402206499999767, 36.38273299909857], [27.394457499999795, 36.377790499098595], [27.35959049999978, 36.408455999098315], [27.356898499999797, 36.418044499098166], [27.358926499999818, 36.42570999909818], [27.354663499999784, 36.4319314990981], [27.34259599999981, 36.432747999098055], [27.334680999999772, 36.42399749909816], [27.325524999999818, 36.423764499098155], [27.319066499999767, 36.41253449909822], [27.312453999999853, 36.416645999098186], [27.31146049999981, 36.42249849909815], [27.29265949999985, 36.42477549909814], [27.299733999999802, 36.45358399909789], [27.296182499999762, 36.46308999909775], [27.299157999999835, 36.470746499097636], [27.30751599999984, 36.47356899909764], [27.303269999999806, 36.46730949909769], [27.310170999999787, 36.4619074990978], [27.323932499999867, 36.457524499097836], [27.33413849999983, 36.45891699909775], [27.340429999999824, 36.47676949909766], [27.3504599999998, 36.48412849909755], [27.35917449999982, 36.4790974990976], [27.393167499999816, 36.434444999098034], [27.38552849999979, 36.41689399909819], [27.398057499999766, 36.40968799909828]]], [[[26.470152499999855, 36.58274249909662], [26.4549419999998, 36.57834049909667], [26.446969999999837, 36.57986449909664], [26.446355999999838, 36.58267999909659], [26.454374499999822, 36.58237099909661], [26.445939999999798, 36.59040849909658], [26.428321999999838, 36.58449949909658], [26.41410499999982, 36.573409999096725], [26.402801499999818, 36.57265449909674], [26.395221499999792, 36.576850999096635], [26.379461499999824, 36.57357349909674], [26.36454749999978, 36.57529049909668], [26.361448999999826, 36.566314999096825], [26.354312999999763, 36.5614814990968], [26.35850899999984, 36.543624999097], [26.34437349999982, 36.543815499096944], [26.340219499999836, 36.54048899909701], [26.344716999999818, 36.53256999909704], [26.357450499999832, 36.52772149909713], [26.363133499999847, 36.511537499097315], [26.35059149999978, 36.508804499097344], [26.33825699999982, 36.51473249909725], [26.32934399999981, 36.507011499097345], [26.32147199999978, 36.507434999097285], [26.292812499999833, 36.52037849909725], [26.27931399999984, 36.54855699909692], [26.268003499999796, 36.5545044990969], [26.27383999999981, 36.56211399909682], [26.27133949999986, 36.57175449909671], [26.263557999999765, 36.58139399909661], [26.268420499999834, 36.59868599909642], [26.27737249999978, 36.59820949909645], [26.27990549999985, 36.59344499909653], [26.27462699999982, 36.59156399909653], [26.2796204999998, 36.586402999096585], [26.2861384999998, 36.59210949909654], [26.284761499999824, 36.597373999096504], [26.292873499999814, 36.598758499096476], [26.3057879999998, 36.59519249909651], [26.324766999999834, 36.58352499909661], [26.33803549999979, 36.581062499096625], [26.34146899999984, 36.57011799909677], [26.35572449999984, 36.571008999096755], [26.362939499999786, 36.58471299909657], [26.38009599999983, 36.59047099909651], [26.389939999999783, 36.59106449909648], [26.399030499999824, 36.584274499096615], [26.401851499999818, 36.58797499909661], [26.389503499999815, 36.610580499096365], [26.39742299999978, 36.61743149909632], [26.410045499999843, 36.617923499096264], [26.411547499999777, 36.62055399909628], [26.39814749999977, 36.62086849909626], [26.38910299999981, 36.61437999909637], [26.38127149999984, 36.61416999909633], [26.381140499999837, 36.619188999096316], [26.374728999999856, 36.62332899909625], [26.373403999999823, 36.63538999909613], [26.375232499999864, 36.643291499096044], [26.37982749999982, 36.64603799909606], [26.39345349999979, 36.644000999096036], [26.45366099999985, 36.60628149909643], [26.470152499999855, 36.58274249909662]]], [[[27.20617849999981, 36.570365999096765], [27.194483499999833, 36.56044599909684], [27.172195499999756, 36.55775049909685], [27.13681749999982, 36.56546299909677], [27.12697999999979, 36.57103349909675], [27.125188999999843, 36.575530999096685], [27.129392499999827, 36.587070499096555], [27.127456499999777, 36.60789099909636], [27.13691799999979, 36.61364949909633], [27.154845999999814, 36.61262899909636], [27.168082999999832, 36.62081899909627], [27.178033999999844, 36.61838549909628], [27.187944499999784, 36.62012099909624], [27.213998999999845, 36.58512499909663], [27.20617849999981, 36.570365999096765]]], [[[27.83597399999981, 36.61571899909631], [27.8725774999998, 36.63118349909619], [27.872306999999797, 36.62276849909624], [27.878555499999795, 36.61716099909633], [27.87964649999982, 36.6021499990964], [27.8752879999998, 36.586463999096566], [27.85949349999982, 36.583743999096605], [27.859275999999767, 36.58085999909667], [27.877498499999824, 36.57716749909671], [27.87850949999981, 36.57224649909673], [27.875728499999827, 36.56989749909673], [27.862831999999823, 36.56606699909682], [27.877542499999816, 36.556003499096825], [27.877181999999834, 36.553035499096886], [27.846469999999787, 36.536750999097094], [27.83150099999982, 36.53969749909706], [27.83328449999977, 36.54788949909692], [27.847540499999816, 36.552902499096895], [27.84929849999979, 36.56001299909682], [27.821879499999802, 36.570631999096754], [27.795844999999805, 36.56567399909681], [27.794813499999808, 36.57098399909673], [27.8123739999998, 36.5797889990967], [27.814424499999813, 36.58824899909654], [27.800889999999782, 36.59006099909652], [27.794960999999844, 36.58475899909654], [27.785985999999852, 36.58455649909659], [27.77533549999979, 36.58933649909654], [27.770011999999863, 36.587241999096555], [27.773967999999797, 36.6031529990964], [27.76816149999978, 36.603824499096454], [27.76991249999979, 36.61079399909636], [27.784128999999854, 36.60569199909641], [27.797618999999763, 36.61269749909634], [27.799075999999797, 36.622787499096226], [27.791099499999817, 36.623607499096195], [27.796510499999798, 36.62933749909614], [27.810488999999798, 36.633370999096165], [27.825261999999814, 36.64229199909604], [27.837261999999797, 36.64381899909606], [27.834567999999827, 36.6376914990961], [27.82170299999976, 36.634189499096095], [27.815059499999776, 36.62392449909623], [27.817144499999806, 36.62174999909628], [27.838126999999783, 36.622676999096235], [27.83597399999981, 36.61571899909631]]], [[[27.828877499999823, 36.65391699909597], [27.860798999999837, 36.66764649909584], [27.856648499999793, 36.65908199909591], [27.866698999999862, 36.654387499095996], [27.859248499999804, 36.64737649909602], [27.837327499999805, 36.64517749909601], [27.832731499999845, 36.64690749909605], [27.828877499999823, 36.65391699909597]]], [[[27.105275999999808, 36.66658799909584], [27.121127999999825, 36.66733949909585], [27.13149849999982, 36.68173999909564], [27.1377489999998, 36.680755499095724], [27.144775499999774, 36.669639499095794], [27.14064199999981, 36.66715599909586], [27.125159999999834, 36.66764449909588], [27.111545499999853, 36.644754999096044], [27.10375399999982, 36.65641799909594], [27.105275999999808, 36.66658799909584]]], [[[27.351131999999804, 36.85805849909406], [27.324680999999803, 36.84562699909419], [27.28934899999977, 36.83928299909425], [27.27348149999979, 36.83280199909425], [27.23354349999977, 36.826968999094326], [27.170955499999824, 36.807513999094525], [27.138955999999837, 36.776878499094785], [27.10962299999985, 36.75771699909495], [27.101867499999777, 36.756271499094986], [27.05964649999978, 36.76749399909485], [27.04445049999985, 36.76794049909495], [27.015987499999817, 36.76399599909491], [26.98142999999983, 36.75075549909507], [26.973203499999777, 36.74480049909508], [26.97074899999982, 36.73774349909515], [26.980573499999846, 36.72841249909528], [26.984113499999825, 36.716701499095336], [26.97208599999978, 36.71177299909544], [26.96700149999981, 36.70595549909546], [26.966930499999794, 36.682609499095726], [26.973735999999786, 36.67266849909573], [26.962037999999826, 36.6744384990958], [26.94261549999978, 36.68599699909565], [26.93449199999981, 36.69815449909552], [26.92439849999982, 36.70520399909546], [26.919054499999795, 36.71701249909538], [26.92240849999984, 36.73881299909516], [26.917861999999808, 36.74953099909502], [26.925018499999787, 36.76260749909497], [26.932203499999826, 36.76791399909487], [26.938295499999832, 36.76686099909488], [26.963645999999827, 36.77477649909482], [26.990123999999835, 36.769462499094914], [26.99501999999984, 36.77159099909486], [27.02976049999978, 36.81246949909444], [27.038558999999818, 36.816657999094396], [27.07559549999984, 36.8501854990941], [27.104436999999844, 36.85721949909402], [27.144763999999803, 36.88029849909387], [27.165920499999785, 36.88850399909381], [27.23225799999981, 36.89386749909371], [27.279933999999777, 36.916705999093466], [27.28632949999977, 36.896556999093725], [27.308032999999806, 36.88687149909383], [27.323522499999775, 36.88486099909377], [27.341739499999818, 36.888438999093744], [27.351472999999768, 36.874469999093876], [27.353990499999796, 36.86225499909405], [27.351131999999804, 36.85805849909406]]], [[[27.151061999999804, 36.93555449909337], [27.172958499999826, 36.9253064990934], [27.175420499999777, 36.9204519990935], [27.157953499999802, 36.92599849909346], [27.13326049999986, 36.92209649909348], [27.1205424999998, 36.94212699909329], [27.10905099999977, 36.9486199990932], [27.10837899999986, 36.95466599909319], [27.131799499999765, 36.95963649909307], [27.14472949999979, 36.95549299909312], [27.158084999999843, 36.958884999093165], [27.17045049999979, 36.951332999093204], [27.16434449999977, 36.942397999093245], [27.151061999999804, 36.93555449909337]]], [[[26.27232349999983, 36.98501949909285], [26.28696949999982, 36.9843994990929], [26.303105999999843, 36.991210999092786], [26.306712999999775, 36.99034099909286], [26.30996449999977, 36.98272299909293], [26.288518499999814, 36.97022599909307], [26.28147699999985, 36.96978349909305], [26.2693174999998, 36.974395499092964], [26.27232349999983, 36.98501949909285]]], [[[26.470848499999803, 37.00177399909271], [26.452775499999774, 37.00022549909277], [26.445421499999792, 36.993743999092835], [26.41824649999983, 36.99237099909283], [26.421474999999795, 36.997365499092766], [26.432913499999778, 36.994425999092854], [26.439106499999802, 36.998496999092765], [26.424477999999844, 37.004722499092665], [26.4274444999998, 37.01059399909267], [26.43439499999979, 37.01142999909265], [26.441891999999786, 37.00677649909267], [26.453981499999813, 37.01215499909268], [26.47635349999983, 37.0125459990926], [26.493820499999817, 37.0047174990927], [26.497426499999836, 36.99948249909275], [26.469456999999778, 36.99728849909279], [26.461548499999836, 36.99943549909279], [26.470848499999803, 37.00177399909271]]], [[[26.959434499999794, 37.058196999092225], [26.99270549999983, 37.04066849909238], [26.99386799999982, 37.03766999909237], [26.973461999999852, 37.038751999092355], [26.990098499999778, 37.02238949909251], [27.008239499999835, 37.01162149909268], [27.02977349999979, 37.01525099909267], [27.036430499999828, 37.01351149909263], [27.047710499999848, 37.000572499092776], [27.04840999999981, 36.994207499092816], [27.039330499999792, 36.97765399909297], [27.028781999999822, 36.974071499092965], [27.04555149999982, 36.970107999093074], [27.04520399999985, 36.967944999093], [27.029935999999825, 36.95834399909318], [27.051852999999756, 36.95213299909323], [27.055545999999786, 36.94843299909319], [27.053256999999846, 36.94554499909327], [27.03289049999985, 36.950519499093154], [27.017064999999796, 36.94647199909323], [26.986625499999835, 36.95137799909319], [26.98266999999984, 36.9480894990932], [26.98686049999982, 36.94218799909327], [26.985280999999787, 36.92514399909345], [26.960103999999852, 36.925475999093486], [26.93966349999978, 36.92918399909339], [26.929658999999788, 36.94662499909327], [26.909068999999775, 36.95176299909318], [26.92974199999981, 36.967284999093025], [26.925007999999806, 36.98543749909289], [26.93933699999977, 37.00307499909269], [26.939523499999833, 37.019709999092605], [26.967319499999828, 37.01585749909266], [26.958906999999847, 37.023900499092555], [26.954715999999824, 37.03338249909249], [26.940719499999844, 37.043147999092334], [26.930352999999833, 37.04529599909233], [26.923388999999794, 37.03865999909239], [26.91346749999983, 37.03685399909246], [26.90969299999981, 37.04074099909242], [26.917381499999845, 37.047652999092364], [26.91462149999983, 37.0547484990923], [26.8892994999998, 37.06575799909212], [26.88035599999985, 37.0741389990921], [26.889785999999816, 37.08036049909202], [26.90556699999983, 37.0713994990921], [26.91176599999982, 37.07298649909205], [26.939674499999807, 37.063979999092204], [26.95614649999979, 37.06339649909224], [26.959434499999794, 37.058196999092225]]], [[[26.918130999999764, 36.99645999909282], [26.91593149999977, 36.99980599909279], [26.883601999999833, 37.01262299909267], [26.889812499999792, 37.016418499092616], [26.908960499999857, 37.01748199909258], [26.92383749999977, 37.007026499092674], [26.91753749999978, 36.990760999092856], [26.91465949999977, 36.992633999092845], [26.918130999999764, 36.99645999909282]]], [[[26.837590999999776, 37.167548999091295], [26.836169999999797, 37.161246999091276], [26.84208849999984, 37.15816949909132], [26.861945999999822, 37.15919299909134], [26.874425999999826, 37.15530399909138], [26.870349999999807, 37.15038699909138], [26.86191949999984, 37.15044399909139], [26.85945899999983, 37.144572999091515], [26.8792304999998, 37.12919999909164], [26.891086499999773, 37.11479199909175], [26.887773499999835, 37.104114499091864], [26.883914999999792, 37.10227199909184], [26.870094499999812, 37.1092379990918], [26.868337499999832, 37.10781099909179], [26.87479899999978, 37.09831999909192], [26.85047549999976, 37.0963669990919], [26.841951499999787, 37.09954449909188], [26.831258999999793, 37.11115649909171], [26.852031499999807, 37.115901999091754], [26.85657299999978, 37.120430499091675], [26.858386999999773, 37.13049699909155], [26.834908499999774, 37.12341899909166], [26.82313149999977, 37.1127279990918], [26.81153099999979, 37.12225699909161], [26.808638999999776, 37.13252449909152], [26.809333999999822, 37.1354024990915], [26.828309999999778, 37.1449089990915], [26.82740399999978, 37.152572499091356], [26.81537799999986, 37.155723499091366], [26.79906649999982, 37.152022999091365], [26.790761999999795, 37.16380299909125], [26.77361499999983, 37.167350499091306], [26.767566499999774, 37.1733129990912], [26.76812549999984, 37.18164099909115], [26.7810214999998, 37.19557049909105], [26.794605499999758, 37.18679799909111], [26.801364999999848, 37.18723899909108], [26.809085999999816, 37.19142899909108], [26.805948499999836, 37.19439699909104], [26.80076599999985, 37.191898499091025], [26.795455499999836, 37.19645149909102], [26.795107999999768, 37.200999999090996], [26.809201999999825, 37.20306049909094], [26.81604949999982, 37.19074249909103], [26.829398499999783, 37.19329849909102], [26.85438999999982, 37.18597999909112], [26.856827999999833, 37.1815739990911], [26.85189349999976, 37.17131249909126], [26.837590999999776, 37.167548999091295]]], [[[27.099522499999818, 37.302197499090106], [27.087687499999806, 37.29043999909021], [27.10333399999979, 37.28068549909029], [27.09604449999982, 37.276097499090326], [27.08591099999981, 37.2749944990903], [27.0805189999998, 37.28193099909023], [27.081716999999806, 37.2978569990901], [27.089989499999845, 37.30730899909003], [27.099522499999818, 37.302197499090106]]], [[[26.784530499999793, 37.28038649909025], [26.78047699999978, 37.27759449909028], [26.763204499999816, 37.28385049909022], [26.75927899999983, 37.29006849909021], [26.767495999999802, 37.29569899909009], [26.757625999999842, 37.29857499909009], [26.749518999999818, 37.29362349909015], [26.74436749999981, 37.294160999090124], [26.73356249999984, 37.30005499909005], [26.715764999999788, 37.302889499090085], [26.71119099999978, 37.31232299908999], [26.713300499999797, 37.32076749908989], [26.721124499999853, 37.32843299908983], [26.73098549999978, 37.32677349908983], [26.741497499999838, 37.319882999089884], [26.742719999999835, 37.312166999089975], [26.764731999999817, 37.30354949909005], [26.787269499999848, 37.30757399909004], [26.791108999999828, 37.301515999090036], [26.784530499999793, 37.28038649909025]]], [[[26.603985999999836, 37.337162999089806], [26.596032499999815, 37.34272999908976], [26.574064999999784, 37.348828999089676], [26.565186499999783, 37.34798999908973], [26.559030499999807, 37.33307849908984], [26.56152549999983, 37.326640999089896], [26.55348399999981, 37.3231809990899], [26.546436499999785, 37.32832649908989], [26.543560999999805, 37.32646899908987], [26.548362999999846, 37.320417499089885], [26.570913499999794, 37.307510499090014], [26.573705499999786, 37.302207999090086], [26.561876499999826, 37.29674149909009], [26.560901499999805, 37.28747949909016], [26.57290099999984, 37.28084949909027], [26.56817249999984, 37.27106499909036], [26.542302999999816, 37.27697749909029], [26.547796499999777, 37.28371799909027], [26.555547499999836, 37.286632499090246], [26.55516349999977, 37.29108799909018], [26.542739999999828, 37.29406349909015], [26.533225999999818, 37.2869034990902], [26.52660749999986, 37.29143549909014], [26.531404499999837, 37.296802499090084], [26.530807499999824, 37.32859799908987], [26.542003999999764, 37.334998499089785], [26.534000499999777, 37.35229099908965], [26.537967999999776, 37.35735099908958], [26.533878499999812, 37.364429499089546], [26.53299349999977, 37.378162499089456], [26.544743999999806, 37.373450499089444], [26.544313499999813, 37.36726749908949], [26.550855499999845, 37.366126499089525], [26.56077599999981, 37.37139699908946], [26.566182999999814, 37.38077949908942], [26.575168499999783, 37.37695249908944], [26.574804499999768, 37.36742799908955], [26.593423999999814, 37.363372999089535], [26.600206999999806, 37.3470384990897], [26.61386699999983, 37.341117999089704], [26.611955499999763, 37.33607849908979], [26.603985999999836, 37.337162999089806]]], [[[26.74639999999976, 37.3675839990895], [26.71024799999983, 37.401649499089245], [26.717993999999834, 37.41258249908913], [26.722239499999823, 37.40261799908916], [26.75782699999977, 37.376155499089414], [26.74639999999976, 37.3675839990895]]], [[[26.97764199999985, 37.444347999088855], [26.96976649999979, 37.44652949908886], [26.965831499999815, 37.456622999088765], [26.957645499999824, 37.44437249908884], [26.94552999999978, 37.4474219990888], [26.944072499999802, 37.45254149908877], [26.94725799999986, 37.45836199908875], [26.9256744999998, 37.47517749908859], [26.942973999999776, 37.476485999088574], [26.979375999999785, 37.472015499088656], [26.970802499999806, 37.47730999908853], [26.997009499999784, 37.46829199908862], [27.00570099999976, 37.46139899908874], [27.006442999999788, 37.454425999088805], [26.990741499999867, 37.4588134990887], [26.97764199999985, 37.444347999088855]]], [[[26.4136849999998, 37.57740399908777], [26.41041749999981, 37.57470699908775], [26.400110999999782, 37.57852399908771], [26.409025999999788, 37.58678599908761], [26.437251999999837, 37.59940699908754], [26.436420499999784, 37.60271449908752], [26.450917999999824, 37.597926999087576], [26.457896999999775, 37.582614999087674], [26.449653499999826, 37.563579499087844], [26.437838999999816, 37.5672054990878], [26.44140249999979, 37.57254399908777], [26.436466999999805, 37.57761399908774], [26.4136849999998, 37.57740399908777]]], [[[26.522744999999837, 37.587852499087646], [26.49827499999979, 37.57538749908775], [26.50321399999979, 37.55923099908787], [26.514321999999783, 37.54743199908793], [26.512582999999776, 37.53079999908815], [26.509717999999786, 37.52772299908815], [26.499626999999826, 37.53216549908807], [26.488591999999834, 37.545135499088005], [26.486690499999803, 37.55524099908792], [26.480694499999828, 37.55845599908788], [26.47441949999986, 37.5836619990877], [26.47809199999979, 37.59810649908759], [26.473434499999804, 37.602260499087535], [26.483821499999827, 37.605781499087506], [26.488448499999773, 37.59932899908756], [26.48807699999985, 37.5908589990876], [26.496078499999854, 37.58240899908768], [26.51657749999979, 37.59685949908753], [26.51079199999983, 37.61340699908743], [26.515628999999834, 37.62277549908729], [26.497932499999774, 37.63039799908731], [26.499903999999827, 37.645774499087125], [26.510122499999767, 37.65598299908703], [26.51545499999982, 37.65552699908706], [26.534328499999834, 37.641452999087186], [26.527983499999838, 37.62570349908733], [26.538619999999817, 37.62516799908734], [26.536897499999853, 37.61783199908741], [26.539308999999804, 37.614279499087395], [26.53291299999986, 37.598937999087546], [26.522744999999837, 37.587852499087646]]], [[[26.84796899999985, 37.80615999908581], [26.881713999999757, 37.77901099908608], [26.893090499999854, 37.779815499086034], [26.916215999999775, 37.77166349908608], [26.92300199999983, 37.77326899908612], [26.95137399999979, 37.760406499086194], [26.96570949999985, 37.74781049908629], [26.972545499999786, 37.74875599908627], [26.97660249999981, 37.75526799908625], [26.947709999999773, 37.784934999086], [26.95361149999983, 37.78800199908599], [26.980949499999774, 37.779464499086025], [26.981540499999824, 37.78317999908603], [26.976165499999812, 37.78562549908603], [26.980189499999774, 37.79268399908592], [26.983669499999763, 37.796245499085884], [26.99124349999983, 37.79632549908593], [26.986266999999835, 37.79082849908597], [26.987248999999814, 37.78489699908597], [26.999339999999787, 37.77745799908603], [27.010661499999774, 37.77878199908606], [27.030551499999767, 37.77398249908609], [27.04654099999981, 37.77868649908607], [27.066083999999787, 37.77955999908604], [27.06767849999982, 37.77655399908612], [27.044558999999772, 37.76514399908619], [27.030444999999837, 37.76343549908614], [27.02641949999983, 37.75875099908619], [27.02911849999986, 37.75102449908628], [27.03716449999981, 37.74558649908633], [27.041700499999777, 37.737594499086384], [27.036775499999777, 37.73383699908646], [27.03662099999978, 37.72889349908648], [27.06296749999985, 37.729087999086495], [27.06708349999979, 37.72695099908645], [27.0702534999998, 37.71702199908657], [27.063121999999844, 37.709415499086624], [27.01454149999982, 37.70504399908663], [26.983092999999847, 37.707313499086624], [26.95949749999976, 37.69070049908674], [26.936082999999826, 37.689914499086825], [26.9104174999998, 37.682658999086875], [26.887271999999818, 37.67003999908693], [26.88232949999979, 37.660804999087], [26.881120499999856, 37.6443249990872], [26.868440499999828, 37.63723749908721], [26.816673499999844, 37.63743199908723], [26.79357149999983, 37.64271899908721], [26.76669699999977, 37.67906199908683], [26.757688499999766, 37.68516949908683], [26.75233049999982, 37.69608699908678], [26.73039999999983, 37.7032164990867], [26.721820999999835, 37.709621499086616], [26.68157949999984, 37.708728999086674], [26.641790499999804, 37.70239249908674], [26.62023949999978, 37.685069999086856], [26.59042549999978, 37.67634949908687], [26.580348999999785, 37.6909009990868], [26.585227999999802, 37.704899499086686], [26.573854499999868, 37.719775999086515], [26.569144999999846, 37.73416899908639], [26.596219999999782, 37.761844499086244], [26.609069999999846, 37.76884099908615], [26.62415299999984, 37.767703999086145], [26.64359099999984, 37.77358649908611], [26.659915999999832, 37.78936399908596], [26.675334999999823, 37.79593099908588], [26.689750499999832, 37.79593299908596], [26.736079999999777, 37.81228999908581], [26.752095999999785, 37.81232049908574], [26.84796899999985, 37.80615999908581]]], [[[26.27269149999981, 38.52073649908034], [26.2705669999998, 38.51519749908039], [26.263839999999828, 38.51362349908037], [26.257714999999838, 38.506267499080444], [26.25002799999984, 38.50500499908045], [26.208079499999826, 38.51621549908032], [26.182595999999762, 38.54458999908011], [26.22546899999979, 38.53784199908013], [26.23988149999982, 38.526557999080225], [26.27269149999981, 38.52073649908034]]], [[[26.375896499999822, 39.341808499074624], [26.40762699999976, 39.34130099907465], [26.422456499999825, 39.336364999074746], [26.425039499999844, 39.33031099907471], [26.414143499999813, 39.323495999074794], [26.379955499999845, 39.28294349907509], [26.377660499999756, 39.27909849907511], [26.381982999999824, 39.269134499075165], [26.405830499999794, 39.262546499075185], [26.410838999999775, 39.25690149907525], [26.43237099999983, 39.2472649990753], [26.436528499999838, 39.241847999075304], [26.4520404999998, 39.236356499075356], [26.46295349999982, 39.22692499907541], [26.475265499999775, 39.224384499075455], [26.479657999999773, 39.2104794990755], [26.487542499999776, 39.20307549907552], [26.49947949999979, 39.181125499075755], [26.516151499999804, 39.171603999075806], [26.537835999999782, 39.16943349907582], [26.541587999999802, 39.16452049907588], [26.53120799999983, 39.160793499075815], [26.532773999999815, 39.15334299907589], [26.529897499999848, 39.14118949907599], [26.545417499999854, 39.13373449907604], [26.5545369999998, 39.113055999076145], [26.56706799999985, 39.111800999076124], [26.555896999999796, 39.10533499907622], [26.55723549999979, 39.09614199907628], [26.59382049999984, 39.06970199907647], [26.61060649999979, 39.04676049907665], [26.615564499999856, 39.02434149907672], [26.607438999999815, 39.008945499076866], [26.59282899999979, 39.008243499076876], [26.56472199999981, 39.01884099907683], [26.539811999999856, 39.01141749907683], [26.53479249999985, 39.023006499076764], [26.526380499999814, 39.02938849907674], [26.523326999999767, 39.03610999907666], [26.531718999999836, 39.04483399907661], [26.527316999999854, 39.04736299907659], [26.51912499999981, 39.04545999907663], [26.511720999999785, 39.04937349907656], [26.512950499999807, 39.05755649907651], [26.517919499999813, 39.061790499076515], [26.527232999999832, 39.0620919990765], [26.530748499999827, 39.0673404990765], [26.52890599999979, 39.0824354990764], [26.514980499999822, 39.09191899907629], [26.49900799999977, 39.111724999076145], [26.48754299999982, 39.119128999076125], [26.463391999999775, 39.116515999076114], [26.444324499999794, 39.10701749907623], [26.44166949999977, 39.102531499076264], [26.450494999999812, 39.08176799907632], [26.461866499999854, 39.074619499076434], [26.466079999999785, 39.06811549907648], [26.491012499999826, 39.06058899907647], [26.518165499999824, 39.028564499076694], [26.531257499999835, 39.021056999076755], [26.541826999999863, 38.98912949907699], [26.51775149999985, 38.971129999077135], [26.506812999999767, 38.97691749907704], [26.490024499999787, 38.97712299907708], [26.478477499999798, 38.97209949907713], [26.42505849999982, 38.96323749907715], [26.40390949999983, 38.96419549907717], [26.365262999999832, 38.97598249907705], [26.327222999999833, 38.976665499077065], [26.28625499999985, 39.00127799907693], [26.236446499999825, 39.01539999907682], [26.196326999999794, 39.01921449907682], [26.18077249999978, 39.0166624990768], [26.170274499999813, 39.00911699907684], [26.14185499999983, 39.02990699907675], [26.137559999999816, 39.0404624990766], [26.112087499999777, 39.06763099907645], [26.1039789999998, 39.072131999076426], [26.084523999999828, 39.072913999076476], [26.08436799999979, 39.079112999076415], [26.093841999999768, 39.08139449907634], [26.110528999999783, 39.092994499076276], [26.11823349999981, 39.09328599907632], [26.133941499999825, 39.08648699907631], [26.14580899999986, 39.09515399907635], [26.153364499999824, 39.09372699907631], [26.162046499999814, 39.09711449907626], [26.1683184999998, 39.10037599907627], [26.170745999999838, 39.10945149907616], [26.188661499999803, 39.12623599907607], [26.204573999999855, 39.12866599907609], [26.207860999999788, 39.133163499076055], [26.222181499999834, 39.130717999076055], [26.237077999999848, 39.14091099907594], [26.248773499999782, 39.14292899907601], [26.250938499999766, 39.1503564990759], [26.266645499999793, 39.15115349907594], [26.2818434999998, 39.156476999075835], [26.295736499999826, 39.18241099907569], [26.287179999999825, 39.192474499075615], [26.2768154999998, 39.198386999075574], [26.24947349999979, 39.206008999075586], [26.198903999999775, 39.20580299907557], [26.185056499999774, 39.19729999907562], [26.167491999999804, 39.19578899907558], [26.155952499999817, 39.182658999075706], [26.155738999999826, 39.15930149907583], [26.1411139999998, 39.15252349907595], [26.129796999999837, 39.140426499076], [26.123420499999817, 39.13840099907603], [26.114867999999795, 39.11991899907611], [26.11255249999979, 39.10469049907626], [26.09722149999979, 39.11196899907617], [26.087611999999794, 39.10180599907627], [26.083608499999837, 39.08942399907629], [26.068902999999814, 39.087524499076345], [25.993112499999775, 39.10876849907614], [25.954025499999823, 39.10559849907615], [25.934632999999774, 39.13207999907604], [25.916061499999802, 39.13914499907594], [25.8931539999998, 39.14160899907596], [25.88822199999984, 39.1491584990759], [25.874366499999805, 39.15166099907591], [25.868694499999812, 39.15845499907587], [25.867091999999822, 39.16751099907575], [25.843820499999815, 39.17523949907577], [25.831420999999818, 39.18841949907569], [25.839186999999775, 39.188611999075626], [25.853131999999757, 39.182445499075705], [25.850152999999832, 39.18905449907564], [25.852050499999805, 39.209469499075524], [25.856788499999784, 39.220500999075405], [25.845420999999813, 39.22916049907544], [25.849073499999776, 39.23714049907539], [25.85648049999979, 39.23601699907534], [25.86141899999984, 39.24129499907529], [25.859089499999836, 39.25341149907525], [25.879400499999846, 39.27643599907511], [25.904466499999838, 39.28416799907504], [25.906671999999798, 39.29030549907497], [25.920797499999793, 39.29414449907497], [25.918840499999785, 39.28351199907504], [25.923791999999757, 39.280444999075044], [25.940301999999786, 39.280723499075094], [25.950386499999823, 39.27538299907512], [25.957561499999827, 39.276668499075065], [25.96244949999978, 39.28373699907501], [25.96989799999977, 39.286071999075006], [25.977939499999795, 39.27877399907509], [25.987953499999772, 39.2782394990751], [26.00313549999979, 39.281123999075085], [26.00948349999975, 39.28882599907503], [26.017738499999854, 39.29033299907502], [26.031865999999834, 39.28704049907501], [26.073266999999767, 39.29623049907499], [26.09509299999981, 39.3046149990749], [26.099335999999774, 39.31346699907487], [26.103465999999813, 39.313972499074865], [26.112872999999837, 39.30568299907489], [26.12427199999984, 39.30754099907487], [26.136763499999823, 39.31666799907485], [26.14494899999976, 39.31775649907484], [26.150689999999777, 39.32268899907482], [26.16481799999981, 39.322837999074785], [26.178540999999804, 39.331275999074705], [26.18153949999983, 39.337024499074694], [26.17265299999979, 39.34166649907469], [26.16982149999981, 39.346805499074584], [26.175172999999848, 39.36132449907455], [26.17397699999983, 39.36775949907449], [26.168517999999786, 39.36902599907445], [26.182277499999785, 39.37649699907448], [26.202424999999774, 39.37529749907445], [26.2269879999998, 39.38353349907443], [26.251878999999782, 39.37812399907444], [26.314705999999777, 39.374759499074436], [26.329501999999827, 39.37834149907441], [26.34195349999978, 39.389644499074386], [26.35111999999981, 39.37974649907447], [26.366895499999814, 39.37820799907446], [26.36564049999979, 39.37260449907449], [26.35034949999983, 39.35605999907457], [26.35132549999985, 39.35203949907464], [26.375896499999822, 39.341808499074624]]]]}}]}