{"type": "FeatureCollection", "bbox": [13.489667900000017, 42.392411399999965, 19.4470842, 46.55471619999996], "features": [{"type": "Feature", "properties": {"iso3": "HRV", "source": "geoBoundaries", "territoryExtent": "full"}, "geometry": {"type": "MultiPolygon", "coordinates": [[[[14.943850499999959, 44.14439849999999], [14.9338519, 44.148468700000045], [14.9275722, 44.1547692], [14.927315700000014, 44.150627], [14.918294799999957, 44.15403359999997], [14.914907299999983, 44.161643399999974], [14.90090480000004, 44.16241270000003], [14.8894569, 44.17516110000004], [14.905040700000031, 44.17235170000003], [14.923285, 44.1642178], [14.947927499999961, 44.14526510000001], [14.943850499999959, 44.14439849999999]]], [[[14.940209, 44.16923420000001], [14.903943400000012, 44.18898570000001], [14.915299099999983, 44.190597300000036], [14.933412199999955, 44.17900979999998], [14.940209, 44.16923420000001]]], [[[14.830398599999976, 44.24892410000001], [14.827410199999983, 44.245084899999966], [14.836842399999965, 44.238799700000044], [14.846299599999972, 44.2392982], [14.848249, 44.23484], [14.8516843, 44.237268600000014], [14.8552558, 44.235422400000026], [14.856781, 44.23115770000004], [14.865957699999969, 44.23100869999997], [14.867693299999955, 44.227289800000015], [14.865054700000039, 44.22596339999996], [14.87964219999998, 44.217591], [14.88370260000003, 44.219634], [14.881422400000014, 44.22489749999996], [14.8859469, 44.22999720000003], [14.88792269999997, 44.2241358], [14.894592700000024, 44.22620660000001], [14.9015226, 44.22181410000002], [14.893055, 44.21857770000002], [14.9031661, 44.2175406], [14.911361699999985, 44.2115518], [14.898214899999966, 44.2091376], [14.901144100000034, 44.20667550000004], [14.893900599999958, 44.20366760000003], [14.8965117, 44.198693699999986], [14.892131599999962, 44.197817], [14.878820400000018, 44.20582960000004], [14.877341499999956, 44.202104700000035], [14.8673095, 44.2069091], [14.87423079999997, 44.2132413], [14.863798600000026, 44.212175700000024], [14.8660129, 44.214756], [14.8602762, 44.217699199999984], [14.857656799999978, 44.2138886], [14.847326699999956, 44.21672759999998], [14.83928469999998, 44.22600859999997], [14.813799599999959, 44.236154600000035], [14.8193638, 44.2277191], [14.817886100000036, 44.2238235], [14.841910800000017, 44.200063900000025], [14.8288134, 44.20095949999996], [14.7940592, 44.2534367], [14.787014400000013, 44.2567923], [14.790062100000027, 44.2622057], [14.800664700000036, 44.25916590000001], [14.801946100000011, 44.2660874], [14.805760799999982, 44.26138839999996], [14.811413299999957, 44.2608039], [14.823344, 44.24689990000004], [14.830398599999976, 44.24892410000001]]], [[[14.799574900000016, 44.26944609999999], [14.790242400000023, 44.26856239999997], [14.791212900000032, 44.26416249999998], [14.785845400000012, 44.2629163], [14.7638202, 44.27228250000002], [14.769242600000036, 44.255487600000045], [14.762569199999968, 44.2558069], [14.7384008, 44.270126], [14.735764800000032, 44.279787], [14.74292470000003, 44.27816080000002], [14.744628699999977, 44.281858700000015], [14.760947099999958, 44.2762541], [14.75124170000002, 44.29111540000004], [14.75773740000004, 44.29422090000004], [14.784505399999984, 44.2790107], [14.7864453, 44.27559420000003], [14.783954399999958, 44.273821199999965], [14.795673, 44.27269539999999], [14.799574900000016, 44.26944609999999]]], [[[14.726858500000043, 44.27378450000004], [14.711882400000013, 44.27987329999996], [14.717823599999983, 44.27585879999998], [14.7128644, 44.270543], [14.69986650000004, 44.277098100000025], [14.7008182, 44.282600500000015], [14.696221499999988, 44.281317199999975], [14.6858381, 44.288621800000044], [14.695223199999988, 44.29223590000002], [14.700513700000032, 44.28902540000004], [14.711100100000033, 44.2906254], [14.722581600000021, 44.28356150000004], [14.726858500000043, 44.27378450000004]]], [[[14.611884499999976, 44.3403231], [14.632404, 44.3292826], [14.632747, 44.331593100000035], [14.637919700000039, 44.33097279999996], [14.643844399999976, 44.32665630000004], [14.641833, 44.323971899999975], [14.668759199999974, 44.3054583], [14.669943800000022, 44.301506], [14.6598241, 44.3074014], [14.659799099999974, 44.30484670000001], [14.655625299999956, 44.305250899999976], [14.651643500000015, 44.310463699999985], [14.64247339999996, 44.30847170000001], [14.637216400000023, 44.3156487], [14.6262518, 44.3185224], [14.6287787, 44.31986760000002], [14.6240265, 44.32398359999996], [14.618722399999976, 44.323453200000046], [14.6179164, 44.32597540000001], [14.62241990000002, 44.32561419999997], [14.620775899999975, 44.32912840000003], [14.613932200000027, 44.3313811], [14.61193430000001, 44.32902310000002], [14.593111600000034, 44.33686839999998], [14.582293699999974, 44.35162150000003], [14.589577900000043, 44.352593900000016], [14.59035419999997, 44.35731060000001], [14.6067483, 44.34364240000002], [14.606768199999957, 44.340178], [14.611884499999976, 44.3403231]]], [[[14.8527364, 44.378678900000025], [14.84691239999996, 44.387700599999974], [14.863452900000022, 44.378534], [14.8685956, 44.37030580000001], [14.8527364, 44.378678900000025]]], [[[14.706416400000014, 44.397234899999965], [14.6987894, 44.388176800000025], [14.702352699999958, 44.381794], [14.700617, 44.374487], [14.7224771, 44.3639046], [14.724064200000035, 44.3595883], [14.721458299999982, 44.35698909999997], [14.7288138, 44.351875099999965], [14.727156199999984, 44.348184500000045], [14.72114469999997, 44.346549], [14.711645699999968, 44.352602700000034], [14.704134799999972, 44.35284009999996], [14.706895200000018, 44.3572483], [14.702685, 44.35668510000004], [14.7023467, 44.359478399999965], [14.697318100000038, 44.35718430000004], [14.690479900000012, 44.36537670000003], [14.694051899999975, 44.368611199999954], [14.685224400000022, 44.38768219999996], [14.6806222, 44.391117], [14.677121399999974, 44.38804690000003], [14.672091199999974, 44.3917533], [14.665655300000017, 44.390836099999966], [14.660799599999978, 44.395055899999974], [14.662750800000039, 44.39814080000004], [14.65950909999996, 44.401723299999986], [14.6656872, 44.40342139999998], [14.664089200000022, 44.407503100000014], [14.674478599999977, 44.41292779999997], [14.687367499999974, 44.4125793], [14.69418340000002, 44.4097754], [14.706416400000014, 44.397234899999965]]], [[[14.800282, 44.39592439999998], [14.804441299999963, 44.39205579999999], [14.803675, 44.387694299999986], [14.793402500000012, 44.38477620000003], [14.799150199999959, 44.38033830000001], [14.801346799999985, 44.3716862], [14.8140501, 44.363720300000026], [14.821141, 44.3543273], [14.81509539999997, 44.341118], [14.8009584, 44.34425789999997], [14.7962448, 44.34079120000001], [14.778877900000035, 44.3517264], [14.775305, 44.35094979999997], [14.775647900000036, 44.354799100000044], [14.770645799999963, 44.35363410000002], [14.765245299999966, 44.3627324], [14.75917140000003, 44.3611801], [14.743762199999958, 44.368074499999956], [14.743752200000019, 44.37038369999998], [14.7659187, 44.37325360000002], [14.776801600000015, 44.37911179999996], [14.7764311, 44.3837946], [14.76709489999997, 44.39224320000004], [14.7697531, 44.3989197], [14.767025700000017, 44.4096906], [14.7600191, 44.41634720000001], [14.766475100000024, 44.413281600000026], [14.776137400000037, 44.41407070000003], [14.774690599999966, 44.41791660000001], [14.7849093, 44.42199920000003], [14.791838, 44.41989820000001], [14.800389800000028, 44.4141314], [14.811083, 44.39995050000003], [14.8093753, 44.3966417], [14.800282, 44.39592439999998]]], [[[14.568926500000016, 44.45504259999998], [14.579493700000027, 44.4408324], [14.5591182, 44.44766660000004], [14.554207600000039, 44.44104520000001], [14.550351700000034, 44.441101], [14.535603899999975, 44.44544379999998], [14.5361097, 44.448173200000035], [14.530560899999982, 44.45128740000004], [14.5327467, 44.45392829999997], [14.529123100000033, 44.4553252], [14.533962, 44.45660730000003], [14.53446, 44.461848], [14.541786500000024, 44.464426], [14.5494378, 44.45948989999997], [14.568926500000016, 44.45504259999998]]], [[[14.8717515, 44.466385400000036], [14.848823399999981, 44.48019149999998], [14.846469399999988, 44.48628590000001], [14.85901630000002, 44.4852756], [14.8672762, 44.47810139999997], [14.8717515, 44.466385400000036]]], [[[14.562138599999978, 44.49333049999998], [14.5535866, 44.49374020000003], [14.554126900000023, 44.498317], [14.545193, 44.50876750000004], [14.562185599999959, 44.5022663], [14.562138599999978, 44.49333049999998]]], [[[14.3141681, 44.51076490000001], [14.31641110000004, 44.5080972], [14.325797200000027, 44.51148740000002], [14.326916700000018, 44.508900699999955], [14.322150800000037, 44.5044882], [14.315504399999982, 44.50604510000003], [14.305086100000034, 44.4974313], [14.29021670000004, 44.508705], [14.287984299999982, 44.51383109999996], [14.29010409999996, 44.51669270000003], [14.28503, 44.5176435], [14.287800300000034, 44.521812299999965], [14.302900300000013, 44.51837820000004], [14.310665199999976, 44.51556130000003], [14.3096049, 44.50913650000002], [14.3141681, 44.51076490000001]]], [[[14.4638236, 44.5460352], [14.4722436, 44.5370686], [14.479386199999981, 44.5371191], [14.476136, 44.53421370000004], [14.478371499999957, 44.53222340000003], [14.486294899999978, 44.53218089999998], [14.480295199999963, 44.52708490000004], [14.487524500000019, 44.52804570000004], [14.491408200000015, 44.523555], [14.499043, 44.52518490000004], [14.506182200000021, 44.5194769], [14.5096664, 44.52169329999998], [14.508270699999985, 44.523782900000036], [14.517062199999978, 44.513264300000046], [14.524693499999989, 44.510701], [14.521061699999963, 44.50784359999998], [14.523342300000012, 44.50176989999997], [14.528424799999987, 44.503300699999976], [14.529352600000015, 44.497992499999974], [14.53550709999996, 44.498185599999964], [14.542076300000021, 44.489472599999985], [14.535669499999985, 44.47869130000002], [14.518111400000015, 44.47480990000004], [14.51079539999998, 44.480816900000036], [14.507800399999974, 44.4882919], [14.505438, 44.485878], [14.499344599999956, 44.488876500000046], [14.504476500000022, 44.492042], [14.493102100000014, 44.494087], [14.495252799999973, 44.50170649999996], [14.492549, 44.497446], [14.4889166, 44.49841989999999], [14.49042879999998, 44.506144299999974], [14.484791600000028, 44.50559320000003], [14.480361799999967, 44.51249970000002], [14.475177, 44.51123640000004], [14.47137430000001, 44.516601], [14.459953299999965, 44.5185967], [14.458103699999961, 44.52436729999998], [14.448803200000041, 44.52448539999998], [14.4597454, 44.53043820000003], [14.452901799999966, 44.53333059999998], [14.4512277, 44.52980150000001], [14.445110799999975, 44.53001469999998], [14.447521, 44.5340834], [14.4412971, 44.537574], [14.441922499999963, 44.5417628], [14.444504, 44.54176049999999], [14.439997, 44.54755789999996], [14.468058600000026, 44.53218690000003], [14.460232, 44.544486799999966], [14.4638236, 44.5460352]]], [[[14.324010800000012, 44.5695717], [14.297600900000033, 44.58685939999998], [14.29573769999997, 44.59249250000004], [14.3181603, 44.57877360000003], [14.324010800000012, 44.5695717]]], [[[14.3538784, 44.70600470000004], [14.353922900000041, 44.70138010000002], [14.361378399999984, 44.6970462], [14.3671741, 44.69749459999997], [14.368890199999965, 44.7009364], [14.369759599999957, 44.69531349999998], [14.3720091, 44.69888110000002], [14.38037, 44.70099160000003], [14.384967199999958, 44.69711139999997], [14.383425699999956, 44.69437070000004], [14.392225099999981, 44.69278869999998], [14.394337499999969, 44.68556009999998], [14.39917390000001, 44.68410019999998], [14.396124400000025, 44.67335640000001], [14.39951369999997, 44.66395090000002], [14.397851099999984, 44.656699299999985], [14.401467299999963, 44.65513260000003], [14.400711499999955, 44.648778800000024], [14.397516, 44.649747499999975], [14.396385400000037, 44.645698], [14.40062640000002, 44.64522880000002], [14.399375299999976, 44.63533319999998], [14.393814699999966, 44.635668099999975], [14.392685100000028, 44.629801], [14.395560800000021, 44.6196095], [14.403831, 44.61675860000001], [14.400411700000019, 44.61327990000004], [14.40651440000003, 44.61194740000001], [14.404617899999964, 44.607780799999965], [14.413221699999971, 44.598359199999976], [14.415926, 44.5883334], [14.422754, 44.58561560000001], [14.4276749, 44.57537610000002], [14.433776900000032, 44.5739181], [14.432543, 44.56835570000002], [14.44539270000003, 44.562785099999985], [14.443798600000028, 44.55664750000002], [14.455574300000022, 44.553451], [14.459929899999983, 44.54488], [14.4421837, 44.553655199999966], [14.431898300000027, 44.56629089999998], [14.42358110000002, 44.56933939999997], [14.426901599999956, 44.56141690000002], [14.4190111, 44.56406], [14.41238129999998, 44.568955900000034], [14.4129097, 44.57391989999997], [14.408640700000012, 44.575113100000024], [14.403262299999978, 44.5739684], [14.4081446, 44.559855300000045], [14.394226899999966, 44.559974], [14.396590599999962, 44.556525], [14.393397800000022, 44.553909500000046], [14.3868367, 44.55569], [14.386045900000036, 44.56094050000004], [14.36869, 44.56218790000004], [14.369736, 44.5704432], [14.376449399999961, 44.575741], [14.371482400000039, 44.58395510000002], [14.372609500000037, 44.58960519999997], [14.3802832, 44.594259699999974], [14.381224900000026, 44.5898663], [14.384819299999977, 44.589415], [14.385281699999956, 44.5983101], [14.392672200000026, 44.598209], [14.393074, 44.6033929], [14.383690600000024, 44.61121770000003], [14.381805500000015, 44.6266386], [14.368555100000039, 44.63243049999997], [14.367789099999987, 44.63678789999999], [14.362393699999968, 44.6372711], [14.361596299999983, 44.64445050000001], [14.35518180000002, 44.645696100000045], [14.354027900000025, 44.64295420000002], [14.351495500000015, 44.64519719999998], [14.354853500000035, 44.65287950000003], [14.343617, 44.665891], [14.338188399999966, 44.6928265], [14.341398, 44.70074140000003], [14.338703599999961, 44.706345900000024], [14.340248900000011, 44.71254129999998], [14.349655, 44.710975], [14.348237700000025, 44.707122100000035], [14.3538784, 44.70600470000004]]], [[[14.2831734, 44.67057139999997], [14.288743800000029, 44.66830280000003], [14.28767619999998, 44.66503779999998], [14.282534299999975, 44.6642792], [14.284286, 44.6607562], [14.280321, 44.656651], [14.268493699999988, 44.65951379999998], [14.263524499999972, 44.66643419999996], [14.26031579999996, 44.66594489999998], [14.265359800000036, 44.65546840000001], [14.254533199999967, 44.659381400000036], [14.264639300000018, 44.648557800000034], [14.2658, 44.639656], [14.250828899999982, 44.64948779999998], [14.283096699999968, 44.60662330000003], [14.2805917, 44.6039146], [14.253611900000033, 44.61946930000003], [14.236089700000013, 44.61860280000001], [14.23157839999996, 44.62800029999996], [14.233955800000023, 44.63141389999996], [14.247693099999962, 44.63567329999996], [14.239961199999977, 44.643340700000024], [14.23891449999997, 44.6602881], [14.2515064, 44.665903], [14.264965099999975, 44.683210399999986], [14.2793013, 44.689528499999966], [14.281685900000033, 44.6866036], [14.27671409999998, 44.6800771], [14.280619900000028, 44.68156440000004], [14.2862863, 44.67667680000003], [14.282501700000031, 44.6741678], [14.2831734, 44.67057139999997]]], [[[14.843731500000027, 44.68672809999999], [14.82801879999998, 44.690392699999975], [14.802470200000032, 44.7196639], [14.768879199999988, 44.74302319999999], [14.7890763, 44.733312300000044], [14.824922, 44.709008200000035], [14.83536410000004, 44.69566869999997], [14.842835699999982, 44.69119129999997], [14.843731500000027, 44.68672809999999]]], [[[14.3022271, 44.770078], [14.30947049999998, 44.77564969999999], [14.305366699999981, 44.778564], [14.306770799999983, 44.781651299999986], [14.316943799999974, 44.79192419999998], [14.321371200000014, 44.78889359999996], [14.309812, 44.75876519999998], [14.30368779999998, 44.7590842], [14.3022271, 44.770078]]], [[[14.738038899999987, 44.847595599999984], [14.741295, 44.845294], [14.74242650000002, 44.84876669999998], [14.753448600000011, 44.8503933], [14.745997199999964, 44.846521500000016], [14.753227600000022, 44.843991699999954], [14.750884899999987, 44.84059449999998], [14.760058599999985, 44.84276929999998], [14.760431500000019, 44.83981920000004], [14.763314700000011, 44.8402105], [14.755613199999965, 44.83579389999997], [14.7574944, 44.82611689999998], [14.747552, 44.82257170000002], [14.7433334, 44.82448729999997], [14.73722550000001, 44.82005509999998], [14.807601699999976, 44.76800849999996], [14.823787700000016, 44.757449600000015], [14.827387, 44.75796820000002], [14.846892900000034, 44.73490510000003], [14.854795, 44.731083700000035], [14.853661499999985, 44.728003399999984], [14.859967300000013, 44.72333259999997], [14.8616266, 44.7157844], [14.865183200000013, 44.7230839], [14.869429099999957, 44.70470010000001], [14.860441099999958, 44.7077957], [14.859257900000026, 44.705269599999966], [14.863544300000035, 44.70528340000004], [14.863654299999988, 44.7023952], [14.860564699999971, 44.704015799999965], [14.85224950000004, 44.69882239999996], [14.838232200000027, 44.701297], [14.808586500000013, 44.72831769999997], [14.8083932, 44.7325175], [14.7980365, 44.73509569999999], [14.783868300000028, 44.748624], [14.774360199999984, 44.7489959], [14.766308, 44.75660050000001], [14.76300350000002, 44.7556622], [14.761132099999989, 44.76010750000002], [14.762303800000035, 44.753562800000026], [14.752403499999959, 44.763499800000034], [14.741104200000036, 44.76841539999997], [14.733713500000038, 44.76737529999997], [14.75494889999998, 44.75127870000004], [14.738959899999985, 44.75932759999997], [14.733675900000035, 44.760227099999966], [14.7298089, 44.7564963], [14.728699699999973, 44.76133729999999], [14.72326679999996, 44.75496060000004], [14.720333199999972, 44.759623500000025], [14.714753199999956, 44.756441800000026], [14.717640799999957, 44.761760099999975], [14.711062, 44.75710820000001], [14.712490699999984, 44.7633812], [14.707815599999966, 44.76208659999999], [14.706405099999968, 44.7561818], [14.700287699999985, 44.75539630000003], [14.702414, 44.76207259999998], [14.694152899999983, 44.75794580000004], [14.6923282, 44.7625591], [14.68620609999998, 44.76254220000003], [14.690146699999977, 44.766401599999966], [14.67795959999996, 44.76738], [14.678267699999962, 44.7729146], [14.674303599999975, 44.77041309999996], [14.670347500000029, 44.772982800000044], [14.671382, 44.77583529999998], [14.6669185, 44.77906040000002], [14.6692984, 44.782034299999964], [14.663689299999975, 44.78146749999996], [14.6546501, 44.79130469999997], [14.664019, 44.800450699999985], [14.667981400000011, 44.80071889999997], [14.675936399999982, 44.79586709999999], [14.68313159999997, 44.79793989999999], [14.70567280000004, 44.78478129999997], [14.7086404, 44.7901059], [14.699061400000039, 44.79505510000004], [14.703822599999986, 44.794614], [14.698347400000026, 44.800396899999974], [14.69902670000001, 44.8090514], [14.726697, 44.798250500000016], [14.728041, 44.8012312], [14.7159763, 44.81084320000002], [14.7096806, 44.82110110000002], [14.695243900000014, 44.82439870000002], [14.6783101, 44.84468859999998], [14.6825094, 44.845658800000045], [14.684330799999982, 44.842328600000016], [14.691166, 44.84542589999996], [14.6922671, 44.841837], [14.701445400000027, 44.84349450000003], [14.700224700000012, 44.841238], [14.7113896, 44.83983449999998], [14.714663099999962, 44.83774940000003], [14.712767200000036, 44.83611790000004], [14.722570800000016, 44.831890899999976], [14.72565629999996, 44.8348667], [14.718044200000028, 44.842288], [14.722430899999987, 44.8416423], [14.722973500000029, 44.84704919999998], [14.71936729999999, 44.8477804], [14.721349699999967, 44.85179789999996], [14.7305356, 44.848327400000045], [14.735607900000018, 44.850638500000045], [14.73180419999998, 44.8466125], [14.7338729, 44.845447], [14.738038899999987, 44.847595599999984]]], [[[14.838763799999958, 44.83687430000001], [14.828010199999978, 44.83786320000003], [14.8295004, 44.83199880000002], [14.82434759999998, 44.832767699999955], [14.8260299, 44.82797570000004], [14.822895900000036, 44.8270039], [14.816761599999987, 44.834605400000044], [14.8173264, 44.838357], [14.813758899999966, 44.8349861], [14.804629900000025, 44.83893770000003], [14.800956500000021, 44.851469100000024], [14.83909, 44.84689080000002], [14.838763799999958, 44.83687430000001]]], [[[14.780202, 44.8562789], [14.759643500000012, 44.855853], [14.745920199999988, 44.85967179999997], [14.744815299999962, 44.86480050000004], [14.735027799999981, 44.8750407], [14.7478397, 44.87439619999996], [14.746531300000013, 44.884816], [14.7724228, 44.87115110000004], [14.7801742, 44.8635913], [14.780202, 44.8562789]]], [[[14.327852199999972, 45.167765200000034], [14.346690399999988, 45.169542600000014], [14.3608998, 45.16372250000003], [14.3713971, 45.146522500000025], [14.371992599999976, 45.1442863], [14.362605, 45.14089929999999], [14.356207499999977, 45.129575099999954], [14.359016799999983, 45.12138140000004], [14.355085799999982, 45.1164848], [14.3589482, 45.11137560000003], [14.356869599999959, 45.102897799999965], [14.359965200000028, 45.10137579999998], [14.360111300000037, 45.08829259999998], [14.36871539999998, 45.07987420000004], [14.3727883, 45.07168709999996], [14.372892099999971, 45.0621951], [14.384548300000025, 45.046470300000024], [14.396549400000017, 45.015629900000015], [14.424771, 44.983496], [14.4352408, 44.9777669], [14.443238699999975, 44.977088900000034], [14.458340899999959, 44.98361379999998], [14.4688334, 44.982636899999974], [14.4833839, 44.9620805], [14.4827356, 44.95658930000004], [14.4866462, 44.95514809999999], [14.475840200000038, 44.9564869], [14.469515300000028, 44.94787619999996], [14.4606376, 44.95204359999998], [14.465255199999975, 44.9397753], [14.461459599999985, 44.940014], [14.457422099999965, 44.92768], [14.461040699999964, 44.92692740000002], [14.456896700000014, 44.9258817], [14.455313500000026, 44.9215126], [14.461017900000032, 44.9099946], [14.456888400000038, 44.90766589999998], [14.459427399999973, 44.9063952], [14.45838660000001, 44.90190010000004], [14.452458, 44.8989218], [14.453755900000024, 44.895336099999966], [14.449451599999955, 44.89249330000003], [14.445543499999983, 44.874991700000024], [14.4500179, 44.870945099999965], [14.446746400000036, 44.86801049999998], [14.4533766, 44.85915940000003], [14.452348099999982, 44.85351], [14.458578099999956, 44.8430207], [14.458657200000017, 44.83455460000001], [14.462466399999977, 44.83200689999998], [14.459786899999964, 44.8294286], [14.463750199999973, 44.829704], [14.462771199999972, 44.81866709999998], [14.46899780000002, 44.80792059999997], [14.467847, 44.79454009999997], [14.470214200000035, 44.7903077], [14.452849199999966, 44.79541990000003], [14.448656399999974, 44.79326909999997], [14.447526800000036, 44.78603939999997], [14.4660972, 44.770705099999965], [14.466128, 44.76737009999999], [14.470459, 44.766364], [14.474295699999965, 44.76022419999999], [14.4723531, 44.75611], [14.47595830000004, 44.755613499999974], [14.474213800000028, 44.7494479], [14.478562, 44.74638919999996], [14.4791749, 44.73818179999998], [14.470352, 44.7386543], [14.463624399999956, 44.72656420000001], [14.477911199999975, 44.698664599999965], [14.477240299999975, 44.69327350000003], [14.4872934, 44.68770860000002], [14.4891236, 44.68219560000004], [14.496340700000014, 44.6802134], [14.4936096, 44.67188329999998], [14.497418600000026, 44.67617049999997], [14.4990961, 44.67328919999996], [14.5049325, 44.67384879999999], [14.507256800000027, 44.6698934], [14.503571099999983, 44.6684142], [14.507627599999976, 44.66806680000004], [14.510247899999976, 44.6617147], [14.513459300000035, 44.6634149], [14.509864300000034, 44.6574723], [14.513858899999969, 44.65349010000002], [14.5113989, 44.6515921], [14.509481599999988, 44.65410769999996], [14.508230400000025, 44.65114130000001], [14.505009399999972, 44.6532354], [14.5044634, 44.64983090000003], [14.50915040000003, 44.648472], [14.50454530000003, 44.6412998], [14.502133400000043, 44.642638], [14.5033566, 44.63858320000003], [14.511483299999965, 44.6456676], [14.513725300000017, 44.6394523], [14.51647540000001, 44.64463259999998], [14.5171773, 44.638918200000035], [14.5205747, 44.64104690000004], [14.51854679999998, 44.630840300000024], [14.522229200000018, 44.63208430000001], [14.52411669999996, 44.6376168], [14.525217700000018, 44.63449369999997], [14.52629079999999, 44.63747660000004], [14.533034199999987, 44.63341650000002], [14.526879400000018, 44.64163730000004], [14.530205499999974, 44.643549200000045], [14.532124699999963, 44.63982840000003], [14.535483300000033, 44.6418128], [14.533371199999982, 44.63880880000004], [14.536645, 44.637975700000034], [14.537346199999982, 44.6336], [14.54035220000001, 44.635993499999984], [14.5451494, 44.63084050000004], [14.538049299999981, 44.62701], [14.528102699999982, 44.629649399999984], [14.53233289999996, 44.62442550000004], [14.5277808, 44.616966399999974], [14.525486300000038, 44.621389500000014], [14.5245894, 44.61747710000004], [14.520287, 44.62394689999996], [14.51671490000002, 44.62416489999997], [14.522233500000018, 44.612641], [14.516650799999956, 44.611644099999964], [14.5168284, 44.60880040000004], [14.49455179999997, 44.6243778], [14.508380700000027, 44.60851910000004], [14.49919210000004, 44.60747650000001], [14.49833989999996, 44.60243660000001], [14.484286900000013, 44.607782], [14.476667199999985, 44.61675360000004], [14.473644, 44.615557600000024], [14.469165400000032, 44.6213313], [14.471433600000031, 44.62428480000003], [14.465606199999973, 44.624216200000035], [14.466067300000022, 44.629763199999985], [14.45986009999998, 44.62821079999997], [14.462408100000038, 44.62179269999998], [14.45628610000003, 44.625889], [14.451612799999983, 44.631223899999966], [14.457572200000039, 44.635275800000024], [14.4540262, 44.633923400000036], [14.443724799999961, 44.640237699999965], [14.445295299999964, 44.64654439999998], [14.44148449999996, 44.64677140000002], [14.436856700000037, 44.656455], [14.419714500000017, 44.6699598], [14.419855599999968, 44.67267639999997], [14.410618399999956, 44.668385899999976], [14.4105299, 44.67215090000001], [14.417089499999983, 44.6749901], [14.407777099999967, 44.676112200000034], [14.400291400000013, 44.69119110000004], [14.39586350000002, 44.689689399999956], [14.397023, 44.6942595], [14.391344, 44.693362], [14.395561199999966, 44.69825620000001], [14.392898700000027, 44.69856059999997], [14.393313299999958, 44.70466080000004], [14.398328599999969, 44.70673980000002], [14.3996987, 44.713417700000015], [14.394618799999973, 44.717496], [14.395282099999966, 44.7228874], [14.390233400000033, 44.7238868], [14.393571099999972, 44.73160159999998], [14.390461299999972, 44.73645989999997], [14.398688399999985, 44.736339], [14.398190199999975, 44.743749300000026], [14.39118359999996, 44.748300600000015], [14.3869288, 44.74731029999997], [14.385401700000026, 44.75082489999998], [14.38479740000003, 44.74438309999998], [14.38227739999998, 44.7443695], [14.37320280000001, 44.751247200000016], [14.372341100000034, 44.76432730000002], [14.368136300000026, 44.7702052], [14.371307899999989, 44.77663689999996], [14.36604249999998, 44.780456200000046], [14.3638562, 44.78721120000002], [14.367637100000023, 44.790767], [14.369033900000042, 44.80216340000003], [14.36368890000002, 44.80538040000002], [14.356836100000029, 44.81720670000003], [14.348745300000013, 44.81883710000001], [14.346905099999988, 44.81035490000003], [14.336901199999955, 44.814231699999986], [14.3421863, 44.81637890000001], [14.33668730000002, 44.820533], [14.338473700000035, 44.824111100000025], [14.330506899999977, 44.82604680000004], [14.332318600000042, 44.8305365], [14.3293811, 44.84505989999997], [14.333701599999985, 44.853282200000024], [14.324104699999966, 44.87240289999997], [14.319035400000017, 44.87339489999998], [14.321873700000024, 44.885466], [14.31676149999999, 44.88836849999998], [14.318068699999968, 44.891445700000034], [14.3098968, 44.90868889999997], [14.298747300000029, 44.9059906], [14.301296, 44.91032640000002], [14.2978464, 44.912998500000036], [14.3046391, 44.9119848], [14.3019105, 44.93522620000002], [14.3059766, 44.94139860000002], [14.309676399999963, 44.94125649999999], [14.308709199999962, 44.9439565], [14.312815, 44.94349229999997], [14.3146953, 44.95111939999999], [14.3345907, 44.93378920000004], [14.345848, 44.913854100000044], [14.354666800000041, 44.913952899999956], [14.355786599999968, 44.9082104], [14.363050400000036, 44.903235899999984], [14.370029399999988, 44.9085304], [14.384538, 44.90192169999996], [14.398739200000014, 44.90616859999999], [14.398645, 44.91074139999998], [14.402252700000021, 44.912064700000045], [14.401252, 44.92061340000002], [14.39059810000001, 44.93582330000004], [14.39242449999996, 44.9389402], [14.38475660000003, 44.9415799], [14.384562100000013, 44.945435099999955], [14.391160800000028, 44.948227], [14.391851100000034, 44.9554756], [14.409556899999968, 44.95016489999997], [14.4139424, 44.94388209999998], [14.417219, 44.9464511], [14.413479499999985, 44.9554197], [14.4076454, 44.9601268], [14.404130799999985, 44.956302700000045], [14.39098, 44.9598467], [14.393282, 44.9671311], [14.3895438, 44.97399779999998], [14.3865554, 44.97315990000002], [14.381804600000029, 44.978008900000034], [14.379149900000025, 44.9895394], [14.363564899999973, 44.9930454], [14.351252900000015, 45.002966800000046], [14.351963500000013, 45.014388499999974], [14.359839400000011, 45.02076120000003], [14.361179599999966, 45.02869329999997], [14.355006399999985, 45.046873800000014], [14.349324, 45.0532554], [14.340754700000028, 45.05885030000001], [14.326619, 45.06043510000004], [14.30733910000002, 45.0682729], [14.296160699999975, 45.0941163], [14.290663100000026, 45.099342], [14.283053600000043, 45.099551], [14.276656099999977, 45.10412860000002], [14.2801622, 45.11338659999998], [14.2728285, 45.12026690000002], [14.284874399999973, 45.1277829], [14.284955700000038, 45.132625], [14.291915800000025, 45.13629580000003], [14.3001649, 45.147794099999984], [14.301833699999959, 45.1635482], [14.3097895, 45.16698030000002], [14.310437399999957, 45.17181], [14.319473500000027, 45.1744297], [14.3263185, 45.17481169999998], [14.327852199999972, 45.167765200000034]]], [[[13.770321, 44.9185294], [13.7680332, 44.9165641], [13.7771789, 44.919054], [13.780079299999985, 44.91375149999999], [13.773435699999984, 44.910183], [13.782745200000027, 44.907470499999974], [13.778180199999971, 44.90393439999996], [13.772938, 44.9074698], [13.77258629999996, 44.9045071], [13.768297899999963, 44.904226100000024], [13.770345099999973, 44.90229649999998], [13.7658091, 44.90105969999996], [13.765290099999964, 44.90682419999997], [13.75794180000001, 44.90603060000003], [13.75945689999996, 44.892785], [13.7545795, 44.89346370000003], [13.753011, 44.88778610000002], [13.7505875, 44.88862389999997], [13.751843700000025, 44.891450900000024], [13.7462979, 44.891491700000024], [13.74728849999998, 44.895025], [13.75400389999997, 44.896676600000035], [13.745651299999965, 44.906323], [13.754826299999982, 44.9091496], [13.754907300000022, 44.91703909999996], [13.749521299999982, 44.9184307], [13.7492134, 44.92210149999996], [13.744313799999967, 44.92014059999998], [13.733877899999984, 44.925477], [13.745948899999986, 44.927459], [13.761415899999955, 44.92234089999996], [13.755594, 44.92085629999996], [13.764581400000035, 44.92291739999997], [13.770321, 44.9185294]]], [[[14.790760299999976, 44.92839290000004], [14.81433539999997, 44.91751149999997], [14.815186699999975, 44.91404019999999], [14.818820900000022, 44.91485039999996], [14.823279900000012, 44.9072099], [14.83007339999998, 44.90484340000003], [14.825963900000042, 44.90159129999998], [14.83413070000004, 44.8954374], [14.8385453, 44.88396819999996], [14.791109, 44.90427110000002], [14.781164599999967, 44.9045982], [14.770606099999965, 44.9110359], [14.76655279999997, 44.9199219], [14.76896140000004, 44.92696119999997], [14.7669096, 44.93232280000004], [14.774851599999964, 44.933365], [14.787318, 44.92985030000001], [14.787361599999963, 44.927009599999984], [14.790760299999976, 44.92839290000004]]], [[[13.749259299999975, 44.9294788], [13.74015590000002, 44.9302259], [13.743131400000012, 44.9358455], [13.73941029999997, 44.93695140000003], [13.733666299999973, 44.9339313], [13.735424, 44.930798], [13.73016420000002, 44.93077370000003], [13.72914809999997, 44.9359098], [13.734421899999964, 44.936800499999976], [13.7351533, 44.94114359999997], [13.742047, 44.940014], [13.746452099999965, 44.93744889999998], [13.749259299999975, 44.9294788]]], [[[14.543532399999973, 44.9719681], [14.554855900000033, 44.9577224], [14.541084899999971, 44.9529594], [14.525824200000018, 44.958621], [14.526560800000036, 44.96136720000004], [14.521446700000022, 44.96027860000003], [14.513567600000025, 44.96822310000002], [14.49756880000002, 44.972996199999976], [14.485117199999967, 44.981931300000035], [14.503310299999987, 44.97917150000004], [14.51460330000001, 44.981422799999976], [14.520974899999976, 44.987892299999956], [14.5327638, 44.98224030000002], [14.531416499999986, 44.978586300000025], [14.543532399999973, 44.9719681]]], [[[14.5770535, 45.24141590000004], [14.5909996, 45.23876809999999], [14.603949200000036, 45.2246771], [14.58619720000001, 45.23101979999998], [14.581534799999977, 45.2299821], [14.614684500000012, 45.19375230000003], [14.616089199999974, 45.18951709999999], [14.612847499999985, 45.18754550000002], [14.622258499999989, 45.18184130000003], [14.6208942, 45.1785573], [14.624097600000011, 45.1790393], [14.632853099999958, 45.165468], [14.629965400000037, 45.1625294], [14.626966, 45.16759760000002], [14.6077896, 45.1711376], [14.606828299999956, 45.163377], [14.597900799999989, 45.15581750000002], [14.596934, 45.15124309999999], [14.603486600000041, 45.14893250000003], [14.619629100000035, 45.1542865], [14.6210424, 45.15851080000002], [14.638273299999986, 45.1621624], [14.639151700000012, 45.15950580000001], [14.650005, 45.15755540000002], [14.650496599999977, 45.15160440000004], [14.6676667, 45.146976500000015], [14.669334699999984, 45.1571248], [14.675900799999967, 45.14732789999996], [14.672602099999969, 45.145332], [14.6766096, 45.144073900000016], [14.67077819999996, 45.14144249999999], [14.674783900000014, 45.14148690000002], [14.674627300000024, 45.1371983], [14.68051249999998, 45.13463969999996], [14.672511, 45.13112380000002], [14.672196399999974, 45.12725080000002], [14.6647308, 45.126044599999965], [14.6668102, 45.12131770000001], [14.658236800000028, 45.121539], [14.66642190000003, 45.11063869999999], [14.6649691, 45.106457599999985], [14.669237500000024, 45.105231100000026], [14.664271099999974, 45.10511759999996], [14.664932499999987, 45.100887], [14.661058900000027, 45.10039420000003], [14.6649551, 45.0958949], [14.662324799999963, 45.093904399999964], [14.666636500000022, 45.093584399999955], [14.663239499999973, 45.0913371], [14.674470700000034, 45.08133319999997], [14.6717694, 45.0780895], [14.675882200000027, 45.078675], [14.701429899999988, 45.064844500000014], [14.709512799999972, 45.06500269999996], [14.714909199999985, 45.07181450000002], [14.72325069999996, 45.06888520000003], [14.726899100000027, 45.06299329999997], [14.729788, 45.0645395], [14.728684799999984, 45.06812859999996], [14.738098899999978, 45.067894], [14.736298100000015, 45.0658373], [14.7392047, 45.06353510000003], [14.7334414, 45.0573645], [14.738688, 45.057633200000026], [14.7446816, 45.0530288], [14.74051910000003, 45.04336720000004], [14.7447695, 45.03327450000003], [14.759377699999957, 45.01846209999996], [14.768833799999962, 45.01537010000001], [14.770059599999955, 45.01057750000004], [14.783886400000016, 45.008041700000014], [14.798643400000037, 45.0001119], [14.795175, 44.995104899999966], [14.799316400000032, 44.990192], [14.801497, 44.99104], [14.798374900000026, 44.995197800000014], [14.804334700000025, 44.99561890000004], [14.811684, 44.990349499999965], [14.818003100000036, 44.982323], [14.8201731, 44.97066540000004], [14.802215600000016, 44.98466029999997], [14.799560499999979, 44.98411719999998], [14.802127199999985, 44.979122299999965], [14.812255199999983, 44.9694585], [14.806441900000026, 44.9670131], [14.80881689999998, 44.966089599999975], [14.807462099999972, 44.9628449], [14.7926273, 44.963274], [14.7745601, 44.96868289999996], [14.768500800000032, 44.96640140000002], [14.760197600000028, 44.96790919999998], [14.762970400000034, 44.968946], [14.76026249999998, 44.970343100000015], [14.7517063, 44.96845070000002], [14.746691600000043, 44.958706399999976], [14.760527699999985, 44.946933500000036], [14.760087900000011, 44.94194], [14.76271949999997, 44.94103719999996], [14.746309, 44.93535759999996], [14.73365770000004, 44.9373814], [14.734393099999957, 44.934561], [14.7152132, 44.94195480000003], [14.7067737, 44.94186570000003], [14.706301500000011, 44.94562429999998], [14.6996416, 44.948742599999974], [14.6874976, 44.94980219999998], [14.68852129999996, 44.956057600000015], [14.677871200000018, 44.9647084], [14.662896500000015, 44.967101799999966], [14.651128699999964, 44.9639796], [14.635677200000034, 44.97339749999996], [14.6172833, 44.97940159999998], [14.616051, 44.9850504], [14.628064, 44.98981910000004], [14.626909100000022, 45.0001806], [14.621543, 45.00859150000003], [14.62757260000003, 45.017447], [14.628853, 45.02691039999998], [14.628976099999983, 45.0343916], [14.623958, 45.0402772], [14.616049599999984, 45.03752029999997], [14.6069394, 45.027317], [14.61917639999997, 45.022343400000025], [14.623497900000041, 45.0166687], [14.620027499999958, 45.01360179999998], [14.605181300000018, 45.01579630000001], [14.588395700000016, 45.02469049999998], [14.578446599999987, 45.0250043], [14.578798100000027, 45.0274528], [14.570683, 45.0241444], [14.576309700000015, 45.023802699999976], [14.5728315, 45.02238830000001], [14.574218, 45.0201404], [14.56084, 45.01253830000001], [14.539879200000042, 45.01383229999996], [14.52971990000003, 45.01589720000001], [14.5274289, 45.01918650000003], [14.5257586, 45.01546580000002], [14.52190539999996, 45.020045599999975], [14.508476799999984, 45.024573], [14.506453, 45.020438499999976], [14.498694099999957, 45.021714600000045], [14.497519600000034, 45.028798399999964], [14.49378930000003, 45.02445150000001], [14.488662699999958, 45.0263911], [14.488943700000027, 45.02990820000004], [14.476290299999976, 45.035673799999955], [14.478027700000021, 45.03986029999996], [14.469537800000024, 45.040648], [14.469494900000027, 45.045939299999965], [14.464968, 45.04339180000004], [14.451838099999973, 45.05347609999997], [14.4529602, 45.057221100000035], [14.447008400000042, 45.05878329999997], [14.450319, 45.061537300000026], [14.444276400000037, 45.06090840000004], [14.435592499999975, 45.06782289999998], [14.430730200000012, 45.08100650000002], [14.435007100000034, 45.09311940000003], [14.469173299999975, 45.098664], [14.471466199999975, 45.104357300000025], [14.46466880000004, 45.11798], [14.475287799999984, 45.12839850000004], [14.494062, 45.123978499999986], [14.504717599999987, 45.115744], [14.514401, 45.1166041], [14.522613800000043, 45.119852], [14.525182699999965, 45.124976], [14.52821480000002, 45.12416179999997], [14.5236963, 45.1262017], [14.526738, 45.1295208], [14.529077800000016, 45.1458083], [14.52201680000003, 45.15083059999996], [14.53356749999997, 45.151370599999964], [14.535046799999977, 45.159087300000024], [14.546414499999964, 45.16854279999998], [14.535041, 45.18150149999998], [14.537314500000024, 45.1875958], [14.5333618, 45.19888809999997], [14.5395105, 45.20345090000002], [14.5467478, 45.201069], [14.529980900000043, 45.2163964], [14.527163, 45.2251955], [14.530621899999966, 45.22887350000003], [14.550768399999962, 45.20719210000004], [14.55167080000002, 45.22336719999998], [14.536657, 45.236362399999976], [14.5514559, 45.235240699999984], [14.551172800000026, 45.241440300000015], [14.555040400000022, 45.24045119999998], [14.5527354, 45.243645599999965], [14.5548265, 45.245436], [14.5637307, 45.24356480000003], [14.576856, 45.23426860000002], [14.579269799999976, 45.23541329999996], [14.5770535, 45.24141590000004]]], [[[15.761502100000028, 43.0222622], [15.7402947, 43.01606059999999], [15.737342299999971, 43.0190719], [15.726916700000041, 43.019078], [15.725228, 43.0231811], [15.751228299999957, 43.034315699999986], [15.769219699999985, 43.03160910000004], [15.761502100000028, 43.0222622]]], [[[15.6377241, 43.67162160000002], [15.658524600000016, 43.66041629999997], [15.656291299999973, 43.6650003], [15.66755990000002, 43.663024], [15.6697398, 43.6578929], [15.665782300000023, 43.655989399999974], [15.6750245, 43.65627560000003], [15.6776543, 43.653017], [15.67559419999998, 43.65200970000003], [15.6860348, 43.64693340000004], [15.6847511, 43.6435581], [15.700005100000029, 43.64356419999998], [15.73076749999998, 43.62963680000003], [15.72723249999997, 43.6283397], [15.714085899999967, 43.634091899999966], [15.710289299999983, 43.633541499999986], [15.71301870000004, 43.62983220000003], [15.711028899999983, 43.628678399999956], [15.707451099999984, 43.63154960000002], [15.709667100000017, 43.63375110000001], [15.7016106, 43.638284500000026], [15.7040571, 43.634346200000046], [15.699571, 43.63173169999999], [15.692761400000025, 43.63749689999997], [15.680192799999974, 43.63665730000004], [15.69240590000001, 43.62841820000001], [15.662278700000035, 43.64071649999999], [15.658696, 43.63907790000004], [15.646153399999955, 43.6460345], [15.645929199999967, 43.6492751], [15.641903699999963, 43.64913319999997], [15.634770200000018, 43.659459300000016], [15.630997100000025, 43.6586304], [15.626855700000023, 43.663865], [15.619446800000029, 43.665686700000045], [15.62419289999997, 43.6586121], [15.6054561, 43.666140099999986], [15.607733799999982, 43.668316699999956], [15.602634500000038, 43.67163159999996], [15.606462300000027, 43.67371519999997], [15.600596399999981, 43.67836490000001], [15.623886099999988, 43.6688871], [15.622339199999983, 43.6719788], [15.6377241, 43.67162160000002]]], [[[15.676281299999987, 43.69398060000003], [15.677653800000039, 43.689319600000026], [15.689916, 43.685565900000036], [15.692951899999978, 43.67817510000003], [15.677551800000037, 43.67870660000004], [15.676748800000032, 43.682322099999965], [15.670738600000037, 43.68376230000002], [15.665456900000011, 43.689809599999975], [15.6437559, 43.70061650000002], [15.637165, 43.70943459999999], [15.64169280000001, 43.70993320000003], [15.647697399999986, 43.70612829999998], [15.6500988, 43.6998618], [15.6585588, 43.69843440000003], [15.666439499999955, 43.6914608], [15.676281299999987, 43.69398060000003]]], [[[15.689407099999956, 43.71354940000001], [15.696762300000037, 43.70426129999996], [15.698123, 43.7073094], [15.7074138, 43.70246139999998], [15.708769199999976, 43.69999730000003], [15.704083399999961, 43.69885730000003], [15.712801, 43.6956247], [15.71717940000004, 43.6893247], [15.728356599999985, 43.6913889], [15.728941499999975, 43.6875847], [15.722558599999962, 43.68638849999998], [15.723365500000023, 43.680262800000015], [15.716668799999981, 43.680474], [15.722470499999956, 43.67004460000002], [15.7096079, 43.679515199999976], [15.69700590000003, 43.681472], [15.6966083, 43.68839840000001], [15.7114885, 43.685084], [15.680873299999968, 43.70280459999996], [15.687495599999982, 43.70451320000002], [15.680671699999985, 43.7109085], [15.680888499999982, 43.71548439999997], [15.676195900000026, 43.713868400000024], [15.6705214, 43.718409], [15.6884663, 43.71508480000004], [15.68881029999996, 43.7180321], [15.691901400000011, 43.71759679999996], [15.692952, 43.7145883], [15.689407099999956, 43.71354940000001]]], [[[15.515129900000039, 43.691767300000045], [15.520279699999987, 43.687035300000026], [15.5015728, 43.69058889999997], [15.490909, 43.6971567], [15.484696500000043, 43.6963654], [15.483896600000028, 43.69989909999999], [15.4736318, 43.70379779999998], [15.46847230000004, 43.711069100000046], [15.499598299999965, 43.69497770000002], [15.515129900000039, 43.691767300000045]]], [[[15.471595900000027, 43.72051569999998], [15.4728096, 43.724798300000025], [15.46803229999996, 43.731685], [15.473129099999964, 43.73453760000002], [15.479798100000023, 43.73207220000004], [15.483250599999957, 43.7226532], [15.47617110000004, 43.7271006], [15.475269499999959, 43.72024309999998], [15.471595900000027, 43.72051569999998]]], [[[15.383366800000035, 43.75649239999997], [15.378258599999976, 43.75370750000003], [15.379162199999955, 43.749893600000036], [15.3729282, 43.74308040000004], [15.369987200000027, 43.74690620000004], [15.3585352, 43.75040039999996], [15.364328, 43.760543400000046], [15.368537399999974, 43.7604195], [15.369228499999958, 43.75746269999996], [15.364041899999984, 43.75300240000004], [15.366173499999961, 43.75042519999997], [15.376345599999967, 43.75791689999998], [15.383366800000035, 43.75649239999997]]], [[[15.3632156, 43.7615325], [15.350547, 43.75831370000003], [15.3270326, 43.77206819999997], [15.325276299999983, 43.7694139], [15.3128201, 43.7745256], [15.323722699999957, 43.7768798], [15.343828, 43.7667475], [15.362097500000042, 43.764785300000014], [15.3632156, 43.7615325]]], [[[15.6033039, 43.8219401], [15.6059359, 43.81390829999999], [15.612895, 43.805523200000046], [15.617420100000027, 43.80689089999996], [15.623771099999976, 43.80360849999998], [15.624098599999984, 43.79924340000004], [15.629499500000014, 43.80010530000003], [15.6274513, 43.7939089], [15.6396241, 43.79935849999997], [15.648575499999987, 43.793925600000044], [15.652655399999963, 43.7869853], [15.642055900000033, 43.78474410000002], [15.659037800000023, 43.77830269999996], [15.657444900000032, 43.77508630000003], [15.664014200000013, 43.77241169999997], [15.6672484, 43.76444310000003], [15.6612371, 43.766922099999974], [15.65404620000002, 43.76440609999999], [15.649434600000015, 43.76895360000002], [15.646660800000015, 43.7665961], [15.638320100000017, 43.76924010000001], [15.630422900000033, 43.77662580000004], [15.6279234, 43.7734801], [15.621101499999982, 43.77551240000002], [15.624537, 43.7826357], [15.61726770000003, 43.784609], [15.609502799999978, 43.79708330000001], [15.6039147, 43.792285], [15.602846399999985, 43.79609409999996], [15.594138599999988, 43.79862859999997], [15.5931125, 43.80284849999998], [15.588917299999986, 43.80253870000002], [15.590230800000041, 43.80712829999998], [15.586332800000017, 43.805675], [15.579234499999965, 43.81206370000004], [15.579514, 43.81666670000004], [15.5734092, 43.81731749999998], [15.57381770000004, 43.822657400000026], [15.5695051, 43.82149290000004], [15.573587099999967, 43.82435260000004], [15.5644534, 43.82807559999998], [15.565847599999975, 43.83312719999997], [15.575309700000032, 43.83444610000003], [15.57428689999996, 43.830612800000026], [15.579543200000016, 43.82999619999999], [15.5869391, 43.8216459], [15.593729200000043, 43.824322899999984], [15.59012010000003, 43.8273793], [15.5973172, 43.835097], [15.59742, 43.8243242], [15.6028261, 43.827743], [15.600645799999983, 43.8290483], [15.606794199999955, 43.82624060000003], [15.6033039, 43.8219401]]], [[[15.253953799999968, 43.87077869999998], [15.267488, 43.8659162], [15.267299199999988, 43.8632218], [15.2602531, 43.866150400000016], [15.25840339999998, 43.860790099999974], [15.251130699999974, 43.86246889999997], [15.263980700000038, 43.85267220000002], [15.328402099999975, 43.817002], [15.333519, 43.810564499999984], [15.34181709999998, 43.8083728], [15.359162899999971, 43.78959359999999], [15.3843357, 43.77620189999996], [15.385701799999966, 43.77224749999998], [15.4369993, 43.74694910000004], [15.4603489, 43.73956380000004], [15.459544599999967, 43.7338536], [15.45282530000001, 43.7396664], [15.4492785, 43.73724180000003], [15.4368534, 43.74617869999997], [15.3587724, 43.782026200000026], [15.3512754, 43.7806432], [15.337799099999975, 43.789139199999966], [15.330703100000024, 43.78681790000001], [15.307157299999966, 43.80407959999997], [15.3036519, 43.800515899999986], [15.299300599999958, 43.80638229999998], [15.305312, 43.81096330000003], [15.2926639, 43.81212829999997], [15.291479499999964, 43.818178], [15.285019499999967, 43.815857], [15.284182900000024, 43.82211540000003], [15.274033899999976, 43.827084], [15.273171899999975, 43.82264709999997], [15.260763899999978, 43.828467], [15.254146500000013, 43.8366195], [15.257079799999977, 43.83751920000001], [15.255493099999965, 43.83934630000002], [15.2485666, 43.83942240000001], [15.245911499999968, 43.84552640000004], [15.241335100000034, 43.84493260000002], [15.242063900000028, 43.84980659999998], [15.247784300000026, 43.849285700000046], [15.220484799999982, 43.86983340000002], [15.225238, 43.871763], [15.22222020000004, 43.875669399999985], [15.224706699999983, 43.8744362], [15.23545670000002, 43.877193200000036], [15.240957399999958, 43.873351100000015], [15.238865, 43.869926800000016], [15.24689540000002, 43.87275269999998], [15.2531363, 43.868771399999986], [15.253953799999968, 43.87077869999998]]], [[[15.256106800000028, 43.81947309999999], [15.255128399999988, 43.815911099999965], [15.250956799999974, 43.81542289999998], [15.2506114, 43.820708499999974], [15.241573899999986, 43.818862800000026], [15.241592, 43.8233538], [15.23053, 43.83270549999998], [15.249622299999958, 43.826834799999986], [15.255241700000036, 43.8206476], [15.254880399999985, 43.82651850000001], [15.26220879999998, 43.8242898], [15.265576, 43.817154100000046], [15.256106800000028, 43.81947309999999]]], [[[15.501900700000041, 43.85691360000004], [15.516757599999979, 43.84823580000004], [15.5106736, 43.84963139999996], [15.509396500000031, 43.845968500000026], [15.502718799999963, 43.84584879999998], [15.493179, 43.850247], [15.485766899999968, 43.86042680000002], [15.497572699999965, 43.85600430000003], [15.496196400000043, 43.860436], [15.501163, 43.861482], [15.501900700000041, 43.85691360000004]]], [[[15.298073600000043, 43.8848486], [15.284694800000013, 43.88473510000002], [15.2858507, 43.880134200000015], [15.296932500000041, 43.87399210000003], [15.301992, 43.878398700000034], [15.302033200000013, 43.874154599999976], [15.305168299999975, 43.875811800000044], [15.316676400000032, 43.872021699999976], [15.318888099999976, 43.877314400000024], [15.313830600000026, 43.882887900000036], [15.315798300000031, 43.88643340000003], [15.319333699999985, 43.8850172], [15.319019899999956, 43.879218099999974], [15.330823500000038, 43.8745125], [15.323048, 43.872251900000016], [15.3238917, 43.8652818], [15.329750199999962, 43.865483], [15.336284100000034, 43.8603815], [15.3344588, 43.85811660000001], [15.33837749999996, 43.85205879999999], [15.350764900000028, 43.84686380000003], [15.351532, 43.8368031], [15.357449, 43.835], [15.365058, 43.82477669999996], [15.373242, 43.8199949], [15.3662039, 43.8184191], [15.355461, 43.83207969999999], [15.3497694, 43.8313993], [15.340540799999983, 43.84051950000001], [15.335865500000038, 43.83844920000004], [15.335171399999984, 43.84284189999997], [15.326612499999962, 43.84901080000004], [15.319086100000016, 43.84911060000003], [15.31639190000003, 43.8524], [15.31398510000002, 43.85018940000003], [15.301918799999962, 43.8619508], [15.289749, 43.86676560000003], [15.289681699999983, 43.8703335], [15.278892, 43.87679280000003], [15.265280799999962, 43.88009240000002], [15.2656247, 43.87566279999997], [15.252438099999969, 43.884544699999985], [15.260776300000026, 43.88321019999997], [15.266273300000014, 43.89357190000003], [15.272153900000033, 43.89319740000004], [15.2756047, 43.88716689999997], [15.283469100000028, 43.89068750000003], [15.298073600000043, 43.8848486]]], [[[15.5395784, 43.85844779999997], [15.532539599999987, 43.86116860000003], [15.53329389999996, 43.864191799999965], [15.548861, 43.860012400000016], [15.551799, 43.85178680000004], [15.54663369999996, 43.84911680000001], [15.5413, 43.85236290000001], [15.5395784, 43.85844779999997]]], [[[15.218758399999958, 43.87921120000003], [15.207361, 43.8764907], [15.2170746, 43.88353180000002], [15.213574799999966, 43.88681589999997], [15.216048, 43.888715], [15.226699899999966, 43.8850633], [15.22294059999996, 43.8805354], [15.225795199999984, 43.875868300000015], [15.222846399999982, 43.8781718], [15.218559, 43.875805], [15.218758399999958, 43.87921120000003]]], [[[15.317393799999971, 43.91596219999996], [15.3113399, 43.913743100000026], [15.3054606, 43.92203350000004], [15.28530150000003, 43.931850399999966], [15.2853688, 43.938926699999975], [15.292524600000016, 43.93234830000004], [15.294107399999971, 43.934083], [15.306287300000013, 43.927791699999965], [15.317393799999971, 43.91596219999996]]], [[[15.20142170000001, 43.9336617], [15.2041803, 43.934683], [15.1934694, 43.94556619999999], [15.20176880000004, 43.945040900000045], [15.2094617, 43.939791799999966], [15.226061, 43.920711], [15.2181674, 43.92518590000001], [15.2156834, 43.922650600000026], [15.20142170000001, 43.9336617]]], [[[15.289346, 44.012230499999966], [15.28754, 44.009413], [15.295952400000038, 44.001436700000035], [15.324244699999982, 43.9943365], [15.3295693, 43.987784], [15.34582739999997, 43.98045229999999], [15.357625799999978, 43.96580689999996], [15.362515199999963, 43.96474070000003], [15.3681094, 43.96956280000004], [15.3755979, 43.96748159999997], [15.3806398, 43.961837199999955], [15.3795545, 43.95800289999996], [15.38942349999997, 43.956785899999986], [15.385948200000014, 43.949536400000035], [15.38996860000004, 43.93768090000001], [15.425841200000038, 43.919758099999974], [15.433540399999982, 43.9103765], [15.44975870000003, 43.90129110000003], [15.449895399999972, 43.8974917], [15.456156899999977, 43.89657980000004], [15.453635499999988, 43.894399], [15.455122700000027, 43.8891597], [15.4501835, 43.88701530000004], [15.4415883, 43.89588180000002], [15.434038199999959, 43.8893572], [15.427526500000036, 43.88944960000001], [15.403305100000034, 43.90434439999998], [15.395973400000033, 43.90494190000003], [15.39732089999997, 43.90972530000004], [15.390181299999965, 43.910176599999986], [15.38522060000003, 43.91485889999998], [15.3787377, 43.9132263], [15.38442539999996, 43.90663790000003], [15.378412800000033, 43.90819330000002], [15.375424300000033, 43.914685], [15.37020490000001, 43.91456090000001], [15.373623100000037, 43.90721020000004], [15.362655500000026, 43.910052800000045], [15.3565321, 43.91544780000003], [15.3570431, 43.92262], [15.354034099999984, 43.92378119999996], [15.35606110000001, 43.926119], [15.36171459999998, 43.9221823], [15.364614799999957, 43.9237066], [15.359698100000022, 43.92885510000002], [15.351154, 43.93253979999999], [15.349258299999983, 43.92799010000004], [15.346813500000026, 43.93067629999999], [15.348694, 43.93530020000003], [15.335495, 43.9369111], [15.338027200000019, 43.94358879999998], [15.328795700000034, 43.94367330000004], [15.32234610000001, 43.95189719999997], [15.317706, 43.950004599999964], [15.30793, 43.95454549999998], [15.299900699999961, 43.97112350000003], [15.292348099999979, 43.97437170000003], [15.2662559, 43.99798970000002], [15.266869, 44.0059919], [15.257622700000043, 44.0058825], [15.2519415, 44.0149995], [15.2630324, 44.01530970000001], [15.26102239999996, 44.018387], [15.263962300000026, 44.0209463], [15.2685832, 44.01961589999997], [15.267920300000041, 44.01516659999998], [15.271451900000036, 44.01357210000003], [15.289346, 44.012230499999966]]], [[[14.870125, 44.164151], [14.883119, 44.16453], [14.884647, 44.162488], [14.880776, 44.159752], [14.888893, 44.157212], [14.8898981, 44.1519203], [14.897328, 44.152381], [14.911635, 44.142265], [14.9050821, 44.1398987], [14.914217, 44.131537], [14.91355210000003, 44.12882789999997], [14.919474, 44.127646], [14.92106, 44.122939], [14.929272, 44.118671], [14.935548699999982, 44.119143299999976], [14.932782199999965, 44.121743199999976], [14.934926, 44.123049], [14.94434, 44.119224], [14.946466, 44.116627], [14.939340199999988, 44.110168099999974], [14.946758, 44.108266], [14.948422, 44.10434], [14.946127, 44.102943], [14.961616, 44.097617], [14.970486, 44.089293], [14.987038, 44.086299], [14.998178, 44.078421], [14.995418, 44.087966], [15.009601, 44.082391], [15.009592, 44.073682], [15.001278, 44.074931], [15.005047, 44.071777], [15.004069, 44.068814], [15.014452, 44.071293], [15.01934, 44.062085], [15.023949, 44.063664], [15.021833, 44.057261], [15.028406, 44.047275], [15.024725, 44.045809], [15.029318, 44.036054], [15.039256, 44.022923], [15.045538, 44.019488], [15.051551, 44.00763], [15.060756, 43.999794], [15.069377, 43.999915], [15.0769429, 43.98995730000004], [15.08008760000004, 43.990808600000044], [15.0958133, 43.97863789999997], [15.100106799999983, 43.98355859999997], [15.096947, 43.99004], [15.119309100000015, 43.980204199999974], [15.121438, 43.975403], [15.115385299999987, 43.9697631], [15.124978599999976, 43.96600769999997], [15.128051300000015, 43.95961290000004], [15.145102, 43.955401], [15.146163099999969, 43.94683540000002], [15.150191400000027, 43.948009700000014], [15.158739300000027, 43.941851], [15.159286600000014, 43.938078], [15.162510899999985, 43.9412994], [15.168107, 43.939369], [15.169722, 43.936665], [15.164997400000017, 43.937355299999986], [15.177094200000022, 43.92666410000002], [15.173510599999988, 43.925415199999975], [15.184333500000017, 43.923242], [15.194274199999972, 43.91432170000003], [15.196077499999964, 43.91721729999998], [15.2099158, 43.9135711], [15.222876499999986, 43.905189800000024], [15.226261400000011, 43.896458899999985], [15.213602699999965, 43.899149], [15.219227, 43.890726], [15.213729, 43.891725], [15.209995, 43.887595], [15.206333, 43.891613], [15.203058, 43.889151], [15.193687, 43.895101], [15.1887, 43.905069], [15.188538, 43.897287], [15.17738, 43.904822], [15.169628, 43.904862], [15.169672, 43.901415], [15.16149, 43.904702], [15.156905, 43.901696], [15.159451, 43.906157], [15.15653, 43.908177], [15.165129, 43.908937], [15.151904, 43.91816], [15.146977, 43.916064], [15.149619, 43.918325], [15.146477, 43.924072], [15.137812400000032, 43.928687], [15.138545, 43.924852], [15.134215, 43.92629109999997], [15.129020700000021, 43.92163239999998], [15.135886, 43.91656], [15.1331, 43.914292], [15.145636, 43.915061], [15.152759, 43.900436], [15.1489125, 43.899644600000045], [15.15901, 43.891124], [15.163659, 43.896942], [15.1689, 43.896815], [15.173328, 43.893556], [15.173503, 43.886956], [15.189311, 43.878474], [15.195511, 43.880653], [15.199776, 43.878101], [15.200639, 43.873653], [15.194916, 43.871135], [15.201123, 43.867258], [15.199974, 43.865004], [15.18491, 43.871505], [15.185386, 43.874947], [15.1793, 43.875293], [15.180221, 43.87880240000004], [15.161223400000038, 43.88569619999996], [15.102666500000032, 43.92719880000003], [15.085860400000021, 43.946942], [15.077761799999982, 43.95048970000004], [15.0810318, 43.952302799999956], [15.0781774, 43.95623990000002], [15.073003, 43.955889], [15.069041, 43.960195], [15.061343, 43.970448], [15.063023, 43.973404], [15.056617, 43.975817], [15.057454, 43.980156], [15.0497, 43.983963], [15.036701, 44.003031], [15.027064, 44.010119], [15.026968, 44.016795], [15.020782, 44.021053], [15.012872, 44.034305], [15.003562, 44.0387], [15.002466, 44.043763], [14.999431, 44.042933], [14.992024, 44.050516], [14.992265, 44.056428], [14.987184799999968, 44.05446520000003], [14.970613, 44.0694578], [14.938289299999989, 44.08506830000003], [14.92220469999999, 44.103768199999976], [14.88802, 44.128332], [14.873359800000022, 44.13452550000004], [14.870906499999984, 44.13280079999998], [14.872708, 44.125658], [14.875786, 44.124894], [14.873817, 44.123881], [14.827779, 44.143038], [14.81867180000003, 44.151884200000026], [14.824816, 44.162301], [14.832312, 44.164883], [14.838073, 44.160553], [14.83027580000003, 44.162169900000016], [14.824585, 44.1566628], [14.8340723, 44.15051670000003], [14.8338951, 44.14612070000002], [14.8514247, 44.14260789999998], [14.8562143, 44.13553589999997], [14.860574299999966, 44.135319700000025], [14.86267140000002, 44.14105679999998], [14.852891100000013, 44.1430108], [14.84532, 44.148976], [14.845452, 44.152246], [14.856002, 44.14752590000002], [14.855734, 44.151716], [14.867429, 44.144729], [14.8639723, 44.14256579999996], [14.865783500000033, 44.141008399999976], [14.880034600000029, 44.13915190000002], [14.877543, 44.145809], [14.866969, 44.153024], [14.86121089999997, 44.167112], [14.85635510000001, 44.167802500000036], [14.853920099999977, 44.17314370000001], [14.856704, 44.177257], [14.862628, 44.170705], [14.872334, 44.167677], [14.870125, 44.164151]]], [[[15.0719042, 44.0281544], [15.07205890000001, 44.0236557], [15.0777793, 44.0230599], [15.086905499999984, 44.00805289999999], [15.0767594, 44.0085888], [15.0593684, 44.0201445], [15.06005270000004, 44.02386379999999], [15.054247200000018, 44.02289620000004], [15.055002299999968, 44.02672930000003], [15.06267930000003, 44.029025300000015], [15.055618, 44.0310474], [15.059518199999959, 44.03352770000004], [15.055651699999965, 44.03606969999996], [15.05625289999997, 44.03955409999996], [15.05151669999996, 44.037659], [15.050387399999957, 44.042544], [15.0660088, 44.04003370000003], [15.0616206, 44.03343740000003], [15.066807900000038, 44.027094], [15.0719042, 44.0281544]]], [[[15.098451199999955, 44.067339], [15.1052092, 44.065280200000025], [15.111420300000015, 44.05790179999998], [15.107685900000027, 44.0573235], [15.11265649999998, 44.05358329999998], [15.108903100000019, 44.04993940000002], [15.116273400000017, 44.0499306], [15.118558399999985, 44.0426601], [15.129497699999964, 44.0384597], [15.13024179999998, 44.031853800000015], [15.146443199999963, 44.027335199999975], [15.145710700000018, 44.02177], [15.1514963, 44.0245562], [15.155247500000039, 44.02209290000001], [15.15437, 44.017841699999984], [15.148585500000026, 44.016573500000035], [15.1549786, 44.005593], [15.167749800000022, 43.9958242], [15.15328009999997, 44.0042338], [15.149462500000025, 44.00354739999997], [15.1470277, 44.00863759999996], [15.135142199999988, 44.011759900000015], [15.129998199999987, 44.01885120000002], [15.12027730000001, 44.021978], [15.100900600000026, 44.04283139999996], [15.094144400000035, 44.044505500000014], [15.08846289999997, 44.05143820000004], [15.077078500000022, 44.051959700000026], [15.072461600000024, 44.058890900000016], [15.07797910000002, 44.06094], [15.070354600000039, 44.0824991], [15.0746275, 44.083522700000046], [15.093474400000021, 44.070935699999986], [15.096324500000028, 44.07272949999999], [15.098451199999955, 44.067339]]], [[[15.1044986, 44.13422], [15.10513779999996, 44.128844899999955], [15.1127887, 44.12892840000003], [15.117366499999955, 44.124883099999984], [15.11982, 44.12700109999999], [15.120467400000019, 44.123518400000044], [15.126548800000043, 44.1261478], [15.135746199999959, 44.1150215], [15.1445929, 44.112494800000015], [15.152936, 44.10251559999998], [15.154023, 44.1078036], [15.166157299999975, 44.1023494], [15.165222299999973, 44.0962382], [15.170846299999988, 44.09680110000003], [15.167995800000037, 44.096298], [15.17264, 44.0928956], [15.17027379999996, 44.1009], [15.185845399999968, 44.093114199999974], [15.182737699999963, 44.09280379999996], [15.185383300000014, 44.08937260000001], [15.183323, 44.08421170000003], [15.195602199999984, 44.07676649999997], [15.1947232, 44.07374780000004], [15.2028354, 44.06504549999997], [15.210460799999973, 44.06460989999999], [15.209937899999963, 44.0611695], [15.224997299999957, 44.0574319], [15.225159300000039, 44.05399989999999], [15.236091799999988, 44.04630519999997], [15.242199100000024, 44.04694], [15.246985800000038, 44.038974], [15.252920299999987, 44.037807799999975], [15.253100299999959, 44.0348025], [15.248383699999971, 44.03628659999997], [15.246657200000028, 44.03377770000004], [15.253232299999956, 44.03299869999997], [15.260280899999982, 44.02138189999998], [15.250188199999974, 44.019685500000044], [15.251006199999976, 44.0146666], [15.2424145, 44.00967349999996], [15.237709900000022, 44.016922599999965], [15.2447151, 44.01791239999997], [15.243506800000043, 44.02420479999996], [15.23024149999999, 44.02689179999997], [15.23289709999998, 44.03169009999997], [15.225709, 44.03567230000003], [15.22928220000002, 44.037876], [15.212113300000011, 44.04929960000002], [15.218270299999984, 44.033711], [15.198965099999965, 44.04898720000001], [15.2052829, 44.03617910000004], [15.1993057, 44.03207779999998], [15.192659, 44.03616390000003], [15.170094599999965, 44.0586428], [15.162482300000017, 44.05962449999996], [15.130436800000039, 44.0860769], [15.117253600000028, 44.106565400000044], [15.109158199999987, 44.1087836], [15.11088529999998, 44.10438339999998], [15.102796, 44.10898560000001], [15.100714399999985, 44.1071263], [15.0898523, 44.119545899999984], [15.077122099999988, 44.12454269999997], [15.0787002, 44.12647689999996], [15.07007489999999, 44.1329139], [15.068773400000039, 44.1299929], [15.065655, 44.13101720000002], [15.063897700000032, 44.13497180000002], [15.06956, 44.1347388], [15.072707400000022, 44.13911750000002], [15.060836399999959, 44.15190260000004], [15.063242199999975, 44.158608699999974], [15.084136700000043, 44.14432510000004], [15.097279700000014, 44.1400758], [15.0981511, 44.13575330000002], [15.100903, 44.137397100000044], [15.1071746, 44.133765], [15.1044986, 44.13422]]], [[[15.053138799999969, 44.14723090000004], [15.05759640000002, 44.1407532], [15.042632899999967, 44.143582399999964], [15.01941189999996, 44.16584269999997], [15.025036799999961, 44.17059960000001], [15.027683700000031, 44.16575310000002], [15.034367199999958, 44.164086599999976], [15.046606899999974, 44.15370170000004], [15.054958299999969, 44.152637], [15.053138799999969, 44.14723090000004]]], [[[14.950470100000016, 44.1961959], [14.9767866, 44.178726099999956], [14.992801, 44.1611466], [15.005318200000021, 44.1613721], [15.016621900000041, 44.14923419999997], [15.025853500000034, 44.14680580000004], [15.035290200000032, 44.13758920000004], [15.031398099999963, 44.12562430000003], [15.024273400000036, 44.1253696], [15.015623, 44.13630229999997], [15.007436200000027, 44.139961], [15.009960900000022, 44.13573879999997], [15.006819299999966, 44.1345905], [14.994044399999988, 44.14075670000002], [14.984265, 44.14911270000004], [14.979985, 44.15835940000004], [14.976982200000014, 44.1560167], [14.9723403, 44.1579971], [14.9692618, 44.16221290000002], [14.9714345, 44.1652837], [14.968102099999973, 44.166534800000036], [14.9702215, 44.16796369999996], [14.944294600000022, 44.1889511], [14.9420872, 44.20201120000003], [14.949804899999956, 44.200607], [14.950470100000016, 44.1961959]]], [[[15.052012500000037, 44.31983269999998], [15.056314299999988, 44.31687720000004], [15.0638425, 44.3207197], [15.0730389, 44.31930029999998], [15.0787463, 44.31108580000003], [15.090476599999961, 44.30779489999997], [15.099984800000014, 44.3104532], [15.102468199999967, 44.3067069], [15.118683600000042, 44.30051220000002], [15.125159799999958, 44.291287299999965], [15.135694500000033, 44.289992300000016], [15.131932199999957, 44.284608399999975], [15.120665499999978, 44.2803825], [15.117164699999956, 44.28503259999999], [15.119505199999987, 44.29098750000003], [15.09538430000004, 44.298217499999964], [15.083558100000042, 44.29757679999997], [15.076168499999957, 44.293754], [15.0781228, 44.286095], [15.045850700000022, 44.28570160000001], [15.024069400000032, 44.30469550000003], [15.0185246, 44.323772], [15.031165800000016, 44.32869], [15.036825, 44.3238638], [15.0484944, 44.32594289999999], [15.05381450000001, 44.32239279999997], [15.052012500000037, 44.31983269999998]]], [[[14.915105, 44.43660589999996], [14.940051200000019, 44.420970299999986], [14.948739900000033, 44.419118399999974], [14.953021, 44.414701800000024], [14.9497571, 44.411969700000014], [14.9543966, 44.4131502], [14.963003700000014, 44.40889579999996], [14.968913, 44.40145679999996], [14.9593312, 44.40119580000004], [14.954909499999983, 44.408470600000044], [14.942991799999964, 44.407719200000045], [14.93195569999997, 44.41304740000001], [14.918234899999975, 44.42734639999997], [14.8952977, 44.43951480000004], [14.885546700000022, 44.449941], [14.8848273, 44.45471], [14.898224100000016, 44.45537959999997], [14.909609499999958, 44.448123], [14.915528599999964, 44.441456400000014], [14.915105, 44.43660589999996]]], [[[14.8127815, 44.63460810000002], [14.81343560000004, 44.6292933], [14.821308200000031, 44.6271088], [14.823481700000011, 44.6212111], [14.82959259999999, 44.61993740000003], [14.845252799999956, 44.60713110000003], [14.840014699999985, 44.60483380000002], [14.852626, 44.60329230000002], [14.869549499999971, 44.58355680000002], [14.886737499999962, 44.570996600000036], [14.88997240000001, 44.5720653], [14.889232199999961, 44.57718419999997], [14.87439169999996, 44.59652249999997], [14.873659300000023, 44.60332059999997], [14.87025569999996, 44.60394239999999], [14.8715863, 44.608171], [14.8772294, 44.61078820000002], [14.9046517, 44.60769069999997], [14.90514350000001, 44.611129700000035], [14.909373100000026, 44.612296700000044], [14.916603700000012, 44.60556509999996], [14.906990599999984, 44.60239949999996], [14.915886, 44.603963100000016], [14.913121800000043, 44.60046180000004], [14.9194352, 44.603009499999985], [14.916999, 44.59939250000003], [14.9223872, 44.601176400000014], [14.925673, 44.59438309999997], [14.930248400000016, 44.597760800000025], [14.9358763, 44.58804080000003], [14.942891500000014, 44.5868038], [14.945049899999988, 44.57997590000003], [14.954389699999963, 44.5804778], [14.961089299999978, 44.57436050000001], [14.957659100000024, 44.57277889999998], [14.963074199999985, 44.571976], [14.958997099999975, 44.568460100000046], [14.96331029999998, 44.56725059999998], [14.960852800000039, 44.56446809999997], [14.9641339, 44.56421240000004], [14.96379490000002, 44.55925979999998], [14.984601600000017, 44.540988699999986], [14.9840282, 44.53461319999997], [14.989502100000033, 44.53621110000002], [14.990076400000033, 44.531797400000045], [14.99851370000003, 44.53233559999999], [15.000304599999973, 44.52787939999996], [15.004340799999975, 44.52977], [15.003458299999965, 44.526671600000036], [15.0099145, 44.5276975], [15.027844500000013, 44.520767], [15.031074, 44.52384510000003], [15.0386036, 44.5210205], [15.0375259, 44.5181983], [15.0443391, 44.517682699999966], [15.039318199999977, 44.51691480000002], [15.043618100000037, 44.512551599999966], [15.05043230000003, 44.51383170000001], [15.0536565, 44.51049470000004], [15.052933699999963, 44.504337100000015], [15.055443100000025, 44.5040794], [15.0507808, 44.5022855], [15.0593835, 44.5007419], [15.060453299999969, 44.4950967], [15.063679700000025, 44.49535140000003], [15.0622441, 44.4935561], [15.070657, 44.485084199999974], [15.069042600000019, 44.483289100000036], [15.07226879999997, 44.48380029999997], [15.080772799999979, 44.4763338], [15.069751499999965, 44.476617699999956], [15.058291900000013, 44.48444930000002], [15.053632300000034, 44.48406720000003], [15.0487961, 44.48766139999996], [15.05238490000003, 44.492791400000044], [15.050059, 44.496768899999985], [15.044679700000033, 44.493948899999985], [15.022194200000042, 44.501253799999986], [15.0208917, 44.49464], [15.015156300000013, 44.4953415], [15.003647399999979, 44.50522559999999], [15.010509300000011, 44.50809049999998], [14.9970996, 44.51749179999998], [14.965669300000032, 44.5236], [14.9503152, 44.5383438], [14.931322199999956, 44.54653370000004], [14.917455300000041, 44.549506200000046], [14.915089699999976, 44.5459975], [14.919338299999966, 44.543650499999956], [14.9146927, 44.54195940000001], [14.916398199999973, 44.53733410000003], [14.932615799999963, 44.536001800000015], [14.942300399999956, 44.5281792], [14.947980299999978, 44.51864540000004], [14.9711682, 44.50754460000002], [15.0444217, 44.44177750000003], [15.05299140000003, 44.4429376], [15.048118800000013, 44.44013859999996], [15.052577200000043, 44.438715], [15.052883499999984, 44.441421], [15.052998, 44.438676300000026], [15.061395699999961, 44.43397159999996], [15.0611685, 44.43854860000003], [15.0526701, 44.4436954], [15.053191200000041, 44.450751899999965], [15.04638550000004, 44.46208649999997], [15.0429982, 44.47974689999997], [15.0530683, 44.477239], [15.05638, 44.47368050000003], [15.054735800000033, 44.47145420000003], [15.07658170000004, 44.46220479999999], [15.0780089, 44.45784209999997], [15.0962598, 44.446025400000046], [15.11559249999999, 44.44164560000004], [15.125597400000016, 44.43085859999996], [15.124515500000028, 44.42726760000002], [15.130242200000014, 44.42623490000002], [15.133451800000012, 44.42058650000003], [15.14167619999998, 44.41647119999997], [15.139514199999974, 44.41057249999996], [15.162763500000013, 44.404127200000026], [15.174911800000016, 44.3971817], [15.176264899999973, 44.39457690000004], [15.1722302, 44.3933333], [15.181610699999974, 44.384956], [15.186296199999964, 44.3758672], [15.202401499999988, 44.37789249999997], [15.2023856, 44.37327410000003], [15.210249100000043, 44.371463699999985], [15.208808200000016, 44.368644], [15.213461199999982, 44.3694051], [15.247001900000038, 44.34958070000002], [15.250260099999972, 44.33818139999999], [15.259443599999981, 44.332875], [15.258885299999973, 44.3265474], [15.254655600000037, 44.3251605], [15.256024699999985, 44.32163069999997], [15.2429706, 44.331072300000024], [15.1862731, 44.35915009999998], [15.181179800000026, 44.35706219999998], [15.193602700000012, 44.351609600000025], [15.236159399999986, 44.318832800000024], [15.22978, 44.31673220000003], [15.2139798, 44.32130219999997], [15.207413299999976, 44.319900199999964], [15.2263644, 44.30663290000001], [15.223191400000017, 44.30248630000003], [15.218277100000014, 44.3040274], [15.214968900000029, 44.3098618], [15.18915990000003, 44.31863650000003], [15.179593799999983, 44.31711330000004], [15.1454667, 44.331282700000024], [15.1356683, 44.33205279999997], [15.132287499999956, 44.32953149999999], [15.1314755, 44.325580400000014], [15.158592699999977, 44.304746], [15.1793793, 44.29418740000002], [15.181132799999956, 44.29159080000003], [15.1763737, 44.28907729999998], [15.157542599999955, 44.29436709999997], [15.11075849999997, 44.3186671], [15.093567800000022, 44.3374332], [15.0937059, 44.341339], [15.100496499999986, 44.33733680000001], [15.105177599999967, 44.338930499999975], [15.10618310000003, 44.347588], [15.096141499999986, 44.349375], [15.098013200000041, 44.351678200000016], [15.088200700000035, 44.36032180000003], [15.0897191, 44.36648330000002], [15.095553600000015, 44.370433], [15.11372, 44.3694693], [15.118209, 44.37305720000003], [15.116140300000017, 44.3787001], [15.082240299999986, 44.39771770000003], [15.064647199999962, 44.397594], [15.068220600000041, 44.392973299999966], [15.0660679, 44.38797090000004], [15.038519100000029, 44.39247419999997], [15.034587299999961, 44.40017289999996], [15.039599, 44.40196730000002], [15.0394216, 44.405046300000045], [15.033339500000013, 44.40966679999998], [15.024110599999977, 44.42548480000004], [15.0087433, 44.4327527], [14.984542199999987, 44.45359989999998], [14.9721516, 44.4608557], [14.968327599999979, 44.45919980000004], [14.968725599999958, 44.46258750000003], [14.963818500000018, 44.464842], [14.953936699999963, 44.46390140000003], [14.95954940000002, 44.467782], [14.9538374, 44.47206759999998], [14.9559832, 44.468094599999965], [14.951341099999963, 44.46448760000004], [14.9381821, 44.46524479999999], [14.907929300000026, 44.48308510000003], [14.899674400000022, 44.49730339999998], [14.9072322, 44.495435], [14.92061540000003, 44.49965729999997], [14.914870699999975, 44.5151326], [14.8908064, 44.5325632], [14.8813738, 44.5344838], [14.880515699999956, 44.541585], [14.870035500000037, 44.54834389999998], [14.873694099999971, 44.55350220000001], [14.883441099999976, 44.55172839999997], [14.882096899999956, 44.5567804], [14.8798658, 44.55572790000004], [14.881871699999975, 44.557201500000026], [14.861433299999986, 44.56508119999998], [14.866494299999959, 44.5676201], [14.859602, 44.57568950000002], [14.847235300000031, 44.5781742], [14.8484006, 44.581957699999954], [14.834611799999967, 44.587174300000015], [14.83418029999997, 44.5967783], [14.817713, 44.60437890000004], [14.818775900000029, 44.60652709999997], [14.81267069999999, 44.60974859999998], [14.8145182, 44.61322739999996], [14.808465, 44.61391119999996], [14.8094611, 44.61745670000004], [14.802263199999958, 44.619181099999984], [14.79819829999998, 44.6265976], [14.788616100000022, 44.62906170000003], [14.7886405, 44.633155299999984], [14.778865399999978, 44.639606399999955], [14.779992100000031, 44.644378800000034], [14.776298599999963, 44.64390479999998], [14.771639, 44.64959849999999], [14.7730648, 44.652680299999986], [14.755048599999968, 44.66316239999997], [14.756473600000012, 44.666244299999974], [14.7528764, 44.666749699999954], [14.746712, 44.678795], [14.733535399999957, 44.68979750000002], [14.736581600000024, 44.692370099999984], [14.732863399999955, 44.69390619999998], [14.734878299999957, 44.69641430000002], [14.732212099999979, 44.7039056], [14.7679251, 44.679609799999966], [14.779127299999976, 44.66526409999996], [14.803970700000017, 44.64344820000004], [14.802940300000026, 44.64086989999996], [14.8127815, 44.63460810000002]]], [[[15.301456199999967, 45.689662899999966], [15.306397199999958, 45.69124959999998], [15.304251100000025, 45.68974110000004], [15.301456199999967, 45.689662899999966]]], [[[18.021431, 42.6708846], [18.023937199999956, 42.667100299999966], [18.020397199999977, 42.6611099], [18.015798299999958, 42.66193260000004], [18.014158900000027, 42.66929039999999], [17.995468900000017, 42.6712699], [17.986297, 42.67547239999998], [17.9993804, 42.67965009999997], [18.00483969999998, 42.67732160000004], [18.00542940000001, 42.68106350000003], [18.001684200000017, 42.68306819999999], [18.0039168, 42.683403099999985], [18.0151171, 42.67885359999997], [18.01613859999996, 42.670796099999954], [18.021431, 42.6708846]]], [[[17.96531020000001, 42.68458259999997], [17.97499759999997, 42.6781035], [17.95345750000004, 42.68122279999998], [17.951313099999982, 42.67888149999997], [17.95556990000003, 42.675086600000036], [17.939277100000034, 42.67482059999997], [17.9339996, 42.682960699999974], [17.923662700000037, 42.6894134], [17.93916469999997, 42.68619440000001], [17.9423123, 42.690041199999975], [17.94129180000002, 42.69500020000004], [17.945856499999962, 42.697759099999956], [17.959826699999986, 42.68834570000002], [17.9590153, 42.6849835], [17.96531020000001, 42.68458259999997]]], [[[17.020394, 43.0466435], [17.03651750000002, 43.04007779999997], [17.033535400000016, 43.03751190000003], [17.0472742, 43.03545219999996], [17.0471326, 43.0326391], [17.053198900000016, 43.031686599999965], [17.054974400000017, 43.02827460000001], [17.0715398, 43.023849900000016], [17.067344, 43.020941200000046], [17.076576800000037, 43.019382699999966], [17.170807400000015, 43.025047], [17.1747156, 43.021578099999985], [17.2017077, 43.0169], [17.234119600000014, 43.01554179999996], [17.263953, 43.0086217], [17.27058949999996, 43.01088329999998], [17.28089120000003, 43.00789210000003], [17.28365029999997, 43.003699], [17.2872875, 43.0057426], [17.302259400000036, 43.00243680000003], [17.309363699999963, 42.9977413], [17.325626300000035, 42.99419529999997], [17.326098, 42.9908358], [17.330898399999977, 42.9924224], [17.361077299999966, 42.9818875], [17.38911760000002, 42.969341], [17.39000750000002, 42.96638019999999], [17.4401932, 42.953354500000046], [17.45133549999998, 42.94022290000004], [17.448063200000036, 42.93311560000004], [17.4496977, 42.9276245], [17.469115600000023, 42.92041709999999], [17.4693387, 42.91460380000003], [17.478864800000032, 42.91321030000002], [17.476057899999958, 42.91865959999997], [17.47940270000004, 42.9198451], [17.491128299999975, 42.90912040000001], [17.495493, 42.9117878], [17.5113257, 42.90965549999997], [17.51333740000001, 42.91203080000004], [17.51942850000004, 42.905602], [17.531438599999976, 42.90341820000001], [17.533191200000037, 42.90633659999999], [17.5273105, 42.91064390000004], [17.524309300000024, 42.91906380000002], [17.516772500000016, 42.92335970000001], [17.519102599999986, 42.925065899999964], [17.522653, 42.9215689], [17.52608810000003, 42.924359400000036], [17.5442785, 42.913302700000024], [17.560388200000038, 42.910773], [17.598568500000017, 42.89447789999996], [17.609235700000042, 42.89559830000003], [17.628113699999975, 42.8809431], [17.639596, 42.877917300000014], [17.648753, 42.870799], [17.668155499999965, 42.867744], [17.665370500000016, 42.87230560000004], [17.649851600000016, 42.880529599999974], [17.680305099999988, 42.869686], [17.678063599999977, 42.86807390000003], [17.6832498, 42.86383319999998], [17.680560900000014, 42.8620954], [17.703700500000036, 42.852810300000016], [17.7058771, 42.84522259999997], [17.705789300000024, 42.84762470000003], [17.709281599999965, 42.84730519999998], [17.708015800000037, 42.84547919999997], [17.7135768, 42.84485759999997], [17.7192942, 42.83789910000002], [17.72206410000004, 42.837412800000024], [17.719616699999957, 42.84044469999997], [17.732429799999988, 42.833658399999976], [17.745193099999984, 42.83448870000002], [17.694929799999986, 42.86089580000004], [17.70807260000003, 42.85698740000004], [17.701986399999964, 42.866586300000044], [17.708996299999985, 42.87369330000002], [17.7185899, 42.87627520000004], [17.7086123, 42.883599], [17.7008221, 42.87969820000002], [17.700434800000014, 42.87168769999999], [17.695609, 42.867244699999986], [17.67082180000004, 42.876367799999976], [17.648938844917833, 42.8890633079766], [17.67566329999997, 42.918693600000026], [17.696368600000017, 42.92218609999998], [17.75127509999997, 42.91301019999998], [17.7648621, 42.90801260000001], [17.785772799999982, 42.89176730000004], [17.791337399999968, 42.891688099999975], [17.80904819999996, 42.917179299999965], [17.82927910000001, 42.90961569999996], [17.844248099999987, 42.90246889999998], [17.857287900000035, 42.88758879999999], [17.85880440000001, 42.88457830000004], [17.854298200000024, 42.878889100000045], [17.856589299999964, 42.868560599999974], [17.869919699999986, 42.846818799999966], [17.878857099999973, 42.83749030000004], [17.900225399999986, 42.83251670000001], [17.887464900000044, 42.8146222], [17.8914212, 42.80983930000004], [17.909579, 42.81074239999998], [17.9501444, 42.799032099999984], [17.974577700000044, 42.78046320000004], [17.99912439999996, 42.7738104], [18.000036400000013, 42.7613939], [18.01883739999997, 42.75221740000004], [18.0415392, 42.74891760000004], [18.0865146, 42.715248600000024], [18.1015869, 42.710045800000046], [18.105514900000014, 42.7031064], [18.10713290000004, 42.68857660000003], [18.1406294, 42.68011909999996], [18.150792799999987, 42.6645621], [18.162473600000034, 42.65872439999998], [18.17534520000002, 42.657597299999985], [18.1782336, 42.66130030000004], [18.1830319, 42.65606160000002], [18.192901099999986, 42.65620870000002], [18.2047157, 42.6397019], [18.227738699999968, 42.61716080000002], [18.244613299999962, 42.610211300000024], [18.247921799999972, 42.6045765], [18.27586340000003, 42.609037200000046], [18.27997590000004, 42.617282100000025], [18.29210949999998, 42.614668], [18.332478599999963, 42.615473], [18.33727259999996, 42.61917], [18.34699509999998, 42.61898870000001], [18.3642672, 42.615620500000034], [18.3938053, 42.58705060000003], [18.419021399999963, 42.576212199999965], [18.421766, 42.57036140000002], [18.42915509999999, 42.566692], [18.434700399999976, 42.56757309999997], [18.438352900000027, 42.561253], [18.43592929999996, 42.552367799999985], [18.43902969999998, 42.5434273], [18.433424899999956, 42.52110989999998], [18.4449811, 42.509877], [18.4381593, 42.488109799999975], [18.43376180000003, 42.484149], [18.472754399999985, 42.46538249999996], [18.49353460000001, 42.4416007], [18.52417950000001, 42.420496099999966], [18.513885300000027, 42.421315299999975], [18.509760599999986, 42.4146388], [18.510967600000022, 42.40649719999996], [18.5338663, 42.392411399999965], [18.5182259, 42.395937600000046], [18.50818149999998, 42.402224500000024], [18.508565, 42.40751], [18.4863101, 42.421192300000016], [18.463143400000043, 42.44438860000002], [18.45040340000002, 42.45089160000002], [18.441079300000013, 42.446466299999976], [18.43485919999997, 42.453597900000034], [18.427507700000017, 42.45262730000002], [18.4274935, 42.4463668], [18.409374100000036, 42.458685], [18.4254304, 42.454399700000025], [18.424754600000043, 42.46049160000003], [18.420299899999964, 42.464545499999986], [18.39431470000004, 42.4782514], [18.38382370000003, 42.48016829999997], [18.37272, 42.48890350000001], [18.32838359999998, 42.5103101], [18.289585400000036, 42.5231432], [18.275497, 42.53059420000001], [18.2719203, 42.53801740000003], [18.233549499999985, 42.558500100000046], [18.22627, 42.566101299999964], [18.224521200000027, 42.57354090000001], [18.208002, 42.58205480000004], [18.2171775, 42.5807285], [18.211364100000043, 42.58771869999998], [18.21949210000003, 42.5836634], [18.218774499999984, 42.581320400000024], [18.223203, 42.58172979999997], [18.2268654, 42.58985139999996], [18.22417570000004, 42.5939921], [18.2303829, 42.6000443], [18.22375170000004, 42.611491399999984], [18.2125337, 42.61390380000001], [18.207043200000022, 42.62196150000004], [18.1991047, 42.6236689], [18.19804550000002, 42.62009919999996], [18.181604400000012, 42.6172465], [18.180291099999973, 42.6144779], [18.148752600000023, 42.629972], [18.1307355, 42.63282790000003], [18.124407299999984, 42.63965129999998], [18.112559599999983, 42.64172629999999], [18.11337610000004, 42.639780500000015], [18.10732280000003, 42.6389925], [18.105286400000026, 42.6415537], [18.099762300000016, 42.64037879999996], [18.093871400000033, 42.64641020000002], [18.08790439999997, 42.6434537], [18.0596848, 42.64966620000004], [18.070099700000025, 42.65559619999997], [18.057796399999987, 42.65887410000003], [18.0596353, 42.6637173], [18.07677640000001, 42.66357260000002], [18.087033300000016, 42.653121], [18.086767400000042, 42.65789249999999], [18.0786097, 42.66667969999998], [18.10457380000004, 42.672133600000045], [18.13194350000003, 42.670253900000034], [18.134761100000013, 42.67159], [18.13685189999999, 42.6754317], [18.130461200000042, 42.67162450000002], [18.10035810000002, 42.67437519999997], [18.07320439999996, 42.6688601], [18.055522599999968, 42.6782474], [18.056554399999985, 42.6804899], [18.04683150000002, 42.69065929999996], [18.044764100000027, 42.7017422], [18.039181299999957, 42.69642790000004], [18.042794899999986, 42.694687700000024], [18.0401458, 42.69014619999996], [18.045079900000044, 42.68445929999998], [18.02663460000003, 42.68824529999998], [18.018616199999965, 42.6943792], [18.006547399999967, 42.69514710000002], [17.984155299999976, 42.7050356], [17.96734509999998, 42.712731699999964], [17.962817800000025, 42.7174253], [17.963991100000026, 42.720761], [17.955865499999973, 42.72155339999997], [17.95735720000003, 42.725596199999984], [17.9543845, 42.7285698], [17.94911940000002, 42.7265979], [17.9309306, 42.73580769999997], [17.92827430000004, 42.74019409999999], [17.9055627, 42.74547790000001], [17.87740410000001, 42.76302240000001], [17.873569199999967, 42.772973700000044], [17.883816, 42.773436], [17.884163199999975, 42.7789104], [17.890289499999984, 42.78302940000001], [17.8879378, 42.78747849999998], [17.8699112, 42.77961759999998], [17.872453899999968, 42.776064299999966], [17.8659696, 42.77649929999998], [17.86065249999998, 42.778838700000016], [17.858761, 42.784741900000036], [17.846523799999986, 42.7884448], [17.844989, 42.79326370000001], [17.85131290000002, 42.79552780000002], [17.84526659999997, 42.7965839], [17.8435579, 42.804154], [17.828231700000035, 42.8000177], [17.822550900000028, 42.8020778], [17.819654700000026, 42.79940039999999], [17.807869499999956, 42.803031500000046], [17.806911, 42.80703430000004], [17.8020616, 42.80491329999996], [17.796095, 42.807207100000035], [17.793465099999977, 42.806478], [17.797456299999986, 42.7996066], [17.793666899999977, 42.800400300000035], [17.79353169999998, 42.79683330000004], [17.781417599999966, 42.78719379999996], [17.76245380000004, 42.8044156], [17.7306726, 42.81976149999998], [17.71379359999999, 42.8240106], [17.697330500000025, 42.83537789999996], [17.700501500000026, 42.827805799999965], [17.71690219999998, 42.82218319999998], [17.71952430000004, 42.8162847], [17.743531900000026, 42.8028592], [17.746325399999968, 42.803908], [17.76082, 42.782366799999984], [17.76885, 42.77816069999996], [17.770608, 42.77438310000004], [17.760984200000035, 42.7699279], [17.76346370000002, 42.763994100000026], [17.7604117, 42.76136610000001], [17.747483400000036, 42.77209850000001], [17.748281399999982, 42.77449660000001], [17.75424119999998, 42.7737364], [17.7550895, 42.777756299999986], [17.7489761, 42.78604080000004], [17.75087469999997, 42.791131399999976], [17.7423121, 42.7970517], [17.73571830000003, 42.79652290000003], [17.7349418, 42.7918401], [17.72661960000002, 42.792145599999955], [17.718969300000037, 42.79535080000004], [17.7160394, 42.80097460000003], [17.709154500000018, 42.79658039999999], [17.704588, 42.7978462], [17.704958699999956, 42.802704800000015], [17.69716679999998, 42.8003408], [17.6944114, 42.80595970000003], [17.6882874, 42.8038253], [17.6779158, 42.808004], [17.676417600000033, 42.81711730000004], [17.668994, 42.811780199999966], [17.638519500000044, 42.8164652], [17.59223420000003, 42.83328689999997], [17.549138699999972, 42.84098889999997], [17.54031919999997, 42.84622089999997], [17.5394372, 42.844104700000024], [17.5090746, 42.84953630000002], [17.4959859, 42.857104], [17.447066299999975, 42.86789870000001], [17.44586849999999, 42.87244329999998], [17.442345299999978, 42.87048089999997], [17.43064229999996, 42.875257], [17.43681240000004, 42.87553139999996], [17.43747650000001, 42.88397], [17.45053220000004, 42.8845112], [17.447372199999972, 42.8889618], [17.45443559999998, 42.8924506], [17.4279678, 42.902421], [17.419049800000025, 42.911011], [17.41318069999998, 42.911841099999975], [17.411732699999988, 42.9094025], [17.4077386, 42.91537719999999], [17.40139680000002, 42.917658299999985], [17.398566499999962, 42.9123149], [17.362334299999965, 42.91349060000003], [17.348990299999972, 42.919069599999965], [17.3432992, 42.92699450000002], [17.334611299999963, 42.93172010000004], [17.25208710000002, 42.957848], [17.218056099999984, 42.98109320000001], [17.201655899999984, 42.98173019999996], [17.17489720000001, 42.972635], [17.173649900000015, 42.974894399999954], [17.135694800000017, 42.97445449999997], [17.1140903, 42.9806691], [17.1033933, 42.9788205], [17.094166799999982, 42.98492709999997], [17.068639099999988, 42.98376979999996], [17.038337200000036, 43.0028175], [17.01088360000003, 43.004960500000024], [17.00491530000004, 43.01073350000002], [17.017984400000024, 43.00512790000002], [17.019567600000013, 43.01280269999999], [17.023859899999977, 43.016110300000015], [17.020466799999983, 43.01838869999997], [17.025191, 43.02305250000003], [17.0349102, 43.024302900000016], [17.0284364, 43.02883280000001], [17.02937570000001, 43.03116890000003], [17.02172139999996, 43.0311384], [17.02212629999998, 43.0251884], [17.0124194, 43.02961110000001], [17.0126823, 43.035777499999966], [17.018202699999968, 43.03717490000003], [17.0126007, 43.03991349999996], [17.015632500000027, 43.04154729999996], [17.00071250000002, 43.046536600000046], [17.020394, 43.0466435]]], [[[17.864343099999985, 42.74883250000001], [17.865647099999965, 42.74442879999998], [17.8973692, 42.733103799999974], [17.916369899999967, 42.720124100000014], [17.9196765, 42.71427009999998], [17.909977699999985, 42.71095680000001], [17.91712549999996, 42.706515299999964], [17.90856680000004, 42.703535399999964], [17.90953619999996, 42.698832400000036], [17.8974486, 42.7026341], [17.875360799999967, 42.71839329999998], [17.863775600000015, 42.720388300000025], [17.8433948, 42.7318266], [17.841478299999963, 42.73485540000004], [17.86247370000003, 42.727606499999965], [17.842468199999978, 42.74742850000002], [17.828818299999988, 42.75599370000003], [17.849741500000032, 42.753051599999964], [17.8503475, 42.755323], [17.864343099999985, 42.74883250000001]]], [[[17.828439199999973, 42.736931100000014], [17.828297399999965, 42.7431547], [17.840606799999975, 42.738230499999965], [17.834778099999987, 42.735646600000045], [17.839902, 42.72857530000001], [17.828314599999967, 42.7297947], [17.8194912, 42.738058600000045], [17.80508360000002, 42.740579199999964], [17.788065499999966, 42.7537519], [17.79346560000002, 42.75442779999997], [17.8053968, 42.74816620000004], [17.80820410000002, 42.7497502], [17.828439199999973, 42.736931100000014]]], [[[17.380031800000012, 42.8035182], [17.396217600000035, 42.80058539999998], [17.384899200000042, 42.79040269999999], [17.37046789999997, 42.790917699999966], [17.378034, 42.785810199999965], [17.392103, 42.787736700000025], [17.413895300000043, 42.78371870000002], [17.439816900000032, 42.7863752], [17.440191899999974, 42.78175679999996], [17.448362899999964, 42.77840549999996], [17.453986699999962, 42.78078180000003], [17.467919800000026, 42.775400099999985], [17.4996807, 42.771507], [17.51229659999996, 42.76568040000002], [17.5784079, 42.75406839999998], [17.61087890000002, 42.74480339999998], [17.595901200000036, 42.74555349999996], [17.5991458, 42.73717490000002], [17.6219632, 42.7372026], [17.620064799999962, 42.74013230000003], [17.6386273, 42.73816709999996], [17.64538620000003, 42.736079299999965], [17.6490044, 42.7296314], [17.655276199999964, 42.73453569999997], [17.668400100000042, 42.736398800000025], [17.674058499999973, 42.7273956], [17.670022499999988, 42.72855659999997], [17.669067899999963, 42.7255192], [17.682738200000042, 42.7296379], [17.709636600000028, 42.72093890000002], [17.7109769, 42.71767980000001], [17.719093199999985, 42.717881], [17.718997499999972, 42.7155382], [17.746132399999986, 42.70859420000002], [17.74127279999998, 42.70361890000003], [17.74413569999998, 42.6970555], [17.75089939999997, 42.6964265], [17.754167, 42.69260860000004], [17.74816519999996, 42.6866451], [17.743455199999985, 42.691114399999954], [17.737537099999972, 42.68832540000003], [17.7367967, 42.69525279999998], [17.741326900000015, 42.696536499999965], [17.736624100000014, 42.70076], [17.732019, 42.694434799999975], [17.72527169999996, 42.69427719999999], [17.726602500000027, 42.6970598], [17.721215399999984, 42.69983339999999], [17.712882700000026, 42.6993988], [17.70711280000002, 42.69178830000003], [17.708420799999974, 42.69527759999998], [17.7035144, 42.697529100000025], [17.6986151, 42.69582340000002], [17.697952499999975, 42.692196], [17.696786500000044, 42.697896599999964], [17.700139600000014, 42.69741540000003], [17.69949250000003, 42.7017261], [17.668721, 42.71048929999997], [17.658858299999963, 42.709887299999984], [17.645461400000034, 42.717380899999974], [17.62592560000003, 42.71671429999997], [17.6217913, 42.72013659999998], [17.60720729999999, 42.721979699999984], [17.592743100000035, 42.72197060000003], [17.58941640000003, 42.71911620000002], [17.58587339999998, 42.72011169999997], [17.586185400000037, 42.72310610000001], [17.562314199999967, 42.722864700000024], [17.531439799999987, 42.73466579999999], [17.5095985, 42.73329709999998], [17.498776, 42.738834799999964], [17.498959600000013, 42.74191010000004], [17.49423909999997, 42.7404036], [17.476671, 42.74804849999998], [17.47073049999997, 42.7461346], [17.455964, 42.7526441], [17.44456079999997, 42.74496390000002], [17.437710199999984, 42.74870529999997], [17.437364900000013, 42.75394440000002], [17.42107310000001, 42.754617300000014], [17.4184452, 42.7585439], [17.41431580000002, 42.75465889999999], [17.4095172, 42.756222599999965], [17.406106, 42.763654], [17.374864799999973, 42.768387800000035], [17.376370400000024, 42.772376500000014], [17.368683799999967, 42.7761355], [17.366439299999975, 42.773244599999984], [17.361657099999977, 42.77468829999998], [17.36107070000004, 42.7787955], [17.35053450000002, 42.784967499999965], [17.3434485, 42.781685500000016], [17.3504559, 42.77810189999998], [17.34875, 42.782209700000045], [17.350900700000032, 42.78309730000003], [17.35778519999998, 42.778905600000044], [17.3518676, 42.77514239999998], [17.36012719999996, 42.76713859999997], [17.388172900000015, 42.76629430000001], [17.384672400000017, 42.76293890000003], [17.3894297, 42.761208300000014], [17.3888725, 42.758410100000035], [17.378449600000017, 42.76102549999999], [17.388271199999977, 42.7559858], [17.3842493, 42.75637490000004], [17.3669409, 42.7643545], [17.32879969999997, 42.774575300000045], [17.32923029999998, 42.7807568], [17.32364870000001, 42.78357290000004], [17.32681680000004, 42.786265], [17.317588599999972, 42.7844365], [17.3271084, 42.79234720000003], [17.3286005, 42.78780029999996], [17.33289150000004, 42.78936439999997], [17.330042500000037, 42.7866467], [17.3318153, 42.77931049999997], [17.33381369999996, 42.78570380000004], [17.343958800000042, 42.7873509], [17.3632419, 42.799967500000015], [17.368446400000042, 42.799800699999984], [17.36734509999996, 42.805308499999974], [17.374007299999988, 42.79712620000003], [17.380031800000012, 42.8035182]]], [[[16.875533200000042, 42.771889300000026], [16.879794500000017, 42.77651539999999], [16.88012720000001, 42.770261800000014], [16.88689340000003, 42.76976070000003], [16.907194700000044, 42.77433140000002], [16.90812759999996, 42.770613299999965], [16.916589799999976, 42.76955030000003], [16.924082399999968, 42.77365410000003], [16.928464, 42.76900490000002], [16.9327273, 42.77049409999996], [16.9431859, 42.766525699999974], [16.93663170000002, 42.762227499999966], [16.938682, 42.75835549999996], [16.934222299999973, 42.75477659999996], [16.9367441, 42.75273590000004], [16.928641599999988, 42.74784070000002], [16.92501170000003, 42.73828270000002], [16.911113, 42.72946640000002], [16.89816880000002, 42.725793], [16.8946894, 42.72782110000004], [16.887021100000027, 42.724948], [16.88910030000002, 42.72351779999997], [16.880518, 42.72547779999996], [16.8921593, 42.73164660000002], [16.8885161, 42.7369256], [16.885644199999966, 42.73014949999996], [16.88012540000004, 42.734404599999955], [16.87730090000002, 42.7332426], [16.8794583, 42.73754], [16.866783200000018, 42.737467], [16.857724300000015, 42.7325556], [16.84365709999996, 42.7312513], [16.846677500000023, 42.72378260000003], [16.842115599999957, 42.72287230000003], [16.84316879999997, 42.72598889999997], [16.838333899999963, 42.72665139999999], [16.835194700000017, 42.73357389999997], [16.8311743, 42.73073750000003], [16.8247531, 42.7319232], [16.825028499999966, 42.73479779999998], [16.819730199999988, 42.737921200000045], [16.822366299999963, 42.740604099999985], [16.82028079999998, 42.743022399999965], [16.811829, 42.744367499999974], [16.813401899999963, 42.7482858], [16.824813699999957, 42.744512], [16.827297300000016, 42.749846399999974], [16.8230655, 42.753998100000025], [16.822205100000037, 42.7658165], [16.839457600000035, 42.77177440000002], [16.833030099999974, 42.77632739999997], [16.8464014, 42.77489639999997], [16.84640549999999, 42.767703099999956], [16.855839400000022, 42.777998], [16.868933400000024, 42.774338], [16.866442, 42.7715766], [16.872823600000025, 42.774106299999964], [16.875533200000042, 42.771889300000026]]], [[[16.53085309999996, 42.759903399999956], [16.51719889999997, 42.7599298], [16.5088157, 42.7638124], [16.507296900000018, 42.75877160000002], [16.501279200000024, 42.759765], [16.498455100000037, 42.7546504], [16.4924626, 42.75402480000002], [16.494752600000023, 42.74953580000003], [16.487478800000016, 42.748944699999974], [16.492421, 42.75983890000004], [16.4986768, 42.76185030000002], [16.50609, 42.7723936], [16.5108401, 42.773659700000046], [16.52793630000003, 42.7712214], [16.535283900000014, 42.763192300000036], [16.53085309999996, 42.759903399999956]]], [[[16.817534400000028, 42.76408430000003], [16.81128360000002, 42.765748100000025], [16.8088379, 42.763301], [16.81518870000001, 42.7608732], [16.80983360000004, 42.757527], [16.81483040000003, 42.75659319999998], [16.81330739999996, 42.75384819999997], [16.80693859999996, 42.754035500000015], [16.80718860000004, 42.758836499999965], [16.79789809999997, 42.764254100000045], [16.80619330000002, 42.773131300000024], [16.817724699999964, 42.7765639], [16.817895599999982, 42.772721500000046], [16.82790659999998, 42.77650290000002], [16.82157610000004, 42.7725974], [16.822344, 42.77012059999996], [16.82959990000002, 42.772841799999966], [16.83164089999996, 42.7695767], [16.824557499999987, 42.7693781], [16.817534400000028, 42.76408430000003]]], [[[16.7896639, 42.7589389], [16.783354800000044, 42.76168549999997], [16.7862106, 42.772607], [16.782157, 42.77343969999996], [16.79217640000004, 42.77828060000002], [16.79511740000002, 42.77418130000004], [16.79258009999996, 42.766936500000035], [16.7966392, 42.76225960000004], [16.793383700000014, 42.76051109999997], [16.7903039, 42.76306970000002], [16.7896639, 42.7589389]]], [[[16.70328639999999, 42.990614], [16.7078681, 42.9847386], [16.708128699999985, 42.98915549999998], [16.712427599999963, 42.990863199999964], [16.72075520000003, 42.98687190000004], [16.7248684, 42.98967780000003], [16.73462, 42.97983410000002], [16.76278249999999, 42.973815], [16.765329, 42.97672210000001], [16.7748396, 42.97036249999997], [16.7792935, 42.97315610000001], [16.784886500000034, 42.970347499999974], [16.783652299999968, 42.96643980000004], [16.7923917, 42.969412499999976], [16.80863120000003, 42.96825370000002], [16.807831799999967, 42.965553], [16.8109806, 42.96724849999998], [16.851021199999977, 42.957594400000026], [16.873075399999987, 42.95875570000001], [16.887679100000025, 42.9647325], [16.899817600000016, 42.963431099999966], [16.9136069, 42.96856339999997], [16.910827, 42.97147559999997], [16.924216100000017, 42.97100019999998], [16.92825770000002, 42.96802850000004], [16.92832210000002, 42.97180380000003], [16.944383399999957, 42.974342], [16.995065599999975, 42.974119100000024], [17.010344800000038, 42.977941700000024], [17.0205776, 42.97315019999997], [17.02100229999997, 42.97773140000003], [17.047679, 42.98026460000002], [17.041258900000017, 42.97653440000003], [17.0454109, 42.973067499999964], [17.061014700000015, 42.9721028], [17.062031500000035, 42.96891569999999], [17.078828299999987, 42.969487499999964], [17.091381099999975, 42.96448390000003], [17.100471800000033, 42.96559949999997], [17.097262200000035, 42.96382580000002], [17.10143560000002, 42.96095750000002], [17.1066964, 42.964835100000045], [17.1117771, 42.963018700000035], [17.108973600000038, 42.95979659999998], [17.11091430000003, 42.95855879999997], [17.117357599999977, 42.95865339999998], [17.11503840000002, 42.96329919999997], [17.126656300000015, 42.96026339999997], [17.135572400000015, 42.963309700000046], [17.13717259999999, 42.95664919999998], [17.141440599999985, 42.95639349999996], [17.137686699999982, 42.949488299999985], [17.144117100000017, 42.9524779], [17.14603980000003, 42.9576638], [17.15532349999998, 42.942450499999964], [17.16449839999999, 42.93505830000002], [17.16032349999997, 42.9279335], [17.16702690000003, 42.93005], [17.167479199999974, 42.9245972], [17.170734899999967, 42.92277580000002], [17.172337799999987, 42.925344700000025], [17.181726, 42.925284], [17.1848137, 42.9218321], [17.19669710000003, 42.922158], [17.202257, 42.91724340000003], [17.190350099999968, 42.911723], [17.187091199999976, 42.912295700000016], [17.188195899999986, 42.91659549999998], [17.1854619, 42.918254500000025], [17.17790559999997, 42.91241009999998], [17.143156600000037, 42.9118758], [17.1431282, 42.9090591], [17.134379800000016, 42.91035229999998], [17.133043, 42.907676099999975], [17.1280676, 42.9089882], [17.1291852, 42.9130008], [17.1248023, 42.907365400000025], [17.120224400000033, 42.9070614], [17.1139796, 42.90774990000004], [17.114844399999956, 42.910686800000036], [17.107464400000044, 42.90813630000004], [17.10712429999997, 42.91214709999998], [17.10358690000003, 42.91244720000003], [17.102497, 42.9087639], [17.0833025, 42.91264939999997], [17.083804300000033, 42.9159582], [17.079422699999963, 42.91625490000004], [17.079155699999987, 42.91351610000001], [17.04935920000002, 42.91923629999999], [17.045443400000032, 42.920427400000044], [17.0463371, 42.92401040000003], [17.04223150000002, 42.9210355], [17.03500930000002, 42.92401810000004], [17.0048621, 42.92302590000001], [17.00201289999997, 42.92413380000002], [17.0026444, 42.92803070000004], [16.998311599999965, 42.92393469999998], [16.98942110000004, 42.923566], [16.976062399999986, 42.92782359999996], [16.961910600000035, 42.9245286], [16.9520462, 42.91881859999998], [16.952057599999964, 42.91594360000004], [16.943397700000023, 42.91308289999996], [16.940038299999976, 42.91578660000002], [16.939233800000025, 42.90995919999996], [16.9350362, 42.91470419999999], [16.9139645, 42.90399209999998], [16.910545900000034, 42.906380200000044], [16.91052, 42.9027364], [16.90620739999998, 42.90060590000002], [16.9024828, 42.90221759999997], [16.892300300000024, 42.89680219999999], [16.882190400000013, 42.899272199999984], [16.88184830000004, 42.89608479999996], [16.877700400000034, 42.8980959], [16.876552199999978, 42.895395500000035], [16.87288280000004, 42.897130200000035], [16.864302, 42.8934231], [16.863349, 42.89645849999997], [16.858522599999986, 42.89355980000003], [16.848705599999963, 42.89737089999997], [16.8600986, 42.903273300000016], [16.860862, 42.90634260000004], [16.856056500000044, 42.90385589999999], [16.852825499999962, 42.90618629999999], [16.857497900000023, 42.909817400000044], [16.837093, 42.902056499999965], [16.800055799999974, 42.906588499999955], [16.79390680000004, 42.902852600000024], [16.79137020000004, 42.903988200000015], [16.7951074, 42.9059622], [16.7919945, 42.906579500000014], [16.7752573, 42.903373400000035], [16.7731457, 42.905007200000036], [16.776528700000043, 42.90850919999998], [16.76910619999999, 42.90528510000003], [16.7529047, 42.90745880000002], [16.721928899999977, 42.9195842], [16.713998299999982, 42.9205289], [16.71471930000004, 42.916694], [16.709352, 42.92114850000002], [16.7051651, 42.9188467], [16.6938744, 42.924062399999976], [16.676859, 42.924104], [16.673974399999963, 42.92793070000003], [16.671887300000026, 42.924633599999986], [16.6678165, 42.929802600000016], [16.6664393, 42.927220100000035], [16.66296360000002, 42.9294365], [16.666548900000016, 42.920557100000025], [16.6645135, 42.91499819999998], [16.660117499999988, 42.915604300000034], [16.66045219999997, 42.9193718], [16.656489199999985, 42.91742050000003], [16.638580200000025, 42.9256493], [16.6457173, 42.92929940000003], [16.639061100000024, 42.931554], [16.640969, 42.93397449999996], [16.637736799999963, 42.93656990000004], [16.644467100000032, 42.935742599999976], [16.6429692, 42.93809759999996], [16.650237900000025, 42.93851170000003], [16.657283399999972, 42.9433869], [16.670815499999986, 42.94348610000003], [16.661030400000026, 42.9500412], [16.663053199999972, 42.954090899999954], [16.67207960000004, 42.95226619999997], [16.67464659999998, 42.95513290000002], [16.69509239999996, 42.9567965], [16.7003496, 42.960237499999955], [16.71054819999998, 42.956340600000026], [16.709855200000018, 42.9598119], [16.7174604, 42.9623925], [16.71395690000002, 42.96779479999997], [16.714614, 42.963448200000045], [16.70755, 42.961622499999976], [16.703115399999962, 42.96286659999998], [16.70462069999999, 42.966977600000035], [16.701921400000025, 42.96894969999996], [16.69448289999998, 42.96595330000002], [16.6879576, 42.9691165], [16.686971400000022, 42.966900300000034], [16.682688799999973, 42.96970720000002], [16.67798980000002, 42.96818950000004], [16.677256600000018, 42.97347940000003], [16.66940860000002, 42.97379170000002], [16.670762300000025, 42.97936530000004], [16.6646379, 42.9760509], [16.66406209999996, 42.98182369999997], [16.65401020000004, 42.98480779999996], [16.64501069999998, 42.97400049999998], [16.639931900000043, 42.98340829999999], [16.629953800000013, 42.981592], [16.6277584, 42.985346799999974], [16.6407181, 42.99092019999998], [16.648872799999964, 42.98938309999998], [16.648794, 42.98549780000003], [16.653459899999984, 42.9861941], [16.6575039, 42.99028410000001], [16.66162859999996, 42.9892932], [16.661460700000013, 42.99256669999996], [16.667130800000024, 42.992625300000014], [16.66864660000003, 42.987286699999984], [16.6764759, 42.99352749999996], [16.68401830000002, 42.9935989], [16.68302139999996, 42.9899039], [16.6978313, 42.99319389999999], [16.696226099999972, 42.986988], [16.70328639999999, 42.990614]]], [[[16.01931110000004, 42.98114629999996], [16.023430700000013, 42.98093750000001], [16.019249600000013, 42.978142], [16.02509309999998, 42.9761595], [16.02210090000003, 42.97478519999998], [16.0230762, 42.967692], [16.01911230000002, 42.95963070000002], [16.009170399999967, 42.962197], [15.995709100000036, 42.9534249], [15.9969185, 42.958794500000025], [16.001254, 42.96057850000002], [16.0030189, 42.970673599999955], [15.998296599999987, 42.979821], [16.004674500000032, 42.982645099999985], [15.998637799999974, 42.98223819999998], [16.003668099999985, 42.986265500000044], [15.999783900000034, 42.98684859999997], [16.000176899999957, 42.990738799999974], [16.00561590000003, 42.994202799999975], [16.017972, 42.98545390000004], [16.021483, 42.98779859999998], [16.01931110000004, 42.98114629999996]]], [[[16.18196, 43.07507249999998], [16.193346799999958, 43.07295019999997], [16.198697099999976, 43.075347099999966], [16.194107700000032, 43.06726609999996], [16.18869, 43.06863829999999], [16.189183, 43.06169140000003], [16.1840555, 43.06191240000002], [16.187403299999975, 43.059279600000046], [16.198288099999974, 43.05840030000004], [16.2054032, 43.067240300000044], [16.204028699999956, 43.0693116], [16.2184801, 43.0740024], [16.222359800000024, 43.0714456], [16.22879640000004, 43.075698399999986], [16.229141, 43.071456], [16.233297799999985, 43.075529699999976], [16.243272299999983, 43.07678039999998], [16.2372687, 43.0722689], [16.243035899999963, 43.07241559999997], [16.2399802, 43.070357799999975], [16.2420927, 43.06451059999996], [16.247211200000017, 43.072652300000016], [16.255409400000037, 43.0734904], [16.248862599999963, 43.06582650000004], [16.2576021, 43.06535290000002], [16.252037899999966, 43.0586178], [16.25815820000001, 43.06029729999997], [16.251927599999988, 43.05018549999998], [16.234368899999968, 43.03947449999997], [16.230662499999987, 43.04032779999996], [16.23238030000001, 43.03785330000003], [16.228433300000017, 43.03298979999997], [16.23063070000002, 43.02969840000004], [16.223638599999962, 43.02864090000003], [16.222116100000022, 43.022741599999975], [16.2124633, 43.024729], [16.2120404, 43.019803200000034], [16.215575099999985, 43.0166243], [16.206897800000025, 43.01688980000003], [16.203920299999957, 43.022539500000036], [16.200749499999972, 43.02018730000002], [16.196881300000015, 43.0239184], [16.19768130000004, 43.0188153], [16.19316210000004, 43.01751179999998], [16.1850904, 43.01778019999998], [16.185769, 43.0213025], [16.1749419, 43.016626900000034], [16.171399800000025, 43.021406700000014], [16.1714027, 43.014870500000015], [16.161529899999977, 43.018383200000045], [16.161404199999968, 43.0144249], [16.15545040000002, 43.01411080000004], [16.156051700000035, 43.016827600000035], [16.113007200000023, 43.006721399999975], [16.10968910000002, 43.00895930000004], [16.10254230000004, 43.005617899999976], [16.088561, 43.00733170000002], [16.08721589999998, 43.0051191], [16.080796399999958, 43.007683099999966], [16.06664070000004, 43.00595369999996], [16.070577499999988, 43.01299989999996], [16.093128199999956, 43.0241148], [16.093246399999966, 43.035789], [16.085935, 43.04446260000004], [16.089277400000018, 43.0452437], [16.08421180000002, 43.04810189999997], [16.0632996, 43.04088409999998], [16.061240299999962, 43.0426341], [16.0639803, 43.044205800000015], [16.058292, 43.044748499999976], [16.0597013, 43.048763800000025], [16.0562364, 43.05180820000003], [16.04878739999998, 43.05360969999997], [16.074057, 43.064241], [16.080192099999962, 43.07002389999997], [16.103361799999988, 43.07491850000003], [16.1136993, 43.07378649999998], [16.117039100000024, 43.077384599999974], [16.1226421, 43.07598780000004], [16.12226829999997, 43.07350370000003], [16.1237082, 43.07859930000002], [16.129202400000025, 43.07813030000003], [16.126640200000036, 43.07486390000004], [16.131616899999962, 43.073163], [16.1327123, 43.076257499999976], [16.137152500000035, 43.07574190000003], [16.136943, 43.078704], [16.172775, 43.0787161], [16.1856077, 43.0816464], [16.18793510000001, 43.078743300000035], [16.17791809999996, 43.078394], [16.18196, 43.07507249999998]]], [[[16.6988789, 43.095185200000024], [16.696063700000035, 43.0916962], [16.700376700000024, 43.089881], [16.70407360000002, 43.09782820000004], [16.706843100000018, 43.09307079999996], [16.709660399999976, 43.097256], [16.71676290000002, 43.09391919999999], [16.731213, 43.0949316], [16.73844760000001, 43.091843], [16.740911899999983, 43.086855599999964], [16.736824600000016, 43.08379219999998], [16.72730230000004, 43.08622750000004], [16.726198500000017, 43.082449900000036], [16.72056029999998, 43.08490629999997], [16.720852299999983, 43.0809852], [16.7145664, 43.084093500000044], [16.7171157, 43.081380600000024], [16.7136034, 43.07971819999997], [16.661087400000035, 43.08684389999998], [16.661276100000016, 43.0896544], [16.669351199999976, 43.09011960000002], [16.666895099999973, 43.09306759999996], [16.67299170000001, 43.0917027], [16.67213650000004, 43.09666230000003], [16.67691970000003, 43.0945313], [16.6917266, 43.09865169999996], [16.6920315, 43.09566759999997], [16.69488940000004, 43.09863809999999], [16.6988789, 43.095185200000024]]], [[[16.36062280000004, 43.1666693], [16.36738479999998, 43.164802900000026], [16.376591599999962, 43.168786500000024], [16.3815354, 43.16683290000003], [16.38253160000001, 43.1622607], [16.386813900000035, 43.1665479], [16.388725600000026, 43.1634694], [16.3956588, 43.16444870000003], [16.39315340000001, 43.16138420000004], [16.400411400000042, 43.1629337], [16.401611799999976, 43.167257299999974], [16.40321019999998, 43.15559810000003], [16.3975715, 43.159664], [16.38946119999996, 43.15212679999996], [16.391583499999967, 43.15864059999997], [16.385310100000044, 43.152989600000026], [16.38092070000004, 43.159198], [16.376619, 43.154468800000025], [16.37659110000001, 43.16014630000003], [16.37262160000002, 43.16197], [16.372305200000042, 43.15372910000002], [16.366582, 43.15312470000001], [16.36956379999997, 43.15907879999999], [16.3642528, 43.1635854], [16.357910200000042, 43.1592861], [16.35706129999997, 43.164656399999984], [16.347039300000038, 43.161532], [16.349755200000043, 43.16718529999997], [16.343295299999966, 43.1656904], [16.34294339999998, 43.16949720000003], [16.331180399999973, 43.16359090000002], [16.33043410000004, 43.16738790000004], [16.339135300000024, 43.1719916], [16.338726, 43.1763283], [16.342757, 43.1730672], [16.3507272, 43.17728669999999], [16.354076700000025, 43.169648700000046], [16.357400699999985, 43.1725862], [16.36062280000004, 43.1666693]]], [[[16.568470900000026, 43.234960800000046], [16.57417970000004, 43.2324516], [16.57148390000001, 43.23059820000004], [16.574199900000025, 43.229016199999975], [16.57007040000003, 43.22800010000001], [16.57405160000001, 43.226931], [16.566699099999976, 43.21854669999996], [16.571398300000034, 43.21737320000003], [16.568287899999984, 43.2140997], [16.582469900000035, 43.21368140000002], [16.57841970000003, 43.208625899999966], [16.58010549999998, 43.205007], [16.587539199999984, 43.212044600000034], [16.60471070000003, 43.21731960000004], [16.606240799999977, 43.22068360000002], [16.609197, 43.21333639999998], [16.613128500000013, 43.21439430000003], [16.61592090000004, 43.2110437], [16.6192235, 43.21413440000002], [16.6224823, 43.211337], [16.63391739999996, 43.214377300000045], [16.640207799999956, 43.212150700000024], [16.637920499999975, 43.21707079999997], [16.64269719999996, 43.218955], [16.644450900000024, 43.211921499999974], [16.6503116, 43.21855610000003], [16.654220500000033, 43.2168199], [16.65365690000003, 43.21282280000003], [16.657971599999982, 43.2157315], [16.656871800000022, 43.2129996], [16.661611599999976, 43.2143317], [16.663226900000044, 43.2106369], [16.667104900000012, 43.2124187], [16.6690037, 43.2072298], [16.661191, 43.19829629999999], [16.668696, 43.19879109999998], [16.667534799999967, 43.19645739999998], [16.6772477, 43.19312], [16.67279679999996, 43.18905], [16.681684700000027, 43.1909927], [16.684136699999957, 43.18409], [16.694107299999988, 43.18362380000003], [16.699719, 43.17900480000004], [16.690307, 43.180869699999974], [16.685841200000034, 43.177371], [16.672739099999983, 43.181936300000025], [16.669484299999976, 43.1823868], [16.6672809, 43.181771399999974], [16.6793614, 43.17861219999997], [16.6835993, 43.1724199], [16.69593460000001, 43.169774399999966], [16.6978645, 43.16610449999998], [16.6926412, 43.161643], [16.6981994, 43.162035], [16.7027057, 43.166606300000026], [16.70605080000001, 43.16478770000001], [16.703411699999965, 43.16132190000004], [16.70921770000003, 43.16248110000003], [16.712656, 43.1587388], [16.7142412, 43.16139160000004], [16.7194581, 43.15660590000002], [16.742966399999975, 43.1604756], [16.748049099999967, 43.16431570000004], [16.747742700000018, 43.158336300000016], [16.75719719999998, 43.1643432], [16.759846199999956, 43.16126419999998], [16.77538950000002, 43.16041350000002], [16.7783466, 43.156768], [16.780934, 43.16054719999998], [16.810927400000036, 43.15842479999996], [16.813384500000033, 43.155918], [16.813709800000037, 43.1586849], [16.8233908, 43.16159369999997], [16.83798069999996, 43.160135], [16.841372400000015, 43.15872559999998], [16.840012699999956, 43.1550792], [16.852891, 43.15824569999998], [16.8636871, 43.15612850000004], [16.86236319999997, 43.16035660000002], [16.87691460000003, 43.16152140000003], [16.8734362, 43.15686609999996], [16.884278500000033, 43.15996170000003], [16.879876799999987, 43.156000099999986], [16.885766599999968, 43.152124500000035], [16.884801799999988, 43.1479193], [16.8942687, 43.156355800000014], [16.898860400000043, 43.15428110000004], [16.894857400000035, 43.15220759999998], [16.898369700000032, 43.15078590000004], [16.9101289, 43.153245200000036], [16.917420799999988, 43.1505224], [16.920866, 43.15323210000002], [16.958574200000026, 43.1519846], [17.008474, 43.1448503], [17.01437420000001, 43.140136300000044], [17.02303830000003, 43.14385179999998], [17.02651339999997, 43.13993760000004], [17.032925900000034, 43.1416644], [17.033875, 43.138035799999976], [17.038560799999974, 43.14097560000003], [17.050214299999983, 43.1400294], [17.0580303, 43.1364355], [17.061992600000014, 43.13796250000004], [17.06339580000003, 43.13506810000001], [17.067155900000014, 43.137925], [17.0943463, 43.13754839999997], [17.1040074, 43.1357892], [17.105197299999958, 43.133032], [17.1089173, 43.136067800000035], [17.131772500000025, 43.135925499999985], [17.14469939999997, 43.1394787], [17.181211, 43.13306510000002], [17.196824800000027, 43.1248078], [17.1867297, 43.126283499999964], [17.189104500000024, 43.12447670000004], [17.182121700000025, 43.125434300000045], [17.179119499999956, 43.1220675], [17.1628519, 43.120922], [17.158716599999973, 43.11775629999999], [17.15028330000004, 43.120054], [17.145650100000026, 43.11648810000004], [17.1399874, 43.11897559999998], [17.1388506, 43.115221799999986], [17.114997, 43.11374979999996], [17.109412600000034, 43.11708509999997], [17.1015868, 43.11471260000004], [17.101100299999988, 43.11822350000001], [17.096622400000033, 43.11864560000003], [17.096963199999987, 43.11491620000001], [17.088539200000024, 43.113607199999976], [17.083567599999988, 43.1168591], [17.081051299999977, 43.11367479999997], [17.064531300000013, 43.11573369999997], [17.06452229999998, 43.11358440000004], [17.0550204, 43.11319880000002], [17.049143, 43.11391930000004], [17.048917499999977, 43.11869580000001], [17.043039399999987, 43.11423309999998], [17.041034, 43.1191121], [17.040983499999967, 43.11602549999996], [17.03522530000004, 43.11452059999996], [17.024360199999983, 43.11349290000002], [17.022171100000044, 43.11638360000001], [17.020377100000022, 43.113428700000036], [17.00246389999998, 43.113401199999984], [16.994471, 43.116698300000024], [16.987928, 43.11444310000004], [16.98037329999998, 43.11893210000002], [16.980018400000013, 43.11511], [16.97185749999997, 43.116307700000036], [16.969611400000023, 43.112743], [16.937519400000017, 43.114359200000024], [16.9348463, 43.1121777], [16.93215909999997, 43.115393399999974], [16.9036442, 43.114451], [16.897167699999965, 43.11851279999997], [16.89182710000004, 43.115462600000015], [16.8646231, 43.11707019999998], [16.784041, 43.12730850000004], [16.73189560000004, 43.12711830000003], [16.68283240000004, 43.1206697], [16.65853990000002, 43.12160610000002], [16.598238700000017, 43.13436970000004], [16.5853312, 43.13407679999997], [16.584767399999972, 43.137441700000025], [16.565531299999986, 43.1421968], [16.54485190000004, 43.13889779999998], [16.535402499999968, 43.1426035], [16.534624199999964, 43.14594020000003], [16.530749900000036, 43.14427359999998], [16.51327, 43.1504399], [16.514738499999964, 43.14854049999997], [16.5051079, 43.155711], [16.481798200000025, 43.1633137], [16.478227199999967, 43.158487], [16.467389100000013, 43.15695260000001], [16.45507550000001, 43.163723], [16.4482236, 43.16171560000002], [16.44129619999997, 43.16418010000001], [16.445120500000026, 43.166841699999964], [16.44147, 43.17245], [16.43710950000004, 43.1700389], [16.42714689999996, 43.172431], [16.428105, 43.174347900000015], [16.421405299999986, 43.17675790000002], [16.424605099999972, 43.17927889999998], [16.4184481, 43.17771169999998], [16.40931460000004, 43.18042849999997], [16.41032169999997, 43.184366], [16.404556399999986, 43.1843909], [16.4063932, 43.18171349999998], [16.3780294, 43.188045799999976], [16.372473500000023, 43.189747], [16.37382959999996, 43.193948100000014], [16.366420300000023, 43.19476920000001], [16.37876830000003, 43.19858059999997], [16.383415200000023, 43.1951008], [16.391813800000016, 43.19798970000002], [16.39662779999998, 43.196215600000045], [16.3961504, 43.1912073], [16.400988, 43.194471], [16.417249699999964, 43.188334499999975], [16.413197399999962, 43.198066100000034], [16.4213067, 43.192455], [16.42085979999997, 43.196326499999984], [16.425465800000044, 43.1987248], [16.42838169999999, 43.189876099999985], [16.429594, 43.1943784], [16.43500359999997, 43.191304799999976], [16.430640700000026, 43.20033760000004], [16.439141799999973, 43.19417450000001], [16.43908079999999, 43.2024721], [16.4485639, 43.19762309999997], [16.4499721, 43.20534720000003], [16.457364599999963, 43.2015382], [16.45433959999996, 43.207951899999976], [16.462803, 43.205979], [16.46447920000003, 43.2083085], [16.468150200000014, 43.20334039999998], [16.469187300000026, 43.20986589999998], [16.4725888, 43.207502800000036], [16.47551630000002, 43.209855], [16.482442400000036, 43.20675179999998], [16.499037099999963, 43.20789970000001], [16.49998609999997, 43.2038634], [16.5045058, 43.207493599999985], [16.52007340000004, 43.2046031], [16.521772700000042, 43.201798], [16.5266939, 43.20308350000004], [16.527235400000034, 43.19931259999996], [16.53098109999998, 43.200714400000045], [16.53905239999998, 43.193613300000024], [16.539549199999964, 43.18962359999996], [16.545740500000022, 43.18904529999999], [16.550403500000016, 43.184451600000045], [16.557894300000036, 43.18469889999999], [16.567804599999963, 43.17719830000004], [16.575053799999978, 43.182196499999975], [16.5795614, 43.1804986], [16.5860474, 43.1839756], [16.59888710000002, 43.18435460000001], [16.575051399999957, 43.189625799999966], [16.575583600000027, 43.194291600000014], [16.569437200000042, 43.197630599999975], [16.5749006, 43.20161820000004], [16.56350659999997, 43.20107480000002], [16.564131, 43.2043583], [16.559981, 43.203352], [16.56143039999996, 43.2075624], [16.555664700000033, 43.21044070000002], [16.5614974, 43.2136544], [16.556986599999984, 43.2159687], [16.5577125, 43.219690900000046], [16.553361900000013, 43.21681849999997], [16.550128700000016, 43.219508400000045], [16.55041240000004, 43.21562890000004], [16.546692600000018, 43.21628040000003], [16.548224, 43.213432300000015], [16.54019319999996, 43.215883400000045], [16.538935299999974, 43.21047730000003], [16.519131700000017, 43.22483780000002], [16.52931079999998, 43.23013660000004], [16.533803600000013, 43.2236943], [16.53430749999996, 43.22695050000003], [16.5405543, 43.2246251], [16.5425553, 43.22820029999997], [16.5492643, 43.22327150000001], [16.550716100000034, 43.22560919999999], [16.54690229999996, 43.22733990000001], [16.548096, 43.2310712], [16.545239, 43.233189], [16.552084, 43.23110150000003], [16.5522615, 43.234394800000025], [16.5577543, 43.23187670000004], [16.558019900000037, 43.235238], [16.5614116, 43.23471810000004], [16.5659029, 43.22907610000004], [16.568470900000026, 43.234960800000046]]], [[[16.434744700000042, 43.3922243], [16.51189560000002, 43.38317550000004], [16.5234725, 43.385765700000036], [16.537961, 43.3834927], [16.539852800000038, 43.38732420000002], [16.54885289999997, 43.388296900000036], [16.546496100000013, 43.38631359999999], [16.5538984, 43.3839081], [16.556610799999977, 43.3870319], [16.58037110000002, 43.38001410000003], [16.60038050000004, 43.38109979999998], [16.59686959999998, 43.377185799999964], [16.6031033, 43.37916710000003], [16.605751, 43.3757853], [16.60759339999998, 43.38112], [16.621081099999962, 43.37493819999998], [16.629602900000023, 43.37861760000004], [16.64909, 43.37546619999997], [16.650150199999963, 43.372223800000015], [16.6532131, 43.37538940000001], [16.66375949999997, 43.37321360000002], [16.66605239999997, 43.36911850000003], [16.66954849999996, 43.3719456], [16.679405099999972, 43.371621], [16.6813709, 43.3660211], [16.686477500000013, 43.369445], [16.69440290000002, 43.3660814], [16.702373799999975, 43.36711459999996], [16.70349490000001, 43.36400379999996], [16.71049439999997, 43.36635689999997], [16.7201687, 43.3631293], [16.72019460000001, 43.358946300000014], [16.723923499999987, 43.363232800000034], [16.7358412, 43.36199], [16.737927, 43.35180690000003], [16.732355, 43.34817], [16.7348717, 43.3469341], [16.74362280000002, 43.3466594], [16.740285600000032, 43.35464], [16.74320740000002, 43.361919299999975], [16.747311300000028, 43.35857979999998], [16.750430700000024, 43.36086849999999], [16.76863770000004, 43.35850549999996], [16.7708002, 43.355520399999975], [16.773111, 43.35804920000004], [16.78145150000004, 43.357313900000044], [16.7820812, 43.349059099999955], [16.785511699999983, 43.35480840000004], [16.79567189999998, 43.351163], [16.798517, 43.3545579], [16.8064324, 43.350058], [16.811534199999972, 43.35198490000001], [16.819094399999962, 43.34531939999997], [16.791291700000027, 43.339724200000035], [16.7985103, 43.338268], [16.7994764, 43.3352594], [16.800316100000018, 43.340241], [16.81520989999999, 43.34001610000003], [16.810775900000024, 43.33553809999997], [16.8160088, 43.3351714], [16.822597099999964, 43.34032110000004], [16.82468040000003, 43.334919200000016], [16.82684220000002, 43.33796680000002], [16.83105120000002, 43.335216099999975], [16.8297865, 43.33047469999998], [16.833670500000025, 43.334844400000044], [16.83698120000004, 43.33266740000004], [16.831491, 43.34075189999998], [16.838831199999987, 43.338376], [16.8405661, 43.3427885], [16.84781469999997, 43.33806829999998], [16.848057499999985, 43.33446889999997], [16.85205320000001, 43.338017300000026], [16.8563522, 43.331459600000024], [16.859024600000044, 43.333191300000045], [16.866250700000013, 43.3298479], [16.86645820000004, 43.32707059999996], [16.861984199999963, 43.32690109999997], [16.86368369999998, 43.325243], [16.871888099999982, 43.3265151], [16.89893559999996, 43.31479740000002], [16.8923472, 43.30634429999996], [16.88543970000001, 43.30780019999998], [16.894510099999987, 43.29880820000001], [16.8804834, 43.2956855], [16.882037, 43.29311], [16.878147399999982, 43.28681560000001], [16.882940399999985, 43.284094899999964], [16.8736187, 43.28059310000003], [16.871224300000037, 43.2867597], [16.8606021, 43.28830270000004], [16.86662210000001, 43.2810746], [16.8617688, 43.2804231], [16.863216100000017, 43.2781161], [16.85713669999998, 43.27875610000001], [16.85964920000003, 43.2755314], [16.856287100000028, 43.27570230000002], [16.8550737, 43.2712161], [16.846819599999968, 43.26980680000001], [16.840760899999957, 43.2735487], [16.84170630000002, 43.26962179999998], [16.8312077, 43.26718780000003], [16.813283, 43.269173], [16.811869900000037, 43.266430900000024], [16.782229600000026, 43.26173629999999], [16.75651190000003, 43.26235630000004], [16.752501400000025, 43.26508280000004], [16.7492475, 43.26241779999998], [16.7121897, 43.262177299999976], [16.68639160000001, 43.25779950000004], [16.65851569999997, 43.2620038], [16.64627920000004, 43.25802949999998], [16.638104800000036, 43.259274], [16.634032599999987, 43.255338], [16.632693, 43.2584055], [16.6134793, 43.26274350000001], [16.529400899999974, 43.26993150000003], [16.525644400000022, 43.2718043], [16.526312699999984, 43.27459819999997], [16.51999490000003, 43.27356229999997], [16.5162739, 43.278015500000016], [16.515357799999958, 43.27359210000004], [16.50915659999997, 43.27655250000002], [16.50622809999996, 43.27948139999998], [16.508763200000015, 43.28317580000003], [16.500250099999963, 43.2777082], [16.498489, 43.28164649999997], [16.50119970000002, 43.2861403], [16.496815299999984, 43.28520409999999], [16.494317299999977, 43.28815550000003], [16.497099300000034, 43.29280169999996], [16.49297109999997, 43.292111699999985], [16.491607, 43.285082200000026], [16.4887774, 43.285062], [16.48330660000004, 43.29646779999999], [16.480561800000043, 43.29288549999997], [16.469114400000034, 43.296799], [16.47100409999998, 43.30353490000003], [16.466329299999988, 43.30241359999998], [16.4656274, 43.3080247], [16.46134590000004, 43.30460219999997], [16.464208, 43.298231499999986], [16.46146539999998, 43.30158750000002], [16.453978600000024, 43.29865209999997], [16.453546, 43.302709], [16.45889270000001, 43.3072862], [16.455881700000013, 43.30967119999998], [16.4520622, 43.306743599999955], [16.45182080000001, 43.311607300000034], [16.449580099999977, 43.30889829999998], [16.447557200000023, 43.31295369999997], [16.4429862, 43.31052559999998], [16.44685940000002, 43.3071165], [16.446013, 43.30371080000002], [16.44147959999996, 43.30750269999997], [16.438150400000012, 43.30507850000003], [16.4337213, 43.3071489], [16.437235, 43.313896099999965], [16.435249100000032, 43.31587540000004], [16.429378799999977, 43.309020300000036], [16.423470499999976, 43.310586799999975], [16.421749400000035, 43.315151600000014], [16.40890059999998, 43.31726750000003], [16.408172599999965, 43.32001909999997], [16.412329600000014, 43.32027960000003], [16.408598400000024, 43.3333109], [16.417812299999973, 43.331704600000045], [16.424379499999958, 43.3227352], [16.439608300000025, 43.32737070000002], [16.44922909999998, 43.3252471], [16.448154499999973, 43.32859560000002], [16.4344414, 43.33030870000001], [16.43367989999996, 43.344765299999956], [16.454126299999988, 43.35341749999997], [16.463991299999986, 43.3496897], [16.4599026, 43.352103], [16.46356030000003, 43.35370079999996], [16.4451664, 43.35773279999997], [16.449153600000038, 43.36358370000002], [16.4452437, 43.365195599999986], [16.450467200000013, 43.368273899999956], [16.4438159, 43.37106929999997], [16.44152890000004, 43.37664140000004], [16.440744599999984, 43.37366189999999], [16.434792199999976, 43.375573599999974], [16.4286395, 43.38933429999999], [16.434744700000042, 43.3922243]]], [[[16.214973400000027, 43.4118866], [16.265159899999976, 43.412451899999965], [16.2673383, 43.4086715], [16.2756102, 43.4107231], [16.297002699999968, 43.40283489999997], [16.2931622, 43.3995376], [16.3004124, 43.39830240000003], [16.297773, 43.395461299999965], [16.300891899999975, 43.39250389999996], [16.30432750000002, 43.39385769999998], [16.305557700000023, 43.399685], [16.318174599999985, 43.395672300000015], [16.3122773, 43.390722900000036], [16.316126199999964, 43.38701920000001], [16.31021919999998, 43.38648529999998], [16.313573799999986, 43.38461749999998], [16.309871099999956, 43.38360470000003], [16.3133883, 43.37963820000002], [16.320928600000034, 43.386004100000044], [16.324425900000033, 43.383744499999956], [16.32836459999996, 43.38910520000004], [16.32558039999999, 43.39404559999998], [16.32877670000004, 43.39527960000003], [16.33928460000003, 43.38150769999998], [16.35021210000001, 43.37704189999996], [16.349148700000043, 43.373699100000046], [16.3526692, 43.36961259999997], [16.353637, 43.373544799999976], [16.360386300000012, 43.37268579999996], [16.3617172, 43.36450890000001], [16.3689073, 43.35930959999997], [16.3635098, 43.35652990000001], [16.3697241, 43.35631630000001], [16.3710498, 43.35270750000002], [16.3742197, 43.3529262], [16.371700899999958, 43.35039019999996], [16.378685600000026, 43.34825319999998], [16.383807299999958, 43.34151910000004], [16.385576300000043, 43.34393339999996], [16.392284100000026, 43.34122810000003], [16.39882790000003, 43.32948780000004], [16.3939669, 43.32785529999997], [16.3886072, 43.33632279999998], [16.3861094, 43.32467770000004], [16.381575300000023, 43.32537879999996], [16.37698520000002, 43.32836060000003], [16.3758223, 43.334601700000036], [16.373740799999986, 43.3293619], [16.36657080000004, 43.3309666], [16.36623289999997, 43.34090209999997], [16.3627605, 43.339299399999966], [16.362512199999962, 43.3347054], [16.3576112, 43.334068399999964], [16.35168879999998, 43.33600089999999], [16.348708500000036, 43.3414681], [16.316995, 43.3482953], [16.312754, 43.35081429999997], [16.3151649, 43.3541339], [16.30603320000002, 43.354820200000034], [16.31092659999998, 43.35743119999998], [16.3078867, 43.35906540000001], [16.308986799999975, 43.36196849999996], [16.302238500000016, 43.35813119999999], [16.30039330000002, 43.362967600000026], [16.295423499999956, 43.36234859999997], [16.2934039, 43.36774650000002], [16.291674199999978, 43.36382870000004], [16.28750030000004, 43.36428790000002], [16.28944869999996, 43.3714915], [16.285338499999963, 43.36996440000003], [16.285247900000016, 43.372949700000035], [16.2810957, 43.37262430000002], [16.281387900000027, 43.368556399999974], [16.27806069999998, 43.367248400000015], [16.270876600000022, 43.3720851], [16.266975800000033, 43.370588599999984], [16.267756699999985, 43.374300599999984], [16.26296269999999, 43.3726896], [16.2611219, 43.37668369999999], [16.2582525, 43.374021], [16.252112600000018, 43.379352], [16.24958130000001, 43.376581100000024], [16.246946599999973, 43.3803025], [16.2421626, 43.378559699999954], [16.24155579999998, 43.3819834], [16.2341052, 43.38042029999998], [16.231006699999956, 43.385761400000035], [16.227294899999972, 43.38183609999997], [16.215508100000037, 43.384602], [16.20972510000001, 43.38273410000002], [16.210397400000037, 43.38564029999996], [16.206194, 43.385992], [16.206126100000034, 43.3886529], [16.216581500000032, 43.393972699999985], [16.204852, 43.39293960000004], [16.202674199999972, 43.396019], [16.20760979999996, 43.39824], [16.201844599999987, 43.3993059], [16.2036062, 43.403607899999976], [16.208294699999964, 43.403891], [16.2002389, 43.40996430000002], [16.206917699999984, 43.4145047], [16.214973400000027, 43.4118866]]], [[[16.16964309999998, 43.43954640000001], [16.16879890000003, 43.432192799999974], [16.16252609999998, 43.4323424], [16.15335549999997, 43.43882689999999], [16.151210899999985, 43.435639300000034], [16.144799800000037, 43.435845400000034], [16.148210599999985, 43.4325174], [16.144331500000014, 43.42937279999997], [16.134895399999976, 43.431438700000015], [16.127868599999978, 43.4273732], [16.10821049999998, 43.43011689999999], [16.112329399999986, 43.43396919999996], [16.109835, 43.436188], [16.11542169999996, 43.437200399999966], [16.1176539, 43.4426197], [16.120566700000044, 43.4433968], [16.1223449, 43.439663899999964], [16.12725339999997, 43.44176149999997], [16.12156820000004, 43.44701819999997], [16.1246647, 43.4516054], [16.14546540000004, 43.4485192], [16.14595690000003, 43.45123760000003], [16.133017899999974, 43.4559336], [16.133819200000016, 43.45904570000001], [16.156101299999964, 43.458933499999965], [16.1678797, 43.45545080000002], [16.1764854, 43.44217220000002], [16.16964309999998, 43.43954640000001]]], [[[16.090418099999987, 43.4439507], [16.09253809999998, 43.43879449999997], [16.083843, 43.435789], [16.079728299999957, 43.439220100000014], [16.082390699999976, 43.44490430000003], [16.06596809999999, 43.4447546], [16.06170390000004, 43.44796560000002], [16.054321899999962, 43.44555240000001], [16.053192, 43.44926379999996], [16.06875039999998, 43.450582299999986], [16.072161300000026, 43.45558830000003], [16.088811099999983, 43.45507950000003], [16.089070300000024, 43.450134599999984], [16.09809260000002, 43.4466578], [16.090418099999987, 43.4439507]]], [[[16.33860029999999, 43.50096440000004], [16.352423, 43.4926994], [16.36533989999998, 43.49276320000004], [16.375260100000016, 43.48795229999998], [16.392150499999985, 43.48827580000001], [16.378677100000033, 43.484153199999966], [16.31877090000003, 43.48224550000004], [16.280522099999978, 43.48832889999996], [16.272557, 43.49362160000001], [16.27139239999998, 43.4862126], [16.2550751, 43.48589840000004], [16.246482, 43.48341950000001], [16.24640530000004, 43.4790139], [16.234752900000032, 43.48530360000003], [16.2076016, 43.48953410000003], [16.208451, 43.49342840000001], [16.203151600000037, 43.496413299999986], [16.2247458, 43.49879409999998], [16.237043799999956, 43.492166599999976], [16.243072100000028, 43.492030900000024], [16.237326, 43.4936868], [16.2382402, 43.495604], [16.2559221, 43.4926082], [16.26089059999996, 43.495847499999975], [16.259547799999968, 43.50252390000003], [16.2553822, 43.50535089999999], [16.2590178, 43.50706370000004], [16.25185639999996, 43.510898], [16.237326199999963, 43.51198310000002], [16.2653202, 43.51675020000001], [16.282084099999988, 43.513339], [16.30051, 43.5141459], [16.32610890000002, 43.503105800000036], [16.33860029999999, 43.50096440000004]]], [[[15.867071800000025, 43.683837], [15.863483499999957, 43.6802991], [15.869642700000023, 43.67813369999998], [15.866495699999964, 43.67475910000001], [15.8688716, 43.67343590000004], [15.862827699999963, 43.673693699999966], [15.86985760000004, 43.666767899999975], [15.869525, 43.66043430000004], [15.861506299999965, 43.66504919999996], [15.859831400000028, 43.6718672], [15.81957160000003, 43.69741230000002], [15.819618700000019, 43.701249800000014], [15.83489749999996, 43.69637], [15.833424300000013, 43.703949099999974], [15.837045100000017, 43.709426600000036], [15.855468700000012, 43.69740610000004], [15.856691600000032, 43.6927081], [15.8603463, 43.692355200000016], [15.867071800000025, 43.683837]]], [[[15.7588644, 43.69613339999999], [15.767559700000037, 43.690156100000046], [15.772146, 43.69162919999999], [15.777268299999973, 43.68583979999996], [15.773215099999986, 43.68047860000002], [15.763484, 43.68734220000002], [15.75455509999997, 43.68453320000003], [15.749228699999977, 43.6911163], [15.7445476, 43.68958350000001], [15.7382582, 43.70063940000004], [15.7436126, 43.708598299999984], [15.751937, 43.69648920000002], [15.7588644, 43.69613339999999]]], [[[15.768847099999975, 43.71815069999996], [15.774610200000042, 43.7058482], [15.763677100000043, 43.71328149999996], [15.763382099999971, 43.71790260000004], [15.7542258, 43.72129929999998], [15.7504333, 43.729279199999965], [15.757208, 43.73334029999998], [15.78031950000001, 43.71575660000003], [15.775259899999975, 43.71428529999997], [15.768847099999975, 43.71815069999996]]], [[[15.79988770000003, 43.72047780000004], [15.7937171, 43.72005020000001], [15.7882372, 43.725634], [15.787293299999975, 43.7342947], [15.780671099999969, 43.737883199999985], [15.782386100000027, 43.74328779999997], [15.788591700000024, 43.74132009999996], [15.7896412, 43.73648060000002], [15.79783180000001, 43.73413759999996], [15.807433499999982, 43.724263], [15.8036712, 43.721851899999955], [15.795181899999958, 43.72519330000002], [15.79988770000003, 43.72047780000004]]], [[[16.382065399999984, 46.54255590000003], [16.386817, 46.536155], [16.402720200000026, 46.53937769999997], [16.401638, 46.532248400000014], [16.4075708, 46.52658910000001], [16.412414, 46.5302064], [16.40866050000001, 46.53388279999997], [16.4230618, 46.5278696], [16.425421700000037, 46.527808], [16.424751700000023, 46.53242819999997], [16.42873, 46.532837399999984], [16.431577299999983, 46.52722939999996], [16.436811, 46.52864170000002], [16.440787299999965, 46.5255381], [16.437601, 46.5194376], [16.44122769999999, 46.51494489999997], [16.45095250000002, 46.517925600000034], [16.459538399999968, 46.516315300000024], [16.46409380000003, 46.52140609999998], [16.462359, 46.5140918], [16.466589400000014, 46.51265619999996], [16.465528, 46.51629510000004], [16.470297699999975, 46.5176182], [16.470215800000037, 46.511085899999976], [16.478424699999966, 46.5126974], [16.48076379999997, 46.50887549999996], [16.4882278, 46.5082599], [16.4854368, 46.50278929999998], [16.49293520000002, 46.497557099999966], [16.51737010000001, 46.4915665], [16.515862100000028, 46.481004], [16.52438080000001, 46.47887630000001], [16.5342735, 46.48135820000002], [16.53827450000001, 46.475830399999964], [16.56125710000001, 46.47763049999996], [16.56440780000002, 46.473455800000046], [16.575083799999973, 46.471375300000034], [16.605855299999966, 46.47642920000004], [16.617051299999957, 46.46471770000003], [16.623748799999976, 46.468315], [16.630304199999962, 46.46169490000003], [16.64557759999999, 46.4641925], [16.6637652, 46.4594639], [16.665706799999974, 46.45272019999998], [16.657465600000037, 46.44614460000001], [16.673965400000018, 46.448219299999984], [16.692118500000014, 46.42140940000004], [16.704432300000033, 46.40591439999997], [16.715605800000027, 46.39814279999999], [16.71871550000002, 46.391545099999966], [16.72272390000003, 46.39262389999997], [16.72607520000003, 46.400073200000016], [16.734185100000026, 46.40113690000001], [16.739642500000024, 46.3987751], [16.738982699999966, 46.389712899999985], [16.7417601, 46.386385199999985], [16.754213899999964, 46.38806619999998], [16.760558099999972, 46.378791], [16.768676400000043, 46.38551720000002], [16.77772880000004, 46.3788], [16.7931721, 46.38712750000003], [16.80233540000003, 46.38412969999997], [16.8035427, 46.3774168], [16.8109034, 46.376935399999965], [16.814128, 46.371148200000036], [16.82221729999998, 46.37341349999998], [16.82787380000002, 46.3674142], [16.833080100000025, 46.37439210000003], [16.83739770000004, 46.37408520000004], [16.83606520000001, 46.36501130000004], [16.850723699999964, 46.36130049999996], [16.850698700000027, 46.35464619999996], [16.855137400000025, 46.35265409999998], [16.865843, 46.35461519999998], [16.866916500000034, 46.35128649999998], [16.86179070000003, 46.34650109999998], [16.873475200000026, 46.34317339999998], [16.872180099999984, 46.336348299999976], [16.8798276, 46.33638420000002], [16.8730562, 46.32467850000004], [16.8770183, 46.31937369999997], [16.877243499999977, 46.30703009999997], [16.885151599999976, 46.30117329999997], [16.88715579999998, 46.295398099999964], [16.885441199999956, 46.28191950000003], [16.902614499999974, 46.27451690000002], [16.9137938, 46.261880499999954], [16.93122519999997, 46.2570547], [16.9548157, 46.2391775], [16.97321339999998, 46.24270569999998], [16.975412799999972, 46.23975540000003], [16.971187699999973, 46.234283800000014], [16.973090400000018, 46.224785299999965], [16.983734, 46.222043400000025], [16.990003700000017, 46.22483320000002], [16.99592549999998, 46.220225499999984], [17.006004, 46.2228032], [17.05302669999998, 46.202725], [17.066294499999973, 46.20210009999997], [17.06582190000004, 46.19733060000004], [17.075248299999984, 46.18895320000003], [17.08299680000001, 46.185975699999965], [17.089980700000012, 46.189609499999975], [17.1022136, 46.18588330000004], [17.1114217, 46.1765202], [17.122741, 46.178979199999986], [17.1261012, 46.168449499999966], [17.133707800000014, 46.16823389999998], [17.139891, 46.172947100000044], [17.1592858, 46.169681799999964], [17.1562307, 46.15858190000002], [17.161421, 46.155262700000016], [17.16874750000002, 46.1567277], [17.1810983, 46.150548599999965], [17.17763690000003, 46.1446065], [17.18651970000003, 46.133230799999986], [17.174342400000025, 46.128760799999974], [17.1821826, 46.11904890000003], [17.174954, 46.11265039999997], [17.17592709999996, 46.10845830000004], [17.185935900000043, 46.10657889999997], [17.200816499999988, 46.11141990000003], [17.20981670000002, 46.1074198], [17.2129734, 46.113855], [17.218411800000016, 46.10907889999996], [17.20948490000001, 46.09931790000004], [17.233424699999983, 46.097931399999986], [17.223352900000016, 46.09425740000002], [17.218180299999958, 46.086688799999955], [17.21910479999998, 46.0826971], [17.20624440000003, 46.083198], [17.201589199999972, 46.077432300000034], [17.230899400000027, 46.080494], [17.238701799999983, 46.07732820000004], [17.2412869, 46.06529509999997], [17.25251460000004, 46.066472500000046], [17.245043499999962, 46.061335600000014], [17.232483800000026, 46.066155400000014], [17.228366499999975, 46.063483], [17.23247669999997, 46.05920339999999], [17.270955100000013, 46.056705499999985], [17.27123310000001, 46.0528853], [17.256863299999964, 46.0459561], [17.259800900000016, 46.032309600000026], [17.25415150000003, 46.030005], [17.2690312, 46.033386300000025], [17.291579, 46.03195039999997], [17.296320099999956, 46.0285169], [17.293536, 46.0232719], [17.272279199999968, 46.02092939999998], [17.27115519999996, 46.01719049999998], [17.2579726, 46.01102559999997], [17.286321600000015, 46.00016620000003], [17.2981928, 46.0036257], [17.3041997, 46.00211279999998], [17.306238899999965, 46.00009510000001], [17.30417029999996, 45.996335], [17.293814, 45.99005750000003], [17.298765400000043, 45.983865299999984], [17.307988899999987, 45.98222540000001], [17.316061199999982, 45.99159460000002], [17.323647, 45.9887776], [17.324465800000027, 45.98556630000004], [17.316710100000027, 45.9796662], [17.3170287, 45.976051300000044], [17.30849549999998, 45.97177049999997], [17.309730700000042, 45.96798410000003], [17.3226255, 45.96724770000003], [17.331984699999975, 45.9728948], [17.3368122, 45.98312850000004], [17.327454500000044, 45.98899509999997], [17.32748880000004, 45.992046], [17.333958300000024, 45.9960781], [17.3409386, 45.99372750000002], [17.342734, 45.98421030000002], [17.348839600000026, 45.976897499999986], [17.356720299999978, 45.97358369999998], [17.360881, 45.97633340000003], [17.36356850000003, 45.99154420000003], [17.3724305, 45.9911821], [17.375189600000024, 45.98810539999998], [17.3744015, 45.9819343], [17.3664192, 45.975075], [17.375485299999976, 45.9686921], [17.36321210000003, 45.96959129999996], [17.358354, 45.9642738], [17.363416, 45.96083480000002], [17.375029900000044, 45.9608957], [17.38742309999997, 45.966182299999986], [17.39142360000004, 45.96300430000002], [17.3905376, 45.958191499999984], [17.38529979999997, 45.95590330000002], [17.36298929999998, 45.959143200000035], [17.35377110000003, 45.952501199999986], [17.34956669999997, 45.95423369999998], [17.348659799999982, 45.96063190000002], [17.343876900000016, 45.9605329], [17.342345699999978, 45.95521760000003], [17.339512799999973, 45.9553364], [17.343366399999965, 45.94519580000003], [17.3476208, 45.94234130000002], [17.36428719999999, 45.94213679999997], [17.373042600000016, 45.947195], [17.38287130000003, 45.947573300000016], [17.3879184, 45.94170050000002], [17.38491720000002, 45.93740489999996], [17.392149, 45.930215], [17.410806, 45.9399665], [17.4095343, 45.933017], [17.4119809, 45.9303871], [17.425896400000035, 45.927268100000035], [17.4372542, 45.9311556], [17.427214, 45.94392070000004], [17.42816369999996, 45.946909900000016], [17.437825400000012, 45.9503823], [17.477444500000022, 45.9421319], [17.51381659999996, 45.939562500000044], [17.531813, 45.934029700000025], [17.570067699999964, 45.93582040000004], [17.614683, 45.90969890000003], [17.6276212, 45.89794460000003], [17.647785200000015, 45.8666124], [17.6514305, 45.84878890000002], [17.66329150000004, 45.83818489999998], [17.672641100000025, 45.83487260000001], [17.6872516, 45.838857], [17.698715100000012, 45.83785529999998], [17.707028699999988, 45.8318624], [17.74086249999996, 45.8295976], [17.760339900000016, 45.8119231], [17.7721948, 45.817389400000025], [17.78090549999996, 45.817488400000045], [17.808978499999967, 45.804098900000014], [17.81549070000002, 45.804927], [17.820819400000026, 45.810322199999966], [17.826274800000036, 45.809995700000044], [17.8307121, 45.806240400000014], [17.833204, 45.791795], [17.83986680000003, 45.78615259999999], [17.8524473, 45.78324459999999], [17.852597, 45.776391200000035], [17.85929659999997, 45.76846719999997], [17.866943500000026, 45.76702359999998], [17.8759343, 45.77930350000004], [17.90667569999998, 45.79256920000004], [17.93020950000002, 45.78633010000002], [17.94966890000001, 45.792621700000026], [17.9726052, 45.7890329], [17.9958809, 45.7957311], [18.020665200000035, 45.779965], [18.081892199999988, 45.7645206], [18.10680669999996, 45.77082559999997], [18.124651500000027, 45.78962780000003], [18.14807769999996, 45.78829409999999], [18.168193900000023, 45.776271299999976], [18.1908703, 45.787875900000024], [18.2051149, 45.781507599999976], [18.230731100000025, 45.779032800000024], [18.244047300000027, 45.76123060000002], [18.260912, 45.7613506], [18.2762194, 45.7557494], [18.2968158, 45.7612196], [18.30974819999996, 45.7564085], [18.333349, 45.75422039999997], [18.339421400000028, 45.747160499999985], [18.345001799999988, 45.74995569999998], [18.3564332, 45.7668788], [18.366676699999967, 45.76672150000003], [18.36422570000003, 45.7729364], [18.380732100000024, 45.76366689999998], [18.391894900000022, 45.7616983], [18.397171399999973, 45.75313670000001], [18.4001397, 45.75524390000001], [18.3979134, 45.74465049999996], [18.407630099999977, 45.7397119], [18.42750010000001, 45.74148729999999], [18.446853, 45.737128], [18.450073299999975, 45.74578490000003], [18.449056599999963, 45.7579597], [18.44507629999997, 45.76051959999999], [18.45628280000003, 45.7695229], [18.463800599999974, 45.76623520000003], [18.482190500000023, 45.76550320000004], [18.482695599999982, 45.77602239999999], [18.490670700000017, 45.7947168], [18.502101900000017, 45.79439510000003], [18.5101881, 45.7848045], [18.522350500000023, 45.78268590000003], [18.521209899999974, 45.78801030000004], [18.53259120000002, 45.79377729999999], [18.555439, 45.79464239999998], [18.559716, 45.803796200000015], [18.5749849, 45.800434500000044], [18.573239199999986, 45.81375780000001], [18.595498900000035, 45.82146660000004], [18.603606, 45.82835350000001], [18.60083820000003, 45.8340503], [18.623665599999978, 45.839853099999985], [18.614845, 45.85314390000002], [18.62355340000002, 45.85432380000003], [18.62777049999998, 45.8733783], [18.63155910000001, 45.8768197], [18.63762220000003, 45.868085], [18.655017899999976, 45.87423940000002], [18.641856199999967, 45.884468], [18.641280899999973, 45.889039699999984], [18.6544825, 45.895399200000014], [18.661048200000035, 45.8953197], [18.66197870000002, 45.89939170000004], [18.66500619999996, 45.89943470000004], [18.660023299999967, 45.904698], [18.659532799999972, 45.9168864], [18.66952029999998, 45.9106871], [18.675949, 45.914821899999986], [18.704786499999987, 45.918049300000035], [18.721628599999956, 45.90522790000003], [18.7502259, 45.900282500000024], [18.760531899999982, 45.8931019], [18.76023190000003, 45.8886362], [18.773047800000025, 45.88798410000004], [18.791096199999973, 45.87816249999999], [18.80893059999998, 45.879463], [18.812600200000023, 45.89081590000004], [18.80724910000003, 45.90319109999999], [18.81428750000001, 45.90880350000002], [18.8249682, 45.900085], [18.82984789999998, 45.873563], [18.8336504, 45.8683866], [18.85236430000004, 45.86130560000004], [18.856380499999986, 45.8563662], [18.856508700000024, 45.8327641], [18.8475838, 45.81199950000001], [18.849933800000024, 45.800741400000035], [18.85958979999996, 45.788468], [18.880762200000017, 45.78283070000003], [18.888707900000018, 45.775266399999964], [18.900874400000017, 45.72174189999996], [18.908638800000027, 45.705161100000026], [18.92470039999999, 45.69080629999998], [18.959137300000034, 45.67668780000003], [18.96627250000003, 45.666357800000014], [18.9624699, 45.65907189999999], [18.93794539999996, 45.64159980000002], [18.93375819999999, 45.631831], [18.9077605, 45.61890170000003], [18.906552, 45.60706719999997], [18.913440300000023, 45.59539930000001], [18.89340990000004, 45.58030350000002], [18.88779059999997, 45.57116789999998], [18.889210500000036, 45.56607080000004], [18.899724199999973, 45.557758], [18.917609500000015, 45.5544578], [18.928746199999985, 45.5439025], [18.950376, 45.53395129999998], [18.983777699999976, 45.53690849999997], [18.99219650000004, 45.54031779999997], [19.008880499999986, 45.556734700000014], [19.02113760000002, 45.55715269999996], [19.0272486, 45.5518407], [19.034659099999956, 45.5349423], [19.07111430000002, 45.530637], [19.095944600000042, 45.52030280000002], [19.101142399999965, 45.51432280000003], [19.102301400000027, 45.50546250000003], [19.095452900000037, 45.49490209999996], [19.082297700000034, 45.48829179999996], [19.04455, 45.484949], [19.01098629999996, 45.49615340000002], [18.9968806, 45.491383599999985], [18.9913674, 45.47780280000003], [18.991417100000035, 45.46578640000001], [18.987145700000024, 45.4551611], [18.988437, 45.44683360000002], [18.999591300000024, 45.436738800000015], [19.02527859999999, 45.4249018], [19.030546699999956, 45.4114171], [19.023382100000013, 45.40310770000003], [18.993143200000034, 45.40004989999998], [18.97615, 45.394288799999984], [18.969465199999963, 45.3868124], [18.971569399999982, 45.377207300000016], [18.97959070000002, 45.3701943], [19.005405100000022, 45.35763410000003], [19.011468599999986, 45.35866729999998], [19.02316809999998, 45.35191480000003], [19.048008799999977, 45.348484599999985], [19.056018400000024, 45.343105499999986], [19.0779143, 45.341235900000015], [19.092770300000034, 45.335138199999975], [19.099373, 45.32662010000004], [19.099056899999983, 45.31041979999997], [19.102533799999982, 45.3019721], [19.115388, 45.292559500000046], [19.14450779999997, 45.28023759999998], [19.241033899999987, 45.24775289999999], [19.284864500000026, 45.23731740000004], [19.3356138, 45.23254409999998], [19.420634, 45.23349189999997], [19.427440899999976, 45.217504700000035], [19.4470842, 45.19632110000003], [19.43534359999997, 45.19306889999997], [19.4280809, 45.187209600000024], [19.4358861, 45.172718299999964], [19.41863390000003, 45.16578890000003], [19.38997839999997, 45.17257019999997], [19.372597900000038, 45.169954], [19.35305059999997, 45.18060590000004], [19.342025, 45.17400749999996], [19.3215967, 45.19733579999996], [19.318863199999964, 45.20762929999998], [19.2877055, 45.20589459999998], [19.280300599999972, 45.20910309999997], [19.28093069999997, 45.20250510000002], [19.287946, 45.19492440000002], [19.279896099999988, 45.19361849999997], [19.2950726, 45.172968], [19.286614100000016, 45.171089400000014], [19.27079780000001, 45.17570420000001], [19.235395, 45.179050500000045], [19.189678100000013, 45.200938200000046], [19.1789488, 45.200124], [19.17621659999998, 45.202511], [19.1706307, 45.19974589999998], [19.166017300000032, 45.18970919999999], [19.1945386, 45.17891520000004], [19.187238, 45.16599730000004], [19.142050799999982, 45.129924900000034], [19.11998369999997, 45.1337331], [19.0865622, 45.14541790000002], [19.087547099999963, 45.13836340000004], [19.081228, 45.134328599999975], [19.077897, 45.1272764], [19.0768002, 45.11373730000004], [19.08428260000004, 45.11139949999996], [19.083737100000025, 45.107369], [19.093506700000034, 45.101552699999964], [19.0927827, 45.09065069999996], [19.105857600000014, 45.07916120000002], [19.0952302, 45.0585443], [19.105893300000037, 45.0515323], [19.0941612, 45.037445099999964], [19.098763899999987, 45.03285949999998], [19.0973578, 45.022498200000044], [19.102717399999985, 45.010695300000016], [19.094016500000027, 44.99803869999997], [19.080898299999976, 44.9884821], [19.05194780000002, 44.977328], [19.075694299999984, 44.9710783], [19.084304199999963, 44.97434280000002], [19.111082699999976, 44.96985580000002], [19.118681200000026, 44.97571519999997], [19.138335, 44.980711], [19.1474108, 44.97539590000002], [19.147431699999956, 44.957685699999985], [19.154293399999972, 44.95768290000002], [19.156487599999977, 44.95294179999996], [19.14308559999998, 44.946810499999984], [19.14315380000003, 44.941346100000025], [19.124245100000042, 44.93904519999999], [19.086926200000015, 44.92528649999996], [19.084210700000042, 44.919381100000024], [19.087406399999956, 44.9162399], [19.0805348, 44.91338089999997], [19.087197900000024, 44.910399600000034], [19.06858310000002, 44.9011515], [19.044114399999984, 44.91258310000004], [19.032289600000013, 44.92250480000002], [19.0145947, 44.9211788], [18.997976099999963, 44.91556], [18.98924330000003, 44.905792], [18.99239160000002, 44.8938765], [19.014377200000038, 44.86910280000003], [19.019112299999957, 44.85524340000003], [18.981102799999988, 44.850008599999974], [18.935801799999968, 44.84980139999997], [18.8560811, 44.85309210000002], [18.8451202, 44.8566719], [18.81945330000004, 44.87849579999997], [18.793895799999977, 44.887104], [18.764329200000024, 44.905268400000026], [18.763470799999965, 44.91162819999999], [18.772983, 44.91920630000004], [18.754092800000027, 44.93161840000002], [18.75038429999996, 44.93810860000003], [18.7519295, 44.9424837], [18.761715599999956, 44.94408790000004], [18.777119400000025, 44.9364154], [18.789175799999974, 44.934465], [18.800367300000037, 44.936337899999984], [18.80531629999998, 44.94138839999997], [18.80321710000002, 44.94719989999996], [18.789791400000016, 44.956629199999966], [18.785915500000044, 44.9653976], [18.78447570000002, 44.97548969999996], [18.79655740000002, 44.9897392], [18.79416050000003, 44.99478240000001], [18.756682499999982, 44.99958759999996], [18.743708400000042, 44.992600699999976], [18.7291798, 44.99393790000004], [18.72778670000002, 44.99907479999999], [18.73724009999998, 45.009910199999986], [18.737689699999965, 45.017404799999966], [18.721673799999966, 45.025322799999984], [18.7166203, 45.037231], [18.69402709999997, 45.03957919999997], [18.667906500000036, 45.06209680000004], [18.670609799999976, 45.06710049999998], [18.68609690000001, 45.0738108], [18.6878851, 45.07848209999997], [18.680286400000018, 45.09149249999998], [18.673206499999978, 45.0948398], [18.66050270000002, 45.08967409999998], [18.653514899999962, 45.07849030000002], [18.661031399999978, 45.06419139999998], [18.658372399999973, 45.05681879999997], [18.65456279999998, 45.05599219999996], [18.640708400000033, 45.061987399999964], [18.61850390000002, 45.06116089999997], [18.60609, 45.065732599999954], [18.607666, 45.07106730000002], [18.636337699999977, 45.0859206], [18.635608200000014, 45.09205330000002], [18.63032140000001, 45.09522530000001], [18.622874299999964, 45.09542549999997], [18.620463100000034, 45.08568670000002], [18.6130461, 45.08043210000002], [18.597185799999988, 45.083109], [18.582927, 45.0931877], [18.569134700000017, 45.09469659999996], [18.567890800000036, 45.090588400000044], [18.5826782, 45.078405], [18.58137210000002, 45.07162919999997], [18.574128400000017, 45.06657820000002], [18.566545500000014, 45.08056650000003], [18.5482053, 45.092868300000035], [18.53745319999996, 45.09351980000003], [18.5300126, 45.08666709999996], [18.548920600000024, 45.07894479999997], [18.550942, 45.072863200000015], [18.537367399999965, 45.063486199999986], [18.537196400000028, 45.04791310000003], [18.533855900000034, 45.04364820000002], [18.529826, 45.045377799999955], [18.530743399999988, 45.0549782], [18.526077899999965, 45.06071329999997], [18.5074549, 45.0571852], [18.47411620000004, 45.0636421], [18.4592978, 45.076502200000014], [18.444379699999974, 45.08373730000002], [18.436836200000034, 45.0998678], [18.425367300000023, 45.1076202], [18.4100252, 45.110490100000035], [18.320540500000032, 45.101271300000036], [18.3062341, 45.1158343], [18.289538399999966, 45.113241300000034], [18.2810327, 45.11519339999999], [18.276789, 45.13302190000004], [18.261196299999988, 45.13910160000001], [18.238381700000033, 45.1364297], [18.210678100000038, 45.1232477], [18.21001150000004, 45.11070340000001], [18.2216903, 45.097888199999986], [18.2100808, 45.085368199999955], [18.1992185, 45.079219599999966], [18.17201809999998, 45.077235700000045], [18.1488103, 45.085368199999955], [18.12373419999998, 45.08038659999998], [18.1083455, 45.0842041], [18.094086200000042, 45.09873819999997], [18.071332499999976, 45.107353600000046], [18.085827099999957, 45.118799799999955], [18.071426700000043, 45.140602899999976], [18.059943900000036, 45.1434006], [18.046578799999985, 45.140686200000026], [18.037964700000014, 45.12551319999996], [18.0285578, 45.13245830000004], [18.01881320000001, 45.149495], [18.00442060000003, 45.15188530000001], [17.988069900000042, 45.14562830000002], [17.98031009999997, 45.13874269999998], [17.97460709999999, 45.12359709999996], [17.965501300000014, 45.11418739999998], [17.9390458, 45.111191], [17.93277669999998, 45.10785050000004], [17.929853300000037, 45.09946030000003], [17.9377449, 45.08546040000004], [17.936193299999964, 45.08117449999998], [17.89906159999997, 45.058639100000036], [17.867452899999986, 45.04575359999996], [17.85149809999998, 45.044287], [17.822216299999965, 45.054121], [17.805226500000032, 45.06427160000004], [17.78392380000003, 45.08310229999997], [17.75783819999997, 45.085615800000014], [17.7161638, 45.111255799999974], [17.692628199999977, 45.117139499999986], [17.679591199999983, 45.1295543], [17.667937, 45.13392670000003], [17.647730800000044, 45.130363], [17.629719599999977, 45.121105799999974], [17.624172500000018, 45.11382070000001], [17.611608299999975, 45.11296579999998], [17.598554199999988, 45.106101], [17.57788809999999, 45.1164226], [17.563609, 45.1089139], [17.555297099999972, 45.10887670000004], [17.557130100000023, 45.1231758], [17.548035099999964, 45.13009929999998], [17.540580600000016, 45.1270273], [17.54017810000002, 45.11581550000004], [17.53078120000003, 45.1090502], [17.513387399999974, 45.10874040000004], [17.5020832, 45.1149358], [17.4839194, 45.10969460000003], [17.48002290000002, 45.11436549999997], [17.492097399999956, 45.123585499999976], [17.492392200000012, 45.13536740000004], [17.4867436, 45.13738310000002], [17.4779723, 45.12935270000003], [17.469546699999988, 45.126432399999985], [17.45071550000002, 45.12713820000003], [17.448699600000023, 45.131117], [17.455300899999987, 45.1477664], [17.45028410000003, 45.15970379999997], [17.43940379999996, 45.159389299999965], [17.432185500000013, 45.1448004], [17.4149971, 45.135032500000044], [17.363278099999985, 45.13782990000004], [17.33923689999997, 45.14490529999998], [17.32846240000004, 45.154042499999974], [17.33093780000004, 45.16427469999998], [17.312492700000043, 45.1652646], [17.3096528, 45.176641], [17.28712140000002, 45.17557640000001], [17.27331990000001, 45.18949869999998], [17.2618468, 45.1732856], [17.255286200000036, 45.15457540000001], [17.246496500000013, 45.14646990000002], [17.173978600000034, 45.14838060000002], [17.113417, 45.17598059999997], [17.073649500000037, 45.189397], [17.0646169, 45.198198500000025], [17.05231680000004, 45.200856600000044], [17.043141, 45.2080525], [17.0379803, 45.2257494], [17.02089020000002, 45.21375959999996], [17.010560300000016, 45.21417670000001], [17.008064, 45.21930780000001], [17.022114200000043, 45.235910900000015], [17.00547169999998, 45.237869399999965], [17.00324189999996, 45.2351721], [17.005645100000027, 45.225748199999984], [17.000100800000034, 45.221707], [16.992275599999967, 45.2220288], [16.98241550000002, 45.2298768], [16.983365700000036, 45.244674199999984], [16.97063589999997, 45.25142409999999], [16.9614036, 45.2437641], [16.97455829999997, 45.23822750000002], [16.977465900000027, 45.23311], [16.976090700000018, 45.22880859999999], [16.971544800000032, 45.22713120000002], [16.95707379999996, 45.23232020000001], [16.937782500000026, 45.22783169999998], [16.93632040000002, 45.24427589999998], [16.952402099999958, 45.2522283], [16.954250300000023, 45.256037], [16.94081840000004, 45.26449190000004], [16.93819389999996, 45.274274], [16.930236100000023, 45.276413500000025], [16.9192114, 45.27265129999996], [16.9131335, 45.256077299999966], [16.9061433, 45.2512193], [16.8975084, 45.2506749], [16.891469, 45.2581967], [16.882832, 45.2570406], [16.883280200000033, 45.254452], [16.891720899999957, 45.2526395], [16.89335020000003, 45.248295600000034], [16.878035799999985, 45.24663710000004], [16.869951599999983, 45.240793100000026], [16.8785985, 45.24370249999996], [16.8831918, 45.2419703], [16.879952899999978, 45.2341997], [16.88371859999998, 45.22765170000001], [16.88096949999998, 45.22484580000002], [16.87621780000002, 45.226304], [16.87762889999998, 45.2326142], [16.8644525, 45.23138379999998], [16.862744800000012, 45.2285694], [16.867334, 45.2236895], [16.87767479999996, 45.223881800000015], [16.879668299999967, 45.220279400000024], [16.864948299999988, 45.21930170000004], [16.854201799999974, 45.20462689999998], [16.850067799999962, 45.20723309999997], [16.855164100000014, 45.211384199999976], [16.854722299999963, 45.2146241], [16.843069800000038, 45.221144], [16.835121, 45.21923549999998], [16.8339773, 45.215711], [16.844145599999965, 45.206228299999964], [16.8436609, 45.19417149999998], [16.834724500000014, 45.18830540000001], [16.819166100000032, 45.184759], [16.77497679999998, 45.192762], [16.754824200000012, 45.2025898], [16.7324232, 45.207469], [16.71273530000002, 45.20382560000003], [16.697348500000025, 45.19654420000001], [16.668529899999967, 45.20196769999996], [16.636823399999972, 45.2138213], [16.628361199999958, 45.21405460000003], [16.6190399, 45.223488], [16.598454400000012, 45.2313239], [16.586576, 45.2253695], [16.55653449999997, 45.2191939], [16.5438691, 45.22076470000003], [16.53538629999996, 45.22697450000002], [16.513027, 45.22059559999998], [16.49214549999996, 45.20897610000004], [16.485190400000032, 45.191687], [16.47469320000004, 45.1832762], [16.478602500000022, 45.1607315], [16.473424799999986, 45.15925910000003], [16.463316700000036, 45.14245620000002], [16.44468519999998, 45.13364379999998], [16.437273700000038, 45.126762899999974], [16.409691, 45.120636], [16.394442800000025, 45.11270540000001], [16.3929837, 45.1042786], [16.4028733, 45.09849720000001], [16.395174199999968, 45.09397390000003], [16.395674599999982, 45.0895551], [16.386565900000033, 45.0820292], [16.38767829999997, 45.07241409999998], [16.383505600000042, 45.05343480000002], [16.37407969999996, 45.0510751], [16.355517599999963, 45.03122009999996], [16.358781500000013, 45.02515160000003], [16.3558786, 45.017593], [16.3585796, 45.01144060000004], [16.35438390000004, 45.00293950000001], [16.339445400000013, 45.000336600000026], [16.321112299999957, 45.0022319], [16.3118447, 44.99804089999997], [16.307066499999983, 45.000703700000024], [16.29300529999998, 44.99925150000004], [16.28875180000003, 44.9956636], [16.2843139, 45.00830370000002], [16.2737425, 45.00622819999998], [16.27299389999997, 45.014090199999984], [16.2691179, 45.01685380000003], [16.262045599999958, 45.01688639999997], [16.2575697, 45.01108559999998], [16.25318439999997, 45.0142986], [16.236352, 45.01466009999997], [16.229817699999987, 45.017198], [16.229222600000043, 45.0245512], [16.211417599999983, 45.02928479999997], [16.20907590000003, 45.032573500000034], [16.193684700000027, 45.0310391], [16.186130700000017, 45.046259], [16.17594570000001, 45.05263080000002], [16.1754798, 45.06235940000001], [16.17013640000003, 45.06671069999997], [16.1738823, 45.07038719999996], [16.1722251, 45.072517199999986], [16.15552650000001, 45.08280550000001], [16.144076599999973, 45.08536839999997], [16.13862320000004, 45.0908198], [16.131702799999964, 45.08660690000004], [16.121747, 45.09305], [16.108916300000026, 45.092704], [16.1028, 45.09961690000002], [16.089951600000024, 45.1043494], [16.08440490000001, 45.11060739999997], [16.0858132, 45.131833500000035], [16.078086900000038, 45.142238699999965], [16.0566529, 45.157961200000024], [16.0516097, 45.1715831], [16.0464079, 45.172693899999985], [16.0487049, 45.17868459999997], [16.015661799999986, 45.1798926], [16.030449300000043, 45.20111530000004], [16.021747199999986, 45.2020338], [16.014682100000016, 45.21798850000001], [16.004299800000027, 45.2173357], [16.000270599999983, 45.2218765], [15.9945902, 45.22092619999998], [15.9779173, 45.23057940000004], [15.957283199999987, 45.21585050000004], [15.924413700000043, 45.210514799999984], [15.92155539999998, 45.21705859999999], [15.924807400000022, 45.2255208], [15.921063200000022, 45.227854199999975], [15.912409200000036, 45.223903899999975], [15.8920261, 45.2292338], [15.886970899999978, 45.226621500000036], [15.895117, 45.22128659999996], [15.89356670000002, 45.217254799999964], [15.8719782, 45.22066619999996], [15.857078100000036, 45.216799], [15.843214699999967, 45.2249895], [15.833381700000041, 45.22107839999996], [15.832521899999955, 45.21806539999998], [15.826948500000041, 45.219374], [15.832066, 45.21273420000003], [15.826983199999981, 45.207610400000014], [15.81511880000002, 45.210986], [15.805133099999983, 45.2087577], [15.809528699999968, 45.205616699999986], [15.803749099999957, 45.20424740000002], [15.801548699999971, 45.198097], [15.78493880000003, 45.19186139999998], [15.776558500000041, 45.183897499999986], [15.777657899999967, 45.17640940000001], [15.767679700000018, 45.17088260000004], [15.764668299999988, 45.1626991], [15.769751099999988, 45.15076329999999], [15.775915300000024, 45.14625520000002], [15.775129899999966, 45.13937039999996], [15.781820699999964, 45.135861599999984], [15.777611599999956, 45.13090070000003], [15.779275100000016, 45.1278591], [15.790263100000027, 45.12005990000004], [15.7909939, 45.114994], [15.780985799999984, 45.106745299999986], [15.7788863, 45.09514129999999], [15.7693873, 45.091320699999976], [15.774458, 45.083891100000045], [15.768996399999983, 45.0813153], [15.770951899999956, 45.076506], [15.7523581, 45.06496409999996], [15.741411699999967, 45.0618773], [15.753004099999982, 45.056138199999964], [15.75338670000002, 45.047396], [15.7732883, 45.00585510000002], [15.7784515, 45.00751280000004], [15.7816698, 45.00319349999997], [15.778925599999964, 45.001571200000036], [15.786380600000042, 44.993971], [15.782982399999982, 44.9931141], [15.7805062, 44.98404089999997], [15.7835827, 44.9758325], [15.778867, 44.968767899999975], [15.770756, 44.97162190000004], [15.749298299999962, 44.9676369], [15.7455245, 44.95483759999997], [15.750253200000012, 44.951193099999955], [15.736413500000038, 44.93583119999998], [15.7459291, 44.92570749999998], [15.760609, 44.8873715], [15.760233, 44.86963779999998], [15.79343039999999, 44.84660359999997], [15.762085199999957, 44.829524800000044], [15.7287433, 44.825317199999986], [15.742770400000031, 44.80923689999999], [15.740787700000029, 44.80073140000003], [15.779063900000038, 44.75712760000002], [15.7807874, 44.7502078], [15.810227399999958, 44.73896050000002], [15.815086199999987, 44.726177], [15.8193254, 44.7228628], [15.834879599999988, 44.713946399999976], [15.8528022, 44.73637260000003], [15.864631800000021, 44.73363970000004], [15.8649503, 44.72920090000004], [15.870972900000039, 44.72684709999997], [15.87421829999998, 44.730874300000025], [15.880870100000037, 44.72864829999997], [15.884260199999959, 44.734596299999964], [15.883061199999963, 44.74241080000004], [15.8941258, 44.74941119999998], [15.902303500000018, 44.74576789999998], [15.901402100000043, 44.74168060000002], [15.9265065, 44.717636600000034], [15.932379600000028, 44.70755709999997], [15.9380137, 44.71099830000003], [15.9545503, 44.711169299999966], [15.956427599999982, 44.7042587], [15.953171300000028, 44.69925839999998], [15.9592028, 44.69242279999999], [15.965932500000028, 44.69058049999997], [15.967446599999983, 44.678729300000036], [15.972893800000024, 44.672962], [16.0120057, 44.65470210000002], [16.020977499999983, 44.656933], [16.030558899999964, 44.65429579999998], [16.032184099999963, 44.64762270000003], [16.04253249999999, 44.6359926], [16.042784200000032, 44.6293618], [16.0483669, 44.6246279], [16.0547506, 44.62564180000004], [16.05482879999998, 44.611791099999955], [16.046602400000026, 44.60678010000004], [16.043601399999968, 44.599148700000015], [16.052639799999962, 44.59267309999997], [16.0474598, 44.58805609999997], [16.023593900000016, 44.5900917], [16.008874, 44.5828652], [16.026737699999988, 44.56454090000004], [16.03065430000004, 44.5545906], [16.0684081, 44.535199900000016], [16.093559500000026, 44.5344548], [16.113198799999978, 44.51595320000004], [16.1309174, 44.4927394], [16.1296348, 44.486847300000015], [16.14112549999996, 44.47979930000004], [16.13545349999997, 44.470664300000045], [16.137408, 44.462806899999975], [16.132687299999976, 44.4608342], [16.131379, 44.455283], [16.138881099999974, 44.454022799999976], [16.14348690000003, 44.448298], [16.142843, 44.443508100000045], [16.138697200000035, 44.4414777], [16.140827399999985, 44.42733659999996], [16.145668300000043, 44.41957330000004], [16.1530294, 44.422623900000026], [16.1643726, 44.4150193], [16.165725, 44.40782840000002], [16.172238, 44.40285], [16.147177699999965, 44.39288920000002], [16.125759, 44.398597], [16.119598799999984, 44.39666470000004], [16.125608799999963, 44.39365870000001], [16.131225, 44.37889140000002], [16.1683594, 44.374736300000045], [16.183454, 44.36466429999997], [16.205434700000026, 44.3605158], [16.21300529999999, 44.349421800000016], [16.2192131, 44.34833550000002], [16.21094929999996, 44.338234899999975], [16.2005824, 44.3326467], [16.19457250000003, 44.3163089], [16.18570780000002, 44.3058803], [16.191867899999984, 44.2801774], [16.190065, 44.26952710000003], [16.2072658, 44.251505399999985], [16.20007060000002, 44.25267710000003], [16.21485569999997, 44.2350893], [16.214555199999975, 44.226153599999975], [16.2106911, 44.219869100000025], [16.2190351, 44.219791199999975], [16.223870599999973, 44.2083861], [16.23100640000002, 44.2022062], [16.2440122, 44.1972758], [16.26117539999999, 44.17813369999997], [16.288846799999984, 44.16391640000002], [16.291992400000016, 44.15641840000002], [16.30968889999998, 44.144278600000014], [16.3085147, 44.1268208], [16.3160922, 44.11607170000003], [16.3589648, 44.10200210000004], [16.36296539999998, 44.098715100000035], [16.361278500000026, 44.09499719999999], [16.36918939999999, 44.0821289], [16.378263600000015, 44.0804575], [16.384022199999976, 44.083758500000016], [16.40113250000002, 44.07928609999998], [16.427686899999966, 44.0831551], [16.442209, 44.06715430000001], [16.435870799999957, 44.0549898], [16.439261099999985, 44.04265270000001], [16.436737900000026, 44.03069519999998], [16.507737, 44.02535630000002], [16.531283500000043, 44.0019033], [16.532099100000025, 43.99019230000003], [16.549380600000024, 43.96654789999999], [16.548499, 43.959939], [16.5554045, 43.952044399999984], [16.58757969999996, 43.943131], [16.59067950000002, 43.9373845], [16.5997638, 43.9347524], [16.609955899999967, 43.917159099999964], [16.646694799999967, 43.8871041], [16.710302299999974, 43.85486479999999], [16.719959900000042, 43.8320777], [16.717621, 43.82995519999997], [16.7202429, 43.82565369999996], [16.719073599999984, 43.807244], [16.72634619999998, 43.799927], [16.7247223, 43.796218400000036], [16.75227639999997, 43.77010890000004], [16.7999317, 43.7630301], [16.812234600000014, 43.75434029999999], [16.82605249999996, 43.728437], [16.86419, 43.7116105], [16.87885540000003, 43.695237800000044], [16.893935200000026, 43.69363910000002], [16.916228800000038, 43.66240820000003], [16.93216219999996, 43.647927899999985], [16.93363949999998, 43.63620679999998], [16.96331829999998, 43.62079920000004], [16.9919099, 43.589914600000014], [17.0199002, 43.56888260000003], [17.051248400000013, 43.55477870000004], [17.0644473, 43.55244219999999], [17.091654, 43.53393310000003], [17.124253, 43.517851600000014], [17.1552217, 43.4925684], [17.1718484, 43.493940799999955], [17.177114399999965, 43.491462], [17.1925746, 43.4979978], [17.223016900000015, 43.497749], [17.2503619, 43.48878710000004], [17.27820359999997, 43.472117500000046], [17.285574500000017, 43.4632031], [17.294382899999988, 43.44284310000002], [17.256973500000022, 43.402785399999956], [17.266648099999987, 43.3853606], [17.28574630000002, 43.33081660000003], [17.313585300000028, 43.3039006], [17.33404950000002, 43.276838], [17.342290300000013, 43.2596667], [17.377733199999984, 43.24938709999997], [17.39814139999996, 43.239305900000026], [17.42777309999997, 43.21764419999999], [17.440304499999964, 43.19974380000003], [17.432621799999964, 43.19263770000004], [17.428877, 43.18388619999998], [17.431552400000033, 43.1785418], [17.438086300000016, 43.180288], [17.4501818, 43.17735160000003], [17.47594380000002, 43.16116270000001], [17.5541596, 43.13065090000001], [17.6387981, 43.089061200000025], [17.710335500000035, 42.973195199999964], [17.6774326, 42.9677436], [17.61328450000002, 42.941281], [17.581349693689546, 42.93827674811541], [17.576397500000024, 42.942827], [17.566232399999976, 42.94129820000001], [17.5626979, 42.94379820000001], [17.557476, 42.9401408], [17.54490389999997, 42.94537239999996], [17.54246240000002, 42.94458420000003], [17.545733300000027, 42.94181829999997], [17.544164199999962, 42.93923349999998], [17.5374267, 42.941095], [17.51152040000004, 42.9557628], [17.503852400000014, 42.963755399999975], [17.5088179, 42.9647905], [17.5073678, 42.96720070000002], [17.49306440000003, 42.96978169999997], [17.488899599999957, 42.97531989999999], [17.49262740000002, 42.977865700000045], [17.478382600000014, 42.9829394], [17.47367069999997, 42.98782769999998], [17.47373810000004, 42.99635770000001], [17.478961699999967, 42.995964100000045], [17.478979099999986, 43.002346500000016], [17.4825722, 43.00150749999996], [17.472992900000023, 43.00462770000002], [17.470702300000035, 43.00146960000002], [17.468366799999973, 43.013284499999976], [17.460868, 43.02459779999999], [17.44623290000003, 43.01882989999997], [17.440494, 43.0250349], [17.4465568, 43.021699], [17.454721099999976, 43.02561849999998], [17.460285899999977, 43.0322956], [17.459181, 43.03677289999999], [17.44513639999999, 43.034538400000024], [17.44419990000004, 43.0276883], [17.43703719999999, 43.0311148], [17.431180299999976, 43.0279127], [17.424190099999986, 43.03034430000002], [17.4231534, 43.04320970000002], [17.430335, 43.04634740000002], [17.423979599999978, 43.0461453], [17.4239873, 43.048395], [17.43591820000004, 43.05243419999996], [17.4320963, 43.05468319999997], [17.4304228, 43.05245980000004], [17.424098599999965, 43.0632175], [17.4188766, 43.054598499999976], [17.422474699999984, 43.050275100000015], [17.417789600000027, 43.04507459999996], [17.41857679999997, 43.04151509999996], [17.40852980000001, 43.040179500000036], [17.39933519999997, 43.0479187], [17.396855100000025, 43.054948299999964], [17.378045, 43.063813], [17.36182039999999, 43.0846628], [17.355984, 43.08376350000001], [17.34764690000002, 43.1008989], [17.33915839999996, 43.1043115], [17.33586780000001, 43.11212530000002], [17.3209672, 43.11967], [17.3016053, 43.121961], [17.298241300000022, 43.1265661], [17.2868935, 43.12932840000001], [17.282223300000027, 43.13848239999998], [17.2621967, 43.14653319999997], [17.26043809999998, 43.1510313], [17.25283650000003, 43.1506771], [17.2482803, 43.1554034], [17.24210940000002, 43.153437300000036], [17.23104349999996, 43.15748139999998], [17.228756, 43.16171809999996], [17.20468480000004, 43.16966670000002], [17.186307699999986, 43.16918], [17.1817241, 43.17385340000004], [17.168981700000035, 43.17625970000001], [17.153456599999966, 43.19245979999997], [17.1442113, 43.195969500000025], [17.138023100000016, 43.1936462], [17.112907899999957, 43.20737930000003], [17.1064956, 43.226754], [17.0771377, 43.233689700000035], [17.075682899999972, 43.24157520000003], [17.062225700000027, 43.24907689999998], [17.06336120000001, 43.25313119999996], [17.053297199999978, 43.26969349999997], [17.01885170000002, 43.2870494], [17.018834899999963, 43.29435719999997], [17.014978099999972, 43.29473160000004], [17.01614609999998, 43.29201159999996], [17.008365100000017, 43.294720900000044], [17.012854699999963, 43.295471300000045], [17.012652, 43.299822700000014], [17.001124800000028, 43.305031100000015], [16.992870399999976, 43.31695850000004], [16.9584161, 43.34247809999999], [16.9482225, 43.3535467], [16.947660500000033, 43.3582237], [16.92263529999996, 43.36985409999996], [16.913830799999957, 43.3803315], [16.904451, 43.38310939999999], [16.890214600000025, 43.3938688], [16.88620149999998, 43.40105089999997], [16.86857910000002, 43.397449], [16.807664100000036, 43.405047], [16.7771797, 43.4054169], [16.764167099999977, 43.4091161], [16.74999280000003, 43.40730489999998], [16.711237299999976, 43.419512900000036], [16.70341880000002, 43.4342038], [16.694408799999977, 43.44254890000001], [16.686636400000015, 43.43704359999996], [16.6873909, 43.43926479999998], [16.665572499999964, 43.438289600000026], [16.651751, 43.4413905], [16.6394107, 43.436994399999975], [16.639673200000043, 43.444066800000016], [16.629446, 43.4457325], [16.6231844, 43.45298249999998], [16.6026279, 43.46047719999997], [16.5993419, 43.458561700000025], [16.601121599999985, 43.460612499999975], [16.5954893, 43.4599258], [16.588023700000015, 43.464502699999976], [16.581901299999974, 43.46311559999996], [16.5695837, 43.473194100000036], [16.56455820000003, 43.47365660000003], [16.553662, 43.48339649999998], [16.53617959999996, 43.4915562], [16.538698, 43.491335599999964], [16.531966, 43.50386360000003], [16.52307240000002, 43.500909], [16.5264084, 43.499416799999985], [16.523846400000025, 43.49771040000002], [16.497449399999958, 43.5022873], [16.465112600000037, 43.502081600000025], [16.46259, 43.499468800000024], [16.457800599999977, 43.49858469999997], [16.46274450000003, 43.500888299999964], [16.436105600000023, 43.50099479999999], [16.44249180000004, 43.503693800000015], [16.43689050000004, 43.50797109999998], [16.4275187, 43.502516699999966], [16.43261030000001, 43.50268720000004], [16.42958909999997, 43.5006042], [16.38792949999997, 43.50768209999996], [16.402594500000017, 43.51583069999996], [16.425883499999966, 43.51622369999997], [16.4282241, 43.52076019999998], [16.42085, 43.5225284], [16.42402109999997, 43.52642679999997], [16.431001699999964, 43.52429250000003], [16.432796, 43.527470399999984], [16.423223499999967, 43.52708509999999], [16.427128899999982, 43.52860870000002], [16.44151409999997, 43.530047], [16.440009, 43.52553909999997], [16.44368440000004, 43.5261717], [16.444153799999977, 43.52365580000002], [16.44663659999997, 43.53046629999997], [16.4490899, 43.5276477], [16.473103200000022, 43.5274265], [16.4609589, 43.5310193], [16.47748429999996, 43.53214480000003], [16.468659300000038, 43.5373228], [16.439381700000016, 43.538816500000046], [16.436670599999964, 43.544243], [16.4281103, 43.54566040000001], [16.406071400000016, 43.5439288], [16.40622779999999, 43.54615159999997], [16.405422100000028, 43.54481460000002], [16.40373379999996, 43.5445578], [16.399520100000014, 43.5446974], [16.403836899999963, 43.54607050000001], [16.391966, 43.5485296], [16.3478171, 43.55105020000001], [16.3098372, 43.53913950000004], [16.30242640000002, 43.527955599999984], [16.29469789999996, 43.52437730000003], [16.272781199999958, 43.52568880000001], [16.276454599999962, 43.5244477], [16.243707799999957, 43.515188700000046], [16.22246720000003, 43.51788290000003], [16.20816, 43.5100688], [16.1987725, 43.51159880000002], [16.1832611, 43.5069623], [16.1802339, 43.50867749999998], [16.185774300000016, 43.5118196], [16.16089659999998, 43.512210700000026], [16.156704400000038, 43.5157132], [16.144525099999957, 43.51483540000003], [16.13143129999997, 43.520225599999975], [16.1275307, 43.51578689999998], [16.118791299999963, 43.517516], [16.115826, 43.513061499999985], [16.109997499999956, 43.51367720000004], [16.12401340000003, 43.509664700000044], [16.13023009999997, 43.51094420000004], [16.13217839999997, 43.50741460000003], [16.141199200000017, 43.505335400000035], [16.1506047, 43.50577909999998], [16.156760299999956, 43.50360480000002], [16.15488920000004, 43.5018677], [16.1738492, 43.500311400000015], [16.17353710000003, 43.49673209999998], [16.1769449, 43.495078400000025], [16.174251100000042, 43.49386530000002], [16.177184899999958, 43.49243059999997], [16.17073909999998, 43.485813], [16.132799799999958, 43.480948899999966], [16.110467300000014, 43.48857059999998], [16.112743300000037, 43.48408239999997], [16.1288855, 43.47805460000003], [16.1139279, 43.47092729999998], [16.092315799999973, 43.472651], [16.08598740000003, 43.47856030000004], [16.078145900000035, 43.47921840000004], [16.08065, 43.48335459999997], [16.075284900000014, 43.4809912], [16.066889700000036, 43.48547550000004], [16.06679720000002, 43.4817888], [16.059430499999966, 43.4753299], [16.04721970000003, 43.4807766], [16.037529899999964, 43.47782859999998], [16.0433174, 43.490166899999984], [16.026626, 43.49280539999998], [16.02134649999996, 43.491102599999955], [16.02092440000003, 43.485693], [16.0145251, 43.48489629999999], [16.01911059999997, 43.491439400000026], [16.016846, 43.5019944], [16.012216, 43.5023637], [16.014522400000036, 43.49760840000001], [16.00465549999997, 43.494640300000015], [16.0060663, 43.49067], [16.000368299999984, 43.4867718], [15.9936014, 43.49148809999997], [16.0015074, 43.499243], [15.98731269999996, 43.49979789999998], [15.986724, 43.506611], [15.983089, 43.503501199999974], [15.983984800000032, 43.498727], [15.980126800000031, 43.49964439999999], [15.9782832, 43.49542889999998], [15.969782900000022, 43.4939338], [15.974454600000024, 43.50020740000003], [15.973253300000016, 43.50593359999997], [15.96262510000002, 43.4986892], [15.96053149999999, 43.50319109999999], [15.9516348, 43.505363200000026], [15.95225890000003, 43.508656400000014], [15.964467599999969, 43.50904720000002], [15.95111159999996, 43.5161692], [15.95218590000003, 43.51814319999998], [15.974784200000029, 43.509372], [15.973391199999968, 43.513098899999974], [15.990456700000037, 43.51798009999999], [15.9826426, 43.5240088], [15.980750799999969, 43.535041399999976], [15.99465, 43.53801579999997], [15.978399, 43.541354], [15.971391, 43.53974949999997], [15.975395, 43.53412], [15.968136, 43.530154899999964], [15.975624, 43.525328], [15.972994, 43.520409], [15.968989, 43.520159], [15.966239, 43.532809], [15.960383, 43.532094], [15.96340550000002, 43.52633070000001], [15.961631100000021, 43.52220450000002], [15.960069, 43.526989], [15.953638, 43.527263], [15.960803, 43.540294], [15.952392, 43.540317], [15.938534299999988, 43.547508599999986], [15.934604700000014, 43.544772], [15.9269894, 43.5509931], [15.924134600000043, 43.556377800000014], [15.927812, 43.559574], [15.946045, 43.558386], [15.938218, 43.563946], [15.943459600000013, 43.570368599999966], [15.9374514, 43.569987699999984], [15.933944, 43.564109], [15.917577, 43.570894], [15.916649, 43.575013], [15.931980400000038, 43.57975430000001], [15.933268300000018, 43.5865233], [15.918977, 43.58409], [15.9234577, 43.58792770000002], [15.917222, 43.591906], [15.922748, 43.589814], [15.926222, 43.597003], [15.920887, 43.599823], [15.919273, 43.607359], [15.925879, 43.608327], [15.924082, 43.611211], [15.927249, 43.612328], [15.91709, 43.62006], [15.922394, 43.623612], [15.912238, 43.627437], [15.920167, 43.633273], [15.930299, 43.630019], [15.974561, 43.630557], [15.961073, 43.633884600000044], [15.9575205, 43.63758330000001], [15.956107, 43.635255], [15.946921, 43.635908], [15.93699990000004, 43.643749], [15.916509, 43.641174], [15.905663, 43.643943], [15.90241229999996, 43.64845269999998], [15.907945, 43.645998], [15.91938, 43.650443], [15.921042, 43.647697], [15.931221, 43.649684], [15.926497, 43.654705], [15.938763, 43.647927], [15.94044, 43.643789], [15.942913, 43.645117], [15.946108, 43.640594], [15.950639, 43.640169], [15.947047, 43.6456], [15.95065119999997, 43.6526449], [15.943555200000018, 43.65654610000003], [15.948203699999967, 43.6595793], [15.939714300000011, 43.659701299999966], [15.939250299999989, 43.66591320000004], [15.932219099999982, 43.66764719999998], [15.928515, 43.672380400000016], [15.94754559999996, 43.671019899999976], [15.947121400000034, 43.67669710000004], [15.9576601, 43.68120709999999], [15.957395400000033, 43.6859948], [15.94497850000001, 43.6931751], [15.9386256, 43.69273020000004], [15.9463652, 43.680091400000045], [15.9440058, 43.67386549999997], [15.938655199999955, 43.672057700000046], [15.92941130000001, 43.6760257], [15.926070199999968, 43.67187449999999], [15.893685199999966, 43.69967850000003], [15.88877050000002, 43.69371489999998], [15.88012419999996, 43.69505249999999], [15.875930100000039, 43.69884750000002], [15.878707100000037, 43.7005874], [15.874131299999975, 43.70004120000002], [15.8556155, 43.715610600000026], [15.8601348, 43.719431599999986], [15.858966799999989, 43.7241164], [15.886096899999961, 43.7276114], [15.89050520000002, 43.718211], [15.899710599999976, 43.7133034], [15.9056824, 43.7160547], [15.894249699999955, 43.72347790000002], [15.906250800000036, 43.7200951], [15.88853460000004, 43.73516360000003], [15.888689599999987, 43.74010590000004], [15.851120899999986, 43.76255930000004], [15.8473188, 43.76248639999996], [15.84856460000004, 43.7593524], [15.868880099999986, 43.74625169999997], [15.879889199999967, 43.729345], [15.861308799999966, 43.72725130000004], [15.856258199999965, 43.73206929999998], [15.855722100000017, 43.72494970000003], [15.84652480000002, 43.72745539999996], [15.850215, 43.721476199999955], [15.8073413, 43.73972140000002], [15.805096499999975, 43.7439485], [15.798907700000035, 43.74404440000004], [15.782367, 43.758163600000046], [15.777952, 43.75603609999997], [15.77799809999996, 43.75883059999999], [15.772048700000022, 43.751857900000026], [15.7688731, 43.7541858], [15.7475866, 43.75052419999999], [15.749872500000043, 43.752348400000024], [15.74626039999996, 43.7521698], [15.748377900000014, 43.75284120000003], [15.7454558, 43.7556726], [15.7413992, 43.75413670000002], [15.73712080000003, 43.75946960000002], [15.7268229, 43.759437], [15.727060300000021, 43.762479900000045], [15.73119879999996, 43.76210920000001], [15.729621500000016, 43.764678100000026], [15.718937, 43.762488], [15.6992373, 43.768836899999954], [15.69410349999996, 43.76481279999998], [15.696167, 43.77064919999998], [15.687753099999972, 43.77639150000002], [15.68387039999997, 43.7750999], [15.686669899999965, 43.777468200000015], [15.683699699999968, 43.7841587], [15.67346270000001, 43.7870678], [15.673690400000021, 43.79076280000001], [15.660001700000018, 43.799678599999986], [15.655750199999966, 43.79662769999997], [15.649543499999966, 43.8012878], [15.6462034, 43.798612200000036], [15.638294300000014, 43.80061640000004], [15.615378799999972, 43.815357], [15.617323300000011, 43.81974], [15.614432800000037, 43.822753399999975], [15.627482, 43.81599030000003], [15.6305986, 43.8101019], [15.6377134, 43.81765620000002], [15.643313900000026, 43.814346], [15.652163600000039, 43.81635620000002], [15.667250099999967, 43.80718560000001], [15.674691399999977, 43.80719860000002], [15.6807555, 43.797048200000035], [15.682789399999967, 43.80258620000004], [15.676950500000023, 43.8134223], [15.6834456, 43.816758800000024], [15.66294310000003, 43.816372500000035], [15.662609, 43.820038400000044], [15.657542700000041, 43.8204372], [15.655348200000011, 43.82523649999999], [15.639634599999978, 43.8342203], [15.632924, 43.834068200000026], [15.624950799999974, 43.843772200000025], [15.589145300000022, 43.84846149999997], [15.581280599999973, 43.8574884], [15.574118699999987, 43.8583526], [15.577903299999955, 43.86371160000002], [15.575405200000029, 43.86705819999999], [15.567033599999961, 43.8589193], [15.567785, 43.86382740000001], [15.559656400000014, 43.859864600000044], [15.563802100000016, 43.86533580000003], [15.5576704, 43.8683003], [15.559016199999979, 43.872058], [15.553963100000038, 43.871195600000014], [15.543979700000014, 43.87881620000003], [15.534255, 43.880966400000034], [15.535398199999987, 43.8842551], [15.52872529999996, 43.88659960000001], [15.535701699999963, 43.8903008], [15.52386279999998, 43.899453], [15.509652, 43.906126], [15.497017300000019, 43.90759770000004], [15.488473800000028, 43.91498569999999], [15.47754810000002, 43.914302], [15.478204, 43.9186678], [15.46904909999998, 43.91481310000001], [15.455728699999986, 43.922957099999984], [15.4509777, 43.9301753], [15.438988, 43.93746479999999], [15.440109, 43.9421044], [15.444107100000041, 43.93869359999996], [15.445504400000013, 43.941568], [15.44037, 43.94244549999998], [15.445206100000023, 43.94414640000002], [15.4394854, 43.95164069999998], [15.4263797, 43.96033559999997], [15.404495, 43.968646299999975], [15.39384470000003, 43.9780392], [15.3931175, 43.983544], [15.385865600000018, 43.99148240000002], [15.368135799999964, 43.99965949999998], [15.36095080000002, 44.01421109999997], [15.345922, 44.02837150000001], [15.329397299999984, 44.036602399999985], [15.307641299999956, 44.03754240000004], [15.307488099999981, 44.04136670000001], [15.29919459999998, 44.04337210000003], [15.300961299999964, 44.046029199999964], [15.308727899999978, 44.0434566], [15.3105896, 44.04497829999996], [15.30674609999996, 44.0476624], [15.311230700000026, 44.04744280000004], [15.308314599999976, 44.04865819999997], [15.310538400000032, 44.0517918], [15.2987086, 44.05186220000004], [15.305741200000037, 44.05338559999996], [15.295756900000027, 44.05760080000003], [15.298410300000013, 44.05078880000004], [15.287026799999962, 44.057786899999975], [15.281301299999987, 44.063189], [15.279245499999975, 44.06818339999999], [15.2838766, 44.068482500000044], [15.27622130000004, 44.078153599999986], [15.275419100000013, 44.08556], [15.265171599999986, 44.0865514], [15.26885429999996, 44.088275800000034], [15.259842600000043, 44.089699200000034], [15.255396599999974, 44.09447070000004], [15.259685899999957, 44.09459889999999], [15.249929299999957, 44.09993330000002], [15.253417, 44.09585220000003], [15.249782599999987, 44.09763740000004], [15.249944200000035, 44.09416629999998], [15.227136400000022, 44.11009590000004], [15.228450799999974, 44.112032100000015], [15.2264319, 44.1102694], [15.219402, 44.11762209999997], [15.222052899999964, 44.118945], [15.234490700000029, 44.11172], [15.228302599999969, 44.117903399999975], [15.23058240000004, 44.120127300000036], [15.224444300000032, 44.11893709999997], [15.222732200000037, 44.12275720000003], [15.225278, 44.125127], [15.2033238, 44.13098869999997], [15.213047599999955, 44.1378099], [15.210843700000035, 44.14570159999998], [15.174110200000039, 44.174106800000025], [15.156206499999984, 44.180452199999955], [15.161348800000022, 44.1816056], [15.161142, 44.186314], [15.1424826, 44.195161799999966], [15.15621970000001, 44.19890340000001], [15.16024239999996, 44.20302440000002], [15.158369399999975, 44.2158703], [15.163248099999963, 44.218558], [15.1670152, 44.2155676], [15.163580400000013, 44.220702599999974], [15.16796289999998, 44.227512699999984], [15.146634100000037, 44.236673299999964], [15.1470974, 44.24007140000002], [15.132916300000025, 44.24008850000001], [15.1310106, 44.242845400000036], [15.133442799999978, 44.248303], [15.124655, 44.24942790000004], [15.129668499999974, 44.25482080000003], [15.1112022, 44.2593193], [15.113621599999986, 44.26453750000002], [15.125036200000034, 44.267715299999956], [15.12668820000003, 44.27653909999996], [15.130232099999978, 44.27835390000001], [15.132365099999982, 44.273989500000035], [15.1402359, 44.27988160000003], [15.14540859999998, 44.2776947], [15.153064, 44.268447499999965], [15.15663559999996, 44.2686992], [15.176820500000025, 44.250909299999954], [15.17797, 44.2479386], [15.171381400000032, 44.25097580000004], [15.179976899999973, 44.245811500000045], [15.176518900000028, 44.243771099999975], [15.182859, 44.23995619999999], [15.185877300000032, 44.23871619999998], [15.182967599999978, 44.23998619999998], [15.187284500000024, 44.24233569999996], [15.182042800000021, 44.241238], [15.181022, 44.243847], [15.18453320000002, 44.24623740000003], [15.187985500000027, 44.242648399999986], [15.189698099999974, 44.24715310000003], [15.180040299999979, 44.24798390000002], [15.202246400000034, 44.2469391], [15.213571699999976, 44.25681989999997], [15.203988, 44.2721879], [15.196584399999983, 44.2744323], [15.190901900000013, 44.28155060000001], [15.196761199999957, 44.28672539999999], [15.213556300000034, 44.2801346], [15.216066900000017, 44.28399810000001], [15.206408200000036, 44.29110250000004], [15.209691900000037, 44.29224360000004], [15.2284587, 44.2811178], [15.232921899999988, 44.28190119999998], [15.2407539, 44.272391499999976], [15.2605086, 44.258766600000016], [15.285056199999984, 44.24616369999997], [15.298959299999963, 44.248324400000044], [15.3000279, 44.256485], [15.291828200000039, 44.2601136], [15.293324899999975, 44.2623227], [15.28756349999996, 44.266321800000036], [15.28825780000003, 44.2711927], [15.281627399999968, 44.27943910000001], [15.284202499999958, 44.2814741], [15.301706399999974, 44.27868819999996], [15.3071781, 44.282384700000016], [15.3062903, 44.28777450000001], [15.28278019999996, 44.302339], [15.27161690000001, 44.314227099999975], [15.260925600000034, 44.3187466], [15.2585873, 44.32393769999999], [15.264414699999977, 44.32728190000002], [15.2657558, 44.33217060000003], [15.2717854, 44.329185300000034], [15.276259299999987, 44.332585100000045], [15.275368900000034, 44.32682910000003], [15.2800788, 44.32357479999998], [15.29278179999998, 44.32084990000003], [15.3307221, 44.30129890000001], [15.3333801, 44.297571100000035], [15.328397, 44.29226849999997], [15.3720007, 44.274872199999976], [15.401458199999988, 44.25805349999999], [15.4175386, 44.254216], [15.427610200000034, 44.260693], [15.442988699999963, 44.262997], [15.4626162, 44.25596659999998], [15.464266599999958, 44.25885050000003], [15.471089799999985, 44.254566899999986], [15.47890830000003, 44.255335], [15.478076899999985, 44.252288700000044], [15.490596599999988, 44.25346920000002], [15.49344, 44.24966439999998], [15.50357549999997, 44.2507618], [15.504979200000028, 44.247933], [15.512437400000016, 44.24899520000003], [15.5212857, 44.24491910000002], [15.520212799999959, 44.237636399999985], [15.5253659, 44.22652350000003], [15.5362593, 44.2191883], [15.517234299999986, 44.22067980000004], [15.50814150000002, 44.213641199999955], [15.472580100000014, 44.21032769999998], [15.4695839, 44.2083195], [15.47066249999998, 44.2034289], [15.479112699999979, 44.2017488], [15.49662670000003, 44.18856869999997], [15.524919099999982, 44.17592420000003], [15.542152800000023, 44.18677980000001], [15.546061499999956, 44.1851243], [15.545176099999972, 44.18197659999996], [15.549501099999977, 44.17981130000004], [15.545286699999975, 44.1881568], [15.548200700000029, 44.190931599999985], [15.5690296, 44.189770600000024], [15.576859199999985, 44.18273840000003], [15.5897291, 44.178409200000026], [15.5932821, 44.1802026], [15.598004, 44.169381700000045], [15.605033500000024, 44.166757099999955], [15.60619910000001, 44.16230860000004], [15.602202099999966, 44.161329700000046], [15.605809500000015, 44.15609689999998], [15.601248400000015, 44.155588899999955], [15.5999815, 44.14489260000001], [15.6117111, 44.13221259999998], [15.618150299999959, 44.12898349999997], [15.619188499999973, 44.1324469], [15.629238099999968, 44.13427220000004], [15.630660599999983, 44.138114499999986], [15.6274211, 44.14151179999997], [15.632446699999972, 44.1441358], [15.609030900000013, 44.161729], [15.6057406, 44.1699361], [15.59940760000003, 44.17006410000002], [15.5965819, 44.1801671], [15.606022300000037, 44.184922299999975], [15.5957136, 44.191726], [15.59003349999997, 44.201377800000024], [15.5413196, 44.219241300000036], [15.528172, 44.22699460000002], [15.52290910000003, 44.237613899999985], [15.524768100000012, 44.24493870000004], [15.522151300000035, 44.2479514], [15.535560299999988, 44.2462608], [15.5377686, 44.2485461], [15.533734099999966, 44.25572130000002], [15.54152610000004, 44.2585303], [15.536776900000019, 44.261273699999975], [15.531211499999968, 44.2596724], [15.525800399999982, 44.2690543], [15.50490850000004, 44.27388960000003], [15.49519, 44.26936429999997], [15.478104599999968, 44.26786679999997], [15.476240800000033, 44.277451], [15.463241499999961, 44.283905199999964], [15.45354069999996, 44.27928939999997], [15.4382755, 44.29506589999997], [15.430189899999961, 44.298757100000024], [15.427797099999955, 44.30428750000002], [15.408395899999986, 44.31720440000002], [15.339610500000015, 44.337140099999985], [15.321266500000034, 44.349308399999956], [15.314736500000018, 44.34917569999999], [15.312205, 44.35303950000003], [15.3083267, 44.35083780000002], [15.30712050000003, 44.356542599999976], [15.303313399999977, 44.358465900000034], [15.293355, 44.35977760000003], [15.2903507, 44.36338950000001], [15.285786199999988, 44.3610804], [15.282451699999958, 44.36568060000004], [15.27724559999997, 44.36552790000002], [15.2142138, 44.42631010000002], [15.190495200000024, 44.43569], [15.1799225, 44.44535440000004], [15.187416700000037, 44.44314410000003], [15.18561190000001, 44.44609], [15.179362300000014, 44.45034150000003], [15.174816200000011, 44.44685380000002], [15.174336700000039, 44.452193499999964], [15.169877500000032, 44.452339], [15.1708605, 44.45538509999998], [15.160335700000042, 44.458747700000025], [15.161342600000042, 44.46245230000004], [15.149789099999959, 44.46193619999997], [15.146852299999972, 44.467129100000015], [15.145037800000031, 44.4646502], [15.141939099999972, 44.4696912], [15.135493700000028, 44.47149510000004], [15.132991300000013, 44.47406380000003], [15.136938400000014, 44.47636830000002], [15.1301314, 44.47714609999998], [15.129067100000041, 44.482022300000025], [15.124408599999976, 44.482284], [15.115421799999988, 44.49822190000004], [15.108435200000029, 44.502697900000015], [15.109532200000023, 44.505193099999964], [15.099788500000026, 44.51064480000002], [15.100862499999982, 44.513778599999966], [15.09799109999999, 44.5121217], [15.092827699999981, 44.517920199999985], [15.083358400000039, 44.519331200000025], [15.079089200000032, 44.52539070000002], [15.0726342, 44.52391370000002], [15.065359199999987, 44.53038780000003], [15.067355599999969, 44.53353290000002], [15.061640499999966, 44.53432669999997], [15.045776800000036, 44.549680399999986], [15.028542899999978, 44.55702220000002], [15.027974, 44.56037289999997], [15.022303, 44.55967729999997], [15.0217642, 44.563779600000025], [15.014954899999958, 44.55930210000001], [15.007863600000041, 44.56354729999999], [15.004603899999983, 44.57028], [14.988165899999965, 44.574030599999986], [14.991475599999985, 44.5784802], [14.985701399999977, 44.5766823], [14.986141299999959, 44.58183840000003], [14.982039, 44.58274569999996], [14.97896659999998, 44.59305930000004], [14.974079600000016, 44.59573420000003], [14.975915, 44.59877459999997], [14.97104869999997, 44.59836320000004], [14.9683226, 44.6006265], [14.971109400000019, 44.60166060000002], [14.965321799999968, 44.60543659999998], [14.967307, 44.609595900000045], [14.96473310000002, 44.61115630000001], [14.968158799999957, 44.6134384], [14.963951800000034, 44.613131500000016], [14.963226, 44.62493359999998], [14.958552799999984, 44.62878050000003], [14.961932899999967, 44.6307896], [14.9545985, 44.631344700000014], [14.952797400000021, 44.63698859999999], [14.944171400000043, 44.63878070000003], [14.945246299999985, 44.6423732], [14.938776599999985, 44.6431396], [14.93985180000004, 44.645962499999975], [14.930502, 44.6505754], [14.9319357, 44.6539117], [14.928701899999956, 44.6528835], [14.928697, 44.65698860000003], [14.9258203, 44.65775649999997], [14.9268915, 44.663401699999966], [14.93084669999996, 44.662891], [14.925808700000024, 44.66673640000001], [14.92805240000004, 44.6696057], [14.920998799999955, 44.670924699999986], [14.91970310000004, 44.676007], [14.913074699999965, 44.679711], [14.914342599999978, 44.68180240000002], [14.908657300000042, 44.683725], [14.912162499999985, 44.689502200000014], [14.903607, 44.6881323], [14.904509, 44.6910897], [14.8961866, 44.6963978], [14.903546899999979, 44.700093299999956], [14.894555, 44.6999145], [14.8978117, 44.70593], [14.891917800000035, 44.70851249999997], [14.894021899999958, 44.7117719], [14.889227800000041, 44.71643769999996], [14.891719, 44.719407], [14.889563899999962, 44.72121379999999], [14.898701199999968, 44.7200052], [14.898299799999974, 44.72709419999999], [14.891899300000015, 44.72802909999998], [14.894154700000021, 44.735428800000015], [14.8977955, 44.734225], [14.89897890000003, 44.742702], [14.89004110000001, 44.751072699999966], [14.8915159, 44.75422859999996], [14.885924800000042, 44.766811], [14.8884017, 44.76856340000004], [14.885271, 44.77041820000003], [14.8833963, 44.7804052], [14.887397500000036, 44.784344399999966], [14.881292199999988, 44.7838521], [14.879245099999986, 44.79134439999997], [14.881732199999979, 44.79810489999996], [14.878917300000042, 44.7989201], [14.8798057, 44.802236300000025], [14.884019100000016, 44.80192649999997], [14.8799172, 44.805497], [14.882375, 44.80732150000004], [14.88010389999999, 44.81336829999996], [14.885336, 44.817448100000014], [14.880242, 44.81814380000002], [14.880515, 44.82270180000003], [14.884867, 44.8257737], [14.8812323, 44.8357094], [14.8865586, 44.83635180000003], [14.881548, 44.83952610000004], [14.8820737, 44.844462600000014], [14.885214900000014, 44.843587099999965], [14.887348200000043, 44.84758389999999], [14.884100199999976, 44.848606799999985], [14.88488279999998, 44.8591301], [14.88886719999996, 44.854146699999966], [14.894339300000018, 44.860114199999984], [14.895801300000015, 44.867427300000045], [14.892458199999984, 44.87957059999999], [14.898238599999972, 44.88252239999997], [14.89572420000003, 44.8861338], [14.902398, 44.8967321], [14.906780800000034, 44.89647570000002], [14.9033046, 44.89859350000001], [14.906613200000022, 44.9072294], [14.911421, 44.903468799999985], [14.913957199999976, 44.92024420000003], [14.91666390000002, 44.92231070000004], [14.914178, 44.92578579999998], [14.919882400000043, 44.928958700000045], [14.92519389999996, 44.945625900000024], [14.9232836, 44.947030100000035], [14.927946100000037, 44.95138940000003], [14.925067900000014, 44.959559200000015], [14.921093200000039, 44.9617811], [14.921681400000034, 44.967844100000015], [14.9173818, 44.971791], [14.919252499999972, 44.973728299999976], [14.8962348, 44.98960769999996], [14.90088689999998, 44.99099650000003], [14.89904760000003, 44.998865100000046], [14.889145, 45.01161579999997], [14.890522200000026, 45.0142333], [14.88421870000001, 45.022242600000034], [14.8858534, 45.02568190000003], [14.881355, 45.03072930000003], [14.8813975, 45.036698099999974], [14.875333800000016, 45.039915700000016], [14.877025, 45.04517140000002], [14.862004099999963, 45.06797920000003], [14.85509940000003, 45.07285670000001], [14.8570936, 45.077724], [14.852570699999971, 45.0849533], [14.84639370000003, 45.0872817], [14.84201270000001, 45.096922700000036], [14.839184599999959, 45.09645560000002], [14.844522700000033, 45.103830699999975], [14.8400375, 45.108265900000035], [14.8473529, 45.11521440000004], [14.834274, 45.1079478], [14.8310912, 45.11095490000004], [14.833979300000037, 45.1166567], [14.827850800000023, 45.112994400000034], [14.819620700000028, 45.11619909999998], [14.814359600000019, 45.1142392], [14.808290699999963, 45.12172580000003], [14.7903945, 45.123278100000036], [14.784166800000035, 45.12980069999997], [14.785195399999965, 45.12721249999996], [14.767342799999964, 45.129934], [14.740191800000039, 45.138233], [14.73667849999996, 45.1436292], [14.7160665, 45.1538132], [14.7192879, 45.1573608], [14.713952300000036, 45.16189120000003], [14.6946726, 45.169701500000016], [14.697132699999974, 45.170685800000015], [14.687780300000023, 45.17171279999999], [14.690225899999957, 45.172929], [14.677011400000021, 45.18539169999998], [14.655111800000013, 45.200816199999984], [14.648262499999957, 45.20081130000003], [14.648115300000034, 45.20486419999999], [14.63355280000003, 45.21245740000004], [14.6244216, 45.213551299999956], [14.61763780000003, 45.2195149], [14.612359600000028, 45.217847200000044], [14.609508799999963, 45.22278839999996], [14.61653449999996, 45.226021600000045], [14.611703099999977, 45.227721099999975], [14.611374399999958, 45.23309059999998], [14.58300439999998, 45.24927450000003], [14.572503699999965, 45.2488008], [14.576799400000032, 45.253321500000034], [14.57524869999998, 45.2573337], [14.5624674, 45.26532849999998], [14.56005159999996, 45.27318189999998], [14.568209400000013, 45.27163609999998], [14.562095200000028, 45.2768081], [14.56629049999996, 45.278032699999976], [14.564946799999982, 45.282104199999964], [14.58122820000001, 45.27900250000001], [14.5812131, 45.28168979999996], [14.558416, 45.298054300000025], [14.53548410000001, 45.306655700000015], [14.560312699999981, 45.28419209999997], [14.5560653, 45.282139599999965], [14.55733789999996, 45.27953769999998], [14.551277499999985, 45.279625799999984], [14.55279529999998, 45.277764], [14.542076500000038, 45.27782840000003], [14.49733480000002, 45.29492139999998], [14.488085299999968, 45.303006100000026], [14.488343500000015, 45.30802929999998], [14.476757700000013, 45.31100059999998], [14.48327529999998, 45.31511150000003], [14.481497300000038, 45.31618370000002], [14.474119200000017, 45.311743399999976], [14.460832699999985, 45.32030820000004], [14.437645099999989, 45.321694299999976], [14.442759, 45.32143820000001], [14.447704099999962, 45.32686309999998], [14.443166500000041, 45.3228689], [14.437834799999964, 45.327061], [14.4209755, 45.32945549999999], [14.411557699999959, 45.3341101], [14.3801468, 45.337775100000016], [14.333725900000042, 45.35170550000003], [14.33198389999997, 45.35587380000004], [14.32138019999996, 45.35125089999999], [14.3219582, 45.347688899999966], [14.3101147, 45.3385252], [14.3109768, 45.3344429], [14.30382389999996, 45.332578900000044], [14.297890199999989, 45.3204494], [14.2918575, 45.31868649999998], [14.286050699999956, 45.3078191], [14.280972, 45.30591129999997], [14.2833151, 45.3039074], [14.277134699999964, 45.29715859999999], [14.2782579, 45.28964619999996], [14.273539599999955, 45.28680660000002], [14.272677600000042, 45.27175490000004], [14.269235199999967, 45.26953050000002], [14.271072600000027, 45.26671920000003], [14.2652167, 45.26463980000002], [14.2650267, 45.252739], [14.254822099999979, 45.237460599999984], [14.250039200000012, 45.216049], [14.244587799999978, 45.211019800000024], [14.2420955, 45.19823859999997], [14.245800899999987, 45.194315], [14.245017700000021, 45.18396179999998], [14.234791599999989, 45.17463080000002], [14.237725299999985, 45.16897519999996], [14.22598, 45.15328669999997], [14.228536199999956, 45.14943529999998], [14.2227486, 45.14418179999998], [14.225525399999976, 45.14227529999997], [14.22373960000001, 45.13682319999997], [14.216601400000032, 45.13486260000002], [14.207525899999988, 45.11599910000004], [14.193758100000013, 45.12235370000002], [14.182319899999966, 45.132636], [14.169215900000024, 45.134666699999975], [14.186239299999984, 45.127371399999966], [14.1877766, 45.12167919999999], [14.197135200000014, 45.11540440000004], [14.198476100000027, 45.10872139999998], [14.1895404, 45.0931866], [14.165905500000035, 45.07277889999997], [14.16080320000002, 45.07386319999998], [14.158925099999967, 45.07904870000004], [14.151727100000015, 45.0787433], [14.15350419999997, 45.06942070000002], [14.147543299999969, 45.0672424], [14.1551737, 45.06547050000003], [14.156192800000026, 45.059766200000034], [14.15981609999997, 45.059307], [14.154755, 45.05260510000002], [14.159259, 45.051520099999955], [14.1630004, 45.041160900000015], [14.144075899999956, 45.05514610000004], [14.14200119999998, 45.053922499999956], [14.160875699999979, 45.03291639999998], [14.154609899999974, 45.033558099999965], [14.154958300000024, 45.0279036], [14.1609651, 45.02317660000004], [14.1589137, 45.02056920000004], [14.164298500000031, 45.019820299999985], [14.1620664, 45.014516900000025], [14.165796499999987, 45.0146905], [14.168365299999989, 45.0102485], [14.1659288, 45.00512229999996], [14.171122400000028, 44.993196], [14.1698113, 44.97989790000001], [14.16563419999997, 44.979204500000016], [14.164055299999982, 44.973453599999985], [14.158642, 44.97129420000002], [14.14732849999996, 44.957017899999975], [14.13964450000003, 44.960660800000035], [14.137135099999968, 44.96775339999997], [14.122237599999957, 44.96174920000003], [14.118183399999976, 44.965851100000044], [14.1210391, 44.96801949999996], [14.109160500000021, 44.971727499999986], [14.0810938, 44.957064500000016], [14.0753787, 44.94677729999999], [14.0650617, 44.9449945], [14.069823, 44.95038030000003], [14.068128, 44.9597137], [14.07378380000002, 44.96464], [14.072565700000043, 44.96920880000004], [14.078445700000012, 44.971302900000026], [14.086353900000018, 44.9685738], [14.093620200000027, 44.9720625], [14.096671, 44.9689194], [14.1007273, 44.97316779999996], [14.089751300000012, 44.97586850000004], [14.087779899999967, 44.985191599999965], [14.081542, 44.98501879999997], [14.076042600000042, 44.99764679999996], [14.07789439999996, 45.0055382], [14.067360200000016, 45.000047299999984], [14.054836300000021, 45.00313979999997], [14.059397600000038, 45.01862050000001], [14.05326, 45.021852399999986], [14.053876099999977, 45.0267218], [14.0467894, 45.03541580000002], [14.045901100000039, 45.03233239999998], [14.039100700000033, 45.03151070000003], [14.0467916, 45.014919], [14.037406900000041, 45.00084], [14.0463793, 45.0000766], [14.048699, 44.995464799999986], [14.069769, 44.9929766], [14.072737200000022, 44.98086510000002], [14.0766335, 44.97794030000004], [14.072084899999963, 44.975578899999974], [14.0635815, 44.9777078], [14.066877100000012, 44.9741686], [14.0633518, 44.970988400000024], [14.064537100000022, 44.967192], [14.052280899999973, 44.96289179999997], [14.05677, 44.95926549999996], [14.050435300000034, 44.9550796], [14.054479499999987, 44.95114809999996], [14.05297290000003, 44.947513], [14.031716500000039, 44.95381689999998], [14.03109949999997, 44.95126959999998], [14.040668399999982, 44.94691610000002], [14.038489700000016, 44.94439690000003], [14.044912500000043, 44.94455189999998], [14.050213599999987, 44.93811510000003], [14.041423400000012, 44.933878300000046], [14.0455764, 44.9314818], [14.038751600000014, 44.92570829999996], [14.041754100000018, 44.92371289999997], [14.038199299999969, 44.9175762], [14.032575300000042, 44.919261800000015], [14.027100400000018, 44.9263754], [14.0289069, 44.9194441], [14.019174599999976, 44.91638439999997], [14.029528, 44.91278719999996], [14.026142499999986, 44.910192799999976], [14.02662319999997, 44.90437090000002], [14.01957040000004, 44.902238], [14.015739100000028, 44.896524699999986], [14.012263599999967, 44.9014659], [14.00662660000003, 44.892785699999976], [13.996826900000018, 44.891848599999975], [13.980776700000023, 44.90180780000004], [13.98345, 44.897433599999964], [13.98015119999996, 44.89174759999997], [13.984461199999968, 44.89384189999997], [13.9911115, 44.88976690000004], [13.9893275, 44.88729560000002], [14.003608, 44.88643509999997], [13.999615800000024, 44.880075], [13.990377600000018, 44.87847630000004], [13.993132300000036, 44.8766154], [13.990842799999962, 44.873648800000026], [13.997132399999982, 44.8705053], [13.994982900000034, 44.86690740000002], [14.000798600000012, 44.86240110000002], [13.992830400000015, 44.8611686], [13.989755200000035, 44.854905699999975], [13.9806239, 44.85346340000001], [13.982350400000024, 44.84810549999998], [13.978158, 44.84043620000003], [13.989023499999979, 44.8289327], [13.971816700000032, 44.820582700000024], [13.976212899999977, 44.81728129999998], [13.984223800000043, 44.81762579999997], [13.98527860000001, 44.82200559999998], [13.9912275, 44.82071619999997], [13.9899673, 44.81614459999999], [14.0001469, 44.8113421], [13.994640200000012, 44.80785570000001], [14.003460900000023, 44.8056946], [14.002195300000023, 44.80312139999998], [13.99063559999996, 44.80593269999998], [13.987572900000037, 44.80308929999999], [13.958701799999988, 44.80539970000002], [13.949198399999977, 44.80332509999996], [13.93444489999998, 44.81393270000003], [13.929823300000036, 44.81185379999997], [13.932391800000014, 44.809445099999984], [13.9297284, 44.803172600000046], [13.92649, 44.80866520000002], [13.933302, 44.8180898], [13.929603599999977, 44.819995500000026], [13.927592799999958, 44.81643050000002], [13.922582099999973, 44.81636830000002], [13.9222272, 44.82014089999998], [13.928266199999987, 44.82148030000004], [13.923914900000026, 44.825793500000046], [13.909900399999978, 44.83001720000002], [13.908683500000011, 44.82230260000004], [13.8985898, 44.82450029999998], [13.9029565, 44.820746900000024], [13.9016416, 44.81778750000003], [13.889704100000037, 44.8243224], [13.88307, 44.82236550000001], [13.888128599999975, 44.816989700000015], [13.918182800000038, 44.81194250000003], [13.915884, 44.808736200000034], [13.919546399999975, 44.80889390000003], [13.918696299999981, 44.806051], [13.924402499999958, 44.8029317], [13.919846500000025, 44.800807099999986], [13.921344399999972, 44.795842099999966], [13.9138047, 44.79287270000003], [13.915984100000015, 44.785818900000024], [13.919563100000024, 44.7858476], [13.91710089999996, 44.783080899999966], [13.920531400000028, 44.781305499999974], [13.91245069999996, 44.77566], [13.92189160000004, 44.77693290000003], [13.922666899999973, 44.77363589999999], [13.91701240000001, 44.772059300000016], [13.926783699999982, 44.769698199999965], [13.924485, 44.766573], [13.90519930000003, 44.769752899999965], [13.9077387, 44.772307400000024], [13.9037637, 44.78322049999997], [13.9071312, 44.785891199999966], [13.901701900000022, 44.78660880000001], [13.903538500000016, 44.78948270000003], [13.9010188, 44.7918643], [13.904882600000027, 44.797321900000014], [13.901910200000026, 44.798780900000025], [13.904172299999965, 44.8014427], [13.90258450000004, 44.808329200000024], [13.885822599999956, 44.810358], [13.880297500000042, 44.805643], [13.872976500000037, 44.8049035], [13.878092500000031, 44.81032539999999], [13.86800869999996, 44.808311900000014], [13.8619978, 44.812907400000014], [13.874856299999964, 44.820933], [13.867386800000018, 44.82203109999996], [13.862104799999967, 44.81605849999997], [13.8561615, 44.81561289999996], [13.853410899999966, 44.81802079999997], [13.856435600000031, 44.82114830000002], [13.846722800000014, 44.82459750000003], [13.846758200000012, 44.8281748], [13.851812799999989, 44.82618219999997], [13.86248330000002, 44.82933570000003], [13.859997200000022, 44.8334025], [13.8436773, 44.831538799999976], [13.8472905, 44.836950600000016], [13.842524500000012, 44.83872779999998], [13.84263730000002, 44.84301279999996], [13.84867, 44.84671590000003], [13.842737699999978, 44.845782599999986], [13.836608399999987, 44.83873590000003], [13.84130119999996, 44.83564789999997], [13.8336513, 44.8327414], [13.82700880000001, 44.8362162], [13.835067, 44.8430412], [13.831550900000037, 44.84357429999997], [13.830643199999985, 44.84791859999997], [13.836497799999984, 44.85030540000002], [13.83070729999996, 44.85030970000002], [13.830055400000022, 44.853843099999985], [13.824898400000011, 44.85396959999997], [13.826701199999961, 44.85784240000004], [13.822443, 44.8566041], [13.81850420000004, 44.860795500000044], [13.814919800000029, 44.86025970000003], [13.81748679999997, 44.8552378], [13.813938099999982, 44.85441560000001], [13.809210499999972, 44.857002299999984], [13.814024, 44.8597366], [13.812111500000016, 44.8616966], [13.806836700000028, 44.85910230000001], [13.79658740000003, 44.86363250000003], [13.79285380000002, 44.87367360000003], [13.799928399999976, 44.8768398], [13.816382900000027, 44.864049], [13.825696300000038, 44.863962], [13.827793500000011, 44.866544199999986], [13.828646100000034, 44.86329279999999], [13.83678580000001, 44.86454749999998], [13.84210319999997, 44.867827], [13.840951900000013, 44.87113490000004], [13.833746, 44.8723733], [13.8387383, 44.8756], [13.8413608, 44.8712869], [13.847793300000037, 44.87339069999999], [13.848409200000015, 44.88527359999997], [13.8347344, 44.8844357], [13.8311757, 44.877865699999965], [13.822087, 44.8790404], [13.81764029999997, 44.87568420000004], [13.8114501, 44.87893870000002], [13.811341900000022, 44.88294759999998], [13.804802300000011, 44.88386720000004], [13.806056400000037, 44.89313779999998], [13.794180700000028, 44.8905424], [13.809080399999955, 44.898941700000044], [13.813132799999964, 44.90786620000003], [13.809392400000013, 44.9118097], [13.81460039999998, 44.9144267], [13.809245500000026, 44.9119644], [13.8033411, 44.91501049999998], [13.801689699999956, 44.93064839999997], [13.781649599999971, 44.951439], [13.7853459, 44.956228], [13.767300599999958, 44.97075679999996], [13.760789099999963, 44.983071], [13.7635462, 44.98577789999998], [13.735058499999967, 44.985812900000035], [13.7364554, 44.991571], [13.724240499999988, 44.9975282], [13.724556099999988, 45.00288869999998], [13.719057100000013, 45.00579930000002], [13.7206445, 45.0076261], [13.71156580000004, 45.008176499999976], [13.714378499999972, 45.0115507], [13.711635400000025, 45.014016], [13.7143767, 45.02161440000001], [13.690278499999978, 45.0236623], [13.691418299999961, 45.038762800000015], [13.6812359, 45.0441471], [13.688971600000025, 45.05058810000003], [13.67725790000001, 45.05282579999999], [13.669886600000018, 45.05625480000002], [13.67327970000001, 45.059168], [13.670991699999972, 45.0605644], [13.651568499999959, 45.066575599999986], [13.62887430000002, 45.063308600000035], [13.62654290000003, 45.070243100000035], [13.636595099999974, 45.069661], [13.632989299999968, 45.0761542], [13.635167199999957, 45.07430180000003], [13.638794599999974, 45.0791492], [13.629062200000023, 45.08408940000002], [13.6403192, 45.086463100000046], [13.6403118, 45.097157099999976], [13.635835800000033, 45.0980965], [13.630133, 45.09421420000002], [13.631905900000033, 45.0994096], [13.622155899999958, 45.1002941], [13.613334599999986, 45.10645050000002], [13.606904, 45.1171214], [13.616213100000033, 45.116828800000036], [13.6155129, 45.12074140000002], [13.623349899999985, 45.115905], [13.624386, 45.121270899999956], [13.6274775, 45.122213100000025], [13.620485, 45.123392399999986], [13.622947099999964, 45.12488920000002], [13.621238800000016, 45.12769789999998], [13.633102700000025, 45.13154309999999], [13.685817900000034, 45.12895159999997], [13.706564500000033, 45.13470209999997], [13.7257575, 45.1335786], [13.739927, 45.1290733], [13.726618199999988, 45.13525], [13.70824860000002, 45.13811129999996], [13.690652700000031, 45.135850499999954], [13.686370500000015, 45.13266010000004], [13.626408899999957, 45.1370942], [13.612406, 45.130296599999966], [13.60327020000001, 45.1319287], [13.601960800000027, 45.139433], [13.596692899999988, 45.14061559999996], [13.600889799999964, 45.14274390000002], [13.5977611, 45.146998499999974], [13.603531799999983, 45.1487904], [13.5969808, 45.15019570000001], [13.597344, 45.15351869999998], [13.604097199999957, 45.15319679999999], [13.610959899999967, 45.15881309999999], [13.599850200000011, 45.16344880000003], [13.6036737, 45.1648558], [13.596398, 45.16765680000004], [13.599579099999962, 45.1701243], [13.598045900000026, 45.172650200000014], [13.588686799999964, 45.17497210000001], [13.603420199999986, 45.177974], [13.6036114, 45.18069079999996], [13.59464620000002, 45.186933199999984], [13.5892552, 45.1858965], [13.59116009999997, 45.18916159999998], [13.585366699999971, 45.1906852], [13.5862172, 45.19419990000002], [13.579820099999965, 45.1979009], [13.590599599999956, 45.198746599999986], [13.587245800000018, 45.205790599999986], [13.5907, 45.202561], [13.59892319999996, 45.2036545], [13.595625799999981, 45.2080524], [13.58709340000002, 45.20914169999997], [13.5920342, 45.20940049999998], [13.588441099999974, 45.21348589999997], [13.5947362, 45.2140541], [13.592024, 45.218289], [13.594193, 45.224843600000014], [13.59604910000001, 45.22354720000004], [13.594517899999973, 45.226077400000044], [13.588711499999965, 45.22773809999996], [13.5981831, 45.22836580000003], [13.5947136, 45.23802580000003], [13.600815699999961, 45.2436728], [13.58941669999996, 45.24896620000001], [13.595193600000014, 45.251472900000024], [13.5940072, 45.255019099999984], [13.575994299999964, 45.255806899999975], [13.582284699999962, 45.26492630000001], [13.5729569, 45.264368], [13.5820683, 45.271937200000025], [13.582124300000013, 45.27782520000004], [13.59676760000004, 45.2770625], [13.598624700000043, 45.27430569999998], [13.6062232, 45.27674229999997], [13.596092200000024, 45.279388100000034], [13.6016846, 45.285698], [13.596972799999966, 45.28281790000004], [13.592213299999981, 45.28322589999996], [13.592237400000021, 45.2857512], [13.587558400000036, 45.28388619999997], [13.56848139999998, 45.298277], [13.575308399999967, 45.300459], [13.590190400000028, 45.2975236], [13.5870181, 45.30196529999997], [13.591275600000023, 45.305894900000034], [13.614490100000024, 45.3139926], [13.559351499999964, 45.31460749999999], [13.5573842, 45.31524880000002], [13.556007699999965, 45.316477900000024], [13.555450799999983, 45.31764390000004], [13.562392400000038, 45.316526699999976], [13.5641717, 45.3219684], [13.55783489999998, 45.32421159999998], [13.553077399999983, 45.3213167], [13.55157310000004, 45.3259239], [13.538778400000021, 45.33026029999996], [13.544222, 45.33306109999997], [13.540385899999977, 45.33781659999998], [13.544533100000015, 45.34101810000002], [13.537970499999966, 45.35206019999998], [13.549882599999966, 45.353698199999975], [13.556217600000013, 45.357890900000044], [13.5426436, 45.3608476], [13.540431600000028, 45.36703450000004], [13.54512509999997, 45.37277420000004], [13.535173800000026, 45.375403399999975], [13.545331299999978, 45.37808609999998], [13.532237900000025, 45.3865901], [13.540531400000026, 45.39154010000002], [13.530840499999956, 45.39578340000001], [13.536832400000035, 45.402057099999965], [13.530502699999984, 45.4025846], [13.51526250000004, 45.41577640000001], [13.5155593, 45.42331990000004], [13.524046, 45.4251636], [13.518037300000033, 45.4279041], [13.519683800000019, 45.43289590000002], [13.516508, 45.4330245], [13.5146738, 45.434185], [13.51279130000003, 45.43627449999997], [13.520072699999956, 45.433593], [13.524195899999961, 45.4372121], [13.516053, 45.44078619999996], [13.517967500000031, 45.43973190000004], [13.517747200000011, 45.438446099999965], [13.514576500000034, 45.44045530000003], [13.5143635, 45.43770219999997], [13.508596400000043, 45.44155929999998], [13.5190545, 45.44941840000001], [13.5121094, 45.451165200000034], [13.517011599999988, 45.45132659999998], [13.514486, 45.45833849999999], [13.5085379, 45.458527], [13.514064599999957, 45.46340770000002], [13.508954700000023, 45.4653214], [13.509247900000036, 45.46816159999998], [13.506251199999978, 45.467251], [13.510785199999956, 45.4731028], [13.489667900000017, 45.48680920000004], [13.492099599999955, 45.4911315], [13.499238399999983, 45.49235980000002], [13.497167100000022, 45.49768339999996], [13.505118499999961, 45.4993294], [13.501235600000031, 45.50121710000004], [13.508502900000034, 45.505274800000045], [13.554185900000041, 45.491260800000035], [13.605828300000015, 45.46570419999996], [13.6500199, 45.4570311], [13.675315, 45.44240389999997], [13.7071267, 45.4574337], [13.7081506, 45.45238049999996], [13.7251725, 45.45564059999996], [13.726397500000024, 45.45990530000004], [13.7589667, 45.46218310000003], [13.766043599999959, 45.46716439999999], [13.776376699999963, 45.46386620000003], [13.786152300000024, 45.466434], [13.80745309999996, 45.45691609999998], [13.802892099999967, 45.4444814], [13.814154400000026, 45.44098909999997], [13.815053900000022, 45.43440679999998], [13.850866600000037, 45.43257019999998], [13.855252500000018, 45.428628299999964], [13.854348600000014, 45.425687299999986], [13.861724, 45.42799670000002], [13.88709230000003, 45.425875600000026], [13.89271969999997, 45.43789940000003], [13.897786200000043, 45.4383176], [13.89733339999997, 45.4418419], [13.914630099999984, 45.45354910000002], [13.956996799999958, 45.45554719999996], [13.970732699999958, 45.44762], [13.9849254, 45.45606540000003], [13.987119900000037, 45.459006899999956], [13.985176700000016, 45.46861750000004], [13.996566699999983, 45.47219850000004], [13.986207799999976, 45.48243030000001], [13.9923107, 45.48245779999998], [13.981627499999986, 45.491365399999985], [13.965629400000038, 45.4961992], [13.962213400000016, 45.505985699999975], [13.974580800000028, 45.51506540000001], [14.001747700000026, 45.508068299999984], [13.9974182, 45.5155332], [14.001917799999978, 45.519981499999986], [14.011100800000035, 45.5197669], [14.042198099999984, 45.49888259999997], [14.0495, 45.49854979999997], [14.073109099999973, 45.4845943], [14.1117858, 45.4823089], [14.13654459999996, 45.47503259999997], [14.143224500000033, 45.47504429999996], [14.15399240000004, 45.481049], [14.1729393, 45.47958639999999], [14.207614400000027, 45.469271599999985], [14.206538900000035, 45.47847270000003], [14.20924629999996, 45.479768599999964], [14.20628929999999, 45.48206850000001], [14.210457800000013, 45.48903010000003], [14.2199577, 45.493360899999985], [14.223329600000016, 45.501381499999965], [14.244983300000017, 45.505377], [14.264525800000042, 45.48281280000004], [14.26792730000002, 45.48226840000003], [14.276061299999968, 45.48929139999998], [14.2864258, 45.490354700000026], [14.2910182, 45.4849119], [14.305979399999961, 45.48019210000001], [14.316625899999961, 45.48297360000002], [14.322772200000026, 45.4704149], [14.350341899999956, 45.48555159999999], [14.360858400000035, 45.48404390000003], [14.394341699999961, 45.4940482], [14.40020550000001, 45.500771600000036], [14.3984201, 45.50286619999997], [14.415520500000016, 45.509937899999954], [14.427427699999965, 45.50692870000002], [14.435145, 45.5094757], [14.441691, 45.51645819999997], [14.457619499999955, 45.52112759999996], [14.475663299999967, 45.533765], [14.490486100000014, 45.5377537], [14.50048679999996, 45.5491935], [14.497405, 45.55944559999996], [14.500681199999969, 45.56713389999998], [14.499066599999958, 45.575674], [14.5072941, 45.58919380000002], [14.501340499999985, 45.607826399999986], [14.51436259999999, 45.607121700000036], [14.5350234, 45.61391359999996], [14.563334499999984, 45.647142399999964], [14.570010199999976, 45.67294360000003], [14.57511009999997, 45.67206269999998], [14.5768354, 45.6682254], [14.578696699999986, 45.669784], [14.5784521, 45.66530590000002], [14.597040899999984, 45.66953950000001], [14.6079249, 45.664199699999976], [14.60666270000002, 45.659546700000014], [14.609714, 45.65867540000004], [14.601336899999987, 45.6436714], [14.601941600000016, 45.6340982], [14.595730199999982, 45.62707629999996], [14.612957700000043, 45.6167738], [14.627322400000024, 45.61422389999996], [14.630809200000042, 45.604664600000035], [14.6414306, 45.602866], [14.651339099999964, 45.59182590000002], [14.67765140000004, 45.589545499999986], [14.690323300000022, 45.58067930000003], [14.700267199999976, 45.56287419999996], [14.6954338, 45.55575289999996], [14.688875100000013, 45.55298210000003], [14.690954400000015, 45.54875040000002], [14.6850448, 45.535056699999956], [14.690577099999972, 45.52661749999998], [14.700353800000036, 45.52544590000003], [14.703309, 45.534525], [14.720627399999978, 45.534143200000045], [14.73049950000003, 45.52887680000004], [14.735063900000037, 45.52986979999996], [14.738688, 45.524009], [14.759576599999983, 45.510420099999976], [14.768846799999972, 45.512200600000035], [14.768395400000015, 45.505975], [14.786402800000035, 45.50669719999996], [14.789143300000033, 45.50362780000002], [14.786792200000013, 45.50106179999998], [14.789644600000033, 45.5000542], [14.795602799999989, 45.50332860000004], [14.80359239999998, 45.4958504], [14.7990112, 45.4919635], [14.8054454, 45.48637540000003], [14.80508759999997, 45.47893049999998], [14.816009600000028, 45.47166380000003], [14.81762, 45.4595023], [14.8687533, 45.46601979999996], [14.875174100000036, 45.4722742], [14.907506899999982, 45.47708030000002], [14.911748500000014, 45.48158050000004], [14.910314, 45.48823670000002], [14.915795, 45.494035899999965], [14.911616, 45.501043], [14.916635499999979, 45.50409639999997], [14.9134293, 45.518324], [14.92125, 45.52766050000004], [14.931132100000037, 45.52927710000004], [14.986916599999981, 45.496667500000015], [15.0122493, 45.49748489999997], [15.027805399999975, 45.485501099999986], [15.04278490000002, 45.487861399999964], [15.0480672, 45.4934673], [15.0536899, 45.494383], [15.059916200000027, 45.488241299999956], [15.071044, 45.48767], [15.077909500000034, 45.482258], [15.086202800000018, 45.48283769999997], [15.085687899999959, 45.46725109999996], [15.104536400000027, 45.46217110000002], [15.1238336, 45.4469085], [15.13860719999998, 45.44425950000002], [15.146826100000025, 45.431299299999985], [15.1667212, 45.42208449999996], [15.1813438, 45.4230221], [15.188942199999959, 45.42795629999996], [15.188600400000011, 45.433562500000015], [15.193946699999964, 45.43672419999996], [15.202848, 45.4263926], [15.225596200000039, 45.42641], [15.228582300000019, 45.43655789999997], [15.243095, 45.4526806], [15.273806800000015, 45.46600169999997], [15.3272945, 45.452584499999965], [15.345809199999975, 45.45634689999996], [15.3598492, 45.47713930000002], [15.385665100000038, 45.488431499999976], [15.370622199999987, 45.4976926], [15.362232099999988, 45.495001], [15.33172759999997, 45.510777599999976], [15.325210499999956, 45.52034409999997], [15.314959, 45.52289909999998], [15.313953399999972, 45.53174859999998], [15.302078899999975, 45.5356164], [15.299072199999978, 45.5470047], [15.2989469, 45.583647300000024], [15.27705249999998, 45.6044548], [15.292488200000024, 45.6124081], [15.3080799, 45.614147600000045], [15.301639699999962, 45.6234721], [15.3016627, 45.62944290000002], [15.305419399999968, 45.63206489999998], [15.325492899999963, 45.634713099999985], [15.3399548, 45.6327681], [15.3506003, 45.6361786], [15.3521869, 45.639923399999965], [15.343904799999967, 45.641624600000036], [15.343339199999976, 45.64585979999998], [15.3710699, 45.645974], [15.372389899999964, 45.64214960000004], [15.389973, 45.63746729999996], [15.3984065, 45.64132559999999], [15.406202499999958, 45.65001389999997], [15.395311599999987, 45.653574], [15.391642399999975, 45.6672829], [15.368681, 45.685453799999955], [15.3719662, 45.691461199999985], [15.369220600000014, 45.693379100000044], [15.362698300000014, 45.68719690000003], [15.3629031, 45.6780594], [15.353885, 45.67653860000003], [15.355447499999956, 45.67343320000004], [15.351354100000018, 45.669230799999966], [15.3481399, 45.67113580000002], [15.350085599999955, 45.68332409999996], [15.355302699999966, 45.6865279], [15.3602378, 45.684875100000035], [15.364473199999965, 45.692974], [15.3637565, 45.69857440000003], [15.35732, 45.69891150000003], [15.35995140000002, 45.70877909999998], [15.3571075, 45.713966], [15.339764, 45.71455529999997], [15.332592400000026, 45.701912800000024], [15.318729800000023, 45.69522009999996], [15.326613499999956, 45.6756581], [15.322786300000017, 45.673850500000015], [15.31815819999998, 45.67444410000002], [15.310834700000035, 45.68620050000001], [15.305649900000033, 45.6887809], [15.310910800000025, 45.69760119999997], [15.29902069999998, 45.6972032], [15.299094799999983, 45.69193310000004], [15.305526, 45.6950252], [15.298835799999958, 45.690290500000025], [15.296794399999984, 45.693015199999955], [15.2963695, 45.6897686], [15.302751799999962, 45.68796320000002], [15.299755799999962, 45.68601370000001], [15.288105500000041, 45.69245990000002], [15.289206800000036, 45.7007295], [15.28412620000004, 45.70956750000002], [15.269544100000013, 45.70721949999999], [15.267399799999962, 45.71694530000001], [15.2567517, 45.71884450000004], [15.257515599999975, 45.72453419999998], [15.275535, 45.73703080000003], [15.274784800000022, 45.74005490000004], [15.294867399999971, 45.7477199], [15.2999635, 45.754287099999985], [15.3319404, 45.76302320000001], [15.374453099999966, 45.78077109999997], [15.381955200000034, 45.7791475], [15.399452, 45.7920643], [15.407956100000012, 45.7911916], [15.412592600000034, 45.79509180000004], [15.422140399999988, 45.7962754], [15.4626343, 45.79353930000001], [15.47128260000004, 45.79588769999999], [15.475921399999985, 45.79805179999999], [15.46592060000003, 45.81839449999996], [15.478385500000028, 45.81944129999998], [15.478901900000034, 45.82749270000002], [15.4927362, 45.83202490000003], [15.502912800000027, 45.82854680000002], [15.501250900000011, 45.822017100000025], [15.5201789, 45.8211023], [15.528006, 45.823789599999955], [15.536126699999956, 45.82927629999998], [15.539271800000035, 45.83615829999999], [15.538554, 45.84759870000004], [15.5510161, 45.84545290000004], [15.552269200000039, 45.8401442], [15.559382299999983, 45.8342735], [15.562941599999961, 45.8438958], [15.572550099999964, 45.85357159999997], [15.582222800000038, 45.84744940000003], [15.60892150000002, 45.840634199999954], [15.61401429999996, 45.83734590000002], [15.612843299999971, 45.835136], [15.629091099999973, 45.83292880000003], [15.642272600000021, 45.82041660000003], [15.665235, 45.841368799999984], [15.690199, 45.84224979999996], [15.694951699999974, 45.84430290000002], [15.696256799999956, 45.8493738], [15.703529100000017, 45.8449565], [15.7093986, 45.8464604], [15.6979652, 45.85869810000003], [15.68498310000002, 45.862599299999964], [15.6775246, 45.8688847], [15.6828414, 45.87011520000002], [15.67953579999997, 45.87709109999998], [15.684605799999977, 45.878049], [15.68125439999997, 45.882563100000034], [15.689120799999982, 45.88006820000002], [15.688496, 45.88366440000003], [15.6921117, 45.885181599999974], [15.6802597, 45.890350199999965], [15.684125899999971, 45.89209989999996], [15.679475, 45.904497900000024], [15.691178399999965, 45.91089270000004], [15.6902697, 45.91339509999997], [15.700610400000018, 45.9157978], [15.700031900000026, 45.919877200000016], [15.707301699999968, 45.92183339999996], [15.707313200000032, 45.925562300000024], [15.703351399999969, 45.927035399999966], [15.70665859999996, 45.9269876], [15.705052899999975, 45.93044789999996], [15.710126, 45.93291560000004], [15.707538400000013, 45.933628100000014], [15.707767400000042, 45.938826299999974], [15.711937600000029, 45.9394427], [15.70792720000003, 45.94846809999998], [15.7104516, 45.94968270000002], [15.710021899999974, 45.96200849999997], [15.7041838, 45.97911670000001], [15.705409199999968, 45.98518539999996], [15.700588399999974, 45.988996399999984], [15.706991200000035, 45.98946639999997], [15.700652300000021, 45.995199599999964], [15.7061643, 45.994191400000034], [15.69985409999997, 45.99702569999997], [15.70206649999997, 46.00091369999997], [15.705055199999988, 45.99889420000003], [15.707984, 46.00364190000002], [15.712002900000014, 46.00397849999998], [15.711468, 46.0093631], [15.7154807, 46.0094157], [15.710117599999988, 46.011858799999985], [15.711767800000013, 46.01452810000004], [15.7059312, 46.01435449999998], [15.71573, 46.019878], [15.712609799999958, 46.02314049999996], [15.715214099999967, 46.0274207], [15.720218599999972, 46.02767489999997], [15.716937600000017, 46.02855480000004], [15.71612420000004, 46.0352484], [15.72365779999996, 46.03864229999997], [15.724401, 46.04225960000004], [15.730443, 46.039936], [15.732487199999982, 46.04452330000002], [15.72310709999996, 46.048178600000035], [15.72379150000001, 46.05216469999998], [15.714378600000027, 46.059703], [15.710155099999982, 46.05825710000003], [15.687149600000042, 46.064308], [15.686265900000022, 46.06746610000001], [15.690713400000037, 46.06808030000003], [15.686923800000011, 46.06993620000002], [15.6831, 46.06686090000003], [15.682969699999964, 46.07019859999997], [15.6813803, 46.06823529999998], [15.68027160000001, 46.07146610000004], [15.674152399999967, 46.070548100000025], [15.670576599999956, 46.07397570000003], [15.658372599999963, 46.071248399999966], [15.658938200000042, 46.080398599999974], [15.654810400000011, 46.08442849999999], [15.6486186, 46.08297179999999], [15.648548399999965, 46.08719019999997], [15.6425159, 46.0879753], [15.641085600000041, 46.084192299999984], [15.635693300000012, 46.083268400000016], [15.621148799999988, 46.08943010000002], [15.618853399999958, 46.09173390000004], [15.625333099999986, 46.09985350000004], [15.615467600000036, 46.09931269999996], [15.612766800000037, 46.102793899999966], [15.61440849999998, 46.1070537], [15.61016240000002, 46.10646470000002], [15.6045491, 46.11224840000001], [15.61021310000004, 46.12162710000001], [15.6071, 46.123252700000045], [15.610661099999982, 46.12330979999997], [15.609392800000025, 46.12700669999997], [15.613941399999968, 46.1332245], [15.596126, 46.1463549], [15.6144206, 46.1532305], [15.603892899999975, 46.1616164], [15.609352, 46.1654409], [15.608080299999964, 46.167537299999985], [15.633227099999973, 46.17670630000004], [15.637974400000013, 46.1820848], [15.635971700000043, 46.18578809999998], [15.64482249999997, 46.18664540000004], [15.6489116, 46.1912029], [15.6463096, 46.1988468], [15.648153399999968, 46.204598], [15.6411527, 46.207492600000016], [15.646665, 46.21666169999999], [15.6814309, 46.22737430000004], [15.701764799999966, 46.22232169999996], [15.728309399999988, 46.222852], [15.726040400000011, 46.219202199999955], [15.730031500000011, 46.21619630000003], [15.7410847, 46.221746], [15.752967399999966, 46.219956500000016], [15.754915400000028, 46.2169614], [15.750912699999956, 46.20904170000002], [15.767950200000017, 46.20879810000003], [15.785714099999963, 46.21640809999997], [15.79432529999996, 46.227939700000015], [15.7938158, 46.236411], [15.7995621, 46.2377348], [15.801579600000041, 46.2426222], [15.791478799999984, 46.259329099999974], [15.863318499999982, 46.26763319999996], [15.86770950000003, 46.270802299999986], [15.86669950000004, 46.27594570000002], [15.89748360000001, 46.28382109999998], [15.901155900000012, 46.28930759999999], [15.903669100000032, 46.28698730000003], [15.91287009999998, 46.28966140000004], [15.917136500000021, 46.285371900000044], [15.942388899999974, 46.29004], [15.9642747, 46.29739489999998], [15.977036599999964, 46.31238219999996], [15.983807, 46.3088714], [15.9888653, 46.31047460000004], [15.9900011, 46.31474250000003], [16.00159450000001, 46.30732969999998], [16.0141387, 46.308779], [16.021944499999968, 46.31435050000002], [16.02268580000002, 46.31727069999996], [16.017983100000027, 46.3211121], [16.02841590000002, 46.326264], [16.02759470000002, 46.3315256], [16.03627319999999, 46.337051], [16.0531577, 46.33512549999997], [16.0615209, 46.3418832], [16.068953199999974, 46.3397847], [16.07752310000002, 46.34595249999998], [16.07244140000002, 46.3649787], [16.050368399999964, 46.382101], [16.0581203, 46.393569], [16.088388, 46.388548], [16.146007400000034, 46.405139399999975], [16.173962, 46.390574400000034], [16.1755677, 46.38551019999997], [16.190052699999985, 46.38626929999999], [16.189027100000036, 46.37781330000004], [16.214498199999966, 46.385319299999985], [16.21984380000004, 46.37868160000003], [16.22541050000002, 46.3866665], [16.2300829, 46.38775770000004], [16.23462420000004, 46.38608820000001], [16.238789200000042, 46.378752300000016], [16.2479988, 46.380109], [16.2660813, 46.37637910000004], [16.3015589, 46.37829410000003], [16.305049900000018, 46.3863081], [16.304116, 46.39400520000004], [16.307562900000022, 46.3975097], [16.296642800000033, 46.40776389999997], [16.2823043, 46.41492479999996], [16.272444499999988, 46.4153493], [16.27558390000004, 46.41898990000004], [16.274215100000028, 46.4293751], [16.2658483, 46.43881569999997], [16.263667799999975, 46.44683710000002], [16.26568750000002, 46.4517909], [16.259250100000028, 46.46088660000003], [16.259850699999983, 46.46897539999997], [16.25167309999998, 46.48149560000002], [16.24081790000003, 46.48469059999996], [16.24163240000001, 46.49835589999998], [16.255761200000013, 46.498652], [16.2550322, 46.500916], [16.26698770000004, 46.504889], [16.266009500000017, 46.51535709999997], [16.272757200000015, 46.5180197], [16.27502079999999, 46.5141671], [16.28373149999996, 46.51635190000003], [16.299851100000012, 46.5117636], [16.30708090000002, 46.513542], [16.317416499999965, 46.52640179999997], [16.341446300000012, 46.529482], [16.340692299999976, 46.53461269999997], [16.345289400000024, 46.53961289999997], [16.337333100000034, 46.54265890000003], [16.353389199999985, 46.54377540000004], [16.3552486, 46.538476700000025], [16.358826600000015, 46.53847809999996], [16.358720799999965, 46.54268460000002], [16.351593199999975, 46.54577649999996], [16.352674199999978, 46.5490101], [16.35832990000004, 46.54479820000002], [16.3667131, 46.5473344], [16.3672112, 46.55471619999996], [16.3809009, 46.552317299999984], [16.38215910000001, 46.549916400000015], [16.378815700000043, 46.547665], [16.369699, 46.54687469999997], [16.370428099999984, 46.543653], [16.379191300000034, 46.5406468], [16.382065399999984, 46.54255590000003]]]]}}]}