{"type": "FeatureCollection", "bbox": [95.01098450000003, -11.007826099999981, 141.01944440000005, 5.907234800000012], "features": [{"type": "Feature", "properties": {"iso3": "IDN", "source": "geoBoundaries", "territoryExtent": "full"}, "geometry": {"type": "MultiPolygon", "coordinates": [[[[102.1520878, -5.281054100000023], [102.385719, -5.389586800000042], [102.35928309999996, -5.505960199999989], [102.26572769999999, -5.5119406], [102.08651320000003, -5.340194], [102.1520878, -5.281054100000023]]], [[[100.6702924, -3.491263799999961], [100.63654669999995, -3.470801599999957], [100.67696180000002, -3.480000700000014], [100.6702924, -3.491263799999961]]], [[[100.34602139999998, -3.295605300000021], [100.33355710000004, -3.283424199999969], [100.34943890000004, -3.291920100000018], [100.34602139999998, -3.295605300000021]]], [[[100.56564150000001, -3.260328700000043], [100.57216459999998, -3.273182399999969], [100.5695897, -3.275581699999981], [100.56564150000001, -3.260328700000043]]], [[[100.41700759999996, -3.2352812], [100.41703520000003, -3.223251600000038], [100.42170629999998, -3.234500100000021], [100.41700759999996, -3.2352812]]], [[[100.48619069999998, -3.227971300000016], [100.48243640000004, -3.211539100000033], [100.48859260000003, -3.2274579], [100.48619069999998, -3.227971300000016]]], [[[100.46418819999998, -3.220408800000014], [100.447579, -3.21008809999997], [100.4457175, -3.205754200000028], [100.4574901, -3.2072598], [100.46418819999998, -3.220408800000014]]], [[[100.39458429999998, -3.214437699999968], [100.40567839999997, -3.20322410000003], [100.40372369999997, -3.218712], [100.39458429999998, -3.214437699999968]]], [[[100.50849350000004, -3.179582400000031], [100.50425679999998, -3.200715500000035], [100.48907240000003, -3.142915500000038], [100.50849350000004, -3.179582400000031]]], [[[100.30635820000005, -3.1225785], [100.30322110000002, -3.138354599999966], [100.29679770000003, -3.122299], [100.30635820000005, -3.1225785]]], [[[100.19722559999995, -3.063415600000036], [100.17251660000002, -3.064007499999983], [100.1730177, -3.054866799999962], [100.19722559999995, -3.063415600000036]]], [[[100.25457, -2.8097144], [100.47140379999998, -3.019706500000014], [100.4718549, -3.14335110000002], [100.35936830000003, -3.163102199999985], [100.46523430000003, -3.346961699999957], [100.33381729999998, -3.243462300000017], [100.32629410000003, -3.207566399999957], [100.36997319999996, -3.227881499999958], [100.3331564, -3.132695299999961], [100.18874529999995, -2.991300099999956], [100.17622, -2.803633799999956], [100.25457, -2.8097144]]], [[[100.1496744, -3.025362800000037], [100.15711939999997, -3.0118658], [100.155769, -3.025335], [100.1496744, -3.025362800000037]]], [[[100.16122339999998, -2.879252099999958], [100.16978910000003, -2.8759409], [100.16899490000004, -2.884964], [100.16122339999998, -2.879252099999958]]], [[[100.1326998, -2.852561], [100.15141280000005, -2.8617531], [100.13241990000002, -2.857461199999973], [100.1326998, -2.852561]]], [[[99.97135610000004, -2.51344190000003], [100.2206123, -2.7404961], [100.14520209999998, -2.840639299999987], [99.99745849999998, -2.831978699999988], [99.97135610000004, -2.51344190000003]]], [[[99.72757190000004, -2.3589974], [99.7366163, -2.394068600000027], [99.7111841, -2.359966100000028], [99.72757190000004, -2.3589974]]], [[[99.602731, -2.032279], [99.70192849999998, -2.085048700000042], [99.860651, -2.4021299], [99.6005617, -2.283937900000039], [99.52833020000001, -2.152869200000024], [99.5720572, -2.150005], [99.54658169999998, -2.071187599999986], [99.602731, -2.032279]]], [[[99.55817230000002, -2.02156909999996], [99.5706863, -2.006762700000026], [99.57710280000003, -2.025042799999961], [99.55817230000002, -2.02156909999996]]], [[[99.5784067, -2.002837100000027], [99.56521410000002, -1.992514099999971], [99.57814429999996, -1.990888], [99.5784067, -2.002837100000027]]], [[[99.59334310000004, -1.974365099999959], [99.58700559999996, -1.992900399999959], [99.578178, -1.968611100000023], [99.59334310000004, -1.974365099999959]]], [[[99.29228309999998, -1.926048], [99.30186029999997, -1.902034500000022], [99.30568780000003, -1.930427699999965], [99.29228309999998, -1.926048]]], [[[99.290578, -1.87488150000002], [99.2790767, -1.87865609999996], [99.2754718, -1.8731658], [99.290578, -1.87488150000002]]], [[[99.07909119999998, -1.867847200000023], [99.09248080000002, -1.860469600000043], [99.095399, -1.863557900000041], [99.07909119999998, -1.867847200000023]]], [[[99.314586, -1.8558575], [99.31241889999998, -1.8445712], [99.32096210000003, -1.8508617], [99.314586, -1.8558575]]], [[[99.290578, -1.806595599999989], [99.24187130000004, -1.850657900000014], [99.25437880000001, -1.790252800000031], [99.290578, -1.806595599999989]]], [[[99.30008379999998, -1.700063400000024], [99.28411680000002, -1.688403400000011], [99.28149460000004, -1.686135799999972], [99.28164189999998, -1.68056970000004], [99.30008379999998, -1.700063400000024]]], [[[99.29348609999995, -1.679517400000014], [99.28259450000002, -1.676957200000013], [99.28645409999997, -1.663174499999959], [99.29348609999995, -1.679517400000014]]], [[[99.12236250000002, -1.361277700000036], [99.1101067, -1.36510890000004], [99.11230740000002, -1.3539187], [99.12236250000002, -1.361277700000036]]], [[[98.89803660000001, -0.905795899999957], [99.050653, -1.295099799999983], [99.17127330000002, -1.4697625], [99.11491219999998, -1.440189200000026], [99.289847, -1.6367048], [99.2701317, -1.646181600000036], [99.28049180000004, -1.751977], [99.22019610000004, -1.625324899999987], [99.19998549999998, -1.6408913], [99.2406362, -1.796763200000024], [99.1075035, -1.811878600000034], [98.8758889, -1.677301399999982], [98.60261720000001, -1.225625400000025], [98.6848413, -0.959185199999963], [98.89803660000001, -0.905795899999957]]], [[[100.401009, -1.221382599999982], [100.37656319999998, -1.2092624], [100.3929756, -1.187242199999956], [100.401009, -1.221382599999982]]], [[[100.32771630000002, -1.2061441], [100.340337, -1.1977014], [100.33899549999997, -1.212420399999987], [100.32771630000002, -1.2061441]]], [[[98.50690510000003, -0.595900600000016], [98.5168794, -0.63833410000001], [98.48922340000004, -0.60922909999997], [98.50690510000003, -0.595900600000016]]], [[[98.4139577, -0.243180799999971], [98.5224646, -0.380136700000017], [98.5074491, -0.549114500000043], [98.429931, -0.53182769999996], [98.41756319999998, -0.59797179999997], [98.28810230000003, -0.522717], [98.35012410000002, -0.5140851], [98.38448379999998, -0.342742599999985], [98.44524739999996, -0.298442800000027], [98.4139577, -0.243180799999971]]], [[[98.38619889999995, -0.274737800000031], [98.3897352, -0.264038199999989], [98.3899166, -0.2773673], [98.38619889999995, -0.274737800000031]]], [[[98.4147949, -0.017290899999962], [98.57295460000002, -0.280368499999978], [98.55663109999998, -0.39047549999996], [98.35368710000003, -0.048744299999976], [98.29425449999997, -0.021318400000043], [98.4147949, -0.017290899999962]]], [[[95.43246480000003, 5.656623899999964], [95.61165979999997, 5.627907500000013], [95.87483660000002, 5.512103500000016], [96.0771626, 5.294118800000032], [96.39146670000004, 5.2099341], [96.85072730000005, 5.27676750000003], [97.10312580000003, 5.225100599999983], [97.20167410000003, 5.1409753], [97.520992, 5.236675499999972], [97.6460959, 5.074708599999962], [97.903414, 4.890406100000018], [98.01898819999997, 4.609958499999962], [97.98458990000002, 4.535536], [98.06542, 4.553732399999983], [98.2862803, 4.417973500000034], [98.25450550000004, 4.2033213], [98.16218550000005, 4.151191400000016], [98.54014140000002, 4.011440199999967], [98.55345369999998, 3.944490800000029], [98.68910709999999, 3.892498], [98.70776679999997, 3.770837699999969], [99.05869559999998, 3.617283200000028], [99.4848295, 3.346875], [99.54846559999997, 3.2446317], [99.7585556, 3.1677199], [99.99272520000002, 2.953577300000028], [99.9490032, 2.696751], [100.01474949999997, 2.67103], [99.99054520000004, 2.642907799999977], [100.03105730000004, 2.616671300000045], [99.97158169999996, 2.5907662], [99.99647260000002, 2.571216700000017], [100.0362072, 2.608440099999958], [100.0338039, 2.6305613], [99.99689670000004, 2.647194800000035], [100.03054229999998, 2.668457899999959], [99.9694214, 2.704834], [100.08567640000001, 2.711839], [100.0921995, 2.6147836], [100.1101124, 2.55012340000002], [100.13408490000002, 2.510174900000022], [100.0939161, 2.491996100000032], [100.08086980000004, 2.472788], [100.14301119999998, 2.509831899999975], [100.14919109999998, 2.4673], [100.19794289999997, 2.433342099999985], [100.22197549999999, 2.442603400000037], [100.1494521, 2.47363729999998], [100.173567, 2.505029900000027], [100.12178540000004, 2.6182037], [100.15010950000003, 2.69674], [100.21998140000002, 2.704500900000022], [100.43077589999999, 2.2715923], [100.78296489999998, 2.075191099999978], [100.880872, 1.959553499999982], [100.89239369999999, 1.964856399999986], [100.88653689999998, 2.022343700000045], [100.87726710000003, 2.0441309], [100.78878140000003, 2.119112], [100.76649469999997, 2.269692099999981], [101.0444441, 2.289187500000017], [101.30453570000005, 2.038725500000032], [101.3574908, 1.7781758], [101.40973510000005, 1.69778889999998], [101.5614467, 1.637245500000011], [101.753407, 1.6635631], [102.1475311, 1.379424100000042], [102.22653220000002, 1.002036199999983], [102.42186429999995, 0.800185], [102.57134880000004, 0.7374497], [102.88250109999997, 0.732740199999975], [103.1075764, 0.4557877], [103.3275237, 0.54362730000001], [103.40704650000004, 0.5257423], [103.712838, 0.304589100000035], [103.8137749, -0.004743399999969], [103.5946855, -0.025259399999984], [103.5843858, -0.103537], [103.44619840000003, -0.089117400000022], [103.5014733, -0.14576560000002], [103.4712609, -0.171858], [103.437787, -0.142847299999966], [103.405343, -0.148512099999982], [103.4504899, -0.213743100000025], [103.71037730000003, -0.256702], [103.787248, -0.341564699999958], [103.59688239999996, -0.39558429999998], [103.5421433, -0.504197099999965], [103.4388665, -0.518690500000025], [103.38905440000003, -0.718231500000039], [103.4830647, -0.789673199999969], [103.33822339999996, -0.832896899999975], [103.551133, -0.8132412], [103.802739, -0.994409599999974], [103.80994879999997, -1.064951100000028], [103.8375863, -1.088807799999964], [103.82831659999997, -1.01964], [103.91162189999997, -0.982478299999984], [104.20570120000002, -1.069695700000024], [104.36532270000004, -1.021636200000026], [104.45680889999996, -1.336832099999958], [104.45039680000002, -1.564349200000043], [104.54483119999998, -1.778494699999984], [104.4656953, -1.9112917], [104.505777, -1.934443], [104.58007850000003, -1.866108400000039], [104.644314, -1.924774700000038], [104.56199730000003, -2.000503600000043], [104.65829929999997, -1.963790100000013], [104.6842202, -2.055057799999977], [104.71889579999998, -1.9943276], [104.8298566, -2.004706], [104.89827609999998, -2.1113981], [104.90050769999998, -2.196482], [104.7103127, -2.36707689999996], [104.77228250000005, -2.390745799999989], [104.90308270000004, -2.279502699999975], [104.91062619999998, -2.333687100000043], [105.0405892, -2.355756900000012], [105.02479639999999, -2.392632400000034], [105.21144179999997, -2.326682099999983], [105.62180370000002, -2.391358], [105.61545279999999, -2.60481139999998], [105.67711120000001, -2.6771023], [105.77922160000004, -2.682008400000042], [105.81378670000004, -2.918239500000015], [106.0488528, -2.99842740000001], [106.08903470000003, -3.2534977], [105.93100970000003, -3.357918200000027], [105.8240647, -3.593689599999978], [105.83161780000003, -3.7118953], [105.96105040000003, -3.830599], [105.81891479999997, -4.158702700000012], [105.825438, -4.342902100000041], [105.91264190000004, -4.4375523], [105.86131519999998, -4.785067500000013], [105.90215980000005, -4.940302099999967], [105.82029119999999, -5.328674099999982], [105.79900969999997, -5.794867899999974], [105.72799679999999, -5.901417599999966], [105.60508729999997, -5.831575799999984], [105.55758150000004, -5.667181400000028], [105.52565250000002, -5.693487500000034], [105.40858090000003, -5.622402400000033], [105.28966280000003, -5.4452609], [105.24287210000003, -5.588679700000017], [105.1673296, -5.606149], [105.2194244, -5.72061], [105.1538631, -5.752154299999986], [105.22276750000005, -5.779722499999969], [105.1632257, -5.8073707], [104.70789250000004, -5.5215318], [104.56055519999998, -5.512417699999957], [104.53146769999998, -5.544987399999964], [104.73378349999999, -5.93285860000002], [104.5624791, -5.931201300000029], [104.5638799, -5.865263300000019], [104.301185, -5.641934800000022], [104.3105031, -5.589076199999961], [104.069454, -5.408935700000035], [103.98788529999996, -5.259602799999981], [103.9042607, -5.232330300000039], [103.91379129999996, -5.132070299999986], [103.74763780000004, -5.041831900000011], [103.7185094, -4.969242399999969], [103.66085729999999, -4.992936899999984], [103.6275137, -4.929163], [103.413137, -4.865046300000026], [103.15139659999997, -4.6003091], [102.898832, -4.4876909], [102.79559940000003, -4.354263699999967], [102.28090319999998, -3.963874400000018], [102.307167, -3.890938900000036], [102.2206312, -3.664752099999975], [101.60804790000005, -3.230111900000027], [101.32293880000003, -2.738333400000032], [101.14025379999998, -2.626443], [100.8898316, -2.324504500000019], [100.820496, -2.157242500000029], [100.8799084, -2.04948830000003], [100.86258340000003, -1.92368849999996], [100.6438444, -1.621553100000012], [100.567911, -1.336187600000011], [100.40066629999995, -1.2710127], [100.43147970000004, -1.2022227], [100.379416, -1.145567200000015], [100.3484111, -1.171534300000038], [100.4140892, -1.0583061], [100.3253427, -0.851490299999986], [99.8177049, -0.299640299999988], [99.7420328, -0.0310595], [99.39764610000002, 0.150117200000038], [99.35296510000005, 0.231401399999969], [99.28445370000001, 0.234972400000027], [99.2629458, 0.201830800000041], [99.13797539999999, 0.2527657], [99.058351, 0.742450300000035], [98.97098780000005, 0.8473241], [98.85122240000003, 1.316073299999958], [98.71264249999999, 1.560646500000045], [98.76584240000004, 1.527754700000033], [98.83995189999999, 1.627872400000035], [98.79653430000002, 1.724917099999972], [98.70661860000001, 1.7857522], [98.67000750000001, 1.768031399999986], [98.73180610000001, 1.767967300000011], [98.7370367, 1.720771900000011], [98.68863249999998, 1.7322415], [98.46377229999999, 1.9870415], [98.26381650000003, 2.028058799999959], [97.98225310000002, 2.256299400000044], [97.77820710000003, 2.2399974], [97.66255579999996, 2.402915800000043], [97.5946582, 2.878518599999964], [97.37260510000002, 2.9863162], [97.00099889999996, 3.548073899999977], [96.77400420000002, 3.738022199999964], [96.4674699, 3.771000600000036], [96.19690689999996, 4.098497199999969], [96.024496, 4.194073], [95.4122095, 4.8194883], [95.306531, 5.1691867], [95.21336340000002, 5.280072099999984], [95.2528929, 5.376902400000034], [95.19377830000002, 5.526918799999976], [95.43246480000003, 5.656623899999964]]], [[[98.20587189999996, -0.1123993], [98.18750419999998, -0.143298299999978], [98.18235430000003, -0.119952400000029], [98.20587189999996, -0.1123993]]], [[[98.3202368, -0.122716799999962], [98.33479290000001, -0.1289551], [98.34692310000003, -0.142991299999979], [98.3202368, -0.122716799999962]]], [[[98.48506519999998, -0.110384700000028], [98.47130840000003, -0.109136799999982], [98.4727346, -0.099628800000035], [98.48506519999998, -0.110384700000028]]], [[[98.30261120000004, -0.096414800000028], [98.32009469999997, -0.114976299999975], [98.31057380000001, -0.117243100000037], [98.30261120000004, -0.096414800000028]]], [[[97.852603, -0.084453500000043], [97.88912419999998, -0.060610199999973], [97.900966, -0.110968099999981], [97.89139070000002, -0.113579599999964], [97.852603, -0.084453500000043]]], [[[98.29641830000003, -0.069269500000042], [98.3378671, -0.069276], [98.35717490000005, -0.089351600000038], [98.348096, -0.097815500000015], [98.29641830000003, -0.069269500000042]]], [[[98.2630026, -0.0542374], [98.29064430000004, -0.0800626], [98.28287220000001, -0.093919399999971], [98.2630026, -0.0542374]]], [[[98.31638990000003, -0.062371], [98.33254730000002, -0.052317599999958], [98.328885, -0.063160899999987], [98.31638990000003, -0.062371]]], [[[98.52517750000003, -0.0322779], [98.5463048, -0.0709962], [98.52599359999996, -0.054946699999975], [98.52517750000003, -0.0322779]]], [[[98.50618189999996, -0.051579], [98.48633489999996, -0.035678199999973], [98.49393709999997, -0.0284242], [98.50618189999996, -0.051579]]], [[[98.21880790000004, 0.004563799999973], [98.23492980000002, 0.003387], [98.21774879999998, -0.008851499999968], [98.21880790000004, 0.004563799999973]]], [[[98.2498237, -0.0001], [98.25353219999998, 0.012520299999979], [98.26624179999997, 0.0106077], [98.2498237, -0.0001]]], [[[98.2322985, 0.052034800000039], [98.2393027, 0.05994270000002], [98.23900140000002, 0.05301380000004], [98.2322985, 0.052034800000039]]], [[[98.56655160000004, 0.17326920000002], [98.80499889999997, 0.160510200000024], [98.8539187, 0.080577800000031], [98.6285334, 0.0651058], [98.53236110000003, 0.1079064], [98.56655160000004, 0.17326920000002]]], [[[99.311445, 0.181084599999986], [99.3045452, 0.192876900000021], [99.3130739, 0.193695499999984], [99.311445, 0.181084599999986]]], [[[99.27900209999996, 0.218171099999969], [99.29701210000002, 0.21467689999996], [99.291948, 0.208962600000023], [99.27900209999996, 0.218171099999969]]], [[[99.09020649999997, 0.365344799999983], [99.10512969999996, 0.362612400000033], [99.08947080000002, 0.361561500000034], [99.09020649999997, 0.365344799999983]]], [[[97.33195470000003, 0.8279073], [97.35718889999998, 0.8309969], [97.3589055, 0.813832500000016], [97.33195470000003, 0.8279073]]], [[[97.32354330000004, 0.843698499999961], [97.3180501, 0.860862700000025], [97.333843, 0.8495343], [97.32354330000004, 0.843698499999961]]], [[[102.69319349999998, 0.931536600000021], [102.7474181, 0.906312500000011], [102.77678810000002, 0.9129226], [102.69625589999995, 0.9355875], [102.76496390000001, 1.010212499999968], [102.87885860000004, 0.952044], [103.04567349999998, 0.826325799999966], [103.04927120000004, 0.718585], [102.99528510000003, 0.689044399999988], [102.85341279999999, 0.792683600000037], [102.57051060000005, 0.7669224], [102.4130551, 0.854060200000022], [102.4477307, 0.935417799999987], [102.481033, 0.9271791], [102.5597091, 0.9704886], [102.5899674, 1.00114770000001], [102.64102440000003, 0.989273], [102.74127459999998, 1.021540300000028], [102.6928019, 0.945020200000018], [102.69319349999998, 0.931536600000021]]], [[[97.37212350000004, 0.862750800000017], [97.36992680000002, 0.8468269], [97.36405540000004, 0.8531388], [97.37212350000004, 0.862750800000017]]], [[[97.35530069999999, 0.874594], [97.33689370000003, 0.857294], [97.32906529999997, 0.862064199999962], [97.35530069999999, 0.874594]]], [[[97.27862460000003, 0.911637100000034], [97.266798, 0.907754200000015], [97.2675923, 0.914372699999982], [97.27862460000003, 0.911637100000034]]], [[[102.61480349999997, 1.044649899999966], [102.4994508, 0.9454999], [102.48199179999997, 1.126158399999982], [102.61480349999997, 1.044649899999966]]], [[[97.34967019999996, 1.541217800000021], [97.48519320000003, 1.476656399999959], [97.68718409999997, 1.182026600000013], [97.79891969999997, 1.151427], [97.92067729999998, 1.023848799999987], [97.90072890000003, 0.6254178], [97.82828670000002, 0.544403600000026], [97.702397, 0.5644919], [97.6039124, 0.838364200000024], [97.48635130000001, 0.939838099999973], [97.4058443, 0.939765099999972], [97.25425659999998, 1.258562700000015], [97.05902649999996, 1.410968400000028], [97.27658639999997, 1.419202], [97.34967019999996, 1.541217800000021]]], [[[102.82934550000003, 1.068599699999966], [102.865075, 1.055949199999977], [102.82408389999998, 1.0534729], [102.82934550000003, 1.068599699999966]]], [[[102.48525230000001, 1.237845499999962], [102.43983729999998, 1.064448599999961], [102.48481250000003, 0.944990599999967], [102.43571739999997, 0.94876670000003], [102.39223739999998, 0.9105482], [102.24791980000003, 1.072686900000013], [102.21435070000003, 1.414047499999976], [102.29621840000001, 1.408996], [102.48525230000001, 1.237845499999962]]], [[[97.10242810000003, 1.205520799999976], [97.09618409999996, 1.19366], [97.09680850000002, 1.215508900000033], [97.10242810000003, 1.205520799999976]]], [[[97.09243779999997, 1.2306989], [97.08078249999998, 1.218838199999988], [97.08827519999998, 1.234028299999961], [97.09243779999997, 1.2306989]]], [[[98.82708050000002, 1.272221400000022], [98.81813169999998, 1.275656899999971], [98.82292830000002, 1.276301], [98.82708050000002, 1.272221400000022]]], [[[101.99896470000003, 1.585710500000042], [102.46939860000002, 1.508603100000022], [102.5035533, 1.251323899999973], [102.29545980000003, 1.428539099999975], [102.1065468, 1.467051], [101.99896470000003, 1.585710500000042]]], [[[97.23369530000004, 1.450471699999961], [97.25137380000002, 1.461548699999964], [97.25958350000002, 1.464821400000032], [97.23369530000004, 1.450471699999961]]], [[[98.59140190000002, 1.571814600000037], [98.57696539999996, 1.5768121], [98.59482850000003, 1.57855279999996], [98.59140190000002, 1.571814600000037]]], [[[98.53628179999998, 1.56712589999996], [98.5249067, 1.579689899999986], [98.54140759999999, 1.56867], [98.53628179999998, 1.56712589999996]]], [[[98.57690920000002, 1.59304], [98.56977520000004, 1.613816], [98.58836850000004, 1.5933208], [98.57690920000002, 1.59304]]], [[[98.50662080000004, 1.651008799999969], [98.56284040000001, 1.677818199999964], [98.6106476, 1.613258699999969], [98.46095879999999, 1.637624800000042], [98.45924219999998, 1.7011125], [98.50662080000004, 1.651008799999969]]], [[[101.38167719999996, 1.801700099999975], [101.3720263, 1.782996099999961], [101.3798292, 1.8050378], [101.38167719999996, 1.801700099999975]]], [[[101.40961460000003, 1.810258], [101.393487, 1.792596299999987], [101.3982013, 1.8278787], [101.40961460000003, 1.810258]]], [[[101.35596189999998, 1.880195199999973], [101.36512029999996, 1.885259799999977], [101.36694390000004, 1.870424300000034], [101.35596189999998, 1.880195199999973]]], [[[101.78087250000003, 1.9802112], [101.73107290000003, 1.7590649], [101.56439470000004, 1.69429039999997], [101.45150769999998, 1.729343800000043], [101.396351, 1.993249700000026], [101.46604549999998, 2.06324359999998], [101.577515, 2.0319559], [101.65567839999999, 2.125195699999976], [101.78087250000003, 1.9802112]]], [[[100.81804509999996, 2.0897656], [100.870229, 1.9955809], [100.79349639999998, 2.094738], [100.81804509999996, 2.0897656]]], [[[97.13088750000003, 2.010820499999982], [97.0771575, 2.079098200000045], [97.09947349999999, 2.113579], [97.16350320000002, 2.07155], [97.13088750000003, 2.010820499999982]]], [[[96.6780823, 2.112836899999964], [96.61629839999998, 2.077518900000024], [96.6245803, 2.121526799999989], [96.6780823, 2.112836899999964]]], [[[97.11303470000001, 2.214787], [97.29310750000002, 2.200378099999972], [97.359036, 2.098532199999974], [97.33887339999997, 2.033268], [97.2341456, 2.167676499999976], [97.11303470000001, 2.214787]]], [[[96.63518120000003, 2.185933799999978], [96.63272329999997, 2.152643300000017], [96.60908870000003, 2.1821599], [96.63518120000003, 2.185933799999978]]], [[[97.44210959999998, 2.1907721], [97.43914990000005, 2.162497900000043], [97.44236069999997, 2.1582348], [97.43109230000003, 2.164365], [97.42907029999996, 2.180140299999971], [97.44210959999998, 2.1907721]]], [[[97.30745579999999, 2.1832235], [97.31893639999998, 2.187190899999985], [97.3126699, 2.180833400000031], [97.30745579999999, 2.1832235]]], [[[100.65362889999999, 2.2162784], [100.68405090000002, 2.159964], [100.63218390000002, 2.2162784], [100.65362889999999, 2.2162784]]], [[[100.73889040000002, 2.261819900000022], [100.7777029, 2.185478100000021], [100.78510619999997, 2.120916], [100.7139742, 2.1963444], [100.73889040000002, 2.261819900000022]]], [[[97.2132574, 2.233290900000034], [97.22640369999998, 2.228784300000013], [97.22378080000003, 2.223574499999986], [97.2132574, 2.233290900000034]]], [[[97.27405309999997, 2.27310710000001], [97.26306680000002, 2.286314599999988], [97.28297950000002, 2.2739647], [97.27405309999997, 2.27310710000001]]], [[[97.25002050000005, 2.28408469999996], [97.25757359999999, 2.285628499999975], [97.255857, 2.277566799999969], [97.25002050000005, 2.28408469999996]]], [[[97.316253, 2.294219800000013], [97.31027369999998, 2.31077240000001], [97.31430840000004, 2.309427700000038], [97.316253, 2.294219800000013]]], [[[101.0036099, 2.306068800000032], [101.02661249999996, 2.298693299999959], [100.988847, 2.301780699999972], [101.0036099, 2.306068800000032]]], [[[97.42030860000004, 2.3031239], [97.38060240000001, 2.3620124], [97.40657570000002, 2.34669], [97.42030860000004, 2.3031239]]], [[[96.201474, 2.350271400000031], [96.19147089999996, 2.358654], [96.20437809999996, 2.358761400000036], [96.201474, 2.350271400000031]]], [[[96.23600080000004, 2.3591913], [96.2465417, 2.3425335], [96.21685509999998, 2.358976399999973], [96.23600080000004, 2.3591913]]], [[[96.509956, 2.414966499999965], [96.48822889999995, 2.437318900000045], [96.5170989, 2.426049799999957], [96.509956, 2.414966499999965]]], [[[95.91770720000004, 2.527823800000045], [95.93870080000005, 2.54671960000003], [95.9622184, 2.5213386], [95.91770720000004, 2.527823800000045]]], [[[100.1100523, 2.631588800000022], [100.124532, 2.546522100000031], [100.11577730000003, 2.552524299999986], [100.1100523, 2.631588800000022]]], [[[95.76824109999998, 2.8965133], [95.9053985, 2.894456], [95.8896057, 2.825877], [96.0995, 2.75425], [96.15159190000003, 2.688863100000043], [96.08856539999995, 2.678878099999976], [96.11826079999999, 2.6362806], [96.19131920000002, 2.620334900000037], [96.16207, 2.678275799999968], [96.35054909999997, 2.54605180000002], [96.3846532, 2.456038800000043], [96.404393, 2.512696300000011], [96.45399210000004, 2.475566900000031], [96.49874420000002, 2.363125800000015], [96.34410180000005, 2.341492800000038], [96.31465020000002, 2.418433500000033], [96.07560789999997, 2.569866600000042], [95.799, 2.62925], [95.76274790000004, 2.714599], [95.69150839999996, 2.772039599999959], [95.78866879999997, 2.826048399999976], [95.76824109999998, 2.8965133]]], [[[96.3781931, 2.645704199999981], [96.36509380000001, 2.6626618], [96.39643589999996, 2.645020800000013], [96.3781931, 2.645704199999981]]], [[[95.73155039999997, 2.7017891], [95.7294093, 2.711727400000024], [95.7475451, 2.714243500000018], [95.73155039999997, 2.7017891]]], [[[95.3860784, 2.980907400000028], [95.40295680000004, 2.971894900000045], [95.3975591, 2.961884099999974], [95.3860784, 2.980907400000028]]], [[[98.23656370000003, 4.14341809999998], [98.27319320000004, 4.169482200000036], [98.27319320000004, 4.140718900000024], [98.23656370000003, 4.14341809999998]]], [[[95.38169590000004, 4.8586596], [95.36501069999998, 4.875616400000045], [95.389485, 4.874559800000018], [95.38169590000004, 4.8586596]]], [[[95.28911690000002, 5.12079509999996], [95.283871, 5.107845299999987], [95.28145560000002, 5.115156599999988], [95.28911690000002, 5.12079509999996]]], [[[95.16862359999999, 5.562289199999988], [95.16810860000001, 5.5498168], [95.149883, 5.551804799999989], [95.16862359999999, 5.562289199999988]]], [[[95.1938898, 5.580678399999979], [95.21485829999999, 5.5796534], [95.18279680000002, 5.5745599], [95.1938898, 5.580678399999979]]], [[[95.14005879999996, 5.660032], [95.19444270000002, 5.605080800000035], [95.11791440000005, 5.601094499999988], [95.14005879999996, 5.660032]]], [[[95.05638310000005, 5.620559399999987], [95.0855655, 5.644305099999976], [95.0879688, 5.639009400000035], [95.05638310000005, 5.620559399999987]]], [[[95.07303420000002, 5.7271513], [95.1061649, 5.712461899999983], [95.14358710000005, 5.666], [95.05672640000003, 5.64720920000001], [95.059473, 5.7198066], [95.01098450000003, 5.723905], [95.07303420000002, 5.7271513]]], [[[95.21688550000003, 5.907234800000012], [95.29819860000005, 5.838545299999982], [95.33756229999997, 5.896143599999988], [95.37504710000005, 5.80522089999997], [95.28506260000003, 5.78017939999997], [95.21688550000003, 5.907234800000012]]], [[[103.839143, -5.123455599999966], [103.8508767, -5.1156081], [103.85179280000004, -5.125878499999976], [103.839143, -5.123455599999966]]], [[[104.2101526, -1.035530299999971], [104.2363727, -1.049635499999974], [104.20716010000002, -1.061033599999989], [104.21328760000004, -1.045503699999967], [104.2101526, -1.035530299999971]]], [[[104.20630509999998, -1.031968399999956], [104.2016026, -1.055619500000022], [104.19105759999997, -1.035102899999957], [104.20630509999998, -1.031968399999956]]], [[[104.2288788, -0.393236100000022], [104.210081, -0.4283602], [104.18913490000004, -0.393665700000041], [104.2288788, -0.393236100000022]]], [[[104.17764140000004, -0.379487200000012], [104.16109940000003, -0.375620299999985], [104.16195869999999, -0.369605100000021], [104.17764140000004, -0.379487200000012]]], [[[104.23489410000005, -0.368638399999972], [104.1866643, -0.388939499999969], [104.17388190000001, -0.366060500000016], [104.23489410000005, -0.368638399999972]]], [[[104.271308, -0.3589712], [104.25745140000002, -0.3609046], [104.2684078, -0.342751700000028], [104.271308, -0.3589712]]], [[[104.16163640000005, -0.3388848], [104.154731, -0.3649803], [104.14147179999998, -0.3502109], [104.16163640000005, -0.3388848]]], [[[104.2211448, -0.343396199999974], [104.23854619999997, -0.333514099999983], [104.23339020000004, -0.356393200000033], [104.2211448, -0.343396199999974]]], [[[103.56901, -0.186256799999979], [103.53431290000005, -0.205367199999957], [103.478926, -0.202449], [103.52687920000004, -0.179754400000027], [103.56901, -0.186256799999979]]], [[[104.32655959999997, 0.1053034], [104.29209739999996, 0.143927], [104.30029029999999, 0.151859799999981], [104.29040679999997, 0.176048300000014], [104.32655959999997, 0.1053034]]], [[[104.35004979999997, 0.190465399999978], [104.38303560000003, 0.154935299999986], [104.39533449999996, 0.113938799999962], [104.36131320000003, 0.155235], [104.35004979999997, 0.190465399999978]]], [[[104.28221380000002, 0.153680399999983], [104.29300769999996, 0.159532500000042], [104.29183730000003, 0.147308199999967], [104.28221380000002, 0.153680399999983]]], [[[104.23136579999996, 0.156021299999958], [104.2166706, 0.193734500000014], [104.23565730000004, 0.2006269], [104.23136579999996, 0.156021299999958]]], [[[104.34298110000005, 0.176564800000028], [104.33074030000003, 0.205648], [104.33138450000004, 0.207856800000011], [104.34298110000005, 0.176564800000028]]], [[[104.34630210000003, 0.276371499999966], [104.36223789999997, 0.2494036], [104.32693409999996, 0.2822554], [104.3423182, 0.275574800000038], [104.34630210000003, 0.276371499999966]]], [[[104.35130130000003, 0.273528], [104.36548629999999, 0.268832799999979], [104.36585410000004, 0.2608037], [104.35130130000003, 0.273528]]], [[[104.34727890000002, 0.2879363], [104.33124949999997, 0.282833400000031], [104.32818770000003, 0.2912382], [104.34727890000002, 0.2879363]]], [[[104.36643020000001, 0.307207399999958], [104.35544370000004, 0.278330799999987], [104.3334107, 0.324137099999982], [104.36643020000001, 0.307207399999958]]], [[[104.3066988, 0.3867132], [104.32048120000002, 0.366775], [104.30421789999998, 0.381935400000016], [104.3066988, 0.3867132]]], [[[103.56191269999998, 0.442485099999972], [103.5914384, 0.40678050000002], [103.54268660000001, 0.446604800000044], [103.56191269999998, 0.442485099999972]]], [[[104.38246279999997, 0.4768111], [104.38434659999996, 0.497467100000042], [104.39045259999997, 0.493634700000028], [104.38246279999997, 0.4768111]]], [[[104.26838360000004, 0.499134900000014], [104.258659, 0.497109], [104.25825389999999, 0.500958199999973], [104.26838360000004, 0.499134900000014]]], [[[104.2837808, 0.5256737], [104.29593639999999, 0.486574500000019], [104.29573380000002, 0.475837399999984], [104.2837808, 0.5256737]]], [[[103.62352569999997, 0.507821500000032], [103.569624, 0.551078400000032], [103.57752040000004, 0.558459400000027], [103.62352569999997, 0.507821500000032]]], [[[103.6381303, 0.5176701], [103.62027749999999, 0.528312700000038], [103.63538370000003, 0.5348355], [103.6381303, 0.5176701]]], [[[103.56241309999999, 0.547566200000043], [103.5643014, 0.536408799999959], [103.55777830000002, 0.540528400000023], [103.56241309999999, 0.547566200000043]]], [[[104.24025519999998, 0.532176900000019], [104.22124219999998, 0.556757800000012], [104.23708509999996, 0.553797], [104.24025519999998, 0.532176900000019]]], [[[104.22046189999999, 0.559878899999971], [104.20662440000002, 0.567369499999975], [104.21770480000004, 0.5677336], [104.22046189999999, 0.559878899999971]]], [[[103.66147630000005, 0.552344199999959], [103.66559610000004, 0.565733100000026], [103.66765610000004, 0.553030800000014], [103.66147630000005, 0.552344199999959]]], [[[104.194828, 0.608914700000012], [104.19308170000002, 0.564307], [104.197114, 0.541098300000014], [104.18504869999998, 0.586309299999959], [104.194828, 0.608914700000012]]], [[[103.15866279999997, 0.683042599999977], [103.28025489999997, 0.653336899999973], [103.28561310000002, 0.529810399999969], [103.16353060000003, 0.502030599999975], [103.15866279999997, 0.683042599999977]]], [[[103.05472530000002, 0.6528906], [103.06781669999998, 0.5639595], [103.03435059999997, 0.659258700000025], [103.05472530000002, 0.6528906]]], [[[103.64797359999999, 0.6111398], [103.64977059999998, 0.622411300000019], [103.66382, 0.613481200000015], [103.64797359999999, 0.6111398]]], [[[103.68635259999996, 0.604898200000042], [103.672795, 0.636846699999987], [103.706437, 0.6150257], [103.68635259999996, 0.604898200000042]]], [[[104.10475, 0.62475], [104.0835, 0.60275], [104.08375, 0.645], [104.10475, 0.62475]]], [[[104.24272670000002, 0.6354663], [104.23594319999998, 0.657048799999965], [104.25115470000004, 0.636288499999987], [104.24272670000002, 0.6354663]]], [[[103.11396910000002, 0.6460485], [103.0941702, 0.652876199999957], [103.10953390000005, 0.667359100000036], [103.11396910000002, 0.6460485]]], [[[103.46373159999997, 0.620632700000028], [103.48499549999997, 0.679654500000042], [103.5219785, 0.691373599999972], [103.46373159999997, 0.620632700000028]]], [[[104.26690559999996, 0.667529899999957], [104.28579869999999, 0.661487300000035], [104.28897169999998, 0.611018199999974], [104.21029570000003, 0.717398499999982], [104.26690559999996, 0.667529899999957]]], [[[104.3084239, 0.66821], [104.3261843, 0.6797206], [104.32881550000002, 0.658754799999988], [104.3084239, 0.66821]]], [[[103.58490079999999, 0.670125499999957], [103.56721960000004, 0.677849800000024], [103.5845574, 0.672700300000011], [103.58490079999999, 0.670125499999957]]], [[[104.28030320000003, 0.6726498], [104.29584360000004, 0.690573400000021], [104.30102370000002, 0.671416500000015], [104.28030320000003, 0.6726498]]], [[[103.58198250000002, 0.680424499999981], [103.58764730000003, 0.695529600000027], [103.5881623, 0.677163199999969], [103.58198250000002, 0.680424499999981]]], [[[104.30875280000004, 0.697808600000032], [104.33531120000004, 0.687613499999989], [104.33621570000001, 0.681364899999986], [104.30875280000004, 0.697808600000032]]], [[[103.50206349999998, 0.7060372], [103.5168999, 0.693977899999981], [103.4959342, 0.6924153], [103.50206349999998, 0.7060372]]], [[[103.74833689999997, 0.7322339], [103.7435304, 0.684859], [103.69409190000003, 0.710949600000015], [103.6927186, 0.726741200000019], [103.74833689999997, 0.7322339]]], [[[103.68173229999995, 0.732577199999989], [103.67485130000003, 0.7118362], [103.65598310000001, 0.7394431], [103.68173229999995, 0.732577199999989]]], [[[103.55623329999999, 0.744964200000025], [103.57185450000001, 0.735695199999958], [103.567563, 0.725396400000038], [103.55623329999999, 0.744964200000025]]], [[[104.26811510000003, 0.781915600000021], [104.31110250000002, 0.7079943], [104.25123410000003, 0.6924559], [104.170961, 0.777848300000022], [104.26811510000003, 0.781915600000021]]], [[[104.35704290000001, 0.74181570000002], [104.29969979999998, 0.757401799999984], [104.33059889999997, 0.760148100000018], [104.35704290000001, 0.74181570000002]]], [[[103.73201460000001, 0.757322700000012], [103.72892469999998, 0.7487404], [103.72051319999998, 0.753546500000029], [103.73201460000001, 0.757322700000012]]], [[[103.110159, 0.792547599999976], [103.08440980000005, 0.717709799999982], [103.09711280000003, 0.797010400000014], [103.110159, 0.792547599999976]]], [[[103.40198490000002, 0.6540274], [103.34499340000004, 0.802674100000027], [103.3764989, 0.8970357], [103.41416909999997, 0.839090800000013], [103.4259678, 0.829795800000015], [103.471262, 0.816619300000026], [103.51442309999997, 0.751008800000024], [103.45892510000002, 0.638484400000044], [103.40198490000002, 0.6540274]]], [[[103.95046790000005, 0.763849699999957], [103.96677579999997, 0.767797500000016], [103.95578939999999, 0.760245099999961], [103.95046790000005, 0.763849699999957]]], [[[103.55476359999999, 0.7844798], [103.5317609, 0.76147920000002], [103.53624510000004, 0.7961666], [103.55476359999999, 0.7844798]]], [[[103.84397480000003, 0.78430019999997], [103.83410770000003, 0.783688399999976], [103.836078, 0.802641700000011], [103.84397480000003, 0.78430019999997]]], [[[103.7038621, 0.803838600000011], [103.70472039999997, 0.753374900000042], [103.66060340000003, 0.8280404], [103.7038621, 0.803838600000011]]], [[[103.9193972, 0.7540658], [103.88639960000002, 0.794570700000035], [103.89666019999997, 0.803082], [103.90618059999997, 0.818160299999986], [103.90631960000002, 0.8330997], [103.9193972, 0.7540658]]], [[[104.14562729999999, 0.799601900000029], [104.14161730000002, 0.819998899999968], [104.15068350000001, 0.789316200000039], [104.14562729999999, 0.799601900000029]]], [[[103.11008650000002, 0.813186500000034], [103.0826207, 0.7967086], [103.07506759999997, 0.821940300000017], [103.11008650000002, 0.813186500000034]]], [[[103.77837490000002, 0.8744802], [103.82413029999998, 0.750966299999972], [103.71725370000003, 0.87261360000001], [103.77837490000002, 0.8744802]]], [[[103.52755989999996, 0.780739699999982], [103.52765859999995, 0.765843099999957], [103.47572519999997, 0.8203955], [103.43311850000003, 0.830957699999962], [103.41086189999997, 0.88535069999997], [103.52755989999996, 0.780739699999982]]], [[[104.3681927, 0.8272613], [104.35239989999998, 0.846313599999975], [104.3642445, 0.854037600000018], [104.3681927, 0.8272613]]], [[[103.88332339999995, 0.797009799999964], [103.8123192, 0.898117800000014], [103.9042348, 0.817396], [103.88332339999995, 0.797009799999964]]], [[[103.6933907, 0.823234399999977], [103.68223279999998, 0.839197300000032], [103.65614019999997, 0.874040600000042], [103.67038809999995, 0.864085400000041], [103.6933907, 0.823234399999977]]], [[[103.70248879999997, 0.858421199999986], [103.6961373, 0.8381674], [103.69699560000004, 0.859279400000029], [103.70248879999997, 0.858421199999986]]], [[[104.07772489999998, 0.96030750000004], [104.16746759999998, 0.866891799999985], [104.26612959999997, 0.8589689], [104.1811308, 0.782841399999972], [104.0922468, 0.870781], [104.09520919999997, 0.92696939999996], [104.07772489999998, 0.96030750000004]]], [[[103.48673420000003, 0.856475700000042], [103.40694689999997, 0.909535], [103.47487240000002, 0.9145211], [103.48673420000003, 0.856475700000042]]], [[[103.75437839999998, 0.8838171], [103.75154060000001, 0.9015258], [103.76729959999997, 0.8837086], [103.75437839999998, 0.8838171]]], [[[103.51340749999996, 0.908259900000024], [103.49742870000001, 0.8672119], [103.48913750000003, 0.92719159999996], [103.51340749999996, 0.908259900000024]]], [[[103.33936840000003, 0.894357600000022], [103.33414820000003, 0.902184300000036], [103.33803820000001, 0.917627900000022], [103.33936840000003, 0.894357600000022]]], [[[104.05167920000002, 0.90050440000004], [104.04684149999997, 0.921756600000039], [104.05679789999998, 0.917980599999984], [104.05167920000002, 0.90050440000004]]], [[[104.19330679999999, 0.905401799999977], [104.21390609999997, 0.915871800000028], [104.1950234, 0.899051099999964], [104.19330679999999, 0.905401799999977]]], [[[103.96461910000004, 0.918798299999962], [103.9473102, 0.915337], [103.94742560000003, 0.923759600000034], [103.96461910000004, 0.918798299999962]]], [[[104.1893586, 0.918961300000037], [104.15876489999997, 0.925624699999988], [104.19498649999997, 0.937233300000011], [104.1893586, 0.918961300000037]]], [[[103.45873239999997, 0.9236916], [103.43922520000002, 0.93821990000002], [103.46130659999997, 0.928439], [103.45873239999997, 0.9236916]]], [[[103.41844879999995, 0.913627400000044], [103.41717829999999, 0.949648499999983], [103.4388954, 0.92982609999998], [103.41844879999995, 0.913627400000044]]], [[[103.76453380000002, 0.940502200000031], [103.777065, 0.946852800000036], [103.7732885, 0.931062100000018], [103.76453380000002, 0.940502200000031]]], [[[103.46176870000002, 0.959500399999962], [103.47509590000004, 0.919883400000037], [103.42625629999998, 0.95616419999997], [103.46176870000002, 0.959500399999962]]], [[[104.06033079999999, 0.973853100000015], [104.06846280000005, 0.914507500000033], [104.0459725, 0.964477199999985], [104.06033079999999, 0.973853100000015]]], [[[104.167329, 0.9430181], [104.14112169999997, 0.956378500000026], [104.198285, 0.948139900000038], [104.167329, 0.9430181]]], [[[103.98687070000004, 0.974542400000027], [103.99116750000002, 0.945705200000029], [103.98188479999997, 0.976183800000035], [103.98687070000004, 0.974542400000027]]], [[[103.79299450000003, 0.964122400000027], [103.78713990000004, 0.9583662], [103.77962650000002, 0.964707799999969], [103.79299450000003, 0.964122400000027]]], [[[104.08285420000001, 0.971157700000019], [104.0942283, 0.969741800000017], [104.09547310000005, 0.957945900000039], [104.08285420000001, 0.971157700000019]]], [[[104.15612290000003, 0.957838], [104.14215170000001, 0.974743599999977], [104.17650110000001, 0.967708900000035], [104.15612290000003, 0.957838]]], [[[103.86790830000001, 1.037473400000016], [103.96761930000002, 0.966102800000018], [103.9426945, 0.926413200000036], [103.94350230000005, 0.9093374], [103.831676, 0.989742300000012], [103.86790830000001, 1.037473400000016]]], [[[104.10783619999998, 0.9687958], [104.113171, 0.98325169999997], [104.12229429999995, 0.965780900000029], [104.10783619999998, 0.9687958]]], [[[104.2583688, 0.97437510000004], [104.24085179999996, 0.996702199999982], [104.26245930000005, 0.987171400000014], [104.2583688, 0.97437510000004]]], [[[103.97796210000004, 0.981983400000013], [103.9623257, 0.982814500000034], [103.94281, 0.999121400000041], [103.97796210000004, 0.981983400000013]]], [[[103.37476770000004, 0.987620200000022], [103.38947740000005, 0.989002], [103.3894447, 0.983708700000035], [103.37476770000004, 0.987620200000022]]], [[[104.11525850000001, 0.996548100000021], [104.1331185, 0.987812699999962], [104.11634090000004, 0.986343900000024], [104.11525850000001, 0.996548100000021]]], [[[103.1571303, 0.863620300000017], [103.08309570000003, 0.8290721], [102.8806637, 0.9683333], [102.80446630000004, 0.994634499999963], [102.79364160000004, 1.028376599999985], [102.87416569999996, 1.044940899999974], [102.8615337, 1.070750400000014], [102.81716419999997, 1.072229800000029], [102.77801019999997, 1.018794200000011], [102.73612480000003, 1.039733499999967], [102.6236707, 1.0180824], [102.7350789, 1.152297500000026], [102.84311309999998, 1.1404195], [103.0027582, 1.072454300000041], [103.1571303, 0.863620300000017]]], [[[103.80085190000001, 0.990662300000016], [103.74997729999998, 1.025951699999988], [103.76910240000002, 1.04839070000004], [103.79154520000003, 1.0462444], [103.80085190000001, 0.990662300000016]]], [[[104.15584649999998, 1.01598520000003], [104.17112440000002, 0.995732300000023], [104.15807809999998, 0.995560700000036], [104.15584649999998, 1.01598520000003]]], [[[104.10172819999997, 1.014869099999965], [104.10891860000001, 1.004896899999979], [104.0995634, 1.004433099999973], [104.10172819999997, 1.014869099999965]]], [[[104.09368509999999, 1.017155200000024], [104.10522410000003, 1.0223493], [104.095609, 1.005842699999986], [104.09368509999999, 1.017155200000024]]], [[[103.8759149, 1.04551170000004], [103.88937349999996, 1.033334799999979], [103.88271040000004, 1.032055299999984], [103.8759149, 1.04551170000004]]], [[[104.1577348, 1.043961500000028], [104.18314070000004, 1.049282099999987], [104.16988340000002, 1.022964199999981], [104.1577348, 1.043961500000028]]], [[[103.827808, 1.053895100000018], [103.823033, 1.043830500000025], [103.81851609999997, 1.048991800000037], [103.827808, 1.053895100000018]]], [[[103.8701378, 1.059056300000021], [103.846779, 1.0366047], [103.8319378, 1.062153100000012], [103.85374789999997, 1.074669199999983], [103.85774859999997, 1.06873370000004], [103.8701378, 1.059056300000021]]], [[[103.82522690000003, 1.059443399999987], [103.81283769999999, 1.0633144], [103.81735459999997, 1.067443400000039], [103.82522690000003, 1.059443399999987]]], [[[103.35068629999998, 1.1350156], [103.37631589999997, 1.055954499999972], [103.44542289999998, 0.992179400000042], [103.32841380000002, 1.017051599999979], [103.35068629999998, 1.1350156]]], [[[103.81903229999996, 1.0689918], [103.8290986, 1.077249799999985], [103.8267756, 1.0671854], [103.81903229999996, 1.0689918]]], [[[103.86020059999998, 1.068088600000044], [103.85658709999997, 1.083185300000016], [103.86975060000003, 1.0639596], [103.86020059999998, 1.068088600000044]]], [[[104.09663980000003, 1.1996041], [104.13682169999998, 1.039577400000018], [104.08251620000003, 1.028588400000013], [104.10137829999998, 0.9829633], [103.9098126, 1.03893], [103.92445890000002, 1.1452993], [104.000275, 1.12039120000002], [104.02510390000005, 1.191684800000042], [104.0750351, 1.120362799999979], [104.09663980000003, 1.1996041]]], [[[103.79128569999996, 1.0977657], [103.813302, 1.092462799999987], [103.81222229999996, 1.083797400000035], [103.79128569999996, 1.0977657]]], [[[103.31069210000001, 1.1278537], [103.29572029999999, 1.125507799999975], [103.30097159999998, 1.142040600000021], [103.31069210000001, 1.1278537]]], [[[103.39296619999996, 1.163066500000037], [103.39431459999997, 1.1297987], [103.380853, 1.160296199999971], [103.39296619999996, 1.163066500000037]]], [[[103.88765819999998, 1.158632900000017], [103.889428, 1.1419136], [103.874092, 1.1434938], [103.88765819999998, 1.158632900000017]]], [[[105.55257649999999, -7.026350200000027], [105.53050380000005, -7.03278819999998], [105.53771339999999, -7.021144499999983], [105.55257649999999, -7.026350200000027]]], [[[105.53610939999996, -7.0148833], [105.5492456, -6.99501769999998], [105.57029110000003, -7.009300799999958], [105.53610939999996, -7.0148833]]], [[[105.76580860000003, -6.971128099999986], [105.81259629999995, -6.9487511], [105.82021, -6.95092969999996], [105.76580860000003, -6.971128099999986]]], [[[105.24800459999997, -6.749452300000043], [105.2677263, -6.737066899999962], [105.25859089999997, -6.750712400000032], [105.24800459999997, -6.749452300000043]]], [[[105.26104650000002, -6.539329399999956], [105.18427809999997, -6.679613599999963], [105.17599050000003, -6.578038299999974], [105.10136339999997, -6.620598300000043], [105.18448370000003, -6.5391055], [105.26104650000002, -6.539329399999956]]], [[[105.45729139999997, -6.135203899999982], [105.42659450000004, -6.162586299999957], [105.42027329999998, -6.1415159], [105.45729139999997, -6.135203899999982]]], [[[105.42339670000004, -6.0899646], [105.42273230000004, -6.11056660000003], [105.41697659999997, -6.092424], [105.42339670000004, -6.0899646]]], [[[105.45037440000002, -6.0811707], [105.46569739999997, -6.0878627], [105.45340749999997, -6.108330400000013], [105.45037440000002, -6.0811707]]], [[[105.38180929999997, -6.101884500000028], [105.38199040000003, -6.079996700000019], [105.403741, -6.073941500000031], [105.38180929999997, -6.101884500000028]]], [[[105.86623560000004, -5.967429100000017], [105.82976329999998, -5.950651100000022], [105.85520480000004, -5.9378564], [105.86623560000004, -5.967429100000017]]], [[[105.50191709999999, -5.9685441], [105.4785804, -5.926036199999969], [105.510768, -5.927785899999967], [105.50191709999999, -5.9685441]]], [[[106.16058160000004, -5.9216107], [106.15522380000003, -5.944821100000016], [106.13947180000001, -5.921526100000015], [106.16058160000004, -5.9216107]]], [[[105.7473922, -5.8985541], [105.76790710000002, -5.882633100000041], [105.74917479999998, -5.901068799999972], [105.7473922, -5.8985541]]], [[[105.52438629999997, -5.845821200000041], [105.50584469999998, -5.902468599999973], [105.49267319999996, -5.883616100000018], [105.52438629999997, -5.845821200000041]]], [[[105.7732528, -5.861491799999981], [105.7927067, -5.849717099999981], [105.78538530000004, -5.868393600000029], [105.7732528, -5.861491799999981]]], [[[105.29159830000003, -5.788973599999976], [105.28379769999997, -5.839801699999987], [105.22800260000002, -5.832278500000039], [105.29159830000003, -5.788973599999976]]], [[[106.26595480000003, -5.807810399999965], [106.283068, -5.816322899999967], [106.2539361, -5.81087719999996], [106.26595480000003, -5.807810399999965]]], [[[105.33039260000001, -5.8066364], [105.3056212, -5.793247700000033], [105.3129455, -5.7840651], [105.33039260000001, -5.8066364]]], [[[104.85802179999999, -5.842749099999963], [104.8141661, -5.824647200000029], [104.78143250000004, -5.7603545], [104.85336680000005, -5.801969899999977], [104.85802179999999, -5.842749099999963]]], [[[105.2271553, -5.688295300000042], [105.2122686, -5.662460300000023], [105.2410296, -5.668800599999975], [105.2271553, -5.688295300000042]]], [[[105.22478010000003, -5.6179718], [105.21413709999996, -5.638471900000027], [105.20898720000001, -5.6227552], [105.22478010000003, -5.6179718]]], [[[105.27051560000004, -5.5719765], [105.27915790000003, -5.5610736], [105.28192860000004, -5.5717382], [105.27051560000004, -5.5719765]]], [[[106.6779486, -2.968613], [106.66610640000002, -2.9600096], [106.67711710000003, -2.9590991], [106.6779486, -2.968613]]], [[[105.7901456, -2.422374699999958], [105.80216190000002, -2.405223800000018], [105.8019353, -2.415625600000022], [105.7901456, -2.422374699999958]]], [[[105.88867690000002, -1.500206299999968], [106.04856450000003, -1.598999900000015], [106.03130149999996, -1.684540300000032], [106.18665960000001, -1.896779], [106.15598979999999, -2.089553], [106.3008223, -2.419881], [106.849294, -2.571024900000014], [106.7112782, -2.641333199999957], [106.601415, -2.866292599999982], [106.59506350000004, -2.945155400000028], [106.694884, -3.0011785], [106.74352720000003, -3.006240599999972], [106.73889889999998, -3.085787400000035], [106.51421860000004, -3.113662199999984], [106.41802290000001, -2.9665714], [105.95037460000002, -2.818901599999963], [105.88680580000002, -2.642885200000029], [105.93565259999995, -2.47626739999996], [105.80267459999997, -2.364707899999969], [105.75890090000003, -2.143950800000011], [105.56046040000003, -2.083224], [105.30451319999997, -2.15167010000002], [105.227609, -2.0648683], [105.12615709999997, -2.07327419999997], [105.127187, -1.957646], [105.38759739999998, -1.799287800000011], [105.32099270000005, -1.696510500000043], [105.46076589999996, -1.561453], [105.88867690000002, -1.500206299999968]]], [[[106.2790568, -2.153758599999984], [106.2668079, -2.152570199999976], [106.2769757, -2.1491536], [106.2790568, -2.153758599999984]]], [[[104.5211672, -0.362343599999965], [104.59294290000004, -0.491938399999976], [104.50456909999997, -0.643623200000027], [104.43012790000002, -0.57385540000004], [104.35884450000005, -0.682673499999959], [104.331409, -0.5131855], [104.244099, -0.485927099999978], [104.2760434, -0.39922329999998], [104.3246622, -0.3398553], [104.31057680000005, -0.41738909999996], [104.34484679999996, -0.444593799999977], [104.3426241, -0.393299699999956], [104.40254189999999, -0.408064900000033], [104.43979909999997, -0.3420879], [104.5211672, -0.362343599999965]]], [[[104.471086, -0.277766299999966], [104.4391415, -0.330070199999961], [104.38648580000003, -0.297599599999982], [104.471086, -0.277766299999966]]], [[[104.6683588, -0.0766383], [104.6260992, -0.080361599999963], [104.750458, -0.188151399999976], [104.81580220000002, -0.2036651], [104.828958, -0.135404600000017], [105.00190609999999, -0.303821399999988], [104.91744889999997, -0.278254899999981], [104.91900019999999, -0.335655299999955], [104.84813309999998, -0.322127400000022], [104.70286159999998, -0.202175799999955], [104.52218249999999, -0.275348899999967], [104.43007889999996, -0.2370862], [104.5064297, -0.127124100000026], [104.49379230000002, 0.0017067], [104.51151969999997, -0.0089561], [104.5578567, -0.000224], [104.5515491, 0.028787], [104.6683588, -0.0766383]]], [[[104.91545630000003, -0.1387438], [104.92513570000004, -0.13291779999996], [104.92178689999999, -0.139477799999971], [104.91545630000003, -0.1387438]]], [[[104.74025429999999, -0.106130099999985], [104.76572360000003, -0.1543314], [104.731103, -0.0997947], [104.74025429999999, -0.106130099999985]]], [[[104.711158, -0.061312399999986], [104.72594079999998, -0.089235500000024], [104.68910109999999, -0.046529599999962], [104.711158, -0.061312399999986]]], [[[104.66094329999999, -0.013444300000016], [104.6752569, -0.030104300000017], [104.65836220000003, -0.01579080000001], [104.66094329999999, -0.013444300000016]]], [[[104.53722320000003, 0.018762299999969], [104.52318770000002, -0.0009104], [104.51398410000004, 0.013125100000016], [104.53722320000003, 0.018762299999969]]], [[[104.50823189999998, 0.035904], [104.4930459, 0.040505800000028], [104.51386910000002, 0.045682900000015], [104.50823189999998, 0.035904]]], [[[104.53377190000002, 0.0502847], [104.5308958, 0.03832], [104.52203729999997, 0.0509749], [104.53377190000002, 0.0502847]]], [[[104.77157209999997, 0.058581099999982], [104.74000380000004, 0.031982700000038], [104.73466569999997, 0.042566900000034], [104.77157209999997, 0.058581099999982]]], [[[104.50478049999997, 0.059718400000024], [104.4970725, 0.049134200000028], [104.49477160000005, 0.059948499999967], [104.50478049999997, 0.059718400000024]]], [[[104.52537359999997, 0.057302399999964], [104.50949739999997, 0.059833400000036], [104.5077717, 0.06995739999997], [104.52537359999997, 0.057302399999964]]], [[[104.7398197, 0.086099899999963], [104.7542694, 0.077724600000034], [104.73889939999997, 0.076252], [104.7398197, 0.086099899999963]]], [[[104.5335418, 0.09699290000002], [104.54217019999999, 0.102285], [104.5616128, 0.072718399999976], [104.5335418, 0.09699290000002]]], [[[104.4936212, 0.072718399999976], [104.48223169999997, 0.015080900000013], [104.3786912, 0.1220727], [104.43023239999997, 0.090774], [104.40147120000003, 0.1616703], [104.4936212, 0.072718399999976]]], [[[104.51625, 0.2476763], [104.70131340000005, 0.017471099999982], [104.47803659999997, 0.242375100000041], [104.53119660000002, 0.2102731], [104.51625, 0.2476763]]], [[[104.48638379999997, 0.207347200000035], [104.47627240000001, 0.224199400000041], [104.5049226, 0.1968163], [104.48638379999997, 0.207347200000035]]], [[[104.47381569999996, 0.227424900000022], [104.447728, 0.2347294], [104.43422760000003, 0.25064270000003], [104.47381569999996, 0.227424900000022]]], [[[104.51222980000001, 0.250838399999969], [104.48999010000003, 0.261534199999963], [104.48862050000004, 0.267208300000037], [104.51222980000001, 0.250838399999969]]], [[[104.42838670000002, 0.293579600000021], [104.4226833, 0.278510899999967], [104.41716, 0.282113], [104.42838670000002, 0.293579600000021]]], [[[104.328475, 0.375503699999962], [104.42542940000001, 0.326865899999989], [104.43443470000003, 0.308011300000038], [104.3904401, 0.2891567], [104.328475, 0.375503699999962]]], [[[104.56155869999998, 0.348062900000039], [104.55622059999999, 0.3342578], [104.5512507, 0.346222299999981], [104.56155869999998, 0.348062900000039]]], [[[104.45977580000003, 0.348582599999963], [104.48072520000002, 0.358138200000029], [104.49110789999996, 0.34628549999997], [104.45977580000003, 0.348582599999963]]], [[[104.429822, 0.360067699999982], [104.4228389, 0.370174600000011], [104.43662130000003, 0.367785699999972], [104.429822, 0.360067699999982]]], [[[104.471445, 0.382946099999975], [104.476131, 0.366866899999978], [104.4646456, 0.383681100000038], [104.471445, 0.382946099999975]]], [[[104.4348755, 0.372655400000015], [104.41300740000001, 0.382762300000044], [104.43377289999998, 0.382027299999981], [104.4348755, 0.372655400000015]]], [[[104.5115, 0.4295], [104.5295, 0.406], [104.5335, 0.3605], [104.5115, 0.4295]]], [[[104.44222619999996, 0.390756], [104.45012809999999, 0.400771], [104.457295, 0.390388499999988], [104.44222619999996, 0.390756]]], [[[104.39651070000002, 0.435989699999977], [104.41502379999997, 0.452358599999963], [104.42158450000004, 0.449695399999966], [104.39651070000002, 0.435989699999977]]], [[[104.37695829999998, 0.446122800000042], [104.39183370000003, 0.450604799999981], [104.3804011, 0.435924700000017], [104.37695829999998, 0.446122800000042]]], [[[104.40112269999997, 0.462751600000038], [104.40703390000004, 0.476197500000024], [104.42567689999998, 0.459114099999985], [104.40112269999997, 0.462751600000038]]], [[[104.4620488, 0.4540958], [104.45170750000001, 0.470049], [104.43741670000003, 0.484807], [104.45576090000002, 0.479350699999975], [104.4620488, 0.4540958]]], [[[104.61942109999998, 0.721876600000043], [104.60662930000002, 0.698447599999968], [104.59667290000002, 0.705485199999972], [104.61942109999998, 0.721876600000043]]], [[[104.6357604, 0.724873300000011], [104.6114358, 0.7312324], [104.6620759, 0.752688299999987], [104.6357604, 0.724873300000011]]], [[[104.71713529999998, 0.735627300000024], [104.71659309999997, 0.758196899999957], [104.74853210000002, 0.746439499999967], [104.75975119999997, 0.747538899999983], [104.71713529999998, 0.735627300000024]]], [[[104.71469869999999, 0.758760599999968], [104.69709479999996, 0.735180299999987], [104.6886922, 0.7626394], [104.71469869999999, 0.758760599999968]]], [[[104.58734490000003, 0.779631200000013], [104.50912560000003, 0.744449199999957], [104.546871, 0.797470399999971], [104.58734490000003, 0.779631200000013]]], [[[104.73796329999996, 0.752356], [104.7408685, 0.789935400000024], [104.754181, 0.755603200000026], [104.73796329999996, 0.752356]]], [[[104.58951249999997, 0.777004], [104.58997810000004, 0.7937116], [104.6334084, 0.792853399999965], [104.58191, 0.752001700000021], [104.58951249999997, 0.777004]]], [[[104.62673420000004, 0.829641300000022], [104.6091527, 0.815815300000027], [104.620102, 0.8373988], [104.62673420000004, 0.829641300000022]]], [[[104.66797480000001, 0.818407900000045], [104.63336910000004, 0.848579499999962], [104.6479603, 0.868146699999988], [104.66797480000001, 0.818407900000045]]], [[[104.62463740000001, 0.856575500000039], [104.613204, 0.84590979999996], [104.62163529999995, 0.861365499999971], [104.62463740000001, 0.856575500000039]]], [[[104.69963039999998, 0.885654100000027], [104.66100659999998, 0.8611094], [104.68904629999999, 0.897371900000026], [104.69963039999998, 0.885654100000027]]], [[[104.48585149999998, 0.870354], [104.42978609999999, 0.866535299999976], [104.41759819999999, 0.8775203], [104.48585149999998, 0.870354]]], [[[104.62461429999996, 0.861967599999963], [104.62461429999996, 0.896639099999968], [104.658775, 0.892519800000018], [104.62839089999999, 0.853557199999971], [104.62461429999996, 0.861967599999963]]], [[[104.3982515, 0.997677899999976], [104.3840036, 1.015356300000041], [104.39396, 1.013983200000029], [104.3982515, 0.997677899999976]]], [[[104.56826080000002, 1.229802800000018], [104.65775250000003, 1.044523299999971], [104.65997660000002, 0.913974800000011], [104.62049449999998, 0.900415200000031], [104.59320030000002, 0.809273199999987], [104.475269, 0.849781], [104.49405960000003, 0.874740500000042], [104.4375494, 0.925525599999959], [104.4760672, 0.9190402], [104.47555029999995, 0.943145299999964], [104.40908109999997, 0.9635511], [104.48317219999998, 0.9727923], [104.441119, 1.001244600000033], [104.4959604, 1.034837200000032], [104.2260258, 1.020061], [104.2178772, 1.088999799999984], [104.328938, 1.1381201], [104.310744, 1.180843199999975], [104.49864520000001, 1.16845239999998], [104.56826080000002, 1.229802800000018]]], [[[106.25199780000004, 2.720599799999961], [106.2667186, 2.716075399999978], [106.25199780000004, 2.711626400000016], [106.25199780000004, 2.720599799999961]]], [[[106.16682560000002, 2.761876299999971], [106.19174329999998, 2.752006600000028], [106.18572869999998, 2.740706400000031], [106.16682560000002, 2.761876299999971]]], [[[106.19319019999998, 2.806635099999983], [106.25403610000002, 2.761393800000016], [106.2428634, 2.7234652], [106.19319019999998, 2.806635099999983]]], [[[105.6882019, 2.909809400000025], [105.6821938, 2.92403890000001], [105.69558330000002, 2.918724300000015], [105.6882019, 2.909809400000025]]], [[[106.12725, 2.945], [106.13325, 2.93], [106.1125, 2.9285], [106.12725, 2.945]]], [[[105.69043349999998, 3.060666399999974], [105.74055860000001, 2.9720404], [105.79995349999999, 2.999469], [105.8521385, 2.9583259], [105.82278440000005, 2.887007699999984], [105.72219090000002, 2.873463500000035], [105.770256, 2.840031199999977], [105.73231890000002, 2.8160279], [105.67670059999998, 3.009583099999986], [105.69043349999998, 3.060666399999974]]], [[[106.17525, 2.94925], [106.19275, 2.952], [106.18825, 2.9425], [106.17525, 2.94925]]], [[[106.15575, 2.9585], [106.164, 2.97375], [106.16525, 2.95425], [106.15575, 2.9585]]], [[[106.148526, 2.9949928], [106.13991080000001, 2.978975499999965], [106.1456848, 3.005060599999982], [106.148526, 2.9949928]]], [[[106.3995, 3.03825], [106.4085, 3.0135], [106.39375, 3.03025], [106.3995, 3.03825]]], [[[105.97918229999996, 3.018381700000035], [105.9674509, 3.070640700000045], [105.9811987, 3.0872057], [105.97918229999996, 3.018381700000035]]], [[[106.35825, 3.0915], [106.342, 3.05625], [106.3555, 3.09425], [106.35825, 3.0915]]], [[[105.9544364, 3.072471099999969], [105.94664609999998, 3.0915071], [105.95306170000003, 3.091324], [105.9544364, 3.072471099999969]]], [[[105.59807970000004, 3.091692299999966], [105.6088943, 3.080550500000019], [105.58503339999999, 3.092206599999976], [105.59807970000004, 3.091692299999966]]], [[[105.73540879999997, 3.086378600000046], [105.7122345, 3.0757509], [105.6964417, 3.096834700000013], [105.73540879999997, 3.086378600000046]]], [[[105.67532730000002, 3.0930636], [105.6394501, 3.103519699999975], [105.6518097, 3.120146299999966], [105.67532730000002, 3.0930636]]], [[[105.68030549999999, 3.104205300000036], [105.68751530000003, 3.118432199999983], [105.6973, 3.105576599999988], [105.68030549999999, 3.104205300000036]]], [[[106.2855, 3.12575], [106.3435, 3.12375], [106.30875, 3.0865], [106.2855, 3.12575]]], [[[106.41775, 3.15475], [106.411, 3.13], [106.403, 3.13875], [106.41775, 3.15475]]], [[[106.39825, 3.138], [106.38725, 3.151], [106.39425, 3.155], [106.39825, 3.138]]], [[[106.1982336, 3.2299597], [106.29025, 3.1685], [106.279, 3.077], [106.21125, 3.121], [106.1982336, 3.2299597]]], [[[106.40875, 3.15175], [106.398, 3.15325], [106.407, 3.1605], [106.40875, 3.15175]]], [[[106.36425, 3.16175], [106.36775, 3.19075], [106.37, 3.18175], [106.36425, 3.16175]]], [[[106.4475, 3.1745], [106.43275, 3.18925], [106.444, 3.19675], [106.4475, 3.1745]]], [[[106.48025, 3.208], [106.4985, 3.18425], [106.477, 3.19], [106.48025, 3.208]]], [[[106.30775, 3.22425], [106.29525, 3.23125], [106.3035, 3.23525], [106.30775, 3.22425]]], [[[106.4565, 3.22625], [106.4375, 3.2405], [106.452, 3.2515], [106.4565, 3.22625]]], [[[106.29625, 3.23625], [106.2985, 3.25675], [106.29925, 3.27825], [106.30525, 3.25975], [106.29625, 3.23625]]], [[[106.41325, 3.2695], [106.41151380000002, 3.294466299999961], [106.417, 3.3015], [106.41325, 3.2695]]], [[[106.20048170000004, 3.291161299999974], [106.19372, 3.300015900000037], [106.199867, 3.307117], [106.20048170000004, 3.291161299999974]]], [[[106.40225, 3.30175], [106.39075, 3.3], [106.3963541, 3.308673300000038], [106.40225, 3.30175]]], [[[106.29579949999999, 3.359304900000044], [106.289, 3.25175], [106.2751518, 3.296971600000038], [106.265, 3.29575], [106.259, 3.28675], [106.28475, 3.2315], [106.26625, 3.2275], [106.23675, 3.31625], [106.29579949999999, 3.359304900000044]]], [[[106.2383592, 3.3447397], [106.17211770000002, 3.332277400000034], [106.22331349999999, 3.393641699999979], [106.2383592, 3.3447397]]], [[[106.3445, 3.41775], [106.331, 3.33525], [106.31933330000004, 3.3245289], [106.3445, 3.41775]]], [[[106.43822040000005, 3.3952479], [106.443138, 3.379907300000013], [106.428034, 3.374296899999969], [106.43822040000005, 3.3952479]]], [[[106.27245230000003, 3.391754599999981], [106.2807068, 3.4015725], [106.29159579999998, 3.389650699999986], [106.27245230000003, 3.391754599999981]]], [[[113.26905220000002, -8.4972275], [113.39770079999998, -8.45501169999999], [113.42027, -8.469141399999977], [113.26905220000002, -8.4972275]]], [[[112.71287870000005, -8.4347934], [112.67783579999995, -8.445177400000045], [112.6980377, -8.429666], [112.71287870000005, -8.4347934]]], [[[114.51782520000003, -8.100011099999968], [114.50136060000003, -8.095302700000037], [114.52663859999997, -8.092426], [114.51782520000003, -8.100011099999968]]], [[[106.06517090000003, -5.882544099999961], [106.1682947, -6.038234699999985], [106.25539650000005, -5.9571044], [106.35580690000002, -5.960990600000023], [106.4813426, -6.046728500000039], [106.67912709999999, -6.0126308], [106.732728, -6.0977524], [106.84265969999996, -6.123652199999959], [107.0140229, -6.076115399999956], [107.02429339999998, -5.9147353], [107.15864869999996, -5.986861], [107.34047429999995, -5.9696285], [107.46680269999999, -6.148652800000039], [107.62096070000003, -6.188955799999969], [107.66435339999998, -6.2513913], [107.88786710000002, -6.1817038], [107.9031773, -6.243558199999984], [108.12703790000005, -6.335094], [108.21055149999997, -6.266660799999964], [108.20208639999998, -6.241935099999981], [108.1896935, -6.2442004], [108.19530280000004, -6.2365766], [108.16957750000003, -6.229772699999965], [108.17456180000005, -6.22353909999996], [108.35799290000001, -6.247791799999976], [108.3846733, -6.35692639999997], [108.53802629999996, -6.483287300000014], [108.57122470000003, -6.717140100000026], [108.71095939999995, -6.810436499999979], [108.83382389999998, -6.748486100000036], [108.9313366, -6.823934500000013], [109.06823889999998, -6.7840353], [109.119394, -6.8469308], [109.29148210000002, -6.873361199999979], [109.5213445, -6.772266599999972], [109.57528580000003, -6.836713599999984], [109.86612260000003, -6.914524699999965], [109.99499959999997, -6.922722899999985], [110.17237679999997, -6.843701200000026], [110.42648889999998, -6.9553582], [110.55870049999997, -6.8046926], [110.551166, -6.726048500000011], [110.6345995, -6.67822870000004], [110.725132, -6.432671499999983], [110.9183836, -6.4028105], [111.046521, -6.426318400000038], [111.12576190000001, -6.635556199999988], [111.24463219999997, -6.692960800000043], [111.38041629999995, -6.702337799999987], [111.49371289999996, -6.620326], [111.71549940000001, -6.7681417], [111.84373039999998, -6.801210900000039], [111.96526669999999, -6.762345799999976], [112.05088179999996, -6.88523549999996], [112.12130679999997, -6.901597399999988], [112.35838710000004, -6.863455800000014], [112.51438430000003, -6.9068017], [112.54661770000001, -6.835445599999963], [112.61980480000003, -6.909729499999957], [112.6676366, -7.220722300000022], [112.7642945, -7.195994699999971], [112.84305050000002, -7.2766736], [112.81224389999996, -7.4789506], [112.90832349999998, -7.628552099999982], [113.27917089999995, -7.783223699999982], [113.490378, -7.697134899999976], [113.761509, -7.738267499999981], [113.83995239999999, -7.684927200000032], [113.93084779999997, -7.700838800000017], [114.03729259999997, -7.60409549999997], [114.10776569999997, -7.706824899999972], [114.24010810000003, -7.697877799999982], [114.43877879999998, -7.789459199999967], [114.4646332, -7.8857429], [114.42184350000002, -7.919883], [114.34429070000002, -8.5215723], [114.37154390000005, -8.543525900000034], [114.38969030000001, -8.447853300000027], [114.43910670000002, -8.630531], [114.5695814, -8.660196], [114.595781, -8.750515400000033], [114.34460919999998, -8.742525600000025], [114.369452, -8.670367100000028], [114.25483849999998, -8.600941500000022], [114.22070479999998, -8.645132200000013], [114.04894379999998, -8.646325900000015], [113.9481266, -8.559680400000044], [113.80751840000002, -8.55616489999996], [113.79531249999995, -8.489103800000017], [113.71250869999997, -8.528211399999982], [113.71743079999999, -8.484959699999969], [113.64731030000004, -8.494911300000027], [113.47479550000003, -8.384370300000018], [113.389638, -8.400513], [113.23015209999998, -8.2825316], [113.07649990000004, -8.2884184], [112.9166483, -8.398622500000016], [112.8347998, -8.369580699999965], [112.65178659999998, -8.448510499999959], [112.33481610000003, -8.332897100000011], [111.79516169999995, -8.255494800000015], [111.75412980000002, -8.33991330000002], [111.71025150000003, -8.294415499999971], [111.70221179999999, -8.383388400000044], [111.616665, -8.3201917], [111.4551078, -8.320514399999976], [111.42845759999996, -8.2592796], [111.15351710000002, -8.284794900000033], [111.08889679999996, -8.220348399999974], [111.02790329999996, -8.256800100000014], [110.70822519999999, -8.2006788], [109.99138739999997, -7.8835229], [109.411625, -7.776307900000019], [109.35259940000005, -7.7122677], [109.07169370000001, -7.692267300000018], [109.02073720000004, -7.736637600000036], [109.04099090000003, -7.785365099999971], [108.79802590000003, -7.741456100000017], [108.77505180000003, -7.687973], [108.68530170000004, -7.678906699999984], [108.67123490000002, -7.730399], [108.5838847, -7.684282399999971], [108.50476180000003, -7.708458400000036], [108.47540429999997, -7.806659299999981], [108.34364770000005, -7.819188599999978], [107.8480931, -7.7369387], [107.39983080000005, -7.492441100000032], [106.40563040000005, -7.382140899999963], [106.3741273, -7.236704199999962], [106.54506469999998, -7.0554146], [106.51313569999996, -6.966418], [106.30989130000005, -6.99562849999998], [106.03210339999995, -6.816732700000013], [105.53775570000002, -6.874122900000031], [105.31328590000001, -6.8018782], [105.2631, -6.846635900000016], [105.20950490000004, -6.7629718], [105.26348460000004, -6.761045500000036], [105.3704267, -6.646509300000043], [105.4690943, -6.827662], [105.61088130000002, -6.6335501], [105.649962, -6.4814881], [105.712665, -6.532575900000011], [105.78376889999997, -6.507593700000032], [105.8827813, -6.072027899999973], [106.06517090000003, -5.882544099999961]]], [[[113.22468850000001, -7.310986800000026], [113.20279159999995, -7.3103134], [113.20366620000003, -7.306249500000013], [113.22468850000001, -7.310986800000026]]], [[[113.81009639999998, -7.215491300000017], [113.79449230000003, -7.235801200000032], [113.75024670000003, -7.215756], [113.81009639999998, -7.215491300000017]]], [[[113.95428689999999, -7.224879900000032], [113.8863902, -7.211153], [113.88307030000003, -7.19388930000003], [113.9268925, -7.174590600000015], [113.95428689999999, -7.224879900000032]]], [[[114.6571289, -7.163606499999971], [114.68602780000003, -7.163965600000018], [114.656721, -7.170042400000017], [114.6571289, -7.163606499999971]]], [[[114.4860753, -7.159394800000014], [114.49821420000002, -7.136553100000039], [114.51050559999996, -7.153344499999988], [114.4860753, -7.159394800000014]]], [[[114.613922, -7.140533400000034], [114.57557350000002, -7.166303500000011], [114.51354149999997, -7.135204099999977], [114.57246649999998, -7.130256499999972], [114.613922, -7.140533400000034]]], [[[114.32974450000003, -7.055234099999981], [114.38821660000004, -7.181513799999968], [114.27191389999999, -7.090655699999966], [114.32974450000003, -7.055234099999981]]], [[[113.95139430000002, -7.055350899999964], [114.064565, -7.110809500000033], [113.93621680000001, -7.0694393], [113.95139430000002, -7.055350899999964]]], [[[114.1254555, -6.977761600000039], [113.9519469, -7.047449299999971], [113.91659809999999, -7.012961299999961], [113.94789410000004, -7.05224749999996], [113.86651389999999, -7.092079199999975], [113.88904349999999, -7.1336308], [113.60583649999997, -7.126317899999964], [113.50984749999998, -7.2540333], [112.7225616, -7.175685], [112.67359420000001, -7.073123700000024], [112.83069410000002, -6.906005], [113.0113732, -6.880629299999959], [113.90967719999996, -6.863416], [114.10880440000003, -6.942659899999966], [114.1254555, -6.977761600000039]]], [[[114.1615234, -6.996238299999987], [114.18744279999999, -6.9747083], [114.17862710000003, -7.0051695], [114.1615234, -6.996238299999987]]], [[[106.73415597858872, -6.082027763570149], [106.75147940000004, -6.097905200000027], [106.72895889999998, -6.087951599999982], [106.73415597858872, -6.082027763570149]]], [[[110.60184650000002, -5.840144899999962], [110.60380929999998, -5.861453], [110.6006095, -5.866563], [110.60184650000002, -5.840144899999962]]], [[[110.482756, -5.7700296], [110.44842310000001, -5.889426299999985], [110.431205, -5.881684900000013], [110.4099709, -5.840915500000039], [110.482756, -5.7700296]]], [[[110.18281990000001, -5.819362700000037], [110.19055659999995, -5.809449100000015], [110.19672560000004, -5.815645], [110.18281990000001, -5.819362700000037]]], [[[112.72724580000005, -5.739902400000026], [112.71891030000003, -5.842720800000019], [112.576603, -5.844426700000034], [112.63651049999999, -5.735755899999957], [112.72724580000005, -5.739902400000026]]], [[[110.2543354, -5.756172], [110.2310671, -5.73757950000003], [110.24884170000003, -5.7257444], [110.2543354, -5.756172]]], [[[110.4089651, -5.731373900000032], [110.40811539999996, -5.74580129999996], [110.402795, -5.733532500000023], [110.4089651, -5.731373900000032]]], [[[114.400827, -5.53509119999996], [114.43484779999997, -5.587721799999986], [114.394443, -5.5683559], [114.400827, -5.53509119999996]]], [[[114.427169, -5.437584], [114.42177570000001, -5.451225599999961], [114.41954540000003, -5.432212899999985], [114.427169, -5.437584]]], [[[114.61236310000004, -5.073750200000033], [114.588704, -5.061775299999988], [114.609901, -5.043228099999981], [114.61236310000004, -5.073750200000033]]], [[[108.3947713, -3.2834858], [108.38502839999998, -3.304266], [108.3802454, -3.3006406], [108.3947713, -3.2834858]]], [[[113.37387549999998, -3.262649500000043], [113.40734950000002, -3.2693334], [113.36649409999995, -3.301724100000031], [113.37387549999998, -3.262649500000043]]], [[[108.391679, -3.251479199999958], [108.37387949999997, -3.248592799999967], [108.3823258, -3.241631599999979], [108.391679, -3.251479199999958]]], [[[108.1939092, -3.2287022], [108.19318360000001, -3.220144800000019], [108.20107440000001, -3.2196015], [108.1939092, -3.2287022]]], [[[107.55231169999998, -3.2028888], [107.51764549999996, -3.253557], [107.52183849999997, -3.192482900000011], [107.55231169999998, -3.2028888]]], [[[108.28757169999997, -3.2142147], [108.2743965, -3.21764140000001], [108.2854681, -3.2086876], [108.28757169999997, -3.2142147]]], [[[108.18951030000002, -3.2137607], [108.205836, -3.199588599999965], [108.20742330000004, -3.200267800000029], [108.18951030000002, -3.2137607]]], [[[107.84852630000005, -3.097858799999981], [107.8467032, -3.112910599999969], [107.84033160000004, -3.109288400000027], [107.84852630000005, -3.097858799999981]]], [[[108.27289439999997, -3.055809200000043], [108.24422249999998, -3.0482162], [108.26824490000003, -3.048554700000034], [108.27289439999997, -3.055809200000043]]], [[[107.48785069999997, -3.046116199999977], [107.50335090000002, -3.033025900000014], [107.49334220000003, -3.052130599999964], [107.48785069999997, -3.046116199999977]]], [[[107.50405940000002, -3.01949320000004], [107.5064509, -3.00357209999998], [107.50857660000003, -3.0225004], [107.50405940000002, -3.01949320000004]]], [[[107.24087480000003, -2.99261739999997], [107.22572610000002, -2.992471399999969], [107.24005739999998, -2.989363200000012], [107.24087480000003, -2.99261739999997]]], [[[107.51651659999999, -2.973507600000042], [107.53364060000001, -2.989473], [107.5247361, -3.005039], [107.51651659999999, -2.973507600000042]]], [[[106.69710079999997, -2.9934636], [106.71391639999997, -2.982073799999958], [106.71040089999997, -2.9925071], [106.69710079999997, -2.9934636]]], [[[107.50016219999996, -2.971198600000042], [107.5090195, -2.997380499999986], [107.50751380000001, -2.9989727], [107.50016219999996, -2.971198600000042]]], [[[107.51662990000004, -2.970224299999986], [107.5209381, -2.961959100000017], [107.529271, -2.966431400000042], [107.51662990000004, -2.970224299999986]]], [[[106.91018170000002, -2.944273200000042], [106.85565309999998, -3.039936900000024], [106.70905860000002, -2.967204100000027], [106.8082398, -2.8867786], [106.91018170000002, -2.944273200000042]]], [[[107.46564190000004, -2.968729799999965], [107.42701380000004, -2.950273800000042], [107.46900490000003, -2.9241508], [107.46564190000004, -2.968729799999965]]], [[[107.52538680000002, -2.937273499999977], [107.5147593, -2.943334], [107.515893, -2.934049699999958], [107.52538680000002, -2.937273499999977]]], [[[107.4798024, -2.934225500000027], [107.48882750000004, -2.921728200000013], [107.48423490000002, -2.9440279], [107.4798024, -2.934225500000027]]], [[[107.90309520000004, -2.5748205], [107.98992140000004, -2.5721133], [108.03642019999995, -2.644953800000033], [108.08918020000003, -2.6000155], [108.27048659999997, -2.7511565], [108.29715820000001, -2.862440899999969], [108.2101278, -3.008227], [108.207454, -3.147405099999984], [108.081824, -3.16921], [108.0802529, -3.2469851], [107.98398879999998, -3.271861700000029], [107.96386569999997, -3.167804400000025], [107.84775059999998, -3.059291899999989], [107.8290179, -3.167706800000031], [107.6079737, -3.2425068], [107.62953249999997, -3.1427519], [107.56200719999998, -3.002903], [107.61549189999998, -2.913543300000027], [107.52894819999999, -2.9210152], [107.59868909999997, -2.857382], [107.6287494, -2.59509190000003], [107.81606610000003, -2.526412599999956], [107.90309520000004, -2.5748205]]], [[[106.77740780000005, -2.888578900000011], [106.76006, -2.887003799999983], [106.7765141, -2.884221199999965], [106.77740780000005, -2.888578900000011]]], [[[106.74802490000002, -2.887495499999988], [106.7195492, -2.8892089], [106.73719370000002, -2.865408600000025], [106.74802490000002, -2.887495499999988]]], [[[107.45794750000005, -2.820700899999979], [107.41102010000002, -2.94684], [107.33867209999997, -2.881951899999963], [107.45794750000005, -2.820700899999979]]], [[[110.20092189999995, -2.892666], [110.13183540000003, -2.891816800000042], [110.17009870000004, -2.8526107], [110.20092189999995, -2.892666]]], [[[107.05781660000001, -2.820164600000014], [107.08508560000001, -2.912239299999959], [107.01967480000002, -2.878219699999979], [107.05781660000001, -2.820164600000014]]], [[[107.48430930000004, -2.863869699999972], [107.49621409999997, -2.863353199999958], [107.49313830000003, -2.878830900000013], [107.48430930000004, -2.863869699999972]]], [[[106.84881309999999, -2.85957110000002], [106.83388349999998, -2.844072], [106.85537369999996, -2.848146300000016], [106.84881309999999, -2.85957110000002]]], [[[106.7881171, -2.833087199999957], [106.80353359999998, -2.8399996], [106.7829226, -2.842885799999967], [106.7881171, -2.833087199999957]]], [[[107.48550490000002, -2.844371399999963], [107.48302479999998, -2.82129989999998], [107.50364449999996, -2.822432199999964], [107.48550490000002, -2.844371399999963]]], [[[107.40307059999996, -2.834121900000037], [107.4011817, -2.7924596], [107.43566370000005, -2.8162839], [107.40307059999996, -2.834121900000037]]], [[[110.09837910000003, -2.674062700000041], [110.11937570000002, -2.750481], [110.04495780000003, -2.747899], [110.09837910000003, -2.674062700000041]]], [[[108.74191269999999, -2.5974242], [108.72628079999996, -2.58284930000004], [108.7298882, -2.581568], [108.74191269999999, -2.5974242]]], [[[108.56549819999998, -2.580695700000019], [108.570317, -2.5695186], [108.57175710000003, -2.580640399999973], [108.56549819999998, -2.580695700000019]]], [[[107.86940340000001, -2.545170800000014], [107.85971580000003, -2.5390874], [107.87161769999999, -2.539502200000038], [107.86940340000001, -2.545170800000014]]], [[[108.54624919999998, -2.492538600000033], [108.53677120000003, -2.5135113], [108.53355960000005, -2.495590599999959], [108.54624919999998, -2.492538600000033]]], [[[107.074694, -2.421128200000028], [107.0798094, -2.4081155], [107.08539639999998, -2.416923600000038], [107.074694, -2.421128200000028]]], [[[108.78627179999997, -1.7054497], [108.72915989999997, -1.72632990000004], [108.67762290000002, -1.719335499999969], [108.78627179999997, -1.7054497]]], [[[108.93592519999999, -1.550684], [108.95831619999997, -1.640669300000026], [108.83060410000003, -1.666202699999959], [108.8456998, -1.584080499999969], [108.79143539999998, -1.578124800000042], [108.93592519999999, -1.550684]]], [[[108.77679319999996, -1.5754128], [108.76308629999997, -1.591673], [108.76518660000002, -1.5764754], [108.77679319999996, -1.5754128]]], [[[109.04502180000003, -1.497426], [109.05686650000004, -1.47820640000001], [109.05875469999995, -1.497082799999989], [109.04502180000003, -1.497426]]], [[[109.1407059, -1.287117599999982], [109.15294739999999, -1.3002471], [109.13657579999996, -1.330456700000033], [109.1407059, -1.287117599999982]]], [[[109.1237698, -1.311059599999959], [109.12174929999996, -1.2976034], [109.13856660000002, -1.289404799999955], [109.1237698, -1.311059599999959]]], [[[109.17951030000002, -1.2829292], [109.15327420000003, -1.275740500000017], [109.156602, -1.266442799999973], [109.17951030000002, -1.2829292]]], [[[109.271, -1.2095], [109.21698670000002, -1.23666580000002], [109.26025379999999, -1.182299800000026], [109.271, -1.2095]]], [[[109.45857690000003, -1.003409599999989], [109.67375, -1.02025], [109.76173089999998, -1.004267800000031], [109.77958359999998, -1.147064900000034], [109.50132060000003, -1.309934], [109.420983, -1.287967], [109.38064259999999, -1.255531], [109.45857690000003, -1.003409599999989]]], [[[109.36656639999998, -0.676601900000035], [109.3722312, -0.6503395], [109.40570520000004, -0.674885400000031], [109.36656639999998, -0.676601900000035]]], [[[109.28863210000003, -0.612404599999989], [109.291207, -0.5959261], [109.30802979999997, -0.600217399999964], [109.28863210000003, -0.612404599999989]]], [[[116.564707, 4.40712], [116.701778, 4.333299], [116.75257, 4.389008], [116.789688, 4.337895], [116.907719, 4.368741], [117.019327, 4.318717], [117.245912, 4.37396], [117.457177, 4.179124], [117.594283, 4.17072], [117.5495418, 4.142832899999966], [117.52259479999998, 4.101419700000015], [117.431426, 4.133807499999982], [117.418179, 4.094265899999989], [117.8260492, 3.810141], [117.82607779999996, 3.7036239], [117.66404259999999, 3.615469], [117.52053369999999, 3.674058499999973], [117.4933177, 3.597566200000042], [117.39203750000001, 3.6402246], [117.2815609, 3.61893610000001], [117.29247390000002, 3.563986300000028], [117.51787210000003, 3.4806121], [117.44431610000004, 3.4040363], [117.43645219999996, 3.3719624], [117.44671930000001, 3.341659799999981], [117.50669789999998, 3.321135900000023], [117.5182852, 3.2748645], [117.3074944, 3.20829609999997], [117.44555719999997, 3.1610023], [117.4790482, 3.099358099999989], [117.44666160000004, 3.082187], [117.44227950000001, 3.0513857], [117.51568540000002, 3.068028], [117.57142069999998, 3.046475900000019], [117.62213039999996, 3.059356799999975], [117.56737640000001, 2.963680600000025], [117.66619230000005, 2.990475399999966], [117.69684169999996, 2.946517200000027], [117.55476780000004, 2.908079599999986], [117.7210012, 2.8891225], [117.60270759999999, 2.812319600000031], [117.618288, 2.796757800000034], [117.78248159999995, 2.751667500000037], [117.79049040000004, 2.64389529999997], [118.10228029999996, 2.284502900000012], [117.93651430000003, 2.178984], [117.90780179999996, 2.040557900000033], [117.76085970000001, 2.01894209999997], [117.87884009999996, 1.972880800000015], [117.86074389999997, 1.874013299999982], [118.04881929999998, 1.782561599999982], [118.1342224, 1.635021300000011], [118.41062739999998, 1.4868869], [118.37578510000004, 1.425538599999959], [118.48526039999999, 1.363058399999966], [118.57236720000003, 1.3586919], [118.76928389999998, 1.19677080000004], [118.72240460000002, 1.155424600000037], [118.77438829999998, 1.156149200000039], [118.83633570000003, 1.0528881], [118.94623919999997, 1.0584516], [118.98731050000005, 0.987732299999971], [118.7923881, 0.800762300000029], [118.66996760000002, 0.85644679999996], [118.38576930000005, 0.8020994], [118.06342860000004, 0.9038026], [118.05676179999998, 0.939535499999982], [118.00531710000003, 0.991546399999981], [117.9987355, 0.993203200000019], [117.98437930000001, 0.990224899999975], [117.97024410000002, 0.955513500000043], [118.0301177, 0.781359600000025], [117.91584150000001, 0.83630420000002], [117.71972249999999, 0.707611300000027], [117.60573730000002, 0.4200062], [117.55363010000005, 0.421879600000013], [117.47840819999998, 0.157735], [117.5222772, 0.124976199999976], [117.45775130000003, 0.10085650000004], [117.5187263, -0.031013800000041], [117.41670079999997, -0.2232236], [117.452682, -0.352257], [117.49179020000001, -0.329324399999981], [117.55749679999997, -0.433268600000043], [117.62771469999998, -0.424289499999981], [117.56261179999997, -0.648993500000012], [117.4620909, -0.693683099999982], [117.51522109999998, -0.736307799999986], [117.6047109, -0.726781], [117.61194610000001, -0.7732799], [117.48809790000004, -0.839851200000014], [117.44634219999999, -0.805845300000014], [117.4418681, -0.89305859999998], [117.29475920000002, -0.8713795], [117.19734179999998, -0.932043], [117.00394749999997, -1.196363200000034], [116.88397070000003, -1.2767525], [116.81096940000003, -1.282270699999961], [116.81930319999998, -1.200711600000021], [116.72906820000003, -1.102083399999982], [116.77687579999997, -0.979451500000012], [116.70130279999998, -1.085883899999979], [116.7023412, -1.1220585], [116.76665559999998, -1.186966399999962], [116.70981849999998, -1.215782], [116.77855169999998, -1.2447861], [116.7617804, -1.358482400000034], [116.54514759999998, -1.458437900000026], [116.53516569999998, -1.620814600000015], [116.20936969999998, -1.776470899999955], [116.26448829999998, -1.809666599999977], [116.451272, -1.76874639999996], [116.46028860000003, -2.050763500000025], [116.3487718, -2.1135064], [116.5037974, -2.1086545], [116.54565590000001, -2.209056900000023], [116.58677810000005, -2.1692926], [116.59111470000003, -2.253327300000036], [116.51209570000003, -2.561790699999984], [116.450503, -2.502315400000017], [116.31187249999998, -2.53518609999997], [116.323152, -2.580072200000034], [116.41554109999997, -2.5788566], [116.36407649999997, -2.878849500000042], [116.270674, -3.001763800000019], [116.2144142, -3.0021843], [116.20866380000001, -2.941634699999957], [116.1548879, -2.900145400000016], [116.13802669999995, -2.816272300000017], [116.12193530000002, -2.8212895], [116.085055, -2.990400500000041], [116.17726730000001, -2.998175799999975], [116.27372280000004, -3.129719300000017], [116.20673920000003, -3.129221300000024], [116.1849328, -3.242123], [116.0322192, -3.363122200000019], [115.97082330000002, -3.6068826], [114.66238749999998, -4.1783499], [114.618949, -4.1607013], [114.61623419999997, -3.652864599999967], [114.4992907, -3.5108161], [114.0521096, -3.3156055], [113.82093929999998, -3.450407199999967], [113.62786890000004, -3.464845], [113.5813162, -3.441977399999969], [113.63324550000002, -3.296991799999988], [113.58460249999996, -3.141345499999987], [113.43321679999997, -3.168502200000029], [113.36733139999996, -3.2709307], [113.31945889999997, -3.230428899999966], [113.3416785, -3.279438699999988], [113.04634559999997, -2.973657199999986], [112.94246420000003, -3.112140099999989], [112.99201050000003, -3.16487370000001], [113.04176690000001, -3.130285399999961], [112.9181146, -3.24225470000002], [112.56172150000003, -3.4453848], [112.26111749999997, -3.313255299999957], [111.88421339999996, -3.544095899999961], [111.79323289999996, -3.5285045], [111.7781267, -3.517196199999956], [111.767366, -3.503519699999986], [111.81295859999996, -3.417396399999967], [111.82465719999998, -3.046388], [111.7085915, -2.85064569999996], [111.69110459999996, -2.942674700000032], [111.5481416, -3.023292900000014], [111.41014779999996, -2.9067383], [110.97132079999999, -3.066769900000017], [110.80075820000002, -2.97702850000004], [110.65159909999996, -3.041903500000027], [110.57159110000002, -2.8382972], [110.30561670000003, -2.996380500000024], [110.2609327, -2.963496], [110.22445559999998, -2.886375599999964], [110.2594008, -2.7622463], [110.21097279999996, -2.6445176], [110.14887359999997, -2.6214812], [110.19994309999997, -2.51910770000004], [110.1377723, -2.3026166], [110.06319509999999, -2.245401900000028], [110.11829839999996, -2.0323471], [110.06456840000001, -1.929240300000041], [109.90133319999995, -1.8281518], [110.03229610000001, -1.66741430000002], [110.06165019999997, -1.346518899999955], [109.90850130000001, -1.2098796], [109.94472190000002, -1.126297900000035], [109.81906580000003, -1.090770700000016], [109.7649924, -0.996200900000039], [109.73242569999998, -0.988027500000028], [109.73392170000002, -0.9670228], [109.68311, -1.013707700000028], [109.55299059999997, -0.884636099999964], [109.44776219999997, -0.848763], [109.39729379999997, -0.9330385], [109.2565314, -0.848591300000018], [109.24794840000004, -0.661668399999977], [109.4693915, -0.754358500000036], [109.53857109999998, -0.731701100000032], [109.45874850000001, -0.730327900000011], [109.4695632, -0.715909500000029], [109.39077059999998, -0.6577205], [109.3722312, -0.648794599999986], [109.36022710000003, -0.652731799999968], [109.3760077, -0.584425400000017], [109.29549859999999, -0.5921497], [109.25206820000002, -0.604337], [109.11503719999999, -0.516626300000029], [109.0554877, -0.222267300000018], [109.18868090000004, 0.06633], [109.09228419999997, 0.245407300000016], [108.91461460000004, 0.335528299999959], [108.92582030000003, 0.633693699999965], [108.84067239999997, 0.815397], [108.97950260000003, 0.989167599999979], [108.90468960000004, 1.16292270000004], [109.07271480000003, 1.200787400000019], [109.141036, 1.240432100000016], [108.96027659999999, 1.205077900000012], [109.04353229999998, 1.346835], [109.05966849999999, 1.524277099999976], [109.26037330000001, 1.67279439999996], [109.33761229999999, 1.832422399999983], [109.32283660000002, 1.926918299999974], [109.58727330000005, 1.990881899999957], [109.645008, 2.081404900000033], [109.627076, 1.990885], [109.538038, 1.924521], [109.585432, 1.792406], [109.685503, 1.782126], [109.662244, 1.618805], [109.806848, 1.465806], [109.839284, 1.486129], [109.836066, 1.422266], [109.962019, 1.403389], [110.063714, 1.208644], [110.192202, 1.183033], [110.277288, 0.995971], [110.395363, 0.996504], [110.44599, 0.90795], [110.575779, 0.853821], [110.633232, 0.90888], [110.804848, 0.900484], [110.905498, 1.02835], [111.224859, 1.092659], [111.405038, 1.009402], [111.48916, 1.034425], [111.540036, 0.94877], [111.666717, 1.04281], [111.825993, 0.985382], [111.935099, 1.118363], [112.153926, 1.141844], [112.207967, 1.450102], [112.500396, 1.580127], [112.842289, 1.536973], [112.884834, 1.587597], [113.002996, 1.581031], [113.07078, 1.529479], [112.974682, 1.408681], [113.106343, 1.445], [113.181474, 1.379463], [113.325766, 1.376949], [113.419081, 1.28549], [113.544468, 1.319808], [113.630021, 1.216023], [113.975734, 1.450053], [114.14305, 1.464838], [114.2128, 1.41017], [114.409349, 1.520857], [114.56412, 1.426394], [114.711149, 1.671484], [114.716295, 1.856295], [114.878692, 1.915208], [114.878745, 2.03859], [114.793103, 2.05027], [114.799825, 2.250538], [114.914757, 2.259317], [114.966466, 2.295237], [114.958234, 2.36846], [115.237426, 2.505989], [115.171601, 2.606299], [115.086801, 2.604176], [115.152945, 2.786702], [115.089701, 2.823242], [115.285465, 3.049621], [115.335026, 2.973734], [115.483647, 3.014589], [115.567383, 3.162243], [115.521719, 3.1935], [115.524817, 3.320044], [115.579626, 3.450207], [115.618518, 3.409477], [115.65222, 3.439953], [115.576107, 3.610793], [115.619562, 3.868863], [115.558352, 3.919186], [115.641812, 3.965616], [115.704937, 4.198469], [115.829175, 4.240417], [115.879007, 4.391408], [116.07901, 4.276432], [116.171055, 4.393069], [116.348513, 4.391382], [116.440956, 4.288749], [116.537019, 4.323244], [116.564707, 4.40712]]], [[[107.24997540000001, 0.14525020000004], [107.220022, 0.10051610000003], [107.2058111, 0.127335200000028], [107.24997540000001, 0.14525020000004]]], [[[108.611612, 0.125955], [108.60066840000003, 0.132781900000028], [108.60801310000004, 0.141559799999962], [108.611612, 0.125955]]], [[[108.85929349999998, 0.47690270000002], [108.83886579999998, 0.505054100000029], [108.85980840000003, 0.517928200000044], [108.85929349999998, 0.47690270000002]]], [[[108.76252270000005, 0.7337646], [108.7676725, 0.75916830000004], [108.7699041, 0.728786799999986], [108.76252270000005, 0.7337646]]], [[[108.7051878, 0.7478397], [108.70947929999997, 0.801049800000014], [108.72613049999995, 0.7305033], [108.7051878, 0.7478397]]], [[[108.77635559999999, 0.83773940000002], [108.78547710000002, 0.822804500000023], [108.7757889, 0.8223652], [108.77635559999999, 0.83773940000002]]], [[[107.54014849999999, 0.883877600000032], [107.544234, 0.895798200000025], [107.54720519999996, 0.878158599999972], [107.54014849999999, 0.883877600000032]]], [[[107.49615839999998, 0.943967200000023], [107.508489, 0.948066900000038], [107.50213060000003, 0.930004199999972], [107.49615839999998, 0.943967200000023]]], [[[107.4763879, 0.9526092], [107.48671289999996, 0.95472589999998], [107.4814761, 0.944662199999973], [107.4763879, 0.9526092]]], [[[107.41125, 0.9585], [107.42325, 0.963], [107.4205, 0.948], [107.41125, 0.9585]]], [[[107.4095, 0.97775], [107.41525, 0.993], [107.41775, 0.9895], [107.4095, 0.97775]]], [[[107.594, 1.0015], [107.60225, 0.989], [107.553, 0.94775], [107.5742167, 1.0069121], [107.54325, 0.97175], [107.53275, 1.02625], [107.594, 1.0015]]], [[[107.3875, 0.99575], [107.39375, 1.01125], [107.39275, 0.99], [107.3875, 0.99575]]], [[[107.36034189999998, 1.011944800000036], [107.3735244, 1.019339199999985], [107.36719890000005, 1.006690200000032], [107.36034189999998, 1.011944800000036]]], [[[107.5046015, 1.036109699999981], [107.51324830000003, 1.046089499999974], [107.51957379999999, 1.048178399999971], [107.5046015, 1.036109699999981]]], [[[107.3935, 1.0895], [107.40325, 1.11225], [107.41775, 1.099], [107.3935, 1.0895]]], [[[108.9392102, 2.494883600000025], [108.95495150000002, 2.480679199999985], [108.94124140000002, 2.479882], [108.9392102, 2.494883600000025]]], [[[108.98702870000004, 2.490469800000044], [108.98602590000002, 2.506462199999964], [108.99538530000002, 2.4905069], [108.98702870000004, 2.490469800000044]]], [[[108.97721050000001, 2.55578], [109.12124149999997, 2.5280262], [109.02071360000004, 2.482876299999964], [108.97721050000001, 2.55578]]], [[[109.163729, 2.592736899999986], [109.1555581, 2.593590199999978], [109.15734089999998, 2.597894100000014], [109.163729, 2.592736899999986]]], [[[108.90497319999997, 2.743170299999969], [108.9135493, 2.737224299999957], [108.88614589999997, 2.7276744], [108.90497319999997, 2.743170299999969]]], [[[108.72309130000002, 2.897333], [108.7229793, 2.911872099999986], [108.72869050000003, 2.912319499999967], [108.72309130000002, 2.897333]]], [[[108.86412619999997, 3.011553600000045], [108.8474601, 2.8514294], [108.77579050000004, 2.877801], [108.86412619999997, 3.011553600000045]]], [[[107.79825, 3.01675], [107.75675, 2.97225], [107.748, 3.00625], [107.79825, 3.01675]]], [[[108.86857430000003, 3.042841], [108.843276, 3.011692299999975], [108.84191580000001, 3.054612099999972], [108.86857430000003, 3.042841]]], [[[108.03267670000001, 3.57384], [108.04949949999998, 3.58429089999996], [108.04331969999998, 3.555850400000011], [108.03267670000001, 3.57384]]], [[[108.08280180000003, 3.583091700000036], [108.0966575, 3.573012399999982], [108.0814285, 3.573668700000017], [108.08280180000003, 3.583091700000036]]], [[[108.10614779999999, 3.587203499999987], [108.09464649999997, 3.6356872], [108.12588880000001, 3.6230097], [108.10614779999999, 3.587203499999987]]], [[[108.0547972, 3.6293904], [108.06889720000002, 3.669778400000041], [108.08631649999997, 3.643041099999973], [108.0547972, 3.6293904]]], [[[108.0857201, 3.682112599999972], [108.0737038, 3.690849200000041], [108.09001159999998, 3.6930761], [108.0857201, 3.682112599999972]]], [[[108.22771059999997, 3.777962800000019], [108.23249050000004, 3.78831650000004], [108.23867030000004, 3.773928399999988], [108.22771059999997, 3.777962800000019]]], [[[108.0307884, 3.762109300000045], [107.99336619999995, 3.809898300000043], [108.00143429999996, 3.817263399999966], [108.0266685, 3.808356800000041], [108.0307884, 3.762109300000045]]], [[[107.921369, 3.900630800000044], [107.89440819999999, 3.893994799999962], [107.89473339999998, 3.9126572], [107.921369, 3.900630800000044]]], [[[108.23374879999997, 4.128809499999981], [108.402633, 3.965582499999982], [108.35425840000002, 3.901125799999967], [108.40998839999999, 3.8580272], [108.29789350000001, 3.658985800000032], [108.15678789999998, 3.629177100000032], [108.09344480000001, 3.694275300000012], [108.2010765, 3.772386799999978], [108.2757492, 3.715002900000037], [108.23317720000001, 3.8167496], [108.06100080000002, 3.834905100000014], [107.96263889999997, 4.004966], [108.22030259999995, 4.232857], [108.23374879999997, 4.128809499999981]]], [[[107.8539005, 4.15173949999998], [107.86196089999999, 4.124865], [107.84438160000003, 4.111848500000033], [107.8539005, 4.15173949999998]]], [[[108.20021820000004, 4.256139], [108.21068950000002, 4.267950800000015], [108.186142, 4.2347402], [108.20021820000004, 4.256139]]], [[[107.92883049999998, 4.680397100000029], [107.99337519999999, 4.77295], [108.00762309999999, 4.774147499999977], [107.9647077, 4.668420800000046], [107.92883049999998, 4.680397100000029]]], [[[115.61413039999995, -8.74224249999996], [115.588527, -8.8194413], [115.44726689999999, -8.72457110000003], [115.5622145, -8.672221299999968], [115.61413039999995, -8.74224249999996]]], [[[115.93555559999999, -8.761614800000025], [115.9128857, -8.7504099], [115.92319640000002, -8.726947900000045], [115.93555559999999, -8.761614800000025]]], [[[115.890409, -8.745185], [115.8814335, -8.736781799999957], [115.88904379999997, -8.731899600000034], [115.890409, -8.745185]]], [[[115.23081630000001, -8.723452], [115.25080830000002, -8.730789700000038], [115.2392159, -8.74346849999997], [115.22924209999996, -8.7359117], [115.22935240000004, -8.7524816], [115.218536, -8.7482994], [115.23081630000001, -8.723452]]], [[[115.444286, -8.7120994], [115.44077869999997, -8.70107310000002], [115.46583549999998, -8.687252899999972], [115.444286, -8.7120994]]], [[[115.4546803, -8.663475500000025], [115.43703589999998, -8.6945206], [115.427105, -8.6828543], [115.4546803, -8.663475500000025]]], [[[117.9501757, -8.613928200000029], [118.0046096, -8.63371229999997], [118.00306920000001, -8.6934513], [117.95463180000002, -8.666109], [117.9501757, -8.613928200000029]]], [[[118.2092405, -8.6542338], [118.20106760000003, -8.638136899999957], [118.21316960000001, -8.6380559], [118.2092405, -8.6542338]]], [[[117.92380809999997, -8.0800228], [118.1435411, -8.134497], [118.1626034, -8.241406900000023], [118.27929670000005, -8.36437620000002], [118.4636145, -8.245739500000035], [118.64737609999996, -8.290586], [118.69807060000002, -8.396783800000026], [118.6494514, -8.550935700000014], [118.71328839999998, -8.4976525], [118.70174539999996, -8.387985800000028], [118.765833, -8.309363], [119.00077039999995, -8.310204], [119.054013, -8.463958], [119.01342520000003, -8.537870700000013], [119.03225279999997, -8.6347797], [119.12907709999996, -8.630301600000031], [119.16712410000002, -8.556823199999982], [119.17170709999996, -8.724502799999975], [118.971476, -8.748944], [118.90801010000004, -8.680074300000026], [118.8461101, -8.730163199999982], [118.76162220000002, -8.691807699999984], [118.67889909999997, -8.7448814], [118.72564010000002, -8.783643599999976], [118.90932510000003, -8.765298], [118.959659, -8.8176572], [118.8361883, -8.84557170000003], [118.72029880000004, -8.793154399999977], [118.46747419999997, -8.889391299999957], [118.37948109999996, -8.827430699999969], [118.43284579999998, -8.6768986], [118.39036360000004, -8.60686619999996], [118.40393879999998, -8.675720400000028], [118.1848463, -8.854255299999977], [118.012511, -8.852828699999979], [117.88496510000004, -8.943495300000034], [117.8169163, -8.89873359999996], [117.690496, -8.918647399999976], [117.41094, -9.04924], [117.18443369999999, -9.0210121], [117.01650689999997, -9.109018200000015], [116.72874009999997, -9.005687900000034], [116.73237479999997, -8.869056500000013], [116.82173789999999, -8.8195798], [116.7462902, -8.66257720000004], [116.8191542, -8.516452], [116.99935940000005, -8.5065634], [117.10865280000003, -8.371611400000031], [117.38762050000003, -8.472703099999976], [117.42782929999998, -8.395615099999961], [117.566749, -8.40802549999998], [117.5712299, -8.50445], [117.59962920000001, -8.427786300000037], [117.63583759999999, -8.581338399999957], [117.73723420000002, -8.56348240000003], [117.790601, -8.722599200000033], [117.8713811, -8.695826200000031], [117.95685749999996, -8.75304870000003], [118.08812750000003, -8.651190800000016], [118.2694076, -8.658161800000016], [118.23167170000002, -8.551795099999978], [118.193754, -8.570547900000033], [118.08111460000002, -8.450318399999976], [117.97984940000002, -8.46430969999997], [117.691686, -8.237954800000033], [117.78603770000004, -8.1239741], [117.92380809999997, -8.0800228]]], [[[117.82825359999995, -8.582739499999978], [117.8406867, -8.5754779], [117.83459220000003, -8.594695599999977], [117.82825359999995, -8.582739499999978]]], [[[116.33791320000005, -8.214666599999973], [116.65159439999998, -8.288765600000033], [116.72456520000003, -8.366862600000044], [116.6665607, -8.559146199999986], [116.48102909999996, -8.807628899999983], [116.5035924, -8.858846100000036], [116.59233390000001, -8.858808], [116.5707947, -8.89185489999996], [116.509821, -8.915146], [116.51128779999998, -8.868504], [116.43563849999998, -8.919697299999982], [116.4758792, -8.826422200000014], [116.426711, -8.82450649999996], [116.37656939999997, -8.9559426], [116.372833, -8.901019600000012], [116.17303329999999, -8.913891500000023], [116.1545572, -8.863729699999986], [116.0493773, -8.88566119999997], [116.0668819, -8.851133400000041], [116.0086838, -8.9038856], [115.8312731, -8.8150972], [115.85261460000001, -8.720231300000044], [115.91689039999997, -8.775208900000017], [116.034124, -8.719598], [116.0652257, -8.772905600000044], [116.0321913, -8.446507200000028], [116.09961830000003, -8.361147200000016], [116.33791320000005, -8.214666599999973]]], [[[117.82526609999995, -8.5677298], [117.82189730000002, -8.5545476], [117.83108740000004, -8.563163600000031], [117.82526609999995, -8.5677298]]], [[[116.7873114, -8.543358200000014], [116.76983670000001, -8.541998100000011], [116.78926159999999, -8.527346], [116.7873114, -8.543358200000014]]], [[[117.7018895, -8.49523850000001], [117.7478031, -8.538458399999968], [117.77735660000002, -8.554768200000037], [117.79512350000005, -8.54835090000002], [117.79953430000003, -8.554204400000017], [117.7332128, -8.559881399999977], [117.7018895, -8.49523850000001]]], [[[116.870436, -8.492884099999984], [116.87250419999995, -8.502938700000037], [116.8674552, -8.499715100000035], [116.870436, -8.492884099999984]]], [[[117.674869, -8.4661413], [117.65029660000005, -8.53296320000004], [117.6513191, -8.447895499999966], [117.674869, -8.4661413]]], [[[115.15868070000005, -8.0642064], [115.560399, -8.233463], [115.71104390000005, -8.400177599999989], [115.61224830000002, -8.505780299999962], [115.30213780000003, -8.6245217], [115.26346829999999, -8.706754800000013], [115.18268859999996, -8.725172], [115.1779259, -8.7774629], [115.22069920000003, -8.75306040000002], [115.24004170000002, -8.803858400000028], [115.170299, -8.8489462], [115.083903, -8.82918], [115.169148, -8.724078400000032], [115.03761279999998, -8.5594941], [114.79761549999996, -8.412235], [114.58188430000001, -8.398087399999973], [114.4318779, -8.174156699999976], [114.47732250000001, -8.16524709999998], [114.45141630000005, -8.092584], [114.52089860000004, -8.1542177], [114.61716279999996, -8.1228213], [114.86747430000003, -8.196408], [115.00045179999996, -8.175993100000042], [115.15868070000005, -8.0642064]]], [[[116.91860980000003, -8.44249929999997], [116.86475480000003, -8.448026499999969], [116.84715040000005, -8.44402479999998], [116.87589090000004, -8.439265199999987], [116.91860980000003, -8.44249929999997]]], [[[117.6613311, -8.434175799999974], [117.65205470000002, -8.423405400000025], [117.66143509999998, -8.418735199999968], [117.6613311, -8.434175799999974]]], [[[116.07810459999997, -8.364320699999958], [116.085529, -8.350378799999966], [116.08767610000002, -8.364390599999968], [116.07810459999997, -8.364320699999958]]], [[[116.053936, -8.357719], [116.06044639999998, -8.3438375], [116.06126710000002, -8.3577839], [116.053936, -8.357719]]], [[[116.03989780000002, -8.3389855], [116.03451980000003, -8.3617996], [116.0279512, -8.345478], [116.03989780000002, -8.3389855]]], [[[116.71556540000003, -8.3308734], [116.71760250000001, -8.310885499999973], [116.74318659999997, -8.3450538], [116.71556540000003, -8.3308734]]], [[[116.68624080000004, -8.291249700000044], [116.71164329999998, -8.3008233], [116.70513760000001, -8.30958359999999], [116.68624080000004, -8.291249700000044]]], [[[117.68422879999999, -8.166347299999973], [117.528068, -8.389723900000043], [117.47014220000003, -8.355794], [117.4852376, -8.183055300000039], [117.68422879999999, -8.166347299999973]]], [[[117.3626044, -8.160525600000032], [117.34437870000004, -8.15258180000001], [117.38215, -8.159002500000042], [117.3626044, -8.160525600000032]]], [[[117.3720401, -8.148444800000018], [117.40574519999998, -8.128945899999959], [117.42356429999997, -8.13752460000002], [117.3720401, -8.148444800000018]]], [[[117.75065770000002, -8.1197136], [117.73688430000003, -8.100006400000023], [117.75990140000005, -8.108518800000017], [117.75065770000002, -8.1197136]]], [[[117.4551509, -7.588442399999969], [117.4408054, -7.582527799999979], [117.44221920000001, -7.5750504], [117.4551509, -7.588442399999969]]], [[[117.2820116, -7.5347089], [117.28433080000003, -7.525554900000027], [117.33599810000003, -7.527710200000011], [117.31895539999998, -7.537389900000043], [117.2910566, -7.539471699999985], [117.28227219999997, -7.538060099999984], [117.2820116, -7.5347089]]], [[[117.42343329999997, -7.5188692], [117.44445560000004, -7.512301], [117.43378660000005, -7.5392251], [117.42343329999997, -7.5188692]]], [[[117.17664940000002, -7.506959300000012], [117.18251949999997, -7.491864099999986], [117.19724050000002, -7.501230500000029], [117.17664940000002, -7.506959300000012]]], [[[117.47453990000001, -7.4852561], [117.48392510000002, -7.490049599999955], [117.47909030000002, -7.4965349], [117.47453990000001, -7.4852561]]], [[[115.7922898, -7.142126799999978], [115.894615, -7.193935500000033], [115.74142479999996, -7.152558499999969], [115.7922898, -7.142126799999978]]], [[[115.8993128, -7.172294800000041], [115.8955966, -7.107587800000011], [115.90670419999996, -7.102716500000013], [115.8993128, -7.172294800000041]]], [[[114.77737659999997, -7.13345869999998], [114.7795305, -7.1146628], [114.781332, -7.1154443], [114.77737659999997, -7.13345869999998]]], [[[115.76428209999999, -7.097204], [115.75631029999997, -7.08713039999996], [115.76379430000004, -7.0866349], [115.76428209999999, -7.097204]]], [[[118.17767050000002, -7.072094899999988], [118.1676539, -7.090420699999973], [118.1521746, -7.091490500000027], [118.17767050000002, -7.072094899999988]]], [[[115.6953118, -7.073454799999975], [115.7102016, -7.0594261], [115.71172120000004, -7.069740200000026], [115.6953118, -7.073454799999975]]], [[[115.66123550000003, -7.0407308], [115.64931, -7.06080030000001], [115.64909910000003, -7.044562], [115.66123550000003, -7.0407308]]], [[[115.61963810000003, -7.0616149], [115.6349227, -7.0401394], [115.63396789999996, -7.057662700000018], [115.61963810000003, -7.0616149]]], [[[115.60678030000003, -7.04765910000001], [115.5959725, -7.0384777], [115.61015659999997, -7.0400664], [115.60678030000003, -7.04765910000001]]], [[[115.53496760000004, -6.995250200000032], [115.529171, -7.034019399999976], [115.5052432, -7.014228199999979], [115.53496760000004, -6.995250200000032]]], [[[115.45400890000005, -6.984424599999957], [115.43667460000003, -7.000346], [115.42576290000002, -6.9851045], [115.45400890000005, -6.984424599999957]]], [[[115.260609, -6.973443199999958], [115.26211420000004, -6.9849157], [115.24540170000004, -6.971067600000043], [115.260609, -6.973443199999958]]], [[[115.56499610000003, -6.960291200000042], [115.68298240000001, -7.013729500000017], [115.61002220000003, -6.9984413], [115.56499610000003, -6.960291200000042]]], [[[115.92792380000002, -6.96408819999997], [115.90473930000002, -6.9499866], [115.93580070000002, -6.959981800000022], [115.92792380000002, -6.96408819999997]]], [[[115.77818040000001, -6.9624364], [115.79561110000002, -6.9552638], [115.78423729999997, -6.96451390000002], [115.77818040000001, -6.9624364]]], [[[115.8735521, -6.93921680000001], [115.87401339999997, -6.9621585], [115.86821129999996, -6.961113799999981], [115.8735521, -6.93921680000001]]], [[[116.24990619999996, -6.95014309999998], [116.2517465, -6.928363300000025], [116.2703024, -6.9402504], [116.24990619999996, -6.95014309999998]]], [[[115.232245, -6.833153799999965], [115.47423590000004, -6.860690700000023], [115.57591220000003, -6.932746699999977], [115.5466762, -6.9625547], [115.4539934, -6.9055971], [115.41628880000005, -6.942414900000034], [115.36662569999996, -6.893932200000015], [115.32036759999998, -6.922119100000031], [115.40421350000004, -6.988897699999959], [115.33325979999998, -6.995738400000014], [115.30223550000004, -6.94460289999997], [115.29270479999998, -7.0126011], [115.20387610000003, -6.9041707], [115.232245, -6.833153799999965]]], [[[117.95339349999996, -5.398524200000028], [117.92078, -5.355566299999988], [117.92129050000003, -5.352987599999966], [117.95339349999996, -5.398524200000028]]], [[[117.88917920000003, -5.233972500000024], [117.89063949999996, -5.294595099999973], [117.8893151, -5.295932799999988], [117.88917920000003, -5.233972500000024]]], [[[117.65493790000002, -5.221975800000041], [117.6636336, -5.176205900000037], [117.68267810000002, -5.197030199999981], [117.65493790000002, -5.221975800000041]]], [[[117.88862259999998, -5.169743], [117.87989209999996, -5.1783909], [117.88039320000004, -5.168851700000038], [117.88862259999998, -5.169743]]], [[[118.1482428, -5.129628500000011], [118.14744450000003, -5.114421200000036], [118.15519279999995, -5.134256], [118.1482428, -5.129628500000011]]], [[[117.053649, -5.1015233], [117.04824830000001, -5.088503099999981], [117.06161989999998, -5.097655199999968], [117.053649, -5.1015233]]], [[[115.663042, -4.922862799999967], [115.66520219999997, -4.90587879999998], [115.677318, -4.891842099999961], [115.663042, -4.922862799999967]]], [[[115.85683719999997, -4.75448910000001], [115.8546079, -4.784982199999972], [115.76648740000002, -4.837602300000016], [115.85683719999997, -4.75448910000001]]], [[[115.71158929999997, -4.726400100000012], [115.740249, -4.692764600000016], [115.75299219999995, -4.689194], [115.71158929999997, -4.726400100000012]]], [[[115.81114830000001, -4.3756012], [115.80220960000001, -4.36238930000002], [115.8136773, -4.366139199999958], [115.81114830000001, -4.3756012]]], [[[116.21061980000003, -4.086310699999968], [116.20572690000003, -4.101258699999983], [116.1993204, -4.088877499999983], [116.21061980000003, -4.086310699999968]]], [[[116.04269740000002, -4.097986200000021], [116.04605970000004, -4.07710850000001], [116.04603590000002, -4.097216800000043], [116.04269740000002, -4.097986200000021]]], [[[116.163665, -4.057774800000031], [116.17009529999999, -4.046051700000037], [116.18087870000002, -4.045289], [116.163665, -4.057774800000031]]], [[[116.20630259999996, -4.037708600000018], [116.1970724, -4.025454100000021], [116.213244, -4.027790100000034], [116.20630259999996, -4.037708600000018]]], [[[116.30536350000001, -3.850209800000021], [116.314088, -3.819100200000031], [116.32034529999999, -3.816602799999986], [116.30536350000001, -3.850209800000021]]], [[[116.257059, -3.209912600000015], [116.25058860000001, -3.380654399999978], [116.31349820000001, -3.507304699999986], [116.2712479, -3.545775799999957], [116.33890270000003, -3.7277629], [116.27132360000004, -3.815996299999986], [116.309995, -3.916758799999959], [116.11646490000001, -4.0220188], [116.1032303, -4.03386340000001], [116.10758450000003, -4.043149199999958], [116.09948679999998, -4.053323], [116.09830580000005, -4.076137799999985], [116.09072209999998, -4.085410099999971], [116.03919030000002, -4.024251399999985], [116.0767717, -3.810747899999962], [116.00502910000004, -3.6819191], [116.03794440000004, -3.4824212], [116.11534679999995, -3.303600300000015], [116.257059, -3.209912600000015]]], [[[116.33044610000003, -3.611310399999985], [116.35157519999997, -3.602137399999956], [116.3417502, -3.618690800000019], [116.33044610000003, -3.611310399999985]]], [[[116.40834579999998, -3.3604373], [116.39891080000002, -3.627099699999976], [116.36106840000002, -3.652705500000037], [116.35636919999997, -3.601801399999955], [116.34207570000002, -3.567212400000026], [116.31211810000005, -3.557832099999986], [116.33890780000002, -3.459462], [116.40834579999998, -3.3604373]]], [[[116.03983980000001, -3.419969599999979], [116.0320806, -3.4522647], [116.02161949999997, -3.454270100000018], [116.03983980000001, -3.419969599999979]]], [[[116.04496650000002, -3.366995200000018], [116.02612259999997, -3.405170300000011], [116.0448279, -3.3572437], [116.04496650000002, -3.366995200000018]]], [[[116.06985670000002, -3.3775353], [116.05790449999998, -3.353927], [116.07041859999997, -3.34806309999996], [116.06985670000002, -3.3775353]]], [[[116.28254120000004, -3.084756700000019], [116.27133950000002, -3.088951199999974], [116.27474, -3.079064100000013], [116.28254120000004, -3.084756700000019]]], [[[116.1919092, -2.933833899999955], [116.14894729999999, -2.935281600000012], [116.14917989999996, -2.898584800000032], [116.16595640000001, -2.909053100000031], [116.1919092, -2.933833899999955]]], [[[116.71712390000002, -1.125227600000029], [116.73344719999997, -1.121773], [116.7286407, -1.1339586], [116.71712390000002, -1.125227600000029]]], [[[117.50779680000004, -0.707329200000013], [117.5166448, -0.697400499999985], [117.52323170000001, -0.702709], [117.50779680000004, -0.707329200000013]]], [[[118.00285169999997, 0.71822230000002], [118.016288, 0.744860399999963], [118.02005389999997, 0.718594199999972], [118.00285169999997, 0.71822230000002]]], [[[118.01473819999998, 0.891858], [118.0273258, 0.890907099999987], [118.02749370000004, 0.8829638], [118.01473819999998, 0.891858]]], [[[117.9925813, 0.932394699999966], [118.010201, 0.903673200000037], [118.00399690000003, 0.90019930000002], [117.9925813, 0.932394699999966]]], [[[117.997731, 0.9921704], [118.00781779999998, 0.964197], [117.99911130000001, 0.967673799999973], [117.997731, 0.9921704]]], [[[117.6189406, 2.8108153], [117.6172508, 2.8025455], [117.61066079999998, 2.813346900000031], [117.6189406, 2.8108153]]], [[[117.63347240000004, 2.806764799999968], [117.63921750000004, 2.8131781], [117.65121469999998, 2.801532899999977], [117.63347240000004, 2.806764799999968]]], [[[117.69293050000002, 2.853128100000042], [117.68115549999999, 2.79785289999996], [117.641827, 2.815494199999975], [117.69293050000002, 2.853128100000042]]], [[[117.59197829999997, 2.907384700000044], [117.6876855, 2.934290899999965], [117.71443830000001, 2.9111478], [117.6976707, 2.9017399], [117.59197829999997, 2.907384700000044]]], [[[117.6236743, 3.0721214], [117.56859419999998, 3.051056], [117.55156130000003, 3.071770299999983], [117.6236743, 3.0721214]]], [[[117.45035229999996, 3.05863859999997], [117.4885363, 3.086490499999979], [117.49633149999997, 3.074875500000047], [117.45035229999996, 3.05863859999997]]], [[[117.50138620000004, 3.07925390000003], [117.50637990000004, 3.0702538], [117.49773220000004, 3.0716525], [117.50138620000004, 3.07925390000003]]], [[[117.63507270000002, 3.0689903], [117.63125479999997, 3.083134200000011], [117.63908149999997, 3.070134099999962], [117.63507270000002, 3.0689903]]], [[[117.55436879999996, 3.076395799999982], [117.51752459999996, 3.09834860000004], [117.56928920000001, 3.091112100000011], [117.55436879999996, 3.076395799999982]]], [[[117.57987670000001, 3.083617300000014], [117.5954051, 3.0973542], [117.60636230000004, 3.0930463], [117.57987670000001, 3.083617300000014]]], [[[117.49426089999997, 3.101693200000017], [117.497854, 3.092145900000016], [117.48622220000001, 3.0918419], [117.49426089999997, 3.101693200000017]]], [[[117.54231069999997, 3.096098600000037], [117.548766, 3.1026054], [117.55650030000002, 3.098470299999985], [117.54231069999997, 3.096098600000037]]], [[[117.58562569999998, 3.10452319999996], [117.5605028, 3.10797710000001], [117.58617189999997, 3.11343060000004], [117.58562569999998, 3.10452319999996]]], [[[117.61803060000003, 3.110340299999965], [117.58216679999995, 3.120883600000042], [117.62076140000002, 3.117611500000024], [117.61803060000003, 3.110340299999965]]], [[[117.668712, 3.364759900000021], [117.6376068, 3.2391755], [117.52003860000005, 3.415975], [117.6147284, 3.4411454], [117.668712, 3.364759900000021]]], [[[117.45212850000003, 3.3489734], [117.49487220000002, 3.4075796], [117.5034553, 3.345374600000035], [117.45212850000003, 3.3489734]]], [[[117.5479756, 3.47061039999998], [117.543925, 3.4982929], [117.5502138, 3.506332], [117.55043770000005, 3.525289799999971], [117.56035920000002, 3.522951699999961], [117.61460420000003, 3.479773800000014], [117.5479756, 3.47061039999998]]], [[[117.87283859999998, 3.477791400000037], [117.75605310000005, 3.528777100000031], [117.80068510000004, 3.59011329999996], [117.87283859999998, 3.477791400000037]]], [[[117.5445739, 3.5266717], [117.441688, 3.510237899999975], [117.41624180000002, 3.556447699999961], [117.5445739, 3.5266717]]], [[[117.66607029999999, 3.552192], [117.53941650000004, 3.559274399999985], [117.50619229999998, 3.585230800000012], [117.66607029999999, 3.552192]]], [[[117.41331980000001, 3.581850700000029], [117.405474, 3.570458399999961], [117.39472450000002, 3.584047100000038], [117.41331980000001, 3.581850700000029]]], [[[117.31444660000004, 3.58197569999998], [117.33384429999998, 3.5831749], [117.31478990000002, 3.5706681], [117.31444660000004, 3.58197569999998]]], [[[117.38706120000003, 3.585392200000044], [117.40429660000004, 3.569033600000022], [117.3672911, 3.58016420000002], [117.38706120000003, 3.585392200000044]]], [[[117.49676050000002, 3.57429609999997], [117.46926249999999, 3.573496], [117.45898279999996, 3.588470900000047], [117.49676050000002, 3.57429609999997]]], [[[117.4104053, 3.588486], [117.323888, 3.586087500000019], [117.3012287, 3.579063100000042], [117.29230230000003, 3.597566200000042], [117.40199390000002, 3.61127190000003], [117.46053040000002, 3.568269500000039], [117.4104053, 3.588486]]], [[[117.54456629999999, 3.6062177], [117.5075656, 3.593968399999987], [117.51357380000002, 3.610929300000016], [117.54456629999999, 3.6062177]]], [[[117.35667530000005, 3.6131565], [117.34534560000002, 3.622579], [117.37298310000004, 3.621379799999964], [117.35667530000005, 3.6131565]]], [[[117.58971439999998, 4.081557700000022], [117.65635180000004, 4.147448400000027], [117.75296440000001, 4.060496600000025], [117.66696209999996, 3.966314399999966], [117.58971439999998, 4.081557700000022]]], [[[117.90608520000004, 4.041265900000042], [117.6839801421335, 4.16553], [117.92548020000002, 4.129991800000017], [117.90608520000004, 4.041265900000042]]], [[[117.5861057, 4.1436889], [117.5576099, 4.100028500000015], [117.53683880000001, 4.104822700000028], [117.55057180000004, 4.137696499999972], [117.5861057, 4.1436889]]], [[[122.67815570000002, -10.83410929999998], [122.66776490000004, -10.7989154], [122.68662970000003, -10.8334741], [122.67815570000002, -10.83410929999998]]], [[[122.00599379999997, -10.469848299999981], [121.986277, -10.550786300000045], [121.86344349999996, -10.622564500000017], [121.68425219999997, -10.577733299999966], [121.8973048, -10.42019979999996], [122.00599379999997, -10.469848299999981]]], [[[120.12324429999997, -10.3332378], [120.10712409999996, -10.333222599999988], [120.12590390000003, -10.326696699999957], [120.12324429999997, -10.3332378]]], [[[120.18190690000002, -10.3118427], [120.21388319999996, -10.3158823], [120.17110219999998, -10.31713110000004], [120.18190690000002, -10.3118427]]], [[[119.93570320000003, -9.275871], [120.0918484, -9.474180399999973], [120.21132090000005, -9.49125220000003], [120.25093589999999, -9.646823300000026], [120.466078, -9.615154400000034], [120.59671170000004, -9.731031], [120.67719, -9.897908399999963], [120.84071790000002, -10.016721499999978], [120.8162097, -10.125135899999979], [120.45414549999995, -10.317351200000044], [120.34653830000005, -10.2486315], [120.16515629999998, -10.240277200000033], [120.00976580000001, -10.124068600000044], [119.94984409999996, -9.974084700000038], [119.78357709999997, -9.9224727], [119.671221, -9.78076], [119.188187, -9.759195799999961], [118.9271999, -9.554698500000022], [118.98971739999998, -9.456342899999978], [119.178466, -9.374790200000035], [119.62354569999997, -9.34524670000004], [119.79655419999997, -9.399566699999959], [119.93570320000003, -9.275871]]], [[[120.305633, -8.900715800000011], [120.25602489999997, -8.901044799999966], [120.286993, -8.868279300000012], [120.305633, -8.900715800000011]]], [[[121.53520329999998, -8.884647600000037], [121.50687910000005, -8.89300039999997], [121.5244884, -8.85015010000004], [121.53520329999998, -8.884647600000037]]], [[[119.80313610000002, -8.801216600000025], [119.77089739999997, -8.817162900000039], [119.78700679999997, -8.790521700000017], [119.80313610000002, -8.801216600000025]]], [[[119.65571739999999, -8.784259699999971], [119.65932350000003, -8.81796980000001], [119.6311537, -8.8068369], [119.65571739999999, -8.784259699999971]]], [[[119.42019769999999, -8.756225499999978], [119.4275188, -8.7474214], [119.4303495, -8.764660200000026], [119.42019769999999, -8.756225499999978]]], [[[119.6148898, -8.608651300000044], [119.67315739999995, -8.688725100000013], [119.71874169999997, -8.621578899999957], [119.80518689999998, -8.62507659999999], [119.71035540000003, -8.67906349999997], [119.69370149999999, -8.810385], [119.660298, -8.7731541], [119.6185041, -8.793533800000016], [119.60318220000005, -8.749601900000034], [119.66134849999997, -8.70232820000004], [119.6148898, -8.608651300000044]]], [[[119.23931319999997, -8.664089], [119.20868669999999, -8.672510600000013], [119.22694809999997, -8.652311600000026], [119.23931319999997, -8.664089]]], [[[119.60495889999996, -8.632993900000038], [119.56199409999998, -8.694413899999972], [119.53692540000003, -8.670318299999987], [119.60495889999996, -8.632993900000038]]], [[[119.53421429999997, -8.6176323], [119.52923, -8.6074915], [119.53570690000002, -8.608608399999959], [119.53421429999997, -8.6176323]]], [[[119.42287330000003, -8.443619600000027], [119.57165079999997, -8.4891863], [119.574561, -8.595274099999969], [119.49884680000002, -8.570788300000029], [119.4335258, -8.675522], [119.4715883, -8.7365763], [119.37658749999999, -8.7382144], [119.42287330000003, -8.443619600000027]]], [[[119.1980038, -8.571074900000028], [119.18823560000001, -8.582722800000017], [119.185812, -8.5662495], [119.1980038, -8.571074900000028]]], [[[119.7127597, -8.5809341], [119.72561619999998, -8.569770600000023], [119.72926379999998, -8.573349899999968], [119.7127597, -8.5809341]]], [[[119.05576879999995, -8.572330199999975], [119.03819019999997, -8.566163199999973], [119.04488829999995, -8.556529099999985], [119.05576879999995, -8.572330199999975]]], [[[119.66454480000002, -8.536119299999964], [119.6581683, -8.567601599999971], [119.6463055, -8.535749800000033], [119.66454480000002, -8.536119299999964]]], [[[122.86747210000003, -8.063785299999967], [123.02035459999996, -8.31696180000002], [122.9137388, -8.328531500000022], [122.8877975, -8.448708299999982], [122.77777589999997, -8.4207902], [122.83179160000003, -8.58948880000002], [122.421316, -8.744603099999967], [122.11525570000002, -8.72975360000002], [121.77621389999999, -8.8825561], [121.67062569999996, -8.848152599999967], [121.6395657, -8.905792], [121.5878694, -8.802128], [121.38822849999998, -8.7888823], [121.3423731, -8.9056718], [121.17949139999999, -8.8854566], [121.00060489999998, -8.95603459999997], [120.83768550000003, -8.829390799999967], [120.74630050000005, -8.893780699999962], [120.59606559999996, -8.81518369999997], [120.27712679999996, -8.8536061], [120.1323614, -8.784762600000015], [119.90615339999995, -8.866862], [119.80079270000002, -8.764927700000044], [119.85751280000002, -8.42984639999996], [119.99235130000002, -8.462754299999972], [120.0192733, -8.384061100000014], [120.075429, -8.377015], [120.04396649999995, -8.400724699999959], [120.08646510000001, -8.387910500000014], [120.103314, -8.451631299999981], [120.12134239999999, -8.3564968], [120.14381179999998, -8.395153300000032], [120.20108110000004, -8.305182900000027], [120.37124870000001, -8.293883199999982], [120.42826369999997, -8.240966900000032], [120.46783180000003, -8.295646899999984], [120.59149179999997, -8.296895800000023], [120.60134729999999, -8.25549390000003], [120.7347829, -8.34928], [120.97846640000002, -8.346606200000014], [120.96324969999998, -8.370393], [121.02436410000001, -8.413490399999976], [121.3078271, -8.4796454], [121.3436697, -8.547424099999986], [121.41873220000002, -8.592015700000019], [121.47625870000005, -8.5641627], [121.505606, -8.61443189999996], [121.57106140000002, -8.530747], [121.61368659999997, -8.556287499999979], [121.61994530000001, -8.471520099999971], [121.79972139999998, -8.51069740000002], [122.02402310000002, -8.4403549], [122.01577169999996, -8.529683099999982], [122.1048826, -8.52935339999997], [122.23488350000002, -8.6273074], [122.4729394, -8.609342400000028], [122.51755809999997, -8.547480699999962], [122.49287240000001, -8.474367099999988], [122.8932088, -8.277664], [122.93998620000005, -8.199450399999971], [122.9005535, -8.1751628], [122.73040339999997, -8.223808], [122.78260749999997, -8.107832100000042], [122.86747210000003, -8.063785299999967]]], [[[119.73083050000002, -8.494325499999963], [119.713342, -8.505328300000045], [119.71660429999996, -8.497034700000036], [119.73083050000002, -8.494325499999963]]], [[[119.5608298, -8.476380400000036], [119.55957180000001, -8.4620945], [119.56657349999998, -8.4647533], [119.5608298, -8.476380400000036]]], [[[122.45358310000002, -8.476243199999963], [122.4228412, -8.467122900000032], [122.45181540000004, -8.458693599999986], [122.45358310000002, -8.476243199999963]]], [[[122.41610729999996, -8.436393100000025], [122.39924180000003, -8.498553899999969], [122.33502289999996, -8.464469699999974], [122.3453854, -8.428430499999958], [122.41610729999996, -8.436393100000025]]], [[[119.562919, -8.45975470000003], [119.57214110000004, -8.44617350000004], [119.5832338, -8.4417224], [119.562919, -8.45975470000003]]], [[[119.26753209999997, -8.39395349999997], [119.32179490000004, -8.4562387], [119.27917609999999, -8.4680812], [119.26753209999997, -8.39395349999997]]], [[[122.51996149999997, -8.423608300000026], [122.515075, -8.4276667], [122.49809749999997, -8.4297534], [122.51042079999996, -8.413293700000043], [122.51996149999997, -8.423608300000026]]], [[[119.87756529999996, -8.3800259], [119.8392714, -8.3899607], [119.83892439999997, -8.3791156], [119.87756529999996, -8.3800259]]], [[[121.0104326, -8.368667800000015], [121.01005590000001, -8.391853799999968], [120.99584370000004, -8.388432300000023], [121.0104326, -8.368667800000015]]], [[[120.0338734, -8.367951100000045], [120.01664279999996, -8.37297059999996], [120.023137, -8.351908100000024], [120.0338734, -8.367951100000045]]], [[[122.3074497, -8.368408699999982], [122.28469670000001, -8.354413799999957], [122.3211844, -8.345986499999988], [122.3074497, -8.368408699999982]]], [[[120.154475, -8.351071900000026], [120.12421059999998, -8.353170400000018], [120.11782889999998, -8.3420525], [120.1441995, -8.3419859], [120.154475, -8.351071900000026]]], [[[121.74020660000002, -8.3452503], [121.69076250000005, -8.350244699999973], [121.67558929999996, -8.3219735], [121.72952609999997, -8.29814730000001], [121.74020660000002, -8.3452503]]], [[[119.12298409999995, -8.1859778], [119.0834644, -8.254439800000032], [118.99939979999996, -8.22665680000004], [119.0472482, -8.12938890000002], [119.12298409999995, -8.1859778]]], [[[122.13047549999996, -8.1220913], [122.11398509999997, -8.110816599999978], [122.13603519999998, -8.109411199999958], [122.13047549999996, -8.1220913]]], [[[121.79500889999997, -7.413223799999964], [121.745682, -7.414133600000013], [121.75364649999997, -7.3531194], [121.81967080000001, -7.3303579], [121.79500889999997, -7.413223799999964]]], [[[121.16358350000004, -7.345165], [121.09895090000003, -7.398360699999958], [121.05978939999996, -7.3716257], [121.08257970000003, -7.303599], [121.16358350000004, -7.345165]]], [[[120.79592739999997, -7.27086], [121.00474519999997, -7.281360800000043], [121.06388029999997, -7.301200200000031], [121.00270950000004, -7.33301109999996], [120.79592739999997, -7.27086]]], [[[121.7730625, -7.286673599999978], [121.7517059, -7.261871499999979], [121.77878049999998, -7.2722552], [121.7730625, -7.286673599999978]]], [[[120.56106310000001, -7.0732521], [120.61151120000002, -7.090128], [120.5546468, -7.0800031], [120.56106310000001, -7.0732521]]], [[[120.63111269999996, -7.000210099999989], [120.78553160000001, -7.0593145], [120.76840629999997, -7.134715], [120.67006360000002, -7.150457899999981], [120.60430290000002, -7.074904600000028], [120.63111269999996, -7.000210099999989]]], [[[120.5379504, -7.0603301], [120.55100859999997, -7.06703859999996], [120.53885990000002, -7.066955099999979], [120.5379504, -7.0603301]]], [[[119.107889, -6.838999300000011], [119.110027, -6.8562518], [119.095346, -6.859150300000024], [119.09826039999996, -6.847801299999985], [119.107889, -6.838999300000011]]], [[[119.16844729999998, -6.837359200000022], [119.1855046, -6.82476460000004], [119.1694715, -6.846863600000026], [119.16844729999998, -6.837359200000022]]], [[[120.810158, -6.794579], [120.79565179999999, -6.866776699999984], [120.79013250000003, -6.777484799999985], [120.810158, -6.794579]]], [[[120.43023869999996, -6.659811500000042], [120.43850820000003, -6.679429099999974], [120.42891060000004, -6.71672519999998], [120.43023869999996, -6.659811500000042]]], [[[120.43605630000002, -6.5807705], [120.43934560000002, -6.642215400000036], [120.42038229999997, -6.598461300000021], [120.43605630000002, -6.5807705]]], [[[118.86800279999997, -6.600219800000036], [118.858159, -6.586341900000011], [118.86980419999998, -6.599569399999957], [118.86800279999997, -6.600219800000036]]], [[[118.835681, -6.570062499999969], [118.83856549999996, -6.583709100000042], [118.82512120000003, -6.571389499999987], [118.835681, -6.570062499999969]]], [[[120.42452310000002, -6.469705399999966], [120.4326974, -6.482897700000019], [120.42392779999996, -6.4896528], [120.42452310000002, -6.469705399999966]]], [[[120.43233490000003, -6.106119699999975], [120.42772779999996, -6.194199699999976], [120.415701, -6.208985900000015], [120.39233910000003, -6.180598099999986], [120.40908270000003, -6.1230216], [120.43233490000003, -6.106119699999975]]], [[[120.48333, -5.768317600000013], [120.568431, -6.055951699999958], [120.484014, -6.499331100000012], [120.43031389999997, -6.1694484], [120.48333, -5.768317600000013]]], [[[120.47980050000001, -5.738677700000035], [120.49216180000005, -5.752752700000026], [120.47459939999999, -5.7506925], [120.47980050000001, -5.738677700000035]]], [[[122.55373620000002, -5.644835], [122.49050050000004, -5.698814399999981], [122.45623150000003, -5.685768400000042], [122.50987459999999, -5.6242924], [122.55373620000002, -5.644835]]], [[[120.4218855, -5.655521799999959], [120.4456292, -5.646677799999973], [120.42954409999996, -5.6610226], [120.4218855, -5.655521799999959]]], [[[122.5118133, -5.597102300000041], [122.51276820000004, -5.589622599999962], [122.51452229999995, -5.592489600000035], [122.5118133, -5.597102300000041]]], [[[122.5239992, -5.50023309999997], [122.50411830000004, -5.562925799999959], [122.469933, -5.538397300000038], [122.5239992, -5.50023309999997]]], [[[121.99285139999996, -5.523506799999985], [122.046159, -5.490597699999962], [122.06313780000005, -5.490882399999982], [122.02887659999998, -5.519055099999977], [121.99285139999996, -5.523506799999985]]], [[[119.25399660000002, -5.487365699999976], [119.31525960000003, -5.515345099999965], [119.25950269999997, -5.5244473], [119.25148570000002, -5.503348099999957], [119.25399660000002, -5.487365699999976]]], [[[122.08680190000004, -5.493497], [122.07422779999997, -5.472854200000017], [122.09157650000003, -5.4831925], [122.08680190000004, -5.493497]]], [[[122.62822459999997, -5.436333500000042], [122.62397360000004, -5.422553500000034], [122.63137749999999, -5.417740599999983], [122.62822459999997, -5.436333500000042]]], [[[118.43642650000004, -5.408185], [118.4270634, -5.4182593], [118.42726689999996, -5.395319399999983], [118.43642650000004, -5.408185]]], [[[122.0564924, -5.296239799999987], [122.07605369999997, -5.285699599999989], [122.06238989999999, -5.30797779999997], [122.0564924, -5.296239799999987]]], [[[121.89154889999999, -5.056102], [121.94029370000001, -5.116376800000017], [121.97071230000003, -5.065384600000018], [121.98572450000003, -5.1641409], [122.07051980000004, -5.201908600000033], [122.01735939999998, -5.241012100000016], [122.02997640000002, -5.475362299999971], [121.94968210000002, -5.4940449], [121.79575760000002, -5.278774699999984], [121.8233902, -5.168887499999981], [121.88345020000003, -5.152763099999975], [121.84107130000002, -5.107956099999972], [121.89154889999999, -5.056102]]], [[[122.70053430000004, -5.252540499999976], [122.69974820000002, -5.282705499999969], [122.67993760000002, -5.294039800000035], [122.70053430000004, -5.252540499999976]]], [[[121.76849850000002, -5.279494600000041], [121.76674540000002, -5.255776600000035], [121.7888616, -5.2545309], [121.76849850000002, -5.279494600000041]]], [[[121.83868669999998, -5.147133699999957], [121.82737960000003, -5.135432299999982], [121.83925029999999, -5.1198105], [121.83868669999998, -5.147133699999957]]], [[[122.71763909999999, -4.640727299999964], [122.76352269999998, -4.965091900000013], [122.5885879, -5.159661600000016], [122.62674940000002, -5.203514899999979], [122.57782570000003, -5.250953699999957], [122.6459843, -5.297373], [122.60045730000003, -5.426862], [122.52085789999997, -5.438256800000015], [122.5431722, -5.258890899999964], [122.47781149999997, -5.300476399999961], [122.46461950000003, -5.402884799999959], [122.3966975, -5.382506300000041], [122.3823947, -5.332378100000031], [122.440932, -5.3154311], [122.43443060000001, -5.312646399999983], [122.3765735, -5.3252897], [122.3640365, -5.3895723], [122.27910149999997, -5.393860200000041], [122.3071888, -5.149540200000031], [122.41940450000003, -4.99401210000004], [122.32008440000003, -4.8278862], [122.37361950000002, -4.7436321], [122.48950569999997, -4.762032799999966], [122.59828380000005, -4.641443], [122.71763909999999, -4.640727299999964]]], [[[122.12089059999997, -4.8199341], [122.1411556, -4.816507199999959], [122.12057270000004, -4.832469399999956], [122.12089059999997, -4.8199341]]], [[[122.34939649999997, -4.729298799999954], [122.356861, -4.73977220000002], [122.34900369999997, -4.738499699999982], [122.34939649999997, -4.729298799999954]]], [[[122.3037494, -4.715206], [122.30752280000002, -4.685741100000024], [122.3183398, -4.69159719999997], [122.3037494, -4.715206]]], [[[122.380826, -4.671056200000018], [122.34821789999998, -4.7127564], [122.32494050000001, -4.725481400000026], [122.34821789999998, -4.682998699999958], [122.380826, -4.671056200000018]]], [[[122.36213690000002, -4.653808100000029], [122.3478715, -4.636745799999959], [122.36247930000002, -4.6383383], [122.36213690000002, -4.653808100000029]]], [[[122.3203289, -4.662162099999973], [122.31744219999999, -4.646107], [122.33482109999997, -4.639666400000026], [122.3203289, -4.662162099999973]]], [[[122.320346, -4.6258195], [122.31874179999997, -4.610693399999983], [122.3291216, -4.610261699999969], [122.320346, -4.6258195]]], [[[121.480131, -4.195543600000013], [121.4808227, -4.20440239999998], [121.47225880000002, -4.226166399999959], [121.480131, -4.195543600000013]]], [[[121.38294230000002, -4.105170099999961], [121.46271539999998, -4.133422], [121.3918011, -4.167044199999987], [121.38294230000002, -4.105170099999961]]], [[[121.364477, -4.09765829999998], [121.3678461, -4.08168570000001], [121.37807440000005, -4.100778699999969], [121.364477, -4.09765829999998]]], [[[122.610651, -3.992514], [122.603981, -3.976007], [122.617524, -3.991446], [122.610651, -3.992514]]], [[[122.34785839999998, -3.570053199999974], [122.2845871, -3.592105900000037], [122.2785255, -3.570739600000012], [122.3140833, -3.531580799999984], [122.34785839999998, -3.570053199999974]]], [[[119.37444950000001, -3.482729400000013], [119.3630377, -3.4717768], [119.37093820000001, -3.467724199999973], [119.37444950000001, -3.482729400000013]]], [[[124.98046860000004, 1.749300200000031], [125.0255, 1.7325], [125.026, 1.729], [125.02475, 1.72875], [125.02525, 1.72525], [125.0135, 1.689], [125.04219229999995, 1.673311500000024], [125.17527669999996, 1.684584], [125.14368619999996, 1.60546820000002], [125.23527969999998, 1.46933129999997], [125.0776832, 1.366266700000034], [125.01193790000004, 1.1248006], [124.88587519999997, 0.9712207], [124.71739809999998, 0.891065400000029], [124.55577879999996, 0.652131100000036], [124.5697719, 0.57745620000002], [124.49336619999997, 0.542975099999959], [124.51261390000002, 0.472228800000012], [124.45313070000003, 0.443812600000031], [123.62987369999996, 0.2915773], [123.2675883, 0.322307500000035], [123.0618417, 0.52059890000004], [122.69293559999997, 0.4718239], [122.65214029999999, 0.516686], [122.64238989999997, 0.474184199999977], [122.40148819999999, 0.525952599999984], [121.80398849999999, 0.409611300000028], [121.72093270000002, 0.521284600000021], [121.53239419999997, 0.555269100000027], [121.52199149999998, 0.495690300000023], [121.27210180000002, 0.4947764], [121.08101870000002, 0.3980209], [121.02739289999998, 0.438948600000016], [120.897056, 0.396238799999987], [120.80984770000003, 0.475253499999988], [120.524005, 0.5155649], [120.24840139999998, 0.350014599999964], [120.1355968, 0.1931557], [120.10037349999999, -0.016605099999973], [120.008604, -0.178325600000024], [120.05903909999998, -0.6318922], [120.31133650000004, -0.9664786], [120.4094839, -0.922044899999969], [120.5063791, -0.994930700000014], [120.58582250000003, -1.104327899999975], [120.57286419999998, -1.247905], [120.68574040000003, -1.419038399999978], [120.8235339, -1.353451], [120.86331730000002, -1.4134525], [121.09969209999998, -1.4381428], [121.30382169999996, -1.101144800000037], [121.6345667, -0.803861800000034], [121.70661439999998, -0.945883900000039], [121.9564489, -0.992015200000013], [122.00620839999996, -0.937072299999981], [122.12417309999995, -0.944125300000016], [122.2021106, -0.788315299999971], [122.61595739999999, -0.7618808], [122.72501239999997, -0.813275], [122.96065630000002, -0.75469369999997], [122.72345760000002, -0.663423200000041], [122.954422, -0.644890299999973], [123.05817979999996, -0.56464539999997], [123.3944004, -0.641877600000013], [123.45843809999997, -0.768685], [123.32330080000003, -1.0502509], [123.14185639999997, -0.952059899999986], [123.09924, -0.834800900000038], [123.0407677, -0.910687300000019], [122.80228929999998, -0.9419138], [122.71475459999996, -1.134106], [122.39134489999998, -1.494752199999978], [122.218355, -1.602621], [122.03083039999999, -1.611626900000013], [121.90514079999997, -1.701489299999965], [121.86261169999997, -1.6700128], [121.88612280000001, -1.706406300000014], [121.80683570000002, -1.7312232], [121.676076, -1.946627199999968], [121.63894470000004, -1.9595219], [121.602226, -1.952699699999966], [121.57379619999998, -1.9590721], [121.55331769999995, -1.955848399999988], [121.52703160000002, -1.8752259], [121.44849170000003, -1.867241099999967], [121.45685580000001, -1.810559599999968], [121.341095, -1.77252460000002], [121.2889506, -1.839038], [121.363037, -1.8747416], [121.31236060000002, -1.929612099999984], [121.34277089999998, -2.005582], [121.40941959999998, -1.90629869999997], [121.4986516, -2.05397950000002], [121.5331491, -2.0397174], [121.55125579999998, -2.167885900000039], [121.67695709999998, -2.172298800000034], [121.82419330000002, -2.291674399999961], [122.034958, -2.656912499999981], [122.011067, -2.719422], [122.18451419999997, -2.823245400000014], [122.20780440000001, -2.899901700000013], [122.3145505, -2.910315], [122.25148570000005, -3.02719], [122.48725120000005, -3.1812061], [122.42997810000003, -3.19135160000002], [122.42375989999996, -3.280697499999958], [122.32525029999996, -3.2329154], [122.293832, -3.356952399999964], [122.3756665, -3.38351590000004], [122.38352970000003, -3.456847799999958], [122.31640279999996, -3.426242500000038], [122.3289873, -3.373716300000035], [122.2389236, -3.3894891], [122.30070479999998, -3.46658930000004], [122.26187249999997, -3.482813200000018], [122.28248719999998, -3.548816800000038], [122.19543229999996, -3.607098], [122.35917510000002, -3.7510558], [122.44359480000003, -3.751175699999971], [122.52430780000003, -3.8952108], [122.66626889999998, -3.897812399999962], [122.599301, -3.979047], [122.537076, -3.96673], [122.524775, -3.972114], [122.514425, -3.995528], [122.6535608, -4.0056659], [122.65914779999999, -4.151342599999969], [122.81681949999998, -4.136182900000025], [122.8580231, -4.1923993], [122.83531130000001, -4.120974799999983], [122.76229329999995, -4.065798099999968], [122.85490909999999, -4.070778799999959], [122.90670670000003, -4.231419700000034], [122.88300859999998, -4.414993800000017], [122.83110809999997, -4.449064699999978], [122.66677410000003, -4.331569], [122.76190790000004, -4.4354064], [122.747461, -4.509547399999986], [122.691335, -4.4721678], [122.67281870000002, -4.511265699999962], [122.57699380000003, -4.396380100000014], [122.5046235, -4.455751099999967], [122.42041839999999, -4.433208100000014], [122.10518990000003, -4.530103699999961], [122.0193898, -4.648564100000014], [122.0377394, -4.7563934], [122.12014640000002, -4.818891200000037], [122.006953, -4.899166299999964], [121.81739229999997, -4.835058], [121.69760709999997, -4.854300100000037], [121.6391696, -4.778146200000039], [121.6165251, -4.7951127], [121.54386919999996, -4.767898199999971], [121.46610329999999, -4.613343100000018], [121.52684090000004, -4.244221], [121.57969789999997, -4.2447332], [121.60941630000005, -4.067071299999975], [121.349549, -3.991185499999956], [121.2882807, -3.8827266], [121.25192279999999, -3.920110900000024], [121.24444029999995, -3.827658299999987], [121.17090450000003, -3.826208500000023], [120.8804924, -3.529033], [120.86568960000002, -3.429612299999969], [121.06944869999998, -3.2052129], [121.0772056, -2.8669681], [120.99693220000003, -2.8699512], [120.97482650000003, -2.810098100000042], [121.09838960000005, -2.716649600000027], [121.0373965, -2.6943301], [121.03969530000003, -2.63956429999997], [120.9996056, -2.6792329], [120.81164159999996, -2.618534], [120.67223520000002, -2.645322], [120.18781310000003, -2.973361899999977], [120.2585447, -3.065260800000031], [120.25486259999998, -3.1588516], [120.4215656, -3.265026900000018], [120.37949720000002, -3.499674900000011], [120.44137960000002, -3.7400969], [120.34351010000005, -3.8909492], [120.32143990000004, -4.097930799999967], [120.37322549999996, -4.145237500000027], [120.39336530000003, -4.335647500000023], [120.337592, -4.399069300000031], [120.4583227, -4.657586899999961], [120.38319279999999, -4.838081699999981], [120.30550320000003, -4.86803710000004], [120.27002269999997, -5.1460115], [120.405059, -5.3414892], [120.472854, -5.62164450000003], [120.31201389999995, -5.507150599999984], [120.12934279999999, -5.5882576], [119.93027289999996, -5.5460002], [119.78927770000001, -5.7012341], [119.64719670000002, -5.681932700000021], [119.61226379999997, -5.612833600000029], [119.55716510000002, -5.648859600000018], [119.51720649999999, -5.535664699999983], [119.45984009999998, -5.57722849999996], [119.48926559999998, -5.603750900000011], [119.4405956, -5.596760299999988], [119.35374280000002, -5.325309400000029], [119.3808451, -5.167350800000021], [119.5251417, -4.9237285], [119.4821157, -4.751402399999966], [119.59402630000001, -4.57011210000003], [119.63511830000003, -3.967984600000014], [119.58615429999998, -3.97357], [119.58682460000001, -4.039532799999963], [119.4497177, -3.697453300000026], [119.51170680000004, -3.551806699999977], [119.42974640000003, -3.459021400000035], [119.286098, -3.42892649999998], [118.93494420000005, -3.56877850000002], [118.77578220000004, -3.104113300000028], [118.8398508, -3.078981099999984], [118.88630939999996, -2.889911699999976], [118.76947130000002, -2.867117400000014], [118.7575204, -2.783168499999961], [118.81708689999998, -2.617184799999956], [118.91716550000002, -2.6653704], [119.0292604, -2.583745300000013], [119.04073150000002, -2.510207799999959], [119.14470779999998, -2.470171900000013], [119.1215023, -2.312827600000029], [119.21323860000003, -1.995896100000023], [119.33198759999998, -1.961394599999961], [119.36301220000004, -1.8565531], [119.28010180000003, -1.687523], [119.34039780000003, -1.1695887], [119.43978210000002, -1.105534900000011], [119.5445014, -0.865782], [119.6799047, -0.768815899999959], [119.66100040000003, -0.716806900000028], [119.72745350000002, -0.645528], [119.83691360000005, -0.879097099999965], [119.87861910000002, -0.863175799999977], [119.75808609999999, -0.491373300000026], [119.8101058, -0.137257699999955], [119.709417, -0.140959900000032], [119.6036529, -0.006159399999978], [119.71743920000003, -0.0077687], [119.77984650000002, -0.111723100000011], [119.86457689999999, -0.060894499999959], [119.8768852, 0.083744500000032], [119.77067930000004, 0.2120259], [119.90363959999998, 0.2226843], [119.84768770000004, 0.356602], [119.88227980000005, 0.458987399999982], [120.04538469999997, 0.513659199999966], [120.03848549999996, 0.7175393], [120.23908880000003, 0.802052], [120.282683, 0.986464], [120.35435630000005, 0.983861100000032], [120.32696360000003, 0.8546321], [120.36310519999998, 0.828015200000037], [120.37331850000002, 0.866776500000038], [120.39149159999998, 0.796483799999963], [120.5926301, 0.7480973], [120.6346835, 0.93947189999996], [120.80849840000003, 1.028091500000022], [120.807501, 1.3246785], [120.90334720000001, 1.3557283], [120.89359850000004, 1.303610100000013], [120.99584939999997, 1.339977700000022], [121.2541148, 1.230440600000032], [121.46504110000004, 1.307198800000025], [121.43180079999996, 1.164407300000041], [121.65980910000002, 1.033683599999973], [121.9265704, 1.102722599999966], [121.98377779999998, 1.022138400000044], [122.06346940000005, 1.063496300000038], [122.258513, 1.007135800000041], [122.45696719999998, 1.029453199999979], [122.85747390000003, 0.806170799999977], [122.98648719999997, 0.9667531], [123.08782249999999, 0.9064026], [123.2480041, 0.958756599999971], [123.26098140000002, 0.914619200000038], [123.59777739999996, 0.903849300000042], [123.75043629999996, 0.8305084], [123.95734979999997, 0.8373861], [124.29727540000005, 1.00984840000004], [124.3538404, 1.165460400000045], [124.57657750000001, 1.188166299999976], [124.61206569999999, 1.252939200000041], [124.51226859999997, 1.317596799999981], [124.5512194, 1.376452800000044], [124.826768, 1.463068799999972], [124.804663, 1.57127970000001], [124.96475, 1.67225], [124.98046860000004, 1.749300200000031]]], [[[121.43682970000003, -1.9485383], [121.43265639999997, -1.932937300000043], [121.440882, -1.918341], [121.43682970000003, -1.9485383]]], [[[121.36493290000001, -1.922245400000017], [121.36480449999996, -1.904610199999974], [121.37909, -1.8998916], [121.36493290000001, -1.922245400000017]]], [[[121.40830509999996, -1.857401600000037], [121.37102590000003, -1.850641399999981], [121.40848820000002, -1.837140200000038], [121.40830509999996, -1.857401600000037]]], [[[121.7699689, -0.739065199999962], [121.76729640000005, -0.754392600000015], [121.75637969999998, -0.741031500000028], [121.7699689, -0.739065199999962]]], [[[121.87145990000005, -0.525284700000023], [121.860268, -0.5244665], [121.87087550000001, -0.5137426], [121.87145990000005, -0.525284700000023]]], [[[122.61731060000004, -0.499106899999974], [122.55732690000002, -0.519134299999974], [122.52541750000002, -0.502169399999969], [122.61731060000004, -0.499106899999974]]], [[[121.88209919999997, -0.421319800000026], [121.90733340000003, -0.5282611], [121.8524658, -0.494895300000026], [121.83094410000001, -0.532552499999978], [121.74030689999998, -0.495303499999961], [121.658874, -0.5767382], [121.7560997, -0.4257829], [121.88209919999997, -0.421319800000026]]], [[[121.85919, -0.383731199999977], [122.05868419999997, -0.348177399999978], [122.05432289999999, -0.420106900000034], [121.920385, -0.443549299999974], [121.85919, -0.383731199999977]]], [[[121.8576011, -0.365809300000015], [121.85171550000001, -0.357186300000018], [121.87512110000002, -0.352943299999959], [121.8576011, -0.365809300000015]]], [[[122.1018405, -0.2912041], [122.1526673, -0.390726600000042], [122.09069139999998, -0.393426699999983], [122.0965764, -0.4379012], [122.05996389999999, -0.355396299999972], [122.1018405, -0.2912041]]], [[[122.22828949999996, -0.213255600000013], [122.3801749, -0.273952], [122.39669519999998, -0.389894899999971], [122.22828949999996, -0.213255600000013]]], [[[122.01408730000003, -0.287078499999966], [122.01391569999996, -0.277465599999955], [122.01786389999997, -0.2764356], [122.01408730000003, -0.287078499999966]]], [[[122.11347930000004, -0.267166], [122.1266972, -0.259613], [122.1284138, -0.2664793], [122.11347930000004, -0.267166]]], [[[122.0396649, -0.257381399999963], [122.079662, -0.266136], [122.0291935, -0.275577300000036], [122.0396649, -0.257381399999963]]], [[[122.18614450000004, -0.250197500000022], [122.23258119999997, -0.258212299999967], [122.24487209999995, -0.2927617], [122.14550819999997, -0.250472200000013], [122.20876669999997, -0.209997800000023], [122.18614450000004, -0.250197500000022]]], [[[121.65074019999997, -0.194792], [121.5932925, -0.211012400000039], [121.55993479999998, -0.168111700000024], [121.64611120000005, -0.126061300000019], [121.65074019999997, -0.194792]]], [[[121.70708779999998, 0.485123599999964], [121.690314, 0.512506599999989], [121.7096857, 0.488556400000045], [121.70708779999998, 0.485123599999964]]], [[[120.24755009999997, 0.986834899999971], [120.23569440000003, 0.967778400000013], [120.2313423, 0.9678534], [120.24755009999997, 0.986834899999971]]], [[[120.7357071, 0.9979402], [120.7222654, 0.985666899999964], [120.6998465, 0.9929388], [120.7357071, 0.9979402]]], [[[122.6670411, 0.99676109999997], [122.65349679999996, 0.9986861], [122.6623856, 1.0032344], [122.6670411, 0.99676109999997]]], [[[120.6638192, 1.041526099999961], [120.67483090000002, 1.012325900000038], [120.60014310000001, 1.064622699999978], [120.6638192, 1.041526099999961]]], [[[120.39936160000002, 1.071504], [120.3736844, 1.010515800000016], [120.38303, 1.076838699999987], [120.39936160000002, 1.071504]]], [[[121.97310920000002, 1.0632243], [121.9752944, 1.061293799999968], [121.96378310000003, 1.050324], [121.97310920000002, 1.0632243]]], [[[120.8893009, 1.360357699999975], [120.882151, 1.369916899999984], [120.8904152, 1.3727704], [120.8893009, 1.360357699999975]]], [[[118.49732029999996, 1.443517], [118.52989859999997, 1.386333900000041], [118.4582933, 1.463526600000014], [118.49732029999996, 1.443517]]], [[[118.505524, 2.1363212], [118.537419, 2.1616579], [118.56148150000004, 2.1159063], [118.505524, 2.1363212]]], [[[118.63695939999997, 2.247904900000036], [118.570747, 2.305290700000045], [118.6531088, 2.1632843], [118.5634798, 2.2420552], [118.56509470000003, 2.3083163], [118.57670210000005, 2.308719699999989], [118.63695939999997, 2.247904900000036]]], [[[118.204336, 2.383345600000036], [118.2154387, 2.348301099999988], [118.194495, 2.380572299999988], [118.204336, 2.383345600000036]]], [[[122.8694619, -11.006172300000014], [122.864274, -10.964300400000035], [122.88631680000005, -11.001218300000012], [122.8694619, -11.006172300000014]]], [[[122.93496479999997, -10.916366300000021], [122.9562537, -10.93818239999996], [122.93287369999997, -10.9364708], [122.93496479999997, -10.916366300000021]]], [[[122.98582240000003, -10.9243632], [123.00095, -10.910187099999987], [123.00055819999999, -10.9192085], [122.98582240000003, -10.9243632]]], [[[122.73760189999996, -10.83597], [122.73161250000001, -10.8275882], [122.74751829999995, -10.826055099999973], [122.73760189999996, -10.83597]]], [[[122.7871851, -10.775307100000017], [122.7493768, -10.785846799999973], [122.75003469999997, -10.777857099999974], [122.7871851, -10.775307100000017]]], [[[123.37409640000001, -10.4315661], [123.3672004, -10.5457609], [123.40776909999998, -10.4944177], [123.4413629, -10.492053100000017], [123.43917540000001, -10.51087229999997], [123.33742459999998, -10.592190300000034], [123.41547480000003, -10.6083356], [123.4259654, -10.65806790000002], [123.25326140000004, -10.734422], [123.22231279999997, -10.828398100000033], [122.8229428, -10.92199259999996], [122.8103822, -10.78176610000002], [122.8385326, -10.790288], [122.8374795, -10.809361500000033], [122.8737106, -10.829998899999968], [122.85444890000002, -10.761942700000024], [123.02310530000001, -10.740324300000012], [123.19452549999997, -10.593857400000037], [123.26279809999997, -10.609531199999974], [123.3138487, -10.593761199999982], [123.2187483, -10.584562200000022], [123.37409640000001, -10.4315661]]], [[[123.4337136, -10.23263], [123.43079510000001, -10.247095199999986], [123.42666130000003, -10.238196600000013], [123.4337136, -10.23263]]], [[[123.4898551, -10.153528300000033], [123.45256390000004, -10.217632500000015], [123.39101469999999, -10.207373600000022], [123.4082299, -10.335400399999969], [123.3216537, -10.338907299999963], [123.3007729, -10.271315900000019], [123.39683770000003, -10.1341801], [123.4898551, -10.153528300000033]]], [[[124.15991569999998, -10.149285800000015], [124.13849960000002, -10.1617312], [124.1102042, -10.175161600000035], [124.15393119999999, -10.148791299999957], [124.18097830000002, -10.147406500000042], [124.15991569999998, -10.149285800000015]]], [[[124.94445909999999, -8.957002], [125.002643, -9.063977], [125.113659, -8.965724], [125.187207, -9.029054], [125.192625, -9.156458], [124.982901, -9.191114], [125.08790730000004, -9.46181109999998], [124.99383420000004, -9.559069899999958], [125.00775240000002, -9.516695], [124.95909959999997, -9.53636759999997], [124.98413359999996, -9.6380723], [124.750824, -9.8812789], [124.40449189999997, -10.1670125], [124.17362139999997, -10.127201700000018], [124.11934859999997, -10.152519399999957], [124.01880359999996, -10.273206300000023], [123.79859059999998, -10.35552730000003], [123.45901969999996, -10.358227200000044], [123.53283850000003, -10.175509899999987], [123.7557986, -10.09273], [123.76272060000002, -10.034116200000017], [123.6992737, -10.0077864], [123.59177250000005, -10.0409076], [123.578529, -9.941526900000039], [123.66830610000002, -9.853465200000041], [123.673322, -9.62940110000002], [123.79504630000001, -9.490898], [124.04301769999998, -9.335976300000034], [124.13446130000003, -9.4260515], [124.23493630000002, -9.374836499999958], [124.27953830000001, -9.5033185], [124.35483319999999, -9.485201200000034], [124.4763233, -9.174208499999978], [124.61542869999998, -9.154044599999963], [124.69906960000004, -9.053262100000023], [124.94445909999999, -8.957002]]], [[[123.158363, -8.45046720000003], [123.02217539999998, -8.476406299999958], [122.925051, -8.6047798], [122.8717483, -8.586722], [122.97631209999997, -8.436020600000024], [123.158363, -8.45046720000003]]], [[[124.27729329999997, -8.491132199999981], [124.2800201, -8.470400100000028], [124.29342890000002, -8.477228799999978], [124.27729329999997, -8.491132199999981]]], [[[122.80082140000002, -8.45714], [122.79588089999999, -8.4479731], [122.80387240000005, -8.448699599999973], [122.80082140000002, -8.45714]]], [[[123.87470430000003, -8.431221100000016], [123.88301219999998, -8.4417709], [123.87757389999996, -8.4410098], [123.87470430000003, -8.431221100000016]]], [[[123.8371117, -8.405268799999973], [123.8075349, -8.37285169999998], [123.8220155, -8.3659904], [123.8371117, -8.405268799999973]]], [[[123.78280519999996, -8.17080839999996], [123.92402429999996, -8.249643400000014], [123.76647330000003, -8.2881266], [123.67608039999996, -8.427499099999988], [123.62018430000002, -8.405798800000039], [123.553102, -8.470071700000034], [123.58722, -8.530795], [123.54635609999998, -8.571637799999973], [123.49083149999996, -8.515100600000011], [123.39319569999996, -8.585963899999957], [123.317402, -8.527035400000024], [123.2086031, -8.5359706], [123.33525360000002, -8.400592699999962], [123.47719119999996, -8.340046600000036], [123.41450939999999, -8.284135700000025], [123.34771240000005, -8.30743290000003], [123.38938179999997, -8.2595426], [123.557504, -8.240635100000024], [123.49327890000004, -8.360222], [123.55972330000003, -8.367556800000017], [123.57394469999997, -8.295925699999959], [123.63532850000001, -8.291280700000033], [123.60505129999999, -8.21979969999996], [123.6851653, -8.25991889999996], [123.78280519999996, -8.17080839999996]]], [[[123.95426369999998, -8.357149800000027], [123.9013886, -8.361994599999964], [123.95361839999998, -8.347444099999976], [123.95426369999998, -8.357149800000027]]], [[[124.32328539999997, -8.23434949999998], [124.14242530000001, -8.538011799999964], [124.05608950000001, -8.544184900000026], [124.0336201, -8.420395400000022], [123.91419970000003, -8.4388639], [124.05916149999999, -8.29299830000004], [124.08890349999999, -8.380682200000042], [124.1189606, -8.392454400000013], [124.27640610000003, -8.177026700000031], [124.32328539999997, -8.23434949999998]]], [[[123.23176359999997, -8.228472], [123.333493, -8.2696469], [123.29424509999998, -8.388132199999973], [123.00120170000002, -8.4104121], [123.03225990000003, -8.308195900000012], [123.23176359999997, -8.228472]]], [[[124.35615139999999, -8.2752183], [124.33018339999998, -8.323886700000024], [124.3148224, -8.295717], [124.35615139999999, -8.2752183]]], [[[124.59545, -8.174862500000021], [125.09480060000001, -8.147464299999982], [125.14024520000001, -8.318723300000016], [124.35516249999998, -8.4384893], [124.4068796, -8.297281799999986], [124.56779390000004, -8.218408599999968], [124.4074711, -8.278699900000039], [124.45193849999997, -8.149116299999978], [124.5942743, -8.123776100000043], [124.59545, -8.174862500000021]]], [[[124.0759301, -8.223802400000032], [124.08801190000001, -8.23675], [124.07056469999998, -8.2356422], [124.0759301, -8.223802400000032]]], [[[124.02701420000002, -8.231998699999984], [124.04674469999998, -8.210942699999965], [124.03871590000003, -8.226548200000025], [124.02701420000002, -8.231998699999984]]], [[[124.36056319999997, -8.216354600000017], [124.3793489, -8.214492], [124.37453460000002, -8.225462199999964], [124.36056319999997, -8.216354600000017]]], [[[124.38413949999999, -8.176780900000033], [124.3686819, -8.180213199999983], [124.37153039999995, -8.168771700000018], [124.38413949999999, -8.176780900000033]]], [[[123.59594340000001, -7.802890099999956], [123.589002, -7.778662599999982], [123.6015166, -7.781124], [123.59594340000001, -7.802890099999956]]], [[[122.69187670000002, -6.178777], [122.694624, -6.211366399999981], [122.667076, -6.183763699999985], [122.69187670000002, -6.178777]]], [[[124.61135450000003, -6.111325899999971], [124.60287239999997, -6.116248], [124.59854649999998, -6.13352809999997], [124.6023543, -6.11521870000001], [124.61135450000003, -6.111325899999971]]], [[[123.9864738, -5.8782539], [124.08185680000003, -6.013667100000027], [124.04520690000001, -6.035391800000041], [123.96907130000002, -5.937317], [123.9864738, -5.8782539]]], [[[123.94619830000002, -5.8089788], [123.92150790000004, -5.821393500000023], [123.90217070000003, -5.80157489999998], [123.94619830000002, -5.8089788]]], [[[123.9013329, -5.76007189999997], [123.894668, -5.777354399999964], [123.89464330000001, -5.761629200000036], [123.9013329, -5.76007189999997]]], [[[124.00570530000005, -5.763506400000014], [123.92478080000004, -5.776275], [123.89356350000001, -5.729407], [123.938335, -5.723019200000031], [124.00570530000005, -5.763506400000014]]], [[[123.8205203, -5.582314100000015], [123.82362590000001, -5.5951996], [123.81899850000002, -5.598170300000034], [123.8205203, -5.582314100000015]]], [[[123.85832369999997, -5.568081300000023], [123.871996, -5.5920361], [123.82811029999996, -5.582303400000018], [123.84157430000003, -5.55057540000002], [123.85832369999997, -5.568081300000023]]], [[[123.86524070000003, -5.54744760000004], [123.84466070000005, -5.54979749999996], [123.8682996, -5.5324478], [123.86524070000003, -5.54744760000004]]], [[[123.689676, -5.470336599999988], [123.80116879999997, -5.542897399999965], [123.81848870000005, -5.601651699999961], [123.689676, -5.470336599999988]]], [[[123.7865445, -5.4769202], [123.76144, -5.459937600000038], [123.77378440000001, -5.456828199999982], [123.7865445, -5.4769202]]], [[[123.62918139999996, -5.4355987], [123.61242660000003, -5.402616200000028], [123.64383519999998, -5.426302199999962], [123.62918139999996, -5.4355987]]], [[[123.63402640000001, -5.39434420000003], [123.64147569999997, -5.384281600000025], [123.64263709999997, -5.3884054], [123.63402640000001, -5.39434420000003]]], [[[123.52698950000004, -5.365828800000012], [123.47939680000002, -5.3598088], [123.46471, -5.326948899999969], [123.49715959999997, -5.33710579999996], [123.52698950000004, -5.365828800000012]]], [[[124.33608079999996, -5.345282900000011], [124.34770629999997, -5.334993599999989], [124.35008719999996, -5.350191399999978], [124.33608079999996, -5.345282900000011]]], [[[123.6392691, -5.365463900000019], [123.54240789999997, -5.348284], [123.52192, -5.256721499999968], [123.62386540000004, -5.266996], [123.6392691, -5.365463900000019]]], [[[122.72524769999998, -5.199698], [122.73707760000002, -5.199445299999967], [122.71726950000004, -5.2128435], [122.72524769999998, -5.199698]]], [[[123.07979240000003, -4.36696159999997], [123.0443487, -4.4221407], [123.19055489999998, -4.579394499999962], [123.21312150000003, -4.858359299999988], [123.10840530000003, -4.655231], [123.09652970000003, -4.7943698], [123.04680950000002, -4.744172500000039], [123.078673, -4.708073300000033], [123.06764610000002, -4.687341899999959], [123.02175109999996, -4.693639], [122.97386249999998, -5.1152902], [122.92024850000004, -5.1820827], [122.95473, -5.217356099999988], [123.033594, -5.136282], [123.21853979999997, -5.300013899999974], [123.131108, -5.3974965], [123.01534440000003, -5.444176900000016], [122.976187, -5.394077099999957], [122.87212489999997, -5.454662400000017], [122.84359909999998, -5.522269099999984], [122.8969854, -5.5173904], [122.89311680000003, -5.567149700000036], [122.8019793, -5.696681299999969], [122.75372040000002, -5.694471700000022], [122.7520714, -5.639168], [122.71267490000002, -5.681819399999973], [122.71305370000002, -5.6193061], [122.64446240000004, -5.698876], [122.55573070000003, -5.503529699999972], [122.64661250000003, -5.443247500000033], [122.65497170000005, -5.324172600000028], [122.82219730000004, -5.2138943], [122.78800289999998, -5.183479400000019], [122.75455389999996, -5.2288443], [122.73721559999998, -5.175725399999981], [122.8078564, -5.008937100000017], [122.7384233, -5.052227699999962], [122.8119775, -4.982382], [122.83538750000001, -4.921025299999988], [122.86693149999996, -4.525846], [122.9929725, -4.394296099999979], [123.07979240000003, -4.36696159999997]]], [[[122.78909830000003, -4.9778627], [122.79372940000005, -4.966649099999982], [122.79449709999997, -4.977864399999971], [122.78909830000003, -4.9778627]]], [[[123.0469165, -4.838486199999965], [123.0659253, -4.8011905], [123.11556879999998, -4.816872499999986], [123.09816780000003, -4.8485922], [123.0469165, -4.838486199999965]]], [[[123.13853580000001, -4.768930799999966], [123.13588489999997, -4.772956399999979], [123.13689480000004, -4.761005399999958], [123.13853580000001, -4.768930799999966]]], [[[122.7032903, -4.542231100000011], [122.726284, -4.545334099999982], [122.74297310000003, -4.575634800000012], [122.7032903, -4.542231100000011]]], [[[123.01248820000004, -3.978150899999983], [123.1893871, -4.011132], [123.25950330000003, -4.088978299999974], [123.12369860000001, -4.260212700000016], [122.9898925, -4.200147099999969], [122.93956630000002, -4.095206], [123.01248820000004, -3.978150899999983]]], [[[123.16099920000005, -3.619980100000026], [123.10601939999998, -3.63937970000004], [123.04263549999999, -3.59232050000003], [123.14977229999998, -3.556080099999976], [123.16099920000005, -3.619980100000026]]], [[[123.10657940000004, -3.504108500000031], [123.0780412, -3.5278217], [123.05813249999996, -3.5243619], [123.05587710000003, -3.512605900000027], [123.10657940000004, -3.504108500000031]]], [[[123.10997949999998, -3.4990499], [123.0637247, -3.487075399999979], [123.04576160000002, -3.506669900000043], [123.10997949999998, -3.4990499]]], [[[122.99996530000004, -3.4714053], [122.96896619999995, -3.449325399999987], [122.9970912, -3.487234800000023], [122.99996530000004, -3.4714053]]], [[[123.66224870000002, -2.153729399999966], [123.67937650000002, -2.153529], [123.67279819999999, -2.178460799999977], [123.66224870000002, -2.153729399999966]]], [[[123.93199750000002, -2.101600200000037], [123.9267812, -2.110383499999974], [123.916134, -2.092602699999963], [123.93199750000002, -2.101600200000037]]], [[[123.54328149999996, -2.099982], [123.56236629999995, -2.098104800000018], [123.56138879999999, -2.10426120000003], [123.54328149999996, -2.099982]]], [[[123.8891729, -2.062712200000034], [123.875573, -2.081194], [123.8792821, -2.071515500000027], [123.8891729, -2.062712200000034]]], [[[124.38956940000003, -2.032615199999983], [124.38797679999996, -2.072866499999988], [124.374082, -2.0582431], [124.38956940000003, -2.032615199999983]]], [[[123.88231019999998, -2.054461500000022], [123.84409490000004, -2.058079100000027], [123.8624127, -2.007719399999958], [123.88231019999998, -2.054461500000022]]], [[[123.7845671, -2.028011800000035], [123.75709120000002, -2.042145], [123.76431949999998, -2.0161872], [123.7845671, -2.028011800000035]]], [[[124.30434720000004, -2.003593399999987], [124.3755252, -1.990538799999959], [124.36346110000004, -2.043840700000016], [124.30434720000004, -2.003593399999987]]], [[[123.486, -1.97975], [123.4785, -2.00125], [123.47675, -1.99525], [123.486, -1.97975]]], [[[123.783535, -1.879231100000018], [123.85992119999999, -2.005087599999984], [123.82455670000002, -2.026765500000034], [123.783535, -1.879231100000018]]], [[[123.4715, -1.939], [123.47948089999997, -1.951423], [123.46525, -1.9495], [123.4715, -1.939]]], [[[123.699719, -1.932802199999967], [123.7397161, -1.955448500000029], [123.70418210000003, -1.962139400000035], [123.699719, -1.932802199999967]]], [[[123.66315509999998, -1.954419100000033], [123.64498059999998, -1.9558088], [123.65043779999996, -1.898962899999985], [123.66315509999998, -1.954419100000033]]], [[[123.53925, -1.91275], [123.53475, -1.93575], [123.52825, -1.924], [123.5305, -1.91625], [123.53925, -1.91275]]], [[[123.76886319999997, -1.903598899999965], [123.7763328, -1.9225973], [123.771645, -1.934439099999958], [123.76886319999997, -1.903598899999965]]], [[[123.671364, -1.882447], [123.68852130000002, -1.914512200000013], [123.6806645, -1.929199400000032], [123.671364, -1.882447]]], [[[123.70156229999998, -1.872233699999965], [123.7006339, -1.875291600000024], [123.68607449999999, -1.862574799999967], [123.70156229999998, -1.872233699999965]]], [[[123.37532609999998, -1.882331799999976], [123.36198930000005, -1.87045719999997], [123.36574610000002, -1.8671717], [123.37532609999998, -1.882331799999976]]], [[[123.77028789999999, -1.881806799999969], [123.7567292, -1.881189], [123.76406489999997, -1.864589400000034], [123.77028789999999, -1.881806799999969]]], [[[123.9884233, -1.822658100000025], [124.03108, -1.871975099999974], [124.0304735, -1.8945523], [123.9884233, -1.822658100000025]]], [[[123.14378840000003, -1.799084599999984], [123.13429179999996, -1.868677599999986], [123.05242639999999, -1.921041399999963], [123.08804490000001, -1.7664131], [123.14378840000003, -1.799084599999984]]], [[[124.5522528, -1.640812699999989], [124.95710529999998, -1.696317200000037], [125.04557970000002, -1.771695], [125.10354239999998, -1.7611436], [125.1281933, -1.683607600000043], [125.20326910000004, -1.724276599999969], [125.19719630000003, -1.792518800000027], [125.29006730000003, -1.731215599999986], [125.26465760000004, -1.786124400000039], [125.32098409999998, -1.784250100000035], [125.32674710000003, -1.8849771], [125.04184229999996, -1.886939], [125.00864140000004, -1.9432257], [124.86120260000003, -1.891383900000038], [124.40487670000002, -2.033320399999978], [124.33717310000002, -1.890640299999975], [124.3623464, -1.703550599999987], [124.5522528, -1.640812699999989]]], [[[123.25638329999998, -1.802816799999968], [123.260155, -1.81265], [123.250839, -1.813931199999958], [123.25638329999998, -1.802816799999968]]], [[[124.34302240000002, -1.765092], [124.34907929999997, -1.775476099999979], [124.34454660000002, -1.7771199], [124.34302240000002, -1.765092]]], [[[124.31349959999997, -1.783107299999982], [124.2855174, -1.763125], [124.28330330000004, -1.7558762], [124.29334730000002, -1.743110399999976], [124.31349959999997, -1.783107299999982]]], [[[124.17272360000004, -1.742566800000029], [124.14421270000003, -1.7636007], [124.147102, -1.736502700000015], [124.17272360000004, -1.742566800000029]]], [[[123.525397, -1.7727627], [123.53209179999996, -1.736902300000038], [123.5391299, -1.735872900000041], [123.525397, -1.7727627]]], [[[123.3841286, -1.722718500000015], [123.33873160000002, -1.735003400000041], [123.27579569999999, -1.797597], [123.36548019999996, -1.673800799999976], [123.3841286, -1.722718500000015]]], [[[124.34355060000003, -1.696543700000037], [124.35015130000002, -1.703484600000033], [124.3434451, -1.70718079999997], [124.34355060000003, -1.696543700000037]]], [[[124.97059979999999, -1.666275500000031], [124.95419079999996, -1.6726343], [124.95005880000004, -1.665978399999963], [124.97059979999999, -1.666275500000031]]], [[[124.9962909, -1.656918300000038], [124.9987825, -1.670134500000026], [124.99141609999998, -1.658326600000033], [124.9962909, -1.656918300000038]]], [[[123.513724, -1.481399599999984], [123.62255729999998, -1.624340900000016], [123.61311589999995, -1.698467499999962], [123.5136944, -1.725088], [123.47292649999997, -1.65353], [123.513724, -1.481399599999984]]], [[[124.47200090000001, -1.583364100000024], [124.4815728, -1.582769799999967], [124.48011620000003, -1.60493710000001], [124.47200090000001, -1.583364100000024]]], [[[123.46686039999997, -1.5459217], [123.47613020000003, -1.548838899999955], [123.4663455, -1.552614100000033], [123.46686039999997, -1.5459217]]], [[[123.567454, -1.4786539], [123.55166119999998, -1.484316800000036], [123.56264750000004, -1.47436380000004], [123.567454, -1.4786539]]], [[[123.23305770000002, -1.2395971], [123.1836872, -1.320312400000018], [123.23975239999999, -1.3882167], [123.37399159999995, -1.222263300000021], [123.55972929999999, -1.281472299999981], [123.45776240000002, -1.51880890000003], [123.35648220000002, -1.5255014], [123.29842589999996, -1.4096867], [123.25451529999997, -1.640127400000042], [123.22430289999996, -1.602377], [123.1544367, -1.639784199999978], [123.11066309999997, -1.600146300000011], [123.17503609999999, -1.511086899999976], [123.16113149999998, -1.302581300000034], [123.11965950000004, -1.296218700000013], [122.99788160000003, -1.516578100000016], [122.90381109999998, -1.601004200000029], [122.8504244, -1.578182099999987], [122.79171630000002, -1.3998862], [122.90054210000004, -1.1858483], [122.97126660000005, -1.2158825], [123.10602080000001, -1.1611343], [123.1463612, -1.2059283], [123.19013490000005, -1.1508367], [123.23305770000002, -1.2395971]]], [[[123.3008212, -1.283217300000034], [123.27991380000002, -1.1946012], [123.3169926, -1.175379200000021], [123.3008212, -1.283217300000034]]], [[[123.28003510000002, -1.155973799999972], [123.28427449999995, -1.178099400000027], [123.27888379999996, -1.17812520000003], [123.28003510000002, -1.155973799999972]]], [[[124.68730589999998, 0.807997], [124.66102039999998, 0.8053992], [124.6857087, 0.812337799999979], [124.68730589999998, 0.807997]]], [[[122.8846534, 0.895116700000036], [122.89333849999997, 0.852950899999987], [122.852565, 0.895846], [122.8846534, 0.895116700000036]]], [[[122.77134780000003, 0.913637], [122.8065694, 0.874545499999984], [122.7563328, 0.909174400000017], [122.77134780000003, 0.913637]]], [[[124.91257280000005, 0.9698415], [124.90383710000005, 0.978423499999986], [124.9185579, 0.975885300000028], [124.91257280000005, 0.9698415]]], [[[125.29242709999997, 1.549479599999975], [125.25977269999998, 1.412716499999982], [125.17372129999995, 1.387309500000027], [125.24052009999997, 1.443164], [125.29242709999997, 1.549479599999975]]], [[[124.76574439999999, 1.619526100000018], [124.77626059999997, 1.62715549999996], [124.7816156, 1.595216099999968], [124.76574439999999, 1.619526100000018]]], [[[124.7025193, 1.648832], [124.6976993, 1.616594600000026], [124.6813484, 1.631999099999975], [124.7025193, 1.648832]]], [[[125.01839619999998, 1.69214039999998], [125.02742130000003, 1.7061244], [125.029623, 1.687558400000027], [125.01839619999998, 1.69214039999998]]], [[[124.76448480000005, 1.744724200000041], [124.757353, 1.695850199999976], [124.73374219999997, 1.730854499999984], [124.75044209999999, 1.718918799999985], [124.76448480000005, 1.744724200000041]]], [[[124.73430689999996, 1.746266600000029], [124.74965309999997, 1.7359419], [124.7457449, 1.728329], [124.73430689999996, 1.746266600000029]]], [[[125.05925, 1.7705], [125.04925, 1.76475], [125.0565, 1.78625], [125.05925, 1.7705]]], [[[124.79788989999999, 1.776091799999973], [124.788782, 1.78982109999996], [124.79779739999998, 1.7939511], [124.79788989999999, 1.776091799999973]]], [[[125.11475, 1.8175], [125.18789859999998, 1.78267490000003], [125.15075, 1.7345], [125.1319622, 1.753434499999978], [125.11475, 1.8175]]], [[[125.09725, 1.88725], [125.06225, 1.808], [125.05075, 1.8045], [125.09725, 1.88725]]], [[[125.41066640000003, 2.133800499999976], [125.35238, 2.0710006], [125.337112, 2.081646400000031], [125.41066640000003, 2.133800499999976]]], [[[125.37808219999998, 2.290482300000034], [125.34426490000004, 2.304032699999963], [125.37842549999996, 2.3275311], [125.37808219999998, 2.290482300000034]]], [[[125.30837270000002, 2.352098200000013], [125.29685629999999, 2.349495], [125.29942389999998, 2.364510199999986], [125.30837270000002, 2.352098200000013]]], [[[125.17668329999998, 2.740523099999963], [125.15853869999998, 2.73601660000004], [125.1653061, 2.74483370000002], [125.17668329999998, 2.740523099999963]]], [[[125.32692659999996, 4.236411900000032], [125.32147420000003, 4.2251574], [125.31767019999995, 4.234451800000034], [125.32692659999996, 4.236411900000032]]], [[[127.74139789999998, -8.21458250000003], [127.6432696, -8.2390053], [127.60091930000004, -8.217083], [127.69191010000002, -8.15415130000002], [127.74139789999998, -8.21458250000003]]], [[[127.76215290000005, -8.1114233], [128.09911250000002, -8.138599799999987], [128.1267375, -8.163405899999962], [128.00698819999997, -8.258081499999989], [127.80458359999999, -8.193769699999972], [127.76215290000005, -8.1114233]]], [[[127.23004320000001, -8.088072], [127.14724060000003, -8.102391800000039], [127.1372055, -8.035352899999978], [127.20295710000003, -8.0152892], [127.23004320000001, -8.088072]]], [[[125.7279527, -7.96974889999998], [125.763939, -8.015226200000022], [125.73475069999998, -8.059319], [125.7279527, -7.96974889999998]]], [[[125.75405019999997, -7.970863800000035], [125.74650359999995, -7.981986900000034], [125.74652839999996, -7.966278499999986], [125.75405019999997, -7.970863800000035]]], [[[126.63276219999997, -7.558796799999963], [126.72099439999997, -7.666688], [126.80833570000004, -7.654776100000034], [126.84214459999998, -7.7350678], [126.5499477, -7.820806700000012], [126.46661839999996, -7.974976300000043], [126.07122910000002, -7.887659400000032], [125.94851110000003, -7.914959699999964], [125.80717089999996, -8.014282], [125.78890370000002, -8.006166], [125.81605179999998, -7.857920300000017], [125.946376, -7.661863399999976], [126.184892, -7.72776029999996], [126.53563040000003, -7.572038500000018], [126.63276219999997, -7.558796799999963]]], [[[125.925969, -7.6591703], [125.9188737, -7.6784001], [125.90788090000004, -7.674999299999981], [125.925969, -7.6591703]]], [[[127.60534429999998, -7.593145099999961], [127.59750589999997, -7.6206967], [127.58611090000004, -7.550557900000039], [127.60534429999998, -7.593145099999961]]], [[[127.39126669999996, -7.5120011], [127.48600710000002, -7.520842699999959], [127.48285269999998, -7.5736635], [127.33986979999997, -7.6495491], [127.39126669999996, -7.5120011]]], [[[127.53629510000002, -7.541631199999961], [127.5456423, -7.526714400000041], [127.54196979999998, -7.5437119], [127.53629510000002, -7.541631199999961]]], [[[127.28281279999999, -7.5124918], [127.2946221, -7.530061], [127.2743906, -7.520061], [127.28281279999999, -7.5124918]]], [[[127.19574120000001, -3.81579], [127.2239351, -3.90460219999998], [127.14191950000003, -3.851925100000015], [127.19574120000001, -3.81579]]], [[[126.8342022, -3.081203600000022], [127.10796879999998, -3.2276158], [127.11692080000002, -3.28005249999997], [127.02954180000002, -3.275399], [127.0766233, -3.372946899999969], [127.1667213, -3.335954899999988], [127.25810880000003, -3.372728800000042], [127.2511623, -3.593065899999976], [127.204966, -3.6714487], [127.05127869999998, -3.6891639], [126.74085520000003, -3.857200799999989], [126.19680859999998, -3.623520400000031], [126.00708419999995, -3.359115100000027], [126.01749640000003, -3.173753899999971], [126.09016329999999, -3.1125459], [126.2037111, -3.185994299999956], [126.29926250000003, -3.093660200000043], [126.8342022, -3.081203600000022]]], [[[127.48698019999998, -3.301458900000027], [127.62495040000002, -3.306815600000041], [127.65731380000001, -3.365889], [127.48698019999998, -3.301458900000027]]], [[[125.99648560000001, -3.287007599999987], [126.00686930000003, -3.3032395], [125.99524390000005, -3.300143299999975], [125.99648560000001, -3.287007599999987]]], [[[125.99835440000001, -3.2259776], [126.00814770000002, -3.217499800000018], [125.9968954, -3.25250320000004], [125.99835440000001, -3.2259776]]], [[[127.7841304, -3.171173100000042], [127.78941520000004, -3.256633800000037], [127.63852230000003, -3.22692639999998], [127.72157029999998, -3.159625800000027], [127.7841304, -3.171173100000042]]], [[[127.81747740000003, -3.164509299999969], [127.7756855, -3.155696099999956], [127.8350538, -3.155764700000036], [127.81747740000003, -3.164509299999969]]], [[[128.05541660000003, -3.016282], [128.050072, -2.999860800000038], [128.05922940000002, -2.9956835], [128.05541660000003, -3.016282]]], [[[127.9859083, -2.961541700000032], [127.91198339999997, -3.038552], [127.8286486, -3.033824199999986], [127.94188229999997, -2.940619900000014], [127.91470530000004, -2.914145799999963], [127.9859083, -2.961541700000032]]], [[[127.91040529999995, -2.948322100000029], [127.874369, -2.959113400000019], [127.92440219999997, -2.925392], [127.91040529999995, -2.948322100000029]]], [[[125.93142580000001, -1.979850699999981], [125.99231589999998, -2.026006799999964], [125.95695209999998, -2.151300399999984], [126.07266049999998, -2.422052], [126.0499972, -2.477053], [125.88001930000001, -2.210935], [125.85836370000004, -2.059038700000022], [125.93142580000001, -1.979850699999981]]], [[[125.38655020000003, -1.879689400000013], [125.374806, -1.888875499999971], [125.3752333, -1.882138100000025], [125.38655020000003, -1.879689400000013]]], [[[125.45654079999997, -1.778663299999989], [125.63964789999996, -1.830051199999955], [126.35324909999997, -1.814833099999975], [125.9193267, -1.939571599999985], [125.84298259999998, -1.895279500000042], [125.4222142, -1.950537600000041], [125.43428530000001, -1.8866323], [125.37137509999997, -1.846143599999978], [125.3453154, -1.888429500000017], [125.32976929999998, -1.8283643], [125.45654079999997, -1.778663299999989]]], [[[127.6450525, -1.834460199999983], [127.59349889999999, -1.846955900000042], [127.59340429999997, -1.856577499999974], [127.57163630000002, -1.865243100000031], [127.58245240000002, -1.82819549999998], [127.6450525, -1.834460199999983]]], [[[126.47906920000003, -1.806162799999973], [126.4665642, -1.837389699999987], [126.34956990000002, -1.825626599999969], [126.4404137, -1.801000200000031], [126.47906920000003, -1.806162799999973]]], [[[125.55215490000003, -1.778017400000016], [125.5071458, -1.778152700000019], [125.53740689999995, -1.756657800000012], [125.55215490000003, -1.778017400000016]]], [[[125.68766019999995, -1.754128199999966], [125.70119090000003, -1.75767780000003], [125.69483930000004, -1.762745700000041], [125.68766019999995, -1.754128199999966]]], [[[128.0948022, -1.577982900000025], [128.092068, -1.5622081], [128.10400420000002, -1.562392100000027], [128.0948022, -1.577982900000025]]], [[[127.58124969999999, -1.363724100000036], [127.76028619999997, -1.353512300000032], [128.0776398, -1.581363799999986], [128.10094170000002, -1.578530400000028], [128.11090929999997, -1.560537200000029], [128.12064620000004, -1.565593699999985], [128.15660130000003, -1.68304959999997], [128.0216403, -1.725908399999982], [127.71859669999998, -1.6864152], [127.59688219999997, -1.738142200000043], [127.40841709999995, -1.662086], [127.4144289, -1.419929], [127.50512759999995, -1.45312], [127.58124969999999, -1.363724100000036]]], [[[127.3910933, -1.483383399999989], [127.395864, -1.52527249999997], [127.37804340000002, -1.52172259999997], [127.3910933, -1.483383399999989]]], [[[127.35856079999996, -1.374664600000026], [127.39938720000004, -1.405364300000029], [127.33199929999998, -1.454157399999973], [127.28234469999998, -1.417651499999979], [127.35856079999996, -1.374664600000026]]], [[[127.434301, -1.316866900000042], [127.38734260000001, -1.327935699999989], [127.37573460000003, -1.3185442], [127.434301, -1.316866900000042]]], [[[127.51246250000004, -1.176935099999971], [127.69296640000002, -1.272018299999973], [127.46542880000001, -1.25024080000003], [127.51246250000004, -1.176935099999971]]], [[[127.44420939999998, -1.1878525], [127.4066872, -1.1996873], [127.40749079999996, -1.136925900000014], [127.44420939999998, -1.1878525]]], [[[127.73001460000003, -0.86602740000002], [127.74205220000002, -0.861649099999957], [127.75997790000002, -0.862943899999975], [127.7420497, -0.86899550000002], [127.73001460000003, -0.86602740000002]]], [[[127.1620905, -0.757581], [127.17351169999998, -0.758601700000023], [127.18139790000004, -0.770423700000029], [127.1620905, -0.757581]]], [[[127.1941877, -0.615047900000027], [127.30374, -0.6831259], [127.31598720000002, -0.79511610000001], [127.165016, -0.749837], [127.1941877, -0.615047900000027]]], [[[127.3040135, -0.6314499], [127.321925, -0.662641899999967], [127.30388009999996, -0.6465277], [127.3040135, -0.6314499]]], [[[127.30913579999998, -0.625910699999983], [127.32167709999999, -0.63802840000003], [127.33370409999998, -0.65736269999997], [127.30913579999998, -0.625910699999983]]], [[[127.336102, -0.599787], [127.41204989999997, -0.660739], [127.32430860000002, -0.6058331], [127.336102, -0.599787]]], [[[127.394657, -0.602740600000013], [127.38070380000005, -0.598870299999971], [127.38928309999997, -0.59242910000002], [127.394657, -0.602740600000013]]], [[[127.56216940000002, -0.305582899999985], [127.692221, -0.456143500000012], [127.59052820000004, -0.620839], [127.64685989999995, -0.629102700000034], [127.67039620000003, -0.7100512], [127.79972379999995, -0.679022500000032], [127.87269939999997, -0.717581299999976], [127.90575429999998, -0.785722600000033], [127.82733309999998, -0.854844499999958], [127.68776839999998, -0.842554899999987], [127.63043990000001, -0.740842899999967], [127.47446860000002, -0.823660600000037], [127.44210810000001, -0.740136400000042], [127.48017940000003, -0.62966], [127.3060961, -0.513795099999987], [127.3204728, -0.330290299999964], [127.37244680000005, -0.3168962], [127.45026129999995, -0.418978700000034], [127.56216940000002, -0.305582899999985]]], [[[127.22390719999999, -0.543668500000011], [127.23926609999998, -0.549600799999956], [127.25053010000002, -0.5511504], [127.24003320000004, -0.552693599999971], [127.22390719999999, -0.543668500000011]]], [[[127.26795289999998, -0.501671499999985], [127.25361310000002, -0.513007600000021], [127.26078449999999, -0.5016696], [127.26795289999998, -0.501671499999985]]], [[[127.28690129999995, -0.48878989999997], [127.2871551, -0.49781060000001], [127.29073130000005, -0.527708500000019], [127.27409839999999, -0.497034], [127.28690129999995, -0.48878989999997]]], [[[127.74625610000004, -0.424445600000018], [127.72500290000005, -0.423153200000021], [127.726029, -0.4120685], [127.74625610000004, -0.424445600000018]]], [[[127.10979220000004, -0.2810301], [127.30601580000001, -0.276936699999981], [127.247512, -0.3168758], [127.28807850000001, -0.374099199999984], [127.264115, -0.492134400000028], [127.12791349999998, -0.518641499999967], [127.10979220000004, -0.2810301]]], [[[127.7431973, -0.3267441], [127.7526651, -0.3772715], [127.7262873, -0.396859299999958], [127.7431973, -0.3267441]]], [[[127.28181170000002, -0.347293899999974], [127.29021429999999, -0.333541500000029], [127.30203690000005, -0.345879600000016], [127.28181170000002, -0.347293899999974]]], [[[127.41059319999997, -0.324119299999987], [127.39983819999998, -0.33623170000004], [127.4052175, -0.319607399999972], [127.41059319999997, -0.324119299999987]]], [[[127.06832370000004, -0.2784463], [127.05774140000003, -0.297489099999988], [127.05706080000002, -0.2774136], [127.06832370000004, -0.2784463]]], [[[127.05578790000004, -0.230254499999988], [127.09174850000002, -0.2578337], [127.02608689999997, -0.283335499999977], [127.05578790000004, -0.230254499999988]]], [[[127.30512480000002, -0.2424], [127.29770220000003, -0.2279661], [127.31651770000005, -0.2351849], [127.30512480000002, -0.2424]]], [[[127.15242640000002, -0.184394399999983], [127.12618209999998, -0.2355467], [127.0944371, -0.2568033], [127.09034650000002, -0.218920200000012], [127.15242640000002, -0.184394399999983]]], [[[127.266095, -0.113014899999959], [127.204271, -0.118681], [127.27057749999997, -0.072293799999985], [127.266095, -0.113014899999959]]], [[[127.42034659999997, -0.057092100000029], [127.43007519999998, -0.074619400000026], [127.41753030000001, -0.0591539], [127.42034659999997, -0.057092100000029]]], [[[127.4211154, -0.016367500000031], [127.41817040000004, -0.043173600000019], [127.4101039, -0.104259700000037], [127.4211154, -0.016367500000031]]], [[[127.2025134, -0.023560899999959], [127.17380689999999, -0.0216625], [127.1637404, -0.015567800000033], [127.19200670000002, -0.0133883], [127.2025134, -0.023560899999959]]], [[[127.42034730000003, -0.0106972], [127.42510930000005, 0.012058699999978], [127.4308538, 0.004581800000041], [127.42034730000003, -0.0106972]]], [[[127.23046830000001, 0.0249425], [127.21679150000001, 0.031105099999989], [127.22306229999998, 0.037484], [127.23046830000001, 0.0249425]]], [[[127.42659709999995, 0.139567799999989], [127.4668821, 0.07193159999998], [127.46566390000001, -0.040209900000027], [127.431306, 0.02179340000003], [127.40485569999998, 0.014078699999958], [127.42659709999995, 0.139567799999989]]], [[[127.21100140000001, 0.1430974], [127.2202522, 0.132944499999981], [127.2095391, 0.13631189999998], [127.21100140000001, 0.1430974]]], [[[127.1347237, 0.13619550000003], [127.11097239999998, 0.138358500000029], [127.118712, 0.1497635], [127.1347237, 0.13619550000003]]], [[[127.44049510000005, 0.315813200000042], [127.39313110000003, 0.275195900000041], [127.345899, 0.326779600000043], [127.4145265, 0.375052799999958], [127.44049510000005, 0.315813200000042]]], [[[127.89589369999999, 0.345960299999975], [127.90121759999997, 0.347103699999989], [127.89422250000001, 0.336329], [127.89589369999999, 0.345960299999975]]], [[[127.4182848, 0.479258], [127.3988465, 0.433118], [127.38260690000004, 0.459540299999988], [127.4182848, 0.479258]]], [[[127.4109532, 0.573861100000011], [127.37960249999996, 0.562218], [127.40816849999999, 0.584471], [127.4109532, 0.573861100000011]]], [[[127.4478487, 0.7451625], [127.44555920000002, 0.6503283], [127.38353840000002, 0.62668089999997], [127.38559779999997, 0.747732800000039], [127.4478487, 0.7451625]]], [[[127.36213859999998, 0.734299500000029], [127.37919049999998, 0.731951800000024], [127.36984650000002, 0.7237568], [127.36213859999998, 0.734299500000029]]], [[[127.39052570000004, 0.816950399999977], [127.33676090000004, 0.752994600000017], [127.292691, 0.797600900000022], [127.32658870000003, 0.867820199999974], [127.39052570000004, 0.816950399999977]]], [[[127.54330739999997, 0.861701699999989], [127.53724320000005, 0.877421199999977], [127.54718679999998, 0.878847400000032], [127.54330739999997, 0.861701699999989]]], [[[127.49719279999997, 0.872658399999986], [127.50669560000001, 0.880405800000011], [127.50060380000002, 0.86633], [127.49719279999997, 0.872658399999986]]], [[[127.32379020000002, 0.883155300000043], [127.31466260000002, 0.913348699999988], [127.32954820000003, 0.901680199999982], [127.32379020000002, 0.883155300000043]]], [[[126.15125290000003, 0.957064400000023], [126.13877420000004, 0.968387400000042], [126.1620365, 0.958362499999959], [126.15125290000003, 0.957064400000023]]], [[[126.13100029999995, 0.981624499999983], [126.15347380000003, 0.969078899999969], [126.12734410000004, 0.977322700000032], [126.13100029999995, 0.981624499999983]]], [[[128.00981340000004, 1.288812600000016], [128.01808, 1.2821442], [128.00727819999997, 1.2818135], [128.00981340000004, 1.288812600000016]]], [[[126.41649950000001, 1.333235300000018], [126.3583654, 1.3193402], [126.3688391, 1.345982600000022], [126.41649950000001, 1.333235300000018]]], [[[128.06709030000002, 1.56597969999998], [128.05128739999998, 1.556403100000042], [128.04907489999997, 1.581877499999978], [128.06709030000002, 1.56597969999998]]], [[[128.05219339999996, 1.668715499999978], [128.05682820000004, 1.668544], [128.04446859999996, 1.6548168], [128.05219339999996, 1.668715499999978]]], [[[128.07090440000002, 1.7445562], [128.075196, 1.718132400000021], [128.07073280000003, 1.714186], [128.07090440000002, 1.7445562]]], [[[128.05682820000004, 1.741639299999969], [128.03640050000004, 1.744899399999971], [128.03863210000003, 1.754851100000037], [128.05682820000004, 1.741639299999969]]], [[[128.00447150000002, 1.777156499999959], [128.01974939999997, 1.772180700000019], [128.01957769999996, 1.767719600000033], [128.00447150000002, 1.777156499999959]]], [[[127.78480670000002, 2.1201936], [127.7673478, 2.114433299999979], [127.77367710000001, 2.12854970000002], [127.78480670000002, 2.1201936]]], [[[127.72022519999999, 2.193769899999969], [127.77818619999996, 2.161258099999957], [127.770549, 2.152016899999969], [127.72022519999999, 2.193769899999969]]], [[[127.76853110000002, 2.197964500000021], [127.76391110000003, 2.212407199999971], [127.77452459999998, 2.203458500000027], [127.76853110000002, 2.197964500000021]]], [[[127.759454, 2.271451399999973], [127.82201429999998, 2.239409799999963], [127.77274460000004, 2.219568299999979], [127.759454, 2.271451399999973]]], [[[125.43730539999996, 2.380872699999975], [125.44348519999996, 2.3165538], [125.37430559999996, 2.347941800000013], [125.38683690000005, 2.382073300000014], [125.43730539999996, 2.380872699999975]]], [[[125.4491504, 2.66950120000004], [125.4660389, 2.640984199999979], [125.441254, 2.6376064], [125.4491504, 2.66950120000004]]], [[[125.45241190000004, 2.687506], [125.46013669999996, 2.678246400000022], [125.44726209999999, 2.680818500000031], [125.45241190000004, 2.687506]]], [[[125.4428771, 2.7923531], [125.39278250000001, 2.688365], [125.40348849999997, 2.633833899999976], [125.36014069999999, 2.751554600000022], [125.39136809999997, 2.808969200000018], [125.4428771, 2.7923531]]], [[[125.51227749999997, 3.079973], [125.49500229999995, 3.080589100000015], [125.50306949999998, 3.094053800000047], [125.51227749999997, 3.079973]]], [[[125.52599829999997, 3.191900399999987], [125.5160898, 3.1564971], [125.49963029999998, 3.172359199999981], [125.52599829999997, 3.191900399999987]]], [[[125.47228089999999, 3.247135500000038], [125.44696749999996, 3.23918220000003], [125.4580781, 3.255141100000021], [125.47228089999999, 3.247135500000038]]], [[[125.57994880000004, 3.3981719], [125.55505469999997, 3.395637800000024], [125.56455369999998, 3.415910299999965], [125.57994880000004, 3.3981719]]], [[[125.70309170000002, 3.451793200000015], [125.71011440000002, 3.475909400000017], [125.71063850000004, 3.46785330000003], [125.70309170000002, 3.451793200000015]]], [[[125.63258230000004, 3.5482449], [125.6455964, 3.543892799999977], [125.63617119999998, 3.53769950000002], [125.63258230000004, 3.5482449]]], [[[125.48901369999997, 3.729442399999989], [125.59468669999998, 3.611281600000034], [125.55973819999997, 3.5776595], [125.6713647, 3.493801], [125.67145879999998, 3.41664459999997], [125.60542839999997, 3.3683364], [125.58256619999997, 3.43444], [125.50420089999997, 3.435156100000043], [125.50304169999998, 3.607943100000028], [125.39786149999998, 3.704089900000014], [125.48901369999997, 3.729442399999989]]], [[[125.56711960000001, 3.7707242], [125.56025310000004, 3.745372900000028], [125.55390169999997, 3.751710800000048], [125.56711960000001, 3.7707242]]], [[[125.63475419999997, 3.784084700000019], [125.60711670000003, 3.788195499999976], [125.58909230000003, 3.76969640000004], [125.63475419999997, 3.784084700000019]]], [[[126.8466061, 3.766586700000047], [126.7884129, 3.743804800000046], [126.7436092, 3.841437499999962], [126.80197410000001, 3.834757699999987], [126.8466061, 3.766586700000047]]], [[[126.7233532, 3.90908869999997], [126.68387110000003, 3.812320099999962], [126.60868339999996, 4.041463599999968], [126.6466206, 3.978104399999989], [126.7233532, 3.90908869999997]]], [[[126.81004220000001, 4.529329300000047], [126.9111507, 4.272254300000018], [126.7963093, 4.1469372], [126.80798230000002, 4.03170320000001], [126.68575939999997, 3.992660399999988], [126.66927989999996, 4.04660070000002], [126.79321940000004, 4.2364759], [126.70979189999997, 4.272425499999972], [126.68438610000001, 4.36639989999998], [126.730563, 4.536174300000013], [126.81004220000001, 4.529329300000047]]], [[[127.11847120000004, 4.616530399999981], [127.140236, 4.607941], [127.12132720000001, 4.613045600000039], [127.11847120000004, 4.616530399999981]]], [[[127.131484, 4.694668800000041], [127.14401529999998, 4.700485600000022], [127.142642, 4.687483100000041], [127.131484, 4.694668800000041]]], [[[127.07912729999998, 4.7167384], [127.06333440000004, 4.740689199999988], [127.0930319, 4.732135500000041], [127.07912729999998, 4.7167384]]], [[[125.47760409999998, 4.7364524], [125.48931979999998, 4.735738299999976], [125.4797179, 4.727990099999975], [125.47760409999998, 4.7364524]]], [[[127.14607519999997, 4.752322199999988], [127.11088470000001, 4.745650399999963], [127.1333723, 4.777811299999986], [127.14607519999997, 4.752322199999988]]], [[[127.0645361, 4.793549099999979], [127.05835630000001, 4.802615299999964], [127.0626478, 4.806378500000026], [127.0645361, 4.793549099999979]]], [[[126.57697349999995, 5.558284500000017], [126.58967750000002, 5.5576745], [126.57981150000003, 5.545638899999989], [126.57697349999995, 5.558284500000017]]], [[[128.50399449999998, -8.342491800000026], [128.49679159999997, -8.318579400000012], [128.51001259999998, -8.342970500000021], [128.50399449999998, -8.342491800000026]]], [[[128.22848620000002, -8.256410899999963], [128.1505521, -8.278291800000023], [128.07867119999997, -8.253516500000021], [128.0919738, -8.2068918], [128.1980612, -8.2022191], [128.22848620000002, -8.256410899999963]]], [[[128.96474949999998, -8.185291100000022], [129.0089651, -8.260891499999964], [128.825509, -8.201948100000042], [128.96474949999998, -8.185291100000022]]], [[[128.78913569999997, -8.163402500000036], [128.7843355, -8.200180900000017], [128.75619730000003, -8.1623501], [128.78913569999997, -8.163402500000036]]], [[[128.7128682, -8.1914942], [128.68678389999997, -8.162924800000035], [128.7210631, -8.179671700000032], [128.7128682, -8.1914942]]], [[[129.92465269999997, -8.091891100000023], [129.8397957, -8.206652700000014], [129.81367020000002, -8.209671], [129.92465269999997, -8.091891100000023]]], [[[129.62106920000002, -7.80155550000002], [129.85833890000004, -7.8451621], [129.86723379999995, -7.909258300000029], [129.75309669999996, -8.054994300000015], [129.58142929999997, -7.8938604], [129.62106920000002, -7.80155550000002]]], [[[129.5133322, -7.844107], [129.5701636, -7.9084808], [129.53983930000004, -7.950926799999965], [129.5133322, -7.844107]]], [[[130.0924156, -7.761552], [130.06012750000002, -7.7678198], [130.03610050000003, -7.770972099999958], [130.0298826, -7.76467180000003], [130.0924156, -7.761552]]], [[[130.0262168, -7.744962300000043], [129.988028, -7.714636299999962], [130.0010348, -7.6961756], [130.0262168, -7.744962300000043]]], [[[129.7250714, -7.551213], [129.661573, -7.554895700000038], [129.66571530000002, -7.528386800000038], [129.7250714, -7.551213]]], [[[128.54954429999998, -7.3644218], [128.56567150000004, -7.376554300000023], [128.5590801, -7.3833791], [128.54954429999998, -7.3644218]]], [[[128.57259530000005, -7.292518399999966], [128.559921, -7.316094500000044], [128.56331109999996, -7.281552700000023], [128.57259530000005, -7.292518399999966]]], [[[128.64170029999997, -7.078086400000035], [128.701182, -7.116575900000018], [128.64081669999996, -7.218072900000013], [128.5242187, -7.136501799999968], [128.64170029999997, -7.078086400000035]]], [[[129.1583339, -6.982678800000016], [129.12555960000003, -6.962193100000021], [129.1585826, -6.954964600000031], [129.1583339, -6.982678800000016]]], [[[129.53141970000001, -6.742265200000015], [129.4945638, -6.720497299999979], [129.53335550000003, -6.7126925], [129.53141970000001, -6.742265200000015]]], [[[130.02070050000003, -6.300884899999988], [130.01085090000004, -6.3195448], [129.99947970000005, -6.301264300000027], [130.02070050000003, -6.300884899999988]]], [[[130.033388, -4.602297], [130.049277, -4.584982], [130.045503, -4.608585], [130.033388, -4.602297]]], [[[129.67767040000004, -4.555895599999966], [129.68393950000004, -4.564977199999982], [129.66611450000002, -4.561578300000042], [129.67767040000004, -4.555895599999966]]], [[[129.942852, -4.508246], [129.933877, -4.572814], [129.86107, -4.557442], [129.942852, -4.508246]]], [[[129.763784, -4.522677], [129.784698, -4.52356], [129.775068, -4.538102], [129.763784, -4.522677]]], [[[129.878394, -4.504962], [129.877876, -4.535857], [129.866146, -4.5193], [129.878394, -4.504962]]], [[[129.907037, -4.507102], [129.895058, -4.528272], [129.893048, -4.50232], [129.907037, -4.507102]]], [[[128.792883, -3.6419362], [128.76584250000002, -3.6930809], [128.75841969999996, -3.65204930000001], [128.792883, -3.6419362]]], [[[128.61328279999998, -3.651388100000014], [128.60508369999997, -3.646553899999978], [128.60450250000002, -3.626864399999958], [128.61328279999998, -3.651388100000014]]], [[[128.35164149999997, -3.519990200000029], [128.35111510000002, -3.635157700000031], [128.25800669999998, -3.6225465], [128.30105710000004, -3.681459900000023], [128.26459109999996, -3.729545799999984], [128.08934159999998, -3.7922742], [128.23276429999999, -3.628082500000025], [127.94048259999998, -3.771592200000013], [127.921279, -3.681241399999974], [128.02555670000004, -3.592420499999955], [128.16848250000004, -3.5875346], [128.2573391, -3.495055], [128.35164149999997, -3.519990200000029]]], [[[128.4933401, -3.513677599999971], [128.57650470000002, -3.5876872], [128.4027295, -3.634256], [128.41493129999998, -3.53014710000002], [128.4933401, -3.513677599999971]]], [[[128.5542549, -3.52927579999996], [128.68402329999998, -3.543383299999975], [128.71611260000003, -3.4987882], [128.73224320000003, -3.619717699999986], [128.65398950000002, -3.573151700000016], [128.66334180000004, -3.610154900000035], [128.64421570000002, -3.630644800000022], [128.5542549, -3.52927579999996]]], [[[129.37607980000004, -2.78996689999998], [129.78664339999997, -2.864788], [129.8223285, -2.925091699999955], [129.85667070000002, -2.90005789999997], [129.88210090000004, -2.9570146], [130.03514119999997, -3.003816], [130.38290820000003, -2.9871754], [130.57764029999998, -3.12451259999998], [130.66353750000002, -3.4004437], [130.805906, -3.4070219], [130.83994420000002, -3.461303899999974], [130.8060359, -3.488839], [130.88279240000003, -3.589448399999979], [130.824144, -3.696258799999958], [130.8501582, -3.864377], [130.0182733, -3.4837103], [129.9207928, -3.336719899999958], [129.5188913, -3.299901200000017], [129.56667559999994, -3.419764399999965], [129.53104090000002, -3.469803499999975], [129.08436160000002, -3.341442099999965], [128.9347422, -3.356630299999958], [128.96738650000003, -3.227303], [128.884474, -3.203726799999968], [128.68017689999996, -3.359522399999976], [128.67438950000002, -3.433026099999987], [128.4603149, -3.458325], [128.26858839999994, -3.203084799999962], [128.18186969999996, -3.231636300000035], [128.17148719999997, -3.0619865], [128.09064469999998, -3.130755499999955], [128.0553142, -3.3405774], [127.98678389999998, -3.379436600000025], [127.92141259999997, -3.5683284], [127.943076, -3.3518057], [127.83748889999995, -3.157314099999981], [128.11685939999998, -3.064778600000013], [128.122577, -2.970682299999956], [128.07103180000001, -2.973218099999981], [128.16311310000003, -2.8635265], [128.8376842, -2.8664023], [129.04913390000002, -2.794622900000016], [129.051967, -2.892131599999976], [129.13147430000004, -2.969605899999978], [129.19764080000004, -2.964052899999976], [129.18686249999996, -2.922026900000036], [129.2107185, -2.95347910000004], [129.2224276, -2.954161600000022], [129.37607980000004, -2.78996689999998]]], [[[128.16075880000002, -3.22752360000001], [128.17188349999998, -3.229737100000014], [128.1551766, -3.23136069999997], [128.16075880000002, -3.22752360000001]]], [[[128.98965180000002, -2.741810799999984], [128.9783696, -2.734333199999989], [128.99298519999996, -2.726598], [128.98965180000002, -2.741810799999984]]], [[[130.16633570000002, -2.070121699999989], [130.15185060000002, -2.075120499999967], [130.15348470000004, -2.0653803], [130.16633570000002, -2.070121699999989]]], [[[130.34858010000002, -1.670129599999976], [130.45421760000002, -1.832561199999978], [130.34626959999997, -1.925031599999977], [130.4784707, -2.007572299999955], [130.4003772, -2.035267399999958], [130.34425429999993, -1.956307599999969], [130.2671111, -2.05351], [130.13359389999997, -2.058592499999962], [129.72011059999994, -1.880485900000012], [130.05810940000003, -1.724962699999983], [130.25659219999997, -1.729753499999982], [130.34858010000002, -1.670129599999976]]], [[[129.641046, -1.823594200000029], [129.65705059999996, -1.8266006], [129.6592336, -1.838975600000021], [129.641046, -1.823594200000029]]], [[[129.6379887, -1.812502], [129.64135980000003, -1.797117300000012], [129.64156839999998, -1.810539], [129.6379887, -1.812502]]], [[[129.64680320000002, -1.778703799999965], [129.64324309999998, -1.804682499999972], [129.63897770000003, -1.780476800000026], [129.64680320000002, -1.778703799999965]]], [[[129.62513159999997, -1.772983399999967], [129.62141940000004, -1.784071299999985], [129.61975149999995, -1.7753057], [129.62513159999997, -1.772983399999967]]], [[[129.66420830000004, -1.7799311], [129.655114, -1.78328620000004], [129.6561353, -1.773230399999976], [129.66420830000004, -1.7799311]]], [[[129.70376749999997, -1.78668389999997], [129.69187750000003, -1.770639099999977], [129.69456279999997, -1.756199700000034], [129.70376749999997, -1.78668389999997]]], [[[129.7701381, -1.7137465], [129.7814515, -1.707006500000025], [129.78289580000006, -1.725204299999989], [129.7701381, -1.7137465]]], [[[128.29453360000002, -1.642494200000028], [128.31888429999998, -1.609887], [128.36104, -1.6072718], [128.3542268, -1.653729499999985], [128.29453360000002, -1.642494200000028]]], [[[128.71589910000003, -1.51316169999996], [128.70449839999998, -1.512128800000029], [128.70987939999998, -1.507359], [128.71589910000003, -1.51316169999996]]], [[[128.73498790000002, -1.506460399999982], [128.72525019999998, -1.520769], [128.7237144, -1.5085216], [128.73498790000002, -1.506460399999982]]], [[[128.6419863, -1.498324499999965], [128.63378520000003, -1.512891499999986], [128.6295586, -1.506444900000032], [128.6419863, -1.498324499999965]]], [[[130.26015230000002, -1.474618399999967], [130.20809220000004, -1.48139179999996], [130.26958619999996, -1.46377490000001], [130.26015230000002, -1.474618399999967]]], [[[128.9116942, -1.3843565], [128.92827310000004, -1.391248799999973], [128.91662949999997, -1.3986163], [128.9116942, -1.3843565]]], [[[129.75050840000003, -1.276017400000013], [129.76741, -1.2676111], [129.76978330000003, -1.271127800000011], [129.75050840000003, -1.276017400000013]]], [[[129.79358610000003, -1.224869199999985], [129.80960859999996, -1.2310148], [129.78897680000006, -1.229917399999964], [129.79358610000003, -1.224869199999985]]], [[[129.7752589, -1.219052800000037], [129.7808558, -1.229917399999964], [129.76680860000002, -1.230466099999978], [129.7752589, -1.219052800000037]]], [[[129.6479002, -1.215289], [129.6555829, -1.2065209], [129.6552013, -1.2158029], [129.6479002, -1.215289]]], [[[129.97435559999997, -1.179870400000011], [129.833454, -1.250453500000043], [129.888553, -1.195496800000024], [129.73154150000002, -1.205811099999982], [129.86445960000003, -1.145101600000038], [129.97435559999997, -1.179870400000011]]], [[[129.67056320000003, -1.183312699999989], [129.6885868, -1.205135], [129.701308, -1.206251600000014], [129.68593839999997, -1.206126300000038], [129.6756906, -1.200843800000035], [129.67018029999997, -1.1905319], [129.67056320000003, -1.183312699999989]]], [[[129.4648613, -1.168528699999955], [129.444884, -1.1921248], [129.44641919999998, -1.181553099999972], [129.4648613, -1.168528699999955]]], [[[129.71680339999997, -1.198332099999961], [129.67414820000002, -1.1778973], [129.7461218, -1.154416700000011], [129.71680339999997, -1.198332099999961]]], [[[129.3718746, -1.187494499999959], [129.37187229999998, -1.170734899999976], [129.3705915, -1.169961500000023], [129.3498431, -1.18105130000002], [129.35265859999998, -1.162486399999969], [129.37059090000002, -1.166351600000032], [129.3728967, -1.168414199999985], [129.37379540000003, -1.186462899999958], [129.3718746, -1.187494499999959]]], [[[129.35291450000003, -1.1601659], [129.3101347, -1.166617], [129.31064860000004, -1.180282600000011], [129.30027289999998, -1.177189699999987], [129.31474480000003, -1.157462400000037], [129.35291450000003, -1.1601659]]], [[[129.77019809999996, -1.1475775], [129.770928, -1.158983200000014], [129.76149170000002, -1.1573772], [129.77019809999996, -1.1475775]]], [[[128.40865650000003, -1.156288499999986], [128.42557769999996, -1.146206100000031], [128.4355119, -1.1533721], [128.40865650000003, -1.156288499999986]]], [[[128.39092320000003, -1.142003300000011], [128.40249910000003, -1.155488], [128.3864282, -1.142742100000033], [128.39092320000003, -1.142003300000011]]], [[[128.3628282, -1.1343784], [128.38470489999997, -1.135019700000035], [128.38522649999996, -1.143016800000025], [128.3628282, -1.1343784]]], [[[128.38450539999997, -1.126233899999979], [128.40278390000003, -1.124027699999958], [128.40092480000004, -1.1375044], [128.38450539999997, -1.126233899999979]]], [[[128.33772410000006, -1.1080283], [128.34083279999996, -1.1210278], [128.3292701, -1.111635899999969], [128.33772410000006, -1.1080283]]], [[[128.43295009999997, -1.1126538], [128.36927480000003, -1.122688099999964], [128.3448598, -1.0880224], [128.40060770000002, -1.0837243], [128.45370520000006, -1.124100500000031], [128.45301380000004, -1.130590600000032], [128.43295009999997, -1.1126538]]], [[[128.34772930000003, -1.035450600000038], [128.33978510000003, -1.052981499999978], [128.3346651, -1.039187], [128.34772930000003, -1.035450600000038]]], [[[128.33212060000005, -0.9543604], [128.40562720000003, -0.9902127], [128.4159942, -1.026569299999986], [128.3446568, -1.0293915], [128.33212060000005, -0.9543604]]], [[[128.1118702, -0.853246099999955], [128.07998360000002, -0.851176], [128.08446879999997, -0.8393176], [128.1118702, -0.853246099999955]]], [[[129.8948584, -0.839064500000026], [129.9035649, -0.8326171], [129.9030551, -0.8430584], [129.8948584, -0.839064500000026]]], [[[129.789194, -0.767670499999957], [129.78368880000002, -0.772698500000041], [129.78112650000003, -0.767156200000036], [129.789194, -0.767670499999957]]], [[[130.1575632, -0.737665100000024], [130.13353059999997, -0.735433699999961], [130.15207, -0.727366300000016], [130.1575632, -0.737665100000024]]], [[[130.23498249999997, -0.722731799999982], [130.21953290000002, -0.74126970000002], [130.21558470000002, -0.72908280000002], [130.23498249999997, -0.722731799999982]]], [[[128.59342140000004, -0.6279742], [128.5957246, -0.6541448], [128.578309, -0.636481600000034], [128.59342140000004, -0.6279742]]], [[[128.496608, -0.590063400000036], [128.51466190000002, -0.6192008], [128.48841170000003, -0.592899], [128.496608, -0.590063400000036]]], [[[128.47611780000005, -0.591221400000014], [128.48790009999996, -0.58748429999998], [128.4878995, -0.592383200000041], [128.47611780000005, -0.591221400000014]]], [[[128.32974539999998, -0.577154199999958], [128.36163290000002, -0.575095200000037], [128.3493383, -0.583215199999982], [128.32974539999998, -0.577154199999958]]], [[[128.4412524, -0.569271799999955], [128.42386859999996, -0.590829800000032], [128.40594319999997, -0.560661400000024], [128.4412524, -0.569271799999955]]], [[[128.36701640000004, -0.527267600000043], [128.40466240000003, -0.5616926], [128.3680398, -0.53706519999997], [128.3353833, -0.5482778], [128.36701640000004, -0.527267600000043]]], [[[129.9180933, -0.432743], [129.90119670000004, -0.479925399999976], [129.866625, -0.4946256], [129.8573959, -0.41496060000002], [129.9180933, -0.432743]]], [[[130.2256352, -0.326232500000041], [130.2127967, -0.346538099999966], [130.1805665, -0.3203086], [130.2256352, -0.326232500000041]]], [[[130.1344724, -0.313353399999967], [130.15291160000004, -0.329334700000034], [130.15111909999996, -0.330494399999976], [130.1344724, -0.313353399999967]]], [[[130.2292149, -0.278025600000015], [130.207197, -0.314634099999973], [130.20232850000002, -0.284730899999969], [130.2292149, -0.278025600000015]]], [[[130.23394620000002, -0.163872500000013], [130.21238629999996, -0.180345199999971], [130.20729909999994, -0.183494500000043], [130.23394620000002, -0.163872500000013]]], [[[129.4202017, -0.07851319999997], [129.43403240000004, -0.1169314], [129.41431109999996, -0.098624900000017], [129.4202017, -0.07851319999997]]], [[[130.1855428, -0.10324649999996], [130.1772204, -0.084170100000042], [130.19278680000002, -0.098029400000039], [130.1855428, -0.10324649999996]]], [[[129.45605769999997, -0.063816], [129.56375570000003, -0.211297], [129.4591312, -0.088052799999955], [129.27960010000004, 0.047269700000035], [129.45605769999997, -0.063816]]], [[[130.01512459999998, -0.0720577], [130.0556894, -0.071082200000012], [130.06723619999997, -0.064838100000026], [130.06454810000002, -0.076567600000017], [130.01512459999998, -0.0720577]]], [[[130.08930439999997, 0.002373700000041], [130.165953, -0.066640400000024], [130.1326646, -0.0966742], [130.08930439999997, 0.002373700000041]]], [[[129.65326230000005, -0.048086099999962], [129.64903610000005, -0.054789700000041], [129.6253467, -0.030295899999972], [129.62995689999997, -0.069744199999972], [129.59000380000003, -0.047570899999966], [129.59051580000005, -0.002965500000036], [129.65326230000005, -0.048086099999962]]], [[[129.6253046, 0.022853399999983], [129.6388419, 0.013141899999985], [129.6253046, 0.006373200000025], [129.6253046, 0.022853399999983]]], [[[130.2222356, 0.109250700000024], [130.21749570000003, 0.100535], [130.212229, 0.110469200000034], [130.2222356, 0.109250700000024]]], [[[130.07881750000004, 0.1310082], [130.06441370000002, 0.142758], [130.08164470000003, 0.142726500000039], [130.07881750000004, 0.1310082]]], [[[130.1180882, 0.148227800000027], [130.125565, 0.134881], [130.11538760000002, 0.143719400000036], [130.1180882, 0.148227800000027]]], [[[130.07078529999998, 0.168446100000013], [130.06739070000003, 0.154300500000042], [130.0428875, 0.151738499999981], [130.060995, 0.168885300000026], [130.05244910000005, 0.174064], [130.07078529999998, 0.168446100000013]]], [[[130.036199, 0.188301099999959], [130.02924520000002, 0.169342800000043], [129.9983188, 0.180542100000041], [130.036199, 0.188301099999959]]], [[[128.97979110000003, 0.167271], [128.9499168, 0.179718600000028], [128.93963750000003, 0.19296920000002], [128.97979110000003, 0.167271]]], [[[129.90665419999996, 0.31898], [129.88821879999998, 0.2741487], [129.85316370000004, 0.324147500000043], [129.90665419999996, 0.31898]]], [[[129.86009189999996, 0.34730109999998], [129.87345879999998, 0.341106700000021], [129.85726640000001, 0.344910299999961], [129.86009189999996, 0.34730109999998]]], [[[128.86422420000002, 0.4671479], [128.87289, 0.47086809999996], [128.8745531, 0.4554623], [128.86422420000002, 0.4671479]]], [[[128.8222231, 0.559424400000024], [128.8618095, 0.491594299999958], [128.8074585, 0.565058], [128.8222231, 0.559424400000024]]], [[[128.647758, 0.561824800000037], [128.64520289999996, 0.578128499999957], [128.67019729999998, 0.568429800000041], [128.647758, 0.561824800000037]]], [[[128.6398102, 0.634139399999983], [128.63911719999996, 0.624145], [128.63295269999998, 0.632643899999968], [128.6398102, 0.634139399999983]]], [[[128.52064750000002, 0.630364099999985], [128.5409301, 0.6368759], [128.52235550000003, 0.624991], [128.52064750000002, 0.630364099999985]]], [[[127.95350530000003, 2.220687], [128.06957640000002, 2.1912347], [127.95212849999999, 1.991234199999974], [127.8519779, 1.9256305], [127.84150770000002, 1.845264700000032], [128.01208170000007, 1.737325299999986], [128.01110010000002, 1.314216900000014], [127.90336640000002, 1.1502093], [127.65556630000002, 1.027210699999975], [127.653934, 0.874693399999964], [127.79814860000002, 0.795281699999977], [127.88261780000005, 0.828322300000044], [127.98153820000002, 1.087928199999959], [128.1953955, 1.164235], [128.17983119999997, 1.242200400000042], [128.1000396, 1.239108899999957], [128.093862, 1.284717799999962], [128.4151648, 1.526831300000014], [128.72025540000004, 1.573926900000016], [128.68389150000002, 1.462904100000022], [128.75844210000002, 1.394976699999988], [128.69936150000004, 1.064379899999961], [128.33420190000004, 0.911754900000011], [128.2800674, 0.866307], [128.31210419999996, 0.8158193], [128.25007750000003, 0.8418505], [128.19865089999996, 0.7896614], [128.32425520000004, 0.6518419], [128.68057869999998, 0.549085900000017], [128.671698, 0.3437481], [128.83649170000004, 0.292479], [128.9033093, 0.207563800000015], [128.55877059999997, 0.3179144], [128.4581036, 0.403561899999987], [128.2820961, 0.3966951], [128.07988610000004, 0.4768886], [127.91990959999995, 0.457065], [127.86332880000003, 0.296768399999985], [127.92169389999998, 0.273530099999968], [127.8898158, -0.003480800000039], [128.0495692, -0.417861300000039], [128.21332370000005, -0.697542800000035], [128.43279630000004, -0.880637699999982], [128.45200179999998, -0.914287600000014], [128.2383959, -0.851339300000015], [128.28616710000003, -0.831109300000039], [128.23175590000002, -0.7465326], [128.0194505, -0.6864203], [127.86367440000002, -0.36532190000001], [127.6871322, -0.269786], [127.7344024, 0.311066], [127.62091379999998, 0.36069410000003], [127.52702609999996, 0.557255200000045], [127.54751189999996, 0.7295546], [127.6402639, 0.851595700000034], [127.5343584, 0.890771599999967], [127.49134359999996, 0.8927825], [127.4949163, 1.055306099999969], [127.42180270000001, 1.0319085], [127.40089740000003, 1.0411917], [127.39835269999998, 1.048053799999964], [127.4057038, 1.229128600000012], [127.58223179999997, 1.6649], [127.55079989999996, 1.7111933], [127.95350530000003, 2.220687]]], [[[128.3031787, 0.7647916], [128.29663730000001, 0.787328], [128.30483650000002, 0.7733492], [128.3031787, 0.7647916]]], [[[128.3498009, 0.781818200000044], [128.32555129999997, 0.7950575], [128.35209679999997, 0.8024312], [128.3498009, 0.781818200000044]]], [[[128.25512930000002, 0.810370099999973], [128.2536075, 0.792565600000044], [128.2414843, 0.814783199999985], [128.25512930000002, 0.810370099999973]]], [[[128.320401, 0.8436828], [128.3323544, 0.83044410000001], [128.32378569999997, 0.824703], [128.320401, 0.8436828]]], [[[128.22306170000002, 2.129216300000019], [128.23197390000004, 2.132841400000023], [128.2269132, 2.127381399999988], [128.22306170000002, 2.129216300000019]]], [[[128.20652250000006, 2.1947782], [128.2107009, 2.209562200000031], [128.21100180000002, 2.191951100000027], [128.20652250000006, 2.1947782]]], [[[128.5691653, 2.6453576], [128.693838, 2.423608799999959], [128.5775337, 2.1118637], [128.25972470000002, 1.980589600000043], [128.291541, 2.0576081], [128.24941870000004, 2.247413599999975], [128.19718850000004, 2.279329499999976], [128.298016, 2.442284300000013], [128.5691653, 2.6453576]]], [[[128.16615640000003, 2.412596100000036], [128.1604707, 2.288162], [128.125079, 2.331667699999967], [128.16615640000003, 2.412596100000036]]], [[[130.71165520000005, -8.249366700000035], [130.70513209999996, -8.2636368], [130.697064, -8.2622778], [130.71165520000005, -8.249366700000035]]], [[[131.067146, -8.15193079999997], [131.16634739999998, -8.119233599999983], [130.75676820000004, -8.3409768], [130.92179510000003, -8.2133907], [130.93706930000002, -8.125499800000021], [130.99697740000002, -8.14543260000001], [131.0330505, -8.076586099999957], [131.067146, -8.15193079999997]]], [[[131.19898889999996, -8.0603088], [131.21077680000002, -8.071999599999987], [131.190666, -8.0796405], [131.19898889999996, -8.0603088]]], [[[131.27503429999996, -8.049918200000036], [131.28133490000002, -8.061042100000012], [131.26810839999996, -8.060322399999972], [131.27503429999996, -8.049918200000036]]], [[[131.08065880000004, -8.03443990000002], [131.1051319, -8.0359532], [131.09774260000003, -8.05213040000002], [131.08065880000004, -8.03443990000002]]], [[[130.94265369999997, -7.7760897], [130.945057, -7.745813799999975], [130.9560433, -7.7384997], [130.94883350000003, -7.774048699999965], [130.94265369999997, -7.7760897]]], [[[131.06472469999997, -7.753422199999956], [131.08761460000002, -7.754746899999961], [131.0735136, -7.767317], [131.06472469999997, -7.753422199999956]]], [[[131.1222902, -7.64315209999998], [130.96728, -7.741989800000034], [130.96230180000003, -7.690787599999978], [131.1222902, -7.64315209999998]]], [[[131.64064320000003, -7.172142200000027], [131.7102367, -7.14362490000003], [131.6907377, -7.1642038], [131.74680919999997, -7.211323100000018], [131.63266190000002, -7.2530168], [131.65693510000003, -7.430026599999969], [131.7063, -7.42222], [131.62179259999996, -7.650004400000017], [131.48407810000003, -7.730863], [131.29257259999997, -8.029841400000034], [131.2950072, -7.922378900000012], [131.231791, -8.006963], [131.10282010000003, -7.996223199999959], [131.0819623, -7.8481464], [131.15572409999993, -7.772142800000011], [131.106389, -7.704950699999976], [131.24971139999997, -7.736222], [131.27050129999998, -7.703899200000015], [131.15592290000006, -7.672241399999964], [131.23627340000002, -7.47740750000004], [131.34292650000003, -7.44715139999997], [131.3843723, -7.34556680000001], [131.45248019999997, -7.346171300000022], [131.44632959999998, -7.281798400000013], [131.54296909999997, -7.2279613], [131.536824, -7.14263530000004], [131.6561823, -7.118741100000022], [131.64064320000003, -7.172142200000027]]], [[[130.8514086, -7.4954485], [130.9974924, -7.528635199999985], [130.8334808, -7.554927600000013], [130.8514086, -7.4954485]]], [[[131.14855440000002, -7.522168200000031], [131.13550809999998, -7.5420793], [131.13224660000003, -7.51961540000002], [131.14855440000002, -7.522168200000031]]], [[[130.81432970000003, -7.486087699999973], [130.8282553, -7.483895899999989], [130.83677079999998, -7.497664899999974], [130.81432970000003, -7.486087699999973]]], [[[131.16144049999997, -7.405572399999978], [131.06117879999994, -7.523189299999962], [131.05705470000004, -7.484717600000031], [130.97002660000004, -7.489832], [131.0136286, -7.4227694], [131.16144049999997, -7.405572399999978]]], [[[131.17686570000004, -7.4022706], [131.1811389, -7.4113563], [131.1768105, -7.412203800000035], [131.17686570000004, -7.4022706]]], [[[131.3206834, -7.390156299999957], [131.32382069999997, -7.408981100000019], [131.3169542, -7.406768099999968], [131.3206834, -7.390156299999957]]], [[[131.20777760000001, -7.357569200000021], [131.2889694, -7.323222], [131.3024163, -7.3392526], [131.26954, -7.380074799999988], [131.20777760000001, -7.357569200000021]]], [[[131.461194, -7.2471171], [131.47139610000002, -7.234020400000037], [131.47227, -7.239645300000038], [131.461194, -7.2471171]]], [[[131.40588819999996, -7.2328252], [131.3651294, -7.2327414], [131.39080639999997, -7.2011681], [131.40588819999996, -7.2328252]]], [[[131.45253079999998, -7.201005399999956], [131.48637779999996, -7.1635156], [131.488799, -7.20877], [131.45253079999998, -7.201005399999956]]], [[[131.915318, -7.102799599999961], [131.98663190000002, -7.213514699999986], [131.94917419999996, -7.254332499999967], [131.89322150000004, -7.176559], [131.71368649999997, -7.1547724], [131.915318, -7.102799599999961]]], [[[131.44721250000003, -7.139407200000021], [131.4364593, -7.103023899999957], [131.44418190000002, -7.097402399999971], [131.44721250000003, -7.139407200000021]]], [[[131.43469470000002, -7.092091700000032], [131.4394552, -7.072741700000036], [131.446666, -7.093276700000025], [131.43469470000002, -7.092091700000032]]], [[[132.00818480000004, -6.987157899999981], [131.9096854, -7.080634700000028], [131.91254369999996, -7.053498900000029], [132.00818480000004, -6.987157899999981]]], [[[131.51463439999998, -6.87905], [131.45743270000003, -6.9137502], [131.508, -6.8695], [131.51463439999998, -6.87905]]], [[[131.51725, -6.81675], [131.528, -6.83125], [131.50875, -6.82975], [131.51725, -6.81675]]], [[[131.60925, -6.67775], [131.5565, -6.74025], [131.5855, -6.7745], [131.52825, -6.804], [131.55975, -6.686], [131.60925, -6.67775]]], [[[131.93908220000003, -5.6731635], [131.93342540000003, -5.661570500000031], [131.93854030000003, -5.659953800000024], [131.93908220000003, -5.6731635]]], [[[130.3005923, -5.5440111], [130.309151, -5.540929400000024], [130.30935239999997, -5.548395699999971], [130.3005923, -5.5440111]]], [[[131.986995, -5.375109100000038], [131.96899390000002, -5.339066099999974], [132.01219080000004, -5.304335300000036], [132.0211291, -5.342918899999989], [131.986995, -5.375109100000038]]], [[[131.7588053, -4.728620200000028], [131.7278503, -4.755527], [131.72699829999993, -4.701704400000024], [131.7588053, -4.728620200000028]]], [[[131.6893733, -4.59522540000002], [131.7034943, -4.5964597], [131.70351090000003, -4.600837899999972], [131.6893733, -4.59522540000002]]], [[[131.65035060000002, -4.455332399999962], [131.65476189999998, -4.535859499999956], [131.6086811, -4.423986100000016], [131.65035060000002, -4.455332399999962]]], [[[131.60589890000003, -4.4052328], [131.59246240000004, -4.409104], [131.5782451, -4.379017499999966], [131.60589890000003, -4.4052328]]], [[[131.40402850000004, -4.167050399999967], [131.30842209999997, -4.128911899999983], [131.27320180000004, -4.077197], [131.40402850000004, -4.167050399999967]]], [[[131.219763, -4.035220799999967], [131.20653260000003, -3.979055699999973], [131.24782559999997, -4.058539100000031], [131.219763, -4.035220799999967]]], [[[131.4233494, -3.952112099999978], [131.4256262, -4.078633100000035], [131.36824610000002, -3.970264700000021], [131.4233494, -3.952112099999978]]], [[[130.932517, -3.867908399999981], [130.9240223, -3.906376100000026], [130.9105213, -3.898366100000034], [130.932517, -3.867908399999981]]], [[[130.76454019999997, -3.313571700000024], [130.80266819999997, -3.330914300000016], [130.79240990000005, -3.334856100000023], [130.76454019999997, -3.313571700000024]]], [[[131.99680370000002, -2.9471227], [131.9755214, -2.9376528], [132.01369589999996, -2.945369599999987], [131.99680370000002, -2.9471227]]], [[[131.66961450000002, -2.622144], [131.5878622, -2.659408199999975], [131.64618340000004, -2.623481899999975], [131.66961450000002, -2.622144]]], [[[130.60451390000003, -2.254886399999984], [130.57222020000003, -2.245642899999984], [130.622958, -2.251773], [130.60451390000003, -2.254886399999984]]], [[[130.25703319999997, -2.230611199999972], [130.2770548, -2.2260998], [130.2820429, -2.2304323], [130.25703319999997, -2.230611199999972]]], [[[130.5524659, -2.2216934], [130.50045689999996, -2.225871699999955], [130.54477529999997, -2.2178352], [130.5524659, -2.2216934]]], [[[130.4699584, -2.21842749999997], [130.48277860000002, -2.227306700000026], [130.46330140000003, -2.2233315], [130.4699584, -2.21842749999997]]], [[[130.4474114, -2.2197386], [130.43202529999996, -2.206865399999975], [130.45496419999998, -2.214060500000043], [130.4474114, -2.2197386]]], [[[130.935658, -2.1640297], [130.91720439999997, -2.1558069], [130.894905, -2.145011400000014], [130.935658, -2.1640297]]], [[[130.4500359, -2.124003100000033], [130.50003880000003, -2.1415516], [130.46345839999998, -2.135540899999972], [130.4500359, -2.124003100000033]]], [[[130.41548469999998, -2.100160500000021], [130.41228779999997, -2.089430300000023], [130.41873069999997, -2.086945699999971], [130.41548469999998, -2.100160500000021]]], [[[130.44456689999998, -2.074338199999987], [130.409891, -2.088308099999987], [130.4056801, -2.088593], [130.40032180000003, -2.081077900000034], [130.44456689999998, -2.074338199999987]]], [[[130.42402760000002, -2.062693199999972], [130.43935269999997, -2.05296459999998], [130.4420614, -2.06377570000001], [130.42402760000002, -2.062693199999972]]], [[[130.60092439999997, -2.0043633], [130.63806970000002, -2.004326399999973], [130.6347742, -2.009264900000025], [130.60092439999997, -2.0043633]]], [[[130.5480155, -1.99693970000004], [130.5663349, -1.998984300000012], [130.5995145, -2.003849200000014], [130.5480155, -1.99693970000004]]], [[[130.48690750000003, -1.9879749], [130.4703789, -1.9836079], [130.48612580000002, -1.973283399999987], [130.48690750000003, -1.9879749]]], [[[131.9490778, -1.863175400000012], [131.96469730000007, -1.923140700000021], [131.92653370000005, -1.8615683], [131.95834760000002, -1.838983799999989], [131.9614375, -1.8439594], [131.95140819999997, -1.8488844], [131.9490778, -1.863175400000012]]], [[[131.66390470000002, -1.5400886], [131.59213620000003, -1.46621820000002], [131.6681822, -1.4679343], [131.7144167, -1.429224], [131.7366762, -1.503637600000014], [131.66390470000002, -1.5400886]]], [[[130.99775919999996, -1.372068900000018], [130.99245810000002, -1.3849609], [130.97571839999998, -1.389176099999984], [130.99775919999996, -1.372068900000018]]], [[[130.9166691, -1.3860547], [130.9330124, -1.3758965], [130.9251913, -1.385774099999965], [130.9166691, -1.3860547]]], [[[131.0110714, -1.2896008], [131.02106949999998, -1.306084800000013], [131.01390429999998, -1.31059970000001], [131.0110714, -1.2896008]]], [[[131.05380720000002, -1.221849599999986], [131.06565190000003, -1.2273415], [131.0560388, -1.231803699999984], [131.05380720000002, -1.221849599999986]]], [[[131.12745, -1.211037400000043], [131.1516542, -1.2060603], [131.10736559999998, -1.2232226], [131.12745, -1.211037400000043]]], [[[131.17534350000003, -1.216357699999977], [131.14513110000001, -1.219790200000032], [131.1858148, -1.189756100000034], [131.17534350000003, -1.216357699999977]]], [[[131.16058059999995, -1.187181700000012], [131.15028090000004, -1.202284599999965], [131.147191, -1.202284599999965], [131.16058059999995, -1.187181700000012]]], [[[131.10135739999998, -1.195076399999968], [131.09157269999997, -1.196621], [131.09929749999998, -1.174481399999989], [131.10135739999998, -1.195076399999968]]], [[[131.05071729999997, -1.173966600000027], [131.05792710000003, -1.154744499999955], [131.0586138, -1.191472300000013], [131.05071729999997, -1.173966600000027]]], [[[130.69296779999996, -1.150270399999959], [130.68810760000002, -1.1586503], [130.68605420000003, -1.150146199999986], [130.69296779999996, -1.150270399999959]]], [[[130.584485, -1.136037100000015], [130.5954879, -1.140286299999966], [130.58004640000001, -1.146612399999986], [130.584485, -1.136037100000015]]], [[[131.06925679999998, -1.13741010000002], [131.07938479999996, -1.12625429999998], [131.07372, -1.148737499999958], [131.06925679999998, -1.13741010000002]]], [[[130.832548, -0.896103699999957], [131.03149130000003, -0.912054900000021], [131.0869379, -1.011089600000032], [131.04573910000002, -1.1672732], [131.0568971, -1.20846310000003], [130.9549303, -1.365321899999989], [130.75606009999998, -1.248279400000014], [130.68095870000002, -1.10874819999996], [130.71793780000002, -1.077764], [130.6356401, -0.977792300000042], [130.832548, -0.896103699999957]]], [[[131.2180872, -1.1257394], [131.213624, -1.107031899999972], [131.2160272, -1.106517], [131.2180872, -1.1257394]]], [[[131.16229719999998, -1.079742699999981], [131.17706010000003, -1.0780264], [131.16332720000003, -1.084205099999986], [131.16229719999998, -1.079742699999981]]], [[[131.15440079999996, -1.063266099999966], [131.17156690000002, -1.05777390000002], [131.157834, -1.079056200000023], [131.15440079999996, -1.063266099999966]]], [[[131.142122, -1.0271362], [131.1214152, -1.088738], [131.07629490000002, -1.082832099999981], [131.09620760000004, -1.004395799999964], [131.142122, -1.0271362]]], [[[131.22010660000004, -1.024832900000023], [131.20692069999998, -1.0166701], [131.21568390000004, -1.011261200000019], [131.22010660000004, -1.024832900000023]]], [[[131.2497558, -0.983724100000034], [131.26068410000005, -0.977838499999956], [131.25609109999996, -0.9854133], [131.2497558, -0.983724100000034]]], [[[130.6373567, -0.945181199999984], [130.66070270000003, -0.9434649], [130.66241930000007, -0.950330399999972], [130.6373567, -0.945181199999984]]], [[[131.25644090000003, -0.924692900000041], [131.2542172, -0.951612900000038], [131.24654250000003, -0.946998199999955], [131.25644090000003, -0.924692900000041]]], [[[131.13264060000003, -0.914915099999975], [131.13053589999998, -0.919634700000033], [131.11524469999998, -0.932575399999964], [131.11720330000003, -0.922212599999989], [131.13264060000003, -0.914915099999975]]], [[[131.20641419999998, -0.891629799999977], [131.18495649999994, -0.8978088], [131.21070569999998, -0.883391], [131.20641419999998, -0.891629799999977]]], [[[130.8218187, -0.7743114], [130.92729770000003, -0.78302639999997], [130.822117, -0.86786239999997], [130.3883899, -0.923984300000031], [130.484366, -0.789522500000023], [130.48545019999997, -0.829646299999959], [130.53866949999997, -0.840409600000031], [130.56681750000004, -0.793873799999984], [130.58654870000004, -0.833301699999984], [130.6358864, -0.790762500000037], [130.81287559999998, -0.8264393], [130.8218187, -0.7743114]]], [[[130.90069139999997, -0.821694299999971], [130.897616, -0.8147377], [130.90913539999997, -0.812928299999955], [130.90069139999997, -0.821694299999971]]], [[[130.55260319999996, -0.7961636], [130.5190647, -0.827691899999989], [130.51056769999997, -0.801787900000035], [130.55260319999996, -0.7961636]]], [[[130.74322779999997, -0.79238569999996], [130.71736160000003, -0.774870800000011], [130.75064229999998, -0.767383], [130.74322779999997, -0.79238569999996]]], [[[130.7608844, -0.770213699999973], [130.7925073, -0.781540300000023], [130.76921660000002, -0.798817700000038], [130.7608844, -0.770213699999973]]], [[[130.2556845, -0.697872200000022], [130.26914309999998, -0.698186099999971], [130.25747010000003, -0.701619099999979], [130.2556845, -0.697872200000022]]], [[[130.24802870000002, -0.695783], [130.23532580000006, -0.687715499999959], [130.2507753, -0.690118600000018], [130.24802870000002, -0.695783]]], [[[130.2562685, -0.6798197], [130.2542085, -0.6690058], [130.2588434, -0.67364030000004], [130.2562685, -0.6798197]]], [[[130.26982970000003, -0.665916099999981], [130.302617, -0.641713400000016], [130.31789489999997, -0.651497499999982], [130.26982970000003, -0.665916099999981]]], [[[130.590507, -0.604809500000043], [130.59883390000002, -0.580171], [130.66077250000004, -0.572528500000031], [130.590507, -0.604809500000043]]], [[[130.271718, -0.5630968], [130.28047270000002, -0.60635319999996], [130.250432, -0.546103100000012], [130.271718, -0.5630968]]], [[[130.67769240000007, -0.5667541], [130.68346769999997, -0.554419400000034], [130.69009489999996, -0.558064199999981], [130.67769240000007, -0.5667541]]], [[[130.66309530000004, -0.507987100000024], [130.66476870000002, -0.487585], [130.6757928, -0.489057099999963], [130.66309530000004, -0.507987100000024]]], [[[130.6235449, -0.403241299999985], [130.6960069, -0.44137109999996], [130.64878959999996, -0.501990900000033], [130.6566412, -0.513278300000037], [130.57825759999997, -0.535088799999956], [130.61280970000004, -0.485464199999958], [130.574912, -0.462919500000043], [130.5457227, -0.512383399999978], [130.457271, -0.50972950000004], [130.5132817, -0.487529499999956], [130.46468539999998, -0.480793], [130.47857980000003, -0.437641899999958], [130.523706, -0.468859199999978], [130.6235449, -0.403241299999985]]], [[[130.45354220000002, -0.430081200000016], [130.45651959999998, -0.451000800000029], [130.43784120000004, -0.444769799999973], [130.45354220000002, -0.430081200000016]]], [[[130.29157750000002, -0.370562800000036], [130.29016869999998, -0.365407199999963], [130.30694090000003, -0.3700449], [130.29157750000002, -0.370562800000036]]], [[[130.679342, -0.317661099999961], [130.66397909999998, -0.30580780000003], [130.6755, -0.3070945], [130.679342, -0.317661099999961]]], [[[130.48859920000004, -0.3027405], [130.5251307, -0.3216183], [130.49763139999996, -0.331958200000033], [130.48859920000004, -0.3027405]]], [[[130.833429, -0.0095356], [130.966418, -0.06196259999996], [131.051263, -0.020743800000018], [131.0430733, -0.060942600000031], [131.25832440000002, -0.13539390000002], [131.34062429999994, -0.290738099999983], [131.24198819999998, -0.38093550000003], [131.10069160000006, -0.306761299999964], [130.95940809999996, -0.350854399999962], [130.86877090000002, -0.234516400000013], [130.78950739999996, -0.224861199999966], [130.69942029999999, -0.0778072], [130.6230077, -0.079514500000039], [130.7310528, -0.294972400000033], [130.91972259999997, -0.305507100000019], [130.94456190000002, -0.353692300000025], [130.88083679999997, -0.419936599999977], [130.7269844, -0.439302100000011], [130.6955956, -0.300648099999973], [130.6148227, -0.3024646], [130.55272850000006, -0.429982899999965], [130.52764289999993, -0.247277800000029], [130.43790149999998, -0.2901168], [130.2190936, -0.209712300000026], [130.45168479999998, -0.198751300000028], [130.3759378, -0.1813985], [130.425158, -0.1671228], [130.4218644, -0.1285686], [130.38993539999998, -0.172045299999974], [130.33879709999997, -0.1406182], [130.36414950000002, -0.18894889999997], [130.30280310000006, -0.174080499999969], [130.29603380000003, -0.093446500000011], [130.35364529999998, -0.079266500000037], [130.349806, -0.113551], [130.364402, -0.136492200000033], [130.3687521, -0.0756572], [130.412316, -0.11447220000001], [130.51187839999997, -0.050134499999983], [130.726678, -0.027964199999959], [130.73205429999996, -0.036984599999974], [130.70824619999996, -0.0530931], [130.70960590000004, -0.062535400000014], [130.833429, -0.0095356]]], [[[130.2715144, -0.176552200000019], [130.272226, -0.194627200000037], [130.25302040000003, -0.1800642], [130.2715144, -0.176552200000019]]], [[[130.27407979999998, -0.172520799999971], [130.24789719999995, -0.150161400000021], [130.26402909999996, -0.150418200000042], [130.27407979999998, -0.172520799999971]]], [[[130.694682, -0.140465499999982], [130.67343270000003, -0.1359571], [130.69519360000004, -0.134151399999977], [130.694682, -0.140465499999982]]], [[[130.26581930000003, -0.104532300000033], [130.2688136, -0.11969490000004], [130.25148, -0.109688499999978], [130.26581930000003, -0.104532300000033]]], [[[131.0649566, -0.041100399999989], [131.0817219, -0.0377502], [131.0804423, -0.048443300000029], [131.0649566, -0.041100399999989]]], [[[130.5021488, -0.0377621], [130.52416749999998, -0.0338954], [130.52992790000002, -0.041370300000027], [130.5246797, -0.044463499999987], [130.5021488, -0.0377621]]], [[[130.956444, -0.0225631], [130.940229, -0.0217687], [130.93981889999998, -0.01656319999997], [130.956444, -0.0225631]]], [[[130.88205819999996, 0.014652099999973], [130.89403670000002, 0.0393891], [130.90534349999996, 0.018756], [130.88205819999996, 0.014652099999973]]], [[[130.25041779999998, 0.098473699999973], [130.24488270000003, 0.1109808], [130.2765941, 0.10011760000001], [130.25041779999998, 0.098473699999973]]], [[[131.0662387, 0.36802780000002], [131.0320298, 0.387071299999969], [131.0414805, 0.3924165], [131.0662387, 0.36802780000002]]], [[[131.19053859999997, 0.592405300000037], [131.19372970000003, 0.577001200000032], [131.18883309999998, 0.5738653], [131.19053859999997, 0.592405300000037]]], [[[131.23357019999997, 1.013081500000029], [131.23623239999998, 1.029555900000039], [131.2479965, 1.0381527], [131.23357019999997, 1.013081500000029]]], [[[131.2763013, 1.0675063], [131.2579272, 1.071790600000016], [131.2695119, 1.081106100000023], [131.2763013, 1.0675063]]], [[[134.47140179999997, -7.089214], [134.51470379999998, -7.064509599999965], [134.53248910000002, -7.073482100000013], [134.5221142, -7.103545200000013], [134.47140179999997, -7.089214]]], [[[134.5159729, -6.954405699999973], [134.51059989999996, -6.9297692], [134.5301253, -6.947568799999966], [134.5159729, -6.954405699999973]]], [[[134.5221325, -6.9077699], [134.54736090000003, -6.911938799999969], [134.52071470000004, -6.917017299999968], [134.5221325, -6.9077699]]], [[[134.51897870000002, -6.783867399999973], [134.51449449999998, -6.7681857], [134.5293117, -6.7621839], [134.53126140000003, -6.759860599999963], [134.5324311, -6.755020399999963], [134.53223620000006, -6.75230989999996], [134.53126140000003, -6.751360600000019], [134.53516059999998, -6.7472759], [134.554462, -6.75114820000003], [134.51897870000002, -6.783867399999973]]], [[[134.5296165, -6.750435599999956], [134.51694160000005, -6.762159700000033], [134.51510170000003, -6.75870840000002], [134.5296165, -6.750435599999956]]], [[[134.4978066, -6.719598799999978], [134.51465, -6.757639699999969], [134.4784772, -6.761496599999968], [134.4978066, -6.719598799999978]]], [[[134.48471410000002, -6.709492199999974], [134.4766557, -6.68839249999998], [134.49658179999997, -6.6846818], [134.48471410000002, -6.709492199999974]]], [[[134.50627670000003, -6.6646361], [134.5160757, -6.717162099999981], [134.49539940000003, -6.7111554], [134.50627670000003, -6.6646361]]], [[[134.60110240000003, -6.598335600000012], [134.58963189999997, -6.6304038], [134.5862025, -6.6043265], [134.60110240000003, -6.598335600000012]]], [[[134.09796909999997, -6.168134], [134.2905275, -6.292611799999988], [134.30343659999997, -6.291387400000022], [134.3401833, -6.399337599999984], [134.3681641, -6.406331800000038], [134.40274929999998, -6.397556499999964], [134.43579859999997, -6.442666], [134.46051790000004, -6.433284199999963], [134.479229, -6.488208100000022], [134.50514980000003, -6.522831], [134.47489760000002, -6.567725699999978], [134.531414, -6.584225300000031], [134.46498110000005, -6.679541899999982], [134.4292755, -6.648851599999957], [134.4157143, -6.665561], [134.4473, -6.6950568], [134.37314219999996, -6.822226199999977], [134.19976430000003, -6.944420299999961], [134.15101240000004, -6.869437400000041], [134.16548480000006, -6.891127500000034], [134.15042190000003, -6.850037199999977], [134.1679337, -6.854827500000023], [134.19083789999996, -6.849496800000028], [134.19375610000003, -6.8353504], [134.0950991, -6.849940599999978], [134.0519638, -6.769726], [134.1158218, -6.448124500000037], [134.13659290000004, -6.482409], [134.18156810000002, -6.484114599999987], [134.153244, -6.532211200000034], [134.2021675, -6.4856497], [134.207489, -6.539374100000013], [134.23512649999998, -6.614578499999964], [134.28199009999997, -6.6609574], [134.2891998, -6.663515], [134.2955513, -6.6609574], [134.23598480000004, -6.609292400000018], [134.21075059999998, -6.425778599999961], [134.1412277, -6.463476], [134.1168518, -6.417931699999964], [134.09796909999997, -6.168134]]], [[[134.57796290000002, -6.507164499999958], [134.57807670000003, -6.545485799999969], [134.5618062, -6.544694500000044], [134.57796290000002, -6.507164499999958]]], [[[134.58253280000002, -6.495708400000029], [134.56714670000002, -6.50797079999997], [134.57342049999997, -6.48471280000001], [134.58218319999997, -6.4754338], [134.58253280000002, -6.495708400000029]]], [[[134.628388, -6.499355800000013], [134.5862163, -6.477633799999956], [134.63425720000004, -6.4483687], [134.628388, -6.499355800000013]]], [[[134.36038510000003, -6.3895104], [134.3488838, -6.381492399999973], [134.352789, -6.378814], [134.36038510000003, -6.3895104]]], [[[134.33120259999998, -6.3596554], [134.3421436, -6.357326699999962], [134.33467409999997, -6.367654499999971], [134.33120259999998, -6.3596554]]], [[[134.65981670000002, -5.945195800000021], [134.7835846, -6.090816], [134.70771030000003, -6.154992400000022], [134.7659963, -6.157593799999968], [134.76332860000002, -6.214382899999989], [134.671833, -6.351399], [134.52763750000003, -6.337579599999972], [134.61226649999998, -6.4307255], [134.5161362, -6.531870099999966], [134.4697876, -6.4285079], [134.4375153, -6.43686639999997], [134.4067794, -6.3971157], [134.36902239999998, -6.3969493], [134.3200271, -6.273624100000037], [134.16663359999995, -6.190320299999981], [134.12200159999998, -6.047287700000033], [134.2286034, -6.0169011], [134.2795868, -6.060261200000013], [134.23427719999998, -6.140102800000043], [134.32074719999997, -6.199507600000039], [134.2830209, -6.044655600000033], [134.318986, -6.0243552], [134.36001250000004, -6.040524700000012], [134.4342628, -6.018738], [134.53571459999998, -5.9190312], [134.566957, -5.9361056], [134.59510950000004, -5.942935200000028], [134.65981670000002, -5.945195800000021]]], [[[134.281915, -6.1224793], [134.2702295, -6.139542200000021], [134.264754, -6.125799], [134.281915, -6.1224793]]], [[[132.47048249999997, -6.016229899999977], [132.4295165, -6.010235200000021], [132.46720719999996, -5.989512599999965], [132.47048249999997, -6.016229899999977]]], [[[132.51651920000003, -5.895114], [132.539604, -5.909383200000014], [132.5253029, -5.921017899999977], [132.51651920000003, -5.895114]]], [[[132.52323169999997, -5.846274100000033], [132.5586914, -5.8609811], [132.5528209, -5.870798300000042], [132.52323169999997, -5.846274100000033]]], [[[132.61083140000002, -5.8492063], [132.58937650000001, -5.8522153], [132.5993227, -5.833204600000015], [132.61083140000002, -5.8492063]]], [[[134.31552169999998, -5.831767500000036], [134.30273469999997, -5.832065900000035], [134.3055096, -5.8295665], [134.31552169999998, -5.831767500000036]]], [[[132.59582289999997, -5.830496699999961], [132.56906480000004, -5.824476400000019], [132.56821469999997, -5.817231600000013], [132.59582289999997, -5.830496699999961]]], [[[132.6151959, -5.8022846], [132.6240517, -5.8102712], [132.62289070000003, -5.813969799999959], [132.6151959, -5.8022846]]], [[[134.196059, -5.751168500000044], [134.25182589999997, -5.818775400000027], [134.20645520000005, -5.8349156], [134.196059, -5.751168500000044]]], [[[134.34671540000002, -5.725542299999982], [134.5108237, -5.56376730000004], [134.5312514, -5.570430499999975], [134.66342160000002, -5.598319600000042], [134.6886559, -5.58396860000004], [134.76384349999998, -5.647349300000022], [134.704792, -5.739247600000026], [134.7475357, -5.786386699999986], [134.7065086, -5.833180299999959], [134.76779169999998, -5.850428100000012], [134.75646210000002, -5.90097290000003], [134.71028520000002, -5.891581499999961], [134.7414228, -5.967735200000031], [134.6599884, -5.930682900000035], [134.5351683, -5.9166257], [134.42257259999997, -6.021788099999966], [134.30146620000002, -6.019028800000011], [134.29856629999998, -5.898175899999976], [134.41538, -5.786004100000038], [134.32611610000004, -5.7953973], [134.21487950000002, -5.708461599999988], [134.25213, -5.6621702], [134.34671540000002, -5.725542299999982]]], [[[132.69207140000003, -5.654141399999964], [132.81515260000003, -5.847313200000033], [132.73430010000004, -5.952667200000035], [132.73018030000003, -5.896833800000041], [132.69413140000003, -5.95181350000001], [132.66334610000004, -5.90559779999998], [132.7004828, -5.760897900000013], [132.60963990000002, -5.594650599999958], [132.67614610000004, -5.630308500000043], [132.70983109999997, -5.591385499999986], [132.69207140000003, -5.654141399999964]]], [[[132.79146340000003, -5.773878100000014], [132.7760138, -5.745697], [132.783052, -5.7316913], [132.79146340000003, -5.773878100000014]]], [[[132.80450959999996, -5.7685836], [132.7856269, -5.725542299999982], [132.8019347, -5.730495600000014], [132.80450959999996, -5.7685836]]], [[[132.65713949999997, -5.7532451], [132.65147470000005, -5.74436360000002], [132.662976, -5.738214800000015], [132.65713949999997, -5.7532451]]], [[[132.17399740000002, -5.727592], [132.19408180000002, -5.763630599999988], [132.17880389999996, -5.763630599999988], [132.17399740000002, -5.727592]]], [[[132.56501560000004, -5.716998699999983], [132.57455950000002, -5.711674], [132.579569, -5.715920500000034], [132.56501560000004, -5.716998699999983]]], [[[132.75779710000006, -5.714406199999973], [132.7584837, -5.700228899999956], [132.76603680000005, -5.711331600000043], [132.75779710000006, -5.714406199999973]]], [[[132.27533719999997, -5.696688699999959], [132.26487229999998, -5.707238899999985], [132.27267089999998, -5.692838399999974], [132.27533719999997, -5.696688699999959]]], [[[132.6145797, -5.696706700000028], [132.62740770000002, -5.703652299999969], [132.61566029999997, -5.706268399999977], [132.6145797, -5.696706700000028]]], [[[134.33942939999997, -5.695331600000027], [134.33860680000004, -5.7038749], [134.33017529999998, -5.693234200000037], [134.33942939999997, -5.695331600000027]]], [[[132.71352909999996, -5.6435501], [132.7011695, -5.651579], [132.7085509, -5.6303961], [132.71352909999996, -5.6435501]]], [[[133.18122330000003, -5.298607], [133.1196467, -5.565941199999965], [132.963558, -5.742708400000025], [132.952364, -5.876090599999968], [132.8446052, -6.0070875], [133.11361840000004, -5.291510700000031], [133.18122330000003, -5.298607]]], [[[132.71970889999997, -5.634496], [132.72537369999998, -5.622196], [132.73730929999996, -5.6459685], [132.71970889999997, -5.634496]]], [[[132.3069573, -5.5904121], [132.29227209999996, -5.6546539], [132.25673820000003, -5.584952700000019], [132.3069573, -5.5904121]]], [[[132.80176310000002, -5.522590400000012], [132.81669759999997, -5.678056600000033], [132.8015914, -5.698554499999971], [132.7410273, -5.6370643], [132.80176310000002, -5.522590400000012]]], [[[132.33439740000006, -5.6071988], [132.32319050000004, -5.618602], [132.31329029999998, -5.607348799999985], [132.33439740000006, -5.6071988]]], [[[134.3437459, -5.568037400000033], [134.27828009999996, -5.6465547], [134.24530220000003, -5.628717400000023], [134.3437459, -5.568037400000033]]], [[[132.0079556, -5.586041799999982], [131.99461950000003, -5.590451499999978], [132.00158620000002, -5.572489499999985], [132.0079556, -5.586041799999982]]], [[[132.7337857, -5.59601509999997], [132.71474659999998, -5.583448099999962], [132.7290077, -5.572805600000026], [132.7337857, -5.59601509999997]]], [[[132.30267179999998, -5.528161800000027], [132.37694389999996, -5.555280899999977], [132.33197750000002, -5.583576700000033], [132.30267179999998, -5.528161800000027]]], [[[132.7353301, -5.552490899999969], [132.70803590000003, -5.530108399999974], [132.75006460000003, -5.537954], [132.7353301, -5.552490899999969]]], [[[134.472891, -5.528641800000041], [134.48529210000004, -5.5168751], [134.48529210000004, -5.53123740000004], [134.472891, -5.528641800000041]]], [[[134.2859966, -5.521977], [134.24806129999996, -5.507074], [134.27251740000003, -5.4840157], [134.2859966, -5.521977]]], [[[134.49904739999997, -5.5240705], [134.49971089999997, -5.508598100000024], [134.5150344, -5.516428], [134.49904739999997, -5.5240705]]], [[[132.7310386, -5.495593200000022], [132.7432265, -5.493030099999959], [132.73314969999996, -5.5083026], [132.7310386, -5.495593200000022]]], [[[134.6094962, -5.433571500000041], [134.70590120000003, -5.516056400000021], [134.67090729999998, -5.536805699999976], [134.6822153, -5.571296699999968], [134.50652670000002, -5.555576099999977], [134.53760330000003, -5.478258499999973], [134.492317, -5.486803199999975], [134.49567359999998, -5.424084], [134.6094962, -5.433571500000041]]], [[[134.499068, -5.505675], [134.488617, -5.487014699999977], [134.50540390000003, -5.491761100000033], [134.499068, -5.505675]]], [[[132.76039270000004, -5.496618400000027], [132.7478724, -5.49248479999996], [132.76434090000004, -5.4757716], [132.76039270000004, -5.496618400000027]]], [[[132.6999524, -5.439378800000035], [132.71225039999996, -5.448463899999985], [132.70005269999996, -5.455652100000015], [132.6999524, -5.439378800000035]]], [[[134.4625431, -5.461047400000026], [134.47754949999998, -5.431851199999989], [134.495253, -5.4232701], [134.4625431, -5.461047400000026]]], [[[132.71164079999997, -5.434759500000015], [132.72503039999998, -5.444671], [132.7149024, -5.4468926], [132.71164079999997, -5.434759500000015]]], [[[134.5906712, -5.3935281], [134.59292670000002, -5.4047102], [134.57795069999997, -5.4011624], [134.5906712, -5.3935281]]], [[[134.62055210000003, -5.397441399999965], [134.593278, -5.3935043], [134.61079120000002, -5.381208699999969], [134.62055210000003, -5.397441399999965]]], [[[134.6048224, -5.3853525], [134.59561819999996, -5.381617799999979], [134.60393290000002, -5.381925799999972], [134.6048224, -5.3853525]]], [[[134.58669650000002, -5.3561804], [134.58041050000003, -5.392235099999961], [134.56301820000002, -5.392741500000027], [134.58669650000002, -5.3561804]]], [[[134.50773130000005, -5.390158099999971], [134.56136740000002, -5.32917050000002], [134.598517, -5.33812870000004], [134.5385442, -5.411154600000041], [134.50773130000005, -5.390158099999971]]], [[[134.5293394, -5.329515100000022], [134.51275969999998, -5.336242699999956], [134.5179985, -5.3314491], [134.5255866, -5.329363299999986], [134.5293394, -5.329515100000022]]], [[[132.01073420000003, -5.172291499999988], [132.02420190000004, -5.184821899999987], [132.02282870000002, -5.185676700000014], [132.01073420000003, -5.172291499999988]]], [[[133.31830660000003, -4.098273099999956], [133.55469489999996, -4.218836500000018], [133.63949559999998, -4.308538099999987], [133.33154229999997, -4.181969], [133.31830660000003, -4.098273099999956]]], [[[134.60902469999996, -4.0717702], [134.6037032, -4.081701299999969], [134.59821, -4.079989099999965], [134.60902469999996, -4.0717702]]], [[[134.35376419999997, -4.023824899999957], [134.362004, -4.033927900000018], [134.33951630000007, -4.027249599999989], [134.35376419999997, -4.023824899999957]]], [[[133.4746487, -4.023269099999977], [133.46143080000002, -4.017960699999962], [133.47670869999996, -4.020015599999988], [133.4746487, -4.023269099999977]]], [[[134.262612, -4.02742090000004], [134.22759309999998, -3.99916620000001], [134.2193534, -3.995398799999956], [134.24098270000002, -4.0024198], [134.262612, -4.02742090000004]]], [[[134.37779679999997, -3.975363], [134.44474469999997, -4.027249599999989], [134.36183229999997, -4.029304500000014], [134.37779679999997, -3.975363]]], [[[134.09699840000002, -3.9149065], [134.20977989999997, -4.025362299999975], [134.0527097, -3.922099399999974], [134.09699840000002, -3.9149065]]], [[[134.007314, -3.855952299999982], [134.0227635, -3.867598800000033], [134.006799, -3.858350099999958], [134.007314, -3.855952299999982]]], [[[134.04258170000003, -3.821735400000021], [133.99949470000004, -3.852907799999967], [133.999323, -3.817453400000021], [134.04258170000003, -3.821735400000021]]], [[[133.87204480000003, -3.716525], [133.93092469999993, -3.852526799999973], [133.92508820000003, -3.873935799999979], [133.87204480000003, -3.716525]]], [[[134.15948309999996, -3.794330300000032], [134.16600620000003, -3.778058], [134.16291629999998, -3.801181599999987], [134.15948309999996, -3.794330300000032]]], [[[132.66087930000003, -3.402686799999961], [132.703623, -3.511836100000016], [132.63066690000005, -3.405599900000029], [132.66087930000003, -3.402686799999961]]], [[[132.75581559999998, -3.446618099999982], [132.7394799, -3.4650077], [132.7489416, -3.43490170000001], [132.75581559999998, -3.446618099999982]]], [[[133.61817129999997, -3.452832], [133.6090732, -3.417876], [133.62864260000003, -3.429356799999967], [133.61817129999997, -3.452832]]], [[[132.7367536, -3.411083399999965], [132.75509829999996, -3.41427589999997], [132.74374039999998, -3.42517420000002], [132.7367536, -3.411083399999965]]], [[[132.4374666, -3.097156100000015], [132.5469865, -3.134865799999959], [132.54647150000002, -3.1504635], [132.4374666, -3.097156100000015]]], [[[133.79376720000002, -3.085241399999978], [133.76063659999994, -3.075470799999975], [133.76836129999998, -3.051472599999967], [133.79376720000002, -3.085241399999978]]], [[[132.1698465, -2.967561899999966], [132.32125180000003, -2.992590499999965], [132.1803178, -2.978876299999984], [132.1698465, -2.967561899999966]]], [[[132.14358230000002, -2.971161900000025], [132.1099367, -2.970647600000015], [132.1319093, -2.965676099999987], [132.14358230000002, -2.971161900000025]]], [[[133.82140469999996, -2.919987100000016], [133.81779980000002, -2.90850059999997], [133.823293, -2.920501400000026], [133.82140469999996, -2.919987100000016]]], [[[132.5511452, -2.641611], [132.57534950000002, -2.650699299999976], [132.537069, -2.646926800000033], [132.5511452, -2.641611]]], [[[132.50960309999996, -2.650184899999958], [132.4617096, -2.667675500000028], [132.44832, -2.642639899999983], [132.47200930000002, -2.624805900000011], [132.50960309999996, -2.650184899999958]]], [[[133.80277079999996, -2.629743800000012], [133.76431859999997, -2.557377], [133.763117, -2.512445700000027], [133.80259909999998, -2.54434359999996], [133.80277079999996, -2.629743800000012]]], [[[134.39429430000004, -2.537476899999975], [134.370605, -2.549138400000023], [134.3745532, -2.521013499999986], [134.39429430000004, -2.537476899999975]]], [[[133.64098449999997, -2.5088932], [133.6672487, -2.493115399999974], [133.6749734, -2.5325596], [133.64098449999997, -2.5088932]]], [[[134.3038287, -2.4992334], [134.3038287, -2.476423900000031], [134.30829189999997, -2.499747900000033], [134.3038287, -2.4992334]]], [[[133.61599960000004, -2.502622500000024], [133.5185156, -2.482534900000017], [133.4877933, -2.415182300000025], [133.59768439999996, -2.456539200000025], [133.61599960000004, -2.502622500000024]]], [[[133.31409450000007, -2.441768899999969], [133.3714033, -2.489033800000035], [133.36785839999996, -2.496714400000039], [133.31409450000007, -2.441768899999969]]], [[[134.56286580000003, -2.280727200000038], [134.59084660000002, -2.3966736], [134.56286580000003, -2.441437299999977], [134.50295589999996, -2.362370899999961], [134.55994749999996, -2.368545399999961], [134.56286580000003, -2.280727200000038]]], [[[133.8611574, -2.365564599999976], [133.94698809999997, -2.329889], [133.9565369, -2.350749899999977], [133.9867493, -2.366700800000016], [133.985891, -2.38488129999997], [133.8611574, -2.365564599999976]]], [[[134.50450089999998, -2.352423], [134.51737550000007, -2.3409313], [134.53059340000001, -2.351393899999971], [134.50450089999998, -2.352423]]], [[[133.8063974, -2.353558500000014], [133.83575149999996, -2.337607399999959], [133.84656620000004, -2.3482415], [133.8063974, -2.353558500000014]]], [[[134.51754710000006, -2.297022], [134.52389860000002, -2.310915299999989], [134.5148006, -2.2980511], [134.51754710000006, -2.297022]]], [[[133.895833, -2.26882680000003], [133.91677569999996, -2.302102600000017], [133.8669939, -2.2902675], [133.895833, -2.26882680000003]]], [[[133.762087, -2.215896100000043], [133.72655310000002, -2.244198799999959], [133.675913, -2.2562058], [133.762087, -2.215896100000043]]], [[[133.60261360000004, -2.2356223], [133.6050169, -2.2179545], [133.62235469999996, -2.234421600000031], [133.60261360000004, -2.2356223]]], [[[133.68777939999995, -2.239838499999964], [133.7191934, -2.176885600000029], [133.764512, -2.178257899999975], [133.7621088, -2.2000429], [133.68777939999995, -2.239838499999964]]], [[[133.89066140000003, -2.188107500000031], [133.86748709999998, -2.1712969], [133.892378, -2.182618299999978], [133.89066140000003, -2.188107500000031]]], [[[133.77687169999996, -2.184947799999987], [133.82116029999997, -2.149953900000041], [133.85995579999997, -2.1530417], [133.8448496, -2.18855009999997], [133.77687169999996, -2.184947799999987]]], [[[134.350864, -2.172319100000026], [134.315845, -2.077284100000016], [134.3930927, -1.994938600000024], [134.41060210000003, -2.07351], [134.350864, -2.172319100000026]]], [[[134.1503635, -2.039199799999986], [134.15156510000003, -1.9980267], [134.15757320000003, -2.05138], [134.1503635, -2.039199799999986]]], [[[132.08348870000003, -1.978638599999966], [132.05756780000002, -1.9659432], [132.09722159999998, -1.957022], [132.1009982, -1.970746799999985], [132.08348870000003, -1.978638599999966]]], [[[134.22623780000004, -1.735524399999983], [134.2044368, -1.867809899999957], [134.16649959999998, -1.953935900000021], [134.132854, -1.882736399999969], [134.22623780000004, -1.735524399999983]]], [[[134.0893701, -0.896224199999979], [134.10363049999995, -0.891499500000032], [134.11024780000002, -0.9216964], [134.0893701, -0.896224199999979]]], [[[132.19968039999998, -0.371486], [132.19161229999997, -0.367366199999958], [132.19830710000002, -0.3606715], [132.19968039999998, -0.371486]]], [[[134.30665669999996, 0.835754], [134.3008995, 0.804555800000022], [134.30499080000004, 0.843746400000017], [134.30665669999996, 0.835754]]], [[[138.264403, -8.391557100000021], [138.29993690000006, -8.396482], [138.46885170000002, -8.353854500000043], [138.50026569999997, -8.32345190000002], [138.44344579999998, -8.38374519999999], [138.36911640000005, -8.4126147], [138.264403, -8.391557100000021]]], [[[138.92544949999998, -8.324358100000037], [138.92905439999998, -8.362063599999988], [138.921158, -8.328264699999973], [138.92544949999998, -8.324358100000037]]], [[[138.9470789, -8.329623499999958], [138.9716264, -8.331831599999958], [138.9800378, -8.33624770000004], [138.9496538, -8.3404938], [138.93214430000003, -8.314846300000042], [138.9470789, -8.329623499999958]]], [[[138.57028589999996, -8.307865899999975], [138.55775459999998, -8.307526200000023], [138.58487710000003, -8.293087799999984], [138.57028589999996, -8.307865899999975]]], [[[138.9736864, -8.329623499999958], [138.95291530000003, -8.297010900000043], [139.0018388, -8.291745], [138.9736864, -8.329623499999958]]], [[[138.99948649999996, -8.287867100000032], [138.9793512, -8.27560739999996], [138.996174, -8.264735300000034], [138.99948649999996, -8.287867100000032]]], [[[138.84803019999998, -8.2625268], [138.85867319999997, -8.26660390000001], [138.87583940000002, -8.272889399999958], [138.8926622, -8.269322], [138.90124529999997, -8.280363800000043], [138.88167590000003, -8.2869887], [138.84803019999998, -8.2625268]]], [[[138.93437590000002, -8.30329580000003], [138.99480070000004, -8.26286659999996], [138.9795229, -8.273568899999958], [138.9776346, -8.289876500000023], [138.9577219, -8.294293], [138.93437590000002, -8.30329580000003]]], [[[138.87343610000005, -8.286139399999989], [138.8906023, -8.388217600000022], [138.55226149999996, -8.336061700000016], [138.6624681, -8.236688200000039], [138.6791192, -8.171444800000035], [138.7534486, -8.163798400000019], [138.81473169999998, -8.13830930000002], [138.8439104, -8.259469], [138.87343610000005, -8.286139399999989]]], [[[138.88682569999997, -8.238743], [138.84871689999997, -8.25539180000002], [138.8516351, -8.205443200000037], [138.88682569999997, -8.238743]]], [[[138.65783320000003, -8.22462570000003], [138.643757, -8.229212899999968], [138.65714659999998, -8.220548199999985], [138.65783320000003, -8.22462570000003]]], [[[138.70967489999998, -8.15479240000004], [138.69577039999996, -8.158360799999972], [138.69662870000002, -8.153602900000031], [138.70967489999998, -8.15479240000004]]], [[[138.8257357, -7.4016342], [138.93559889999997, -7.544604899999981], [139.08835989999997, -7.573744799999978], [138.99755109999998, -7.73979240000003], [138.9946328, -7.849491], [138.925625, -7.879249199999967], [138.8914643, -7.91495620000003], [138.88871780000005, -8.034807], [138.9136087, -8.075259399999965], [138.83121119999998, -8.077468799999984], [138.7965356, -8.138649199999989], [138.67894760000001, -8.150034500000011], [138.47091160000002, -8.350287799999986], [138.30251180000002, -8.3913873], [137.87112670000002, -8.373045899999973], [137.6559409, -8.4477661], [137.7058781, -8.167964099999988], [137.9042617, -7.792489699999979], [138.11917180000006, -7.535215100000044], [138.44619240000003, -7.400102099999979], [138.8257357, -7.4016342]]], [[[138.92613989999998, -7.886900899999978], [138.94158950000002, -7.883330100000026], [138.91515360000002, -7.8976132], [138.92613989999998, -7.886900899999978]]], [[[139.0414662, -7.2377384], [139.03408479999996, -7.229734499999981], [139.0514226, -7.236376], [139.0414662, -7.2377384]]], [[[139.1626592, -7.208446899999983], [139.17210050000003, -7.21611060000001], [139.14429140000001, -7.212023300000044], [139.1626592, -7.208446899999983]]], [[[139.005074, -7.204019], [139.00215580000003, -7.227009799999958], [138.9604421, -7.1970364], [139.005074, -7.204019]]], [[[138.79702040000006, -7.163314], [138.78345920000004, -7.1490067], [138.8064618, -7.161099799999955], [138.79702040000006, -7.163314]]], [[[138.75856830000004, -7.144578200000036], [138.71496630000001, -7.156330699999976], [138.71239140000003, -7.1183469], [138.75856830000004, -7.144578200000036]]], [[[134.6826114, -7.005987700000012], [134.67103049999997, -7.019961599999987], [134.67640290000003, -7.004131700000012], [134.6826114, -7.005987700000012]]], [[[134.6840133, -6.856328200000024], [134.58739550000004, -6.877780100000026], [134.68102529999996, -6.847486300000035], [134.6840133, -6.856328200000024]]], [[[134.6937074, -6.862959499999984], [134.7415709, -6.8700755], [134.76022269999999, -6.853646900000039], [134.74754, -6.87529759999997], [134.6937074, -6.862959499999984]]], [[[138.72347680000001, -6.8836301], [138.6713002, -6.835581099999984], [138.68340180000004, -6.8375511], [138.698972, -6.829409400000038], [138.70220979999996, -6.820215], [138.699625, -6.8077487], [138.705513, -6.8001992], [138.73653770000004, -6.786849100000032], [138.75147490000006, -6.775126900000024], [138.79919409999997, -6.835256899999982], [138.72347680000001, -6.8836301]]], [[[138.80314229999996, -6.8320185], [138.78906610000004, -6.806962799999979], [138.8122404, -6.830143600000034], [138.80314229999996, -6.8320185]]], [[[138.69935860000004, -6.807934099999964], [138.6364591, -6.8020197], [138.6174047, -6.73741359999996], [138.73915250000005, -6.761935300000029], [138.75101989999996, -6.774428200000034], [138.7375677, -6.7854854], [138.71199019999997, -6.796735600000033], [138.70539739999998, -6.8000972], [138.70293569999998, -6.8020809], [138.69935860000004, -6.807934099999964]]], [[[138.9444197, -6.82571210000001], [138.83180980000003, -6.8250303], [138.7559355, -6.752926700000013], [138.67326650000007, -6.724053599999976], [138.6760117, -6.6395733], [138.81581860000006, -6.699292900000027], [138.82099509999998, -6.7771329], [138.8369596, -6.794178799999957], [138.9444197, -6.82571210000001]]], [[[134.75120950000002, -6.612918], [134.7341284, -6.7034521], [134.6537204, -6.779674499999973], [134.6253762, -6.7104897], [134.68768710000003, -6.591744900000037], [134.75120950000002, -6.612918]]], [[[134.7716327, -6.6003793], [134.76183509999998, -6.6326268], [134.75569330000002, -6.606044499999959], [134.7716327, -6.6003793]]], [[[134.724574, -6.545243800000018], [134.7209111, -6.572317300000015], [134.7113144, -6.555069], [134.724574, -6.545243800000018]]], [[[134.833763, -6.4818315], [134.81081720000003, -6.562447200000039], [134.774578, -6.514646], [134.833763, -6.4818315]]], [[[134.6922618, -6.4422717], [134.763596, -6.530752400000035], [134.7448652, -6.552665700000023], [134.72280830000005, -6.541187400000033], [134.68164049999996, -6.563712800000039], [134.63975669999996, -6.477411400000029], [134.6922618, -6.4422717]]], [[[134.76675369999998, -6.4976639], [134.7684974, -6.484565900000024], [134.7714966, -6.485744099999986], [134.76675369999998, -6.4976639]]], [[[134.76308019999996, -6.4305204], [134.77463379999998, -6.422692399999959], [134.76903210000003, -6.432259900000033], [134.76308019999996, -6.4305204]]], [[[134.73136949999997, -6.383547], [134.75540160000003, -6.415931600000031], [134.74290459999997, -6.434868799999978], [134.73136949999997, -6.383547]]], [[[134.7875821, -6.3984877], [134.76463449999997, -6.394892399999981], [134.76938940000002, -6.367053199999957], [134.7875821, -6.3984877]]], [[[134.8548178, -6.282230800000018], [134.88299940000002, -6.30840720000004], [134.87862129999996, -6.287360299999974], [134.8921727, -6.2871534], [134.84495249999998, -6.477248200000026], [134.79635279999997, -6.389563], [134.8548178, -6.282230800000018]]], [[[134.7869519, -6.334553300000041], [134.82996709999998, -6.321263299999987], [134.79020219999998, -6.361306], [134.7869519, -6.334553300000041]]], [[[134.8614656, -6.221986600000025], [134.8593047, -6.186596399999973], [134.87204290000005, -6.1887448], [134.8614656, -6.221986600000025]]], [[[134.87350859999998, -6.150439800000014], [134.8869686, -6.162135300000034], [134.87520520000004, -6.162472699999973], [134.87350859999998, -6.150439800000014]]], [[[134.85958669999997, -5.965112], [134.85964770000004, -5.950420599999958], [134.86483589999997, -5.961408799999986], [134.85958669999997, -5.965112]]], [[[134.79086060000003, -5.900443500000015], [134.77622740000004, -5.896942], [134.79004610000004, -5.894540099999975], [134.79086060000003, -5.900443500000015]]], [[[134.79614770000003, -5.865929], [134.79254490000002, -5.893152], [134.78288950000004, -5.887997100000038], [134.79614770000003, -5.865929]]], [[[134.79909909999998, -5.82009409999998], [134.77633849999998, -5.806788], [134.80128629999996, -5.810137], [134.79909909999998, -5.82009409999998]]], [[[134.80078510000004, -5.816131500000028], [134.8135003, -5.814798], [134.8142264, -5.819706], [134.80078510000004, -5.816131500000028]]], [[[134.76061119999997, -5.796349299999977], [134.74164480000002, -5.795873400000036], [134.74909480000002, -5.786726799999971], [134.76061119999997, -5.796349299999977]]], [[[134.77835720000002, -5.787140299999989], [134.7734523, -5.796648], [134.76908450000002, -5.792193799999963], [134.77835720000002, -5.787140299999989]]], [[[134.7778772, -5.784681699999957], [134.7939585, -5.778768900000027], [134.7970328, -5.792595900000015], [134.7778772, -5.784681699999957]]], [[[134.7922291, -5.728270899999973], [134.8021915, -5.752881799999961], [134.78308790000003, -5.757891400000033], [134.7922291, -5.728270899999973]]], [[[134.7670899, -5.686116599999987], [134.76806270000003, -5.673730400000017], [134.7724154, -5.6787605], [134.7670899, -5.686116599999987]]], [[[134.69959160000002, -5.564354400000034], [134.68826039999996, -5.570911900000016], [134.69069089999996, -5.558451500000035], [134.69959160000002, -5.564354400000034]]], [[[134.71378609999996, -5.560464399999961], [134.7014802, -5.560561199999976], [134.7131051, -5.548168], [134.71378609999996, -5.560464399999961]]], [[[134.690563, -5.5448225], [134.6990588, -5.535445300000037], [134.69968380000003, -5.5472946], [134.690563, -5.5448225]]], [[[134.6795705, -5.477089499999972], [134.67487530000002, -5.464772100000011], [134.68064649999997, -5.460293], [134.6795705, -5.477089499999972]]], [[[134.67367940000003, -5.462989100000011], [134.66631140000004, -5.462022699999987], [134.6543666, -5.441968900000023], [134.67367940000003, -5.462989100000011]]], [[[134.6178585, -5.40804670000002], [134.62910420000003, -5.397793399999958], [134.62814480000003, -5.413768400000037], [134.6178585, -5.40804670000002]]], [[[134.65080469999998, -5.3966883], [134.66538089999995, -5.390007500000034], [134.67671249999998, -5.406060800000019], [134.65080469999998, -5.3966883]]], [[[137.7265853, -5.293031900000041], [137.73009279999997, -5.2811323], [137.73717619999996, -5.288587], [137.7265853, -5.293031900000041]]], [[[137.49690759999996, -5.183393600000025], [137.508014, -5.179666], [137.50858360000007, -5.19846539999998], [137.49690759999996, -5.183393600000025]]], [[[139.75125, -2.36], [140.15075, -2.3235], [140.15325, -2.371], [140.3361388, -2.465294500000043], [140.34821110000001, -2.395364599999967], [140.613, -2.43975], [140.73854330000003, -2.514141600000015], [140.68644029999996, -2.613237600000035], [140.7265, -2.63425], [140.71021849999997, -2.594401700000033], [141.0, -2.6044444], [141.0, -6.322692], [140.95998089999998, -6.32535509999997], [140.9527933, -6.435388], [140.91734640000004, -6.422390500000026], [140.961667, -6.4875091], [140.9371938, -6.560800200000013], [140.84165529999999, -6.61060559999996], [140.91431159999996, -6.872476399999957], [141.01944440000005, -6.892027100000038], [141.01944440000005, -9.127079882276487], [140.823398, -9.018662500000016], [140.60052120000006, -8.795580499999986], [140.498729, -8.6129982], [140.0173482, -8.222952], [139.95164119999998, -8.101958200000045], [139.712002, -8.0973696], [139.34447489999997, -8.206122799999957], [139.2569276, -8.156677799999986], [139.24216480000004, -8.068137199999978], [138.90982829999996, -8.26558469999997], [138.83756269999998, -8.1102694], [138.92456030000002, -8.077340899999971], [138.91275030000003, -7.922777300000024], [139.02072540000003, -7.849831099999956], [139.10995359999998, -7.565781400000023], [138.9636724, -7.518054099999978], [138.89113860000006, -7.342730299999974], [138.66692430000003, -7.211019500000034], [138.91855670000007, -7.1990801], [139.02944989999997, -7.241655099999973], [139.1648908, -7.2382493], [139.24866149999997, -7.1427046], [139.18016860000003, -7.213385699999971], [139.15733760000006, -7.202826900000033], [139.0692754, -7.211853], [138.8538223, -7.1572886], [138.5623963, -6.9353543], [138.62736110000003, -6.876672300000027], [138.713471, -6.9026376], [138.92055869999996, -6.839177], [139.12552240000002, -6.964945], [139.22834759999998, -6.998681900000022], [139.224571, -6.982836099999974], [138.9360083, -6.7863377], [138.8348997, -6.784803599999985], [138.82974990000005, -6.707238400000011], [138.80580779999997, -6.675827], [138.43259639999997, -6.364686200000043], [138.394011, -6.167943800000038], [138.2516791, -5.9178483], [138.27854690000004, -5.842783499999967], [138.1684954, -5.8144952], [138.16712209999997, -5.723463099999988], [138.0670435, -5.727904], [138.08129140000003, -5.524611099999961], [137.8932095, -5.370006700000014], [137.73211619999998, -5.369559499999961], [137.738904, -5.28730619999996], [137.67143260000006, -5.214971], [137.439491, -5.0966724], [137.4175016, -5.125656900000026], [137.30630349999998, -5.0147764], [136.92775240000003, -4.907962], [136.9866503, -4.862315300000015], [136.82687389999998, -4.91121169999998], [136.3377941, -4.669627500000024], [136.12644219999999, -4.624844300000037], [136.1549037, -4.587038200000022], [136.10851050000002, -4.623354100000016], [135.9180047, -4.4895652], [135.39519280000002, -4.43522960000003], [135.20568770000003, -4.4668928], [134.62658969999998, -4.118671099999977], [134.6548583, -4.0524212], [134.65331329999998, -4.080502800000014], [134.7236945, -4.057215699999956], [134.66996449999996, -4.03786630000001], [134.68146579999998, -3.937516299999972], [134.80712189999997, -3.978103], [134.76146, -3.934262400000039], [134.86085190000003, -3.951559199999972], [134.86583009999998, -3.993857599999979], [134.87458480000004, -3.9948851], [134.965222, -3.9507029], [134.67803259999997, -3.9198767], [134.50619950000004, -4.044715699999985], [134.4397666, -3.924158199999967], [134.3332415, -3.878851600000017], [134.34998770000004, -3.967828100000032], [134.2696501, -3.93871510000004], [134.33385150000004, -4.019543900000039], [134.30278690000006, -4.048951199999957], [134.16877189999997, -3.894937400000027], [134.11073129999997, -3.906514600000028], [134.19192709999996, -3.832183400000028], [134.17235770000002, -3.776859], [134.13682379999997, -3.740887699999968], [134.11788719999998, -3.79228], [134.0597479, -3.821906699999984], [134.04172339999997, -3.783710500000021], [133.98559010000002, -3.823619500000037], [133.95996059999996, -3.86328179999998], [133.83199650000006, -3.5580578], [133.77522780000004, -3.575019700000032], [133.81573990000004, -3.729372400000026], [133.75497170000003, -3.6471456], [133.6892245, -3.67034880000004], [133.70055510000003, -3.587183800000011], [133.62030070000003, -3.476093400000019], [133.7007268, -3.413615300000023], [133.66484949999997, -3.2396727], [133.70004010000002, -3.1706014], [133.7760861, -3.18756970000001], [133.8341076, -3.019759799999983], [133.87788130000007, -3.054386700000029], [133.85608030000003, -2.940902400000029], [133.83805590000003, -2.934902099999965], [133.81762810000004, -2.907472], [133.81488159999998, -2.906100499999981], [133.801492, -2.909186399999959], [133.8266877, -2.944719], [133.79496879999996, -3.028330900000038], [133.64803780000005, -3.122709600000013], [133.66313289999997, -3.366148300000022], [133.5501934, -3.430899], [133.58388329999997, -3.572061200000027], [133.43758349999996, -3.681041899999988], [133.40187790000004, -3.660142200000022], [133.45926040000003, -3.8572589], [133.34471469999997, -3.9045692], [133.40435230000003, -3.900628], [133.2523609, -4.073074800000038], [133.0707431, -4.055095600000042], [133.0202747, -4.119133699999972], [132.91281469999998, -4.0850606], [132.80810120000004, -3.943102499999968], [132.8456951, -3.958857799999988], [132.7322257, -3.68475689999997], [132.73324639999998, -3.6293414], [132.89656559999997, -3.639188799999966], [132.93671489999997, -3.551237899999988], [132.89580239999998, -3.462880799999974], [132.81558649999997, -3.442561199999956], [132.8191496, -3.297918500000014], [132.664176, -3.317228], [132.59578610000003, -3.230946], [132.64552020000002, -3.193141699999986], [132.35163589999996, -2.9391039], [132.2070223, -2.906094600000026], [132.08699980000003, -2.960277100000026], [132.05746930000004, -2.886683400000029], [131.983352, -2.9263085], [132.04045260000004, -2.839762299999988], [131.9790497, -2.830990400000017], [132.06501369999998, -2.789386900000041], [131.95298479999997, -2.767081300000013], [132.20045149999999, -2.705288799999989], [132.1130895, -2.687954200000037], [132.21410029999998, -2.6534315], [132.43317010000004, -2.676020400000018], [132.463334, -2.751057900000015], [132.48076560000004, -2.6831748], [132.5862611, -2.693384], [132.73939959999998, -2.803133300000022], [133.0742247, -2.4683554], [133.2177921, -2.412228300000036], [133.3790839, -2.5221193], [133.3808563, -2.660369400000013], [133.30759560000004, -2.661551], [133.2550133, -2.7123609], [133.39562659999999, -2.68991], [133.42339479999998, -2.483125699999961], [133.46821160000002, -2.636115399999978], [133.47465240000002, -2.50279049999998], [133.5297214, -2.605199500000028], [133.5355181, -2.547554200000041], [133.6643344, -2.551418699999958], [133.6649785, -2.671539900000026], [133.68558910000002, -2.61647090000004], [133.7313189, -2.624199899999963], [133.74935320000003, -2.619047200000042], [133.69170790000004, -2.611318300000038], [133.72262379999998, -2.499570099999977], [133.7963711, -2.648997], [133.826643, -2.669285600000022], [133.85208419999998, -2.67379420000003], [133.80152379999998, -2.6467428], [133.81547370000004, -2.465626299999963], [133.7271324, -2.437738299999987], [133.98966749999997, -2.3884831], [133.99619069999994, -2.352979599999989], [133.9560644, -2.314181200000027], [133.8144655, -2.324743499999988], [133.92055219999997, -2.309992600000028], [133.9459581, -2.258878200000042], [133.89598290000004, -2.2610086], [133.82579509999994, -2.29386950000004], [133.76569189999998, -2.241454299999985], [133.88808649999996, -2.19514050000001], [133.905081, -2.1755853], [133.8733236, -2.153456799999971], [133.8996095, -2.133657500000014], [133.8297784, -2.116466599999962], [133.63419929999998, -2.2045749], [133.622183, -2.232706300000038], [133.61033839999996, -2.2153815], [133.56727310000002, -2.2060466], [133.51680470000002, -2.236579399999956], [133.50925159999997, -2.205360499999982], [133.4837091, -2.188856600000017], [133.49242880000003, -2.2310904], [133.19408129999994, -2.194725300000028], [132.95871180000003, -2.293083899999965], [132.82945080000002, -2.242483499999965], [132.71066109999998, -2.298572699999985], [132.57951179999998, -2.189822900000033], [132.31858650000004, -2.284336200000043], [132.03948690000004, -2.074645800000036], [132.1157045, -1.992986499999978], [132.07381910000004, -2.012887], [132.10237150000003, -1.971261500000027], [132.09979650000002, -1.961311], [132.0963633, -1.954963300000029], [132.07439060000002, -1.948272300000015], [132.09138509999997, -1.9221947], [132.094475, -1.899204900000024], [132.08228710000003, -1.8914843], [132.09361670000004, -1.885994199999958], [132.0869219, -1.871239200000014], [132.11232780000003, -1.873126500000028], [132.08606360000002, -1.869008800000033], [132.0544779, -1.967658800000011], [132.06214620000003, -2.019063], [131.9666557, -1.962411], [131.98459430000003, -1.873647399999962], [131.9496853, -1.862633899999972], [131.96256769999997, -1.84479309999997], [131.95834760000002, -1.829204100000032], [131.9210405, -1.814557199999973], [132.0425768, -1.730826600000041], [132.00526060000004, -1.685949199999987], [132.0426828, -1.6699915], [131.91451740000002, -1.721904199999964], [131.882245, -1.635767199999966], [131.9735689, -1.5509993], [131.79229449999997, -1.613117], [131.80911730000003, -1.539330599999984], [131.7936021, -1.501656300000038], [131.77409840000007, -1.5702183], [131.6978807, -1.562668], [131.7449159, -1.501921599999962], [131.74480079999998, -1.451876099999955], [131.71270009999995, -1.4144657], [131.68523430000002, -1.438147600000034], [131.6539343, -1.4054692], [131.68105679999996, -1.410960699999981], [131.73530179999997, -1.365655399999961], [131.65187429999997, -1.4040963], [131.66955550000003, -1.464673799999956], [131.63093160000003, -1.41628059999997], [131.54578870000003, -1.4902526], [131.53205580000002, -1.4058222], [131.44622509999996, -1.510501699999962], [131.35638059999997, -1.3635121], [131.36348440000003, -1.401017099999963], [131.2780133, -1.390691599999966], [131.33876509999996, -1.463482299999958], [131.2608309, -1.523886599999964], [130.93168329999997, -1.429336099999984], [130.99988, -1.381089499999961], [131.02912039999998, -1.299791], [131.0232294, -1.285983500000027], [131.1760301, -1.221849599999986], [131.2285585, -1.124709699999988], [131.29847390000003, -0.915510899999978], [131.22398209999997, -0.821383], [131.50905320000004, -0.729941], [131.51334470000003, -0.771651099999977], [131.84743119999996, -0.7062104], [132.17375949999996, -0.423498099999959], [132.4216385, -0.343334], [132.71623150000002, -0.361958399999979], [132.9541321, -0.45370959999998], [133.3958168, -0.7412265], [133.97654730000002, -0.722173599999982], [134.1358442, -0.862279199999955], [134.04980720000003, -0.869765], [134.0111958, -0.959566399999973], [134.27898749999997, -1.341606799999957], [134.21360880000003, -1.407119799999974], [134.2002728, -1.550841700000023], [134.07002589999996, -1.655050500000039], [134.10435820000004, -1.86386370000003], [134.1560283, -1.965945199999981], [134.10504490000002, -2.0980413], [134.1761127, -2.355167199999981], [134.21473650000001, -2.420856400000011], [134.2610851, -2.430632400000016], [134.26640660000004, -2.465276299999958], [134.29833559999997, -2.5043783], [134.32047989999998, -2.508322700000038], [134.45901060000003, -2.862756599999978], [134.52424190000002, -2.79177520000003], [134.46141390000003, -2.54982430000002], [134.5692172, -2.4848275], [134.531795, -2.450184], [134.6322169, -2.4745374], [134.6900668, -2.968020199999961], [134.76782939999998, -2.991848899999978], [134.825851, -2.8829871], [134.85554839999998, -2.884358699999973], [134.80113170000004, -3.131038899999956], [134.86207150000004, -3.15863480000001], [134.86138489999996, -3.2493017], [134.9537387, -3.2508442], [134.98292109999997, -3.324023], [135.1140704, -3.3816025], [135.50528669999997, -3.354869500000019], [135.61223180000002, -3.1800597], [135.7784, -3.107042], [135.73067810000003, -3.066588600000026], [135.94508319999997, -2.955334199999966], [135.9059444, -2.870128799999955], [136.0171809, -2.6942119], [136.22330340000002, -2.612916899999968], [136.34677080000003, -2.3712897], [136.34362130000002, -2.25962539999996], [136.51019239999997, -2.190502], [136.5840068, -2.197191900000012], [136.6008296, -2.2541405], [136.74554020000005, -2.25482660000001], [136.94243580000003, -2.12102840000002], [137.17040209999996, -2.112622699999973], [137.25949429999997, -2.046748099999968], [137.1901431, -2.001114699999979], [137.2320285, -1.9743516], [137.22069889999997, -1.959769], [137.20078609999996, -1.956852500000023], [137.19306140000003, -1.9609699], [137.1839633, -1.931975899999989], [137.16645389999996, -1.933691600000015], [137.1611324, -1.9004079], [137.16988709999998, -1.9043539], [137.17229029999996, -1.901952], [137.17057370000003, -1.871069700000023], [137.1434512, -1.844647700000019], [137.18606489999996, -1.812693400000038], [137.1552959, -1.769497400000015], [137.22265689999998, -1.7465231], [137.2691074, -1.795405799999978], [137.3135677, -1.801239400000016], [137.24421650000002, -1.737755], [137.7445, -1.4775], [137.7845, -1.50525], [137.81575, -1.50475], [137.83375, -1.48475], [137.843, -1.50525], [137.84975, -1.50925], [137.83575, -1.4795], [137.788, -1.4795], [137.931, -1.458], [137.94525, -1.634], [138.13675, -1.64775], [137.98125, -1.57075], [137.98145539999996, -1.52853149999997], [138.17440480000002, -1.630402], [138.16325, -1.684], [138.18226170000003, -1.633924700000017], [138.64975, -1.78625], [138.86075, -1.965], [139.125, -2.03075], [139.75125, -2.36]], [[139.99675, -2.37675], [139.996, -2.37675], [139.9935, -2.38025], [139.99375, -2.38325], [139.99675, -2.37675]]], [[[134.7642066, -3.9414552], [134.7679831, -3.957210500000025], [134.74257719999997, -3.948305399999958], [134.7642066, -3.9414552]]], [[[135.6038203, -3.07018839999998], [135.62510639999996, -3.088358200000025], [135.61274669999997, -3.09727159999998], [135.6038203, -3.07018839999998]]], [[[135.593864, -3.0787591], [135.5713763, -3.090758], [135.59128910000004, -3.0722453], [135.593864, -3.0787591]]], [[[134.8449054, -3.046875700000024], [134.8279109, -3.02630520000003], [134.83512069999998, -3.0215054], [134.8449054, -3.046875700000024]]], [[[135.79693939999999, -2.950019799999987], [135.73119310000004, -2.982248899999968], [135.7076755, -2.972134500000029], [135.7404628, -2.9342478], [135.79693939999999, -2.950019799999987]]], [[[135.71831850000007, -2.929790399999971], [135.6714549, -2.9417909], [135.73685789999996, -2.9138467], [135.71831850000007, -2.929790399999971]]], [[[134.8404422, -2.726276599999961], [134.8284259, -2.683409100000029], [134.86378809999997, -2.707758], [134.8404422, -2.726276599999961]]], [[[136.24995380000001, -2.22463729999996], [136.26935580000006, -2.220693699999982], [136.25252869999997, -2.2339], [136.24995380000001, -2.22463729999996]]], [[[137.205421, -2.065275600000033], [137.217094, -2.07351], [137.20507770000006, -2.072480700000041], [137.205421, -2.065275600000033]]], [[[137.18842649999996, -2.019814299999984], [137.17452190000006, -2.003859599999986], [137.1975246, -2.019128099999962], [137.18842649999996, -2.019814299999984]]], [[[139.23975, -2.008], [139.25325, -2.00775], [139.2515, -2.015], [139.23975, -2.008]]], [[[137.2141757, -1.9819002], [137.1961513, -1.984130499999976], [137.195808, -1.97400850000003], [137.2141757, -1.9819002]]], [[[137.2098842, -1.9789837], [137.21881059999998, -1.961656200000023], [137.2236171, -1.9743516], [137.2098842, -1.9789837]]], [[[139.01775, -1.949], [139.00025, -1.938], [139.0245, -1.9345], [139.01775, -1.949]]], [[[136.327373, -1.904868600000038], [136.36839709999998, -1.941488], [136.36084080000006, -1.962631299999968], [136.327373, -1.904868600000038]]], [[[136.384193, -1.91087340000003], [136.40891219999997, -1.912246], [136.383678, -1.9230546], [136.384193, -1.91087340000003]]], [[[136.29338409999997, -1.9396963], [136.2803378, -1.887025600000031], [136.30316879999998, -1.927343699999968], [136.29338409999997, -1.9396963]]], [[[136.3677135, -1.9022951], [136.36204859999998, -1.884966800000038], [136.37269169999996, -1.894231500000016], [136.3677135, -1.9022951]]], [[[137.11186550000005, -1.876216800000014], [137.08817630000001, -1.888912899999957], [137.08748960000005, -1.856657799999956], [137.11186550000005, -1.876216800000014]]], [[[137.13469650000002, -1.773786900000013], [137.1413913, -1.856829300000024], [137.16988709999998, -1.899893200000042], [137.15975909999997, -1.8993785], [137.161304, -1.932490600000031], [137.1413913, -1.896633399999976], [137.08920619999998, -1.852883200000017], [137.13469650000002, -1.773786900000013]]], [[[137.05693389999996, -1.865579399999968], [136.9511905, -1.838128], [137.02534820000002, -1.831951299999963], [137.05693389999996, -1.865579399999968]]], [[[135.8249202, -1.798665699999964], [135.8020892, -1.818740100000033], [135.7965961, -1.7878564], [135.8249202, -1.798665699999964]]], [[[135.40926070000003, -1.602831], [136.20326190000003, -1.648873199999985], [136.9043269, -1.792317399999972], [136.64443160000002, -1.870726499999959], [136.503326, -1.85185380000002], [136.5419498, -1.898005900000028], [136.3435092, -1.861461699999973], [136.2742043, -1.88360330000002], [136.26265669999998, -1.912589099999968], [136.2295315, -1.909462800000023], [136.19793819999998, -1.854792499999986], [135.93461179999997, -1.804156200000035], [135.9121242, -1.755256299999958], [135.90062289999997, -1.7888858], [135.86096910000003, -1.73792649999996], [135.72827479999998, -1.690740799999963], [135.47696259999998, -1.681989900000042], [135.40926070000003, -1.602831]]], [[[135.777885, -1.723342], [135.78286319999998, -1.748049900000021], [135.7615771, -1.7473636], [135.777885, -1.723342]]], [[[138.7995, -1.7055], [138.78975, -1.673], [138.803, -1.66375], [138.7995, -1.7055]]], [[[137.96925, -1.60425], [137.98875, -1.6185], [137.99925, -1.63725], [137.97875, -1.6325], [137.96925, -1.60425]]], [[[138.715863, -1.580778200000028], [138.7345, -1.6245], [138.72325, -1.621], [138.71025, -1.60725], [138.715863, -1.580778200000028]]], [[[135.17797260000003, -1.477345700000027], [135.25319460000003, -1.522279899999985], [135.26126270000003, -1.479722500000042], [135.33607269999996, -1.492961699999979], [135.24852539999998, -1.529512799999983], [135.091112, -1.503944299999988], [135.17797260000003, -1.477345700000027]]], [[[136.59816929999997, -1.319882399999967], [136.6112156, -1.310958300000015], [136.60452079999996, -1.32417280000004], [136.59816929999997, -1.319882399999967]]], [[[136.60057260000002, -1.29551279999996], [136.60228920000006, -1.272516], [136.60864070000002, -1.28779], [136.60057260000002, -1.29551279999996]]], [[[136.67146870000005, -1.272516], [136.66752050000002, -1.263420099999985], [136.6762752, -1.260674199999984], [136.67146870000005, -1.272516]]], [[[136.19927340000004, -1.234039699999984], [136.20561630000003, -1.256336399999986], [136.187917, -1.246721399999979], [136.19927340000004, -1.234039699999984]]], [[[136.607439, -1.229267600000023], [136.60246080000005, -1.254667500000012], [136.59370609999996, -1.241281099999975], [136.607439, -1.229267600000023]]], [[[136.500606, -1.2392343], [136.5288926, -1.228913], [136.5371968, -1.238429700000038], [136.500606, -1.2392343]]], [[[136.34393880000002, -1.236818899999987], [136.30874820000003, -1.222059500000034], [136.34102060000004, -1.223260800000043], [136.34393880000002, -1.236818899999987]]], [[[136.44830890000006, -1.240251400000043], [136.42995209999998, -1.213704099999974], [136.4431591, -1.199062], [136.44830890000006, -1.240251400000043]]], [[[136.6987629, -1.224633799999959], [136.7028977, -1.212676899999982], [136.70775719999997, -1.215958399999979], [136.6987629, -1.224633799999959]]], [[[136.57825660000003, -1.1995768], [136.61396219999997, -1.221373], [136.5926761, -1.228581099999976], [136.57825660000003, -1.1995768]]], [[[136.60606569999996, -1.174691300000037], [136.60177419999997, -1.135388800000021], [136.62546350000002, -1.1520367], [136.60606569999996, -1.174691300000037]]], [[[134.94071609999997, -0.965303099999987], [134.97887810000003, -1.102011399999975], [134.85751350000004, -1.137538499999986], [134.79365539999998, -0.977405800000037], [134.8441239, -0.930892], [134.94071609999997, -0.965303099999987]]], [[[135.49026679999997, -0.929600400000014], [135.51275440000003, -0.9622116], [135.51206779999998, -0.966502500000017], [135.4940433, -0.9651294], [135.49026679999997, -0.929600400000014]]], [[[135.3599758, -0.636602099999967], [135.59635350000002, -0.665782600000037], [135.59549519999996, -0.7023439], [135.64493370000002, -0.663379499999978], [135.74804030000007, -0.741604199999985], [135.85375660000003, -0.699944499999978], [136.05130950000003, -0.856363399999955], [136.1709304, -1.043075599999971], [136.25558789999997, -1.017063799999979], [136.38489790000006, -1.083598100000033], [136.14156010000005, -1.200210899999982], [136.0013645, -1.1425227], [135.8734068, -1.1732996], [135.80197770000004, -1.098032199999983], [135.8249601, -1.031837], [135.7284611, -0.7766483], [135.6429936, -0.8871161], [135.46743579999998, -0.743882600000029], [135.52288239999996, -0.802757100000024], [135.537817, -0.871414299999957], [135.3599758, -0.636602099999967]]], [[[135.27842720000004, -0.407705699999978], [135.2631493, -0.402727600000025], [135.2693291, -0.392599799999955], [135.27842720000004, -0.407705699999978]]]]}}]}