{"type": "FeatureCollection", "bbox": [68.09347709896305, 8.076252063185263, 97.41149826167937, 37.07761064660468], "features": [{"type": "Feature", "properties": {"iso3": "IND", "source": "geoBoundaries", "territoryExtent": "metropolitan"}, "geometry": {"type": "MultiPolygon", "coordinates": [[[[91.86553941475563, 23.446154714631668], [91.80113421626874, 23.517800066652942], [91.79778123650446, 23.489416378055406], [91.82704654464396, 23.46301109027157], [91.82868716659345, 23.442839399202725], [91.84316820929779, 23.42449522338494], [91.84235222191448, 23.388912115727656], [91.8243710580973, 23.352649464589298], [91.76441800358333, 23.30990280456513], [91.75989844015002, 23.282805138247795], [91.77694607921556, 23.269717658444566], [91.77686215141516, 23.24366742036685], [91.78391744868976, 23.243454974575602], [91.79184818025983, 23.2254090847831], [91.78936052335423, 23.203759124373704], [91.80618444598139, 23.179761978952193], [91.81451123038721, 23.14487905570295], [91.8086526947853, 23.134524091398287], [91.81514627910593, 23.13279746825699], [91.81798136932913, 23.11185396774779], [91.8135550950398, 23.098966752124998], [91.83517261127933, 23.093312051174177], [91.81477336687195, 23.080650285492812], [91.81778261976748, 23.07276839898539], [91.80573471162091, 23.063268730666344], [91.7744443439128, 23.06956374107496], [91.78028847862242, 23.028996203129932], [91.7737234351175, 23.027962762106906], [91.76892310863208, 23.04122448682867], [91.77183674844204, 23.033090541170562], [91.71970164740411, 22.987447040890306], [91.69395108045872, 22.988194381064208], [91.68424193166275, 22.977337566639605], [91.65847190361504, 22.981755787018486], [91.65150626359573, 22.9762310704243], [91.64560780596427, 22.984716690168145], [91.63720615236943, 22.962352608548983], [91.62521592504727, 22.961876933683197], [91.61894604009696, 22.939183734373383], [91.60878765370889, 22.957209479017695], [91.59978341022145, 22.954630336723678], [91.60471423945978, 22.96256926372815], [91.61334741764944, 22.958971744435424], [91.60603529473008, 22.97212219734071], [91.58970079762591, 22.976817420511786], [91.5763031375273, 22.96572529317993], [91.5572960239938, 22.978572468374104], [91.55695567568884, 22.99674054665442], [91.54228511540903, 22.999634694289334], [91.54809089834421, 23.01932759204756], [91.53831078713242, 23.019294418943744], [91.55025753419821, 23.038527545427172], [91.53042371188847, 23.038392152950884], [91.53517895911634, 23.05608231313845], [91.52365410133214, 23.056859419103574], [91.53395146697615, 23.065807942456367], [91.52502687441, 23.082924598335843], [91.52971269174786, 23.09179707080278], [91.51884431738341, 23.094256503518938], [91.5222408205232, 23.104112761820897], [91.51124831605448, 23.104298350594043], [91.5122002670493, 23.11332304088538], [91.52028798101192, 23.114563325812167], [91.51752436883753, 23.125547770909993], [91.50305838369401, 23.13058414261614], [91.51520987477936, 23.145139414045424], [91.49865864473985, 23.142631699748144], [91.49464546971709, 23.147173393993413], [91.50711451884864, 23.15438960907323], [91.49097266545715, 23.157789950682623], [91.49814728954415, 23.171715365975178], [91.49165100219281, 23.177613291580794], [91.50743554618846, 23.18377672529635], [91.50310887350457, 23.192193899987974], [91.48494374459864, 23.18846088058318], [91.47068107245843, 23.196524694691742], [91.4823220267133, 23.198570830809], [91.48442521635542, 23.209404026931526], [91.47527355932985, 23.220542029324864], [91.4585052549952, 23.213507530847863], [91.45042169484246, 23.219344324548462], [91.47022232530072, 23.227811496402744], [91.45776817023658, 23.24607949547496], [91.44391832158014, 23.24670119641528], [91.45409626339362, 23.26049556001991], [91.42107717415948, 23.261879155420136], [91.41818329369251, 23.255577593803206], [91.41955315083896, 23.273340889103988], [91.40867103584391, 23.28530256697274], [91.41116766781754, 23.255861966612702], [91.39747240754336, 23.265223782895347], [91.40863850155925, 23.247685237767694], [91.39244848679046, 23.245977346186773], [91.40091001040406, 23.229270706703545], [91.38628340828436, 23.227579394085787], [91.3919344887512, 23.220120416337263], [91.38078649578827, 23.20872571459885], [91.38762961638263, 23.207953278523735], [91.37978880976573, 23.184675176225866], [91.40319018971667, 23.113685425848885], [91.4000579664419, 23.096556464542335], [91.40596345339048, 23.097015915748464], [91.40803904858365, 23.083452689962066], [91.41733041968703, 23.083008063349105], [91.4109574943804, 23.066787502424788], [91.41717820555205, 23.065106448848223], [91.39569789080247, 23.056112539593695], [91.36931185203183, 23.071058175589314], [91.3468549598723, 23.10236658771646], [91.33298812497215, 23.15304946019328], [91.32323288361897, 23.158251125722774], [91.31859665687806, 23.244506388258284], [91.32647417225071, 23.25240364103637], [91.31795561909132, 23.253096291361434], [91.29904218367227, 23.285252431120174], [91.3067972712481, 23.293253905570722], [91.31575831834678, 23.28994468636806], [91.3139006777977, 23.300630755496478], [91.30972376864472, 23.30934299531401], [91.28836283460654, 23.31450806259328], [91.29595714979764, 23.338826220127793], [91.31336039145995, 23.340818739193846], [91.32348727393102, 23.36299756519663], [91.29262104578432, 23.355010725191974], [91.29661423059706, 23.36530776079723], [91.28749594149274, 23.37657504267918], [91.29762731464189, 23.375943083156745], [91.29740416863376, 23.38223278913811], [91.28354614979979, 23.38336626953399], [91.28355278206152, 23.418683476186416], [91.2606314968327, 23.45273530352152], [91.25484696354557, 23.486773589678783], [91.24131321407128, 23.485411370736152], [91.23860350620389, 23.498436560728532], [91.22208834262472, 23.494334161549176], [91.22477715028873, 23.51041706984126], [91.2019744660336, 23.514010043630865], [91.21309434352476, 23.54744781890953], [91.19313214836772, 23.544759851847388], [91.19403599188408, 23.560730408872004], [91.1738867522135, 23.584417239077784], [91.17631457952459, 23.591277425917497], [91.16083594871411, 23.594537932324844], [91.15697016387324, 23.67043245465853], [91.17063569799632, 23.656657015581477], [91.19127722522236, 23.655080104126988], [91.1909298449054, 23.64714785687589], [91.2144618021694, 23.65663693696492], [91.20029981320624, 23.664579118113135], [91.2068287336569, 23.689469705754576], [91.1955650843978, 23.695696158485354], [91.15354138336697, 23.691102398918915], [91.14968521948279, 23.713263691878645], [91.1568211046215, 23.742089644566786], [91.1927747293774, 23.752524005057456], [91.22077023472684, 23.742371395569247], [91.22748133621211, 23.753370937370686], [91.22794675515742, 23.792560196887777], [91.24777553971502, 23.82978685991727], [91.22222246828318, 23.870319346536157], [91.22034365983272, 23.891217933790085], [91.24311439550478, 23.903483886019963], [91.23296484404753, 23.920164880388565], [91.26857694729871, 23.923435984672587], [91.25737951106255, 23.94298088621616], [91.28016383105833, 23.982256198301197], [91.28385102992239, 23.96783736462859], [91.29055701370544, 23.969433065112515], [91.3007975079071, 23.997428352062318], [91.32918913436423, 23.99189108418116], [91.33960556091935, 23.981722032686942], [91.36053332103931, 23.985486935715304], [91.37932879598347, 23.974547943134688], [91.37329060181628, 24.00229235098987], [91.3969655097881, 24.047242165142787], [91.37826788203967, 24.079137057130524], [91.37614158054193, 24.10582989988764], [91.42991112671346, 24.10703229821224], [91.43799017462852, 24.093776447917463], [91.43769949507397, 24.10116152908615], [91.44389039834783, 24.095408757402268], [91.48880248754598, 24.09722981153916], [91.49528586610671, 24.084981104310213], [91.53969370757969, 24.073225712381827], [91.57050241480214, 24.079413642185372], [91.58096965995117, 24.07441057126921], [91.59342114612059, 24.086034564457385], [91.5908588742492, 24.09648129523628], [91.60705756764195, 24.091420754265673], [91.63130321663628, 24.103556066136647], [91.62936493881571, 24.139118124907785], [91.64017115605071, 24.15528970222296], [91.64172041664082, 24.17844813567411], [91.65165398705263, 24.175311539369204], [91.65640569581657, 24.18550312429226], [91.64683529540955, 24.217378545310282], [91.66226854962007, 24.231931142490385], [91.68255209730708, 24.162412649494552], [91.69925326964224, 24.161779290463517], [91.72644887733347, 24.141160196247874], [91.75624916995392, 24.14184639988074], [91.74658315466465, 24.245272175182205], [91.816036003801, 24.210080632121738], [91.84117807532914, 24.227318985916114], [91.83812866774038, 24.220836709945342], [91.84706334120065, 24.217214460592505], [91.83692294716941, 24.19712337309637], [91.85983408592709, 24.18256727340752], [91.88191970797298, 24.14334723718199], [91.90333511585001, 24.137572530049912], [91.91827209129025, 24.115530590320144], [91.91011620687566, 24.14147162759653], [91.92014249869614, 24.154554914748267], [91.91708267244674, 24.17224871808568], [91.94233316254484, 24.26308524677348], [91.92243594882046, 24.33841130627289], [91.96008296166734, 24.358715744207334], [91.97673845107703, 24.331878373455204], [91.99384329575814, 24.328914460296687], [91.9921720780884, 24.347724759416863], [91.98094584635581, 24.36037592946981], [91.98534344372632, 24.36596249638806], [91.9717535684114, 24.383056249117907], [91.98830532845695, 24.38020449733699], [92.00078419078464, 24.395453453258398], [92.00794401333073, 24.38416135736253], [92.02018336144751, 24.38904668961698], [92.0403485956217, 24.377086582671676], [92.0821244209229, 24.37488996623603], [92.11052909630787, 24.38336753431781], [92.13896371433785, 24.4250750237742], [92.16325749865837, 24.418687609245623], [92.16821448863439, 24.42493080174702], [92.14971813381524, 24.491003249883434], [92.15846699435222, 24.50759756725627], [92.15227315089241, 24.50864262103938], [92.15571288096368, 24.525641578185304], [92.16892352349826, 24.52717881378588], [92.21169868233224, 24.504481310162475], [92.22341355895183, 24.52665335838191], [92.25435623642416, 24.67813896758974], [92.29587194914498, 24.736559082797047], [92.27897171283782, 24.74565394051863], [92.28888844882117, 24.76091187767124], [92.27990555110152, 24.76635924028642], [92.2888946337219, 24.784771986017912], [92.27343232619846, 24.79937993465497], [92.27301335284824, 24.82755374730351], [92.24885287851589, 24.829704638962948], [92.25325642542856, 24.838056255367107], [92.24136996879307, 24.84208159674276], [92.2346945843235, 24.861586615422652], [92.24597566000082, 24.867486513428418], [92.24705736365524, 24.885001145161567], [92.2338691161207, 24.901142134543395], [92.24884563539976, 24.90912415556608], [92.28214622699954, 24.906131299982626], [92.30009322339488, 24.915426067905447], [92.33952562169927, 24.87816115051481], [92.3485589526356, 24.891054498229817], [92.36319576051523, 24.872284134438868], [92.37499750781606, 24.873573576751745], [92.3857038584426, 24.851848014317163], [92.40020249285512, 24.848700384321553], [92.40631806790088, 24.85908727761839], [92.43845344755907, 24.85614698741995], [92.44460870298754, 24.872012279729514], [92.47576032859497, 24.86750370884576], [92.49236765752565, 24.87434523311098], [92.4967055780152, 24.902184038712097], [92.48392098036875, 24.928572731739393], [92.48723491935078, 24.94712662622979], [92.44914487716875, 24.938861848274556], [92.44964470428438, 24.950085976721454], [92.46710344476328, 24.964010177795554], [92.45860447936865, 24.970517876641026], [92.44737605574676, 24.963988943429367], [92.41842039778398, 24.96645024462984], [92.42190202707674, 24.988376987789906], [92.41609217477331, 24.99204428945475], [92.42592914754597, 25.029284260658592], [92.3447851004826, 25.05056044191874], [92.34092593353046, 25.07809360651835], [92.33337686737852, 25.082503189226976], [92.29723578578235, 25.072094871121894], [92.22932325720244, 25.09715539784598], [92.20922738644292, 25.11171044623309], [92.22259755000901, 25.115108569545853], [92.2192019110485, 25.121682915960424], [92.18759943627134, 25.136017023230888], [92.18974668558319, 25.122299581381103], [92.17586179903739, 25.123325528846888], [92.1354960565427, 25.14330130449334], [92.13452819997751, 25.1568478234539], [92.12238034617074, 25.16591046527913], [92.06213984513889, 25.187859904562988], [92.04650115610433, 25.182269806541125], [92.00210579851887, 25.187649641035975], [91.98316250848964, 25.171572088568873], [91.94707618549828, 25.18330162653801], [91.77187937170567, 25.167062530109], [91.74664156941265, 25.17168239197643], [91.74395672601398, 25.148634774400264], [91.70480345313298, 25.15676352447287], [91.69413607322012, 25.14042833623445], [91.64201434180855, 25.124343562186052], [91.61859409813492, 25.146645469881488], [91.6009426753158, 25.146958796683283], [91.60822498135428, 25.17227493338032], [91.60286969005934, 25.173696382960483], [91.57958752283479, 25.170177343847207], [91.5474530316104, 25.148971497224284], [91.47747535614235, 25.13511299627164], [91.46681074483719, 25.14946439090197], [91.43929921133865, 25.152201019806384], [91.41387930526619, 25.172469439783136], [91.40392386357216, 25.166147211442034], [91.37633762168302, 25.167158695595408], [91.35647867529144, 25.17726406384528], [91.33836355290246, 25.17365462262763], [91.32086266975868, 25.185042548170838], [91.29147300064783, 25.1869221936437], [91.26464437720807, 25.20678734229268], [91.25205224720449, 25.197541954247757], [91.13472048520195, 25.19295979639254], [91.0815071830409, 25.201932692838792], [90.96554316175396, 25.17141841745413], [90.86938064768103, 25.15966913669187], [90.81951638168012, 25.16353851302892], [90.78010337979937, 25.183774932981912], [90.76045654720596, 25.165189981201586], [90.74140912177408, 25.16520744556158], [90.73733708374401, 25.15368589731193], [90.72068041484631, 25.164826310541432], [90.69348280570867, 25.159757072235745], [90.67490156548506, 25.16753292796293], [90.65511020743712, 25.193154168985455], [90.63630130537445, 25.173207286338986], [90.51037977986161, 25.16846803514491], [90.44456596282211, 25.143812864371455], [90.37735903843999, 25.161789370614656], [90.3317186437185, 25.191723914508923], [90.29645837373319, 25.18816992103389], [90.27541660662386, 25.19801052994639], [90.21447218843028, 25.20320446509593], [90.16921937812633, 25.221726605165998], [90.11238195949541, 25.224237795802992], [90.0598581969599, 25.256033199078598], [89.98094902716939, 25.28532713660139], [89.9722448066138, 25.30104205445587], [89.92926878358396, 25.299589158774683], [89.90811096312311, 25.30784332593468], [89.87462261554414, 25.287259799750238], [89.83488657858886, 25.296042139937487], [89.84010915547866, 25.318510089938137], [89.82032923478096, 25.347524050550113], [89.81575193931933, 25.388645708680123], [89.85441840167312, 25.467445792600273], [89.84810512629794, 25.47872280825929], [89.86019266272497, 25.517417526131126], [89.85136496244536, 25.538918524978513], [89.86605040241955, 25.546123669422172], [89.88230965483886, 25.617300616932976], [89.87091383824864, 25.662701059984396], [89.84658407280772, 25.69574532249682], [89.84935987512048, 25.715144203712658], [89.83497102112389, 25.71587210503445], [89.82776153611567, 25.72964023858897], [89.84068713243079, 25.765141730855763], [89.8274873271718, 25.808109216260366], [89.81675400822213, 25.81489332778077], [89.8351854355075, 25.840327419735846], [89.83325988771284, 25.871188567180706], [89.887246515366, 25.94514343143216], [89.84457808716759, 25.93995834074341], [89.82532364048689, 25.945862422739204], [89.82943086822162, 25.95498313863829], [89.84934803532505, 25.94922061732081], [89.84190305966001, 25.970416344504798], [89.87285156630024, 25.97730729052498], [89.85041505871112, 25.990051214830626], [89.83625883693207, 26.012683202319415], [89.83089842524004, 26.001944866438667], [89.83600648220245, 25.9823593222479], [89.82053984479931, 25.987348065677814], [89.81921605775223, 26.02574333624863], [89.80870621898399, 26.04377790728417], [89.79149719488274, 26.018220676216515], [89.80181985978008, 26.04049010019396], [89.773789264439, 26.03781796827774], [89.7888542408241, 26.048903519092093], [89.78537513669559, 26.05705605826965], [89.79862313207799, 26.059555944300087], [89.79665494754502, 26.076672119665815], [89.78998367646113, 26.075549701055245], [89.79455687201181, 26.088722191333392], [89.78176618199112, 26.08318458195375], [89.78437921226936, 26.105364452361368], [89.75667397055452, 26.108286975574295], [89.76661241612332, 26.129294220377997], [89.74720582627458, 26.157963322084353], [89.72219760641872, 26.15610301559371], [89.71447561726951, 26.16835854093716], [89.70129710208276, 26.151484790738518], [89.6811668051866, 26.163293946085396], [89.70223264624721, 26.173482315361618], [89.68703616638601, 26.181291936165994], [89.68624775189205, 26.197739331787986], [89.67273042721442, 26.200676015597733], [89.67511576690748, 26.208166970829378], [89.68550892799507, 26.206604405792767], [89.69166336236337, 26.213178705588874], [89.67969182359235, 26.213553405862733], [89.67884943741782, 26.22374780849278], [89.68933931472213, 26.221427641626722], [89.67860195335366, 26.23825702809272], [89.67183370464333, 26.21968363659936], [89.63418185347035, 26.22931611023949], [89.63206300529453, 26.209421362173398], [89.649870290307, 26.190166073086164], [89.64194603020022, 26.185202555948116], [89.6300700461243, 26.19588960667779], [89.62747009711325, 26.18384735885287], [89.65526336923435, 26.18133114005782], [89.64914110173974, 26.164246876798543], [89.63185059145906, 26.17175190010259], [89.63237364541472, 26.180663194422028], [89.6226992802849, 26.17106306923891], [89.623590976782, 26.179117181770728], [89.60858676693432, 26.180623455824776], [89.6153504854407, 26.174743546765633], [89.61087768830112, 26.16850530067781], [89.6194953166532, 26.167886199549134], [89.60985346514678, 26.15423559818373], [89.59106586124116, 26.157485692709816], [89.59786639540282, 26.153923030732724], [89.60425914293454, 26.11675373724165], [89.6118936029374, 26.12720932814519], [89.61972696252056, 26.119174354455996], [89.62540741610057, 26.128021104762244], [89.63007648524828, 26.117732912818855], [89.61553828633569, 26.10627967952435], [89.59759846837775, 26.11234178917438], [89.59988316801288, 26.102777621459932], [89.59358996998435, 26.10152858419075], [89.60828657062761, 26.088115075690084], [89.60996817192373, 26.095899689242277], [89.61692207455553, 26.094479373394186], [89.61368733104895, 26.102807059287596], [89.62948666131419, 26.106722996307234], [89.63937445268077, 26.090265619009244], [89.6337442760106, 26.08012051143399], [89.64990764405313, 26.06345348781612], [89.63087542170913, 26.063022415828883], [89.62054053792731, 26.053476504002766], [89.60482303250636, 26.06344625742012], [89.6129907854625, 26.052928375102656], [89.5920438759556, 26.044957439860905], [89.59771466276482, 26.037936630760328], [89.58678905673361, 26.038356053600918], [89.58533410577358, 26.026172408611508], [89.57853320150602, 26.0262589660224], [89.58778560818395, 25.98020564716495], [89.57743061112292, 25.977163843398436], [89.57834272093655, 25.9682136471099], [89.56990496405041, 25.967045205925146], [89.56697007998233, 25.979762103715114], [89.55859210148678, 25.96467433462375], [89.54042414917593, 25.969975616599672], [89.53612178759856, 25.989119682030577], [89.54912901741682, 26.000102292175047], [89.540865790614, 26.005768121052718], [89.49117357983779, 26.00579029037031], [89.48047556198382, 25.996156319728122], [89.43144436752628, 26.01072479504044], [89.43279125924248, 26.037672880678098], [89.42381346485197, 26.046874242354132], [89.40644229214698, 26.040889385965336], [89.40325610258151, 26.027417424135006], [89.39090683211498, 26.02291634768395], [89.39348855520727, 26.008003508196737], [89.35564253498222, 26.00833680493789], [89.3003777322405, 26.050822700812542], [89.27942339097126, 26.048933237606747], [89.28019977073536, 26.066620740049096], [89.26980682254855, 26.060375665601487], [89.25445588905231, 26.06451983157948], [89.265602764511, 26.092865784873656], [89.25186001479938, 26.091880059033723], [89.25200274541993, 26.101759098068484], [89.22966978663361, 26.116123675747815], [89.22956610577845, 26.12397045817661], [89.20334312829986, 26.129489766563733], [89.19223222767333, 26.123779951740975], [89.1551947468996, 26.138667563251182], [89.14858049997163, 26.158280671414616], [89.15727143174921, 26.163213825722014], [89.1347040692676, 26.18056786094501], [89.14956157434794, 26.209166664586668], [89.14175100502351, 26.216067880811917], [89.1408934220493, 26.23600993041961], [89.11980228892189, 26.252706537688898], [89.12519015582394, 26.263659797792574], [89.10002222090047, 26.279770944096438], [89.10698909789993, 26.291932091222556], [89.1000674429902, 26.305050583997495], [89.10469035310531, 26.316025644491113], [89.12080332296547, 26.287028477773813], [89.13247488551701, 26.30023163439102], [89.11688613652407, 26.31446137281126], [89.13058980952086, 26.309697211453557], [89.13639448932486, 26.32028435338308], [89.11268970787827, 26.318540596160595], [89.09669361422647, 26.32950585729965], [89.09198869601074, 26.320521688302964], [89.0834528960962, 26.322433289262], [89.10129831099924, 26.336799829421302], [89.0933632226, 26.353086983897953], [89.09832858577282, 26.35926778227706], [89.07982781034416, 26.362994143682226], [89.08853678388589, 26.365883857613127], [89.09357874640295, 26.3938014924877], [89.08134080325132, 26.39024626069361], [89.08451010628609, 26.398411826372328], [89.0737745244802, 26.391188180204786], [89.06286963719272, 26.400963470433926], [89.03401967320966, 26.395275354358656], [89.03004475923147, 26.407057228363918], [89.01928069544118, 26.404140071132336], [89.02198727627311, 26.413692621382122], [89.00742082983639, 26.412934040315868], [89.00593740138355, 26.421507139084984], [88.99392366245543, 26.42326802479182], [88.99852306365962, 26.41410099432703], [88.99404482093276, 26.413082452359244], [88.9805686894008, 26.42567640693066], [88.98332218295182, 26.44689323014826], [88.95597810710032, 26.46048345926708], [88.96496848419304, 26.451610007229796], [88.94614956232166, 26.448237266419465], [88.95131450420112, 26.434049648766084], [88.94492390993118, 26.426029630214373], [88.92615237868257, 26.4324154632003], [88.93294045051633, 26.427797844462052], [88.92285872635463, 26.423729303342753], [88.93139320305075, 26.414491853611903], [88.9264027337624, 26.40692091674444], [88.90485537684486, 26.408657192857035], [88.91831183347547, 26.400360798412564], [88.90905448606347, 26.380255539998902], [88.92131735027775, 26.377357800314762], [88.91028427160259, 26.37046297555134], [88.92156178635811, 26.364335947652048], [88.9176974127706, 26.360520144038386], [88.92716841189652, 26.364997088706843], [88.94685459519094, 26.355986566859556], [88.95339199483958, 26.3662055778937], [88.95831106063928, 26.35807621975091], [88.94621418173331, 26.344305209538163], [88.95889344292954, 26.343956212956517], [88.95211660003686, 26.343298815736276], [88.95254797283292, 26.332896825328028], [88.96025354077872, 26.33042270530513], [88.96122573171517, 26.352494652984355], [88.98509444941291, 26.350164814600525], [88.98537621318832, 26.33314480757075], [89.00080571064431, 26.330634122135617], [88.99148853723105, 26.3225628936301], [88.99686963263247, 26.313939741574664], [88.98503596010477, 26.318459823437674], [88.98267268752667, 26.310075287695007], [88.98493497958535, 26.300728674804887], [88.99762931810533, 26.29985927366758], [88.99572442347737, 26.29044835350855], [89.00735069297228, 26.304713374572845], [89.0184826411259, 26.28992314696592], [89.01422408499506, 26.30042263819829], [89.02107215171337, 26.309220598769887], [89.02662133627753, 26.3056509979678], [89.0197178147601, 26.289966986351683], [89.02755736104066, 26.28289154106085], [89.04085118218063, 26.286154437770453], [89.03972428338595, 26.276800088199998], [89.04813145982315, 26.27985681902883], [89.04591427486984, 26.295428129369167], [89.059373804637, 26.29354154152737], [89.06232328453187, 26.278655539622644], [89.05403772830603, 26.277306850554965], [89.06274302145006, 26.270722985096814], [89.06291119235945, 26.255979710449033], [89.05133204848433, 26.25543973930088], [89.05101673981963, 26.241494050968388], [88.9824646736395, 26.244709036122924], [88.95353966080431, 26.26497536892733], [88.95422320507365, 26.257281726958706], [88.9787413445347, 26.244522401841483], [88.95680269764908, 26.240396074398554], [88.92638986629427, 26.284152424911518], [88.89818574159312, 26.288781104671095], [88.87577472909007, 26.286803724982946], [88.86132157278715, 26.272727030799754], [88.8614173556543, 26.25207718996012], [88.87811216073072, 26.242206737760895], [88.8783054090096, 26.23343084244308], [88.84270264194916, 26.230807632484932], [88.82772647930128, 26.24005637910376], [88.82968830466035, 26.249963442538537], [88.81288847754408, 26.255664037222083], [88.80988124945118, 26.276970750963077], [88.81914541148294, 26.29464897794787], [88.79344016095035, 26.31031879407396], [88.76438288107104, 26.299184503110542], [88.75681344202678, 26.310902851052322], [88.746317930489, 26.30853760213678], [88.74263751480366, 26.287783104045033], [88.7174071325949, 26.288304805474855], [88.71875224744346, 26.279170842350563], [88.68445077900526, 26.2752773012817], [88.68896651112384, 26.26584275660035], [88.67804474988208, 26.255152181402643], [88.66457315035075, 26.25797419255037], [88.66848034662786, 26.293839970246687], [88.68304902537803, 26.286381489688434], [88.68341428396585, 26.277979790276753], [88.70602973416291, 26.28518906186206], [88.68279813220738, 26.29092938281963], [88.67276797942782, 26.314529463589697], [88.69163260129265, 26.324815095105873], [88.69461091441318, 26.30792839827308], [88.74451667988525, 26.320374270135254], [88.74693518717524, 26.330232798410268], [88.73227615407716, 26.326901744998004], [88.74368937013614, 26.346633283032673], [88.73279168284566, 26.35279505653427], [88.7245195438569, 26.33945781865641], [88.71190764013731, 26.34121698009906], [88.69959435438444, 26.329969904759764], [88.69255880657141, 26.343096796587915], [88.69717017153852, 26.352769143247194], [88.68745936894413, 26.361137532311734], [88.69322828771497, 26.371948003629733], [88.68097799272817, 26.376946274573847], [88.7012116174416, 26.386237827367058], [88.68708479482684, 26.38417662828929], [88.68861196045427, 26.39339380007649], [88.66933097484514, 26.394589162598482], [88.6861092711407, 26.40009365723595], [88.68525322787889, 26.410069767458623], [88.667841388441, 26.404222512304855], [88.64482423680171, 26.41539359523955], [88.6491275416101, 26.426415171092003], [88.6219676518329, 26.432062047924187], [88.62751363480137, 26.439035032898992], [88.62068014953678, 26.469158634494246], [88.596796601552, 26.469681250453764], [88.59041372470865, 26.447196168585837], [88.55810512830408, 26.45725115207086], [88.55628868988384, 26.48324011433564], [88.53010142762432, 26.478322877416986], [88.51860785187326, 26.4964772812067], [88.52040036995415, 26.50827816560333], [88.50321557341609, 26.51403622664295], [88.48872789216185, 26.508954583675006], [88.48303721126234, 26.53917208396897], [88.45762635751296, 26.543845781733346], [88.45447460396561, 26.533081010088793], [88.44504412604552, 26.53311128954467], [88.42117449116789, 26.563098414553078], [88.41470721760358, 26.629125981998737], [88.39832176086996, 26.625621018472444], [88.38699373204939, 26.611434619448744], [88.39876007135497, 26.603826088603245], [88.376470031378, 26.595274485250574], [88.35115676790616, 26.515654903396808], [88.33210287011266, 26.49546447877365], [88.33151228530554, 26.48283360260547], [88.34873255451753, 26.466166458216076], [88.35346417964662, 26.44820699516435], [88.36091067436281, 26.455819422731597], [88.36064155886662, 26.484844262549483], [88.37281481792793, 26.489195391191625], [88.38754951252915, 26.479575594517723], [88.40287187510775, 26.486943070370796], [88.418537935809, 26.46650038359765], [88.4266692486056, 26.47409598726607], [88.43614078761901, 26.466297896472536], [88.48449991019169, 26.461073936493946], [88.47867751920354, 26.452692556341955], [88.49568826985023, 26.437506860030314], [88.48881466492671, 26.43107158342867], [88.50186217789725, 26.417726111034145], [88.49534189474804, 26.410368897350022], [88.50857960711535, 26.406829356736438], [88.5038655350669, 26.40000982592935], [88.51100602766468, 26.388421708344108], [88.51789095136077, 26.390704733327613], [88.51190973733208, 26.377278949442122], [88.51570012836777, 26.371272197253845], [88.52388066255374, 26.375188913715466], [88.51452994425112, 26.365273150990497], [88.5220785360926, 26.36071059041672], [88.50380203405777, 26.34890821513736], [88.50709172301869, 26.36272528858694], [88.4885126755827, 26.360437338437684], [88.49116494427255, 26.35247048720384], [88.4837626619397, 26.349523395350847], [88.46236739069808, 26.357709599003392], [88.45635766953217, 26.377162889828274], [88.434858189226, 26.33569281195377], [88.4115490572716, 26.3376962265474], [88.4028291422497, 26.330020552379672], [88.41480691802369, 26.325386002541382], [88.41486953329394, 26.316546399122004], [88.38405367727847, 26.31397933234098], [88.34847751292688, 26.282171634169234], [88.3471145647233, 26.25361614602497], [88.35922566036693, 26.242247053992156], [88.35079983131118, 26.221500333723387], [88.33033983204446, 26.21679350509263], [88.31975726836578, 26.203402821197134], [88.29042774325983, 26.20263752016714], [88.27500320091094, 26.187971594503853], [88.24195051378688, 26.189882717153736], [88.22690652474179, 26.169470008976088], [88.21426468286869, 26.170965618027612], [88.21542586856114, 26.16318739439946], [88.20495715017502, 26.159274121903554], [88.19648647811859, 26.164239193061952], [88.19500881235831, 26.152259813634007], [88.17714620819231, 26.147889994288683], [88.17834071150033, 26.124109251839897], [88.15838550254121, 26.098367928336824], [88.1650262165324, 26.087285023862933], [88.15777095247896, 26.07965728480774], [88.16838280662581, 26.083464683201708], [88.18203078946487, 26.073478569031277], [88.18521043300686, 26.064151883866664], [88.17457550203869, 26.05806612273414], [88.17829716656524, 26.046379610650636], [88.16834152993681, 26.044565847441103], [88.17130863118427, 26.031928318399654], [88.18220170293084, 26.026689028569315], [88.1395407397324, 26.01392625791058], [88.14394035022745, 26.002923637510715], [88.12926885749638, 25.997225601537167], [88.12705827156711, 25.976597215402993], [88.11928158040702, 25.971524348074517], [88.12379064612787, 25.965902715361345], [88.11389589281781, 25.958696112944992], [88.1211642543081, 25.948078654041197], [88.11121630366524, 25.94321079515452], [88.11062752537013, 25.932376251524342], [88.09311417989842, 25.930232857252896], [88.08688447299754, 25.916641044275373], [88.09453300690595, 25.908880058676747], [88.08949325963435, 25.89684365736628], [88.10245930259515, 25.88997136324407], [88.09359286426556, 25.87390865142822], [88.10205656449708, 25.86179597190822], [88.11017151088754, 25.8676584929482], [88.11274391306041, 25.853515824698697], [88.10107082966108, 25.844783613210154], [88.10812075411194, 25.838577765998814], [88.10148278267734, 25.8294078785125], [88.11124050248237, 25.82216208880477], [88.10818934228053, 25.816302902910294], [88.12024938666657, 25.81253076800186], [88.11511260966618, 25.798789850786946], [88.1443806271246, 25.794204090629606], [88.14270330630083, 25.78190006783293], [88.15125188385198, 25.775972654145434], [88.18445201505688, 25.802427152761382], [88.20988914183336, 25.787703032783657], [88.21619361641368, 25.800845153941296], [88.23041391771687, 25.796770284066103], [88.23998324463714, 25.81052208116244], [88.26141895264296, 25.81367973502007], [88.27505241511376, 25.792889061549836], [88.26741873754354, 25.78210091998396], [88.31638907742878, 25.75273019497404], [88.3211068065188, 25.73722240599542], [88.3369506806457, 25.737659005551627], [88.37424810331994, 25.716171115736188], [88.37220788827422, 25.696263956132253], [88.3915960572698, 25.69280713706254], [88.39150530496822, 25.683390944765193], [88.40429792367185, 25.684469146570713], [88.4022803488662, 25.67183848881615], [88.45460746928771, 25.664020345023122], [88.45648140168277, 25.628163195356763], [88.44604766998205, 25.61502733354084], [88.44535298839976, 25.5964704302393], [88.45763525802082, 25.59794499837779], [88.4683356285625, 25.582933488233763], [88.49937276658191, 25.583951665975096], [88.49397756942712, 25.558031777457], [88.52334145868592, 25.534533873376372], [88.53286513232516, 25.541708710745233], [88.53275009496818, 25.531702415556914], [88.54024638150392, 25.532036643267794], [88.53976207637805, 25.508543481489408], [88.55400892289794, 25.52094276893998], [88.5560182251181, 25.513778687295225], [88.58786327286971, 25.506486389044674], [88.6085996280538, 25.516354698192476], [88.60680991990316, 25.50940061712783], [88.62239017263016, 25.49728174952224], [88.64814486913092, 25.496691080258], [88.64227472999046, 25.492592587753784], [88.64635406773054, 25.477746106184814], [88.66018455230274, 25.481722704957573], [88.66286137464424, 25.474012284559933], [88.69856392297318, 25.47077746136892], [88.70995689459893, 25.480700134749505], [88.70780897783882, 25.49985228867193], [88.74251596196594, 25.50468111333708], [88.74507833265203, 25.487427416338765], [88.76501910209126, 25.494507947689844], [88.77104587777283, 25.503116002582328], [88.76010069116342, 25.510189315568937], [88.75977389214789, 25.525048568081278], [88.77964530625728, 25.514989900382396], [88.81125205521856, 25.523372493839997], [88.81231041974358, 25.489388214246834], [88.82969946712608, 25.489841944100686], [88.8390999961129, 25.45832727829171], [88.82598718460434, 25.442748074767128], [88.8343296589849, 25.43113778534279], [88.83024522150896, 25.41685588712857], [88.81227253239817, 25.410225265600918], [88.8404691238273, 25.397322339499905], [88.8400565851095, 25.363474187263638], [88.86850682843556, 25.351850909483872], [88.8664077979932, 25.341706926482836], [88.88352339730491, 25.324849847537955], [88.88805200138322, 25.335988638262684], [88.90605999428466, 25.336655362201473], [88.91560542781501, 25.311062564690975], [88.92838899329723, 25.314618847131726], [88.92846357951693, 25.30362590020089], [88.93925831628258, 25.299562827117267], [88.98469667540509, 25.30495111265802], [88.98508356542492, 25.29782248452213], [89.00004640336222, 25.29477654039097], [89.00819358400001, 25.30213282497872], [89.00808846943366, 25.264559874620687], [88.98710261077268, 25.27364274395402], [88.98196402546363, 25.263805065078692], [88.95609840319496, 25.253844887399644], [88.95211188567824, 25.228975321443254], [88.9615631263595, 25.20770837260925], [88.93872786739551, 25.21083290885947], [88.93478270202627, 25.19912161753596], [88.94782457357684, 25.19361767548577], [88.9488132755482, 25.17586113330153], [88.93492957298199, 25.180168831522284], [88.92062081547105, 25.16537096404756], [88.91246868242109, 25.167422870403897], [88.9100418270872, 25.17944209145346], [88.89041131957741, 25.184210444693914], [88.88991779414347, 25.177833459752236], [88.87627365250056, 25.178386709970226], [88.8741568111611, 25.19587951368146], [88.86499352634249, 25.189441811009054], [88.8651949034764, 25.199667590612023], [88.85090116220374, 25.20090128506871], [88.84324766690003, 25.213370056225184], [88.80624319831466, 25.169658843977697], [88.774534454636, 25.17847061191108], [88.77026315859781, 25.189129704576665], [88.7498260519978, 25.176320034219437], [88.74291333712173, 25.186025628433526], [88.73482793362606, 25.184130830011345], [88.73342958910533, 25.19854585668474], [88.71200125806465, 25.207547081030803], [88.68005097357577, 25.20852719429843], [88.67151517186461, 25.19856667568948], [88.61313194576749, 25.20389457790027], [88.57843241316567, 25.176986762140686], [88.56008254122999, 25.175126424674737], [88.55783881914485, 25.1921953332589], [88.53413262464832, 25.187317596779675], [88.53693539438592, 25.197509430221388], [88.4989167772521, 25.203665118631125], [88.49728213718413, 25.21110427686642], [88.47469445391246, 25.213408423609806], [88.47135386461088, 25.198311912699157], [88.46341973471408, 25.19565254288223], [88.44187683254204, 25.1987017109859], [88.44147573566602, 25.174098531323168], [88.45688749858171, 25.16457926201781], [88.46081456469459, 25.149946851452505], [88.45777993259566, 25.13621161509315], [88.44204378803086, 25.12723249015445], [88.45306476729746, 25.079194505777934], [88.43528645025792, 25.055613396087274], [88.43824138112994, 25.043371559219477], [88.4526261352156, 25.03670160275359], [88.43859375158834, 25.022815354801594], [88.4366436384639, 25.00702338412469], [88.42498956251771, 25.016245135026768], [88.41220848357219, 24.997981783782617], [88.41607279787094, 24.973605214236635], [88.40468973286613, 24.97944950669373], [88.40575959133524, 24.972926709493358], [88.39458204739272, 24.969859943262637], [88.39786052717555, 24.945612361807424], [88.38044577000962, 24.939693104323155], [88.36323033912377, 24.953638891664838], [88.35410359327935, 24.94241215711867], [88.34006760291625, 24.940662859711217], [88.335980608835, 24.91877894519451], [88.32423854649996, 24.91392115885046], [88.33330474140264, 24.898363267313552], [88.34582564488564, 24.894223679780126], [88.32785317765872, 24.871300671120782], [88.3192580341382, 24.88459215558072], [88.30228946119072, 24.87224975226682], [88.30153309858615, 24.8864229756781], [88.27755059398629, 24.88912704707624], [88.27626569860112, 24.898127213065944], [88.26608832811617, 24.878408068777315], [88.25807590375415, 24.878311523586795], [88.26324277341824, 24.911071492665823], [88.22588711925229, 24.959824148366835], [88.17000107759269, 24.950204964129103], [88.15692739220634, 24.93404018591073], [88.13749045187735, 24.936029718729877], [88.13999382391054, 24.9140391472984], [88.16886445812831, 24.892406657669934], [88.15180199955557, 24.88496378232513], [88.1743937854331, 24.861046945922542], [88.16205443416399, 24.858048648487742], [88.16105022996574, 24.849087833388868], [88.14053778705275, 24.850010394057705], [88.14633840467502, 24.843475096830048], [88.13991090581655, 24.83422418303281], [88.13141860592134, 24.83615219267343], [88.13541437608549, 24.80543691735501], [88.12208655011874, 24.82313000674651], [88.10423277549368, 24.80095133256838], [88.10469929757018, 24.77984660011717], [88.08798295538483, 24.7830529243968], [88.06812692402636, 24.770616349236104], [88.07334494016946, 24.7611586341045], [88.06460695194232, 24.75122353397011], [88.07060618078575, 24.74376287978668], [88.06165963159744, 24.721869055911633], [88.02441569371685, 24.688135386490416], [88.04868117661434, 24.670754735947693], [88.05074069915048, 24.652554209705297], [88.0895506323366, 24.61401559049614], [88.10883295463888, 24.577611470969213], [88.1059271858674, 24.556217000363233], [88.12393321954323, 24.516967246242263], [88.1831282091452, 24.489371297521487], [88.1897151113559, 24.476233421924846], [88.33491564169262, 24.443090506153737], [88.38251774589052, 24.395592548328423], [88.47928815530612, 24.353442205695334], [88.4960623274362, 24.328767629538202], [88.52530666081216, 24.315372145200726], [88.55919595884178, 24.30812753312683], [88.56718016442579, 24.326265131880227], [88.58645895185742, 24.3244597117087], [88.58764870038266, 24.314739617381793], [88.59793679451458, 24.311124394450808], [88.6232160316001, 24.315393941176893], [88.62868873360094, 24.305566520625952], [88.64851155783663, 24.310798007462868], [88.65179007265375, 24.299501912114916], [88.68345419611391, 24.32437009958799], [88.72605206793497, 24.29630018599786], [88.73542514350842, 24.27605273264356], [88.74128909505316, 24.254030118288988], [88.73160827732465, 24.174338562555075], [88.7468053392942, 24.14781638622698], [88.69443247126851, 24.112015665811114], [88.70098990694127, 24.094701064696924], [88.7193277692999, 24.104637465368498], [88.72858966937376, 24.099068604678894], [88.72340369883179, 24.068637985704946], [88.7376849265725, 24.061412573558588], [88.72683297610641, 24.052694589691498], [88.7427599030746, 24.03515273196317], [88.72866377229985, 23.995999922634134], [88.76057479681752, 24.005890259055278], [88.7689130158786, 23.982615968628647], [88.7383212005933, 23.98266233924875], [88.73226261916078, 23.960902958918844], [88.74195201041036, 23.951645526561606], [88.74323378864149, 23.929850080821257], [88.7346861839658, 23.933101150982214], [88.73301230279125, 23.911063892203316], [88.70623864546707, 23.916140987576163], [88.69923839964807, 23.91076368986328], [88.7039989945468, 23.899339156131887], [88.68815012668523, 23.901360562919947], [88.68185625222526, 23.888169844838515], [88.6639819421128, 23.88232818364156], [88.66731259694565, 23.86974498927377], [88.6256645228576, 23.864837895861058], [88.61642504742818, 23.87605069645543], [88.60749050512194, 23.862088125565975], [88.58745430136192, 23.87131832656111], [88.57531931053168, 23.86092393413881], [88.57798484284672, 23.85021621733929], [88.59110324457127, 23.852847404433724], [88.5866112585189, 23.831028022718474], [88.60225552159977, 23.81668927105909], [88.59374564167446, 23.808509625356873], [88.58763895276353, 23.813340741781488], [88.59602375935353, 23.80476526384956], [88.57842825216925, 23.78571581351557], [88.55643201159586, 23.78349328615741], [88.5793170884305, 23.77454483090065], [88.58052206609473, 23.76020563495205], [88.56999674755752, 23.747087178112405], [88.5769987891088, 23.734627767073228], [88.56476434399684, 23.712444254126087], [88.57397475353693, 23.667826115288243], [88.55805474000319, 23.64871827599771], [88.56238119170152, 23.636367627063482], [88.5936465098879, 23.639967157868664], [88.59335399687184, 23.616523348954516], [88.58485994616014, 23.615557279585342], [88.57991164199457, 23.602283276785762], [88.5963574331759, 23.601270722345305], [88.60532171870118, 23.61008816590717], [88.60565489216198, 23.599723015595536], [88.64625585042896, 23.608085093053237], [88.63853071717627, 23.59123809903838], [88.65111811036334, 23.585003876937353], [88.65439060377311, 23.556421782515894], [88.67889433964687, 23.54527891950434], [88.68274695698227, 23.52898386844931], [88.6953960994637, 23.52587881029125], [88.6971571280006, 23.51617896676695], [88.72386388329399, 23.512444887757066], [88.7406109388789, 23.48013651241987], [88.75861038970032, 23.477106719469873], [88.760773158307, 23.489142526586456], [88.7746486655429, 23.479326545682113], [88.76871171869477, 23.491085252831734], [88.78650777027464, 23.506677781059604], [88.7844175558985, 23.496566277643783], [88.79306287212428, 23.502060710818682], [88.7997983817341, 23.4964964612818], [88.79433107321822, 23.485274290139643], [88.80114571721806, 23.485314935647164], [88.78709964506254, 23.468516400934185], [88.79487006688025, 23.442899430618432], [88.78471579836946, 23.44401055948796], [88.7805408484421, 23.436173474315407], [88.76411161770302, 23.447783894889266], [88.75403240702748, 23.415467254487993], [88.76093355070435, 23.408252824364688], [88.74910419278494, 23.39982138334938], [88.76254560353284, 23.38651582153569], [88.75856438068641, 23.374612359095565], [88.76549318618582, 23.367843474118956], [88.7475150308265, 23.361689242885955], [88.7446220055557, 23.34840377917775], [88.7317625674663, 23.35108315172572], [88.73887502993229, 23.34355305691015], [88.73256133594221, 23.327663525903237], [88.74933683488398, 23.321382439594238], [88.74505161675548, 23.30773416326666], [88.73204091854193, 23.3073594670842], [88.72962896446192, 23.31940830714487], [88.72538288413377, 23.299170094555667], [88.70635291206953, 23.30405061520685], [88.71059578271718, 23.312660251540564], [88.69581635021821, 23.302202942657445], [88.69741429680178, 23.291529798851247], [88.70849103539639, 23.289974409546083], [88.71083343831383, 23.278059153266856], [88.72346549843178, 23.27224357432158], [88.71855641560981, 23.254811112893695], [88.7518474051175, 23.239634726595703], [88.76717374723282, 23.245354271720323], [88.77747219714335, 23.23566415835269], [88.77388194895634, 23.224329352971036], [88.78951604939643, 23.218145703390622], [88.81106875757808, 23.221033206236115], [88.81076929968657, 23.255874657679268], [88.82791998359998, 23.245009361851757], [88.82321671379277, 23.232937284856675], [88.83666374170619, 23.24269386261375], [88.84520167601782, 23.23009325619217], [88.8549072189762, 23.235761507277797], [88.88554573857142, 23.22616183217996], [88.90623168299672, 23.23571593570035], [88.91444766380549, 23.228130676156884], [88.91405447749385, 23.213003679829146], [88.92662738804192, 23.21722165118727], [88.94210367065622, 23.20565198896652], [88.96984408860096, 23.221938336335704], [88.97780080933053, 23.21376954969977], [88.97494429249117, 23.22351080315109], [88.97931488201267, 23.21480592477637], [88.98233568454782, 23.221395609371783], [88.99440384611079, 23.21415507656661], [88.97908611255086, 23.21257729917449], [88.98667722165472, 23.20231199382353], [88.97963408307754, 23.18191657334446], [88.96432700713011, 23.192742272091614], [88.93860002635081, 23.176318688660142], [88.93345307233656, 23.16124478146173], [88.92708898106243, 23.16185814067455], [88.92982550364108, 23.14190662676924], [88.9209015605569, 23.142859137069838], [88.89913562825939, 23.11199355782558], [88.86756649714897, 23.09999309302588], [88.87379485118703, 23.08916730180075], [88.86054266516383, 23.07739690652355], [88.87324356318203, 23.066013965578616], [88.87431238858855, 23.04498045224657], [88.88336386549362, 23.04065990710871], [88.87092712966115, 23.016950606846226], [88.87941612734939, 23.006015595375676], [88.84612966984231, 23.009404901828407], [88.86648635656312, 23.000182935040154], [88.87166541726391, 22.978190211527192], [88.85764421317039, 22.967909214714957], [88.85999373793139, 22.943637087131833], [88.86884116251966, 22.95214852120091], [88.89430061422757, 22.95310982178667], [88.88795291900398, 22.933151624447973], [88.90971261160357, 22.917784092504373], [88.89737454762022, 22.913073133458518], [88.89684158973856, 22.897023368073302], [88.90777022129562, 22.893301272618597], [88.90948703385592, 22.879010895109896], [88.92772815664162, 22.872034858824854], [88.94593673526117, 22.880207832827484], [88.96950296504991, 22.843997793805286], [88.95618479597249, 22.811546943119257], [88.95915458497926, 22.7967575406821], [88.93886710806122, 22.792939522280893], [88.9122654529611, 22.757849841705962], [88.92205263930408, 22.753030721178515], [88.91650216655583, 22.734545673916962], [88.92812633938287, 22.717790636969532], [88.96263879872508, 22.69330857051234], [88.94173571802091, 22.659369501147037], [88.92611995668737, 22.64977713552529], [88.93611326506556, 22.626599517190638], [88.95937749832378, 22.614067715940678], [88.93888955965511, 22.58730574575916], [88.94402585246353, 22.560461022850326], [88.96217324233751, 22.547358528886875], [88.9743460190035, 22.497484749465155], [88.99674967520271, 22.468861942705406], [88.99000375411872, 22.443653254749602], [89.00059445114401, 22.429402746324158], [88.97272547709562, 22.41124658344204], [88.9917844647435, 22.391106950631144], [88.9840897403615, 22.377648060722088], [88.99062727296081, 22.366185063420108], [88.98465054511865, 22.326448677788477], [88.9996880141914, 22.324733561424832], [89.02508057285169, 22.298488231007784], [88.99955685027844, 22.296725499518544], [88.99506724206665, 22.28736199901446], [89.0211206409758, 22.26835636015469], [89.01283609715125, 22.255641948476256], [89.03320787107727, 22.259309784880546], [89.04149627226765, 22.23057168564017], [89.06509070107147, 22.207109976728887], [89.07123634811967, 22.15645085541969], [89.07925616920973, 22.15196458189164], [89.0956206368067, 22.16035895742422], [89.09310075014534, 22.146338174473648], [89.04244427426842, 22.10121294291949], [89.05490583863701, 22.046962824958737], [89.0792046517265, 22.01504234537085], [89.0662043901399, 21.94156155675308], [89.03084537823686, 21.928384658217464], [89.00029764687582, 21.948448765764102], [89.00601023948172, 21.96256982976284], [88.99515225952345, 21.962197958953844], [88.98719837477522, 21.94974703538764], [89.01220755043856, 21.927657625864697], [89.0076499038271, 21.902774702275213], [88.97198445232614, 21.92257288971473], [88.97324627987315, 21.944291483479606], [88.95791175230895, 21.929314089931157], [88.93263847734201, 21.942642072184302], [88.93041992784774, 21.96499078151836], [88.94611260922414, 21.99512424156875], [88.93561567206, 22.024259446830452], [88.93724901226577, 22.054597685733683], [88.97531292155792, 22.070973006739244], [88.98733535977121, 22.11012208246023], [88.97261536250637, 22.084774729715292], [88.92993243100769, 22.06338485099201], [88.93251999045435, 22.003453601621047], [88.9209369128566, 21.983949700551477], [88.91232928724521, 22.028027563028164], [88.9251218763044, 22.055227981662615], [88.90399302651146, 22.06872928196873], [88.9278645478512, 22.104925434920084], [88.89235932345754, 22.068237611271186], [88.88970882983872, 22.05353907408817], [88.90619727931795, 22.053126970432075], [88.89856374457985, 22.015118871892387], [88.90656531549662, 22.00790562859978], [88.90120649292432, 21.930987460040818], [88.88036665451443, 21.92591222539665], [88.86975544356133, 21.931694587750744], [88.85299515040239, 21.92243958413287], [88.78891569091901, 21.955248951944377], [88.76345453959858, 21.95516648098296], [88.75604120349615, 21.962566583082136], [88.75849829073262, 21.983624083890437], [88.77838647818503, 21.981681787984456], [88.78788347096199, 21.969486984885826], [88.81680463990607, 21.968220446380712], [88.78857018897926, 21.977418188032548], [88.78162454366155, 21.989470819115], [88.76493098814166, 21.989768267363768], [88.76549081553176, 21.998138406594766], [88.74648095584844, 21.989534163609573], [88.76227664075026, 22.01554293961997], [88.75585158261441, 22.047393758066377], [88.7731031338595, 22.054509655105914], [88.75058616596704, 22.058798525979594], [88.76506404210998, 22.082277512119834], [88.77947970991947, 22.089335673936183], [88.78400637004351, 22.10764721451721], [88.75016946984609, 22.082022233853394], [88.74110742605832, 22.053259393142323], [88.70335749592432, 22.07345354499769], [88.73478848590699, 22.103877275291243], [88.74849111056983, 22.131088554177467], [88.77345856757303, 22.140680502465454], [88.76107991501023, 22.148100746258077], [88.73899195015807, 22.145078311982008], [88.72170617220233, 22.11374934147892], [88.69294532199376, 22.093977520120507], [88.68706931685449, 22.077446993379542], [88.69882118609749, 22.055094779003518], [88.73796644241288, 22.03309774931007], [88.73826314786636, 22.013658358232707], [88.690009755206, 21.974179153868562], [88.69522712995202, 21.957342305285966], [88.68229689922832, 21.945318501850227], [88.63330135710777, 21.954824138290846], [88.63312480132353, 21.99395835761599], [88.65710777035234, 22.024390798974377], [88.66135950377858, 22.056558132231704], [88.64216296519608, 22.08763912811927], [88.63742013538041, 22.112526568485702], [88.65610772535389, 22.168558739335715], [88.68116187876517, 22.193157362595645], [88.68388163159406, 22.207389221855557], [88.70290244263904, 22.208725147937663], [88.64039201027526, 22.215768735654958], [88.65894616180151, 22.23692378113642], [88.66088258819426, 22.245612216275408], [88.65042880968964, 22.248744910758738], [88.63188241421757, 22.212686232660783], [88.67325980614758, 22.204055143805583], [88.65762464479714, 22.176424012150637], [88.64066216332562, 22.164645904331046], [88.64118489927768, 22.14058844751948], [88.60764765370281, 22.101058927629328], [88.62271178836649, 22.095247950718832], [88.63746580393281, 22.04717837785342], [88.62170828934576, 22.02286941888251], [88.60191804161555, 22.030444499900415], [88.61714903924153, 22.01378973186507], [88.59874415268123, 21.98226010217556], [88.61397333660867, 21.93978618544709], [88.60148704341694, 21.93837017626087], [88.60668639436506, 21.9180363746631], [88.59357082952016, 21.895583106843816], [88.57956410986228, 21.891909933403657], [88.57158805020127, 21.91108255070896], [88.56704916759949, 21.90028741132858], [88.54338702648451, 21.904153496251357], [88.5478480808467, 21.884702136123522], [88.53203511954534, 21.85318436981034], [88.4963104897284, 21.879033813563847], [88.52563606494202, 21.91831064023064], [88.5019062968558, 21.89688569862284], [88.52559764220068, 21.925220651618062], [88.52185656418254, 21.943620035815027], [88.50172950211967, 21.96739548999133], [88.50991604064501, 21.980689353567616], [88.54136613779377, 21.98194679768307], [88.5504569833662, 21.99088709370624], [88.55406242835288, 22.0514289141264], [88.54106917632042, 21.988280925758428], [88.5145930733577, 21.989729821094887], [88.49821077150737, 21.97633762127912], [88.49474154255881, 21.961126430015707], [88.50735614391922, 21.938809478678984], [88.50523259575782, 21.925448127113324], [88.47070990999443, 21.901022276463515], [88.45666282004765, 21.903890715267615], [88.46046956491308, 21.929296916080446], [88.45426207963736, 21.944655372151736], [88.46575583415314, 21.961652130886772], [88.44597648208902, 21.987533439490747], [88.44727932311862, 21.970809038207012], [88.46020652382485, 21.958683158256935], [88.45107396588054, 21.945501171975852], [88.44316688425695, 21.95021568613879], [88.44493439503695, 21.91740237389516], [88.41181639769677, 21.905895287844462], [88.4011253777189, 21.891146371650066], [88.39109248777264, 21.896777511782954], [88.40152152128445, 21.922373856323105], [88.38297429397244, 21.96641928365849], [88.40193012717798, 21.977558121349645], [88.40714541603585, 21.99272467977228], [88.39479391235753, 22.00750285422404], [88.38815963120213, 22.004171672502434], [88.40259725743043, 21.98819991668607], [88.37473055252643, 21.966306942509068], [88.3950815870475, 21.924572625133184], [88.37963216046691, 21.900275443276634], [88.39229407250006, 21.886775715297738], [88.38647104460638, 21.8496425074255], [88.37900094845271, 21.84417253184506], [88.38643136691859, 21.80881929455054], [88.38174913745198, 21.795086995204823], [88.36328894790785, 21.803799868301123], [88.35586009340892, 21.82706357390733], [88.372570143794, 21.90612057972316], [88.353081643761, 21.939024920161014], [88.35747030379277, 21.954199753780298], [88.35105000493127, 21.97135007924978], [88.34395073332692, 21.965079010221885], [88.35259708620853, 21.957795674334008], [88.34742321687175, 21.935356325127476], [88.36580834229242, 21.905337209445133], [88.36357606025246, 21.88208382153682], [88.35367878357475, 21.866856297794303], [88.31181407087449, 21.859575473673864], [88.304664438817, 21.861551313997477], [88.30492928192571, 21.876945091610565], [88.2921677170831, 21.8642014040533], [88.26065524541261, 21.86487686762105], [88.27488407801604, 21.899314980286984], [88.27018699939781, 21.922737536878184], [88.27657956726644, 21.945754674890434], [88.27258761763721, 21.959980767871272], [88.26149274475199, 21.96220122563801], [88.27059923448503, 21.952056650528817], [88.26640018635189, 21.92408338119128], [88.26996581531021, 21.899279890206568], [88.2539026642191, 21.85986857046949], [88.30361763830462, 21.852280355266632], [88.29986036096692, 21.837106415650823], [88.26257132945574, 21.818307686115123], [88.25593730791344, 21.80102308665764], [88.28139826519775, 21.757363464258912], [88.27459021034052, 21.72807390430552], [88.26810495609752, 21.72808815657903], [88.30215458094747, 21.678751979281625], [88.2861810880099, 21.61053954066913], [88.30281884647249, 21.58171976951552], [88.2836102596854, 21.56390564521174], [88.25998968900848, 21.55652559966143], [88.23567627380407, 21.573756511754937], [88.22009667325396, 21.603989127430438], [88.22033076972544, 21.62186889173863], [88.23600919932983, 21.64504272962048], [88.2298830205705, 21.66966234153454], [88.20279778887824, 21.682562390069222], [88.21997704999748, 21.702157975235586], [88.21012121440049, 21.724959787467235], [88.21209805330291, 21.783101851020422], [88.19397782399153, 21.84360183731474], [88.16410925042634, 21.883630615579797], [88.16465573783448, 21.943457410911254], [88.1457207599166, 21.9552026787298], [88.18772076249194, 21.995344066329277], [88.21832673792105, 22.053930823140053], [88.22093712805064, 22.093775675848622], [88.20424277033523, 22.15241978186626], [88.17654577784965, 22.19146198896467], [88.10323756253312, 22.214802369657548], [88.06684453314419, 22.209540328841015], [88.08422266060609, 22.256056439183094], [88.0676632963217, 22.255661886958112], [88.05814502784554, 22.234131722388753], [88.03445802495673, 22.219018285742383], [87.99535752270883, 22.2458107663339], [87.99048511360834, 22.225464329426746], [88.01475647418272, 22.20262339545869], [88.04334406362752, 22.205054164590145], [88.07289864455988, 22.18472312409199], [88.10123163079189, 22.19147904199966], [88.13617826567386, 22.18538679377671], [88.16990802560397, 22.150163985323974], [88.16616237605935, 22.139135442011096], [88.18755604560478, 22.11049709944348], [88.16068359246398, 22.07204854035337], [88.0977598497296, 22.02834886990005], [88.06435307905987, 22.018158742498045], [88.03900707109764, 22.03445020532314], [88.01963469358644, 22.07186540221341], [87.99290255459807, 22.075682989686356], [88.01353845837046, 22.061356049176613], [88.0485458876376, 21.99740854601676], [88.01978818063422, 21.95692372073321], [87.9866327235467, 21.87067527344867], [87.94879071250281, 21.824194483599634], [87.89727995496035, 21.793395200272016], [87.87034161758001, 21.811046170081568], [87.88031112150148, 21.795301514301517], [87.87967504421174, 21.774240490151406], [87.84939533509719, 21.740469564673443], [87.7895453954997, 21.69962563068434], [87.74653390069423, 21.694004544083857], [87.74158257279944, 21.68127034792381], [87.69442375305827, 21.65817268063996], [87.65608539766706, 21.646685403665387], [87.64832771845161, 21.648652797836508], [87.64941372862953, 21.660871268826458], [87.6384807968372, 21.662570331901552], [87.6280553197556, 21.64434583676247], [87.56343972325276, 21.62804944282242], [87.56140866742965, 21.636164925432816], [87.54149034329612, 21.620956346658264], [87.4880355874614, 21.610535513471707], [87.43098741957323, 21.57824932502095], [87.40762629492677, 21.545671568738697], [87.38202593617838, 21.57368970442555], [87.33603575814648, 21.577122392750642], [87.3711123855383, 21.563258448830616], [87.3956873937467, 21.539699539809504], [87.3941124691872, 21.532968799422626], [87.3589848022159, 21.54193845580833], [87.23552512770551, 21.538282641560713], [87.14782031132137, 21.508681513619223], [87.08892542639798, 21.46119044182762], [87.06775023970604, 21.46286278126749], [87.06297058435362, 21.441569256496148], [87.05024193378307, 21.42951133872026], [86.98418017184368, 21.38959966795518], [86.94495671897944, 21.352813717976833], [86.89066858347924, 21.255323762404725], [86.86325891264568, 21.222601878757445], [86.84080567752767, 21.157761450051293], [86.85185797026844, 21.09665173369899], [86.87277208587756, 21.044561957342108], [86.9767865591516, 20.860882187502682], [86.97182777164669, 20.793915705365876], [86.95637101211844, 20.78806862054311], [86.90953546370868, 20.793469676593094], [86.90420286655277, 20.784081060047342], [86.86571065490622, 20.783784208173607], [86.8262258147522, 20.76477016979414], [86.81599541941098, 20.74808808063209], [86.81166041395448, 20.75266570973945], [86.80543917098022, 20.73295742681144], [86.8194806446598, 20.732206047469106], [86.8283961840045, 20.755806107796083], [86.86086761442738, 20.774791014142153], [86.90234521342727, 20.762661356972412], [87.02212846795871, 20.77034770870425], [87.04112049877861, 20.758949990446734], [87.03964543903095, 20.742235213049902], [87.05564963997816, 20.715043005856153], [86.78873384842842, 20.534082719754363], [86.76549765967509, 20.50403564403937], [86.75217704268849, 20.51796814097646], [86.75783515786232, 20.49438248264937], [86.74914321637834, 20.474417387551078], [86.72329642369634, 20.48030561596311], [86.73622043179007, 20.461165459327795], [86.73082965434648, 20.411401405576264], [86.72247461073846, 20.397966671641715], [86.70969325690847, 20.39625431550689], [86.7247498232659, 20.378210626680808], [86.73629982040329, 20.3971345802481], [86.74468275759921, 20.391108629343016], [86.74383967612863, 20.378845180073583], [86.76480666477877, 20.393041637524494], [86.78560139967652, 20.383791595549074], [86.79144164557925, 20.433367222065318], [86.80233430769405, 20.443976890411268], [86.79673811249441, 20.49269645367139], [86.81022044419848, 20.45130517389841], [86.7916930678576, 20.387548597001935], [86.79729054315648, 20.37815922442722], [86.79717000002513, 20.39628937870923], [86.8007181145304, 20.387155334741625], [86.80444432812556, 20.39117988470788], [86.79762066863351, 20.400592925208194], [86.80521008980297, 20.399061071699045], [86.80982579722614, 20.375040004996052], [86.77648511920516, 20.345439997969805], [86.77510939067002, 20.334710887754493], [86.78313428634314, 20.33000180079714], [86.67957764484352, 20.264119361175304], [86.66919171878725, 20.27575593116463], [86.68012150917104, 20.259981597423167], [86.59550957434382, 20.2245012504904], [86.52376595116439, 20.173483477510413], [86.4761316001427, 20.097440657426937], [86.43240307546738, 20.052100476542005], [86.40867946443412, 19.994915810735254], [86.37272760576606, 19.957990975443384], [86.41070905241004, 19.975001907693052], [86.40573984804108, 19.96825524661913], [86.386191824739, 19.954490896441868], [86.30721648684131, 19.941343136947648], [86.22811416309501, 19.901386813737453], [86.13678194150879, 19.87216600294415], [85.7808179973906, 19.78146483125906], [85.61347131113423, 19.715501169236376], [85.3072929064621, 19.561521571994135], [85.1323895192722, 19.437034739512157], [85.10156424711592, 19.41078134083765], [85.07937634648506, 19.374985614910663], [84.93326322034612, 19.278863074165628], [84.816611962714, 19.16498131877616], [84.74627279888742, 19.048198023591965], [84.68689831960351, 18.970942328926643], [84.67633844557226, 18.967756281744574], [84.68442758785619, 18.967547924715305], [84.58648154155017, 18.866731483252444], [84.55778964063292, 18.817828527787007], [84.55188145963682, 18.791115586125844], [84.46961938823546, 18.714499702936358], [84.43980545379908, 18.659574858706588], [84.36859285353019, 18.593510888113027], [84.35468481200965, 18.55499387529996], [84.25471734071867, 18.4747603961724], [84.14840261437864, 18.37383391614223], [84.12884160862407, 18.344211418929802], [84.1284979428408, 18.313395944599954], [84.07169591693373, 18.276560613612105], [83.93584076800849, 18.209115588069203], [83.88941565985206, 18.196172809237794], [83.8603492710558, 18.1743632991773], [83.7497032385216, 18.128911165120506], [83.60554743358892, 18.037023471508153], [83.56863683805244, 18.00986112798744], [83.5582691873223, 17.982515645847627], [83.53157335554279, 17.951076321056863], [83.47150797299072, 17.912573327556462], [83.4447212766202, 17.87303517569805], [83.417861036974, 17.85412757736219], [83.41136976671349, 17.8098746530031], [83.39118336553625, 17.793059112874815], [83.38571517756968, 17.77723841804718], [83.35438307593013, 17.755658543409062], [83.34429942667875, 17.737789873742784], [83.34680636143035, 17.726274120991867], [83.30051494684267, 17.69647105992573], [83.30818509691177, 17.69750919383583], [83.3061926407981, 17.688398341968703], [83.29675341238887, 17.693654162162044], [83.29471664148392, 17.674855348540657], [83.23956068491023, 17.63158383396011], [83.23257442675849, 17.620230988691507], [83.2380466185163, 17.612312569797126], [83.21292661500142, 17.59100498987014], [83.17516586645644, 17.574386330586094], [83.16187074814917, 17.560089160961674], [83.02040187789318, 17.507028915849926], [82.99195669387879, 17.472533112585197], [82.72622916504079, 17.355223329558854], [82.59390682512503, 17.28144688145283], [82.4561526403841, 17.185446189975224], [82.31948871485241, 17.05738700359683], [82.28770468336982, 17.013003408186016], [82.26861188403291, 16.954624565825224], [82.27786615471507, 16.950771120778164], [82.24821237372419, 16.93045892907657], [82.25455892269748, 16.886167808295532], [82.25007667168785, 16.881266263229627], [82.24825987214484, 16.87606633159454], [82.2587359153938, 16.889000439747466], [82.26548362682013, 16.8704205408276], [82.27519973935613, 16.867589126480038], [82.28292949174602, 16.877433861860215], [82.28321876004729, 16.864728355451362], [82.28859650024118, 16.876680854635165], [82.29187905029053, 16.864297543088746], [82.30341221120288, 16.8738099803853], [82.31421192733018, 16.845950856484126], [82.33262175013296, 16.863837032790602], [82.34940052163729, 16.85056869568166], [82.35286060304132, 16.859040782905], [82.35485034264957, 16.85131241770299], [82.3621999342994, 16.871236960264998], [82.3585581407814, 16.940680491246702], [82.32606597454684, 16.991232405094806], [82.34679419907928, 16.981614833165313], [82.36019740357985, 16.958949676793594], [82.36620429684923, 16.87850502307234], [82.34418885748157, 16.747778756402244], [82.34842573277302, 16.716228489858928], [82.36594347280315, 16.706840473687848], [82.31715960340794, 16.66198659258372], [82.32995248711455, 16.612804924470954], [82.32313782514841, 16.57780386735421], [82.31372135915012, 16.574786265201308], [82.31081901295994, 16.567674388107466], [82.31341533367555, 16.5648890735105], [82.31365478230947, 16.558804624327113], [82.23304005315426, 16.541740960680944], [81.95628552723555, 16.396051852339387], [81.84974668201194, 16.373229889898226], [81.7207766975313, 16.3069322297365], [81.69056929561059, 16.327848234263136], [81.48717976482261, 16.355438549614863], [81.39243637509955, 16.342678758277064], [81.30529853310193, 16.303904893360734], [81.26501165819761, 16.278503780322286], [81.21371834236128, 16.207592186625856], [81.1913211989479, 16.103204137318986], [81.14550232425083, 16.013329623021992], [81.14800588672688, 15.974086334832535], [81.10841424317377, 15.946131025504455], [81.01487362754754, 15.85095901654996], [81.0033664620829, 15.834554424595373], [81.006882297425, 15.821005381396317], [81.0008980839216, 15.832426031153222], [80.99525824227726, 15.803510025052995], [81.01443565752403, 15.772272910146675], [81.00851532681371, 15.754527186678457], [80.93933965106166, 15.716773395012973], [80.92800923362071, 15.721985158551899], [80.84368507858635, 15.706945622018505], [80.82149444348376, 15.709726636419933], [80.788409190634, 15.757614826934018], [80.78769544949637, 15.764648223010793], [80.79044068483495, 15.770243800868878], [80.79962800946889, 15.777159914561029], [80.79033580113563, 15.769054473395538], [80.79119684621695, 15.75402032383594], [80.82225272309319, 15.710805892244585], [80.81106477037146, 15.764760280230993], [80.77960863025578, 15.83568081663815], [80.78015043384802, 15.84203470280135], [80.80089133810071, 15.80617605116234], [80.80243376969806, 15.816480958328818], [80.81568795537108, 15.811261471358542], [80.80699850761032, 15.840830391858528], [80.7744155522433, 15.867685953961397], [80.68059160528152, 15.885782459768025], [80.53645035305642, 15.85268720179586], [80.42856219425859, 15.805060488461972], [80.34560957711855, 15.75158671614836], [80.28867020688939, 15.693777608660945], [80.23823648984671, 15.602417381133016], [80.23076377779896, 15.541592992544462], [80.20616829249369, 15.473408504344558], [80.11127478171021, 15.345643639162091], [80.08452715486806, 15.269887627980106], [80.08786369097103, 15.206839844377615], [80.05567363086149, 15.123792763706172], [80.04699615944016, 15.079013876440944], [80.05282456105586, 15.012167736890222], [80.08492367752264, 14.882078416582017], [80.09720816149088, 14.780590680082335], [80.10972105110324, 14.739249614381597], [80.139120245051, 14.712158957268421], [80.17075701660742, 14.614117313798157], [80.18786926879635, 14.605141257466416], [80.19599454581258, 14.58654774306306], [80.18082452762467, 14.515133909585222], [80.16716734693543, 14.344433313321462], [80.14364737948553, 14.286843535077015], [80.12960318480893, 14.220104665299202], [80.13381286719843, 14.09294579888706], [80.15277914511573, 14.024117375006671], [80.25402770742663, 13.790407620160087], [80.23505666753996, 13.705602989540928], [80.23503506665067, 13.648517217201166], [80.29871377600772, 13.48365668788167], [80.3260617361745, 13.444929690689294], [80.34581563088176, 13.284695785973256], [80.29839660872867, 13.137513879658753], [80.30626012834918, 13.130406918078698], [80.30541649980464, 13.109894357979774], [80.294909700037, 13.092945170957439], [80.30073547767375, 13.091207116446482], [80.30376030735633, 13.102616660590698], [80.31110217888464, 13.108134882868418], [80.28643235978619, 13.061013209168745], [80.26059255330215, 12.943937306730879], [80.247878315302, 12.83072046857686], [80.25466958962974, 12.780807964844268], [80.16627234373975, 12.529716997753928], [80.15020926990375, 12.436472529939602], [80.12761256575001, 12.397558444537061], [80.04604473575641, 12.312502004916302], [79.87891184584271, 12.054525554652763], [79.84693381868294, 11.978537231200393], [79.80487924345411, 11.827555263887763], [79.76066982814932, 11.621963861307824], [79.7607351563317, 11.537599643766638], [79.80583380495314, 11.448226372154828], [79.83212047747695, 11.356564582395801], [79.84309174667064, 11.351165542234812], [79.835079802009, 11.312528023681079], [79.85835111399165, 11.129319521729386], [79.85269890703744, 10.833387485360426], [79.84128673482081, 10.828006528052562], [79.85272333941651, 10.826937417467077], [79.85339419498253, 10.626713712483044], [79.86865492774272, 10.375563616904639], [79.88104612707511, 10.304285085123633], [79.86027548409496, 10.28248685590676], [79.76845831957898, 10.271864587511248], [79.51662304077716, 10.313406049891277], [79.38908624916208, 10.317356366192016], [79.37692617108092, 10.313127847659697], [79.36658650377022, 10.293957341453263], [79.331683629419, 10.285752574566407], [79.29752949726384, 10.26294108934122], [79.26887731535685, 10.234305295914634], [79.27860153967991, 10.215525920730101], [79.24407661441647, 10.186039132796022], [79.23871030079302, 10.156333353557272], [79.22822211501641, 10.147380711379094], [79.2275663745034, 10.13376003137971], [79.23555716563675, 10.127994975456987], [79.22708003020182, 10.119189889798879], [79.22852714515761, 10.090271897864758], [79.26601433963062, 10.039305979968105], [79.21478325997546, 10.000128939801758], [79.15353686591263, 9.929657135032953], [79.15145728130125, 9.916122909629813], [79.11918689383899, 9.877179267009257], [79.1192121023625, 9.852857648109461], [79.08792728534452, 9.823197645082919], [79.05896894321567, 9.773037837392518], [79.03858941143885, 9.764254961385022], [78.99017051496719, 9.703729018635359], [78.95999804134136, 9.631203338679619], [78.93038726360146, 9.595279901399842], [78.91495446663342, 9.494909882385041], [78.89901480335111, 9.491191518025715], [78.90023806442633, 9.469371461209859], [78.93357155682335, 9.412048820099505], [78.99643089843673, 9.347509254467937], [79.06650321501321, 9.298000072856583], [79.16133746842895, 9.28387198463679], [79.26592380382301, 9.292465600726256], [79.29101631529691, 9.319499867327844], [79.32192051343404, 9.32452895530813], [79.33527989362348, 9.309239755557417], [79.31460004157246, 9.283690096773254], [79.31617027243458, 9.273316955509353], [79.43284080252278, 9.160938065639547], [79.29987015475467, 9.24580707230792], [79.25649766296912, 9.258898267566302], [79.21683667845926, 9.255279170895179], [79.2183730796661, 9.270086050911576], [79.20575253325515, 9.274534520650144], [79.20300433257779, 9.267679531244593], [79.20428647013505, 9.277256239168727], [79.20862433492906, 9.281686862971679], [79.08967027121896, 9.26015576057193], [78.96461919525011, 9.274044347056561], [78.91191471503566, 9.263660183031408], [78.90801564671521, 9.24967965078281], [78.86097403735566, 9.255538302519641], [78.85225523983797, 9.24698742289401], [78.7325723810227, 9.211591054333065], [78.71741211584386, 9.20087694825564], [78.71655176695688, 9.18908671281804], [78.66412753416161, 9.19353003197226], [78.64278209067217, 9.175857460853907], [78.65741197703254, 9.157726936823646], [78.60614013003317, 9.147776618349447], [78.57846525137495, 9.130437321947527], [78.52432664314873, 9.13651748088563], [78.40684630967965, 9.109893389467308], [78.26639471500755, 8.997714201111988], [78.2182473738564, 8.968394667218263], [78.19026715962971, 8.928428244749519], [78.18233782943149, 8.891118715262449], [78.17174397662458, 8.882861339132429], [78.1605633200196, 8.77473315897191], [78.16561927110229, 8.763818606160514], [78.16991484231444, 8.77577991947471], [78.1690543721549, 8.76324974904831], [78.17296852768054, 8.774257333635404], [78.1970108717564, 8.762673804406488], [78.19796912263627, 8.769793031025355], [78.19129007034543, 8.767233341939132], [78.20150203315534, 8.777103050533565], [78.20045982123744, 8.792860091743327], [78.20303600980924, 8.790107561005868], [78.20197365496772, 8.756025789339905], [78.16360938767212, 8.72391016628957], [78.13852612794734, 8.680180243669145], [78.13497572543308, 8.616160984434158], [78.14470092802144, 8.598022916658392], [78.13062196405178, 8.5479137061099], [78.14327432519684, 8.501672382616697], [78.06366501655872, 8.412436416973339], [78.05670702659236, 8.384604130899136], [78.0671057401667, 8.374524683323232], [77.99145729405907, 8.350114034109472], [77.89088375190381, 8.270485888983497], [77.84108011859135, 8.251660829583424], [77.83255706217743, 8.229070670084385], [77.80454942148681, 8.202954541341551], [77.8056978546955, 8.180545966780832], [77.79369050907727, 8.162315164094085], [77.75796443297273, 8.145306632942306], [77.72955638351557, 8.164139602758144], [77.60450908765748, 8.147188041581977], [77.5827568187354, 8.137331571516285], [77.56658223163329, 8.118432619550843], [77.57087968122266, 8.092604149759632], [77.54660633267656, 8.076252063185263], [77.42164943338719, 8.100365593811516], [77.35462157378392, 8.122894307292391], [77.31552378893974, 8.122106266017648], [77.2986519654467, 8.146527842247911], [77.23283058728744, 8.180333981283159], [77.22367193148747, 8.1957501989268], [77.18616871825637, 8.217086644819577], [77.1515107659741, 8.252417929341041], [77.00997379263974, 8.357216147610597], [76.99773469245801, 8.374946479318016], [76.9864758923048, 8.375797145146047], [76.95969724933079, 8.42159510387135], [76.6993413377697, 8.738575886597943], [76.6315380317519, 8.8368342337326], [76.59266873609516, 8.87447605607539], [76.565626485196, 8.880213341293373], [76.54683811682409, 8.904209099701797], [76.53548840446915, 8.934020377251834], [76.54414357251866, 8.936263967595798], [76.535605438781, 8.936339629163376], [76.51670027145583, 9.017727312800448], [76.33529397812752, 9.426654712403627], [76.30792983211597, 9.541753650495023], [76.28404298731411, 9.749617928892588], [76.26096193401709, 9.881465976548794], [76.23771991699415, 9.956803117447588], [76.2405691152589, 9.982334284270198], [76.2206781349443, 9.998922259930604], [76.10046569411621, 10.381759535684132], [75.91000390482026, 10.793443581823846], [75.83410761981399, 11.105371844570024], [75.80449033916975, 11.156471924085986], [75.80931975220575, 11.163002101699107], [75.80160836856679, 11.16636428173462], [75.74827890076476, 11.318374089823028], [75.736689486451, 11.324989724769843], [75.71947879327995, 11.384751400125559], [75.68066503237242, 11.450866083234699], [75.64752865460322, 11.468270499858674], [75.63402352365725, 11.462173863290316], [75.61802859242542, 11.47736258753094], [75.5608795814601, 11.643808342020293], [75.53088463918891, 11.704759950832495], [75.48545001346473, 11.74835146090652], [75.47621825636023, 11.766933117935238], [75.45394146383872, 11.771655497978541], [75.46158207191142, 11.779859454365207], [75.44775359417557, 11.78280654888923], [75.43793515634215, 11.805594692678143], [75.38625347275735, 11.85638338080758], [75.36792514421883, 11.852216375983327], [75.35640261037628, 11.860293955895877], [75.31935488790998, 11.905235475042568], [75.30369071277251, 11.951436325369215], [75.29165591823248, 11.954421175005308], [75.25033141730977, 12.009835225664986], [75.22761068096811, 12.023476912104492], [75.22124136868553, 12.012612025032428], [75.20124565648693, 12.006354083315292], [75.12691596955577, 12.20244800480465], [75.1166001974316, 12.20961867213827], [75.04181337671697, 12.388598953989524], [75.03165759544326, 12.391839597236569], [75.01470919865707, 12.418626346263569], [74.95810513179421, 12.540811503073458], [74.95613701283824, 12.547452338470338], [74.96385472870166, 12.529501056826991], [74.95531263249526, 12.559022448165747], [74.97573458002486, 12.57110316185945], [74.95988482732274, 12.566311112118992], [74.95359739378337, 12.557799646657383], [74.9564626090096, 12.55010616352282], [74.95374808078239, 12.551021703335598], [74.9385192894187, 12.591406302737223], [74.94199478770966, 12.586549037826767], [74.9402657706379, 12.595363107885804], [74.95409022841284, 12.60521920585212], [74.94182623321964, 12.607525625048039], [74.93952841997798, 12.595653869474662], [74.93205051387123, 12.614621619250466], [74.94997810845308, 12.636347789578906], [74.94239370617112, 12.637407545884177], [74.92811325816808, 12.611812738158404], [74.88803827517805, 12.707539734660537], [74.89691283787106, 12.69719310234158], [74.90608962706331, 12.694546465496325], [74.89146155889307, 12.712375522160466], [74.8983267124664, 12.714293012936603], [74.88674104322907, 12.712577286355296], [74.88701567258444, 12.708899772749978], [74.88472577709373, 12.71036788402184], [74.86971917054085, 12.7607976199897], [74.82355821379032, 12.846752418809508], [74.77509573824757, 13.084142271756761], [74.7167278957997, 13.314154023816654], [74.69775292129209, 13.347286355915788], [74.69575818974585, 13.371240597977778], [74.70336948579077, 13.375451089059396], [74.6957121492909, 13.373268217861753], [74.69531703429632, 13.456059421797978], [74.66969696651057, 13.63482999321461], [74.64559988179624, 13.683082321388893], [74.61006424404037, 13.866907052976703], [74.56944275657419, 13.9492410379389], [74.54920169740346, 13.948266270761039], [74.51505215833436, 13.98687310733901], [74.50117653970734, 14.023273665284188], [74.46950170024417, 14.188249643926124], [74.46386434693316, 14.200681817458483], [74.4536270669036, 14.20001806324864], [74.44154748236349, 14.22424644862963], [74.44538051103582, 14.231204794268072], [74.41338779731947, 14.316215576440646], [74.39797865299285, 14.407429870642016], [74.39451496664957, 14.418530854139698], [74.38236881515026, 14.421139162848503], [74.38366947417204, 14.43959477115168], [74.36372422034293, 14.494343445349992], [74.34299518103853, 14.516297098436477], [74.30993268970144, 14.521310849729993], [74.31469361338358, 14.545994019927509], [74.2932147143789, 14.596892996769943], [74.27000597095413, 14.627181767268377], [74.28626430799018, 14.634615461430824], [74.27557833295094, 14.666410158629802], [74.28262684704677, 14.67619324418631], [74.27214887691154, 14.700351721016814], [74.25713416396157, 14.706671717741227], [74.26551830489997, 14.713255166828485], [74.25001371637101, 14.739458549869795], [74.22681489034696, 14.748085550486609], [74.2277345415174, 14.73751188972612], [74.20332397351501, 14.735092533169123], [74.20450217509556, 14.718587358425344], [74.17759983500525, 14.750478877720303], [74.15213169569026, 14.747275858701292], [74.1573732252359, 14.760037737120943], [74.14133605072783, 14.77944921530665], [74.11906812098495, 14.774660601164223], [74.11808513229876, 14.785859492115403], [74.09300140724666, 14.80419293318401], [74.11327671468759, 14.805131300516544], [74.11307670478956, 14.796911043840277], [74.12461112154669, 14.80552555803222], [74.12508831560876, 14.840650547645785], [74.11181026978346, 14.849761451484904], [74.09586882693861, 14.898272225910105], [74.08097449901649, 14.910550449708651], [74.06667054030582, 14.907279689278532], [74.04403020318209, 14.917524702832466], [74.04985287174966, 14.959180820752605], [74.03488621148085, 14.997211894215237], [74.02132181508235, 15.011528052679381], [73.98894938708865, 15.02041753359268], [73.98194300487795, 15.054901586293674], [73.97187892542505, 15.052282168726755], [73.96644930303192, 15.066563112582388], [73.92552651522958, 15.086547425594857], [73.91227208162155, 15.085231856664466], [73.92693771733697, 15.096940752834229], [73.91798211223227, 15.108099767471117], [73.93537379617011, 15.112139570736046], [73.94094916752313, 15.120606061904502], [73.93596724211143, 15.133906418523708], [73.9495973350016, 15.144836668913408], [73.89488934310727, 15.331785793219813], [73.87410024244298, 15.370242115540876], [73.84174603946977, 15.360307343612984], [73.80823808705803, 15.377108817243448], [73.80600531094461, 15.393869538576533], [73.79147133231723, 15.394346581433759], [73.78299902442869, 15.41151246587482], [73.79487894312552, 15.41438691862673], [73.80550991881151, 15.39922220880611], [73.81719799239798, 15.410546602895772], [73.82604476840265, 15.403047367403794], [73.84033149473123, 15.410516675919572], [73.8465651865587, 15.398166606418927], [73.86620644690241, 15.402269074605506], [73.87487277112945, 15.396460025512305], [73.89219894812013, 15.408686123525037], [73.9398488912002, 15.408639061964058], [73.92569864770937, 15.416170614691762], [73.9353778197243, 15.437163796562704], [73.89715379920752, 15.418614917652095], [73.88058907826905, 15.435064061717256], [73.86260433825873, 15.429344202412492], [73.84935113803755, 15.452347217380058], [73.81271401213144, 15.45602399710802], [73.80314512628397, 15.450351108150354], [73.78790999101776, 15.462499086469995], [73.80266049147637, 15.461615174587788], [73.81470270250742, 15.491656969078091], [73.79158595285593, 15.500492795152908], [73.77580214997037, 15.490629778765426], [73.76622943370651, 15.494661684980526], [73.7550391768061, 15.546425213658836], [73.73193634385501, 15.590568885573765], [73.73754628597338, 15.61705555934179], [73.72296399774666, 15.630800256643298], [73.69024682509301, 15.722124824309157], [73.67954715523726, 15.720928581113796], [73.65331560962748, 15.74399007924931], [73.66594425974061, 15.755008638635513], [73.62902870460543, 15.84776501337858], [73.61966995716078, 15.858138991608374], [73.61368228334689, 15.854680760579337], [73.58867796128104, 15.90975293799237], [73.57002749239008, 15.912614704053775], [73.54034257579143, 15.93719500020015], [73.51044575739708, 15.937335121082569], [73.48967022758177, 15.98793406888819], [73.483295167878, 16.036238728820955], [73.46693132730508, 16.04644776175093], [73.46804898063886, 16.05323043989035], [73.45720701404885, 16.053806191889993], [73.46627786671627, 16.072251803417895], [73.45810448940817, 16.080495316641194], [73.45661721167431, 16.12877752887425], [73.43775367946593, 16.202619381776184], [73.42793130880823, 16.202263320217], [73.41169281286184, 16.272680104309757], [73.4144650416764, 16.284495811947195], [73.4343205870463, 16.284232539088364], [73.44306068002611, 16.293124609892075], [73.44827494839785, 16.3039074109572], [73.44929643169057, 16.308965515936382], [73.43343554257386, 16.28500757033571], [73.41704467977888, 16.292654506817282], [73.41018842491677, 16.27422150331609], [73.38536852338551, 16.337115323641086], [73.38900483268868, 16.360992197376348], [73.39766413298852, 16.35435153143395], [73.40876283808676, 16.357317503569718], [73.42166159453781, 16.371176914281122], [73.43871807931392, 16.371898487923588], [73.4209144711059, 16.372497937154904], [73.40684155010317, 16.360057730995834], [73.3932115174001, 16.3603814558349], [73.39453708311143, 16.36783622374844], [73.37348924788238, 16.359558474003798], [73.3667251062695, 16.37868590471093], [73.37279758553781, 16.389242921927465], [73.37200086432243, 16.37633232562137], [73.37792351358449, 16.379450716669616], [73.3881483645238, 16.394488652836504], [73.40051703500718, 16.38879179279679], [73.4095214842088, 16.407242917269727], [73.46949273769214, 16.41440956950372], [73.48156513301505, 16.40920783570577], [73.48953367647208, 16.41180274745126], [73.49204427365508, 16.417749511270323], [73.49919348080944, 16.418159751778646], [73.49159427698653, 16.418555120475705], [73.48038716230151, 16.410637946003266], [73.46457437437499, 16.416176742872935], [73.47360292807066, 16.428327572527177], [73.47405858232887, 16.439162181583427], [73.46335383070353, 16.41629979198425], [73.4266161006721, 16.410568867986772], [73.41409199918667, 16.412617983330808], [73.41610936468486, 16.419940111795402], [73.39925456426644, 16.402234289984428], [73.36615303035046, 16.396675011575443], [73.35577285081708, 16.442153227217577], [73.36716527357221, 16.436367193053073], [73.38560361069872, 16.449250703823527], [73.37806590823511, 16.45360698830114], [73.366313745243, 16.44112540659242], [73.3518747796266, 16.44362831218325], [73.3251490195751, 16.513080907776164], [73.31582870744819, 16.51285009831966], [73.31816577527113, 16.530143317274383], [73.31060356047836, 16.541337316385203], [73.31764199098515, 16.55652949633528], [73.32072313156132, 16.550533922277282], [73.33378287239951, 16.558965997257747], [73.31673309085204, 16.601787480535975], [73.31994880175272, 16.607715404887443], [73.33951032583515, 16.604202512059274], [73.35164907072496, 16.622953175394137], [73.33025024754471, 16.62021105516274], [73.34139565605456, 16.63830426058864], [73.3228232983725, 16.636303504850027], [73.32369553197066, 16.64784312792592], [73.3329433608339, 16.650468345262606], [73.32908729756105, 16.684873759216277], [73.34121397627993, 16.680277531544572], [73.34466156750825, 16.690734129666716], [73.34106825426947, 16.697147117396177], [73.33846248237876, 16.68707114459061], [73.33014069889414, 16.687090047720076], [73.31856566750636, 16.696451758881445], [73.30547514230169, 16.73023971964475], [73.30517172014483, 16.76612304920953], [73.31852307568381, 16.805545896808283], [73.29575001966339, 16.816463467449207], [73.28819380741338, 16.857353560512102], [73.30026407732228, 16.860475879026044], [73.28623157691406, 16.880244868490827], [73.30324780099576, 16.89138115189605], [73.29439795904106, 16.89875346806942], [73.27676606290129, 16.892019156307125], [73.28718150580114, 16.916660893977845], [73.28198364156484, 16.95040226737978], [73.2924376572247, 16.95620363360663], [73.29604329534915, 16.98437252831449], [73.27874756406003, 16.993075736310438], [73.27152928903674, 16.98657954151869], [73.26901840708778, 16.99844941824528], [73.2814958716369, 16.99824991710565], [73.28300986077572, 17.013073371435034], [73.27523695960781, 17.024033207672108], [73.25869653360623, 17.019962023672104], [73.25564769015949, 17.02709796873559], [73.25828128826447, 17.048376582842522], [73.276841877118, 17.035666081945486], [73.28755908747802, 17.0531155186954], [73.29113028868603, 17.07829464986516], [73.28388685185165, 17.08006334995249], [73.28690218544332, 17.0870062301273], [73.2831234644215, 17.110819852153572], [73.28956618702911, 17.115258093665865], [73.28163116780016, 17.111600730750702], [73.28460312713668, 17.100817720173662], [73.2778633873602, 17.113312868991873], [73.26749898942971, 17.11240464430335], [73.27319721348263, 17.120138668419358], [73.26394289968137, 17.154562737803662], [73.26792769961926, 17.151263760510567], [73.27201400648933, 17.151524745035175], [73.27545060233858, 17.152747406398476], [73.27653815222887, 17.156660800630803], [73.2685117437928, 17.15261316915601], [73.26975628505879, 17.155254661418038], [73.26426186359099, 17.162268669991516], [73.26686598078496, 17.152826692230583], [73.25226978394271, 17.190215065054286], [73.23137473597377, 17.198177781597032], [73.24763319248576, 17.19547278504426], [73.25512073302394, 17.201799170956125], [73.24390878540267, 17.19836881418117], [73.24481945162361, 17.22250660425709], [73.22412116973621, 17.247569869011404], [73.22352746777506, 17.265537479458523], [73.20668300606724, 17.2815883925115], [73.2116480251853, 17.274487674218307], [73.2045383537849, 17.269563533540015], [73.20437787964087, 17.289250107409117], [73.18978663970233, 17.298775687107703], [73.19660286204213, 17.306773957244804], [73.20505052824413, 17.298903294695915], [73.22322045595031, 17.30239173548881], [73.22664900019964, 17.281618993168916], [73.24939242978199, 17.28093475525053], [73.24938970788669, 17.296110529283844], [73.2414281964417, 17.294590195438445], [73.23993413013925, 17.30300496241637], [73.24668554711613, 17.308051700934833], [73.24424806561075, 17.321617551796567], [73.23080683093264, 17.318841468453975], [73.21906474254644, 17.3291785790219], [73.23064234670916, 17.335412083722023], [73.21504688280945, 17.345594212116506], [73.22612840223798, 17.35397113866776], [73.21708111327877, 17.358213539652102], [73.20746507216708, 17.386122639249045], [73.18399577059748, 17.384802896760032], [73.16771630428764, 17.40437055993622], [73.1874120106224, 17.414484526235537], [73.18826786972957, 17.431191974497068], [73.21164120248072, 17.43752526786285], [73.18702118957488, 17.44227938657178], [73.1840597809514, 17.45559988869584], [73.19435682410018, 17.464832402044763], [73.17863414617983, 17.50747643505203], [73.18136456111286, 17.503096721586164], [73.18371139272463, 17.502648370851166], [73.18496481653213, 17.509903264696057], [73.18181460090052, 17.503892204275108], [73.16210299977513, 17.529960698393893], [73.1549512899144, 17.529071825919335], [73.13756628584895, 17.556463931595047], [73.14368429712574, 17.57028474402623], [73.15274453170655, 17.573742771672983], [73.15625173783205, 17.566557055880246], [73.16797526702449, 17.57708444533387], [73.17043191857806, 17.569805299626108], [73.17705617363659, 17.58256444369698], [73.16651855356987, 17.58318850306422], [73.13764004831359, 17.61086607616417], [73.12686328234517, 17.637552636727047], [73.13267084394462, 17.64399650383109], [73.14132051699953, 17.638637356295305], [73.14485623026228, 17.638524997159806], [73.11476368423885, 17.68442066282845], [73.1170072230677, 17.697931764523], [73.13050169729942, 17.706000113971186], [73.13998836124726, 17.70255632016598], [73.13509141735975, 17.715283982671913], [73.14473954539507, 17.722113677000948], [73.13420724425316, 17.718043876229814], [73.112604191788, 17.789109408024213], [73.09565590459628, 17.811311034928284], [73.08897814498113, 17.808267759257667], [73.09382715117181, 17.841305972220713], [73.0717434084015, 17.89347468753397], [73.06358120703382, 17.891412955727528], [73.0527713785714, 17.904654322196077], [73.05560727188849, 17.931998605605376], [73.03937912902575, 17.933846272751122], [73.03012384055239, 17.944042669658238], [73.02900190674627, 17.954187877308993], [73.03595800306401, 17.95656482637054], [73.03073752733366, 17.96916582942815], [73.04045327964526, 17.97806690690028], [73.03136992871728, 17.98970858083706], [73.01874192000129, 17.990491932610265], [73.01683498889254, 18.00707946584623], [73.00274415997463, 18.020908784305856], [73.01946254223398, 18.02957896769237], [73.00868266450145, 18.05009937064901], [72.98980339830086, 18.05630763041787], [72.99940778556835, 18.07463051810319], [72.97137311636749, 18.131621297887826], [72.98104250752557, 18.135891041444044], [72.98987400947544, 18.15699981082586], [72.97842120466188, 18.191793748189895], [72.98360296659675, 18.194788100808495], [72.95724553198137, 18.218092187847883], [72.93193682386635, 18.219723222311266], [72.94311915493103, 18.24574872065559], [72.93558497027006, 18.280995526811772], [72.96400044969292, 18.280372577876445], [72.97442096178592, 18.262980181965663], [72.96938166816356, 18.243335545777285], [73.01650132225669, 18.244595638384613], [73.06776328868624, 18.21248940026462], [73.05218177921616, 18.20097486657466], [73.05062897656886, 18.18240523687543], [73.07182797670065, 18.150172905569395], [73.10516169098156, 18.140359490319003], [73.07740170234008, 18.188780169294997], [73.0775310130286, 18.208994879412305], [73.09210633841356, 18.21898167114513], [73.08002116006415, 18.222390798216857], [73.07810585755531, 18.23732871429246], [73.0615185628521, 18.252167079058566], [73.072755064125, 18.26345109480211], [73.06788674235912, 18.279153778631432], [73.0517170879062, 18.28141306022184], [73.05040150427428, 18.296964112060916], [73.05354605602805, 18.30241306351739], [73.08240066699607, 18.292509303542424], [73.09459854798102, 18.271797669423318], [73.10270726635159, 18.265415649785396], [73.08275286048635, 18.311827745221585], [73.09160424215348, 18.32597688563686], [73.1126840538134, 18.3236553917346], [73.11300012245285, 18.329513587887252], [73.09344871789206, 18.336704463748738], [73.09204999518062, 18.32835950290964], [73.08808250218499, 18.335849268340883], [73.07146620986438, 18.308011937354937], [73.0448252992847, 18.313054791700523], [73.03693573211422, 18.292789214696096], [73.05313866286018, 18.270441985022984], [73.02867455167357, 18.264258534278635], [73.01582307625085, 18.28546381618535], [72.99783154677361, 18.285167846535398], [72.99285086013872, 18.273698650440505], [72.98173423544718, 18.29959047410889], [72.97013731570922, 18.300049074264077], [72.9556610574321, 18.315917314278412], [72.96127406550058, 18.319716866047752], [72.95318320024795, 18.334984833842398], [72.93364146874612, 18.35140935699729], [72.91781025816978, 18.34877086737764], [72.91211784711503, 18.36202368327651], [72.91475920576573, 18.371440577124876], [72.92641845151644, 18.373345730545164], [72.92616304700644, 18.386816019137278], [72.90639143213185, 18.4033810125303], [72.90710740917622, 18.43478983769872], [72.89591135634561, 18.472172210104933], [72.9114986680341, 18.507526049337205], [72.90580956008465, 18.54044425337201], [72.91384478548522, 18.53068810794944], [72.93371729553927, 18.540489636637425], [72.92371876705096, 18.545712748691663], [72.88360573501875, 18.63803615230369], [72.87127526988438, 18.640364046881515], [72.86551360590776, 18.651928367700364], [72.85566875401173, 18.699327403173132], [72.86501852998163, 18.72293551531849], [72.868382638974, 18.79963494309449], [72.80358829389928, 18.902985507397098], [72.80547784709881, 18.911305167786946], [72.81440153236652, 18.92149056780291], [72.81211552927589, 18.911743625334648], [72.82556820130422, 18.91992794811391], [72.81792442128028, 18.925422910693065], [72.82341957667168, 18.941430120021472], [72.80835068183534, 18.955277815862303], [72.79258271175665, 18.93957026024274], [72.80239413105275, 18.97214235259006], [72.81471069475809, 18.98327699642505], [72.80941518993856, 18.994770477277772], [72.81520982208612, 19.02623526802062], [72.8224875754627, 19.01758877404722], [72.83214687943848, 19.023183879851654], [72.83815066902856, 19.048505557744335], [72.81814754303392, 19.041612692088762], [72.82697021454455, 19.08999599292365], [72.8226872260346, 19.11277873878167], [72.80218734965413, 19.141763582449155], [72.78663332863175, 19.129554885229087], [72.7892465197084, 19.15037617323898], [72.78164018146552, 19.15842940591479], [72.78191134242559, 19.16680984942129], [72.79513841065514, 19.17229319672644], [72.79660205910375, 19.194528765737108], [72.78244127927294, 19.19289789745113], [72.78626795056802, 19.203749740403975], [72.77600742034225, 19.22262833396311], [72.78543282996752, 19.26477972050642], [72.77963828226157, 19.277812850956575], [72.79999732256847, 19.32992005478903], [72.76878020887851, 19.374739728720854], [72.77519255585311, 19.357260408314797], [72.75797731451179, 19.37518932023341], [72.75854573518589, 19.383658645439198], [72.76972309946534, 19.39512677728146], [72.7696518675549, 19.406335932163188], [72.77434347812803, 19.409917184022024], [72.77489697598865, 19.412944024065272], [72.771381082256, 19.417776982180726], [72.77456581205914, 19.411603815947924], [72.76863049475496, 19.406386229138825], [72.76913294315463, 19.39651659673697], [72.7623525141873, 19.396884577104824], [72.74423945073693, 19.461605848486045], [72.77277043733568, 19.487553911150066], [72.76780594193542, 19.507549709987266], [72.746184704874, 19.51422008819466], [72.73869038295378, 19.529082568026244], [72.7187314711391, 19.53968728987554], [72.72024824146202, 19.5652323906081], [72.72669352606482, 19.56682516718837], [72.71627385389657, 19.572893935537532], [72.71610895105819, 19.592691532131436], [72.74687438463677, 19.598540353959304], [72.7422729792912, 19.58950767983724], [72.75999186199488, 19.60052212865212], [72.76772215247563, 19.586446303903458], [72.77175746917352, 19.599531452538383], [72.78906432789404, 19.59722678422171], [72.78214583595242, 19.601702872029218], [72.7857764948525, 19.607852348759444], [72.77233111355105, 19.60826104955445], [72.78003927493306, 19.617362699286602], [72.77250501750858, 19.63566265343391], [72.7585368238983, 19.608418965344647], [72.75076900090664, 19.616728200944458], [72.73943424190796, 19.598798998257347], [72.7294434218631, 19.601625299139936], [72.72553295122675, 19.628714624720686], [72.75026522659361, 19.619263056097694], [72.74789762054259, 19.647252700658868], [72.73188384894434, 19.648523331834596], [72.73382025018425, 19.62918842049543], [72.71600693567957, 19.646227448060923], [72.71893004822421, 19.633660160572052], [72.7068091339945, 19.67992139024143], [72.71039995710332, 19.69173215532015], [72.71091209113835, 19.684246510023424], [72.71545507544772, 19.684117447050678], [72.71354025623249, 19.694969252364242], [72.69465330404634, 19.726981255772756], [72.7042229831062, 19.727106253221514], [72.70408042406386, 19.736020743765938], [72.69130906399144, 19.73864282808875], [72.68520456337653, 19.75783283407462], [72.69130217121828, 19.795545204943604], [72.67595794813724, 19.815355522407906], [72.68025928024528, 19.824260806740124], [72.66747121240688, 19.820806245698186], [72.65465039468818, 19.835735254043005], [72.65833369486388, 19.847846476261772], [72.66915729988953, 19.8444316871873], [72.68255198297129, 19.8521751976708], [72.67208418086678, 19.85465903791245], [72.68401143538922, 19.868026957691406], [72.68653799204156, 19.859124586482015], [72.70014322854784, 19.85911755612621], [72.70143553772905, 19.880440481335903], [72.69545940008003, 19.865135021130317], [72.6880516991094, 19.875130595689612], [72.68058451888717, 19.866253519505367], [72.68589509653879, 19.909667986177507], [72.6781702327807, 19.900925225765214], [72.67603950079197, 19.920574061416016], [72.66374776741944, 19.93370644024976], [72.68584398689073, 19.94150537681029], [72.68996142397864, 19.958630179778595], [72.70356066333207, 19.95842726344923], [72.69794323375577, 19.959587709402367], [72.7054553818445, 19.966588373315275], [72.72075395972932, 19.968121330498974], [72.71097244894231, 19.96041683092348], [72.72595829003905, 19.95414849328619], [72.71830301427444, 19.945530625793307], [72.72934073184969, 19.921206572028705], [72.73899809276952, 19.92382053051055], [72.73420573613728, 19.90999673107393], [72.7438043643055, 19.902080423847245], [72.75053862525711, 19.91668531296806], [72.75856201625209, 19.881901259760983], [72.76590328590916, 19.901401808279463], [72.77515440799624, 19.90033904632661], [72.76192203431663, 19.936136458101302], [72.7746457711026, 19.9438045670579], [72.76815274283909, 19.945480801767236], [72.77053959978664, 19.95398095100196], [72.74694873010799, 19.951943240115586], [72.75343540638411, 19.96154260689732], [72.77659958259103, 19.961224973640405], [72.76855460597805, 19.964374205641814], [72.76575985011112, 19.982164742958805], [72.7459359541853, 19.98060839071897], [72.74165648078308, 19.969486941154152], [72.74008748420616, 19.988500264499915], [72.73238221090774, 19.9717945406517], [72.72479295502829, 19.975847202899576], [72.7318031326211, 19.977868217911933], [72.72748695944625, 19.988705631672037], [72.72198153361622, 19.97120844345531], [72.71639450302914, 19.97348134308416], [72.72239594262645, 19.994613288668848], [72.70809123022924, 20.0710508950638], [72.73504761117043, 20.09244977384586], [72.74153823554224, 20.184541851273064], [72.74969192627087, 20.20579416336474], [72.74004887102195, 20.243118361835588], [72.75279498933324, 20.261297576074597], [72.75667464865366, 20.295034069825864], [72.77286420079008, 20.303243842305974], [72.77757659927718, 20.336843454667942], [72.82123644146087, 20.367663040128463], [72.83240218064222, 20.44638675639071], [72.88447969517888, 20.502306909261698], [72.88301389616346, 20.53119121124463], [72.90368861524097, 20.575874142315307], [72.8979958610298, 20.574383548123265], [72.85423127169072, 20.714783411720823], [72.83598336482801, 20.787018663228125], [72.83964272849467, 20.803669719535673], [72.82876608334142, 20.810102735382763], [72.78563934276985, 20.915967733949103], [72.76509927935683, 20.92074457377012], [72.75708156032452, 20.932314209890283], [72.72787542780601, 21.007049086984726], [72.72139519604373, 21.048449893601557], [72.75450736870759, 21.052423532282596], [72.7280923341162, 21.066766177261293], [72.69632002744473, 21.062549656159756], [72.69226252685085, 21.078328276340805], [72.70207909888342, 21.09557917795675], [72.66498396692968, 21.09959820032025], [72.64815095155522, 21.075213244830515], [72.62391177582084, 21.09079248923273], [72.61875443368866, 21.11411673655228], [72.63811836793451, 21.211004748557503], [72.65741214914654, 21.224548395688352], [72.62231327228176, 21.24248815377794], [72.59756013803401, 21.305432772107206], [72.60062023198135, 21.32319267363925], [72.62136703906377, 21.324302556776463], [72.62752984213726, 21.341196731323162], [72.65412031950025, 21.346122216172077], [72.65226213367382, 21.3840367718222], [72.69849597343828, 21.4647401057149], [72.66054362951456, 21.449833042250884], [72.65102578594154, 21.453402234189284], [72.65281038267824, 21.459945751682294], [72.70575338985515, 21.526868092124147], [72.73657035169673, 21.538779046923246], [72.69752282579606, 21.533502353540804], [72.68455723738278, 21.544206502288066], [72.66450580538203, 21.539532859886688], [72.65877682481039, 21.549030907017585], [72.6519925052396, 21.53817599540528], [72.635408614253, 21.53531150534069], [72.61395996242226, 21.558510840981526], [72.61224675030962, 21.585208394251662], [72.62552414305968, 21.593203382508506], [72.63508957578321, 21.61818772369509], [72.6507940188016, 21.61718834915543], [72.70004886142554, 21.64545634670112], [72.7310294433113, 21.63731858933468], [72.75444334038741, 21.646027417326106], [72.78642329533179, 21.642600993094337], [72.80722822341306, 21.65103578934871], [72.80725386761951, 21.657805703198783], [72.72761423365402, 21.68597400354339], [72.6929406390077, 21.678353548799166], [72.66627942829922, 21.68640884570769], [72.6589700685977, 21.679999566637186], [72.62375172747824, 21.682008999005472], [72.55272560129264, 21.661586980158063], [72.52778857921128, 21.678164191485692], [72.54287958338338, 21.733562655000643], [72.59705725035815, 21.749564616838608], [72.5793501292965, 21.764213125710928], [72.58497212231441, 21.772625361269135], [72.5781687809175, 21.77445981052372], [72.5947906993867, 21.776292656321466], [72.60200052934802, 21.789665695936435], [72.61006338153683, 21.789042939102046], [72.5996743005973, 21.792159737410984], [72.59553334202198, 21.8040327351183], [72.62223288474193, 21.8094916320182], [72.63177198065796, 21.916366030040116], [72.64283647521523, 21.94170728894266], [72.66696325823283, 21.955511378999127], [72.63783960722711, 21.960624004979472], [72.61356910364553, 21.944919562704925], [72.58248526940102, 21.918401710559756], [72.58298593015327, 21.890383210077328], [72.55824663624905, 21.878889519414702], [72.51505941749932, 21.88531406426164], [72.50899179182849, 21.9442057232327], [72.54373192289125, 22.12908984376549], [72.56085594929863, 22.172755230045293], [72.58041947662417, 22.19742009621988], [72.60516587171071, 22.21300556620264], [72.64823411488928, 22.21562297325007], [72.70236685352344, 22.18397614133804], [72.75816521422142, 22.17422035075367], [72.80908567980751, 22.223594167186597], [72.8443017014769, 22.234420714842706], [72.87452085695476, 22.22050086815378], [72.9132941739116, 22.240439579581814], [72.93175879215009, 22.288742638161352], [72.94895963888729, 22.292725585118195], [72.94536930805528, 22.30425672290425], [72.92818959957502, 22.311680642610476], [72.91086712364329, 22.30049717516758], [72.91067676704131, 22.267041953509], [72.89249768460408, 22.267184720370583], [72.87201449173509, 22.284861141201535], [72.84224346802318, 22.28211286457914], [72.75582144496644, 22.231715880918017], [72.73721562324343, 22.27532000774753], [72.70184694187466, 22.280742699309595], [72.68703032810608, 22.27180473679429], [72.68202780701985, 22.281313901968044], [72.6590661056881, 22.27893378558416], [72.58033415733345, 22.301060639123843], [72.55663835454814, 22.295314253716096], [72.5157750181496, 22.321068315708903], [72.516661207974, 22.30556036771259], [72.50034268740717, 22.277740967372864], [72.46094329769791, 22.256490625923952], [72.42725640986474, 22.20951362899568], [72.40809886445372, 22.229594954112578], [72.40337311789982, 22.25722249293913], [72.42121493684677, 22.280175000521666], [72.41860040278875, 22.30181531737076], [72.37330104268509, 22.315796065959404], [72.36210198858309, 22.294256391825595], [72.35802513737971, 22.24763044635592], [72.3361072846963, 22.202880996030807], [72.33860188288409, 22.17673901014271], [72.32350794301763, 22.143570477786145], [72.307750489516, 22.145562215680734], [72.26946578420853, 22.059561667907065], [72.25016943650975, 22.06786960075991], [72.22951585479088, 22.066485220205674], [72.22466956780055, 22.057472925640994], [72.24800925415275, 22.007683643721588], [72.24177107344377, 21.975659813934136], [72.21204229839803, 21.962309602694774], [72.20684190450586, 21.95135654367987], [72.20424718009647, 21.890956196585684], [72.24150835574903, 21.823668605074705], [72.23553347663973, 21.811926020678364], [72.19186089275206, 21.82665366306942], [72.16227887367768, 21.807345328844065], [72.17718347832665, 21.803630662630486], [72.19419305397695, 21.749998214680993], [72.22329308108732, 21.737939782054557], [72.21995252322681, 21.729618917133322], [72.23157483384628, 21.706889513406217], [72.22568759168111, 21.69459708840257], [72.25375862378638, 21.68644806144721], [72.25523337361528, 21.69347121121268], [72.28009936590716, 21.69475141745982], [72.29629333146659, 21.662687071837627], [72.30479518763981, 21.667025294797565], [72.29832636358329, 21.659454582153224], [72.3086334795414, 21.6250684544608], [72.27878982524216, 21.562761272559282], [72.27748009593095, 21.568293037921894], [72.26895039467888, 21.522690058661208], [72.23541086199332, 21.455895887546472], [72.10790162080968, 21.302357051635113], [72.11153492434994, 21.292825680713406], [72.08272757195236, 21.245015886728275], [72.11211606696514, 21.198516457543732], [72.01716389170205, 21.15362250019781], [72.00809597922053, 21.14590264275449], [72.00967872271626, 21.134582947178252], [71.98893298373073, 21.139758779756914], [72.02642245543294, 21.178913292271442], [72.00948480159923, 21.186089044539226], [71.99343764501175, 21.159031893359863], [71.97858389309268, 21.156902885168858], [71.99076962526172, 21.142341737740768], [71.97133939894117, 21.128863647939028], [71.97441372938917, 21.12281597586455], [71.89173058437646, 21.11151347266886], [71.87888508005541, 21.090031947111342], [71.86093634721662, 21.08809442102297], [71.8490100565865, 21.07731397918845], [71.83915691593535, 21.079694441244126], [71.85651448096041, 21.096861877563093], [71.8428776039932, 21.096060322666613], [71.84230179108258, 21.08907129588952], [71.82329235899734, 21.09676064209254], [71.82194345415658, 21.080525269597302], [71.83720779185604, 21.0745838403677], [71.81188396958639, 21.067862843316714], [71.79617276674547, 21.048226108803274], [71.78606579183942, 21.055035327031362], [71.7930334108473, 21.047644166650848], [71.8028756926633, 21.048486893690924], [71.80469974161065, 21.039636184061802], [71.77597285041476, 21.0383559555453], [71.77209128756425, 21.055472871099614], [71.76558015555284, 21.05072299139479], [71.75219053088443, 21.059462531954384], [71.75771061542329, 21.044895305222955], [71.74654943519198, 21.046038687454676], [71.75345010725331, 21.042387916029988], [71.74441595974838, 21.031897962325925], [71.77343812178826, 21.037325120175883], [71.78226830051973, 21.031718051664065], [71.76220846837278, 21.021576602610484], [71.71227250243913, 21.01943893638052], [71.67737554259577, 20.996189452759094], [71.64686234427087, 20.995325612446813], [71.62910643031623, 20.983842126316347], [71.62943207589493, 20.96932104435434], [71.61066302399655, 20.97556474709737], [71.61164451788609, 20.96715152250221], [71.5796126717593, 20.953895692851905], [71.52961720052298, 20.94284302385232], [71.5521646913722, 20.959098662069696], [71.55689682135451, 20.96992587476639], [71.51136067791838, 20.944562575046415], [71.47978696270502, 20.906962722139184], [71.47685349258519, 20.889816622049942], [71.44954959657974, 20.88200874908424], [71.43728097146953, 20.869110326687], [71.39768857333159, 20.86578590592323], [71.39368694435517, 20.87515762320863], [71.38133795146807, 20.875194757683648], [71.37368370157952, 20.86833029713309], [71.3844118848607, 20.8573611917507], [71.32072209837789, 20.84686148472294], [71.23203941729797, 20.803975520090404], [71.20923872460783, 20.800717363405496], [71.20277829710429, 20.788997004451943], [71.15813301563036, 20.77980669369881], [71.14860933480462, 20.771253935922918], [71.14888938010287, 20.758129241892746], [71.0918077167327, 20.75716125178088], [71.07842392033383, 20.7500631540078], [71.07980477914757, 20.73793432444587], [71.04995776784415, 20.730944125857235], [71.01546494926728, 20.739069729049902], [70.99965010240214, 20.73506967327512], [70.98679152849205, 20.71929779849665], [70.99842604991117, 20.71561852313712], [70.97683132752366, 20.702082808370932], [70.9290212004554, 20.7121616029861], [70.9139270773326, 20.699570687061122], [70.89931212097227, 20.69951404571351], [70.87605257332658, 20.709123500014165], [70.883098006201, 20.72447990078626], [70.91567907061436, 20.732762288003133], [70.91956952049799, 20.742952015931273], [70.87814180135253, 20.728393005327774], [70.87358458323749, 20.7042078462108], [70.84559906805231, 20.70717197922978], [70.83288257078922, 20.697815056791], [70.83046411649985, 20.709904466304746], [70.81306187556079, 20.718494855906584], [70.80513314813211, 20.706184044125802], [70.8393542667597, 20.690650668762494], [70.82704420326375, 20.690565348778247], [70.64829254209283, 20.76258993800462], [70.65457921475917, 20.768582873652047], [70.65801228651753, 20.7846588980502], [70.65497166445228, 20.775964431421034], [70.64334865135027, 20.7795107749286], [70.63425363400168, 20.768316414104607], [70.61386564817973, 20.771435808811777], [70.54755473849629, 20.804998994912854], [70.58590076190676, 20.796191912901296], [70.58608599900991, 20.813374398945623], [70.5618904796017, 20.815033958772936], [70.55240160040839, 20.807845677776935], [70.54571475074084, 20.816471537057847], [70.54976071337319, 20.80773568894185], [70.5420662665706, 20.801673861032654], [70.4733576563758, 20.843546516268415], [70.46942460568644, 20.838589666192465], [70.44749443260892, 20.848259706530325], [70.39273180158575, 20.894260478092402], [70.36733253430695, 20.89991769091856], [70.32055199243696, 20.927720903006662], [70.15881591664558, 21.055209931344258], [70.05936948888066, 21.145021693461594], [69.92361087920406, 21.290290709075304], [69.70801413393535, 21.53457667472601], [69.72211972666496, 21.539275457272957], [69.7059394047181, 21.536854805731455], [69.60274162130985, 21.63696195653332], [69.58550414846187, 21.637102601206987], [69.56625594237745, 21.651321478807557], [69.39992463715808, 21.796674261762803], [69.37179841076515, 21.82987291036118], [69.32370868935291, 21.86099052258027], [69.21723933959628, 21.957585611796944], [68.96592263844505, 22.23407549822964], [68.99878009111514, 22.209431817025195], [69.0026577238363, 22.225383095554555], [68.99155389384934, 22.216833551820066], [68.98537832841062, 22.225312592262274], [68.99157384902506, 22.234853986627687], [68.98252475445214, 22.227532546238184], [68.97218459396633, 22.23803708429577], [68.95828431748309, 22.23790173212477], [68.95292137703353, 22.249787627340353], [68.95914353808602, 22.25712781735757], [68.9367136169446, 22.305324528795122], [68.94301087176497, 22.33280221684076], [68.95473558134368, 22.334474477113154], [68.9591345306787, 22.353528561119628], [68.96747659452916, 22.345023852198505], [68.97181430930452, 22.34564087796947], [68.95737471307079, 22.365178831143464], [68.9839794125614, 22.41192767485516], [69.00730723037202, 22.44020513802737], [69.06817556305764, 22.48119258681807], [69.08368144965216, 22.47439394410933], [69.07415097486792, 22.453916736957208], [69.04976992281087, 22.437572338140438], [69.05171840639134, 22.44561801992679], [69.03952796884684, 22.44551529252315], [69.04688330522295, 22.42300389789412], [69.03570670181654, 22.389998424928287], [69.0490678588736, 22.39769867135297], [69.05338063282339, 22.38841209511236], [69.06277907232885, 22.39072682700792], [69.06089179456194, 22.38313833524434], [69.08190729403404, 22.388009656554903], [69.11055001129117, 22.409753121543265], [69.1280358386708, 22.39491694200323], [69.12123037545317, 22.37544728247569], [69.13837960050256, 22.401348463958968], [69.15058104510425, 22.399048172566445], [69.15116966799081, 22.404519832811335], [69.16063612703125, 22.411971728395162], [69.15658597375814, 22.40578559668701], [69.1635614916523, 22.404055795483234], [69.18248961003468, 22.419344758096106], [69.17553962315918, 22.42267934873633], [69.19479675580256, 22.421720561774336], [69.18748514582123, 22.413100059636417], [69.19105976062735, 22.413766536811945], [69.19669218039081, 22.403532084279053], [69.19186945621038, 22.40985861515134], [69.1877176253252, 22.40242424066425], [69.20092912934415, 22.401226326784684], [69.19986096419935, 22.39047616492076], [69.16800911350606, 22.373326599770404], [69.18099318745124, 22.370466165060247], [69.16912583528689, 22.353970125777217], [69.17746341564579, 22.355957031860495], [69.17545732580108, 22.347692575885496], [69.1634161954433, 22.348422409875997], [69.16932403597791, 22.33329685147417], [69.15685995183495, 22.315796686743333], [69.1607946033221, 22.28405789104374], [69.14853796802603, 22.257366311540604], [69.15400587302328, 22.248539764921773], [69.13385476036531, 22.22245235050489], [69.13646527536078, 22.19535640606331], [69.15650799370327, 22.195052387361354], [69.16855123061036, 22.21462287089597], [69.17859572499341, 22.21264712355183], [69.19036076443682, 22.24345066814979], [69.19525417255537, 22.225141181541204], [69.21155969450001, 22.219271706487653], [69.21288055483592, 22.210161045586503], [69.23764942577083, 22.222518496039267], [69.23364973446046, 22.249811451920326], [69.24057856241777, 22.25818539143771], [69.2922356734863, 22.275151340755226], [69.29301944638516, 22.28672915534817], [69.32204378414467, 22.291816338412232], [69.32430457332188, 22.302653479484565], [69.34007723619959, 22.312491803524953], [69.33278416025922, 22.32764467904726], [69.35180834986795, 22.32665983025691], [69.36377235896026, 22.31700057434747], [69.4229845755544, 22.316019208094783], [69.4434603851701, 22.330389696602793], [69.49072582954561, 22.336790444668146], [69.49953871930111, 22.366141625073258], [69.54049929204095, 22.377026725167934], [69.5603150914511, 22.366976938394426], [69.5613821525664, 22.355658909274393], [69.57963880183345, 22.36717472118159], [69.59771609975907, 22.345978326478832], [69.60945932092085, 22.35236636188837], [69.61740864043081, 22.34523683434766], [69.62119278727694, 22.37164882716194], [69.63550950835287, 22.358004216268053], [69.65542232671201, 22.35938668718712], [69.66105238929616, 22.396137823656932], [69.70221601632448, 22.398512962733825], [69.69565156570769, 22.412720032694647], [69.70545918692675, 22.433543989876725], [69.69467864713586, 22.44251177110898], [69.69620210990766, 22.452349827084216], [69.73074871062059, 22.484376920240905], [69.73668993434775, 22.48430002054028], [69.73451762653106, 22.470033719431463], [69.74372517403866, 22.458764057759126], [69.74196908084593, 22.448490923277923], [69.73484001571687, 22.449045788226858], [69.74169122294542, 22.44621049624526], [69.73288415427295, 22.4426544388116], [69.74305538028136, 22.441733691484888], [69.74771110495551, 22.432952282327456], [69.73967378827696, 22.431996489950194], [69.7501398045307, 22.429013771192167], [69.75376152249873, 22.41646239142997], [69.751081277576, 22.459562608645548], [69.76458517783001, 22.475324779987993], [69.78512850302586, 22.458574610028275], [69.78144212612028, 22.444751795937954], [69.76546470844323, 22.446588544337047], [69.77927040670009, 22.44115738167385], [69.77415555937245, 22.4336163027527], [69.78859404169522, 22.434425611701037], [69.77936330328028, 22.41621766105923], [69.79205236060469, 22.430763709786444], [69.79401860926824, 22.42354130859641], [69.80555367281235, 22.423468325326624], [69.82087554940239, 22.432300093571957], [69.80565452936426, 22.448088544196594], [69.80351796551273, 22.463004399716386], [69.82422655466969, 22.47293241590277], [69.86402375431936, 22.46332727641514], [69.86784294624137, 22.4336582901873], [69.87146278673046, 22.43659597414838], [69.87067041695433, 22.4277279854037], [69.87184671949638, 22.43644630480414], [69.86441454033256, 22.463602680052205], [69.87118697159889, 22.47104365498239], [69.88234836742586, 22.476262563999494], [69.88690960190856, 22.47006934131262], [69.89916777332377, 22.46823450035684], [69.90403264645731, 22.45783829513712], [69.9106725106422, 22.452738537538604], [69.89969784941, 22.468957543650454], [69.88333289762107, 22.476374548043708], [69.89716753151154, 22.479080385160238], [69.91356858479513, 22.451532423397683], [69.91915234371794, 22.456285177653438], [69.91325628009668, 22.46423164179608], [69.92060034261597, 22.460752127550457], [69.9264028071745, 22.464293159184706], [69.9124098155708, 22.467350393883194], [69.8896243493247, 22.495126595197643], [69.93322746110155, 22.486795724248076], [69.90546546292873, 22.49805327745986], [69.93231757910984, 22.514596590754003], [69.93484287722248, 22.5007715322983], [69.94248464502016, 22.512157359474894], [69.94902774537762, 22.504197198878206], [69.94394982779127, 22.499830902497646], [69.9495191049734, 22.503749862599573], [69.94879853753791, 22.50737099360272], [69.9711177934229, 22.499893882185702], [69.95602128257809, 22.506650592505885], [69.9764107191792, 22.503345831506806], [69.9601498938098, 22.5095458864452], [69.96948975237898, 22.51942295099267], [69.97317030011665, 22.51457181814424], [69.97138142200933, 22.520988196440825], [69.95380878683052, 22.509198942309787], [69.95091127357654, 22.516713763634364], [69.95682771278503, 22.51709723971596], [69.94673559870876, 22.528052681257275], [69.95934949489167, 22.52280725551153], [69.95294770671492, 22.525566862922012], [69.96257637634288, 22.526325672898246], [69.95537026001693, 22.529788928934593], [69.96416778768277, 22.529989416986183], [69.96049212408528, 22.534896109584782], [69.97009511447251, 22.539104767031564], [69.97496168811689, 22.531623069738462], [69.97196154773158, 22.539902220371975], [69.98459477116783, 22.541273915928215], [69.97712471364174, 22.526998967304063], [69.98241971989627, 22.513075237068783], [69.98240825829157, 22.523721320841016], [69.9905625005858, 22.51992728472566], [69.99159409801031, 22.523904405352905], [69.98384255608488, 22.525034605942732], [69.98750158018838, 22.529988623740362], [69.97868021662478, 22.52524209845981], [69.98636324584011, 22.540952478119983], [69.98402955478434, 22.543073308334076], [69.97553508635602, 22.542667961850164], [70.01907897849439, 22.54634348903733], [70.03942360173926, 22.566355460521276], [70.05707230176473, 22.556513500825456], [70.12529343398408, 22.55278708863174], [70.13429567872002, 22.57417255617892], [70.1516041211704, 22.570333822461837], [70.15416207484023, 22.581224734247307], [70.16392017553096, 22.58342324458686], [70.15418447253523, 22.584553398928254], [70.15726420545133, 22.594264523188837], [70.18132793482084, 22.594262139584025], [70.1766467258404, 22.604433908514494], [70.19034665825234, 22.610291818653693], [70.19163856768324, 22.626840640630583], [70.20828503800749, 22.639052703508884], [70.19382962333988, 22.643138527326954], [70.22345297120559, 22.660890455038], [70.2180837703968, 22.6652601306852], [70.22313241368465, 22.673070948766107], [70.21248532401911, 22.677921297275365], [70.222402896334, 22.68579732659103], [70.21629212817334, 22.689828467410546], [70.22498574052373, 22.709877320482967], [70.21890059590825, 22.717998967393655], [70.2488189532082, 22.746982356884047], [70.2924928692974, 22.765963620522133], [70.30132008448675, 22.79829090343731], [70.37611168873025, 22.90835360944135], [70.39715645531432, 22.918232384682256], [70.39870769309638, 22.903873138323743], [70.3975372197222, 22.918473351716237], [70.40923659501327, 22.92588084291334], [70.40757619485619, 22.908983691991015], [70.40451824608573, 22.9039036628193], [70.39556961639919, 22.897994137873006], [70.39040605702696, 22.891894556199407], [70.39175524393872, 22.89210455546157], [70.40479387167275, 22.903542693338732], [70.40838166027252, 22.90907149789224], [70.41082351208178, 22.92652097326336], [70.41458610295437, 22.91309498353676], [70.40010167539808, 22.88907484378396], [70.41510853886913, 22.913441755316565], [70.41131849368482, 22.926902938456998], [70.41926598871643, 22.91854939657466], [70.41200477961242, 22.892392831792662], [70.38296046421934, 22.87150662894773], [70.40698911437697, 22.882653133106526], [70.41726442727904, 22.90153401540023], [70.4202272264946, 22.918213202982027], [70.42656431710625, 22.90437264507828], [70.41605674478748, 22.87772549831553], [70.39497100694166, 22.861649228546703], [70.40211851358518, 22.86452865356739], [70.38833644012198, 22.849655985458433], [70.41237587635123, 22.87204794949719], [70.40453754369464, 22.8593334360922], [70.41558480137824, 22.85637689339145], [70.40482727822155, 22.852014743747105], [70.41401806855585, 22.846061547486205], [70.40733505469458, 22.84709738537416], [70.39711834428839, 22.84568055923797], [70.42715510493267, 22.8420180556754], [70.41467815152491, 22.834239533429653], [70.40343749374718, 22.838969443879737], [70.39137047034968, 22.839497827530483], [70.41399533039936, 22.833979517185494], [70.3964452312561, 22.83346036080218], [70.40979776358812, 22.829727389074144], [70.40241893896227, 22.82791800358977], [70.40709117916293, 22.82158715668698], [70.39658059928456, 22.821822026505238], [70.40702080963514, 22.820987444507033], [70.40403542587501, 22.816031936243938], [70.3772325418631, 22.817896586589338], [70.40381903340116, 22.815252252007483], [70.39304799688766, 22.808691738061615], [70.38811125763307, 22.80321082666139], [70.38978014597129, 22.800690943413546], [70.38367398976129, 22.797373788164872], [70.38289641433954, 22.795043012077862], [70.4071101273272, 22.812871700692146], [70.41475749073079, 22.82753978537945], [70.42305748018833, 22.828737623460174], [70.42399264706035, 22.826849372363327], [70.42145312143025, 22.823403610343572], [70.42123478410382, 22.818650836598216], [70.42434422071308, 22.826806958422136], [70.42377622314547, 22.829050625928314], [70.43018621204241, 22.825140609225134], [70.44944654987475, 22.843478091182675], [70.45623952022171, 22.835830387103215], [70.45279773750003, 22.84435344450225], [70.46483375015559, 22.860720531043384], [70.46209422181403, 22.840249902221036], [70.4688105029852, 22.867688815818326], [70.47695507401708, 22.86307817771761], [70.46920187469998, 22.868737776885258], [70.47243115914458, 22.882395952206146], [70.4830551890568, 22.878757278595824], [70.47275663853495, 22.883325409410368], [70.47723579574674, 22.905926096421542], [70.48046937862998, 22.896775608578068], [70.48297718205248, 22.897421971143093], [70.48270882473437, 22.900482912097104], [70.48549431088591, 22.90087439172861], [70.4858930946001, 22.895343726178986], [70.48967749746608, 22.895285546559947], [70.48878871240883, 22.89265506917433], [70.48911967242074, 22.887027879821883], [70.49068458345975, 22.880276072195663], [70.4901802423098, 22.89528935739857], [70.486309742212, 22.90123465582729], [70.4827165547374, 22.9016046810475], [70.48035318244628, 22.897548146338693], [70.4797891141097, 22.90772433157207], [70.48476906771938, 22.912853915922394], [70.49400636742917, 22.89650262118963], [70.49986777584337, 22.903684877302904], [70.48360855576338, 22.913943996227044], [70.48330814925092, 22.932244186134525], [70.49026777774432, 22.92685228720997], [70.48301881088103, 22.93538689774807], [70.48754351357607, 22.93421227550364], [70.4938519326588, 22.91985528089604], [70.4982692184054, 22.914133162276205], [70.48821495304698, 22.934295864827128], [70.49670212625686, 22.933230708057497], [70.49913398520692, 22.922631492735523], [70.49672377924847, 22.93409494442601], [70.51934160908276, 22.934945450346348], [70.48000984724302, 22.937470107994482], [70.43238475695362, 22.967433192990523], [70.46229632927822, 22.96636519787392], [70.47891287043214, 22.97523102953063], [70.5120979117369, 22.960512983778067], [70.5413578290864, 22.959949046527658], [70.56140058515814, 23.029366813066773], [70.57190860034633, 23.037510847368065], [70.60184826568484, 23.03461963535801], [70.59652126233821, 23.06103354561678], [70.629012654225, 23.062833010834023], [70.63824010660264, 23.081531969767177], [70.68880519596738, 23.11728784831618], [70.68433159753059, 23.140539496843864], [70.7126471833955, 23.154816263590753], [70.70360523042909, 23.172662221217667], [70.71788205372998, 23.189223470041327], [70.71169539948738, 23.214302788657687], [70.69718068612958, 23.211447436243166], [70.6667235875942, 23.228936473481895], [70.64673611384504, 23.213826897524257], [70.63586026280248, 23.18542374681331], [70.50519047266654, 23.176630923223733], [70.47552558400713, 23.19648036313129], [70.42343234985132, 23.206731336747723], [70.43120057888147, 23.21541444986347], [70.31229596383449, 23.215377137031027], [70.297857052117, 23.210008302432914], [70.30136101083278, 23.204735262157133], [70.29410224963793, 23.207535171871072], [70.30886708900512, 23.181331189611875], [70.26487389459592, 23.16165875377216], [70.24036750150556, 23.168238433355867], [70.24243258551162, 23.173978258517675], [70.23823203270037, 23.16869212805491], [70.24267517555408, 23.164491357085538], [70.23259370651394, 23.164610383005364], [70.22787358431198, 23.16007051538976], [70.2336982300715, 23.155751089481868], [70.2337972405855, 23.16254164364416], [70.24531303347014, 23.163460637649624], [70.23755510991295, 23.137879888046776], [70.21579793529116, 23.141784325284604], [70.22812013143331, 23.127692939740776], [70.21582621245966, 23.1292006922796], [70.20897382753978, 23.108263812872604], [70.18494114394649, 23.086098185134876], [70.19054651633505, 23.085656985997396], [70.18067622594681, 23.07670777067156], [70.18857185315224, 23.073737826394293], [70.18306383388597, 23.066547117294377], [70.17558807475278, 23.07003771725514], [70.17221634265694, 23.058807913821088], [70.16498553433877, 23.067242848534153], [70.1647686334185, 23.05367860589248], [70.14934124880001, 23.036830704901693], [70.15907381308214, 23.034738388690652], [70.13907083620781, 23.026269471694665], [70.10779521165017, 22.977792807197225], [70.09347968713021, 22.97150136585236], [70.08349768674482, 22.97769903080304], [70.09053031503319, 22.970173587232736], [70.06843019238201, 22.957620802147037], [70.06243164176664, 22.966412911330448], [70.06301897377413, 22.954991432294108], [70.05337902310282, 22.950571075703895], [70.03584095779111, 22.952859689057597], [70.05607184443954, 22.948264384449576], [70.05178250124727, 22.94413420877443], [70.05923833664579, 22.948891718654004], [70.05558736054893, 22.937834273077357], [70.06400991614383, 22.94605175256812], [70.07286120348783, 22.943164599210856], [70.06141334749317, 22.93253427332601], [70.08502854354974, 22.932647569283038], [70.08026932756496, 22.91982928831907], [70.0708307279764, 22.92449676115955], [70.0107268687841, 22.907316748456864], [70.0080290878487, 22.91293616970383], [70.00734574659857, 22.905215725550942], [69.99309773765876, 22.911371044815173], [69.99958874561119, 22.90651412224773], [69.95908183197128, 22.899109049057145], [69.96229016770346, 22.893418001795517], [69.9270953947838, 22.895854180428508], [69.89879019793511, 22.87108854537951], [69.8776945220273, 22.873989251779143], [69.80071468014216, 22.850883549345337], [69.76865829024518, 22.826227137068635], [69.73031879219695, 22.82080666880682], [69.71995374029295, 22.808716828608798], [69.68245087650648, 22.799786139462423], [69.64747069853179, 22.79600818059262], [69.64725575504049, 22.80874800464238], [69.6369445822906, 22.804978635585197], [69.63432842048529, 22.81158106554717], [69.60596100721833, 22.80277058254428], [69.57567148670424, 22.817545881219104], [69.57601436017346, 22.81020634923244], [69.56942136648682, 22.815685098760973], [69.55692428542685, 22.807143423748194], [69.53444078337196, 22.80840033627351], [69.5308718971224, 22.799701271523784], [69.50236989017472, 22.809235296820262], [69.50472575344835, 22.798775727911906], [69.49433486240353, 22.796726655896478], [69.48289666329816, 22.805503946454166], [69.47739835032856, 22.79533537078541], [69.45738887234651, 22.814092557275266], [69.45206952983264, 22.80813191209906], [69.41827198392949, 22.81248551295655], [69.47003077530502, 22.776265247478676], [69.49475209931026, 22.779683625280867], [69.47181214080165, 22.773563612967553], [69.43428344865414, 22.787836083343635], [69.44374349102851, 22.77990338474654], [69.38127122718285, 22.81858813632437], [69.34947984478632, 22.819924851322085], [69.3017392976267, 22.83320736881431], [69.3046989608236, 22.837566828346915], [69.26795996057437, 22.82500797152897], [69.23145703758179, 22.83486853256045], [69.23206908224275, 22.84078511004559], [69.24691671393975, 22.838398626323116], [69.22826604472448, 22.848654209829256], [69.22223339136599, 22.835991021451193], [69.19588325915555, 22.83783322576385], [69.19423330460859, 22.851664663550107], [69.16598289421243, 22.859994258241784], [69.17498752038219, 22.851243608345236], [69.13051963102404, 22.874143337190343], [69.11768505830172, 22.891000763045344], [69.12146990583379, 22.889900756089055], [69.12506244831803, 22.893372112203455], [69.11143098909031, 22.891410949890698], [69.10881232098535, 22.900199627969084], [69.10786641295748, 22.890351638895922], [69.07737901245093, 22.910338686731613], [69.08289046687484, 22.9104166715628], [69.0793067171006, 22.921065510940803], [69.06886032993413, 22.918355809256447], [69.06870656530695, 22.926563428050546], [69.06307888954652, 22.918045464966603], [69.00801607299641, 22.947435963092346], [69.00408535882515, 22.95176456254192], [69.01678643560807, 22.94584501181719], [69.02390554021726, 22.944734494777165], [69.02110110500313, 22.949846844918078], [69.00295247725066, 22.9581522111273], [69.00032558327267, 22.955011019892616], [69.00548666059976, 22.947511371270096], [68.80205823814988, 23.064316147347192], [68.75947485795098, 23.07959025845978], [68.63228744360775, 23.170311028994487], [68.58386631661922, 23.22365316538585], [68.58184552045499, 23.239366296209184], [68.60589133741773, 23.23674221857979], [68.62873483752611, 23.254922343990792], [68.61812136281848, 23.28462145379352], [68.6344578973017, 23.300499714309506], [68.6124458050568, 23.288018293762722], [68.60130009830625, 23.256111532331722], [68.55233524802567, 23.26313723905347], [68.56552766553979, 23.245778050066498], [68.540140789622, 23.248295722634953], [68.54421415446376, 23.25732162199653], [68.5359807122025, 23.26135874180142], [68.5321611160386, 23.280527094257163], [68.54405096561094, 23.300776715927228], [68.56187126721187, 23.313675039783348], [68.57608410441337, 23.303173487365072], [68.56986353337894, 23.31657342830297], [68.58157758534509, 23.313100432371645], [68.58240030739805, 23.323193204763427], [68.61054699920982, 23.320901032531758], [68.6206289569335, 23.32836272686815], [68.55923953041616, 23.33848287953857], [68.56458933929291, 23.36387571318597], [68.5808683483603, 23.370890468335574], [68.56661647037652, 23.37343216785739], [68.54968721579074, 23.35550077693229], [68.50064546882356, 23.369389182144307], [68.48718249311892, 23.34956288166492], [68.48730630252466, 23.36237689002912], [68.45858652957907, 23.367202748315155], [68.45926425096879, 23.39148429551845], [68.44256175631352, 23.40237472353303], [68.44979962718644, 23.436776360195633], [68.41946539213076, 23.406344443020522], [68.39976722441213, 23.420101786122597], [68.3999936537626, 23.43841881928512], [68.40966011731119, 23.44202992804751], [68.41330305168965, 23.45995335167442], [68.4430258798882, 23.47265003785103], [68.41828617725056, 23.472702166933818], [68.48036625820274, 23.51790233445587], [68.45635092377253, 23.511395055381684], [68.44775974541567, 23.522129771784872], [68.45206501124632, 23.537545722759653], [68.43646142208489, 23.53873574994077], [68.44161950712379, 23.505733833406033], [68.41610374631891, 23.486678020673015], [68.326367809433, 23.49609377867267], [68.31013500341564, 23.57864481398337], [68.3001104498352, 23.58280453560317], [68.29930804587735, 23.593159374247833], [68.28819121098007, 23.58792190529], [68.2711183948321, 23.59471834348315], [68.26426721275638, 23.585736866169366], [68.14191159018804, 23.60126988023763], [68.11931343525514, 23.61589624199684], [68.09347709896305, 23.660119408503945], [68.10621325585609, 23.680909203953064], [68.15725249309578, 23.68457798709879], [68.17223640910291, 23.6959954558199], [68.20240910640922, 23.7661069383229], [68.19786402363538, 23.83557932029821], [68.20844197087182, 23.87500889560212], [68.25204945025756, 23.8963856248092], [68.28012114262457, 23.93064986120628], [68.33193985342619, 23.92397428474711], [68.33879270097843, 23.966215428356538], [68.35838042442614, 23.97997822954671], [68.37879334298883, 23.984256501063737], [68.39040511457338, 23.96636295451638], [68.75294813567781, 23.97116594366066], [68.76926777285055, 24.264406560474658], [68.76463391047547, 24.295891749585902], [68.8081600159712, 24.313670356207705], [68.8306358437186, 24.311934180709564], [68.84758000674486, 24.239234023153706], [68.85731045549451, 24.21427293966673], [68.86472767321726, 24.21274432173997], [68.88019811139236, 24.216535457917036], [68.90691854982413, 24.279844443313188], [68.94554513416581, 24.302580192525248], [68.98464276180484, 24.227602492053034], [69.00335295967908, 24.223041133554783], [69.09489665097139, 24.27400419290616], [69.19383047667901, 24.23621478235229], [69.31296887648203, 24.281301806388107], [69.37486460696823, 24.268960731419337], [69.44486739753499, 24.280110789532785], [69.49141560273316, 24.267499646379292], [69.59415155057573, 24.292823060170402], [69.73152158965, 24.170900891002937], [70.0251595273289, 24.17099801027024], [70.06704200690884, 24.199069762476885], [70.10998551990852, 24.29478921312039], [70.24990121471639, 24.32424391365692], [70.3163085001551, 24.349722487141623], [70.36854599835566, 24.35068973912147], [70.41164755375992, 24.37518771818838], [70.56134004050462, 24.420559675885556], [70.60255230591571, 24.40787476882921], [70.58027826673057, 24.363038568720302], [70.56178985481516, 24.353687285596266], [70.58433524809818, 24.290068493479907], [70.57108390289808, 24.251410612324516], [70.644145253988, 24.224689264976664], [70.71354619846723, 24.2154093672788], [70.80600015712854, 24.220589453186925], [70.85164476045718, 24.24424228739227], [70.87675097752735, 24.245355066892646], [70.90878804106927, 24.263172469844683], [70.87515197991488, 24.28053301788735], [70.87841957570971, 24.301701892864774], [70.91670599410448, 24.321038583208246], [70.94693704597164, 24.348467820571713], [70.98576985116323, 24.365354853794674], [71.02001600493946, 24.3477755856999], [71.04920009639415, 24.35630595577511], [71.08413058136394, 24.394520096997333], [71.11962462173229, 24.40261102683134], [71.12557327452689, 24.42021903859558], [71.10296839480573, 24.43586399443216], [71.03722626602088, 24.432351908970723], [70.99847674274095, 24.444094550048597], [71.0046159524618, 24.523234431696157], [70.9873969804171, 24.54326711435242], [70.99247950995411, 24.563825656936913], [70.98631194850456, 24.59529164919167], [71.00844093582248, 24.635547370429922], [71.07416521777763, 24.66226633870748], [71.0965508717385, 24.68942178343348], [71.0651607335417, 24.717635833971933], [71.02629459276824, 24.809069262520456], [70.93737446270421, 24.938815389319483], [70.8881684650755, 25.14834688443521], [70.75134406450145, 25.277883605262982], [70.73650197990129, 25.332594916194402], [70.66451003542788, 25.397065768745456], [70.6782434103212, 25.525689894538882], [70.66690995387967, 25.531402492071525], [70.67370873363159, 25.675984684897227], [70.6598314701893, 25.702197519089275], [70.64696516807281, 25.712751917773673], [70.60853497521516, 25.715094876353746], [70.52986171828962, 25.6835526810012], [70.38674341630613, 25.67391934614868], [70.26837380909629, 25.71377813821129], [70.24668970703297, 25.76226042259631], [70.22220463455754, 25.79322695556578], [70.1741067842903, 25.828460149794672], [70.09951715995022, 25.938344584969506], [70.083184406476, 26.08342885286408], [70.14090045650656, 26.156021532439528], [70.17492547829752, 26.251373462272927], [70.16338511199827, 26.29495612992012], [70.18509596319582, 26.37434056703219], [70.17674744135677, 26.424021871997365], [70.18415600650673, 26.484757252609104], [70.17402977980582, 26.551401439766384], [70.1171814169998, 26.586975290116378], [70.05602328510854, 26.60058496530485], [69.88592549481983, 26.578806111903273], [69.82226906727509, 26.58921779884752], [69.79168573388273, 26.598305697932332], [69.71951790556489, 26.654808070382735], [69.51008650560189, 26.74357252253747], [69.48422685443494, 26.80489553583903], [69.5131019981954, 27.010006601795624], [69.58690286039355, 27.18353288172891], [69.64457223216529, 27.225169754263142], [69.70206071288322, 27.28389184840674], [69.86290857225093, 27.40220308521132], [69.93351590205444, 27.497758058465564], [70.02565331596921, 27.562880454230196], [70.13220090449552, 27.805608621740884], [70.22584686286017, 27.900821372855162], [70.29584602243652, 27.93587496391909], [70.37191892521082, 28.011794687524688], [70.50541726763137, 28.036953954192], [70.58917220159267, 28.01044668438217], [70.59829463103216, 27.993096390370994], [70.67705904000958, 27.921813252221344], [70.68398201544281, 27.828182411522413], [70.73946152182565, 27.741882128552312], [70.75906258705197, 27.721209107323165], [70.8716106099608, 27.705557247483192], [70.96275563970983, 27.729309361258412], [71.20512550600849, 27.83534678454248], [71.38259685230386, 27.8724974899032], [71.66597639954401, 27.877770605240695], [71.8982659735955, 27.9615331595678], [71.92773446088935, 28.12161360385348], [71.99610862650727, 28.208039993012942], [72.13220294918193, 28.31290597113663], [72.20611721829479, 28.39412402724347], [72.29929864075804, 28.669502190393537], [72.39216362088266, 28.771941016062584], [72.73245143598186, 28.947638095423425], [72.94523685505989, 29.02773503166105], [73.0042849018409, 29.152913417012787], [73.08450577633793, 29.23584349152885], [73.28242142743372, 29.571966235183602], [73.39699061661265, 29.945880838385424], [73.59705445755637, 30.018904976515735], [73.8062347532446, 30.067678359211545], [73.82650953786603, 30.091196443797354], [73.9725888702823, 30.198127560826826], [73.95647940564837, 30.2760508762376], [73.93091521217495, 30.320098003613584], [73.90258595754466, 30.349093627737652], [73.87984832119756, 30.359767068301867], [73.96435303490911, 30.42421878192573], [73.97375378038988, 30.44389129880939], [73.92645444347704, 30.438909897276307], [73.9372897652289, 30.444965577609036], [73.927979490877, 30.465836089337376], [73.93458882851193, 30.490149285372894], [73.94771489106924, 30.483866854828324], [73.95012874418772, 30.460036093680774], [73.9641342529166, 30.456436442046712], [73.96974503675641, 30.475212256695404], [73.9636632644165, 30.484781923154326], [73.98196864818603, 30.503972316561896], [73.99272898576453, 30.514211998621036], [74.01994543437034, 30.51414093586112], [74.0109313875682, 30.521059426995826], [74.01188613861173, 30.53362019122216], [74.03101168782892, 30.526888267184983], [74.03921782669543, 30.54256099242403], [74.05006971787274, 30.537149169291403], [74.05732612188827, 30.51862347852319], [74.07227887354153, 30.522869507172743], [74.09087145589392, 30.549362724942178], [74.07345632413053, 30.554593405264065], [74.1019152029614, 30.57912758581212], [74.09522229505559, 30.601120486034407], [74.10187554503653, 30.610937275038168], [74.09592383976663, 30.611405259024334], [74.10500084679207, 30.619187160582626], [74.11792362509217, 30.60784405378204], [74.12738427562599, 30.634726353391024], [74.13773678165875, 30.627376580274845], [74.14907423739994, 30.631598660472786], [74.19340123768387, 30.665152298430545], [74.2191519483597, 30.693489981310165], [74.23256679053476, 30.724503201054798], [74.26090243937328, 30.723095011873987], [74.26838676753597, 30.7343546215543], [74.28619876870367, 30.735018647837734], [74.26088709255495, 30.774458751172045], [74.30179934761063, 30.77936224766323], [74.30678657577742, 30.789207571400325], [74.29476266702198, 30.794462560710752], [74.3197626026143, 30.827342129013363], [74.32038982970188, 30.846562990168763], [74.34822457973459, 30.854953569878994], [74.36337736733702, 30.847204931913186], [74.3645859580253, 30.857316977821704], [74.38218953118249, 30.860374502001594], [74.36091095468957, 30.8736588787874], [74.36588650206274, 30.89293587158646], [74.38301786051946, 30.89533083278306], [74.39729663406284, 30.90940151878845], [74.42276762732551, 30.90777203948958], [74.42442967139957, 30.915844447559095], [74.41030829976197, 30.923460004105905], [74.42353758503363, 30.920766030050476], [74.42875642852508, 30.931124481450244], [74.41373853823393, 30.929621901280942], [74.41639074134676, 30.940318313970305], [74.43946725096511, 30.942074716921493], [74.44198240440325, 30.951727828218456], [74.46635595103614, 30.95676404693374], [74.4569281671636, 30.96422814011437], [74.47979769865226, 30.974228376652043], [74.50412917448548, 30.964894222832175], [74.51615359258568, 30.97944869011883], [74.54637939020675, 30.992428890317928], [74.54245626320636, 31.017243087828682], [74.56816342086232, 31.05480695773357], [74.5903215827657, 31.04997322621532], [74.59688637564062, 31.03764061830578], [74.67110201336163, 31.05357593357313], [74.69570287149064, 31.074315244416507], [74.69068904959813, 31.081452303456103], [74.70237091672432, 31.0916870355041], [74.68908628804462, 31.128020129489595], [74.66643282833127, 31.124445337608655], [74.65911173303883, 31.13407530751029], [74.63636114927355, 31.118186667363716], [74.63084212923833, 31.132743471157283], [74.60323146125828, 31.13373410557503], [74.59650273931877, 31.127320168933252], [74.61053442764997, 31.099154323983257], [74.60071970704522, 31.087991537836665], [74.58906191566695, 31.092467438689617], [74.57127104017978, 31.081348025204612], [74.55128395360451, 31.086525580974214], [74.54840381107317, 31.122094548482973], [74.5102838522972, 31.1320126179825], [74.51060006826037, 31.18109874821476], [74.51950491585657, 31.184209406855597], [74.52599942274703, 31.211897739711056], [74.51710274263341, 31.228451076020523], [74.53267036594582, 31.249728748064726], [74.5210283507806, 31.27211576894907], [74.5420067237803, 31.303758048245566], [74.52632054351163, 31.31246196315078], [74.53477593612341, 31.31348075203174], [74.53674255309625, 31.33024240116158], [74.5486860114298, 31.334878705278776], [74.55164759612308, 31.364420353226325], [74.58341039951719, 31.379069642143918], [74.60113982664569, 31.41996346991315], [74.61926174928138, 31.41989890959305], [74.62230603198141, 31.43018758812095], [74.64346789126782, 31.41614562305923], [74.65458693871567, 31.42591998837608], [74.63855114222326, 31.444205682423934], [74.6521524108709, 31.457236509980216], [74.63627468463083, 31.47772677495467], [74.62768712558626, 31.476905631729508], [74.63659784007959, 31.48478753643996], [74.62219902017323, 31.482029911810915], [74.60973169401036, 31.499799885497612], [74.5873515422306, 31.4960886284859], [74.57528331778558, 31.50090347329605], [74.58721473150779, 31.504204437663617], [74.5800606033823, 31.506993910264804], [74.58412134060612, 31.520780896267425], [74.61277766105158, 31.527251032343663], [74.61869338520111, 31.551560931622983], [74.60664647598117, 31.56239854377451], [74.61582170659639, 31.569041432122187], [74.59204947694333, 31.57410073086434], [74.5753572572183, 31.603935644494133], [74.55542085359137, 31.607915429488408], [74.54023794098589, 31.65994152994383], [74.5287719695652, 31.66640642362448], [74.53502033716953, 31.67760045786409], [74.50193245495093, 31.695638992974914], [74.4992003835245, 31.709392849187974], [74.48655240076815, 31.715055384877434], [74.5029159493886, 31.728441278110235], [74.50385494667701, 31.740289463591118], [74.55936893399372, 31.757878018553743], [74.55129434621404, 31.779046778754758], [74.56713684591855, 31.796379598407547], [74.55782216083861, 31.804779006001155], [74.57309163151157, 31.81605564902716], [74.57209079330072, 31.839035519078017], [74.58338932593895, 31.85191416674068], [74.59063036247493, 31.848636846861325], [74.59784550597114, 31.86804736476316], [74.6065649412927, 31.868519303551018], [74.60777452102613, 31.889958203888362], [74.63660310690207, 31.88403082549267], [74.6577079617955, 31.90182107519125], [74.66662846163719, 31.922603540559095], [74.71897696016582, 31.923825032639], [74.71389380270645, 31.932162383067325], [74.71964749413492, 31.941464057262728], [74.75614334738621, 31.94381835258233], [74.75533829788984, 31.95582816809603], [74.76848296186174, 31.947653081768006], [74.80587910938571, 31.963031941238896], [74.81894454374618, 31.958661410801543], [74.83118690571075, 31.980852727265002], [74.82885259841066, 31.99918774175326], [74.85315145372095, 32.01346812496463], [74.84832834955316, 32.02045048841534], [74.86552638995343, 32.02324780336186], [74.86538675762229, 32.03043906595693], [74.86880052009364, 32.02201517793329], [74.8799495730686, 32.0318819769005], [74.86874905740765, 32.04186376735275], [74.87935144061645, 32.053838106925845], [74.90464551337885, 32.05032538412276], [74.93393469873865, 32.0655909903998], [74.97386373334278, 32.05348793381226], [74.97168824638831, 32.04256654877933], [75.00285877434592, 32.043603496276766], [75.01228087817093, 32.035743744521], [75.02150380483619, 32.04864333873398], [75.03388505173356, 32.050700012342574], [75.0406372780925, 32.04263787553655], [75.06860116813382, 32.06720589513654], [75.0839025227112, 32.06009205573638], [75.09103595634751, 32.071863174515514], [75.10481788787689, 32.05866800364596], [75.10661078414849, 32.06971576251088], [75.12278854230357, 32.08150420442217], [75.15757927456801, 32.081861279556975], [75.17414866135601, 32.067710879543], [75.19827082882969, 32.082836881769175], [75.20305378908407, 32.12021502969315], [75.21561213075483, 32.12120785473826], [75.21770799463579, 32.103390724742965], [75.22367258893341, 32.09821433316971], [75.22692403032451, 32.1067521709672], [75.23502583975225, 32.103792004750495], [75.22930309169206, 32.093326452022346], [75.24020657131949, 32.09108513288681], [75.27830861229879, 32.11696297535954], [75.28538133868649, 32.15180470552503], [75.299400502706, 32.15353605904674], [75.32237280505645, 32.17972979658455], [75.31024501422323, 32.19478448473488], [75.31627203963647, 32.20816960624782], [75.33134920975321, 32.21966584117648], [75.35769966805209, 32.21820025739832], [75.37249873143497, 32.22603706838868], [75.37044910833326, 32.25817722194306], [75.38146525017207, 32.268971331838074], [75.37178271486472, 32.27973479861509], [75.34381032945575, 32.27897797152723], [75.35021790098627, 32.290056333749604], [75.32100632288052, 32.29736283850644], [75.3373308046676, 32.321098566162476], [75.32585951252554, 32.32911104735308], [75.3221618303221, 32.34450616043716], [75.29900372582813, 32.34661198315462], [75.29864680630129, 32.35482112326008], [75.28816528063396, 32.35554685983351], [75.28948588135682, 32.37046607985468], [75.27249652947859, 32.37641473307656], [75.25773197487729, 32.371632015875264], [75.25651131083151, 32.38934948266444], [75.24488169511221, 32.38444184446263], [75.2126459475856, 32.402441276773345], [75.20890305497056, 32.39476870496571], [75.19297018474845, 32.40110758869781], [75.20090187931254, 32.42018039633501], [75.19114951616154, 32.42615931574437], [75.15319314778537, 32.42143211933302], [75.13186841764968, 32.40883287429426], [75.12672283356642, 32.423841323717454], [75.13403967533588, 32.42787451057268], [75.09900806072636, 32.477533861681934], [75.08520718821916, 32.46877744599732], [75.02686557927257, 32.49648507965941], [75.01463416058476, 32.46385035685], [74.98448163045657, 32.4500875538082], [74.96932684410274, 32.459476907271835], [74.95208050937441, 32.44622806821451], [74.93892933171838, 32.47079590744045], [74.91871581040277, 32.46353855137397], [74.90600948835686, 32.472479376017645], [74.8991923326675, 32.46748250827778], [74.87681707131617, 32.47751907508456], [74.88412677597074, 32.490311057755946], [74.87700028990491, 32.49317354901791], [74.86804161974845, 32.486070857070445], [74.81987894884685, 32.49876528240429], [74.81214570021393, 32.47972959363659], [74.7551928857983, 32.48218458143049], [74.72756734441208, 32.47540311768296], [74.71135160369016, 32.478196566558154], [74.71045930442335, 32.49247333261661], [74.69451691655092, 32.48604878763564], [74.68056459976492, 32.49189780018264], [74.69083247012492, 32.531393382495025], [74.66160971428201, 32.54606870867525], [74.66113382277717, 32.55415887699411], [74.67255523506475, 32.552778788773026], [74.67280190525531, 32.568309530220574], [74.65177936748285, 32.56338404604145], [74.65459426986678, 32.581341838585104], [74.6480840649167, 32.58562486810001], [74.65886302277437, 32.59705341944351], [74.64098137342609, 32.59990877246008], [74.63774828012458, 32.613257548977856], [74.65535629185769, 32.61630325975227], [74.65397025605301, 32.637557795111206], [74.66964495585228, 32.63865829549451], [74.69513493231358, 32.66059097732108], [74.66633829771564, 32.67561370452091], [74.65291813841236, 32.69702885275592], [74.66346946138037, 32.72575489689609], [74.6548843655163, 32.72822953521154], [74.70484079237713, 32.82104993007795], [74.70460284662482, 32.841830556849686], [74.66644818952255, 32.824705575258804], [74.65599045843084, 32.832629180248944], [74.64081663587768, 32.81922329708448], [74.63367825252413, 32.80803031310728], [74.65899452804717, 32.78748723608254], [74.63159579599886, 32.775429745602025], [74.63504482453152, 32.75031929341333], [74.61715603627175, 32.76093882821209], [74.57903804300946, 32.747947027799], [74.56263562518518, 32.76021314925657], [74.54746656100798, 32.74575792410883], [74.54235072104188, 32.75247990174455], [74.51334718467126, 32.74433671989817], [74.5110629018543, 32.76437178145568], [74.48478175576616, 32.765216490272394], [74.47531447386888, 32.77693533537325], [74.46396444620535, 32.776364265072004], [74.4596100326471, 32.78857090006386], [74.44273858464987, 32.779583457827016], [74.40561085103786, 32.7824196395224], [74.39637182656264, 32.76602809023137], [74.36991527004233, 32.758684604977304], [74.30837176897899, 32.792208218428414], [74.30088456980064, 32.82297936540806], [74.21651264325772, 32.8449371285576], [74.20159836195654, 32.87036329000273], [74.17736143650205, 32.88266539559669], [74.05914396617197, 32.90896538990421], [74.04772015717913, 32.932007570764995], [73.98742880611229, 32.93539311846956], [73.99645034127064, 32.95982038800361], [73.96769951805726, 32.96884519837744], [73.95749773136293, 32.98660019325217], [73.928241171916, 32.98467205087587], [73.89570358865717, 33.002005522588775], [73.82881753261319, 33.00709546293939], [73.81746149522024, 33.00005418312719], [73.807535944069, 32.97218576217085], [73.7856447731462, 32.96538802991893], [73.77892703400937, 32.97434500965073], [73.78790034490828, 32.998120789598715], [73.74255826542134, 33.03899730581486], [73.73446586764283, 33.066296960500324], [73.68775829682164, 33.08808163471849], [73.62710565951721, 33.08954648927238], [73.62531150290926, 33.13967661603465], [73.63682355790405, 33.141946212892094], [73.6556546043368, 33.168880985802446], [73.6568957948868, 33.207705155934946], [73.64013144763095, 33.226394752737576], [73.62795802597464, 33.21534157592572], [73.6244758792522, 33.23654976556929], [73.60484505284052, 33.25132817325516], [73.59719901265532, 33.2823476457059], [73.60330739668717, 33.294914343091534], [73.58897287729059, 33.30488304055774], [73.58128022981356, 33.326114357415065], [73.59005162638601, 33.33656218235467], [73.57427789451316, 33.33383437183073], [73.56504535317941, 33.3421278161544], [73.57057364113336, 33.355856819669555], [73.5577569538683, 33.36805806603127], [73.56412648533995, 33.3939467147581], [73.59063996540493, 33.421788594829025], [73.58191012130413, 33.42904780175684], [73.5871361189786, 33.4431453809114], [73.62411811351217, 33.45716751446844], [73.61232110482456, 33.47981356308685], [73.60076795460049, 33.47798931471152], [73.59576680613998, 33.50008498864065], [73.6087375940021, 33.50047024336851], [73.60649874797224, 33.51958299064489], [73.63233140566325, 33.53311609595431], [73.61819178475076, 33.54362660030614], [73.62022037380001, 33.57381207500589], [73.60013806849952, 33.592874248356395], [73.6029663755441, 33.60722502162605], [73.5886848468678, 33.60421407159134], [73.56058956833465, 33.62106245944756], [73.56835312073542, 33.64070114746136], [73.56238597252752, 33.675488377441525], [73.59034841628124, 33.6984823784548], [73.59684169786954, 33.715836286507965], [73.59050377362138, 33.75373726290513], [73.56565392764844, 33.768618584522244], [73.55759834103361, 33.78317668733507], [73.58911646849708, 33.883919431646746], [73.5782426422573, 33.91038979425883], [73.54882905011209, 33.93107775216737], [73.51570815121357, 34.00009079879004], [73.48823590104246, 34.144317627055955], [73.49230410865607, 34.21970415534622], [73.46926019530616, 34.251306828019494], [73.47780577428091, 34.29017050811865], [73.46700963794007, 34.29557010519477], [73.45304755377197, 34.27784192599938], [73.45281240627173, 34.29688405165609], [73.43731965933483, 34.3290912185538], [73.42338610925344, 34.33920001600484], [73.42428333847431, 34.35299704509487], [73.40069420703577, 34.35790973828102], [73.39054879950692, 34.37668436719673], [73.40848175792934, 34.3863442110204], [73.41941345363972, 34.417295461971946], [73.42147518243826, 34.47021677009275], [73.43672585316898, 34.503973287051], [73.42915882879618, 34.52091786160105], [73.4405069762858, 34.53793434976325], [73.4469765037233, 34.57375042647675], [73.49995145050013, 34.580073620677865], [73.52222774535494, 34.57422604968298], [73.55656873697063, 34.59296311191878], [73.61761008338351, 34.585629556821516], [73.6386778010247, 34.56571924306951], [73.65006238508062, 34.56778986270831], [73.6600623212289, 34.58852372095282], [73.6593894857761, 34.609954000024516], [73.6954326716675, 34.65356773556488], [73.66613818445103, 34.665651969108865], [73.66664767833743, 34.68416942696729], [73.74926615722603, 34.78665564482708], [73.77298458408183, 34.79638227563561], [73.82032073395493, 34.7954695941076], [73.8488802735049, 34.817213284852926], [73.86658336202947, 34.81099054280628], [73.90041251156248, 34.82133555519505], [73.91731438639675, 34.813989356167326], [73.93481342709595, 34.8330177931532], [73.96354003622082, 34.84121388884353], [73.97352731600512, 34.86484441673548], [74.02949837961319, 34.877137862337975], [74.04135736397058, 34.89402915734371], [74.04303330767704, 34.92135628794762], [74.07316230463977, 34.93947844829364], [74.05966406646706, 34.993129910268465], [74.10736941224388, 35.018995199397466], [74.09686931480667, 35.03367662602335], [74.06550075953282, 35.04802250136629], [74.09239123197995, 35.096031890895574], [74.13335822947067, 35.1120897580048], [74.10980519413664, 35.12969757621738], [74.11333918532915, 35.15138324230884], [74.10116625055963, 35.14532613823786], [74.0795385671878, 35.15419377038734], [74.03821876535221, 35.146951382629936], [74.00823243522979, 35.16556531162007], [73.99893740438984, 35.18387421107758], [73.95836018769751, 35.17390143789862], [73.9164302007137, 35.21169004969971], [73.86437019434192, 35.21027230650117], [73.84597171995614, 35.22907094100924], [73.81075678614667, 35.241935067063366], [73.77671375043923, 35.24332777631781], [73.73090589268088, 35.21677145363395], [73.71556355157043, 35.2254602321529], [73.72626387360293, 35.27772213769276], [73.69905731994004, 35.322679692757106], [73.69963230101058, 35.35783451711586], [73.73808742660913, 35.42738771447813], [73.79431142346169, 35.45961367964867], [73.78408143775209, 35.52511074228187], [73.73423198946199, 35.536093698823436], [73.71997090823817, 35.55291835947281], [73.6718855247903, 35.550662063481695], [73.63464969779858, 35.571282464407886], [73.57030395520701, 35.554265789078045], [73.53125844332925, 35.570572091391625], [73.50586843857917, 35.56485828072027], [73.48096476735122, 35.57671987550543], [73.40604789214291, 35.56344834509724], [73.36666132049447, 35.60492161754041], [73.27197087927084, 35.62918718908827], [73.21477535354012, 35.67450026768353], [73.13550771552718, 35.718601670397106], [73.13498960230555, 35.79322691576357], [73.15343719207954, 35.841083035364875], [73.12691875690734, 35.85236143601867], [73.09968310860887, 35.87763875306507], [73.07701460301291, 35.88563011237818], [73.03737404439596, 35.85416933561862], [72.99898494497091, 35.862929543833104], [72.92868797950484, 35.8449476984469], [72.90394795077873, 35.853034163578855], [72.9009113127417, 35.8810723907024], [72.85691077280853, 35.87709060348351], [72.82951819242322, 35.886761954404506], [72.82456788591293, 35.8742212055289], [72.79831626205828, 35.866893278420434], [72.79736545282213, 35.85517385419257], [72.77658910733652, 35.8434280829793], [72.73685328597696, 35.8581993603226], [72.6904512133193, 35.83227941917471], [72.64496323934543, 35.86574684680426], [72.60091025037588, 35.87047591309448], [72.56877836875748, 35.90672249748371], [72.53760606842377, 35.91400256961447], [72.52936520607835, 35.92593724440246], [72.53046314588306, 35.9522624068037], [72.5477336614623, 35.961916257230484], [72.55543799063122, 35.99606092692818], [72.57256898347367, 35.99581749887591], [72.58291734378133, 36.01909017920224], [72.5953460819128, 36.026732518582435], [72.58552746351802, 36.049832763526695], [72.54936491128836, 36.05611225933609], [72.5303944499168, 36.07403567774418], [72.53592743516134, 36.113897447444174], [72.57313044489928, 36.15033814118192], [72.55086561524251, 36.18053462097515], [72.55980347951856, 36.21175712763261], [72.58475122119626, 36.2298909528742], [72.59455142772094, 36.26156511142102], [72.6360177914915, 36.27584956456792], [72.68117557890315, 36.26218933151745], [72.69327680565505, 36.249467384457546], [72.69169199064424, 36.27501936636031], [72.72293939911884, 36.28343861027287], [72.74977730754546, 36.30449952437607], [72.7778445460653, 36.30924885913083], [72.81495519641555, 36.33773993297183], [72.8290139725458, 36.36050728580807], [72.8825795463506, 36.38670799483657], [72.88946834448058, 36.42409891940008], [72.87874630387927, 36.44268953588613], [72.92154968777947, 36.46231790636199], [72.94276122030777, 36.457875762332264], [72.96211550395248, 36.46685191900002], [72.99131864867428, 36.457465200246645], [73.00311951832111, 36.475437807874926], [72.98962308755881, 36.47981680578903], [72.99525990996534, 36.51426291726068], [73.0607603551079, 36.537097069565675], [73.11172082447035, 36.609445528791355], [73.09126035448645, 36.634114484192594], [73.09367807036057, 36.66645182474616], [73.08467135021789, 36.69906810191361], [73.10208420834533, 36.68700724558414], [73.12572669432177, 36.685965914834355], [73.18863682129142, 36.721183144439976], [73.21419123211138, 36.69933344090248], [73.25245392959278, 36.708469875364074], [73.31395776374814, 36.705767305443885], [73.32947089974704, 36.71483748196658], [73.36005245537336, 36.71480191293068], [73.3713182111818, 36.734285328996464], [73.39924425879354, 36.73108959116598], [73.44075591831586, 36.74446540809902], [73.4625846841742, 36.73104083069711], [73.48170542560791, 36.73323007374438], [73.51067168728429, 36.71477152290157], [73.52910024265577, 36.72007652877704], [73.54311511991466, 36.708705474345436], [73.59941235102264, 36.71967921206806], [73.60664615252733, 36.69786779736381], [73.6323557850418, 36.68942434611438], [73.65412104180632, 36.695450828278354], [73.69975314507764, 36.684223834768204], [73.72424673088699, 36.70935770912257], [73.7822659497495, 36.70171361591173], [73.80821918740287, 36.716066845282285], [73.86540805032905, 36.69941926914993], [73.89370720331249, 36.7010485529305], [73.90441753167909, 36.735344519923046], [73.86891885241062, 36.78155775976256], [73.82006564295699, 36.7921767582788], [73.80547070106127, 36.81474506280358], [73.77736491673079, 36.81467332477115], [73.74331748736341, 36.83273243484979], [73.72368109858348, 36.8333386385944], [73.71823485017109, 36.85654201961506], [73.68060306107338, 36.88490634994116], [73.68948937283199, 36.911464943058604], [73.71036795198683, 36.91209540985545], [73.74453181199817, 36.89573871565136], [73.76681651328744, 36.90399612821005], [73.7924949940246, 36.89306347218229], [73.80882751573353, 36.89581842525064], [73.81722305000454, 36.884991956169245], [73.83499228058497, 36.88623590275921], [73.8482295339133, 36.899250077568865], [73.87791873996724, 36.893743473631616], [73.9125355467146, 36.870623428863496], [73.92293692738707, 36.8773194149951], [73.93694052899252, 36.873293265569146], [73.9934169883727, 36.825938051747585], [74.02513077609166, 36.825630508951235], [74.05491528351581, 36.80576646727178], [74.09180447489422, 36.83793696293969], [74.12007195597573, 36.83169720417277], [74.14184247057943, 36.83945277860062], [74.15595246864717, 36.8880913867859], [74.168209487524, 36.901889586038465], [74.26047305724387, 36.885916134331296], [74.36742348717462, 36.958268987258066], [74.41523604328734, 36.97240745100555], [74.42898651312049, 36.989378909584445], [74.531272425667, 36.98619268926967], [74.55352323891043, 36.95297496076478], [74.57774904322184, 36.94794446668641], [74.58849925049896, 37.02792421447248], [74.5808969654546, 37.04278410888929], [74.65830697010506, 37.057073310133944], [74.69866130040248, 37.07761064660468], [74.71363717469109, 37.07142624594252], [74.72728075129362, 37.02533411635335], [74.74791966801558, 37.01152642319386], [74.77789417810561, 37.029134917110696], [74.83908708827306, 37.02164806322554], [74.84506870834025, 36.98929154850737], [74.92118512550678, 36.90544706755952], [74.94035106747077, 36.934082467819394], [74.99015549399576, 36.96217412178828], [75.01181984569905, 36.96533897333427], [75.01774262881014, 36.97572748435334], [75.09495242234016, 36.94215044647791], [75.15006786130118, 36.966456844516586], [75.20793837484825, 37.03616258544895], [75.26393098544668, 37.05128027438769], [75.34276276986708, 37.05183086474875], [75.35094989858555, 36.9803697632542], [75.37523317261713, 36.95981671502534], [75.40017380053615, 36.96741053075732], [75.42201530540359, 36.96002559253935], [75.42574128364015, 36.93836268980249], [75.40772477740461, 36.916056042019534], [75.41314024863715, 36.89126272137145], [75.44298571753325, 36.88660913236026], [75.458935229046, 36.82994095475044], [75.47315473534019, 36.81013151336168], [75.61540456676823, 36.7609851934875], [75.67410919480267, 36.6954222680568], [75.7472440756934, 36.587808366196214], [75.76827272829803, 36.57273425076846], [75.80845876102336, 36.55240010322797], [75.84796369379535, 36.54372796410985], [75.92225046461226, 36.50185935252091], [76.07615817185996, 36.47369102143796], [76.171992267255, 36.38972645782155], [76.19748985065024, 36.3868702506104], [76.25360852901889, 36.347223921787645], [76.29098521094897, 36.34852605195289], [76.32707804043787, 36.36193778735429], [76.35124351119993, 36.35930296302456], [76.40306853715788, 36.318927813468974], [76.43082934416464, 36.30759691466818], [76.44886007971428, 36.268845575274156], [76.43207227654801, 36.25060267073371], [76.45595558468256, 36.23993136973053], [76.48052644447097, 36.21085322147542], [76.54367506516547, 36.19220310500447], [76.5617831043383, 36.17251294752435], [76.59997008012942, 36.164998318416906], [76.64324790026376, 36.18347969333627], [76.70252745367338, 36.12831592365643], [76.71841869776182, 36.08266725407714], [76.80063375313796, 36.04732174618687], [76.8065432330979, 36.01812770740645], [76.76848663070223, 36.008902822147775], [76.75312817740877, 35.98213952541573], [76.72156176729538, 35.95290000982175], [76.77781107058786, 35.89815115655159], [76.79285171340854, 35.862246096428805], [76.81057292544375, 35.844282838768265], [76.85666328539281, 35.830644841376966], [76.89371354380307, 35.79922039295809], [76.93398979792585, 35.78354358802392], [77.0194182070232, 35.774131709402866], [77.07888970166283, 35.79705303883401], [77.11441028185789, 35.79726917215572], [77.14228044797079, 35.769169598941005], [77.16296143728886, 35.76623157953384], [77.166018578474, 35.73407384486529], [77.21974743994627, 35.7277333352651], [77.22691523234556, 35.71198153770206], [77.26655909047446, 35.70858433772173], [77.27626794462299, 35.71990231530157], [77.31392167776653, 35.69862625820855], [77.32631440333654, 35.718589264376874], [77.35714991269384, 35.71721862573946], [77.4003121690584, 35.66203699326161], [77.42974778969091, 35.65408769117357], [77.43549951021583, 35.62172562205808], [77.42584026193549, 35.6100536029536], [77.45555071404453, 35.59312020756954], [77.4642984831284, 35.572829909331006], [77.45931310998265, 35.54722322694511], [77.48529310934651, 35.53152461826511], [77.47111379816977, 35.52063079089959], [77.4504843245382, 35.52609653601229], [77.43399277048127, 35.51690352110364], [77.37710499768536, 35.54986146864951], [77.320946188878, 35.53631550037517], [77.34740338140563, 35.493211423556204], [77.36499267404474, 35.493183735160414], [77.38063684190422, 35.4760501322084], [77.44354831814337, 35.46085460608941], [77.51115796894555, 35.48813977162433], [77.538643793559, 35.48086237033266], [77.56751818542955, 35.484589860917424], [77.61279531761988, 35.46915994898529], [77.6436393762437, 35.488625105719905], [77.67103031630523, 35.47007614942703], [77.6853427227727, 35.47722507696642], [77.72162858943659, 35.47505256340679], [77.72314217613007, 35.5146684791772], [77.73225591167426, 35.524069416455234], [77.77146559606001, 35.49487477890051], [77.8171374776307, 35.51246309615573], [77.8631742863106, 35.48074432702401], [77.88572469039633, 35.484486787571655], [77.89992597795822, 35.46758368922383], [77.92068195504305, 35.49397865535019], [77.98117736381647, 35.455394500132], [77.98290841557241, 35.46416325970375], [77.96372644676546, 35.478664146812434], [77.96354403216901, 35.4955405951261], [77.92987119668175, 35.515279440279016], [77.96538866511264, 35.57111806571265], [77.96463959053995, 35.58709962148532], [77.95111683824138, 35.60649644882568], [77.9896491596653, 35.58136310521422], [78.0405750825168, 35.586907084163045], [78.07633126386145, 35.54868285608501], [78.09149464529605, 35.55577389422177], [78.13592942275284, 35.53839629949431], [78.15527583266407, 35.55155450081571], [78.15023847580943, 35.57768978308724], [78.16509278468408, 35.61269409334949], [78.16080653888281, 35.62890287304646], [78.18468679454207, 35.62355271354414], [78.19826723035993, 35.66867811740326], [78.25367090186478, 35.645155329269755], [78.27066942105057, 35.66841105632261], [78.26604966671704, 35.71047145631894], [78.2719359674478, 35.72147056212111], [78.33744405994833, 35.72007208664451], [78.38468117056158, 35.73502495980199], [78.4217956746844, 35.78483412847868], [78.50763846135101, 35.77220680127829], [78.51983154802713, 35.763286139728564], [78.55910156955576, 35.79199667888582], [78.57340537914604, 35.78917541651458], [78.57912762325145, 35.80757481876611], [78.6180667629215, 35.81666284543991], [78.66349658535376, 35.85689939899828], [78.76730332501518, 35.86918237058745], [78.82228122471975, 35.85534867659459], [78.93842127088664, 35.87909306241181], [78.95901018827806, 35.892108654249], [79.02013694471134, 35.84826930501106], [79.1310174339414, 35.83574111923929], [79.19252423972364, 35.88644436463886], [79.18828420865054, 35.946710702133714], [79.21393485329196, 35.97829497041482], [79.24028893000485, 35.98626596406342], [79.37652229841069, 35.994803571121906], [79.38526610861919, 35.98998195540952], [79.40158918544114, 35.918313457567024], [79.42051181152391, 35.89605299389126], [79.51680708581597, 35.88304172302577], [79.55828697012998, 35.86129939723071], [79.71041542022738, 35.81902467712018], [79.73594290404662, 35.80154642533654], [79.8694810157831, 35.7825690325634], [79.92836821921247, 35.82698738085247], [79.97057716722799, 35.84021120979651], [79.99754845930454, 35.837291046772805], [80.03660594033511, 35.79930452924481], [80.05659960976482, 35.74948530780665], [80.08653815939573, 35.72472817772734], [80.10646164614712, 35.68047974269575], [80.23567855324484, 35.641495601942495], [80.28983988884795, 35.606981920862324], [80.30963371816114, 35.55373541378913], [80.32634680844512, 35.46922558196894], [80.29589995070398, 35.460365792688094], [80.2794162066001, 35.44043594285415], [80.28188888858995, 35.3874570663387], [80.269264908818, 35.34381345078498], [80.23401590550304, 35.27621678875215], [80.22434903232272, 35.219612212898255], [80.18189177469128, 35.16632600868081], [80.17621484520214, 35.13645449109032], [80.1842289161761, 35.062823368899444], [80.17311279274458, 35.00193775171289], [80.1220372123633, 34.893042124191254], [80.07152084582293, 34.82805157669344], [80.06741194003524, 34.71440564394709], [79.94295032238631, 34.68069216402074], [79.89869660935818, 34.69088779297783], [79.85906556210347, 34.688380694063085], [79.82324292429234, 34.66076049443376], [79.8149479285695, 34.64306875110901], [79.77432310925207, 34.627223293237535], [79.77103943181686, 34.62008259826587], [79.79142428072191, 34.58927234464295], [79.76942481789143, 34.581710611471806], [79.75687486019723, 34.55435064795745], [79.80869781194542, 34.530945914318124], [79.81295082547098, 34.49970715759986], [79.7924421572788, 34.48469555090901], [79.66044309588091, 34.47931300450131], [79.65082839146237, 34.48803737269128], [79.60729153852247, 34.49161466272972], [79.5916873717444, 34.50046111655843], [79.5693217699772, 34.48633136064677], [79.50695763634235, 34.473916224636184], [79.52574880206816, 34.44517683493223], [79.52658342949348, 34.41762754459626], [79.55964913679924, 34.40965332377982], [79.55242144833016, 34.38760575383975], [79.56063218028265, 34.363106873360664], [79.5580095784552, 34.332081847827965], [79.59034764499086, 34.282434963618414], [79.58417976374102, 34.24410385881265], [79.57082473409264, 34.22253130560074], [79.54292773260727, 34.20694950230461], [79.5180383374057, 34.21251222088671], [79.50567581139887, 34.20545310681547], [79.48816428771056, 34.15686328780657], [79.49319178645317, 34.13554270224341], [79.45969182725082, 34.10164900998723], [79.43102351429633, 34.0923291269267], [79.41881062246301, 34.07779609412074], [79.41295198445323, 34.054572231097325], [79.43635081229036, 34.02822586450492], [79.42503784731878, 34.017105182163164], [79.41277899318396, 34.01453269147498], [79.3972235492302, 34.02675007010521], [79.35400227534802, 34.03660917190291], [79.19654427068866, 34.05090669817548], [79.16972909952028, 34.07252984021028], [79.15012424609836, 34.067765648833756], [79.13430671506711, 34.026909575896525], [79.11108511585218, 34.01938091444032], [79.06045855297606, 34.02835774328412], [79.02088331715163, 34.050565309293006], [78.95054137034424, 34.02852963952802], [78.93908721266786, 34.02366953304312], [78.9042110937392, 33.97587160089449], [78.94683311137675, 33.920387103968665], [78.94231569222211, 33.90822662918475], [78.99934385642547, 33.80300728597473], [79.01770981539124, 33.79849526605187], [79.01526866067462, 33.77837760448824], [79.02306122955741, 33.77490033906349], [79.03265332338015, 33.78339797854318], [79.04576800428282, 33.7658021932383], [79.0587782982546, 33.7800029353711], [79.06699950995335, 33.756124674774185], [79.0414845935648, 33.74939048476574], [79.04165620053004, 33.738139498401324], [79.01903846951058, 33.705426280037614], [79.02750037850132, 33.691503935159744], [79.05247325144745, 33.67783184821343], [79.08967503049337, 33.686689887989985], [79.08897030933957, 33.65680748949103], [79.10557909803254, 33.61658114594724], [79.0463102965586, 33.627417097962905], [78.98843929702304, 33.61088140088623], [78.91524188260854, 33.63202756385641], [78.91369347990951, 33.57404338485003], [78.92637638826591, 33.55945182388075], [78.94131891798952, 33.509003109423645], [78.93000841080857, 33.47356486217103], [78.93187744918185, 33.43250360452919], [78.93886442688421, 33.412049694175096], [78.94855162444782, 33.408069245247816], [78.95219596828304, 33.380832556859275], [78.96725008403632, 33.37521759778201], [78.98848995302188, 33.33256884326522], [79.01632227131518, 33.335198435997256], [79.0958322442491, 33.29431805426947], [79.16481962054121, 33.28986387680578], [79.23911618479121, 33.29753053037501], [79.31419701062362, 33.27294110346651], [79.36852893450231, 33.282378085536436], [79.45189538303595, 33.26012046744631], [79.44512304070281, 33.205555680022144], [79.39191427593221, 33.12418940270612], [79.37586627941994, 33.08448070207521], [79.39200469675558, 33.05385415787032], [79.39223680435697, 33.03593243083674], [79.33045349263858, 33.01181546734648], [79.38254949270726, 32.988838068682185], [79.38402643801874, 32.967717000532616], [79.4077380089322, 32.96987373758009], [79.4207803458101, 32.96129252053555], [79.4625097722286, 32.919832059674775], [79.56644836031904, 32.78658387852596], [79.58579268973205, 32.773803924125616], [79.60167413409908, 32.77674140094672], [79.62565211388483, 32.73912319665112], [79.51420229578395, 32.60790376198406], [79.46827772800543, 32.57609325317884], [79.44660030671292, 32.53230471134634], [79.40529662334859, 32.52947096718151], [79.39300776458492, 32.572093051514855], [79.31923253311845, 32.59250961086184], [79.29359239337606, 32.54989114197491], [79.27213624240915, 32.53223157541379], [79.24937954920182, 32.53390279995352], [79.23630388752184, 32.505646104837524], [79.19364051683846, 32.482785250820086], [79.13593242228802, 32.47673371928164], [79.12984982798957, 32.46588365130742], [79.14506166904215, 32.44273075082151], [79.14283871331139, 32.42252599068968], [79.12423482925442, 32.41342314325442], [79.11360967195662, 32.38401741778415], [79.06953948384273, 32.39046696143225], [79.0322655314518, 32.38570103988047], [79.01312783791025, 32.3770595204993], [78.98394658872519, 32.337822425423894], [78.96027483653495, 32.36584713884861], [78.90201608459694, 32.39265799780452], [78.85741445226262, 32.44043077572934], [78.8257763754541, 32.438489310827435], [78.77533241222733, 32.558134650456566], [78.77497322804749, 32.572912914068695], [78.79566051275907, 32.5981390600046], [78.79106945690398, 32.61820122911314], [78.76122695244828, 32.654847928454615], [78.76768600732606, 32.69681265420138], [78.72161374034522, 32.66095732026213], [78.66088379582413, 32.65379469465398], [78.63759536554534, 32.60948675403688], [78.619496875464, 32.596482024749434], [78.5719710633864, 32.617377225841665], [78.53432333278568, 32.60841302021089], [78.49814502320748, 32.581466689834826], [78.45844213318793, 32.579780100465484], [78.43522247074094, 32.56133991079605], [78.42853109985259, 32.533416618297736], [78.39859088115179, 32.52574167419204], [78.46115944888749, 32.49392737663484], [78.45415153954077, 32.4523670210234], [78.48215549085053, 32.44111030582126], [78.49412787673285, 32.42176805217652], [78.53476269070626, 32.4143938804042], [78.51357997253896, 32.39111857713912], [78.5076168326138, 32.369154126928365], [78.47990583629125, 32.34808617643807], [78.48187396782362, 32.27981106190336], [78.454847981821, 32.242241709085924], [78.55508960905517, 32.24568547753057], [78.60853917442422, 32.21431699614675], [78.60926646754622, 32.17803385293933], [78.58982911219557, 32.1542282242153], [78.60503454646356, 32.141126429042636], [78.61278559521386, 32.117587538640294], [78.65504569419993, 32.10764299218182], [78.67203458524249, 32.08527627328602], [78.68493251704012, 32.08631131647998], [78.69016941397386, 32.07125164049933], [78.70556441791959, 32.06663188828908], [78.7378185988758, 32.00117156318054], [78.76591406875005, 32.002781163435166], [78.78120411802959, 31.993230986272355], [78.77368938279282, 31.974243784000908], [78.78139048431507, 31.965372029271617], [78.76571826296758, 31.95445984271447], [78.77129057465872, 31.92895564704441], [78.74160614943855, 31.901342036067593], [78.749822146417, 31.8737284445025], [78.74145394608334, 31.860971889434584], [78.74502862287324, 31.839517250991616], [78.7023480054347, 31.805010440155304], [78.70528505893422, 31.776027041748353], [78.72582060112641, 31.758348061887833], [78.72963712954362, 31.732828184917064], [78.75399430887202, 31.695251350211766], [78.750420933741, 31.681364762207895], [78.76400004184893, 31.674600104668592], [78.79851596509488, 31.68226073010931], [78.80171956221393, 31.647974183205466], [78.84080977066704, 31.6229633427859], [78.8469346693271, 31.60803793525571], [78.82085361398528, 31.578787031831546], [78.80676650229599, 31.577431449870147], [78.80293301368624, 31.565759020914317], [78.77980841275915, 31.55575825491977], [78.77547726107528, 31.54371311470889], [78.7613167579256, 31.5490620103252], [78.73489710150206, 31.536104635373658], [78.72045071580139, 31.50726423112748], [78.72516400272231, 31.483868768049177], [78.75870489006734, 31.482502052252958], [78.77865252892354, 31.451437673811615], [78.79774491862864, 31.44345263899139], [78.76074270750958, 31.400742111797847], [78.74964795140532, 31.36616827111204], [78.76898338659878, 31.35033040200074], [78.76402413196989, 31.342265013993178], [78.77815358754674, 31.312597051923177], [78.85285612203319, 31.295153050632262], [78.85162741716735, 31.311009455351293], [78.86171640061487, 31.316210882101473], [78.88041459340366, 31.287430995279795], [78.89730563006398, 31.2902292448433], [78.89706361494329, 31.30439718358484], [78.91643111550081, 31.31634091650715], [78.94330463134858, 31.365723583659435], [78.9671003258952, 31.35601663148831], [78.97703111422454, 31.3629548424885], [78.99865460875229, 31.339894608021968], [79.0158883212525, 31.347758081744377], [79.00734143253409, 31.378526764762483], [79.01518181784112, 31.38696593049101], [79.01696749525108, 31.424447185311717], [79.05871782546623, 31.42628442812601], [79.07162449966819, 31.456126767118253], [79.08337866320845, 31.446012879048162], [79.09609469604253, 31.451690928768688], [79.1157428599392, 31.43723914387743], [79.13899054533155, 31.433631297952132], [79.14452392224166, 31.413873600302], [79.17365508406147, 31.383704235627473], [79.16688692338602, 31.360972683633037], [79.21156629233171, 31.34987233849441], [79.2333076080955, 31.333854981710488], [79.2171826115903, 31.312366756678298], [79.24659930561815, 31.29165263701908], [79.24581643462781, 31.28268736120805], [79.22188340653891, 31.259934817311585], [79.25821676713173, 31.237028065979697], [79.27891716006003, 31.237174214945345], [79.29629322768498, 31.217550701048154], [79.300898608974, 31.16671286517906], [79.31836049535299, 31.135910728952112], [79.37164259499008, 31.113458088043906], [79.38901989690024, 31.11691849464022], [79.40949285795817, 31.10836240729762], [79.42643459014326, 31.024027844608636], [79.46988460563948, 31.035475284677926], [79.506926048882, 31.0321153765987], [79.50842997868624, 31.014974613979522], [79.52013177134374, 31.005541805219586], [79.51609024099902, 30.997177657426416], [79.52657130493209, 30.98887849140988], [79.54790085812246, 30.989636746755988], [79.53900922294746, 30.974691683436106], [79.55257571152227, 30.958048845504088], [79.59181112814946, 30.94539914895097], [79.60105851683821, 30.933221732774264], [79.61977339763001, 30.950204736994444], [79.66343354973243, 30.965550592238053], [79.66542521173537, 30.982679157419913], [79.69922594665779, 30.970614973173557], [79.73187598641363, 30.97871610549043], [79.75319740446078, 31.00641602346287], [79.77538908071077, 30.98692780911981], [79.79179374432348, 30.986606726542664], [79.81716206553904, 30.971685272361917], [79.86481691521719, 30.972724802094774], [79.8822582777869, 30.95411487661054], [79.88886755792964, 30.918269054953914], [79.91068907887524, 30.91330015216386], [79.93221439832224, 30.879962915819796], [79.96273603811585, 30.888760296267098], [79.99698550038728, 30.86610969638795], [80.00947134981125, 30.86859563473142], [80.03270638692443, 30.842664048309118], [80.0530833728757, 30.844449069204682], [80.08679117977692, 30.796229090071964], [80.1095026365217, 30.779951085759805], [80.14144639474998, 30.792440952873747], [80.15181163799517, 30.78907706931591], [80.15545556501198, 30.804810203398663], [80.17222848219564, 30.80863804380835], [80.1993405519553, 30.77905644459445], [80.19343754705187, 30.766294522520056], [80.20896455753031, 30.752450673075177], [80.23595142100399, 30.759293602442156], [80.24923841854107, 30.74433176855788], [80.24873178489052, 30.719875657172214], [80.23330429606746, 30.709122307654074], [80.23252178170831, 30.691116143190857], [80.19837284990031, 30.68660897015744], [80.19340195041042, 30.66745045812803], [80.21980315364138, 30.642461240038728], [80.2123209068752, 30.627028828982375], [80.2126039471566, 30.584186140897344], [80.23520108968819, 30.581416591335948], [80.2544402380596, 30.564537570515654], [80.28342380308499, 30.570002824823373], [80.31543681064194, 30.564965816629215], [80.32246173048684, 30.54426587332968], [80.34691265440505, 30.520846139822194], [80.3657887208066, 30.528367335529413], [80.38594856688574, 30.518085988123808], [80.41778821576254, 30.524362450937915], [80.41655409225888, 30.51788210703432], [80.44492252960526, 30.49741112313598], [80.49835450775767, 30.48717279103878], [80.54094799759679, 30.4482695632563], [80.55883331476642, 30.452969945287197], [80.56552441705848, 30.463208234367837], [80.6072084237579, 30.471684952662237], [80.61295665881934, 30.458486207685127], [80.62391570284032, 30.462495151301535], [80.68968081142852, 30.41432651600044], [80.70830850623042, 30.41754232871884], [80.73439419508243, 30.399907499843803], [80.78666866434682, 30.35386148808162], [80.78681291940842, 30.342751677735855], [80.80368100501157, 30.32350616640053], [80.8267412398519, 30.314419222462718], [80.86377497554925, 30.314118239856082], [80.88439333432581, 30.299726975952577], [80.9085197921533, 30.30368189894088], [80.93549468467751, 30.262883145257423], [80.98184305245418, 30.2720482486381], [81.03211977991779, 30.246809140811962], [81.02676465301458, 30.227278674521518], [81.04445295976095, 30.206082909700424], [80.9951929644005, 30.186445865580215], [80.97434915184384, 30.192528827043947], [80.92843542313759, 30.174767486211472], [80.91617132194317, 30.18794153329198], [80.91970378150798, 30.215718081688927], [80.90738921296088, 30.22268457993899], [80.8623931276904, 30.169562661519336], [80.87153331592472, 30.160309562704732], [80.87687052323467, 30.128630922883943], [80.84284421505623, 30.115342666773177], [80.84549751411369, 30.104414342021453], [80.83673562261518, 30.098221688730934], [80.81519930329756, 30.097071166336946], [80.77944952514423, 30.057053732599297], [80.76175047634369, 30.049898531220038], [80.74395971943412, 30.00448230475528], [80.71881768473695, 30.00055532924009], [80.67533077992354, 29.957299044925527], [80.6514012938918, 29.954661899972578], [80.62942762079494, 29.963885955839693], [80.60194777716468, 29.956993948377093], [80.57254270015008, 29.917527833958804], [80.57186745182237, 29.891252616311398], [80.55351305058106, 29.849279596748175], [80.50710573355882, 29.82235116071652], [80.49342091979308, 29.794642883271763], [80.43486716830222, 29.80474813882364], [80.40733588893538, 29.794249673499806], [80.39756036631805, 29.75871386799208], [80.36797056513835, 29.748572020653615], [80.36804640271127, 29.72374569404256], [80.37634678473258, 29.719727229586873], [80.38547323952281, 29.67595079168408], [80.40847484491785, 29.661009861522235], [80.41974067887972, 29.640303722865504], [80.4200259200336, 29.628586932631297], [80.40596290385514, 29.612709570784777], [80.4092394693281, 29.597530812066505], [80.38074443779861, 29.571455401992758], [80.37941244104816, 29.561205674444228], [80.36441693946884, 29.56377605730754], [80.34483005055601, 29.552210569443105], [80.3416489203022, 29.541155199288536], [80.35777143745722, 29.53145719626234], [80.34196446163058, 29.510765320061882], [80.31515160272573, 29.500163106059798], [80.31254956782661, 29.482857422919217], [80.29721608769802, 29.488173308142237], [80.28545219719992, 29.475307953140437], [80.30042787745246, 29.4504579929924], [80.2788834256866, 29.449871792229963], [80.27520776478403, 29.457053707726736], [80.26781799957638, 29.45434320591847], [80.27214182639746, 29.448629044551097], [80.24212843632361, 29.44273074324496], [80.24294543520986, 29.41102109921091], [80.27508231954619, 29.391383444596254], [80.27903495710198, 29.378077440487214], [80.27169691958329, 29.362906455066444], [80.29371506377831, 29.327388523646228], [80.31762663291174, 29.313091090011355], [80.31836276725278, 29.301448849633783], [80.30513182548772, 29.287109691529572], [80.29989821818455, 29.241992419236116], [80.29084628942688, 29.233216468168013], [80.29789186872671, 29.205209714465912], [80.28650617525139, 29.194646394354752], [80.27610243829798, 29.207105625481297], [80.25875255117369, 29.20705859015468], [80.25497885622588, 29.220557025557046], [80.24803862685098, 29.22086983715506], [80.24108470625288, 29.201476690869768], [80.25852867932677, 29.187842919137257], [80.25811570402773, 29.16593572520975], [80.27125244126555, 29.140385592764037], [80.23332552146101, 29.119256644742382], [80.20979067611334, 29.120745891729484], [80.18351405214432, 29.136408674491467], [80.14463722052066, 29.102582111564523], [80.12585709149653, 29.031170685160784], [80.13134105747271, 29.029740137117393], [80.12477887869528, 29.01153057641818], [80.13584937489695, 29.00736712913586], [80.12688897099203, 29.005545104471558], [80.1180350318213, 28.981437482867637], [80.10085512211842, 28.986806142888486], [80.05891981980312, 28.91576231694443], [80.06508911589948, 28.836732767314864], [80.07514450684697, 28.8239600739189], [80.11847807642783, 28.8280054214559], [80.21533293556497, 28.75501248520569], [80.25433069659553, 28.755073198950758], [80.2657034687038, 28.74283652664469], [80.25671599406776, 28.72899501192291], [80.27757359845903, 28.710933276479214], [80.29399422962587, 28.712654640149623], [80.31684926769577, 28.700289914358688], [80.32557204385188, 28.66641744376099], [80.35810783407322, 28.640534047338], [80.37763665768273, 28.628728334847025], [80.4153799268089, 28.639435933657786], [80.43507423806003, 28.636848316196602], [80.45908977011959, 28.624299296483944], [80.46929963895657, 28.582658554106814], [80.47951829241875, 28.58754657808452], [80.50892514989422, 28.566491688000855], [80.51531220749693, 28.55251430920062], [80.52307954270336, 28.55342713357464], [80.53054871449055, 28.572127459998946], [80.52153081750912, 28.576221251602863], [80.50344616058466, 28.66443312609605], [80.53966474073867, 28.690183202243666], [80.56915430161081, 28.68812301986464], [80.59043189355019, 28.6798830498137], [80.57993307711047, 28.66064193308747], [80.59755518071533, 28.656145464216966], [80.5895670656632, 28.647126022216934], [80.60625122929679, 28.651959243072426], [80.6111280787697, 28.63866587011824], [80.64126808099294, 28.643551595794705], [80.65163089609189, 28.634348674592243], [80.66737520364764, 28.642426057342067], [80.67945085716009, 28.62105431692877], [80.6770468900013, 28.60431546239862], [80.69577813630094, 28.603884700867834], [80.69023551931983, 28.587973547791197], [80.71442502630383, 28.56861329157902], [80.72426743568062, 28.575386863913373], [80.73854343971793, 28.56577651982985], [80.73840030665215, 28.57510574488887], [80.76866016030398, 28.56591625362823], [80.769406298284, 28.55009034231934], [80.78934328671421, 28.543445046196222], [80.78861987161928, 28.524272005881816], [80.81548851320834, 28.52069404035296], [80.84444748505618, 28.49565159298633], [80.86588693634177, 28.489382269160604], [80.86145909359395, 28.50453232303557], [80.87521801028578, 28.51090499629735], [80.89634630402156, 28.50705919682068], [80.90839152171385, 28.49788445992472], [80.90232198891968, 28.478393295809287], [80.9152364919394, 28.457556454409286], [80.91389213167567, 28.468286093094353], [80.93029653657355, 28.45750032528735], [80.94226963571822, 28.468811877393236], [80.93179773639767, 28.45856379135664], [80.95114019821327, 28.455573334513513], [80.95140387530874, 28.447344552426806], [80.96666695626509, 28.457067717787254], [80.980160012057, 28.455047229251054], [80.96428378061356, 28.444586705370824], [80.96450987040092, 28.437636400480486], [80.97857129835789, 28.434004193234667], [80.97735394819728, 28.4423627148989], [80.9887301572598, 28.44132352203032], [80.99789140290268, 28.45211251982513], [81.01723990319364, 28.450665296395986], [81.01293442985211, 28.4371854834264], [81.01972091885436, 28.430903310231834], [81.02999648508134, 28.438641356810674], [81.0346273021676, 28.427655194290455], [81.01665431930768, 28.415845570813815], [81.03474049707992, 28.39922095068592], [81.03613307980642, 28.413227241014063], [81.05077602407775, 28.406980520665968], [81.0579504685017, 28.41386271903061], [81.08909718391776, 28.38576914279827], [81.21063256737659, 28.36071440168298], [81.23390400512336, 28.326010126707615], [81.23274618002839, 28.28892539257685], [81.32066796380819, 28.197157787894366], [81.3211640970514, 28.16860033989593], [81.30156484372698, 28.166544020757115], [81.31197615976644, 28.15568140227284], [81.32013321468584, 28.16013019626925], [81.32793274730867, 28.148009948104146], [81.3180770240011, 28.145031016699768], [81.31651581761432, 28.134396137088174], [81.38402835334765, 28.147149180453685], [81.38566518620328, 28.152654109342524], [81.37002619443646, 28.153081524346447], [81.38361757532782, 28.167135272279292], [81.3752262325958, 28.17849629964088], [81.42561597530866, 28.17116130297039], [81.44507812865267, 28.161294212530752], [81.44997263900409, 28.140614913811543], [81.4838703524513, 28.118611349533644], [81.47811645620695, 28.082613714723088], [81.64366580671755, 27.993179782736597], [81.69880227973105, 27.98770212398171], [81.804591885092, 27.90301407992117], [81.83320762683945, 27.897737863904172], [81.88463384842207, 27.856901591378644], [81.92538525114296, 27.859893424235505], [81.92590393030319, 27.876371965849508], [81.967896574778, 27.92879335257683], [82.06994852649864, 27.92332961296103], [82.12154453775479, 27.865461206145273], [82.14911107599649, 27.858176989363795], [82.15327622620241, 27.866785089137508], [82.20736484947128, 27.843487154729182], [82.30372241564018, 27.773672663460797], [82.36777405429922, 27.743387503257527], [82.39517378617246, 27.709623520892357], [82.44923592171686, 27.67966938766095], [82.47354484534485, 27.67725139643645], [82.51667922159633, 27.69127338440203], [82.54079121385278, 27.68581255617908], [82.60502824322691, 27.70583469127582], [82.61890901189543, 27.702203844298726], [82.66442984444586, 27.722512021602636], [82.68099522205279, 27.7136175608842], [82.6994708635181, 27.721978869924875], [82.7055511527395, 27.716367016481026], [82.70843097457228, 27.72300704983232], [82.70635814798679, 27.70399883606081], [82.71882854459125, 27.685676454247883], [82.7125659863004, 27.663471878560937], [82.73777642231661, 27.642697986296433], [82.735331036535, 27.609526598756474], [82.75380580124461, 27.586483158641464], [82.74657134756306, 27.55538473518152], [82.73716165216706, 27.54727969500713], [82.7492782652632, 27.522705049016803], [82.73624639735164, 27.51839328240496], [82.73505325409297, 27.50266695449016], [82.80209486420829, 27.496445109583703], [82.9292290461844, 27.50105947438643], [82.95425830099096, 27.468191261208162], [83.0348820519266, 27.448821875820823], [83.18834369892357, 27.45391816228921], [83.21764460550119, 27.417514953612418], [83.27229071964213, 27.383371671291965], [83.2658677968017, 27.36597180041231], [83.2729955171528, 27.353076539991193], [83.29500663113235, 27.334139157252714], [83.31788153993634, 27.33052712645607], [83.31830228745922, 27.33776507023153], [83.33814581516725, 27.333602379022754], [83.36004736791982, 27.343669060954166], [83.3593792351475, 27.352427441678802], [83.37441314779004, 27.35897571841352], [83.37191140619909, 27.36944430370911], [83.38808050189988, 27.3756888493142], [83.3855598606537, 27.39020056221392], [83.40970532323931, 27.41262285517043], [83.38495272887903, 27.436090636060907], [83.40251160007105, 27.45679964755513], [83.38815945662682, 27.479408077396794], [83.61485865476516, 27.469260102074095], [83.830783081195, 27.36992378742976], [83.86351268473555, 27.344097664674194], [83.88366733945067, 27.37378831734622], [83.83101676354312, 27.42724995194891], [83.8480971084715, 27.448824834973646], [83.86975596428209, 27.437402335631003], [83.91586860963662, 27.440249758628717], [83.93418895933878, 27.44992678703524], [83.94956812239283, 27.44118363049098], [83.99793353317249, 27.44632786610008], [84.01632214944635, 27.437165348233446], [84.04649185266784, 27.44587962470941], [84.0669654443431, 27.48199516405359], [84.09286842574782, 27.49041075404266], [84.0976513860022, 27.516720539827823], [84.10795976049997, 27.521631570162608], [84.1260480852457, 27.51169670344503], [84.1468437319335, 27.518400306751577], [84.14904015143073, 27.48616074832859], [84.20842238227722, 27.46874668099795], [84.21061913684606, 27.442698235655225], [84.22058065204969, 27.440755370253225], [84.23249087631099, 27.455691372728204], [84.25852193052575, 27.45104243541873], [84.28114105662895, 27.41398300196281], [84.27942854430393, 27.39468266127653], [84.29413406611627, 27.382421531212586], [84.30552874454108, 27.388278937565765], [84.35399050771977, 27.37160204546341], [84.42224758961851, 27.371453901310975], [84.47015230748954, 27.35482157534305], [84.48534375409021, 27.360043837366202], [84.6051332052005, 27.335876230786628], [84.6201546788713, 27.339288955806197], [84.69137969834902, 27.214936684439376], [84.68081360617937, 27.20037060775675], [84.6875440600708, 27.179791178179865], [84.67285748103285, 27.170970604758892], [84.68770862334601, 27.158740594358264], [84.67701223952754, 27.133831585958678], [84.67966031577996, 27.11388100212439], [84.66968419576642, 27.109498378834488], [84.67396420905612, 27.09586929888725], [84.64607880661781, 27.075768434341423], [84.64327601981222, 27.046464544150513], [84.75706676040699, 27.002803334732313], [84.77470590684943, 27.017369874943064], [84.79344950049264, 26.996272981414908], [84.8119270517763, 27.020920410816725], [84.82571234300487, 27.0209304836362], [84.85551189361688, 27.008302802026176], [84.84951051959659, 26.996962275524222], [84.85741922986578, 26.997857043824162], [84.85576870758355, 26.98638593798474], [84.8916091814446, 26.969924486797375], [84.96216939461145, 26.96057126941388], [84.97776453691431, 26.93771364879507], [84.96872374187626, 26.9157480612685], [84.99989906504089, 26.91179848846244], [85.00449719333227, 26.895128487942117], [85.06085989545467, 26.886925505483557], [85.03039250761603, 26.875329005269986], [85.02307865633807, 26.855233777229667], [85.08346271893214, 26.853454985069668], [85.08598899710674, 26.866605483016762], [85.09900977890939, 26.871233925910214], [85.19052789786052, 26.87020609140584], [85.19141066600201, 26.831546051456428], [85.17669770074922, 26.809738035982676], [85.18062849846383, 26.79587367633072], [85.19258326119692, 26.79080529868771], [85.19731127959018, 26.76963411426989], [85.21191163473388, 26.757883918916715], [85.24069379477763, 26.76149160854439], [85.33434359254181, 26.741718631778806], [85.35474141042454, 26.760287140231995], [85.37492959475762, 26.76145294592946], [85.40766418574461, 26.791657070245567], [85.45418440662506, 26.78222996269848], [85.47778034909014, 26.7933024537482], [85.479357628134, 26.80242587734721], [85.49532348179838, 26.797178635100817], [85.4976463777994, 26.812942397912725], [85.52202678396782, 26.81649882594988], [85.54356860097496, 26.838139009690607], [85.56598668681258, 26.840924652660863], [85.5757277976663, 26.86087536023673], [85.58462058358317, 26.85825083683312], [85.58570404344398, 26.84692618123287], [85.62410176220412, 26.87367984489374], [85.63519282084265, 26.872382019127638], [85.6427252475006, 26.853394934363653], [85.70447755296851, 26.832244779484707], [85.7292471443523, 26.80865713329653], [85.73409882033602, 26.737377697507398], [85.72316659641612, 26.682635679657214], [85.73665669585242, 26.66418753203539], [85.73234782238755, 26.653619977067244], [85.76970166465156, 26.629557463301605], [85.80160700822339, 26.624253335639594], [85.81703632960959, 26.602837761584514], [85.83031803337471, 26.601540404603952], [85.83084610801447, 26.611471513842083], [85.85073565910947, 26.60853543563104], [85.8577368230067, 26.589735086320836], [85.84992422977794, 26.56845568733841], [85.88753482312657, 26.583809943200002], [85.89166725579153, 26.594125840218403], [85.92817551926845, 26.61620694538266], [85.94715161397521, 26.61333760110144], [85.95929425575667, 26.651201954190448], [86.00909445121657, 26.65554326337385], [86.02727627890528, 26.666270272118503], [86.13781848415891, 26.629285427080845], [86.13606858485008, 26.60645091737709], [86.19101443715694, 26.61492019275067], [86.19595138841392, 26.593834099692533], [86.2179381867954, 26.588631812207083], [86.23428808282017, 26.590389277132836], [86.25220110672811, 26.61720184438671], [86.3328319723208, 26.619473565988915], [86.34307987492859, 26.617251496751873], [86.34084886490305, 26.606158532794176], [86.39683131286066, 26.59386820677364], [86.39521836531011, 26.5854747251853], [86.4559489638048, 26.567830769757393], [86.49720409682128, 26.54270571490766], [86.54202251598979, 26.53831573389969], [86.57034393910745, 26.49655038989518], [86.61349213324465, 26.487940944914097], [86.63176515790101, 26.46466393118449], [86.69245684317423, 26.451285658573198], [86.69989293090784, 26.437788428573374], [86.7199719636457, 26.434870285440766], [86.73017646235395, 26.422457214236445], [86.7465828588168, 26.428577269543833], [86.74423897188252, 26.43530343567462], [86.76649538163022, 26.45881034398962], [86.83352103407286, 26.439327413095487], [86.8610248681111, 26.457560297652122], [86.89347929522225, 26.46152213373662], [86.89310767476562, 26.487949530213275], [86.92941231082892, 26.489799601403565], [86.93343904412427, 26.515423893084435], [87.01649586583727, 26.53183010272585], [87.03754748207537, 26.56115433959595], [87.04246993901526, 26.587516264780387], [87.0707462873669, 26.58652152773352], [87.07179787679809, 26.540703450774846], [87.09113680464132, 26.450771983889695], [87.16221779722954, 26.404517591711294], [87.18819513758021, 26.40603142876474], [87.1843004611232, 26.41441653987696], [87.2113177586204, 26.413845792883325], [87.21834317972525, 26.404582453722995], [87.23533608444049, 26.415237903606837], [87.25882751061724, 26.409907204113548], [87.2652103182903, 26.406000921944724], [87.26552880339788, 26.37357427476795], [87.3007343354397, 26.366213121911972], [87.31164671018504, 26.371835337449234], [87.34024963387172, 26.34773755143224], [87.35734301784645, 26.361291226693734], [87.35564154671457, 26.38874364591159], [87.36800230483695, 26.40808521935681], [87.38796991054697, 26.419151568032245], [87.42714939536961, 26.4220702973387], [87.46371440811801, 26.44019774361862], [87.54709673078095, 26.41815622110096], [87.55260528095154, 26.4055189395086], [87.58425856264454, 26.393359894175607], [87.58826288836346, 26.381675099007836], [87.6052506448338, 26.38090967061552], [87.61212509417369, 26.39021460380904], [87.65133637845909, 26.393355898145355], [87.64951682468141, 26.405934613272557], [87.67752547418009, 26.415719176078767], [87.67708402498148, 26.435554657801095], [87.7128325975957, 26.42735722253171], [87.73380684193837, 26.407649823474525], [87.73914034818932, 26.417457333463467], [87.74932641885779, 26.41791128528552], [87.7532444434274, 26.40853358571221], [87.76669532152006, 26.410945299869393], [87.77895595881074, 26.436175969219267], [87.77413959919411, 26.450048801203437], [87.79212066599327, 26.468957224782844], [87.8291211173127, 26.450443331585678], [87.82838821600836, 26.44006077460364], [87.84829903112443, 26.436949329778898], [87.86276782440153, 26.45265584812358], [87.85861091444173, 26.463772335484627], [87.88589480766075, 26.476837916981147], [87.88840030151461, 26.486835339876603], [87.90969043213876, 26.458379836359917], [87.89845786369015, 26.449212141031516], [87.92407124262031, 26.44681427638494], [87.91516442681532, 26.43216998011155], [87.92553432962185, 26.4285534116898], [87.92612285099878, 26.418656675192995], [87.99180273012776, 26.392713567071656], [87.99160172848968, 26.370641976877017], [88.01604472118224, 26.363168117169785], [88.02960377350311, 26.368042285118158], [88.03433571843247, 26.392922307922884], [88.0684713506827, 26.415030892622916], [88.0991513805289, 26.456118327748936], [88.09088640919778, 26.4687376087236], [88.10574933650916, 26.474333412236643], [88.11059616159031, 26.49760176512988], [88.09854831183426, 26.51312729385744], [88.10757276292402, 26.533672594063436], [88.09810175840819, 26.547515590764174], [88.10555758841681, 26.560409973418533], [88.11376284513774, 26.558750540178814], [88.11279750116036, 26.572289864331033], [88.13019856800136, 26.573289007234035], [88.13013305566434, 26.60080484241778], [88.13854322349145, 26.605558062972353], [88.142747295902, 26.625980259415865], [88.16021904308785, 26.636768052469307], [88.1668997581603, 26.69942649893753], [88.18141685295193, 26.719902500878813], [88.18730120613509, 26.749623244401047], [88.17975034245426, 26.814559943159647], [88.16614539161226, 26.84873772665132], [88.17146736978317, 26.866721007479157], [88.1384426705701, 26.89745181639666], [88.14383677267855, 26.921195360714616], [88.12096239567724, 26.950481480573984], [88.13307441119576, 26.982324140064303], [88.09108955062288, 27.00618342108854], [88.07989615770379, 27.034319172658677], [88.03984271631428, 27.03544330351146], [88.0175613881989, 27.074491601343446], [88.02180899476475, 27.086932816929096], [87.99358506670318, 27.1047143777817], [87.99085894392059, 27.117758742364916], [88.01940768661919, 27.170201535105853], [88.01352368647392, 27.217942772091547], [88.03158223116968, 27.250363893813567], [88.0327910158941, 27.28533868791666], [88.04475032140755, 27.29300842031014], [88.04131821354147, 27.303263622309665], [88.05302923998177, 27.323962599261485], [88.06838007196835, 27.33507077184256], [88.04227442255073, 27.370999033927824], [88.0477740973663, 27.40528270391724], [88.07531664789498, 27.432738478659928], [88.06724408761289, 27.457637776543038], [88.04496770831642, 27.47817238112814], [88.04425607013486, 27.49647690752412], [88.06089346657643, 27.511757746543605], [88.06611338804623, 27.528546759153357], [88.05913435684099, 27.53625296926341], [88.07981120762064, 27.564229952274452], [88.07505839303059, 27.57201860377587], [88.08306882403097, 27.58875385006459], [88.11370899203474, 27.609682848016984], [88.11944281811904, 27.643854180665564], [88.14324463288769, 27.66262798935295], [88.15410139113716, 27.69059649050121], [88.14735690196777, 27.702738182263346], [88.15640076205754, 27.7362934297436], [88.17822647633889, 27.746476058081548], [88.1817775328267, 27.77566504744783], [88.19807203603608, 27.7907416057556], [88.17314971937593, 27.820287352034747], [88.18876228540199, 27.824248506559837], [88.20287741285007, 27.841467860866853], [88.19583624876988, 27.85431693028207], [88.13470186923306, 27.881749862338793], [88.13939446795298, 27.889324954319346], [88.11923289980344, 27.916825389580733], [88.13768417087343, 27.936994115404914], [88.12905022282759, 27.949470119865648], [88.14490868289977, 27.964347866353737], [88.18523073313567, 27.943509316915403], [88.20523091804608, 27.941726163573673], [88.2072494558457, 27.96132965972848], [88.22455096869196, 27.960428661216458], [88.2374898259373, 27.97124443988693], [88.2512037487115, 27.942151225882775], [88.26624935831737, 27.95715065501078], [88.30859016554182, 27.967248977872806], [88.31822025630453, 27.978690807937387], [88.33035283605653, 27.97302848854595], [88.35253150200626, 27.989850762085855], [88.37675721558782, 27.989806904630015], [88.39870643205104, 27.97785356109021], [88.4107187507427, 27.9832317967904], [88.41505542077739, 27.999244689411487], [88.46757462705777, 28.016741941818857], [88.47974987139587, 28.041845473573794], [88.49537663888827, 28.053943355559213], [88.52345560042255, 28.03504875701696], [88.55086835966404, 28.03762067298055], [88.55250267005032, 28.08145405340488], [88.5663644627068, 28.09039449636654], [88.58372983858322, 28.08335308329146], [88.61951892791171, 28.09813001641593], [88.61004576204932, 28.12891513585834], [88.63287069128585, 28.12123031323424], [88.67200981300613, 28.07232477457726], [88.75608579496854, 28.07607915467315], [88.81251494277758, 28.023413645484194], [88.83617460993229, 28.0150202004509], [88.84395812469529, 27.992632653808776], [88.83704819459665, 27.92917932911586], [88.86054293465843, 27.9276540403832], [88.87036096735166, 27.91591537712334], [88.88802021809013, 27.857114777841755], [88.88073909423461, 27.82957782529906], [88.85559714577568, 27.81594256780898], [88.86189082889449, 27.79787098595942], [88.85355553654462, 27.76506711728831], [88.86524035912808, 27.742496596297592], [88.856253169258, 27.716651787171934], [88.8379014979968, 27.70586757378036], [88.84741987786406, 27.694120800517855], [88.84186187453876, 27.682667536623587], [88.84816101941449, 27.667756123774087], [88.8274191081504, 27.64408531780604], [88.81519056586818, 27.646169267752352], [88.8046400540788, 27.623676246166273], [88.81158814101747, 27.618498650573596], [88.80915266365348, 27.602547654725726], [88.78816017542567, 27.584964558917715], [88.79104435498591, 27.575044445829697], [88.76376324025608, 27.56484593674358], [88.77725928204798, 27.53249610966269], [88.79256704251162, 27.529079472354482], [88.77686418591803, 27.468734244758267], [88.78250513338845, 27.449899268461326], [88.79633388870373, 27.447772929267487], [88.79516338388852, 27.429142726191333], [88.8089224272428, 27.42368387733384], [88.806190505835, 27.406794594094595], [88.82323040052445, 27.39073417159851], [88.83797656751014, 27.379321867176582], [88.86101409833, 27.387013963766854], [88.86288065196334, 27.369588769698687], [88.88088394398092, 27.360334427637156], [88.884049415701, 27.34241924589403], [88.9197577734349, 27.32729165115358], [88.90853395817041, 27.30340774753146], [88.91335996479485, 27.290180910567088], [88.90364667476544, 27.272772976654938], [88.8791038954145, 27.261228856635412], [88.83184710720508, 27.26245956472519], [88.80332404823872, 27.247950821051866], [88.80385697467935, 27.218598289402106], [88.79126288814507, 27.185834679487776], [88.76659007945338, 27.17833148763518], [88.75778803416, 27.164846773696443], [88.76128833313928, 27.152404441568585], [88.74553283077847, 27.14202526597501], [88.77818184196329, 27.134485584506464], [88.79942183132322, 27.138938696431584], [88.8298899027798, 27.11549927149882], [88.86605954092049, 27.109186621826993], [88.8768221656097, 27.03736498654353], [88.86699102020829, 26.995804220650648], [88.87047913084578, 26.9445738742779], [88.91728326786505, 26.998087149139916], [88.94829810610581, 26.96696536183898], [88.95114228548307, 26.95382096151904], [88.94120315539797, 26.930918391849623], [88.97538789584983, 26.912816011941338], [89.01640732441045, 26.93749519576268], [89.02200617682668, 26.922744248087326], [89.04191865652098, 26.91648156032017], [89.04412425051218, 26.901745120982472], [89.08937193413082, 26.889338830601712], [89.08511427631525, 26.86880793534607], [89.09809983337897, 26.858083306487956], [89.09389007732761, 26.839433115548363], [89.12671056612042, 26.807263290678236], [89.16902405378043, 26.814799857774776], [89.18736150111741, 26.806890498095097], [89.2250909236118, 26.813598139811166], [89.25604137959616, 26.807757187649873], [89.27013552599246, 26.822462760862837], [89.31574415628548, 26.843599415293742], [89.32487511343194, 26.8374182647409], [89.36969045317569, 26.857274054908846], [89.3822391873645, 26.83643394465563], [89.42872296359388, 26.835253906252067], [89.45445338312406, 26.797931064836433], [89.54769203725405, 26.813077499290205], [89.55790924712355, 26.797471950650745], [89.61061479543488, 26.77782831256971], [89.63994830726405, 26.77730318357015], [89.6363390381492, 26.750597803032154], [89.6086640777443, 26.72751227306127], [89.62005640797292, 26.71573125942472], [89.62787288641529, 26.72249000321189], [89.64982543562823, 26.715586722930556], [89.66576975038707, 26.73680468180758], [89.71504405052005, 26.72015864399518], [89.74349367850013, 26.73254773409203], [89.74850598942632, 26.713978521187276], [89.76379764669021, 26.69878661734676], [89.79932721363139, 26.708309585294842], [89.85183119077276, 26.697153768820364], [89.86523554691354, 26.70469898240578], [89.86237854588222, 26.73697381458175], [89.8976477109855, 26.724305320293247], [90.04920523770227, 26.730401919836208], [90.19466618604662, 26.773712364326467], [90.18768792110431, 26.807114888973747], [90.21347306420498, 26.84522460842734], [90.23076915302357, 26.858801564527898], [90.24818256361489, 26.859481332258813], [90.30061592778505, 26.848525779428464], [90.34788978218825, 26.875338680048436], [90.35670218326024, 26.901021441493047], [90.41805778461385, 26.904413944768706], [90.54638448551951, 26.816835697042173], [90.63420624997725, 26.794135827817357], [90.64638157067213, 26.77681026156227], [90.6757919190008, 26.784429184851223], [90.69305478632354, 26.77083867676922], [90.71703859527716, 26.768446867209228], [90.95626234585518, 26.78780852973106], [90.95713775589617, 26.781684345718908], [90.9917240010592, 26.790829738641914], [91.05411452270556, 26.780804668125977], [91.097619491741, 26.822082402424236], [91.14625855540736, 26.811109086641903], [91.23677430182512, 26.81196145696359], [91.2967409676123, 26.787152026856997], [91.33730486947552, 26.780616092091226], [91.37616546315208, 26.795350456647537], [91.40805475203315, 26.840035388098745], [91.44931500005683, 26.810664811642685], [91.49520035098324, 26.79121063093494], [91.59296507145085, 26.805207172304684], [91.62593958987382, 26.821030295761915], [91.69011310925569, 26.80680146578285], [91.72074775262044, 26.811910419054893], [91.82415599063852, 26.86391283338374], [91.8593657483554, 26.91317833312873], [91.89240389175504, 26.91882760099084], [91.96434767574945, 26.88214711087196], [91.98359411484766, 26.857858981297184], [92.0561884381096, 26.84666981827973], [92.10237426292215, 26.867335402639117], [92.10165509596023, 26.881412583546602], [92.11210122261524, 26.89194039269107], [92.11777363178187, 26.959473703155698], [92.10256870955362, 26.982277871790238], [92.10376459626718, 27.007033970856135], [92.08032092273432, 27.019921267781754], [92.07719310839097, 27.039178374123892], [92.06456525957505, 27.05155241963506], [92.04550829852646, 27.051327833680773], [92.03437881445163, 27.06418370951373], [92.02294266081016, 27.11432622799301], [92.03724321939748, 27.137839272065598], [92.0241908788806, 27.161760873788687], [92.02605205070708, 27.171187157110953], [92.05707436562595, 27.189005610917377], [92.07050620302789, 27.223063695478746], [92.06669759505657, 27.24438620561529], [92.04056732551193, 27.266138608449033], [92.07098567791247, 27.276806970818694], [92.1025311222455, 27.26853022656294], [92.11993022357265, 27.27530769790592], [92.12154370023087, 27.28698675813373], [92.05985443583464, 27.326685478237845], [92.06129321532292, 27.344775048368913], [92.04752649676288, 27.367873915363436], [92.05567088364015, 27.399646098866217], [92.04329736674579, 27.412381559396326], [92.04002942509956, 27.436069842262697], [92.02050010292511, 27.447201976455617], [92.02013537434333, 27.479345227171297], [91.94080659968698, 27.46026854061823], [91.92421060120695, 27.47100470840209], [91.8737579943905, 27.47251396730124], [91.86459167685953, 27.4817649493128], [91.85070906484803, 27.482259670809526], [91.83005342508888, 27.468696535915708], [91.72170784953825, 27.47013607981743], [91.7123754380028, 27.491043339301328], [91.69187871111568, 27.502561935123094], [91.6492013285105, 27.48456130408408], [91.64592617968076, 27.498831489806758], [91.62240085557677, 27.513159046702214], [91.61119951705902, 27.541498721566906], [91.59637621533314, 27.539429132144424], [91.56882311319315, 27.5749445344244], [91.564079045499, 27.58412795318048], [91.57821410925816, 27.60822768138575], [91.55988794745609, 27.63341458498273], [91.59193760897158, 27.67176371434595], [91.59859252083584, 27.692518722833913], [91.61227698336025, 27.692853790996054], [91.62596344373789, 27.70592342748911], [91.64189443288778, 27.76517736182525], [91.63347355624416, 27.77155628450046], [91.630537463942, 27.80083061676879], [91.60128061164424, 27.820876792573582], [91.56794904882844, 27.815360182839182], [91.5464586972022, 27.85562611008539], [91.56696479172108, 27.852795779949695], [91.57967556491919, 27.862056408082097], [91.60988551625866, 27.854042676593355], [91.66440325845053, 27.858267929974676], [91.71188885924091, 27.813272275543625], [91.76036639324279, 27.801240523299786], [91.8063312828011, 27.808817901978266], [91.81746378791023, 27.803294727308174], [91.82639946389033, 27.810269738272257], [91.8625321130009, 27.736784854830617], [91.88062230534409, 27.721670782639247], [91.91031533283143, 27.726129864244683], [91.92067393752664, 27.71490165552691], [91.94697250104987, 27.72848591306447], [91.95751679829411, 27.750477134270366], [91.98580119016083, 27.76979443473136], [92.05723765149686, 27.75887978995762], [92.15799207392614, 27.83675483746833], [92.21225504222537, 27.858715274389713], [92.26581043452472, 27.85762533509746], [92.28636604418205, 27.80720099466972], [92.31755671955487, 27.777831914504212], [92.38138160008002, 27.794591123065647], [92.38454880195533, 27.815149096873924], [92.40835202079077, 27.82165055285914], [92.44529999073467, 27.800308616602468], [92.45640978553506, 27.802772000784078], [92.502827205011, 27.841013353496805], [92.51656797573409, 27.83972070865067], [92.54530283498657, 27.816944172172636], [92.56208551236575, 27.820490759665006], [92.60651674057884, 27.876985208776755], [92.67063547260983, 27.899571873902808], [92.74100334389794, 27.988882106180753], [92.69713934788787, 28.047927955349042], [92.66468043908178, 28.06236616400066], [92.68886028737985, 28.125444349499457], [92.7384186366023, 28.1511881422795], [92.80153128426119, 28.201874710667813], [92.81804865859425, 28.201239966358543], [92.8230860298219, 28.17350672050062], [92.82975490150567, 28.171084075083076], [92.89704775962616, 28.204180395727352], [92.91478946672459, 28.234610997002772], [92.96636001523402, 28.261390176590677], [92.98775477802918, 28.250871935708304], [92.99173907850377, 28.23395080393272], [93.00210203014666, 28.230305663689244], [93.03554596591631, 28.262661201071243], [93.02553571890513, 28.30279015557515], [93.09715078867582, 28.306605814802545], [93.12658125657192, 28.326335363647466], [93.19547351115686, 28.317498650539726], [93.22070420058948, 28.333183468742448], [93.23337281225803, 28.400245114009188], [93.18303015474078, 28.432362474923213], [93.18463818042184, 28.439614572279304], [93.27794073531128, 28.504464576488044], [93.30740623211354, 28.565953943086605], [93.30207545314776, 28.599296637607072], [93.32985446002216, 28.60803437449627], [93.33917482155641, 28.639926921536443], [93.4140599709637, 28.65263458583159], [93.44790032069183, 28.67576971628581], [93.46891111209352, 28.651804633055892], [93.47635196089814, 28.653330228613306], [93.48137646914927, 28.674693978975768], [93.493323284487, 28.68366967248189], [93.51138486189515, 28.679532299845157], [93.53593004064624, 28.658490962920368], [93.62209129175912, 28.657299194716337], [93.73352558337872, 28.68879192850793], [93.77705286297252, 28.66796688553087], [93.84590338542267, 28.706827087111442], [93.92783403148479, 28.67110195622663], [93.95871570167122, 28.70401649356847], [93.97035298810482, 28.750776417863964], [94.00330696026062, 28.774940821082744], [93.9872124193385, 28.7977500496833], [94.00196969938258, 28.819251437195042], [93.99696402790467, 28.840884935445402], [94.03210354545118, 28.85295432294978], [94.06863535826328, 28.89563604303315], [94.15728476574512, 28.954329391507514], [94.16051293717707, 28.973661369865916], [94.17515781731785, 28.991438113945982], [94.17750215969798, 29.02015841167035], [94.21708979945983, 29.08383421494689], [94.29022198360825, 29.1479509860717], [94.35936902915388, 29.15233249855896], [94.37478470423265, 29.190039731936015], [94.43372524603032, 29.226650424222612], [94.49692464669113, 29.216406422582388], [94.53548030544788, 29.21842794342079], [94.56033287601109, 29.22861259147602], [94.57455235805074, 29.25031078355923], [94.58030337160137, 29.280566871403], [94.62158540287237, 29.312624786191147], [94.63083573084873, 29.348474078175798], [94.71352800454136, 29.30405350841727], [94.77961153445672, 29.240609950404714], [94.80002484198991, 29.209406963953118], [94.79998870995256, 29.163918788308788], [94.87378032668978, 29.183566322266646], [94.92067216443357, 29.16147398336783], [94.96949405951473, 29.158850590609628], [95.02447140945038, 29.12959232303368], [94.98852515357476, 29.172655209634627], [94.99932071768879, 29.172114787856515], [95.0414416029586, 29.151421191143665], [95.10002430265953, 29.142704122192367], [95.12330552126315, 29.115063957518203], [95.25212813173152, 29.108514531359646], [95.2513995405439, 29.067094515100152], [95.26779122260243, 29.056137779777128], [95.30396183182194, 29.061376156155625], [95.41114822851647, 29.032355292976348], [95.42256883232035, 29.039446197440753], [95.45531088830737, 29.03517161833548], [95.48402058934201, 29.069354586961687], [95.49752919317484, 29.138681779743038], [95.54792145566208, 29.126918740965934], [95.53906538658582, 29.212493203409768], [95.58711328692998, 29.21642463254796], [95.60014214907861, 29.260396973245268], [95.63937350711736, 29.24828821407877], [95.68452534408837, 29.275732727824092], [95.70332594302292, 29.298905915213584], [95.72845228055886, 29.300922575357003], [95.77912820496168, 29.354925408210914], [95.79790580971988, 29.334780883745516], [95.82824279990851, 29.354159446369096], [95.8496938403596, 29.357084930741557], [95.88233422861603, 29.38996516106192], [95.9584846191684, 29.381013741328612], [96.07093540932918, 29.460655813764678], [96.08866297155515, 29.459965441753653], [96.11454849689727, 29.425727378332056], [96.15122046396168, 29.39734506003835], [96.1868125213073, 29.342357645997716], [96.18402044870813, 29.307023979583327], [96.20410920840385, 29.291318843716965], [96.24422995247279, 29.232583763911574], [96.29361413093807, 29.233178011347274], [96.31326643876315, 29.256516571299898], [96.34599415224835, 29.264738227708193], [96.36384009356415, 29.283040545357746], [96.37565145014358, 29.281117313813244], [96.39231026511646, 29.243416024234385], [96.34673887358518, 29.16813799822172], [96.26065203262223, 29.157376713812763], [96.21793285679676, 29.135333941172565], [96.185967867785, 29.091794481239464], [96.11488865386106, 29.074837119900018], [96.15066808270696, 29.05025613877963], [96.1849110034465, 28.98499989924942], [96.18046479554101, 28.965381206090335], [96.15517622136643, 28.95244155621679], [96.14523454186256, 28.93430597593246], [96.17458338434037, 28.900938530102568], [96.248174074898, 28.939487257557616], [96.29367818710604, 28.995442302171977], [96.34671767334449, 29.028976610909872], [96.43570216141043, 29.03415451118777], [96.52514294962324, 29.07579760437748], [96.47715831043801, 28.99040174547011], [96.48720686430785, 28.96160476599307], [96.51848178728126, 28.967207256677202], [96.53823708964863, 28.917012696982145], [96.53686147160626, 28.880049371284468], [96.60747902513603, 28.793619124671572], [96.6145384429828, 28.76026431449796], [96.58488800462308, 28.716964247692847], [96.52133344423494, 28.704452849454913], [96.48952328884556, 28.683976582997282], [96.47171008663031, 28.683727518085796], [96.49289027334513, 28.633523919691278], [96.42683243973848, 28.58248197783335], [96.39973235979288, 28.589713996263843], [96.40534779690589, 28.559346278782883], [96.3533917085445, 28.55600386466173], [96.3244333412628, 28.52942001479612], [96.36522566583817, 28.499967639305936], [96.37152986643231, 28.482215235494238], [96.26229013300069, 28.408603527070884], [96.30310557392323, 28.39983236649558], [96.31827406317852, 28.381188602102554], [96.36929641119254, 28.389255854171438], [96.37829321303616, 28.358942401708465], [96.39041585023458, 28.3574678581972], [96.39761841192693, 28.339256875294616], [96.42106970676663, 28.345689705449324], [96.43029197766175, 28.386541149053897], [96.45658313277882, 28.41403830402351], [96.47830264463403, 28.41939907557137], [96.50852402434057, 28.413015825805708], [96.57788709225414, 28.457761222386356], [96.66278592203368, 28.460259515349463], [96.70429594662208, 28.43178547370671], [96.74905084052698, 28.415881883048222], [96.77224140744032, 28.368060025774785], [96.84998413100408, 28.36214884391427], [96.86026633937425, 28.37210392891149], [96.89641344147942, 28.379625870284755], [96.92351970003755, 28.338573338237765], [96.9503628501338, 28.333418231902318], [96.99398143539139, 28.309513221374598], [97.02017211574056, 28.319505105393272], [97.04934056842448, 28.351338120929576], [97.09007500556291, 28.362889788712387], [97.12336738027277, 28.349300541145194], [97.1493348562233, 28.326982260371523], [97.17113951848599, 28.29185069151483], [97.22144668626129, 28.292560191427476], [97.23835048438855, 28.267675086292762], [97.27914968736401, 28.268702309513394], [97.30334280916873, 28.25630844729464], [97.31001894373154, 28.244112627372438], [97.37150386475683, 28.21763905970685], [97.39732956769092, 28.192397529802946], [97.38896527592705, 28.183084160824233], [97.36880315172034, 28.192363655793184], [97.36035763788175, 28.188446526529813], [97.32754918471713, 28.15493400222734], [97.32142526522073, 28.140169858986688], [97.3356632453687, 28.111354085267674], [97.30680095560164, 28.08506694756286], [97.30432350445598, 28.06887958651322], [97.32818488920604, 28.057035169366106], [97.37000389113307, 28.061812478188227], [97.36441549870003, 28.04396929952625], [97.37348646096193, 28.030567708116024], [97.41149826167937, 28.015397564574325], [97.40794453719518, 28.006441507897993], [97.3875344276644, 28.003287412673465], [97.37435454703842, 27.977461249233762], [97.37182132668327, 27.93558284327001], [97.38383139779009, 27.917712340914896], [97.37470054484821, 27.90912466860326], [97.38509370503746, 27.88739945602381], [97.3608811499782, 27.876187529428105], [97.33964230866523, 27.88520253085411], [97.3173018498446, 27.880704443213038], [97.32011715557196, 27.903108803821997], [97.30494760989794, 27.92130328095242], [97.2527074149549, 27.900973563843888], [97.15651359010272, 27.814067304756755], [97.13353117541715, 27.806574670782204], [97.12041991799404, 27.790005727476373], [97.0986271233746, 27.784968980791124], [97.09756372289408, 27.750508702699936], [97.08772925372611, 27.734184300683555], [97.0615166652638, 27.748625034289255], [97.04753802065346, 27.739300467810917], [97.03154292143667, 27.749486574645758], [96.98540899499304, 27.685868246739588], [96.98302330585534, 27.666495057870133], [96.93511696472858, 27.661659123822584], [96.92139808954225, 27.632923721142674], [96.90353920709646, 27.613849742558635], [96.89287647776182, 27.615910865786166], [96.88981200542577, 27.605873903125133], [96.89021073074946, 27.579381859913386], [96.90837267153442, 27.57938439514132], [96.90668564261736, 27.544315203031044], [96.91957413042641, 27.536681336986153], [96.93534055809772, 27.50831100720955], [96.92601976357555, 27.507973337051897], [96.91046729394365, 27.486679988591437], [96.90338067870331, 27.45278363124546], [96.93235317019622, 27.43135094079522], [96.9347364374759, 27.4153258557427], [96.96237739305406, 27.401618290118734], [96.96762186188732, 27.38118232708175], [96.96209540559819, 27.372932847376116], [96.98100106789505, 27.34583303413612], [96.99024188361088, 27.3440626071264], [96.99841325408266, 27.31878870932926], [97.02809067244361, 27.308484204490522], [97.05490456261442, 27.265365850058277], [97.08822169130023, 27.23883707226451], [97.09049570637339, 27.213562665595187], [97.12187527229761, 27.19037747860749], [97.12455194462048, 27.1747022381918], [97.14696447347971, 27.165316782769484], [97.15101693362651, 27.149341080551345], [97.16356689581232, 27.14218257250153], [97.1615910926674, 27.123234326179475], [97.14954961555996, 27.117617526322803], [97.14159744839054, 27.095382030057085], [97.10042551553907, 27.108965514584458], [97.09681444709874, 27.096755719229172], [97.07659159857546, 27.099202757026752], [97.0709046061585, 27.089831114179546], [97.06344080809333, 27.091770747554158], [97.03386361387032, 27.118498036011456], [97.03055997407301, 27.13137115959295], [96.99287127310876, 27.140227512195175], [96.9841581771982, 27.154366645617298], [96.90133518336035, 27.168556627407987], [96.86766541561987, 27.184722440728237], [96.85677954566694, 27.19247377095719], [96.85468092395807, 27.21077993681681], [96.88560906758741, 27.226930691410946], [96.88427232324068, 27.260187525094867], [96.86283016802606, 27.259663078933478], [96.8468778268202, 27.271643235754613], [96.84807042120823, 27.290384778069917], [96.82215907648822, 27.309132454643507], [96.79673918658543, 27.34581924592901], [96.76681921141967, 27.357351769800285], [96.75131887910854, 27.352642515108826], [96.70421722006722, 27.372258741506986], [96.6976853522441, 27.357702825309108], [96.60565245371936, 27.36582888617952], [96.59115706581828, 27.34796544508972], [96.59615071244781, 27.333571514127673], [96.55089638758429, 27.31829674424417], [96.52362776303013, 27.286293487053012], [96.50758151374109, 27.29900870250264], [96.44064730799776, 27.30633496687398], [96.3862373591484, 27.284741539695208], [96.35223924010354, 27.29488863854814], [96.34019911675723, 27.284867049482322], [96.30744643819199, 27.294218567497573], [96.27419672806823, 27.28338799727095], [96.27144964669172, 27.271395005538825], [96.22858935182332, 27.278800821749183], [96.20947635746053, 27.261361372983174], [96.19390941237616, 27.261496216104437], [96.18530990843325, 27.24916956335148], [96.15510488255647, 27.248412099785416], [96.08991019968212, 27.223237064483467], [96.0771679216687, 27.20820590627192], [96.02263678649426, 27.17995233521782], [96.01014823403958, 27.142319097085082], [95.96740113677845, 27.09846993346582], [95.94573464528793, 27.051388223016716], [95.90402032583759, 27.03906710698541], [95.87021788950604, 27.01311911186132], [95.83097566095407, 27.007488200847018], [95.8022563344712, 27.015073312798286], [95.78118986997977, 26.97769032404504], [95.7684093749392, 26.976977822661798], [95.7552356289083, 26.953950146137185], [95.75982421080319, 26.936698263095813], [95.7479351526466, 26.926134237157104], [95.74496625836184, 26.896256382806357], [95.72305902735833, 26.881477709698192], [95.70579864747063, 26.880555342786266], [95.66722368841, 26.902908708241988], [95.64393916400614, 26.87607151366306], [95.63153701600707, 26.873745691062606], [95.62660267166105, 26.84279995171218], [95.60800371755833, 26.813191943929745], [95.56962024787525, 26.816337035786614], [95.5565581345864, 26.832632003114764], [95.54317248047155, 26.83543677642205], [95.52464955797785, 26.82266248099937], [95.52237557344742, 26.813535329267516], [95.50647870590527, 26.808094044630938], [95.48236090065063, 26.746451980068855], [95.45929117690592, 26.742859774948798], [95.4322458492769, 26.715231577996303], [95.43058529191462, 26.700023479359317], [95.37403263922877, 26.684014949190683], [95.36022709278718, 26.670932265040904], [95.33513305866887, 26.673635626253905], [95.30339233406782, 26.650843801774958], [95.25957412608606, 26.655351560572836], [95.25734240728977, 26.676131544336577], [95.24923953964662, 26.683894959001634], [95.23391968067268, 26.68245856965871], [95.20845447166215, 26.64781134294503], [95.18103530204282, 26.642975191831813], [95.14910719695831, 26.61601437504668], [95.14669364926702, 26.593230434806454], [95.15427184329204, 26.582821366195653], [95.13929304588544, 26.556116084170643], [95.12530386942674, 26.557703139116448], [95.10721692000168, 26.541475504221687], [95.11410003538913, 26.518359885279462], [95.06174856253858, 26.44951591626185], [95.0660842704776, 26.441553831439705], [95.08443803391508, 26.447317388135236], [95.10399892199031, 26.42055253005495], [95.09979659410806, 26.394019415108186], [95.12528425650912, 26.388020349358353], [95.13219898271312, 26.37774158037744], [95.1210898706323, 26.34958147728453], [95.12823928260256, 26.339580552972212], [95.12230654615817, 26.307203372240366], [95.12824764591784, 26.293183523983988], [95.11941315706966, 26.26486725404991], [95.12723099286642, 26.253723496342833], [95.11445564966401, 26.232724806859984], [95.14253367515377, 26.21155325097156], [95.121911560521, 26.184922873548118], [95.1265574019304, 26.178073404108492], [95.11711867567936, 26.15869839945162], [95.12636044271107, 26.1292114982586], [95.11558724215605, 26.112877342131295], [95.11774097820255, 26.101248412441766], [95.15056784952546, 26.0866160164777], [95.16470152987907, 26.09253972708029], [95.18568340271513, 26.073299559295272], [95.16398585556692, 26.048796926063233], [95.15886509642641, 26.024818327221638], [95.12576825351285, 25.986202275894627], [95.11674985886475, 25.985027787583647], [95.08924516603709, 25.950557319018312], [95.05823555509295, 25.940558358219914], [95.04382095178707, 25.926925112057017], [95.03098874882043, 25.93132600826171], [95.0284390776175, 25.913965454183128], [95.0115934588796, 25.89795309974385], [95.01902201154464, 25.880996412092983], [95.00885122930396, 25.866905070021968], [95.02933243150629, 25.840266479430124], [95.032929132292, 25.814345004821252], [95.04976396944987, 25.800915078068446], [95.0486707610716, 25.759796778961043], [95.04045723266354, 25.74171866609222], [95.00337147912138, 25.728597842006945], [94.97023248366145, 25.68856154147342], [94.93548290052524, 25.666830455681534], [94.91483457934068, 25.607450168973575], [94.88185007434672, 25.590757275176262], [94.8982310817247, 25.565570273407264], [94.84564451347609, 25.561325223231464], [94.82527014970711, 25.542406137419096], [94.82484471297843, 25.523804356232475], [94.80785056409651, 25.493890403850322], [94.78895355706742, 25.489533739148506], [94.78383434482576, 25.480643828990615], [94.76196405793664, 25.482074227777726], [94.75173904530061, 25.4937726622648], [94.74416377529181, 25.481242059604835], [94.71808284481585, 25.469163192268734], [94.68342586181576, 25.466157672419563], [94.67123982691446, 25.442268463730528], [94.67042032622011, 25.418725446059454], [94.66012049919226, 25.405522600202257], [94.63474079542371, 25.395189525624772], [94.63437322726733, 25.355691919904487], [94.62235306358832, 25.345824738499495], [94.58511962072522, 25.2667544426455], [94.58577781992715, 25.22910313695079], [94.57563994477198, 25.21386287805357], [94.60598369657976, 25.18137286159607], [94.62002676476898, 25.186824337455256], [94.64006269544122, 25.166096601768572], [94.66419298548169, 25.16275827881694], [94.68014113245351, 25.148907635663832], [94.69745102298812, 25.154940993499704], [94.74094483225277, 25.126575704683027], [94.73632009855758, 25.110133482839988], [94.74467192889183, 25.080128072999457], [94.73769370437368, 25.065592307132672], [94.74461135010235, 25.060085203635445], [94.74408122999866, 25.037007641089374], [94.72697021299324, 25.000039004687384], [94.70711728172083, 24.98711880257075], [94.69634849997868, 24.96826069738945], [94.71360261052402, 24.935002558444904], [94.70179475288262, 24.929577692743695], [94.68764498370226, 24.889338430872943], [94.65692905897396, 24.87131316100818], [94.6318301461053, 24.839622538107502], [94.62961372651661, 24.805350335291752], [94.61790237488617, 24.780570647821826], [94.62893820330443, 24.75815614343257], [94.60501397241707, 24.715869876100736], [94.58516913047379, 24.704738953512912], [94.5758799054456, 24.725177585718075], [94.56764492347196, 24.71587715339166], [94.570756296849, 24.705905982078793], [94.5452280386819, 24.710458052899565], [94.54492510700517, 24.66882390705657], [94.52564164384248, 24.626324466361005], [94.49659037279413, 24.59036002695946], [94.45453239295037, 24.565996854106288], [94.4259791631669, 24.48167923272475], [94.39834558545216, 24.48234862796317], [94.39683360225138, 24.454591767305168], [94.40832696330507, 24.439886468741715], [94.39477066971041, 24.409479235392403], [94.36095875435599, 24.394476266396058], [94.37845075675489, 24.37970077483006], [94.35049473775207, 24.335082920646304], [94.32172028076192, 24.328896220749947], [94.32164759178404, 24.276305558911837], [94.30661050898688, 24.241417729226406], [94.29152806036952, 24.23299012897747], [94.276431601627, 24.17337568246366], [94.25965853172973, 24.165309886544946], [94.2516018491703, 24.126404800078344], [94.25451056261925, 24.082483497835508], [94.23928749442224, 24.052918320695674], [94.22778956004547, 24.05691527797569], [94.23730958742297, 24.035378808772307], [94.18840831001675, 23.959668336814477], [94.18984354026134, 23.93363982622853], [94.16969044232663, 23.928414952639663], [94.15664060631273, 23.848169686126855], [94.14478109554251, 23.849750505760987], [94.1439159119227, 23.835809956467955], [94.12606123269413, 23.833477972645277], [94.11345853670622, 23.843331857942164], [94.11308368950108, 23.86297376523898], [94.09606395659985, 23.889188013616856], [94.08169005416285, 23.88211553601605], [94.06814687776797, 23.889973747586794], [94.04902576263503, 23.887240166515717], [94.04048803224096, 23.910733421336065], [94.01673290561257, 23.926910951273406], [93.99815764277888, 23.921787349652185], [93.96036471837706, 23.928407951875144], [93.93010819208503, 23.950039532614426], [93.8933823512564, 23.952934665261978], [93.85913248653969, 23.932101803343304], [93.80776267556365, 23.926760203086634], [93.79786369298523, 23.947347405525484], [93.77196655422314, 23.96902017858251], [93.7543018516092, 24.005539799657768], [93.72332489891718, 23.997537461500738], [93.69043256196967, 24.009097619530298], [93.65642432519978, 24.00200654816561], [93.65235690540858, 24.00970572242638], [93.62375862152032, 24.01137256448659], [93.61198126258115, 23.997176482165816], [93.60852581019577, 23.9719125489522], [93.59924092223382, 23.97264916867208], [93.59185325638893, 23.960692163688403], [93.5595443078448, 23.982026520154278], [93.5503392280093, 23.959547779727597], [93.52498339607108, 23.95607391354869], [93.51499153128557, 23.942834055800297], [93.50511773477277, 23.942493835357276], [93.46335653134946, 23.97361093859915], [93.46133627686933, 23.99826075317242], [93.4526802608102, 23.999590193183828], [93.45245495345549, 24.014086135831814], [93.43313657277771, 24.02432552864153], [93.41395396886188, 24.074131131863865], [93.39856053337462, 24.085391317263213], [93.35794214868945, 24.091261626569146], [93.34869903957468, 24.10498611355127], [93.3428310375263, 24.09742086869246], [93.35393245823165, 24.09060746255655], [93.33534533494122, 24.09027542112373], [93.32846535916572, 24.081022519662355], [93.33838218408229, 24.0620507455371], [93.32597594246047, 24.04646568974838], [93.33788530793235, 24.040360096498645], [93.3259554662619, 24.029751379783992], [93.33891571598743, 24.021944249725507], [93.32977694619292, 24.020720320017162], [93.33724925399879, 23.989679570317573], [93.32870988956921, 23.985032569188206], [93.35128434245335, 23.961379933520945], [93.35137833228323, 23.94145802895068], [93.36074306340598, 23.944882956360683], [93.36936404696564, 23.92991402385742], [93.39387240467154, 23.928838456309776], [93.38490322602289, 23.848234835424233], [93.39027786882568, 23.817721948574306], [93.40379837892928, 23.806412652285385], [93.39158244899367, 23.757124714984975], [93.41087750401678, 23.729315315002033], [93.40728393924971, 23.70716191744033], [93.43617078087186, 23.68673366254927], [93.4158897412811, 23.647012984075573], [93.42799493499334, 23.58821520313049], [93.42168302954897, 23.571141502693084], [93.40972234961313, 23.56432948432122], [93.4182773411354, 23.540116896205006], [93.39482188080773, 23.503758178081636], [93.3924691499595, 23.478696860888203], [93.39910334487661, 23.472020257742024], [93.39456918022672, 23.447946691156734], [93.38765942080798, 23.445543913553802], [93.40143293871643, 23.384218931576257], [93.38635857673324, 23.374359941652695], [93.38769315614013, 23.35946256530924], [93.35537106075182, 23.352605816700546], [93.37248727091792, 23.329387428142486], [93.36640127559787, 23.321462861192256], [93.37114383502063, 23.313623365328027], [93.36327399665038, 23.312906165900763], [93.37133045912258, 23.30938753769093], [93.36463453557236, 23.305938282875143], [93.36964104068687, 23.287127168276317], [93.36209838760772, 23.279930400526837], [93.38797556221097, 23.21646674653673], [93.37474764327683, 23.204546163935564], [93.38041158133035, 23.186941704241164], [93.3681175213212, 23.175373611684908], [93.36752973656282, 23.14423666850428], [93.3855607811328, 23.144517843689744], [93.38530227833338, 23.134666222034294], [93.35532389201289, 23.116608081127143], [93.3534498078025, 23.09674790907087], [93.34413504277252, 23.09259362647598], [93.33853699524678, 23.07417082991113], [93.35139146116111, 23.0705089511875], [93.33995705114961, 23.067584512897994], [93.34299261210657, 23.05877596380227], [93.33410434471558, 23.059480882525218], [93.31315319426223, 23.019112740185598], [93.30527495215249, 23.02072934520743], [93.29362002370507, 23.006661671930505], [93.22877069454844, 23.01155789972951], [93.22921296211227, 23.01989176754309], [93.21479755211925, 23.026921682364133], [93.2099305383004, 23.047923558825172], [93.18463149875278, 23.059487038585672], [93.15519961601011, 23.043454188670857], [93.13637261558938, 23.060757283729757], [93.12650077470896, 23.044013929138654], [93.11974023893363, 23.0023714874753], [93.14034548230705, 22.98965965198919], [93.13773455498493, 22.951018113673967], [93.14770660922348, 22.92569602034591], [93.16418540720329, 22.91148424841959], [93.13968314276997, 22.91422908604906], [93.13100372200445, 22.906968688357193], [93.13386120093949, 22.892170079408597], [93.11708128048987, 22.863793195042962], [93.11767182307621, 22.84250875216958], [93.10308954562925, 22.824051501011336], [93.11033740666645, 22.818930366825736], [93.09420983469134, 22.80620829589713], [93.1071354328031, 22.750940165743078], [93.09090132961846, 22.704757931742215], [93.1020053365735, 22.683090284947973], [93.0954456587058, 22.672286974640393], [93.10962547024421, 22.655844802956224], [93.10769226610839, 22.636935497488683], [93.12831084137893, 22.623964957351873], [93.14015578237355, 22.59271517965418], [93.11186030349961, 22.5577665395937], [93.1064147584681, 22.526887951097223], [93.1283542282105, 22.52364390032992], [93.1237387354847, 22.508495321036133], [93.13485540509198, 22.492102050074415], [93.13117338411719, 22.467873742257623], [93.13887293604556, 22.454220441213323], [93.16317233932814, 22.451184551789076], [93.18522542619107, 22.42769012642709], [93.18572883219485, 22.339879796468207], [93.19656376407785, 22.328971774443957], [93.18907637894829, 22.323137884990953], [93.19573858782755, 22.314404314682662], [93.18978947150228, 22.30049588608949], [93.1992387197202, 22.29407688850324], [93.19372770367416, 22.28824006812898], [93.20204103401194, 22.264134406440423], [93.1771190236773, 22.24599862365235], [93.14173988142704, 22.245657639389304], [93.1482904692424, 22.211754099602793], [93.16121254416161, 22.19651352109391], [93.1506913408067, 22.17631481590959], [93.1236442929039, 22.17401171518295], [93.11089999547775, 22.204308416919922], [93.0884963707196, 22.196820435255333], [93.0626672002885, 22.207753062218888], [93.03775719863256, 22.19540883133186], [93.04883370815678, 22.169394606572403], [93.03664211088721, 22.14483815673709], [93.05668555686513, 22.1220249096071], [93.05917615215999, 22.101228135030674], [93.00453860345533, 22.104735953284443], [93.01190642371893, 22.088861720595755], [92.9941029808009, 22.042196039007298], [93.0044172805863, 22.01706615727216], [93.00075292677823, 21.978386737350597], [92.98092013573448, 21.9812199209668], [92.9779701761393, 21.998245341930517], [92.95123519308471, 22.030018281714067], [92.93979442659428, 22.014079709505737], [92.92663699307063, 22.01540300129942], [92.93502072617385, 22.006081959894907], [92.92135902875538, 21.992874784085817], [92.90347564476022, 21.941362724067993], [92.89382311947156, 22.004309309842228], [92.87822310021507, 22.015291114503526], [92.8796635811125, 22.022328455243287], [92.86446605920555, 22.024167310137802], [92.86253176182002, 22.0629304883395], [92.85199715739773, 22.066744657465588], [92.84085588023986, 22.059490454622516], [92.83647961246744, 22.07217399164458], [92.81834212831608, 22.0752183407274], [92.81002481035674, 22.096268782248696], [92.79781628164075, 22.093943946432802], [92.79008729102225, 22.10540943157126], [92.7710162363051, 22.10948387783621], [92.76000252351085, 22.125812037947085], [92.73509155616595, 22.134240068208285], [92.72701841018231, 22.149098500753556], [92.69923901613403, 22.155062901357034], [92.69154646567503, 22.13409739908324], [92.69029978552035, 22.072288736322786], [92.68776722991853, 22.103839907041998], [92.68155487846893, 22.103465069612607], [92.67963540328559, 22.01152301181652], [92.65179312806573, 22.016342317064783], [92.63463420480451, 21.98354362860374], [92.60316723998965, 21.977135856026244], [92.61242667867964, 21.991304606094396], [92.59761022031957, 22.009345396986973], [92.59218805394335, 22.038907792283645], [92.60188272728676, 22.06089838062656], [92.59184307751804, 22.06536528764722], [92.57475905578522, 22.115279003696013], [92.56213207474187, 22.12817539038877], [92.57810050297786, 22.143842063615313], [92.59263775596447, 22.138578468151312], [92.59373634435296, 22.12591198229097], [92.6053791832733, 22.12393577532095], [92.60857329957287, 22.16466485077137], [92.594074912197, 22.18131205234846], [92.58087929847716, 22.32183672114003], [92.552395881266, 22.4097213076823], [92.55636165308954, 22.424343191997366], [92.5436913615714, 22.490682136975522], [92.55089840136546, 22.497898221735024], [92.54354396779621, 22.49929016071188], [92.55117713422509, 22.513068653815957], [92.54314590542923, 22.513872961010566], [92.53979401082981, 22.540776982982546], [92.52201927896658, 22.559698365446696], [92.5271800221204, 22.572821568499716], [92.53754742132226, 22.574835644246416], [92.5325425709045, 22.587786457867402], [92.53879101576395, 22.589597619620758], [92.52977796429512, 22.60439216284583], [92.53470929299677, 22.611375448757624], [92.5280184027071, 22.616482425723238], [92.53220022205143, 22.63309235860023], [92.52611372097985, 22.634639482199926], [92.52365161036428, 22.65825727653612], [92.52895127707849, 22.66590093636364], [92.51384197242741, 22.70896194004412], [92.5166702498275, 22.721855761547566], [92.51243902224422, 22.733385763766808], [92.48248165650139, 22.74704035468589], [92.47347415841769, 22.75988479245668], [92.47183671201275, 22.79664550856097], [92.45449043431925, 22.81919309621644], [92.46162214588513, 22.83027493981833], [92.45283993898646, 22.842453724782406], [92.46269506221947, 22.8418414149684], [92.45657686139812, 22.851440737578223], [92.46405011872328, 22.85425175396076], [92.45269350012042, 22.86208383069424], [92.46012601884743, 22.870617743043358], [92.44844382922608, 22.876212081633195], [92.44924269472003, 22.894249142608675], [92.43371333155386, 22.88587209594787], [92.41938150350984, 22.91851617887382], [92.40092117742178, 22.912134900667684], [92.39637157702036, 22.929806521941217], [92.37620658359462, 22.929055466160758], [92.37109776486086, 22.936123616978193], [92.37417019267707, 22.971097473256354], [92.38393072331061, 22.981805333496204], [92.38196271305078, 23.033687893123027], [92.39182826752085, 23.057356304111387], [92.37965174218516, 23.08648285810786], [92.35771702632724, 23.103037863539857], [92.36757499721968, 23.126884094668416], [92.3568925121353, 23.13448829499053], [92.36426938472201, 23.156994325457376], [92.3463333837057, 23.23667263592186], [92.4034838256873, 23.240887900024763], [92.38085608653715, 23.285674402614326], [92.3855304791012, 23.306541288515326], [92.36392432654999, 23.32322275223004], [92.37780185140204, 23.362292243697205], [92.36973988046053, 23.37398345688479], [92.36256206645592, 23.366697520244706], [92.35626728020596, 23.37122280061834], [92.36437420553922, 23.37987466251535], [92.35185277564348, 23.38142768830525], [92.35686348307686, 23.410693322617348], [92.34738090287033, 23.413412645339086], [92.34610973823426, 23.4337033620452], [92.33376584238809, 23.428788567385684], [92.32700863756583, 23.44920842547775], [92.33333780773161, 23.456018247803424], [92.3257825360177, 23.45841604701955], [92.3311728553205, 23.465811242965742], [92.31739390440121, 23.47125930476162], [92.32616936495208, 23.47820629137715], [92.31589745217336, 23.486486544657343], [92.32184839118035, 23.491390507570284], [92.31304483671728, 23.51613740081231], [92.31742628148069, 23.5276639505511], [92.30637573506482, 23.53612519540892], [92.31308901676127, 23.555813260340024], [92.30826032417413, 23.578437264752626], [92.30124724053137, 23.593138861934527], [92.29664627715695, 23.588567459338332], [92.28734703232011, 23.596264723011686], [92.28802010133492, 23.61840366990204], [92.29582132279049, 23.622318678976875], [92.28104787037637, 23.630802301553206], [92.278828049766, 23.62511663554353], [92.28229698496546, 23.638176007059784], [92.27289142002316, 23.642280762639444], [92.2916596751159, 23.68188607380751], [92.27984421143898, 23.719006149530255], [92.25454399150507, 23.726575775735167], [92.24296130736943, 23.72090516925462], [92.2451541569617, 23.696053869604874], [92.23551790195948, 23.667418475091637], [92.22963460160182, 23.654021629258647], [92.2183775531634, 23.651912574643685], [92.20938053302919, 23.668054146120426], [92.21669356414527, 23.68413212108783], [92.205366066229, 23.70559909081756], [92.17037051179159, 23.705802702624418], [92.15159350351476, 23.72755640583335], [92.12826349381481, 23.73561457395559], [92.11759362826356, 23.730390350604388], [92.10641025784811, 23.690915341437385], [92.07758044667011, 23.667960209691913], [92.07437692500955, 23.646429624821145], [92.05947449518186, 23.64315247986055], [92.00655368268066, 23.665407348089047], [91.98348028302985, 23.728215432319313], [91.95844872224794, 23.738564551646988], [91.95320796345682, 23.704427065906525], [91.95926264081112, 23.6990090154718], [91.93703750950328, 23.68929852745872], [91.96520550935361, 23.536333393749846], [91.95633445548009, 23.526426564195873], [91.97351876153795, 23.504010276823806], [91.97363359857064, 23.481309607659092], [91.94017148988277, 23.467918269434485], [91.94791999370592, 23.43543139197305], [91.94193256153882, 23.42711501362385], [91.90663807472433, 23.440393290524884], [91.90059061802826, 23.42385208692462], [91.87304588639007, 23.412748100117035], [91.86764927618536, 23.418640307541953], [91.86364090894597, 23.408295588329445], [91.85648741233612, 23.432334340328342], [91.86553941475563, 23.446154714631668]]], [[[72.44064151421061, 21.93515957281113], [72.39925832096051, 21.881755087442436], [72.38307101640892, 21.8113364023051], [72.35480669919387, 21.797240289907975], [72.32264326694596, 21.817814612657042], [72.2998224888244, 21.882728512679893], [72.29253373018727, 21.967481974368088], [72.32037705463935, 22.005771096681546], [72.35480376709278, 22.028080992366693], [72.40921696155527, 22.01808327527065], [72.44284465669944, 21.97636318567992], [72.44064151421061, 21.93515957281113]]], [[[88.70948906098212, 21.69477959139473], [88.69109420411195, 21.7508256158622], [88.70890097977966, 21.78029319689456], [88.7144775405021, 21.810866743844333], [88.69752512375503, 21.836812897762325], [88.70240076858717, 21.8528783109328], [88.6957823947988, 21.859557968768424], [88.71590692540914, 21.90450646582454], [88.74259653366039, 21.896017836095766], [88.77733005222437, 21.86877946185927], [88.82483720000516, 21.865789520327642], [88.81529918655907, 21.8189394050726], [88.7926041501194, 21.800078385002323], [88.77986867504762, 21.770861313660784], [88.7807203740567, 21.737835794034037], [88.75684476089084, 21.743607458841485], [88.76558878938994, 21.768066014904683], [88.75661331355114, 21.77346278874048], [88.77227287494132, 21.79652403414098], [88.77114253739573, 21.808866973058223], [88.74507191508764, 21.77596998565631], [88.75302097498448, 21.76267720243584], [88.74882488590187, 21.73761829184929], [88.76976227685998, 21.723060636404373], [88.75480480366159, 21.712149878587276], [88.76056446349682, 21.689538469393007], [88.78107073588211, 21.701405802715826], [88.80383211919376, 21.702848939037867], [88.80396899818852, 21.654220573343157], [88.78922699938576, 21.65369728934618], [88.7891836197407, 21.66680132240458], [88.78242886552253, 21.659098828906476], [88.73958337399168, 21.666403001654793], [88.70948906098212, 21.69477959139473]]], [[[88.96845162804534, 21.87144204764503], [88.94284258797803, 21.83858164494456], [88.94773573109356, 21.827519165314726], [88.96880485549653, 21.82393893489811], [88.97074855554814, 21.815555370478183], [88.94293895564843, 21.797625124745746], [88.94861640975371, 21.769138033478182], [88.930191469203, 21.77088019590568], [88.90166761702427, 21.759721468899457], [88.90038599599829, 21.78849342291056], [88.88652928690802, 21.806303591267206], [88.89176750975513, 21.835257307935695], [88.8635927545739, 21.85913762612128], [88.86676632191131, 21.869240379155894], [88.82124271895655, 21.927758004311585], [88.85060804731641, 21.914733387330415], [88.88283749046636, 21.913506149845226], [88.91530718085248, 21.932977551825523], [88.97081524198327, 21.906499450598147], [88.96845162804534, 21.87144204764503]]], [[[88.03248276798752, 21.67107314180042], [88.03779362501521, 21.69961941082653], [88.05318394424674, 21.711051057533773], [88.07307156306554, 21.74808479291494], [88.0739162722834, 21.77705087117443], [88.09847652027337, 21.786441731649905], [88.12099271112315, 21.774096620830413], [88.13025140870299, 21.756695879065767], [88.12075983815708, 21.73265063317403], [88.13506815908679, 21.699503836771285], [88.12334655588234, 21.680838113919307], [88.13675298263983, 21.670325273300865], [88.14402804646043, 21.638708382205916], [88.11827627756918, 21.623728388923606], [88.06495598515946, 21.635824409951173], [88.04383345681113, 21.64356372326547], [88.03248276798752, 21.67107314180042]]], [[[88.17077858833571, 21.73790709644185], [88.14906145521938, 21.680647452626367], [88.12822403507424, 21.679543567023526], [88.14223012950471, 21.698779080689164], [88.12793389001727, 21.730664053023602], [88.13627906832686, 21.75991447742638], [88.1114615212799, 21.790568232689022], [88.08420882565241, 21.79251797841229], [88.10387738040771, 21.842226433921752], [88.12675701255344, 21.87283436290172], [88.13514056240038, 21.871434163756337], [88.16680930769267, 21.81917711176228], [88.17077858833571, 21.73790709644185]]], [[[88.41938064537702, 21.81358391422926], [88.39886856538341, 21.806504596376925], [88.39315675880337, 21.82660183257151], [88.3996384808707, 21.87663325994991], [88.42044019028836, 21.90052541107275], [88.44499513282825, 21.90676677490711], [88.47465706153875, 21.889759222225102], [88.4886040171791, 21.84352328571647], [88.46231088756502, 21.844891770171014], [88.46530212564586, 21.83066653480362], [88.44554476344159, 21.813131129054522], [88.45690417400832, 21.796917571305688], [88.41938064537702, 21.81358391422926]]], [[[88.58872089626811, 21.704403164172795], [88.60687155511141, 21.677119698635725], [88.59668640970767, 21.657600904153547], [88.58441878801567, 21.688771840402328], [88.56281337837122, 21.70859274611284], [88.53297629524829, 21.72064138611691], [88.53460710849319, 21.729452381932678], [88.5198761886128, 21.725096810477247], [88.50890159385591, 21.744025620772998], [88.51208249414101, 21.77978405119439], [88.54374203978647, 21.811186447770396], [88.56597367489694, 21.798177401768683], [88.56705691197557, 21.779177405604788], [88.55418172641922, 21.76212118618893], [88.57053560377733, 21.756802323032638], [88.56728839704452, 21.73325569715749], [88.59138189837914, 21.71402542177353], [88.58872089626811, 21.704403164172795]]], [[[88.83846012523772, 21.619036968947736], [88.80442697459172, 21.635440579950558], [88.82110993358451, 21.66717396308536], [88.81686914972323, 21.708985933441316], [88.80400913311881, 21.71618302712273], [88.76799002207699, 21.703376111793546], [88.79161803888928, 21.7364973215331], [88.78902599505274, 21.746464171477882], [88.83750665698841, 21.766082988018624], [88.86196337593852, 21.76140544411617], [88.83932333256391, 21.719274192158263], [88.83913675786928, 21.692929937582917], [88.85652186344429, 21.64173858992959], [88.83846012523772, 21.619036968947736]]], [[[88.46953941326404, 21.68340278727105], [88.45277630029344, 21.61112925412187], [88.42964052342589, 21.60196685752186], [88.43841799260974, 21.62916482456275], [88.41748689524847, 21.65758554701034], [88.42112883339524, 21.68879983687701], [88.43327925818036, 21.700617577719548], [88.42412551526674, 21.7507771254108], [88.43485684983794, 21.77821718481061], [88.45002526453304, 21.79143516089602], [88.46802031091462, 21.789650709899178], [88.453632237554, 21.76001050019817], [88.45143336655438, 21.718811002961417], [88.46953941326404, 21.68340278727105]]], [[[88.76462795675192, 21.566492907267858], [88.73346224196759, 21.567982522075678], [88.71214318109976, 21.57850718056366], [88.7057720245759, 21.600202597595693], [88.71845331506634, 21.635762892774586], [88.73031151878786, 21.630626611714845], [88.73219257033156, 21.64081560596076], [88.77060319069577, 21.652047994767575], [88.7777588136179, 21.617230174289567], [88.78965069787435, 21.604606176315293], [88.78508972569975, 21.594870439808833], [88.79792065036371, 21.591518317391955], [88.76462795675192, 21.566492907267858]]], [[[89.01104043766185, 21.65530993328161], [89.02394043019474, 21.60263812397847], [88.99373094957248, 21.60095786100756], [88.99864336604243, 21.61181426077995], [88.9901583999932, 21.639252416986565], [88.9774047546982, 21.648348770032193], [88.96507429675034, 21.648154792767865], [88.94705443530736, 21.703545788697305], [88.92509883272076, 21.720645249176016], [88.93221308283417, 21.740369197362252], [88.9272334580079, 21.763607448784086], [88.94999993746211, 21.757426621512668], [88.96389789090203, 21.741580533604825], [88.97770058698923, 21.741845078908888], [88.96611662275429, 21.72779401069687], [88.98749234306207, 21.690756198524433], [88.98465919050491, 21.659309356508288], [88.99846070171424, 21.651186467107326], [89.01104043766185, 21.65530993328161]]], [[[88.97858356353989, 21.787105067748865], [88.96600650726677, 21.780268705141488], [88.95144760667844, 21.787234687627013], [88.95167732476125, 21.794937077873104], [88.97865306260015, 21.812203959598257], [88.97074387532552, 21.82867810327918], [88.95117951077013, 21.838142270485843], [88.97623287456226, 21.869423548677076], [88.97289606626971, 21.889888893272627], [88.98196713363451, 21.896141421814622], [89.02492283946758, 21.866601393101732], [89.01995244303423, 21.852106307704044], [89.02810431377611, 21.83822583648109], [89.01411246303283, 21.817046001187496], [88.99485757707596, 21.816106715185786], [88.97858356353989, 21.787105067748865]]], [[[88.90609755015176, 21.728750821899073], [88.93690045515577, 21.70077938713032], [88.9367322222626, 21.67253563325658], [88.92039511285759, 21.631067638945993], [88.8915655532079, 21.651112861577097], [88.86746301661812, 21.700127598701346], [88.88018060713091, 21.740441009177562], [88.90609755015176, 21.728750821899073]]], [[[88.29128802297652, 21.778417585317893], [88.26219766892511, 21.805286778972576], [88.26888433174307, 21.815170898234175], [88.30426354765515, 21.83056527664664], [88.32054211385311, 21.857588433935817], [88.35163850385032, 21.853895973905534], [88.35000262500556, 21.826383456792065], [88.3599152395184, 21.798649110311324], [88.33815631767332, 21.801613780900887], [88.32413953418934, 21.784813112493868], [88.29128802297652, 21.778417585317893]]], [[[88.86692087795426, 21.53280126361837], [88.82895055694505, 21.559958082902995], [88.830518872599, 21.60613891373284], [88.8813239343155, 21.590216502967785], [88.90119871081899, 21.571505662036174], [88.90440331315287, 21.54733870745807], [88.86692087795426, 21.53280126361837]]], [[[88.39416408644387, 21.589521064832308], [88.38621274302959, 21.605307532037866], [88.39592880346332, 21.619155863619927], [88.38615883243443, 21.632219178280227], [88.38270612440225, 21.681302758409874], [88.40239618662208, 21.70573800682545], [88.403756215301, 21.719904982006945], [88.37057054248056, 21.72624972513722], [88.39562355862473, 21.742241823358068], [88.4202849470342, 21.706856246521163], [88.4119063693624, 21.690095492582113], [88.41022704709215, 21.65138135204728], [88.42918767640295, 21.635657912451016], [88.43020875635214, 21.625498909775924], [88.40648338282428, 21.607477258103618], [88.4043011028096, 21.591172154660104], [88.39416408644387, 21.589521064832308]]], [[[88.83595743682245, 21.78846179648935], [88.84494385863296, 21.858160590833503], [88.85416247877477, 21.86248767029059], [88.87161629648585, 21.851925452194845], [88.8796359037769, 21.801292120571215], [88.89505676303314, 21.78451689062849], [88.89587420838212, 21.756088849676377], [88.92323974947732, 21.749397488990233], [88.92156236127988, 21.739642453463418], [88.91114875363817, 21.734416564659675], [88.8828013063267, 21.752447727459295], [88.86651135577917, 21.7797381973946], [88.83595743682245, 21.78846179648935]]], [[[88.52137788340865, 21.651575314956485], [88.58368916915536, 21.606825281168256], [88.57964807449358, 21.580376874093986], [88.56029642201433, 21.559682327942333], [88.54902099224854, 21.5648441276738], [88.53047782172835, 21.598234792735003], [88.51355295451441, 21.59881136624616], [88.52137788340865, 21.651575314956485]]], [[[88.61699240180207, 21.80858845552047], [88.61688547623211, 21.83665018936347], [88.59692202523031, 21.85850554449925], [88.61929172511172, 21.89676962095937], [88.63248141983219, 21.869754016027535], [88.65343460586797, 21.868499500375123], [88.64492883304011, 21.793031863361588], [88.62507797777432, 21.79575754877444], [88.61699240180207, 21.80858845552047]]], [[[88.32737446095223, 21.70719356298157], [88.30674730587242, 21.71452562286132], [88.30303392291447, 21.779410229015344], [88.3256486894936, 21.781604646581922], [88.33623063782633, 21.79629741833349], [88.36844909547865, 21.79321707982952], [88.36760737136248, 21.77033945227705], [88.33889618271775, 21.757260150248563], [88.34297415052703, 21.72812320937172], [88.338387551214, 21.721950145216365], [88.32422054336337, 21.727511051445422], [88.32737446095223, 21.70719356298157]]], [[[88.34714277721311, 21.643081008396383], [88.320555938027, 21.60693567944627], [88.3085635574431, 21.6070609148208], [88.30495953359119, 21.62107610492661], [88.31550411380472, 21.65604623266003], [88.31090893019085, 21.706124489951193], [88.33759727271584, 21.69777234571513], [88.34807666937574, 21.684709835664517], [88.34714277721311, 21.643081008396383]]], [[[88.8019852018342, 21.88450535551314], [88.77803435835659, 21.876691040228057], [88.7666289235046, 21.881432742953123], [88.71536624201605, 21.92174391750898], [88.72597028890478, 21.929214908393863], [88.7374277874157, 21.92268637961627], [88.76259091814903, 21.92823242578497], [88.80964448767828, 21.913030701706194], [88.8019852018342, 21.88450535551314]]], [[[88.52827392555304, 21.527771868996417], [88.48905479987351, 21.55026944326788], [88.48565483821986, 21.570609473998342], [88.49289832715658, 21.593273162755874], [88.50315681191843, 21.598542197606605], [88.5348086643918, 21.578119898786074], [88.5321198468463, 21.56204093985595], [88.54677749294558, 21.533389002231285], [88.52827392555304, 21.527771868996417]]], [[[88.18185021821128, 21.686269942771244], [88.20709401765713, 21.709073386338908], [88.19545216957857, 21.679364026541403], [88.22506754759104, 21.665992301469835], [88.22528996955708, 21.635905657909305], [88.21235896358729, 21.617030106362662], [88.2120552234268, 21.595772585141255], [88.18673237762583, 21.649027840782985], [88.18185021821128, 21.686269942771244]]], [[[88.38456343796456, 21.76975122199829], [88.38614967680506, 21.786977239505156], [88.4196725223859, 21.808448793297956], [88.42433336835548, 21.797829860388433], [88.43814623426998, 21.79543481181861], [88.42025404409011, 21.76884338934577], [88.42016207906289, 21.72655888432982], [88.38456343796456, 21.76975122199829]]], [[[88.52161133668636, 21.716738940746804], [88.542274733398, 21.701221621300448], [88.56249915397304, 21.701899097593707], [88.56613501501691, 21.669466559634717], [88.54644701622728, 21.640841712128413], [88.53041424885404, 21.656131151183526], [88.52161133668636, 21.716738940746804]]], [[[88.03389364490477, 21.5458165826215], [88.02819826042644, 21.563352243298215], [88.01606486859741, 21.532050757364186], [88.0011569473684, 21.513174443047326], [87.99179717314941, 21.512976352557853], [88.01668604463323, 21.595434512875997], [88.02793437582014, 21.58189552533689], [88.04800006138952, 21.581146054137793], [88.05515583882188, 21.566286347286663], [88.05164485887384, 21.54752641551645], [88.04419465681048, 21.568615123579587], [88.03389364490477, 21.5458165826215]]], [[[87.98627062343544, 21.61684690789007], [87.94469312638603, 21.591800323143655], [87.94858681828951, 21.610842327633836], [87.96762471618948, 21.63317232875778], [87.96305092056419, 21.64377143710273], [87.9764755525792, 21.67057882723672], [87.97408288712501, 21.682344709163832], [87.98588255931756, 21.68695194518745], [87.98627062343544, 21.61684690789007]]], [[[88.72543374854179, 21.947088317381645], [88.7277268752726, 21.979893385459604], [88.74714138916049, 21.978160618590262], [88.7498757755454, 21.958704809217178], [88.77464565439006, 21.94480425493611], [88.78699210594323, 21.948230488989413], [88.80256715832304, 21.930637655180508], [88.79217007339433, 21.92496869546591], [88.75820784923161, 21.934989941142916], [88.74199218217156, 21.931762032028356], [88.72543374854179, 21.947088317381645]]], [[[88.34699271005164, 21.737636738718873], [88.34302331262758, 21.7536777262058], [88.36425086660901, 21.763552951626128], [88.35908965902621, 21.738610073706248], [88.36380884698023, 21.722831845823094], [88.39047648513454, 21.71708760234765], [88.39269022774371, 21.708066401197428], [88.36380101007768, 21.686395657764272], [88.3557832515195, 21.690188875889167], [88.34189290860667, 21.70569876295372], [88.34699271005164, 21.737636738718873]]], [[[88.61512954653277, 21.745693167389426], [88.5935336042331, 21.75577033526438], [88.58910356240948, 21.772272425511304], [88.59592561840873, 21.784974802078786], [88.61348654764107, 21.785974481519418], [88.62516813808611, 21.775621044841007], [88.62921526852833, 21.735372135182445], [88.60903869671692, 21.70652608193081], [88.6004044333624, 21.713059211229346], [88.61906686871129, 21.734178192571115], [88.61512954653277, 21.745693167389426]]], [[[70.00170006410828, 22.55445562375377], [69.98745395869854, 22.57443424572843], [69.98833577552413, 22.59048385762897], [69.99421473701899, 22.57375507354181], [69.99683851833456, 22.5720039511159], [70.00005116508177, 22.571906947408475], [69.99017667776452, 22.596812867546934], [70.01474173443621, 22.601401996249773], [70.03720776336051, 22.588242750626492], [70.03852685850687, 22.573293935831117], [70.00170006410828, 22.55445562375377]]], [[[88.60078981061928, 21.611696444115093], [88.55948937646137, 21.641342907047648], [88.5718452971559, 21.662233927836184], [88.5720868577291, 21.687790136486267], [88.60332291149847, 21.632535853390888], [88.60078981061928, 21.611696444115093]]], [[[88.24228710174407, 21.495083587242917], [88.22763479702746, 21.483900466642535], [88.209798079613, 21.496133255438885], [88.20420313756321, 21.512548153718928], [88.21091673546664, 21.53739973219901], [88.22745707163668, 21.538650635789054], [88.24228710174407, 21.495083587242917]]], [[[88.82078550791795, 21.76397492070611], [88.79152385053175, 21.756634807303712], [88.78544877153901, 21.771752795840353], [88.82296427282492, 21.82249979852291], [88.82889837021695, 21.80565381129331], [88.82078550791795, 21.76397492070611]]], [[[88.68607906528926, 21.678378930265108], [88.69536505009421, 21.717124871895315], [88.7046975999702, 21.68181728996908], [88.74473572059257, 21.65058280329729], [88.71717555499947, 21.647990945437453], [88.7159323594098, 21.657038831981648], [88.70965512534215, 21.654738816723995], [88.68607906528926, 21.678378930265108]]], [[[88.08934629166062, 21.98778986611602], [88.11387807473416, 22.0126699077623], [88.1342196212492, 22.016203001641397], [88.13481385501301, 22.003547046914413], [88.10086948576489, 21.970455047635994], [88.08827603433953, 21.974722473797005], [88.08934629166062, 21.98778986611602]]], [[[88.60533382978785, 21.81848878763558], [88.60787368060811, 21.798152692873366], [88.5889590899556, 21.801670995985155], [88.57532666863219, 21.817902222767184], [88.58860509534314, 21.848742676936972], [88.61389455615488, 21.830755321173555], [88.60533382978785, 21.81848878763558]]], [[[88.62600229928591, 21.904335045692132], [88.6384086028915, 21.92220052179888], [88.66741856041995, 21.913356154214483], [88.653290452316, 21.87890902428762], [88.64308973012524, 21.87612431115601], [88.62600229928591, 21.904335045692132]]], [[[88.95147339102208, 21.673910811826], [88.96076204741667, 21.642281954489373], [88.98593502458384, 21.641567717207742], [88.99007693716996, 21.61972185129347], [88.96927012172827, 21.61944250303322], [88.94019639998433, 21.64084471310577], [88.95147339102208, 21.673910811826]]], [[[89.00502917678354, 21.7143976390285], [89.01630037638263, 21.691287695082604], [89.01136168958048, 21.664113299293113], [88.99119812357777, 21.658637367278374], [88.9915985018016, 21.700489872811605], [88.97458611622109, 21.723292410026765], [89.00502917678354, 21.7143976390285]]], [[[69.97303280847083, 22.581616417607513], [69.98856624100524, 22.557653550479415], [70.00060032318127, 22.554023019835682], [69.97539092471922, 22.546360891916773], [69.9786800100123, 22.54856313326561], [69.98117615060744, 22.555923238957497], [69.9787125496868, 22.5507297566259], [69.97584213950327, 22.563143527771278], [69.97772030026837, 22.548573442414522], [69.96241001284382, 22.547180650838154], [69.97298725759774, 22.55236745640693], [69.97052294161816, 22.56084368723676], [69.96557694522458, 22.563908077408012], [69.9691443079314, 22.554531194385042], [69.95935870172502, 22.55850226031619], [69.96775193810566, 22.55402819079848], [69.96080634489019, 22.5485880681967], [69.94488887089376, 22.567995296614768], [69.957892567638, 22.583649890474483], [69.97169810419814, 22.586701599473546], [69.96945234293727, 22.576598007403494], [69.97102373442276, 22.569465582284927], [69.97347998353106, 22.57715089602748], [69.97936855879608, 22.570548816998265], [69.97303280847083, 22.581616417607513]]], [[[88.18946120972733, 21.578408790580564], [88.19389404620983, 21.54095679064635], [88.1746980241586, 21.550256849487315], [88.16356862632205, 21.597525762729266], [88.18946120972733, 21.578408790580564]]], [[[88.60893185019872, 21.728928983139827], [88.58157821447597, 21.72677244104984], [88.58221798384155, 21.746452379123262], [88.57074788466213, 21.763813894896675], [88.57579532241084, 21.77243896111639], [88.5823354250902, 21.772245646585983], [88.58677448330434, 21.755513055940092], [88.61224603621746, 21.74071530675152], [88.60893185019872, 21.728928983139827]]], [[[88.49857624838579, 21.815470918058768], [88.47204492418594, 21.799262782332345], [88.45742128471005, 21.810457780754682], [88.48636350207954, 21.83552071561671], [88.49857624838579, 21.815470918058768]]], [[[88.55565599564945, 21.882501758391232], [88.54981402318474, 21.832253039160396], [88.55377525851608, 21.8168963436909], [88.53625586828083, 21.831284152304974], [88.53352435919979, 21.846412062864058], [88.54488595087601, 21.852590405831414], [88.54710008155739, 21.878607153611277], [88.55565599564945, 21.882501758391232]]], [[[88.8315959077089, 21.869897535768242], [88.80590888399345, 21.87295707253773], [88.81744312917235, 21.900606652637496], [88.83736113170902, 21.89095083274046], [88.8315959077089, 21.869897535768242]]], [[[69.82094332998552, 22.50444329101781], [69.827515794473, 22.493074545433377], [69.80964209072333, 22.477573501611612], [69.78520092879732, 22.489420882714132], [69.82094332998552, 22.50444329101781]]], [[[88.1117543100788, 21.917398095282742], [88.11285520983253, 21.92938584692199], [88.12211030157488, 21.93283416725778], [88.14154327314688, 21.92057416708468], [88.12620598146657, 21.898487270501604], [88.1117543100788, 21.917398095282742]]], [[[88.50384744120042, 21.82747955195511], [88.49766212454928, 21.846680644571865], [88.51869926623323, 21.851761908050975], [88.52619726675452, 21.83619775736063], [88.50384744120042, 21.82747955195511]]], [[[88.28844285096089, 21.770281526422345], [88.29885496919589, 21.7549772237074], [88.3004320928312, 21.718115574184125], [88.28542161184451, 21.73472638970589], [88.28844285096089, 21.770281526422345]]], [[[88.57283237587158, 21.87872284675739], [88.5648313035198, 21.83437345561698], [88.56120193460049, 21.83185012950317], [88.55758691536951, 21.875497950932434], [88.57283237587158, 21.87872284675739]]], [[[88.38510433336008, 21.761187721494206], [88.38446358572915, 21.74534992778103], [88.36297332303616, 21.737967079721454], [88.37188173784234, 21.764713878777417], [88.38510433336008, 21.761187721494206]]], [[[87.94078421163177, 21.72344610829622], [87.9304220235569, 21.692811282305343], [87.92320934234286, 21.689134072962762], [87.92562269509975, 21.71449057510013], [87.94078421163177, 21.72344610829622]]], [[[87.95704637189768, 21.77146106523545], [87.95727678078491, 21.75651944426865], [87.93189092355664, 21.744412184572525], [87.94511456830664, 21.764728357676667], [87.95704637189768, 21.77146106523545]]], [[[88.09422179994878, 21.86702145116844], [88.0892862770131, 21.89256532020322], [88.10300672245455, 21.890629020829547], [88.09422179994878, 21.86702145116844]]], [[[88.20104392710067, 21.710179233926432], [88.18348501638278, 21.694420113306847], [88.18034062812242, 21.69442015671053], [88.20020409124324, 21.72352565369554], [88.20104392710067, 21.710179233926432]]], [[[87.90167023285797, 21.772321720410915], [87.87644685122018, 21.745257467234545], [87.88043618046375, 21.75751917851426], [87.90167023285797, 21.772321720410915]]], [[[88.64108164242734, 21.67840700722832], [88.64160346030116, 21.67116986503051], [88.63348820938181, 21.6494062125236], [88.62714131815041, 21.65820793579937], [88.64108164242734, 21.67840700722832]]], [[[88.34479282754897, 21.59311142742335], [88.3533506200183, 21.5877667737376], [88.35926142589167, 21.567600714241028], [88.34393365006515, 21.582231314501755], [88.34479282754897, 21.59311142742335]]], [[[88.19810847260233, 21.730733050829585], [88.19740964709166, 21.742268144783882], [88.20526581669655, 21.75997385999246], [88.20400793724524, 21.734147648985637], [88.19810847260233, 21.730733050829585]]], [[[88.17282897320877, 21.854289874384317], [88.18939617709066, 21.840399554162968], [88.18896600893541, 21.833360099878494], [88.17282897320877, 21.854289874384317]]], [[[88.55914086516545, 21.884082555573396], [88.5621424778895, 21.894170662302052], [88.57249775522489, 21.896898838871103], [88.57304961096514, 21.88484088109918], [88.55914086516545, 21.884082555573396]]], [[[88.34159640617243, 21.559880183445493], [88.33038489962397, 21.54318124794107], [88.33962377857202, 21.572906072669525], [88.34159640617243, 21.559880183445493]]], [[[88.05938387019935, 21.5111542610759], [88.07091166098293, 21.529986490646834], [88.07550907960524, 21.52956148059304], [88.074896071052, 21.517123818444002], [88.05938387019935, 21.5111542610759]]], [[[88.3521690533487, 21.62023435762891], [88.35315665308721, 21.61130285792133], [88.34572140348179, 21.603997899634503], [88.34470361675642, 21.616808916751634], [88.3521690533487, 21.62023435762891]]], [[[88.1799279663354, 21.77922805286215], [88.17579810015722, 21.782649344874702], [88.17530746190859, 21.798874520490376], [88.18177094458238, 21.792833294146295], [88.1799279663354, 21.77922805286215]]], [[[88.51335544193289, 21.936108868957792], [88.5213392369868, 21.92504778223206], [88.51418335534989, 21.918353996108287], [88.51335544193289, 21.936108868957792]]], [[[88.09512788206685, 21.905706671850478], [88.10364831001026, 21.908264366510497], [88.11067923329624, 21.9008673484645], [88.09931734158268, 21.899189638646764], [88.09512788206685, 21.905706671850478]]], [[[88.0782664907092, 21.572889740819267], [88.0753042646188, 21.579761157058567], [88.07590142958539, 21.58822065496678], [88.08479300008166, 21.57624611289035], [88.0782664907092, 21.572889740819267]]], [[[87.98050891813632, 21.69189088800848], [87.97535899788504, 21.701113385918045], [87.98700104718624, 21.699186608386665], [87.98050891813632, 21.69189088800848]]], [[[88.48838883563427, 21.907929195257395], [88.48285474546181, 21.8952304669157], [88.47655827576901, 21.897684626016048], [88.47655065446213, 21.89993318690517], [88.48838883563427, 21.907929195257395]]], [[[87.90490838008115, 21.703218185521067], [87.90964139580232, 21.6962345872657], [87.90267491675655, 21.684634175410253], [87.90490838008115, 21.703218185521067]]], [[[88.07630413714072, 21.609537944317147], [88.07454165962127, 21.618092799741675], [88.07741501448231, 21.621652251679972], [88.08206567175996, 21.613782111442333], [88.07630413714072, 21.609537944317147]]], [[[88.27791652541224, 21.786962621880605], [88.27047688753662, 21.780095379154574], [88.26769380707344, 21.787719625021406], [88.27791652541224, 21.786962621880605]]], [[[81.01467006121932, 15.810285982596483], [81.0180516702917, 15.801232843343916], [81.0189190404109, 15.793487105349659], [81.01242154213055, 15.804186559471905], [81.0080919265658, 15.799343647003809], [81.01190469283857, 15.808696543870225], [81.00520216307778, 15.816314869140674], [81.01467006121932, 15.810285982596483]]], [[[87.96221833770437, 21.736969993901628], [87.949925664694, 21.728953332609997], [87.94750635341185, 21.729739702535976], [87.95806237546716, 21.740340041898495], [87.96221833770437, 21.736969993901628]]], [[[88.59445563953231, 21.565301749102204], [88.59016472338996, 21.55532810680615], [88.58606562091701, 21.55508375585142], [88.58589303299136, 21.563447182262372], [88.59445563953231, 21.565301749102204]]], [[[71.51536299769927, 20.912646190127784], [71.52456580839036, 20.904786369528946], [71.5224693282651, 20.902764782436385], [71.50927073034187, 20.904583218199413], [71.51536299769927, 20.912646190127784]]], [[[87.98815531225773, 21.724113747851558], [87.97874935744662, 21.726265064112702], [87.98890336364933, 21.72906761375853], [87.98815531225773, 21.724113747851558]]], [[[82.34409276469562, 16.607156333307117], [82.33589018944583, 16.5895391555481], [82.32964728359845, 16.59401631104798], [82.34409276469562, 16.607156333307117]]], [[[87.95228417170954, 21.711790962985702], [87.95630502283643, 21.70501814047948], [87.94727370771957, 21.704315525653744], [87.95228417170954, 21.711790962985702]]], [[[88.04956766827269, 21.516237518662965], [88.0489602759866, 21.507511670263252], [88.04488484322304, 21.5083570409129], [88.04956766827269, 21.516237518662965]]], [[[88.08869314727876, 21.583282451906854], [88.08337809152543, 21.592515204736706], [88.09086207473503, 21.587376668327398], [88.08869314727876, 21.583282451906854]]], [[[72.73405907269243, 19.459683660180104], [72.72884586073947, 19.46570100108285], [72.73032203888967, 19.469212135817685], [72.73685380071157, 19.465849870993967], [72.73405907269243, 19.459683660180104]]], [[[88.59485243437646, 21.582466161212505], [88.60117691443814, 21.578946042747024], [88.59546787826244, 21.577842011451903], [88.59485243437646, 21.582466161212505]]], [[[82.33063185421784, 16.607101624096185], [82.33670339384837, 16.60544355478262], [82.33091558260877, 16.617993821424378], [82.33819692295828, 16.605606939149315], [82.33609054699185, 16.602974605829857], [82.33063185421784, 16.607101624096185]]], [[[88.16362215064163, 21.86251581545909], [88.16907294632597, 21.862154801708353], [88.16837631090796, 21.860349904350883], [88.16362215064163, 21.86251581545909]]], [[[69.9960771566054, 22.549049179013974], [70.01256208468872, 22.552823527939815], [70.00471551358265, 22.549592064828254], [69.9960771566054, 22.549049179013974]]], [[[80.78725969022676, 15.844842233074296], [80.78359717796504, 15.8550055227679], [80.78738399819747, 15.853263241532067], [80.78725969022676, 15.844842233074296]]], [[[82.31881763201265, 16.56801367723031], [82.31809498228235, 16.57256485684676], [82.31906661985659, 16.575654493688347], [82.31881763201265, 16.56801367723031]]], [[[80.77822199707143, 15.863673819528703], [80.78389136993238, 15.857831420239137], [80.77534943093117, 15.863573224114896], [80.77822199707143, 15.863673819528703]]], [[[71.53120908258008, 20.902347131440205], [71.5282230259818, 20.90464318967001], [71.53250346956455, 20.902807370721792], [71.53120908258008, 20.902347131440205]]], [[[80.78993142091723, 15.830872256603902], [80.7924342395882, 15.830335255777673], [80.7910854137992, 15.828166964514741], [80.78993142091723, 15.830872256603902]]], [[[80.78738031600311, 15.840419426026683], [80.78917218370373, 15.839281071263777], [80.78853298836164, 15.836948649745757], [80.78738031600311, 15.840419426026683]]], [[[71.15215918844827, 20.761323055244272], [71.15374984699994, 20.760089406160116], [71.1511698414865, 20.758917442257832], [71.15215918844827, 20.761323055244272]]], [[[81.00723681306033, 15.79527494895074], [81.00845585025705, 15.794978728244912], [81.00623981245234, 15.790962367476908], [81.00723681306033, 15.79527494895074]]], [[[80.93055500254205, 15.718193808586074], [80.93050033826037, 15.716154367075905], [80.92828369049958, 15.714920088782007], [80.93055500254205, 15.718193808586074]]], [[[80.81106216256218, 15.732748855855117], [80.81264437964514, 15.732379740982735], [80.81301441906687, 15.730312850817118], [80.81106216256218, 15.732748855855117]]], [[[80.79401343923013, 15.770591702991775], [80.79280647269584, 15.768960958775457], [80.79250994061721, 15.770394449803257], [80.79401343923013, 15.770591702991775]]]]}}]}