{"type": "FeatureCollection", "bbox": [122.93391306, 24.045884279000063, 153.98607194600004, 45.55682258600012], "features": [{"type": "Feature", "properties": {"iso3": "JPN", "source": "geoBoundaries", "territoryExtent": "full"}, "geometry": {"type": "MultiPolygon", "coordinates": [[[[123.80930639400003, 24.06477694600011], [123.75654499400002, 24.049734162000163], [123.75387861200011, 24.06262527900003], [123.80930639400003, 24.06477694600011]]], [[[123.76602651600012, 24.06951361800003], [123.76600816500013, 24.068408874000056], [123.76379997400011, 24.06741847300009], [123.76602651600012, 24.06951361800003]]], [[[123.5612492350001, 24.192373815000053], [123.56103639400021, 24.195763892000116], [123.5695360410001, 24.196492847000115], [123.5612492350001, 24.192373815000053]]], [[[123.93567083000016, 24.211544441000115], [123.92075527900033, 24.217298054000025], [123.93450308700005, 24.221387532000165], [123.93567083000016, 24.211544441000115]]], [[[123.93909861200007, 24.235886387000164], [123.95433555100021, 24.237333892000095], [123.9364772240001, 24.225182775], [123.93909861200007, 24.235886387000164]]], [[[124.01091444900032, 24.220611387000133], [124.0012583920003, 24.25468974800009], [124.02991389100009, 24.24178110800017], [124.01091444900032, 24.220611387000133]]], [[[124.07587250300026, 24.325149441000065], [124.10203221800032, 24.320795829000076], [124.08472499400023, 24.311756387000173], [124.07587250300026, 24.325149441000065]]], [[[124.14067228300007, 24.332325261000108], [124.1612905190002, 24.331111459000056], [124.14160369600029, 24.327434288000177], [124.14067228300007, 24.332325261000108]]], [[[123.96714472100007, 24.352665], [124.00350000000014, 24.327299721000145], [123.95138091800004, 24.33197797800011], [123.96714472100007, 24.352665]]], [[[123.93524194600002, 24.34741805400006], [123.93521360600016, 24.342940279000175], [123.93067583700031, 24.34146972100018], [123.93524194600002, 24.34741805400006]]], [[[123.77026055800002, 24.436898613000096], [123.88057805400024, 24.256238892000056], [123.66169583700002, 24.308345], [123.75157778200014, 24.312692775000016], [123.77026055800002, 24.436898613000096]]], [[[123.72446805400011, 24.35845861300004], [123.74386221800012, 24.354044441000042], [123.74239583700012, 24.34601833300013], [123.72446805400011, 24.35845861300004]]], [[[123.99946972800012, 24.366845559000126], [124.00099194600011, 24.360228333000123], [123.99594666700023, 24.364748613000188], [123.99946972800012, 24.366845559000126]]], [[[123.94203583700005, 24.36761722500006], [123.94395722400009, 24.367374441000038], [123.94175861200006, 24.364862775000063], [123.94203583700005, 24.36761722500006]]], [[[123.714674994, 24.377992775], [123.7209725030001, 24.36569444100013], [123.71151163400009, 24.37062527900008], [123.714674994, 24.377992775]]], [[[124.11900845700006, 24.448860396000157], [124.11739601800002, 24.45196881100003], [124.1189464790001, 24.452076090000105], [124.11900845700006, 24.448860396000157]]], [[[123.04320731000018, 24.463541705000125], [122.97376246400006, 24.437075333000166], [122.93391306, 24.448717391000116], [122.96256989600022, 24.472555811000063], [123.01258900100004, 24.473729847000186], [123.04320731000018, 24.463541705000125]]], [[[124.14898699100002, 24.454120324000144], [124.15276341200013, 24.456750647000092], [124.1481742960002, 24.450977399000067], [124.14898699100002, 24.454120324000144]]], [[[124.14653652400023, 24.465184613000133], [124.1474559400001, 24.46318244100007], [124.14655809300018, 24.46251064900008], [124.14653652400023, 24.465184613000133]]], [[[124.22300460400004, 24.455436892000023], [124.24235819700004, 24.34913485600015], [124.11095339800022, 24.365491676000147], [124.0766557200003, 24.45339743200003], [124.11965965000024, 24.446678649000035], [124.11769105300004, 24.482385903000193], [124.1399760700001, 24.442405189000112], [124.22300460400004, 24.455436892000023]]], [[[122.99984823600016, 24.472685099000103], [123.00349199100015, 24.472766054000147], [123.001275888, 24.471299703000057], [122.99984823600016, 24.472685099000103]]], [[[123.8170113880002, 24.469009162000134], [123.82505055800004, 24.474207495000087], [123.82478583700015, 24.468133054000134], [123.8170113880002, 24.469009162000134]]], [[[124.11540958500007, 24.484953955000037], [124.11752927400005, 24.484436676000144], [124.11670335900021, 24.483659741000054], [124.11540958500007, 24.484953955000037]]], [[[124.31804129700026, 24.61799958600011], [124.3177750110001, 24.616420532000177], [124.31688924800005, 24.617350495000153], [124.31804129700026, 24.61799958600011]]], [[[124.7283011410002, 24.644128251999973], [124.73020763900001, 24.64205882900012], [124.73135223100007, 24.639742009000088], [124.7283011410002, 24.644128251999973]]], [[[124.71035604600002, 24.676411661000145], [124.68724513600023, 24.638246414000037], [124.67084639400002, 24.66070361300018], [124.71035604600002, 24.676411661000145]]], [[[125.25559313900033, 24.72523027900013], [125.24536625200017, 24.71338605400007], [125.24065810600018, 24.731043748], [125.25559313900033, 24.72523027900013]]], [[[124.6950014790001, 24.76192289200003], [124.69852444800006, 24.746533932000034], [124.68267788600019, 24.758373559000063], [124.6950014790001, 24.76192289200003]]], [[[125.27986011700023, 24.765565919000096], [125.28149650000012, 24.765022768], [125.28178141400008, 24.76310555900011], [125.27986011700023, 24.765565919000096]]], [[[125.22163075300011, 24.80671205400006], [125.22255354100025, 24.80638058600016], [125.22438272400018, 24.804782910000142], [125.22163075300011, 24.80671205400006]]], [[[125.26755961100014, 24.806226748000086], [125.2694942280001, 24.81082386500003], [125.26918347600008, 24.8091065320001], [125.26755961100014, 24.806226748000086]]], [[[125.25512832700008, 24.91013889200002], [125.33520372200019, 24.798918973000184], [125.43338166, 24.760990829000093], [125.46935027200016, 24.718822225000167], [125.26118527900007, 24.735326946000043], [125.28514333300018, 24.753165279000086], [125.28204002600035, 24.755408306000163], [125.28350014300008, 24.760511279000013], [125.2814748640003, 24.76087261300006], [125.28266836600028, 24.76324391900016], [125.27929389100007, 24.770080559000064], [125.27607216600006, 24.772578694000117], [125.27773927400017, 24.773415468000053], [125.25659980500018, 24.787898640000037], [125.25612596600013, 24.803224694000164], [125.26641108900014, 24.799031333000073], [125.27906169900007, 24.809306333000052], [125.29651888500007, 24.846281387000147], [125.25512832700008, 24.91013889200002]]], [[[125.27872580400003, 24.81973060000007], [125.27894933300001, 24.818477122000047], [125.27663832700011, 24.81807594600008], [125.27872580400003, 24.81973060000007]]], [[[125.15511741900013, 24.805371775000083], [125.16327438400026, 24.865416586000038], [125.2127939300002, 24.84343673900014], [125.2163261610001, 24.80676582899997], [125.15511741900013, 24.805371775000083]], [[125.16589783400025, 24.82233180700007], [125.16556233500012, 24.82525427900009], [125.16444779200003, 24.82478856500012], [125.16589783400025, 24.82233180700007]], [[125.16868769100006, 24.821840559000123], [125.1674220230002, 24.823712441000055], [125.16595551300031, 24.823495207000065], [125.16868769100006, 24.821840559000123]], [[125.16444779200003, 24.82478856500012], [125.16300027200032, 24.826448414000083], [125.15916048600002, 24.830477427000062], [125.16444779200003, 24.82478856500012]]], [[[125.30831689200011, 24.913181654000084], [125.30686457800016, 24.91992505400009], [125.31082610900012, 24.915865559000054], [125.30831689200011, 24.913181654000084]]], [[[125.23103499400008, 24.935236387000145], [125.25576289200012, 24.924266559000046], [125.24826630400014, 24.919608225000104], [125.23103499400008, 24.935236387000145]]], [[[123.55037389100005, 25.725576946000103], [123.55263944200033, 25.720428332999973], [123.54480313400018, 25.723766434000026], [123.55037389100005, 25.725576946000103]]], [[[123.53777166000009, 25.73179555900009], [123.5456241630003, 25.728953892000106], [123.54474277600013, 25.7262305590001], [123.53777166000009, 25.73179555900009]]], [[[123.4643841630002, 25.73465638700003], [123.47646972800021, 25.751800559000117], [123.49318246400014, 25.7423294620001], [123.4643841630002, 25.73465638700003]]], [[[123.54385914400007, 25.782142197999974], [123.54493858600017, 25.78106258600019], [123.54352000500012, 25.780304720000174], [123.54385914400007, 25.782142197999974]]], [[[124.55895674900012, 25.92344724999998], [124.56096501400009, 25.92243341600016], [124.5561747070002, 25.921727727000075], [124.55895674900012, 25.92344724999998]]], [[[123.68313618700017, 25.91876685600016], [123.68257691800022, 25.92878651500007], [123.68783555100003, 25.920680279000123], [123.68313618700017, 25.91876685600016]]], [[[127.7602788150001, 26.123113773000114], [127.76116945600018, 26.12399605800016], [127.76254622600004, 26.123425135000105], [127.7602788150001, 26.123113773000114]]], [[[127.77683275000015, 26.129292640000187], [127.77103430300008, 26.131491732000086], [127.77672177700026, 26.131720559000087], [127.77683275000015, 26.129292640000187]]], [[[127.6567747470001, 26.136047127000154], [127.6577202210002, 26.134821180000017], [127.6566794690001, 26.134581167000135], [127.6567747470001, 26.136047127000154]]], [[[127.6577202210002, 26.134821180000017], [127.6577775290001, 26.13628168000008], [127.65850232800017, 26.135236135000184], [127.6577202210002, 26.134821180000017]]], [[[127.34161722400017, 26.144803054000135], [127.34392832700019, 26.13919833300008], [127.3416044490001, 26.138493333000042], [127.34161722400017, 26.144803054000135]]], [[[127.80961280200006, 26.146027252000124], [127.8101431130001, 26.14504508100015], [127.80777871600003, 26.14522780200008], [127.80961280200006, 26.146027252000124]]], [[[127.27194749700004, 26.156406946000118], [127.27332777600009, 26.156651946000125], [127.27286647400001, 26.155024546000107], [127.27194749700004, 26.156406946000118]]], [[[127.29082, 26.157656108000083], [127.29092221200017, 26.155964784000105], [127.28825972800018, 26.156322495000154], [127.29082, 26.157656108000083]]], [[[127.27443721400005, 26.156146284000044], [127.27332777600009, 26.156651946000125], [127.27414250300012, 26.15784479300015], [127.27443721400005, 26.156146284000044]]], [[[127.33720166000023, 26.163635279000175], [127.33961805600018, 26.16092890300007], [127.33732354400001, 26.158757086000037], [127.33720166000023, 26.163635279000175]]], [[[127.8861934140001, 26.15356247800014], [127.90822252900011, 26.171674441000107], [127.91059111500022, 26.171568694000143], [127.8861934140001, 26.15356247800014]]], [[[127.28745778200005, 26.16735194600011], [127.29727694600001, 26.16881958100015], [127.29123861200003, 26.160573054], [127.28745778200005, 26.16735194600011]]], [[[127.2319494420002, 26.16335972100012], [127.24423666700034, 26.175413054000046], [127.24190277600007, 26.162250829000186], [127.2319494420002, 26.16335972100012]]], [[[127.27445111600002, 26.18208736100013], [127.2737118030002, 26.17889124800007], [127.27289583000004, 26.180341108000164], [127.27445111600002, 26.18208736100013]]], [[[127.23676917000023, 26.182811387000186], [127.23759110900005, 26.180465554000136], [127.2358655510003, 26.181615559000136], [127.23676917000023, 26.182811387000186]]], [[[127.29645055800017, 26.177046946000075], [127.28252534, 26.183815016000153], [127.28904444900013, 26.187623333000033], [127.29645055800017, 26.177046946000075]]], [[[127.2766016600001, 26.18650444100018], [127.27445111600002, 26.18208736100013], [127.27314488300021, 26.182933610000077], [127.2766016600001, 26.18650444100018]]], [[[127.33899065100002, 26.182931482000072], [127.3702025030002, 26.219786108000108], [127.34768888500014, 26.14569749500015], [127.33899065100002, 26.182931482000072]]], [[[127.37898514000005, 26.19674652700013], [127.37518166000018, 26.200200000000166], [127.38016527900015, 26.19914861300009], [127.37898514000005, 26.19674652700013]]], [[[127.27558555100018, 26.186628613000153], [127.28103027200007, 26.213256387000115], [127.2934152790001, 26.194188333], [127.27558555100018, 26.186628613000153]]], [[[127.31742944200016, 26.203902775000188], [127.31048, 26.203192495000053], [127.30890250300024, 26.217717225000115], [127.31742944200016, 26.203902775000188]]], [[[127.43883194600005, 26.203416667000113], [127.45657972800018, 26.22127944100015], [127.43931254100016, 26.19989416500016], [127.43883194600005, 26.203416667000113]]], [[[127.23953805400015, 26.220595279], [127.24981012400008, 26.21558057400017], [127.24233583700027, 26.20808555900004], [127.23953805400015, 26.220595279]]], [[[127.29598527900009, 26.217188054000133], [127.29391944200017, 26.213330559000042], [127.29546832700021, 26.218236108000156], [127.29598527900009, 26.217188054000133]]], [[[127.2681080540001, 26.217092495000088], [127.26804388500022, 26.21531666700008], [127.26705138800003, 26.215995000000134], [127.2681080540001, 26.217092495000088]]], [[[127.283233891, 26.21899082900012], [127.28845972800002, 26.21897527900012], [127.2877355510002, 26.216453333000175], [127.283233891, 26.21899082900012]]], [[[127.66146155100012, 26.219644963000064], [127.66153391700004, 26.218574428000068], [127.66009472100006, 26.21816694600011], [127.66146155100012, 26.219644963000064]]], [[[127.28303350500016, 26.226742657999978], [127.28527221800005, 26.227018892000103], [127.28390306100005, 26.225450829000124], [127.28303350500016, 26.226742657999978]]], [[[127.33239666700013, 26.226807775000168], [127.33562888500023, 26.22619305400019], [127.33471610900006, 26.225056108000103], [127.33239666700013, 26.226807775000168]]], [[[127.36719166000023, 26.223950279000178], [127.37305333300003, 26.230130559000088], [127.36925666700006, 26.224275833000092], [127.36719166000023, 26.223950279000178]]], [[[127.45235972800003, 26.23402610800008], [127.44879994300015, 26.23132072300018], [127.45116737, 26.234353215000056], [127.45235972800003, 26.23402610800008]]], [[[127.33313972800022, 26.22848055900016], [127.30808333300001, 26.21855222500011], [127.30195591400002, 26.227425802000027], [127.28298416300004, 26.22748722500006], [127.28209639400018, 26.234425559000044], [127.33313972800022, 26.22848055900016]]], [[[127.45317111500015, 26.236152775000107], [127.45457966100003, 26.234771698000145], [127.45248333300026, 26.23472555900014], [127.45317111500015, 26.236152775000107]]], [[[127.4554600780001, 26.241186546000165], [127.45937443700006, 26.2390518040001], [127.45533732800004, 26.237585027000137], [127.4554600780001, 26.241186546000165]]], [[[127.93686547300001, 26.244477973000073], [127.93764863600006, 26.243170530000157], [127.9338267060001, 26.243191888000126], [127.93686547300001, 26.244477973000073]]], [[[127.55821749700021, 26.250210000000152], [127.56081861200005, 26.250469441], [127.56284333300016, 26.24978166700015], [127.55821749700021, 26.250210000000152]]], [[[127.94833377400028, 26.257877586000063], [127.9427424270001, 26.24156707000003], [127.93667591400026, 26.245287613000073], [127.93562749700016, 26.244351667000103], [127.94833377400028, 26.257877586000063]]], [[[127.40557944200009, 26.254856667000126], [127.40706256900023, 26.247332570000083], [127.4010838910001, 26.255476108000096], [127.40557944200009, 26.254856667000126]]], [[[127.57940306100022, 26.260319441000036], [127.57472722400007, 26.26122694600008], [127.57868861200018, 26.26500249500009], [127.57940306100022, 26.260319441000036]]], [[[127.58421693900004, 26.26361055900003], [127.5806066670001, 26.260866108000073], [127.5793091700001, 26.262122775000023], [127.58421693900004, 26.26361055900003]]], [[[127.94785547300023, 26.265136864999988], [127.9481309470001, 26.263771613000188], [127.9463828270001, 26.263480360000187], [127.94785547300023, 26.265136864999988]]], [[[127.54065416300023, 26.265549162000127], [127.554211946, 26.26558861300009], [127.55422444900023, 26.263886667000122], [127.54065416300023, 26.265549162000127]]], [[[127.91624443, 26.29015791900008], [127.91762027200014, 26.29011608100018], [127.91647511000008, 26.289026467999975], [127.91624443, 26.29015791900008]]], [[[127.97912861200007, 26.292214441000056], [127.98128472100007, 26.290242225000156], [127.9811722180001, 26.287203333000036], [127.97912861200007, 26.292214441000056]]], [[[126.81460610900012, 26.29169361300012], [126.81620569400002, 26.29316819400003], [126.81593527900009, 26.291194162000124], [126.81460610900012, 26.29169361300012]]], [[[127.99615111500032, 26.30042833300007], [127.98922333300015, 26.30353722500007], [127.99542499400002, 26.30281805400017], [127.99615111500032, 26.30042833300007]]], [[[127.84928604400011, 26.30152360400018], [127.84695096700023, 26.30207429700016], [127.8492815950002, 26.302685071999974], [127.84928604400011, 26.30152360400018]]], [[[127.83118379400014, 26.309490302000142], [127.83820799000011, 26.299599748000162], [127.83300291800003, 26.304953946000126], [127.83118379400014, 26.309490302000142]]], [[[127.91997505800009, 26.31741338700016], [127.92426097300006, 26.32462008100009], [127.93007136200004, 26.31242813500012], [127.91997505800009, 26.31741338700016]]], [[[127.96912555100016, 26.32339682900016], [127.95925841800022, 26.3086967750001], [127.95044474700023, 26.327097081000034], [127.96912555100016, 26.32339682900016]]], [[[127.91741683500004, 26.33152627900006], [127.93965556500018, 26.33578256800007], [127.9340771730001, 26.332053333000147], [127.92995513600022, 26.331027694000113], [127.91741683500004, 26.33152627900006]]], [[[126.85491693900019, 26.338616387000172], [126.85562111500019, 26.338080559000048], [126.85148055800016, 26.336935559000153], [126.85491693900019, 26.338616387000172]]], [[[126.82845277600018, 26.342778892000013], [126.8255522180001, 26.335135829000137], [126.82011416300008, 26.336825000000147], [126.82845277600018, 26.342778892000013]]], [[[126.84213555100007, 26.342254721000074], [126.83686888500006, 26.336572495000155], [126.83790749700006, 26.343735559000038], [126.84213555100007, 26.342254721000074]]], [[[126.86429944200029, 26.340943333000098], [126.86563250300003, 26.34002694600008], [126.85886610900002, 26.33969110800018], [126.86429944200029, 26.340943333000098]]], [[[126.80582639400029, 26.37003638700014], [126.76022394300003, 26.342281], [126.70927749700002, 26.35430610800006], [126.70956555200007, 26.355854027000134], [126.71206166000002, 26.361626387000115], [126.71151917000009, 26.364417225000068], [126.71310381600017, 26.365920163999988], [126.71077832700018, 26.36677805400012], [126.70792818500013, 26.360930069000062], [126.71202055800006, 26.37141416200018], [126.80582639400029, 26.37003638700014]]], [[[126.87226389100033, 26.345865000000117], [126.87212306100002, 26.345329161999985], [126.87141277600017, 26.344141946000036], [126.87226389100033, 26.345865000000117]]], [[[126.7275111150002, 26.346055829000193], [126.72994499400022, 26.346631387], [126.72513362000018, 26.34798268000003], [126.7275111150002, 26.346055829000193]]], [[[126.83582944200009, 26.347204162000082], [126.83731250300002, 26.347128054000166], [126.83687624800007, 26.34586145700007], [126.83582944200009, 26.347204162000082]]], [[[126.71785722400011, 26.347431946000086], [126.73050138800022, 26.340756667000107], [126.7105634180001, 26.35400057300012], [126.71785722400011, 26.347431946000086]]], [[[126.88045708900006, 26.345487086000105], [126.89603305500009, 26.349593748000075], [126.88712000000021, 26.34395000000012], [126.88045708900006, 26.345487086000105]]], [[[126.89881861200001, 26.350764162000132], [126.8986933330001, 26.35221389200018], [126.90366917000006, 26.351756946000023], [126.89881861200001, 26.350764162000132]]], [[[126.70918442300012, 26.358004680000192], [126.70956555200007, 26.355854027000134], [126.70782472100007, 26.357411946000184], [126.70918442300012, 26.358004680000192]]], [[[127.99155043900032, 26.358975755000188], [127.95821552500001, 26.335195441000053], [127.93965556500018, 26.33578256800007], [127.98800483600019, 26.38492083100016], [127.99155043900032, 26.358975755000188]], [[127.98575630400012, 26.37716233300017], [127.98517294400017, 26.37622664000014], [127.98662180300005, 26.37603427500011], [127.98575630400012, 26.37716233300017]]], [[[127.14590617800002, 26.381748948000165], [127.14617166000005, 26.34835527900003], [127.13655538300009, 26.371456829000067], [127.14590617800002, 26.381748948000165]], [[127.13751547300012, 26.371101135000117], [127.13774221800008, 26.36967746800019], [127.13915169300014, 26.37115372100004], [127.13751547300012, 26.371101135000117]]], [[[127.104328054, 26.383389162000185], [127.10035333300016, 26.387847495000187], [127.10506722400021, 26.387040829000057], [127.104328054, 26.383389162000185]]], [[[127.99832525300008, 26.38221258600015], [127.99535985900002, 26.39964436400004], [128.00403483800005, 26.398427919000028], [127.99832525300008, 26.38221258600015]]], [[[127.95117396900002, 26.45698682000011], [127.95216535700001, 26.45612630400018], [127.95097826500012, 26.455798887000185], [127.95117396900002, 26.45698682000011]]], [[[127.92222263300016, 26.29551274800002], [127.83804739300001, 26.331268667000074], [127.65765277900016, 26.081621671], [127.71139547300004, 26.440474441000163], [127.79905583700008, 26.43740166700013], [127.84583806700016, 26.481252505000157], [127.84403138800019, 26.503969441000038], [127.98403466900004, 26.57560169400017], [127.89486644600004, 26.606602279000185], [127.87990032500011, 26.709968707000144], [128.00672538300023, 26.630345495000086], [128.02720328100008, 26.627900027000067], [128.07926369600023, 26.644301], [128.1114672240002, 26.668241387000137], [128.1232869390002, 26.66022925200008], [128.26358055800006, 26.874203333000025], [128.25242221800022, 26.645397495000054], [127.83070771700011, 26.432130198000152], [127.91484094700013, 26.331829027000083], [127.90573144000018, 26.33079853200013], [127.9225341890002, 26.311616667000123], [127.92222263300016, 26.29551274800002]], [[127.75757771700012, 26.432984667000085], [127.7588, 26.432565279000187], [127.75899338500017, 26.433785775000104], [127.75757771700012, 26.432984667000085]], [[127.95294616100011, 26.600116865000075], [127.95044177700004, 26.600741468000138], [127.95247368400021, 26.597765473000038], [127.95294616100011, 26.600116865000075]], [[127.92044756200028, 26.31006805400017], [127.92090457800009, 26.308580468000173], [127.9216782950001, 26.30950446900016], [127.92044756200028, 26.31006805400017]]], [[[127.8359694420003, 26.487850829000024], [127.83669, 26.486435], [127.83565833300008, 26.486242500000117], [127.8359694420003, 26.487850829000024]]], [[[127.83870778200003, 26.49509582900015], [127.83906832700029, 26.493198892000123], [127.8342147210002, 26.492703333000065], [127.83870778200003, 26.49509582900015]]], [[[127.86898194600008, 26.51310833300016], [127.86915303500018, 26.510733824000056], [127.86704888500014, 26.51268222500005], [127.86898194600008, 26.51310833300016]]], [[[128.0993513880003, 26.533294441000066], [128.10002944200005, 26.53155861300013], [128.096525551, 26.53418416200003], [128.0993513880003, 26.533294441000066]]], [[[127.21656944200004, 26.59265555900015], [127.24054250300003, 26.576016107999976], [127.20844639400013, 26.57522610799998], [127.21656944200004, 26.59265555900015]]], [[[126.83014250300005, 26.595106946000044], [126.83265944200002, 26.595688333000112], [126.82941416300002, 26.59305138700006], [126.83014250300005, 26.595106946000044]]], [[[127.24329185500017, 26.596064414000068], [127.24474712400001, 26.59636874199998], [127.24397669300015, 26.595116532000134], [127.24329185500017, 26.596064414000068]]], [[[128.03144083000018, 26.642217495000068], [128.0354774970001, 26.638977495000177], [128.03129666700022, 26.634334721000073], [128.03144083000018, 26.642217495000068]]], [[[127.85482674400009, 26.648409414000128], [127.87074577200019, 26.640686198000083], [127.85995036300005, 26.62902622500019], [127.85482674400009, 26.648409414000128]]], [[[127.81279666700016, 26.650689162000106], [127.8211369390001, 26.64471472100007], [127.80989027200008, 26.646095829000103], [127.81279666700016, 26.650689162000106]]], [[[127.99093277600014, 26.651033892000044], [127.99232610900003, 26.651505279000048], [127.99297277600033, 26.649395], [127.99093277600014, 26.651033892000044]]], [[[128.03401088000032, 26.659213288000046], [127.99706604100004, 26.656077151000147], [127.99477194600001, 26.67074], [128.0200972240002, 26.68064416200008], [128.02110927400008, 26.673360054000113], [128.0237766670001, 26.66709582900006], [128.03401088000032, 26.659213288000046]]], [[[128.0968016600002, 26.667419721000044], [128.1040171730001, 26.66793461300017], [128.1064349940002, 26.666307775], [128.0968016600002, 26.667419721000044]]], [[[128.02235472100006, 26.67306208100007], [128.02470400100003, 26.67292869400012], [128.02261511000017, 26.671334162000164], [128.02235472100006, 26.67306208100007]]], [[[128.01553693900007, 26.69400705400011], [128.0275233330001, 26.710578892000115], [128.0273933330002, 26.70009582900002], [128.01553693900007, 26.69400705400011]]], [[[127.80526085600002, 26.704634360000114], [127.80789866400016, 26.73912436000012], [127.83141416300009, 26.718925000000183], [127.80526085600002, 26.704634360000114]]], [[[128.33493360600016, 26.74754082900006], [128.3344505580003, 26.744826108000098], [128.33046543700004, 26.748202937000144], [128.33493360600016, 26.74754082900006]]], [[[128.17739985700018, 26.750059802000067], [128.17696585500016, 26.749204180000106], [128.176174295, 26.7482062630001], [128.17739985700018, 26.750059802000067]]], [[[127.92114194600003, 26.894394162000083], [127.92788527900007, 26.895289721000154], [127.9337811150001, 26.8942741620001], [127.92114194600003, 26.894394162000083]]], [[[127.95733805400016, 26.934925559000135], [127.91182555100022, 26.937071946000174], [127.93761, 26.955696108000154], [127.95733805400016, 26.934925559000135]]], [[[127.9595569390001, 26.97492082900004], [127.94128944200008, 26.976473892000172], [127.94450805400015, 26.977855559000034], [127.9595569390001, 26.97492082900004]]], [[[127.92297472100006, 27.002178054000126], [127.92092277600034, 26.98929249500003], [127.91273778200025, 26.99519082900008], [127.92297472100006, 27.002178054000126]]], [[[127.93458277600007, 26.994890559000112], [127.94472944200015, 27.018840000000125], [127.94025389100011, 27.00454333300013], [127.93458277600007, 26.994890559000112]]], [[[128.23343712800022, 27.872989185000108], [128.2231665070001, 27.866338094000184], [128.22164610900006, 27.88531916200003], [128.23343712800022, 27.872989185000108]]], [[[128.3480147470001, 31.986624613000174], [128.34764041500011, 31.98889691900007], [128.35010547700006, 31.98626467800017], [128.3480147470001, 31.986624613000174]]], [[[128.34368849500004, 32.00520046800017], [128.35591138400002, 31.99008059500011], [128.34907656900032, 31.988568357000077], [128.34368849500004, 32.00520046800017]]], [[[128.35946102500031, 32.01182777500003], [128.36528605700005, 32.01391238700006], [128.36191572000007, 32.00790458600005], [128.35946102500031, 32.01182777500003]]], [[[128.43199749700022, 27.068110829000148], [128.45356583700027, 27.051681946000144], [128.4526666930003, 27.021072225000125], [128.39830221800003, 27.037079441000117], [128.39744055800008, 27.05100110800015], [128.43199749700022, 27.068110829000148]], [[128.40068221800027, 27.05002610800011], [128.40167499400002, 27.050911667000094], [128.39997221800002, 27.051261167000064], [128.40068221800027, 27.05002610800011]]], [[[128.5200369390002, 27.373113612999987], [128.59857555100007, 27.339728613000148], [128.57922027200004, 27.331345], [128.56639824900003, 27.32763874799997], [128.5200369390002, 27.373113612999987]]], [[[128.6667461090002, 27.397675000000163], [128.664210227, 27.398328235000122], [128.664723191, 27.39935569400012], [128.6667461090002, 27.397675000000163]]], [[[129.03741545200012, 27.759517855000183], [128.88967722400002, 27.882691387000136], [128.9709686120001, 27.892736667000122], [129.03741545200012, 27.759517855000183]]], [[[128.88509693900005, 27.85643694600003], [128.8855308300001, 27.852206945999967], [128.8837972240002, 27.852240559], [128.88509693900005, 27.85643694600003]]], [[[129.25236250300009, 28.001407495000024], [129.2556808300003, 28.003687225000192], [129.25679972800015, 28.000499441000045], [129.25236250300009, 28.001407495000024]]], [[[129.23721861200022, 28.01520916200002], [129.2378441630002, 28.014189162000037], [129.236884163, 28.012891387000025], [129.23721861200022, 28.01520916200002]]], [[[129.27173555100023, 28.02039249500018], [129.27864583700023, 28.023026387000186], [129.27935527900013, 28.01962249500008], [129.27173555100023, 28.02039249500018]]], [[[129.21637247900003, 28.05503062700018], [129.25755930300022, 28.004942500000027], [129.2048749940002, 28.03860527900008], [129.21637247900003, 28.05503062700018]]], [[[129.1727103170001, 28.06890845200013], [129.16546527900005, 28.021326386999988], [129.14802035400032, 28.013821131000043], [129.1727103170001, 28.06890845200013]]], [[[129.18960944200012, 28.047878333000085], [129.190768885, 28.046092775000147], [129.18471639400025, 28.043743613000117], [129.18960944200012, 28.047878333000085]]], [[[129.25133246300015, 28.05239281600018], [129.25265607900008, 28.049296709000032], [129.25046764000012, 28.0504150000001], [129.25133246300015, 28.05239281600018]]], [[[129.16186639400007, 28.11637555900012], [129.17050472100004, 28.12031777500016], [129.1767880540001, 28.110095559000115], [129.16186639400007, 28.11637555900012]]], [[[129.15075778200003, 28.132246108000118], [129.14814472100022, 28.127015], [129.1474852790002, 28.131916946000047], [129.15075778200003, 28.132246108000118]]], [[[129.34283027200013, 28.11850277500008], [129.21507581300034, 28.077297685000133], [129.17563083000005, 28.18783194600013], [129.34283027200013, 28.11850277500008]]], [[[129.2763894420001, 28.149373333000142], [129.27810693900017, 28.150389162000067], [129.27827250300004, 28.149221108000063], [129.2763894420001, 28.149373333000142]]], [[[129.1636997280002, 28.19016166700004], [129.16257958200003, 28.189252744999976], [129.1621591700001, 28.190217775000065], [129.1636997280002, 28.19016166700004]]], [[[129.1655905580002, 28.196029162000173], [129.16988805400013, 28.19130138700001], [129.16440639400003, 28.193535559000168], [129.1655905580002, 28.196029162000173]]], [[[129.1827959530001, 28.270941637000078], [129.18445268300002, 28.271516044000123], [129.1837897280003, 28.270242225000118], [129.1827959530001, 28.270941637000078]]], [[[129.18406306100007, 28.307161108000116], [129.20713306100004, 28.282261946000176], [129.17846749700004, 28.297418054000104], [129.18406306100007, 28.307161108000116]]], [[[128.98468194600002, 28.798256946000095], [128.99555861200008, 28.791436945999976], [128.9724158370002, 28.801748613000086], [128.98468194600002, 28.798256946000095]]], [[[129.00341917000014, 28.835454441000024], [128.99744639400012, 28.82961], [128.9979327760002, 28.835206108000193], [129.00341917000014, 28.835454441000024]]], [[[129.2203752790001, 29.1267597210001], [129.1889515600002, 29.156252166], [129.22192499400012, 29.156036667000023], [129.2203752790001, 29.1267597210001]]], [[[128.37344795100012, 32.02560841400009], [128.370690856, 32.02963422500005], [128.37493958400034, 32.02972226000014], [128.37344795100012, 32.02560841400009]]], [[[128.37914046700007, 32.03538861300012], [128.37875687400003, 32.03044187900008], [128.37699216600004, 32.034541494999985], [128.37914046700007, 32.03538861300012]]], [[[128.41596031100005, 32.05068358600005], [128.39200586300012, 32.03835930600013], [128.38095447500007, 32.04119986500007], [128.39289947200007, 32.054350286000044], [128.41596031100005, 32.05068358600005]]], [[[128.88845472100002, 32.55917277500009], [128.89110972800006, 32.5580674950001], [128.88932639400014, 32.557768613000064], [128.88845472100002, 32.55917277500009]]], [[[128.89308583700006, 32.57037555900007], [128.90496333300007, 32.561495559000036], [128.89242722400002, 32.563423613000055], [128.89308583700006, 32.57037555900007]]], [[[128.72493124200014, 32.57899275500006], [128.7263725030001, 32.57893694600011], [128.7264490130002, 32.57799648600013], [128.72493124200014, 32.57899275500006]]], [[[128.71464639400017, 32.58072082900003], [128.70765340200012, 32.579156447000116], [128.7231440270001, 32.579039027000135], [128.71464639400017, 32.58072082900003]]], [[[128.6587919460003, 32.587840279000034], [128.66149277600016, 32.58775861300006], [128.6609331310001, 32.586842690000026], [128.6587919460003, 32.587840279000034]]], [[[128.904277782, 32.58601], [128.89671832700003, 32.58667527900013], [128.90375416300003, 32.590396667], [128.904277782, 32.58601]]], [[[128.90673749700022, 32.594861946000094], [128.9044200000002, 32.59229666700003], [128.90420693900023, 32.59392055900008], [128.90673749700022, 32.594861946000094]]], [[[128.92228778200013, 32.5983522250001], [128.92752221800015, 32.59181749500016], [128.9148022180002, 32.59498582900011], [128.92228778200013, 32.5983522250001]]], [[[128.83070771700022, 32.605261045000134], [128.84027277600023, 32.59525082900018], [128.8268800000002, 32.59861138700006], [128.83070771700022, 32.605261045000134]]], [[[128.7925883790001, 32.60273406300013], [128.79038354100032, 32.602124329000105], [128.79176383900017, 32.604459063000036], [128.7925883790001, 32.60273406300013]]], [[[128.781969913, 32.616795089], [128.77865166000015, 32.614295279000146], [128.7772500000002, 32.616141946000084], [128.781969913, 32.616795089]]], [[[128.7773852790001, 32.619154441000035], [128.77814417000025, 32.621313613000154], [128.780384163, 32.62078027900009], [128.7773852790001, 32.619154441000035]]], [[[128.77918888500005, 32.62151972100014], [128.77814417000025, 32.621313613000154], [128.77748832700024, 32.62235610800013], [128.77918888500005, 32.62151972100014]]], [[[128.63461972800008, 32.67981749500018], [128.6360005580001, 32.646291667000014], [128.62222805400017, 32.637659441000096], [128.61569527900008, 32.65785582900014], [128.63461972800008, 32.67981749500018]]], [[[128.64776722400006, 32.665034162000154], [128.6507311150001, 32.66362472100013], [128.64704166000013, 32.662102225000126], [128.64776722400006, 32.665034162000154]]], [[[128.59811277600022, 32.613251387000105], [128.84898157300017, 32.68890610900007], [128.8930272240001, 32.64084027900003], [128.77010258100006, 32.64475041400016], [128.77173555100012, 32.573904162000076], [128.59811277600022, 32.613251387000105]]], [[[128.90618229000017, 32.704658989000166], [128.89746601500008, 32.69410261700017], [128.89491525300002, 32.71111716200011], [128.90618229000017, 32.704658989000166]]], [[[128.85709326500023, 32.718161869000085], [128.85865499400006, 32.713906387000065], [128.85714832700035, 32.714255829000024], [128.85709326500023, 32.718161869000085]]], [[[128.85546832700004, 32.71921222500009], [128.85005722400012, 32.72101053200015], [128.85187639400033, 32.723640559000046], [128.85546832700004, 32.71921222500009]]], [[[128.86273472100004, 32.72006416199997], [128.8628816600002, 32.731370829000184], [128.86659472100018, 32.72163916200009], [128.86273472100004, 32.72006416199997]]], [[[128.6013684530002, 32.712540435000165], [128.6009272240002, 32.73953861300009], [128.60895333300004, 32.740203613], [128.6013684530002, 32.712540435000165]]], [[[128.96124083000007, 32.7289763870001], [128.96239194600014, 32.72960055900006], [128.96333022300007, 32.72869456800015], [128.96124083000007, 32.7289763870001]]], [[[128.77555027200003, 32.741704441000024], [128.77163055800008, 32.73799416200012], [128.77508360600018, 32.74385805400016], [128.77555027200003, 32.741704441000024]]], [[[128.9496219460001, 32.744445], [128.95196972800022, 32.744851667000034], [128.95105055800002, 32.74311138700011], [128.9496219460001, 32.744445]]], [[[128.88141731300004, 32.74961818500009], [128.86912749700014, 32.740058892000036], [128.8796327760001, 32.75078861300011], [128.88141731300004, 32.74961818500009]]], [[[128.95069444900014, 32.74951444100003], [128.95244985800014, 32.749817157000166], [128.95256972800007, 32.74889582900016], [128.95069444900014, 32.74951444100003]]], [[[128.8413602720001, 32.753810559000044], [128.842537224, 32.753269162000095], [128.84181722400012, 32.75232222500017], [128.8413602720001, 32.753810559000044]]], [[[128.95235363200015, 32.754745207999974], [128.95206111500022, 32.75745416200016], [128.95438277600022, 32.75552000000016], [128.95235363200015, 32.754745207999974]]], [[[128.74240202200008, 32.761339922000104], [128.74458777600023, 32.762364791000095], [128.7442750680001, 32.76093118000006], [128.74240202200008, 32.761339922000104]]], [[[129.00732693900022, 32.754692225000156], [128.96267722400012, 32.75049110800006], [128.9923306960003, 32.79133591500016], [129.00732693900022, 32.754692225000156]]], [[[128.95545055800005, 32.764112775000115], [128.9676608300001, 32.76796944100005], [128.96520546000022, 32.76154103100015], [128.95545055800005, 32.764112775000115]]], [[[128.92478638800003, 32.79060402700003], [128.92554333400017, 32.792422707000185], [128.9260147120001, 32.79117662900012], [128.92478638800003, 32.79060402700003]]], [[[128.92628179100006, 32.79750400800009], [128.92596166000033, 32.79342138700008], [128.92363639400014, 32.79470472100019], [128.92628179100006, 32.79750400800009]]], [[[128.93592739300004, 32.8076400540001], [128.9279133330001, 32.79990305400014], [128.92942010700006, 32.807312800000034], [128.93592739300004, 32.8076400540001]]], [[[128.86453360600012, 32.76366610800005], [128.86373301600008, 32.84470140700017], [128.91065416300023, 32.79838916200015], [128.86453360600012, 32.76366610800005]]], [[[128.680511388, 32.81036249500005], [128.67739610900014, 32.80261582900016], [128.671908701, 32.807059823000145], [128.680511388, 32.81036249500005]]], [[[128.95033861200022, 32.80880610800017], [128.94804653100005, 32.810204307000106], [128.95132583700013, 32.80973055900017], [128.95033861200022, 32.80880610800017]]], [[[128.8923491700001, 32.83012861300017], [128.89619888500022, 32.82609722500007], [128.89327661500022, 32.82749103200018], [128.8923491700001, 32.83012861300017]]], [[[129.00176055800034, 32.832267775000105], [129.00370888500004, 32.832482225000035], [129.00529027200002, 32.831004721], [129.00176055800034, 32.832267775000105]]], [[[128.94818000000032, 32.881692774999976], [128.93509166000013, 32.82875889200011], [128.93227170000034, 32.8176273740001], [128.91427444900012, 32.82078666700011], [128.8723697920001, 32.861592483000095], [128.9331683270002, 32.837893054], [128.94818000000032, 32.881692774999976]]], [[[129.04060194600015, 32.84339777500014], [129.03873874900012, 32.850549442000045], [129.04178389100014, 32.84944722500006], [129.04060194600015, 32.84339777500014]]], [[[129.03792360600005, 32.85379944100009], [129.03873874900012, 32.850549442000045], [129.0361738910001, 32.85251416200009], [129.03792360600005, 32.85379944100009]]], [[[129.00585438400014, 32.85582224900014], [129.00004389100002, 32.85966166700001], [129.00346333300013, 32.86283610800007], [129.00585438400014, 32.85582224900014]]], [[[129.04443444900005, 32.86392472100016], [129.04717769800016, 32.86194397800011], [129.0414025030002, 32.86362027900003], [129.04443444900005, 32.86392472100016]]], [[[129.03172555100014, 32.865159162000054], [129.03533861200003, 32.86729055900008], [129.034065993, 32.86023495600011], [129.03172555100014, 32.865159162000054]]], [[[128.93955221800002, 32.87136972100012], [128.94112805400005, 32.87128527900006], [128.94128832700005, 32.867525], [128.93955221800002, 32.87136972100012]]], [[[129.03531805400007, 32.882219162000126], [129.03062360600018, 32.87064472100019], [129.03016917000002, 32.88210610800019], [129.03531805400007, 32.882219162000126]]], [[[128.90678778200015, 32.879121108000106], [128.90674444900003, 32.87501666700007], [128.90485111500004, 32.87792000000019], [128.90678778200015, 32.879121108000106]]], [[[129.05562083000007, 32.884087495000074], [129.05740333300002, 32.884337495000125], [129.05791166000006, 32.88336582900007], [129.05562083000007, 32.884087495000074]]], [[[129.0222949680001, 32.887585865000176], [129.02564277600004, 32.844581667], [129.01258466900003, 32.86848910800006], [128.97644306100017, 32.859536946000105], [128.96171340500018, 32.903702223000096], [129.00441075200024, 32.881542694000075], [128.98997306100023, 32.93299666700011], [129.02085166000006, 32.91753889200004], [129.03328749700006, 32.89512944100011], [129.0222949680001, 32.887585865000176]], [[129.02142997400017, 32.90226405400006], [129.02299583700028, 32.901787225000135], [129.02388998100002, 32.90328666700003], [129.02142997400017, 32.90226405400006]]], [[[129.04802000000018, 32.89241805400019], [129.04895499400027, 32.89038277500009], [129.0469247210001, 32.889599162000025], [129.04802000000018, 32.89241805400019]]], [[[128.9171119460001, 32.89691389200004], [128.91595, 32.88608944100014], [128.90476602600006, 32.88959798400009], [128.9171119460001, 32.89691389200004]]], [[[128.94735805400035, 32.89787333300012], [128.9423627760001, 32.89736], [128.94259159900002, 32.89995708400011], [128.94735805400035, 32.89787333300012]]], [[[128.95592458500016, 32.90897636500006], [128.96498166000015, 32.9140197210001], [128.97037749700007, 32.910603613000035], [128.96253111500016, 32.90445833300015], [128.95727666300013, 32.9068054980001], [128.95592458500016, 32.90897636500006]]], [[[129.0328261090001, 32.910381108000024], [129.03459499400014, 32.909639162000076], [129.03474730300002, 32.908570554000164], [129.0328261090001, 32.910381108000024]]], [[[128.94797194600017, 32.90561944100011], [128.94659534900006, 32.92503729500004], [128.95498155200016, 32.909504802000185], [128.94797194600017, 32.90561944100011]]], [[[129.04301166000005, 32.91574], [129.0458105580002, 32.918604162000065], [129.04787610900007, 32.9158705590001], [129.04301166000005, 32.91574]]], [[[129.1854463940001, 32.917304441000056], [129.19169822200013, 32.92463266000004], [129.19664374900026, 32.921113471000126], [129.1854463940001, 32.917304441000056]]], [[[129.1126641630002, 32.92347110800006], [129.11598000000015, 32.92302055900018], [129.11093306100008, 32.92168416200019], [129.1126641630002, 32.92347110800006]]], [[[128.96930680600008, 32.929856667000024], [128.957188029, 32.914605865000055], [128.96003805500015, 32.93114284500001], [128.96930680600008, 32.929856667000024]]], [[[129.11432861200012, 32.937278054000046], [129.1164408300001, 32.935028892000105], [129.11491000000012, 32.9343747210001], [129.11432861200012, 32.937278054000046]]], [[[129.1044077560001, 32.95405477500003], [129.1028591050001, 32.953224135000085], [129.10320516900003, 32.95540901400011], [129.1044077560001, 32.95405477500003]]], [[[128.99502527900006, 32.963525000000175], [128.9830363230002, 32.94375380000014], [128.97782587000006, 32.958786805000045], [128.99502527900006, 32.963525000000175]]], [[[129.0248377820002, 32.99352944100019], [129.0270777820001, 32.97678555900018], [129.02581472100007, 32.97540444100014], [129.021034449, 32.986031108000134], [129.0248377820002, 32.99352944100019]]], [[[129.01884194600007, 32.98881055900017], [129.01932166000017, 32.98694222500012], [129.01786527900015, 32.98642416200016], [129.01884194600007, 32.98881055900017]]], [[[129.121142361, 32.98963980200011], [129.12192144000005, 32.99049391900019], [129.12266869000007, 32.98873058600003], [129.121142361, 32.98963980200011]]], [[[129.05939250300014, 32.81631333300004], [129.08850744500023, 32.98259482900016], [129.18353984600003, 32.97934679100018], [129.10226036300003, 32.96221119800015], [129.10017749700012, 32.85992305400009], [129.05939250300014, 32.81631333300004]]], [[[129.10222444900023, 32.996626387000106], [129.10268221800004, 32.99485889200014], [129.10047166000004, 32.99496861300008], [129.10222444900023, 32.996626387000106]]], [[[129.23145555100007, 32.99743944100004], [129.232037224, 32.9962894410001], [129.230867224, 32.99612027900014], [129.23145555100007, 32.99743944100004]]], [[[129.25800055800005, 33.00074555900005], [129.25984221800002, 33.00171138700017], [129.2600802720002, 33.00023972100013], [129.25800055800005, 33.00074555900005]]], [[[129.2558916600002, 33.00164055900018], [129.23403736100022, 32.98868805899997], [129.2394977040003, 32.999551018000034], [129.22174944200003, 33.000935], [129.2558916600002, 33.00164055900018]]], [[[129.01614444900008, 33.01432138700011], [129.02613221800004, 33.00792889200011], [129.00476951200005, 33.002708016000156], [129.01614444900008, 33.01432138700011]]], [[[129.19656138800008, 33.00773416200013], [129.17430778200003, 33.01500055900016], [129.19602610900017, 33.018034162000106], [129.19656138800008, 33.00773416200013]]], [[[129.1832397280001, 33.02300082900007], [129.1845713880001, 33.02000166700009], [129.17788722400007, 33.01988861300015], [129.1832397280001, 33.02300082900007]]], [[[129.15804944200022, 33.02772277500014], [129.15781444900006, 33.02475444100003], [129.15596965300006, 33.02427354000014], [129.15804944200022, 33.02772277500014]]], [[[129.15958584300006, 33.03444150600012], [129.16320221800004, 33.03355694600015], [129.1584016600001, 33.03297833300013], [129.15958584300006, 33.03444150600012]]], [[[129.10644805400023, 33.05147582900014], [129.10818666700004, 33.05330777500018], [129.1085386120002, 33.05220305400019], [129.10644805400023, 33.05147582900014]]], [[[129.09347208200018, 33.11483972100012], [129.09463610900013, 33.11529916200004], [129.09494138800005, 33.11423055900019], [129.09347208200018, 33.11483972100012]]], [[[129.13186778200009, 33.132921667000176], [129.13532730000009, 33.132133928000144], [129.13335337700016, 33.13156858600007], [129.13186778200009, 33.132921667000176]]], [[[128.89739138800007, 33.15008305400005], [128.9036630610002, 33.15494861300016], [128.90387749700017, 33.15396194600015], [128.89739138800007, 33.15008305400005]]], [[[128.99375888500003, 33.16706082900009], [128.9948458370003, 33.16550472100016], [128.99276083000018, 33.165062225000156], [128.99375888500003, 33.16706082900009]]], [[[129.01811805400018, 33.17126666700011], [129.02655333300015, 33.16864555900014], [129.0182019460002, 33.16521194600017], [129.01811805400018, 33.17126666700011]]], [[[128.8995013880002, 33.16975944100011], [128.90326749700012, 33.16601582900017], [128.89385277600002, 33.167605559000094], [128.8995013880002, 33.16975944100011]]], [[[129.03610333300003, 33.17332500000015], [129.03421277600012, 33.17444138700006], [129.04023849900022, 33.17302389500003], [129.03610333300003, 33.17332500000015]]], [[[129.0484674710002, 33.18113174800004], [129.05045961100018, 33.18071644100007], [129.0519911670002, 33.17946119800018], [129.0484674710002, 33.18113174800004]]], [[[129.05497972800015, 33.17926222500017], [129.0611218360001, 33.181009829000175], [129.0526269390001, 33.177633054000125], [129.05497972800015, 33.17926222500017]]], [[[129.017314972, 33.18499930300004], [129.02321917000006, 33.17894], [129.01374749700017, 33.18058027900014], [129.017314972, 33.18499930300004]]], [[[129.0457541630002, 33.18228694600003], [129.04682194600002, 33.182757494999976], [129.0469608300001, 33.18165805400008], [129.0457541630002, 33.18228694600003]]], [[[129.07169749700006, 33.183501946000035], [129.07500000000016, 33.18526619800019], [129.07565250300024, 33.182971946000066], [129.07169749700006, 33.183501946000035]]], [[[129.11860138800012, 33.21202444100004], [129.13135832700004, 33.18530138700015], [129.13243680300013, 33.15850110800005], [129.11860138800012, 33.21202444100004]]], [[[129.05978191300005, 33.18698692800007], [129.062566349, 33.185874496000054], [129.05909578500007, 33.18578102500004], [129.05978191300005, 33.18698692800007]]], [[[129.02771027200004, 33.187560279000024], [129.03116250300013, 33.19008610800017], [129.03010333300006, 33.18656249500003], [129.02771027200004, 33.187560279000024]]], [[[128.97888221800008, 33.18621194600007], [128.9839549940001, 33.19334944100012], [128.99410693900006, 33.190965], [128.97888221800008, 33.18621194600007]]], [[[128.93046027200023, 33.193945829000086], [128.92671055200015, 33.19036236000011], [128.9253939590002, 33.19427944400002], [128.93046027200023, 33.193945829000086]]], [[[129.0889386120001, 33.18606194600011], [129.0459622180001, 33.21910944100006], [129.0995300000003, 33.211550559000045], [129.0889386120001, 33.18606194600011]]], [[[129.01228610900023, 33.20089333300007], [129.02591944200014, 33.21214638700019], [129.0272066670002, 33.203604586000154], [129.01228610900023, 33.20089333300007]]], [[[129.13133678400015, 33.221740045000104], [129.13085199600005, 33.22117511000016], [129.12955151800008, 33.221422703000144], [129.13133678400015, 33.221740045000104]]], [[[129.06152749700004, 33.22434166700003], [129.06987333300026, 33.226292495000166], [129.07506832700005, 33.22316361300011], [129.0678693450002, 33.217146762000084], [129.06613306100007, 33.21762138700018], [129.06563693900023, 33.22044582900014], [129.0636133710001, 33.22078869300009], [129.06467166000004, 33.22471389200001], [129.06152749700004, 33.22434166700003]], [[129.06818228300017, 33.2183458830001], [129.06683693900004, 33.21790889200008], [129.0678693450002, 33.217146762000084], [129.06818228300017, 33.2183458830001]]], [[[129.13133678400015, 33.221740045000104], [129.13439416300025, 33.227905829000065], [129.14084306100006, 33.223035], [129.13615055800005, 33.21982138700014], [129.13133678400015, 33.221740045000104]]], [[[129.07562610900004, 33.24576169400018], [129.0754082750001, 33.247842766000076], [129.0766430220002, 33.247757081000145], [129.07562610900004, 33.24576169400018]]], [[[129.14056389100006, 33.25243194600017], [129.14067994800018, 33.2507704950001], [129.13869891100012, 33.25048341400003], [129.14056389100006, 33.25243194600017]]], [[[129.06178313900023, 33.24710766700008], [129.07323238100003, 33.254863138000076], [129.0754082750001, 33.247842766000076], [129.06178313900023, 33.24710766700008]]], [[[129.12817671900007, 33.2466959190001], [129.09680839200018, 33.24809927900003], [129.06977719800022, 33.270943495000154], [129.13430494200009, 33.30311308100016], [129.15687754900034, 33.27191217100017], [129.12817671900007, 33.2466959190001]], [[129.1337452790002, 33.262311441], [129.1320599610002, 33.262969414], [129.1326790400002, 33.262114654000186], [129.1337452790002, 33.262311441]]], [[[129.17163358000028, 33.30281866700017], [129.1701707650003, 33.30131586500016], [129.16935901400007, 33.3031230090001], [129.17163358000028, 33.30281866700017]]], [[[129.24273691300004, 34.09624313500012], [129.23818800000015, 34.09854220799997], [129.24431722400016, 34.099479865000035], [129.24273691300004, 34.09624313500012]]], [[[129.28628199700017, 34.143895586000156], [129.28716189400006, 34.1449047750001], [129.2875298570002, 34.143704054000125], [129.28628199700017, 34.143895586000156]]], [[[129.23323329400034, 34.29740534200016], [129.23228334600026, 34.30131956800017], [129.23365437100006, 34.29975205400018], [129.23323329400034, 34.29740534200016]]], [[[129.26218712800005, 34.309002140000075], [129.26389044100006, 34.30842166700012], [129.2632146950001, 34.307305495000094], [129.26218712800005, 34.309002140000075]]], [[[129.26412674400012, 34.31456625200019], [129.26503489000015, 34.313899135000156], [129.2635600740001, 34.31285522200005], [129.26412674400012, 34.31456625200019]]], [[[129.28542923500015, 34.36259401800015], [129.28723326800025, 34.36337480200007], [129.28766454000004, 34.36120265800014], [129.28542923500015, 34.36259401800015]]], [[[129.26526141400007, 34.42495915300003], [129.269014835, 34.4174640920001], [129.26458727600004, 34.423263675999976], [129.26526141400007, 34.42495915300003]]], [[[129.2670555510001, 34.43090022500007], [129.2667345010002, 34.427697613000134], [129.2643330960003, 34.42612645600008], [129.2670555510001, 34.43090022500007]]], [[[129.44499333300007, 28.233207225000058], [129.4460502720001, 28.232423054000094], [129.4451527760002, 28.231875829000046], [129.44499333300007, 28.233207225000058]]], [[[129.4221107200001, 28.24533801800004], [129.42352150500005, 28.245642973000145], [129.42473594000023, 28.245209946000102], [129.4221107200001, 28.24533801800004]]], [[[129.41541666700004, 28.3855624950001], [129.4993657330001, 28.3824570540001], [129.59517639400008, 28.474908892000087], [129.65194917000008, 28.421969721000096], [129.6762109140002, 28.52709500200018], [129.71919666700012, 28.474469721000048], [129.7101572240001, 28.42184249500002], [129.40776055800006, 28.250436387000093], [129.37824944700003, 28.108847129000026], [129.2957047210001, 28.148415000000114], [129.2832991700002, 28.19744027900009], [129.26314111500005, 28.18306138700018], [129.29413250300013, 28.223099162000096], [129.13383693900016, 28.25402555900007], [129.27430936400015, 28.261433721000174], [129.41541666700004, 28.3855624950001]], [[129.31425850800008, 28.145825216000105], [129.3129507650001, 28.14597559499998], [129.31316866400016, 28.14455184300016], [129.31425850800008, 28.145825216000105]], [[129.4105025030002, 28.36242861300019], [129.41128972800004, 28.36443166700019], [129.40956263300006, 28.363836667000157], [129.4105025030002, 28.36242861300019]]], [[[129.50696978400015, 28.400526907000142], [129.5078510430002, 28.39955970800014], [129.50317112800008, 28.399267694000116], [129.50696978400015, 28.400526907000142]]], [[[129.32702832700033, 29.228891946000147], [129.32694333300003, 29.21803277500004], [129.31908499400026, 29.224687775000177], [129.32702832700033, 29.228891946000147]]], [[[129.34329666700012, 29.230173613000034], [129.3473455510001, 29.22592582900012], [129.3437849940001, 29.22495027900004], [129.34329666700012, 29.230173613000034]]], [[[129.59437902700006, 29.477232919000016], [129.59994805400015, 29.444695279000086], [129.58398555100007, 29.4630124950001], [129.59437902700006, 29.477232919000016]]], [[[129.5373258110003, 29.67644138700018], [129.53918374800014, 29.6755743060001], [129.53610994800033, 29.675152414000024], [129.5373258110003, 29.67644138700018]]], [[[129.5396442370003, 29.68380288600008], [129.52522166000006, 29.685946387000058], [129.53452452700003, 29.696909973000174], [129.5396442370003, 29.68380288600008]]], [[[129.61983367100015, 29.87570680200014], [129.6216928020001, 29.884207468], [129.6243640340001, 29.882479667000155], [129.61983367100015, 29.87570680200014]]], [[[129.5535461090002, 29.90433416200017], [129.53116416300008, 29.896712225000044], [129.53132083000003, 29.914846387000125], [129.5535461090002, 29.90433416200017]]], [[[129.4253716600001, 30.831418559000042], [129.42553708200012, 30.828784054000096], [129.42384102500023, 30.82853249500016], [129.4253716600001, 30.831418559000042]]], [[[129.42592564000006, 30.839028934000055], [129.42817574800006, 30.838938897000162], [129.4285648120001, 30.83726708100005], [129.42592564000006, 30.839028934000055]]], [[[129.42861741900015, 30.840966721000086], [129.43420423500004, 30.84926393000012], [129.43603132600015, 30.848203821000084], [129.42861741900015, 30.840966721000086]]], [[[129.445931362, 30.855113306000078], [129.44576522700004, 30.853529892000154], [129.44452177700032, 30.851856414000054], [129.445931362, 30.855113306000078]]], [[[129.4634406360001, 30.85800627900005], [129.4629513100001, 30.856810414000165], [129.46212732800018, 30.857642774999988], [129.4634406360001, 30.85800627900005]]], [[[129.46872182900017, 30.859928865000143], [129.46593814500022, 30.863074027000152], [129.46870658900013, 30.862139973000126], [129.46872182900017, 30.859928865000143]]], [[[129.42182333300002, 31.13646389200011], [129.42349722400024, 31.136425829000075], [129.42324138800006, 31.134658613000056], [129.42182333300002, 31.13646389200011]]], [[[129.41770472100018, 31.17276110800009], [129.41880430600008, 31.17166569400007], [129.41775378700015, 31.171142995000082], [129.41770472100018, 31.17276110800009]]], [[[129.44740972800014, 31.176961387000063], [129.44742944200016, 31.178151387000128], [129.44958277600017, 31.177490559000148], [129.44740972800014, 31.176961387000063]]], [[[129.44547493200002, 31.200646041000084], [129.45185472100025, 31.182635279000067], [129.43463335900003, 31.17573167200004], [129.44547493200002, 31.200646041000084]]], [[[129.47695207000004, 31.203217374000133], [129.4685937490001, 31.20439611100005], [129.47234590200026, 31.21172562400011], [129.47695207000004, 31.203217374000133]]], [[[129.5554732270001, 32.87031977900011], [129.5593777040001, 32.86643378700012], [129.55293175500015, 32.869543797], [129.5554732270001, 32.87031977900011]]], [[[129.56735416300012, 32.86998338700016], [129.56850061000023, 32.86922725200003], [129.566397445, 32.86866944100018], [129.56735416300012, 32.86998338700016]]], [[[129.5995601310001, 32.88017674200006], [129.60211885900026, 32.891175559000146], [129.60826335900026, 32.887323387000094], [129.5995601310001, 32.88017674200006]]], [[[129.59225, 32.93600722499997], [129.62572998600012, 32.92688244900012], [129.61128049800004, 32.91596952200018], [129.59225, 32.93600722499997]]], [[[129.6028369390002, 32.95018805400014], [129.59822091000024, 32.946720133000156], [129.59779778200004, 32.947643333000144], [129.6028369390002, 32.95018805400014]]], [[[129.54494555100018, 33.00839305400012], [129.55418083000006, 33.00110389200012], [129.54181563900022, 33.00429623600007], [129.54494555100018, 33.00839305400012]]], [[[129.36202722400026, 33.00310472100017], [129.34040472100025, 33.00760972100005], [129.35218083000007, 33.02085277500015], [129.36202722400026, 33.00310472100017]]], [[[129.53612778200022, 33.00819], [129.53976749700018, 33.01027055900016], [129.54241000000025, 33.00850027900003], [129.53612778200022, 33.00819]]], [[[129.5614127760001, 33.03015444100009], [129.58359666700005, 33.01287610800017], [129.55574227100033, 33.00104963500013], [129.5614127760001, 33.03015444100009]]], [[[129.43345166000017, 33.021849721000024], [129.43118389100005, 33.01851805400014], [129.4314313880002, 33.02135361300003], [129.43345166000017, 33.021849721000024]]], [[[129.62487236400023, 33.032960237000054], [129.59173138800008, 33.04651444100011], [129.63680972800012, 33.062231946000054], [129.62487236400023, 33.032960237000054]]], [[[129.5709847210003, 33.063843613000074], [129.5671111150001, 33.06529777500015], [129.57127888500008, 33.06523582900019], [129.5709847210003, 33.063843613000074]]], [[[129.53630975400017, 33.131014054], [129.54388703000006, 33.15173530600015], [129.5507913880001, 33.14416864000003], [129.53630975400017, 33.131014054]]], [[[129.52296350200004, 33.17302485600004], [129.51913224400016, 33.171234550000065], [129.5194430470002, 33.17352923100009], [129.52296350200004, 33.17302485600004]]], [[[129.57769864600004, 33.18637507100016], [129.58561223100003, 33.181673748000094], [129.5925624380003, 33.179067054000086], [129.593190584, 33.16516813499999], [129.58158678300003, 33.16074025200004], [129.57769864600004, 33.18637507100016]]], [[[129.33320027200023, 33.17964389200006], [129.33285861200022, 33.17837555900019], [129.33147083000017, 33.178291108], [129.33320027200023, 33.17964389200006]]], [[[129.3473238910001, 33.17763166700007], [129.3410697280001, 33.18410361300016], [129.34837291200006, 33.18230514000015], [129.3473238910001, 33.17763166700007]]], [[[129.33456451400014, 33.18905875000007], [129.33774680300007, 33.18301257000007], [129.3345141630001, 33.18273916200019], [129.33456451400014, 33.18905875000007]]], [[[129.61312639400023, 33.18416777500016], [129.61283237400005, 33.189074761000086], [129.61441306100016, 33.187775559000045], [129.61312639400023, 33.18416777500016]]], [[[129.35324827500017, 33.19249649500006], [129.35446577200025, 33.19242713500017], [129.35332519500014, 33.19001823400009], [129.35324827500017, 33.19249649500006]]], [[[129.3565089110001, 33.192651613000066], [129.35673067400012, 33.191397075000054], [129.35537883300003, 33.19159033300019], [129.3565089110001, 33.192651613000066]]], [[[129.61483518800003, 33.191299000000186], [129.61325841100006, 33.19334590600005], [129.61534658900018, 33.194031333000055], [129.61483518800003, 33.191299000000186]]], [[[129.6108636450001, 33.19790558600005], [129.61440988300012, 33.19035508100012], [129.61283237400005, 33.189074761000086], [129.6085893390001, 33.189690586000154], [129.6108636450001, 33.19790558600005]], [[129.60962574600012, 33.192912707], [129.61164630400015, 33.192689414000085], [129.61045574600007, 33.19390346800003], [129.60962574600012, 33.192912707]]], [[[129.5959941120002, 33.19735091900009], [129.60060902700002, 33.19391300000012], [129.59826483800032, 33.18902013500019], [129.5959941120002, 33.19735091900009]]], [[[129.34049306100007, 33.19462305400003], [129.34409944200002, 33.196996667000064], [129.34288610900023, 33.192475279000064], [129.34049306100007, 33.19462305400003]]], [[[129.5803771730001, 33.19838230600004], [129.57827875500004, 33.19483377500018], [129.57698739300008, 33.19638113500014], [129.5803771730001, 33.19838230600004]]], [[[129.61493630400003, 33.19836069400003], [129.61685160800005, 33.19812310800012], [129.61664601400014, 33.196144164000145], [129.61493630400003, 33.19836069400003]]], [[[129.6049414460001, 33.19813443000015], [129.60562377400026, 33.19739930600008], [129.60469533100013, 33.19681177500007], [129.6049414460001, 33.19813443000015]]], [[[129.58575827500022, 33.199854586000185], [129.58470614200007, 33.198042499999985], [129.58219452700018, 33.20149346800008], [129.58575827500022, 33.199854586000185]]], [[[129.6088159400001, 33.20079880200018], [129.6085843840001, 33.19977464000016], [129.60738858600007, 33.199514], [129.6088159400001, 33.20079880200018]]], [[[129.58920968300015, 33.20160040600007], [129.5819505840002, 33.20743480200014], [129.59531289200015, 33.20442927900007], [129.58920968300015, 33.20160040600007]]], [[[129.60309452700017, 33.20257127900015], [129.59634992200017, 33.20130025200007], [129.59938719800016, 33.208700865000026], [129.60309452700017, 33.20257127900015]]], [[[129.50284277600008, 33.20265110800011], [129.50563778200024, 33.208198613000036], [129.50422333300003, 33.20375055900007], [129.50284277600008, 33.20265110800011]]], [[[129.35050055800014, 33.21025027900015], [129.34822166000004, 33.21114666700004], [129.3527527760001, 33.212640829000065], [129.35050055800014, 33.21025027900015]]], [[[129.57567591400004, 33.208385532000136], [129.57985138800007, 33.20903305400003], [129.57673053200006, 33.20758872099998], [129.57567591400004, 33.208385532000136]]], [[[129.5655936710001, 33.21294555900005], [129.5682077560001, 33.21477619800004], [129.56934977800006, 33.21155326700011], [129.5655936710001, 33.21294555900005]]], [[[129.54735408600004, 33.22807961300009], [129.55299832700018, 33.225036694000096], [129.55156902700003, 33.22265880200018], [129.547919857, 33.223761], [129.54735408600004, 33.22807961300009]]], [[[129.5537518550003, 33.22614741399997], [129.55718367100008, 33.228458680000074], [129.5580674710002, 33.22669616200011], [129.5537518550003, 33.22614741399997]]], [[[129.56217627800004, 33.2275805860001], [129.5542695590002, 33.23274589200008], [129.5619456940002, 33.232880360000024], [129.56217627800004, 33.2275805860001]]], [[[129.5449115560001, 33.23033802700007], [129.54833531300017, 33.23096046100005], [129.5492813100002, 33.229062135], [129.5449115560001, 33.23033802700007]]], [[[129.55560171200034, 33.23520522500007], [129.5571704150002, 33.2361235140001], [129.5575584820001, 33.23465211700017], [129.55560171200034, 33.23520522500007]]], [[[129.34261055800005, 33.23961638700018], [129.34286527900008, 33.237468613000146], [129.33958083000005, 33.23961082900007], [129.34261055800005, 33.23961638700018]]], [[[129.41641778200017, 33.24044055899998], [129.41720888500015, 33.23980889200004], [129.41525832700006, 33.23860249500012], [129.41641778200017, 33.24044055899998]]], [[[129.33777083000007, 33.25169222500017], [129.3420072240001, 33.25174861300019], [129.33594111500008, 33.24836027900017], [129.33777083000007, 33.25169222500017]]], [[[129.55094137800006, 33.2514361370001], [129.55211080400034, 33.25065430600017], [129.55122177700002, 33.24957872100009], [129.55094137800006, 33.2514361370001]]], [[[129.56252053200012, 33.25044146800013], [129.55965041500008, 33.25101105400017], [129.56479257700005, 33.25423449900018], [129.56252053200012, 33.25044146800013]]], [[[129.5552547210001, 33.25264982900018], [129.55679586300016, 33.25395853200018], [129.5575421660003, 33.253056721000064], [129.5552547210001, 33.25264982900018]]], [[[129.549345291, 33.25932153100007], [129.54960224400008, 33.26082441400018], [129.5509365700002, 33.25950223000001], [129.549345291, 33.25932153100007]]], [[[129.55175241300026, 33.26168166700012], [129.5521835410001, 33.26130117600019], [129.5513027840001, 33.26068025500007], [129.55175241300026, 33.26168166700012]]], [[[129.55870372200013, 33.25933358600008], [129.56181511000023, 33.26337074800017], [129.56458936400008, 33.260524559000146], [129.55870372200013, 33.25933358600008]]], [[[129.5579371340001, 33.264315559000124], [129.5582478340001, 33.263112865000096], [129.55589063600007, 33.261791829], [129.5579371340001, 33.264315559000124]]], [[[129.55309801600015, 33.26443610800004], [129.5553438390001, 33.26221649500019], [129.55175241300026, 33.26168166700012], [129.55309801600015, 33.26443610800004]]], [[[129.5662080290001, 33.26262491900019], [129.5587239170003, 33.265121946000136], [129.56332172500004, 33.26940949500005], [129.5662080290001, 33.26262491900019]]], [[[129.56732412800022, 33.270867415000055], [129.56518258100004, 33.275407], [129.57168994800008, 33.275088531999984], [129.56732412800022, 33.270867415000055]]], [[[129.5713828920001, 33.277419135], [129.57325269800026, 33.28003116200006], [129.5729511410001, 33.27629791900017], [129.5713828920001, 33.277419135]]], [[[129.4919900000001, 33.282608892000155], [129.49374841200006, 33.28302971199997], [129.49298972800023, 33.2816], [129.4919900000001, 33.282608892000155]]], [[[129.51174917000003, 33.285873333000154], [129.51494972800015, 33.28154389200017], [129.5115813880002, 33.28342666700007], [129.51174917000003, 33.285873333000154]]], [[[129.56699572000002, 33.287170667000055], [129.56680013000005, 33.28842558600007], [129.5680377550002, 33.28836189000009], [129.56699572000002, 33.287170667000055]]], [[[129.5658010620001, 33.28982774600007], [129.56525883300014, 33.287000081000144], [129.56405927200024, 33.28783446500006], [129.5658010620001, 33.28982774600007]]], [[[129.55517693900015, 33.409048054000095], [129.43399416300008, 33.19092638700016], [129.37513888500007, 33.168685559000096], [129.34837291200006, 33.18230514000015], [129.43489542200007, 33.235996198000066], [129.40368444900002, 33.26537416200006], [129.4471645530001, 33.291798], [129.43252749700002, 33.314385829000116], [129.4374705580002, 33.347982775000105], [129.52262428000006, 33.35380158600009], [129.517998948, 33.40016444200012], [129.55517693900015, 33.409048054000095]]], [[[129.57486697800005, 33.290823667000154], [129.5764269130001, 33.28917400000017], [129.5726361090003, 33.28815246800019], [129.57486697800005, 33.290823667000154]]], [[[129.57814601500002, 33.289952584000105], [129.58081472100002, 33.28954661299997], [129.57983255500017, 33.28862216200014], [129.57814601500002, 33.289952584000105]]], [[[129.51384917000007, 33.290552225000056], [129.5177336060001, 33.29250833300006], [129.51759944200035, 33.290619721000155], [129.51384917000007, 33.290552225000056]]], [[[129.41127555100002, 33.29378], [129.41440728900034, 33.29256632000016], [129.41172888500023, 33.292153333000044], [129.41127555100002, 33.29378]]], [[[129.50711250300014, 33.30006222499998], [129.50894416300002, 33.298585], [129.50738104100014, 33.29773951600009], [129.50711250300014, 33.30006222499998]]], [[[129.57870495500015, 33.30355755500017], [129.58080792500004, 33.30627107200007], [129.58246158300005, 33.30428031400004], [129.57870495500015, 33.30355755500017]]], [[[129.4365395760001, 33.309884619], [129.43753455900003, 33.30962415400006], [129.43678121900007, 33.30795846899997], [129.4365395760001, 33.309884619]]], [[[129.4292666670002, 33.31637555900011], [129.43055499400032, 33.315112775000046], [129.42919277600004, 33.314971946000014], [129.4292666670002, 33.31637555900011]]], [[[129.5631622310002, 33.37440480200007], [129.56243945500023, 33.372863775000155], [129.56077774300002, 33.372699676000025], [129.5631622310002, 33.37440480200007]]], [[[129.59920020800007, 33.384098982000125], [129.60476538300009, 33.38021308100019], [129.59459872900015, 33.38421763100007], [129.59920020800007, 33.384098982000125]]], [[[129.5258959140001, 33.3952896130001], [129.52686833300015, 33.393302820000144], [129.52508389100012, 33.394408333], [129.5258959140001, 33.3952896130001]]], [[[129.43459111500022, 33.442670829], [129.4358609510001, 33.35595360800016], [129.41509333300007, 33.350997775], [129.3975410270001, 33.36140340700018], [129.43459111500022, 33.442670829]]], [[[129.51412170700007, 33.404902381], [129.51578138800005, 33.40404166700006], [129.51424360600015, 33.40361889200017], [129.51412170700007, 33.404902381]]], [[[129.53316194600018, 33.422023892000084], [129.53448610900023, 33.42270319400018], [129.53512499400006, 33.42112222500003], [129.53316194600018, 33.422023892000084]]], [[[129.53264389100002, 33.42655610800011], [129.53448610900023, 33.42270319400018], [129.53218027200012, 33.424194441], [129.53264389100002, 33.42655610800011]]], [[[129.50684090200014, 33.43534479300013], [129.54509972800008, 33.441843892000065], [129.50565394300008, 33.425157613000124], [129.50684090200014, 33.43534479300013]]], [[[129.58352360600009, 33.495722495000166], [129.4966227760001, 33.47181305400011], [129.54740306100007, 33.50881082900008], [129.58352360600009, 33.495722495000166]]], [[[129.5583666670001, 33.606103892000135], [129.55526249700006, 33.61072194700006], [129.55846083000029, 33.609475000000145], [129.5583666670001, 33.606103892000135]]], [[[129.62443900100016, 33.7013975590001], [129.6263260830002, 33.69901605399997], [129.62397131000012, 33.69866400000018], [129.62443900100016, 33.7013975590001]]], [[[129.62650192, 33.70217927900012], [129.62808535700003, 33.701603829000135], [129.6264497860002, 33.7004937530001], [129.62650192, 33.70217927900012]]], [[[129.62692208800001, 33.72989244100006], [129.62464601800002, 33.72788527100005], [129.62534691300016, 33.730216586000154], [129.62692208800001, 33.72989244100006]]], [[[129.32060719800006, 34.24525041400011], [129.32254050600022, 34.24499310800013], [129.32178461700005, 34.24405646800011], [129.32060719800006, 34.24525041400011]]], [[[129.32438268500016, 34.25117773000011], [129.3245546820002, 34.248782946], [129.32260618700002, 34.25015811700001], [129.32438268500016, 34.25117773000011]]], [[[129.30330998700003, 34.28703297300018], [129.30566455300004, 34.283988879], [129.30254227000023, 34.28619444100008], [129.30330998700003, 34.28703297300018]]], [[[129.31456338500016, 34.296798829000124], [129.3148517000003, 34.29222323500011], [129.31112901400013, 34.30009054100003], [129.31456338500016, 34.296798829000124]]], [[[129.32911029800005, 34.306480104000116], [129.3225331130002, 34.29951020700014], [129.31990204900012, 34.301977919000024], [129.32911029800005, 34.306480104000116]]], [[[129.29854994800007, 34.31626674800003], [129.3016812190001, 34.31691736000005], [129.30021954600022, 34.313592342000106], [129.29854994800007, 34.31626674800003]]], [[[129.39518573300018, 34.31182568500003], [129.39416276300005, 34.3163541350001], [129.41348141400022, 34.317225180000094], [129.39518573300018, 34.31182568500003]]], [[[129.3283588590001, 34.31038051400009], [129.29053975400006, 34.32364720700008], [129.29750954600001, 34.33713026100014], [129.31773535700006, 34.325756919000185], [129.31847814500009, 34.33151407200006], [129.32656059700003, 34.33637418000018], [129.3283588590001, 34.31038051400009]], [[129.32581201000016, 34.31891719800012], [129.32554821700012, 34.31752348700019], [129.3267836450002, 34.317397982000045], [129.32581201000016, 34.31891719800012]]], [[[129.38636666700017, 34.32770372100015], [129.3891488070002, 34.32712933300007], [129.38741552500005, 34.326339640000185], [129.38636666700017, 34.32770372100015]]], [[[129.33604959800005, 34.331714559000034], [129.3354586380002, 34.33042591000009], [129.33385028500027, 34.33070410800019], [129.33604959800005, 34.331714559000034]]], [[[129.3761261090002, 34.33210482000004], [129.37754503200006, 34.3311081170001], [129.37588690000007, 34.33065464900005], [129.3761261090002, 34.33210482000004]]], [[[129.34122363200004, 34.33526845000017], [129.33947695200015, 34.338616009000134], [129.34048203600003, 34.336926892000065], [129.34122363200004, 34.33526845000017]]], [[[129.33266966300027, 34.3436856400001], [129.33505869000032, 34.34148969400013], [129.3335693390003, 34.34001574800004], [129.33266966300027, 34.3436856400001]]], [[[129.3300933590001, 34.34505125200013], [129.33135332000018, 34.34157680200008], [129.33166421500005, 34.33948709000015], [129.3300933590001, 34.34505125200013]]], [[[129.39631063600007, 34.359866685000156], [129.4060007390001, 34.335610901000166], [129.38904337200006, 34.34018584700016], [129.39631063600007, 34.359866685000156]]], [[[129.3479338000002, 34.348215568000114], [129.35026226200011, 34.34883648700003], [129.34619310000005, 34.345467288000066], [129.3479338000002, 34.348215568000114]]], [[[129.3340159400002, 34.34723153200002], [129.33622019500024, 34.34657725200009], [129.33477464300006, 34.34601797300007], [129.3340159400002, 34.34723153200002]]], [[[129.3421350970001, 34.34507861300017], [129.34170522700003, 34.34977503600015], [129.34823962400003, 34.35092494600008], [129.3421350970001, 34.34507861300017]]], [[[129.34174321700016, 34.3535634860001], [129.33947714700025, 34.354553018000104], [129.3443636710001, 34.355066108000074], [129.34174321700016, 34.3535634860001]]], [[[129.4139372110002, 34.35450159500016], [129.41569931300012, 34.35377359500018], [129.41571928700023, 34.35248790100019], [129.4139372110002, 34.35450159500016]]], [[[129.4113777560001, 34.35330441400015], [129.40226208800004, 34.35958382900003], [129.41193291800016, 34.362488333000044], [129.4113777560001, 34.35330441400015]]], [[[129.3341359660002, 34.36155455900001], [129.33366639400003, 34.35592644100012], [129.33274983100034, 34.35527733300006], [129.3341359660002, 34.36155455900001]]], [[[129.29635875500026, 34.36393258600003], [129.29823410300003, 34.36844489900011], [129.29904386500004, 34.36563344100017], [129.29635875500026, 34.36393258600003]]], [[[129.3912211930002, 34.37418405400007], [129.3951593390001, 34.3738334410001], [129.39431494200016, 34.3730038920001], [129.3912211930002, 34.37418405400007]]], [[[129.3531481580003, 34.33752545900012], [129.35596504500006, 34.37383493700003], [129.33794643300007, 34.38069560400004], [129.32045570700006, 34.37031334200009], [129.32584153000016, 34.35070081100014], [129.30774675700002, 34.336816485999975], [129.30912387800015, 34.38601664000015], [129.2810268090002, 34.383414342000094], [129.2779231390001, 34.364009225000075], [129.2989322960001, 34.35488160400007], [129.2873798380001, 34.33918026100008], [129.2273238130001, 34.362396613000044], [129.27652583700012, 34.373139261], [129.34495031100016, 34.532371775000115], [129.31974024600015, 34.647200189000046], [129.44979105100003, 34.70644426100006], [129.4747201690002, 34.672481198000014], [129.49478027200018, 34.683287793000034], [129.4331935020001, 34.61727934200019], [129.47354556400023, 34.55552621600003], [129.45663786000011, 34.55421805400016], [129.4512810770001, 34.52302893700016], [129.36829507100003, 34.452710477000096], [129.3517334500001, 34.38598322500013], [129.38475850800012, 34.3956276940001], [129.39948620000007, 34.413108685000054], [129.35645952700008, 34.298305514], [129.39316046700003, 34.29676906300017], [129.3170288120001, 34.26153682900002], [129.2824769260002, 34.13078767600007], [129.16749422800012, 34.10165555900011], [129.20438819700018, 34.33122978400013], [129.22236171200007, 34.29052736], [129.29094456500013, 34.2777856670001], [129.2654727370002, 34.321156153], [129.2946553830002, 34.320214856], [129.29823693900005, 34.28209489200009], [129.31815882, 34.275986865000164], [129.31534574600016, 34.29894988300015], [129.34811811900022, 34.29723835100009], [129.34600273700016, 34.286199090000025], [129.35227246400018, 34.279980901000044], [129.3564210730001, 34.30810364399997], [129.3331383010002, 34.31864411700019], [129.3531481580003, 34.33752545900012]], [[129.44597714700012, 34.530682225000135], [129.4448011410002, 34.52955394600008], [129.44671812900015, 34.52974507900018], [129.44597714700012, 34.530682225000135]], [[129.40926194600013, 34.491495514000064], [129.40760848200011, 34.490481811000166], [129.40954617400007, 34.49031228000007], [129.40926194600013, 34.491495514000064]], [[129.34060924800008, 34.29251935100007], [129.3415422180003, 34.2932910720001], [129.34029518600016, 34.29356322900014], [129.34060924800008, 34.29251935100007]], [[129.34854933900021, 34.32976022500014], [129.34911863800016, 34.33100814400012], [129.34768344400004, 34.33120488800006], [129.34854933900021, 34.32976022500014]]], [[[129.38771424100014, 34.40316509900015], [129.3852316860001, 34.40129811700001], [129.3837990530002, 34.40361467600013], [129.38771424100014, 34.40316509900015]]], [[[129.37889996100023, 34.45224993700015], [129.378090078, 34.45134405400006], [129.37737238700026, 34.45265098900012], [129.37889996100023, 34.45224993700015]]], [[[129.42203141400012, 34.49315358600012], [129.42163111500008, 34.49209774800016], [129.42031347600005, 34.492373360000045], [129.42203141400012, 34.49315358600012]]], [[[129.46294546000001, 34.613882144000115], [129.46421443600002, 34.61353894600012], [129.46417119300008, 34.612180946000024], [129.46294546000001, 34.613882144000115]]], [[[129.48691083000028, 34.62936369400012], [129.48524663500018, 34.63071754100014], [129.48895075200016, 34.631190784000125], [129.48691083000028, 34.62936369400012]]], [[[129.4788606100002, 34.65086209000003], [129.47746888400013, 34.649281171999974], [129.47739972800025, 34.651622865000036], [129.4788606100002, 34.65086209000003]]], [[[129.47912644600012, 34.67947310799997], [129.4795004670001, 34.68329486500011], [129.48258642000008, 34.68238422500008], [129.47912644600012, 34.67947310799997]]], [[[129.4444053310001, 34.70619191000003], [129.44551719800018, 34.705190225000024], [129.44419323000022, 34.70499014400008], [129.4444053310001, 34.70619191000003]]], [[[129.43695852100018, 34.70619213500015], [129.4331094810002, 34.70365777500007], [129.4412555770001, 34.706413694000105], [129.43695852100018, 34.70619213500015]]], [[[129.44282485100007, 34.72369116200019], [129.44462831400017, 34.724274676000164], [129.44476674400005, 34.72319591899998], [129.44282485100007, 34.72369116200019]]], [[[129.7389794420002, 29.637658333000047], [129.68431778200022, 29.653618054000106], [129.74024324000027, 29.672146201000032], [129.7389794420002, 29.637658333000047]]], [[[129.9059736060001, 29.81352138699998], [129.907006109, 29.811708054000178], [129.90492888500012, 29.81206749500012], [129.9059736060001, 29.81352138699998]]], [[[129.89291527900014, 29.86980472099998], [129.8601466670001, 29.8223238920001], [129.840604449, 29.87651777500014], [129.89291527900014, 29.86980472099998]]], [[[129.9473521560002, 29.95939236100014], [129.89947749700002, 29.976657495000097], [129.91751693900017, 30.006628054000032], [129.9473521560002, 29.95939236100014]]], [[[129.93742611300001, 30.81198743000016], [129.9249649940001, 30.849288333000118], [129.96493196100005, 30.831265195000128], [129.93742611300001, 30.81198743000016]]], [[[129.7317182490002, 31.44862908100015], [129.7333910120002, 31.44945710800016], [129.73399380000012, 31.448549982000088], [129.7317182490002, 31.44862908100015]]], [[[129.7140701940001, 31.621795751000093], [129.6581103630001, 31.659207613000092], [129.69687703000022, 31.716498387000115], [129.776190895, 31.741465306000066], [129.7815678080002, 31.789958441000067], [129.80197280200002, 31.785395829000038], [129.79317050600002, 31.77681658600011], [129.80212275000008, 31.763946464000185], [129.77129844400008, 31.71549186500016], [129.73886824900012, 31.70521425200002], [129.7140701940001, 31.621795751000093]]], [[[129.79891700400003, 31.779956387000084], [129.79781900100022, 31.778901135000183], [129.7966174710001, 31.77862441400015], [129.79891700400003, 31.779956387000084]]], [[[129.84487258100035, 31.798501198000167], [129.81120933900002, 31.79939022500014], [129.83959208800002, 31.819087892000027], [129.84487258100035, 31.798501198000167]]], [[[129.83985425400022, 31.804465973000163], [129.84200712900008, 31.802440107000052], [129.84142064300022, 31.802243235000105], [129.83985425400022, 31.804465973000163]]], [[[129.84198352800001, 31.827112081], [129.84201691400006, 31.820746707000012], [129.8350931130002, 31.825492279000116], [129.84198352800001, 31.827112081]]], [[[129.93057398500014, 31.825765514000068], [129.87210297000001, 31.80080433300003], [129.81682786800013, 31.86108834900017], [129.9390394940002, 31.87021705400008], [129.93057398500014, 31.825765514000068]], [[129.9185369390002, 31.85026130600005], [129.91840158200023, 31.8522884140001], [129.91734697800007, 31.850845063000122], [129.9185369390002, 31.85026130600005]], [[129.91971031100024, 31.84074346799997], [129.9206623350002, 31.839393441000084], [129.92154745800008, 31.84137651400016], [129.91971031100024, 31.84074346799997]]], [[[129.79124321100005, 32.557236379000074], [129.77907564200007, 32.56973444100015], [129.7861064460002, 32.565272360000165], [129.78912173100002, 32.56903551400012], [129.79124321100005, 32.557236379000074]]], [[[129.7833009210001, 32.57150877500004], [129.78523739900015, 32.57083599000009], [129.78168758800018, 32.569230387000175], [129.7833009210001, 32.57150877500004]]], [[[129.78712058400004, 32.5795677480001], [129.78666102500017, 32.57817466700004], [129.7837918030001, 32.57354372100019], [129.78712058400004, 32.5795677480001]]], [[[129.73995389100003, 32.629347613000164], [129.73745446400005, 32.62593986900009], [129.7379872240001, 32.628877973000044], [129.73995389100003, 32.629347613000164]]], [[[129.74687122300008, 32.63663399400008], [129.74710352800003, 32.632341667000105], [129.74579963300005, 32.634544675000086], [129.74687122300008, 32.63663399400008]]], [[[129.79749314000014, 32.65109292300008], [129.79874372200004, 32.6482404140001], [129.79715352300002, 32.64848977700018], [129.79749314000014, 32.65109292300008]]], [[[129.79568282700018, 32.65748889200006], [129.79748634800012, 32.657612945000096], [129.79824296200002, 32.655225118000146], [129.79568282700018, 32.65748889200006]]], [[[129.75363527900015, 32.64810355900005], [129.75969674400017, 32.66380416200013], [129.7572845530001, 32.65093774800016], [129.75363527900015, 32.64810355900005]]], [[[129.83004050600016, 32.692120667000154], [129.83232236100002, 32.69092227900012], [129.8297721140002, 32.69085055900001], [129.83004050600016, 32.692120667000154]]], [[[129.77703447500016, 32.69136525200008], [129.78083858600007, 32.702521694000154], [129.78461622300006, 32.69143528100011], [129.77703447500016, 32.69136525200008]]], [[[129.81478655, 32.703826892000166], [129.81470022000008, 32.7023846670001], [129.81267958500018, 32.70260094600013], [129.81478655, 32.703826892000166]]], [[[129.7600370270003, 32.715056288000085], [129.77498302200001, 32.70978619800013], [129.78205330700007, 32.703458559000126], [129.7695918940001, 32.70289708100006], [129.7600370270003, 32.715056288000085]]], [[[129.8306126980001, 32.716659414], [129.83223883300002, 32.71555346800017], [129.8294364200001, 32.714835802000096], [129.8306126980001, 32.716659414]]], [[[129.82599822300006, 32.71618982900014], [129.82667255800004, 32.71705339700003], [129.82819703000007, 32.71657377500014], [129.82599822300006, 32.71618982900014]]], [[[129.81544425400023, 32.71817022500005], [129.81755066800008, 32.71833818100009], [129.81788967000023, 32.71717265300009], [129.81544425400023, 32.71817022500005]]], [[[129.8123554990002, 32.720705360000125], [129.81278988300005, 32.71984638700019], [129.81216057200015, 32.71889858300011], [129.8123554990002, 32.720705360000125]]], [[[129.76281024100012, 32.79236576500011], [129.75935491600012, 32.791033441000025], [129.7558326720001, 32.789507640000124], [129.75810761300022, 32.7921520000001], [129.76281024100012, 32.79236576500011]]], [[[129.82223832700004, 32.867527225000174], [129.82771018200026, 32.86597776600013], [129.82185080400006, 32.865019252000025], [129.82223832700004, 32.867527225000174]]], [[[129.80802311300022, 32.8655924950001], [129.80835513600005, 32.871379134999984], [129.81313450100015, 32.86825377500003], [129.80802311300022, 32.8655924950001]]], [[[129.62918099200022, 32.86838173700016], [129.63162503500018, 32.86876243000012], [129.6308521080001, 32.86745764300008], [129.62918099200022, 32.86838173700016]]], [[[129.93018347600002, 32.868878054000106], [129.92843680900023, 32.873699532000046], [129.93361169900027, 32.86934261300007], [129.93018347600002, 32.868878054000106]]], [[[129.80293705600013, 32.87894477499998], [129.7968114790001, 32.87839253200002], [129.7965362780002, 32.880606667], [129.80293705600013, 32.87894477499998]]], [[[129.8368425030003, 32.89066110800013], [129.83945472100004, 32.889655559000175], [129.83740333300034, 32.889379162000125], [129.8368425030003, 32.89066110800013]]], [[[129.8592914400001, 32.895676306000155], [129.85667581100017, 32.89262489200007], [129.85567230900006, 32.893332829000144], [129.8592914400001, 32.895676306000155]]], [[[129.9267873020001, 32.90746040500005], [129.90827356700004, 32.91305487400007], [129.90013106400022, 32.92821334200005], [129.9267873020001, 32.90746040500005]]], [[[129.63356090200023, 32.931110266000076], [129.63447115400004, 32.93049798700014], [129.6338936970002, 32.9294197210001], [129.63356090200023, 32.931110266000076]]], [[[129.62696778200007, 32.946983333000105], [129.6319126720001, 32.94732513500014], [129.63085138800022, 32.94612082900011], [129.62696778200007, 32.946983333000105]]], [[[129.81140345000017, 32.96083713500008], [129.81626328100003, 32.961139198000126], [129.81455319100007, 32.958507559000054], [129.81140345000017, 32.96083713500008]]], [[[129.8109025550002, 32.961235865], [129.8093235890001, 32.96038126600007], [129.80932166700018, 32.963131126000064], [129.8109025550002, 32.961235865]]], [[[129.8114249680002, 32.96584386500007], [129.81229740600008, 32.96384448700019], [129.81096972800003, 32.96388110800012], [129.8114249680002, 32.96584386500007]]], [[[129.81687749700006, 32.99559082900004], [129.82036469500008, 32.99562655900013], [129.81899802900034, 32.991705667000076], [129.81687749700006, 32.99559082900004]]], [[[129.7405533330001, 32.994524162000175], [129.74378832700006, 32.99657610800011], [129.74614111500023, 32.99462000000011], [129.7405533330001, 32.994524162000175]]], [[[129.74533221800016, 32.99893805400012], [129.74803944200016, 32.996694441000045], [129.74530555100034, 32.99654222500004], [129.74533221800016, 32.99893805400012]]], [[[129.73981111500018, 32.99933833300014], [129.74122832700016, 32.99804194600006], [129.73965083000007, 32.99781082900006], [129.73981111500018, 32.99933833300014]]], [[[129.74692888500022, 33.004299162000166], [129.74729083700015, 32.99939352700005], [129.74484444900008, 33.00288416200016], [129.74692888500022, 33.004299162000166]]], [[[129.81269527900008, 33.00692166699997], [129.81579306100002, 33.004582225000036], [129.81344472100022, 33.003426666999985], [129.81269527900008, 33.00692166699997]]], [[[129.75618083000018, 33.031713333000084], [129.75370555100028, 33.02913138700018], [129.75478250300023, 33.03246305400006], [129.75618083000018, 33.031713333000084]]], [[[129.75746527900014, 33.03286889200007], [129.75903083000014, 33.033607495000126], [129.7589974970001, 33.03235027900007], [129.75746527900014, 33.03286889200007]]], [[[129.62801389100002, 33.03388064000012], [129.63763335900012, 33.04481854700015], [129.63339083000005, 33.026648892000026], [129.62801389100002, 33.03388064000012]]], [[[129.90602225100008, 33.03850205400005], [129.90746983100018, 33.03776969400019], [129.90815189400007, 33.03628427900014], [129.90602225100008, 33.03850205400005]]], [[[129.81988562900005, 33.051666423000086], [129.8161964330002, 33.04836079300014], [129.81706575900034, 33.052780432000134], [129.81988562900005, 33.051666423000086]]], [[[129.87088189400004, 33.059825036], [129.86938840500022, 33.05894376600014], [129.86666666700012, 33.058462090000035], [129.87088189400004, 33.059825036]]], [[[129.64566083000022, 33.06094082900006], [129.6479155510002, 33.06039416200002], [129.64714639400006, 33.05956000000015], [129.64566083000022, 33.06094082900006]]], [[[129.6443694420003, 33.062327775000085], [129.64101805400014, 33.06036055900017], [129.64073027200016, 33.06276749500006], [129.6443694420003, 33.062327775000085]]], [[[129.78691147900008, 33.06248769400008], [129.78841466400002, 33.06073753300012], [129.78499683500013, 33.060700108000106], [129.78691147900008, 33.06248769400008]]], [[[129.79767383900025, 33.06965241400013], [129.80105361200003, 33.068184221000024], [129.79855182900008, 33.066064306000044], [129.79767383900025, 33.06965241400013]]], [[[129.7778118030002, 33.071373252], [129.7864223610003, 33.06852577500007], [129.78460297000015, 33.06596074800018], [129.7778118030002, 33.071373252]]], [[[129.79459114100007, 33.0861890810001], [129.72882194600015, 33.10011977500005], [129.76560019500016, 33.14322180200003], [129.79586038900015, 33.13228066700009], [129.79243316500003, 33.12670046800014], [129.7946053830002, 33.11268116200017], [129.78649732800022, 33.10410261300012], [129.79459114100007, 33.0861890810001]]], [[[129.7515085860001, 33.13421153200005], [129.75529744500022, 33.132466252000086], [129.75255338500017, 33.131034360000115], [129.7515085860001, 33.13421153200005]]], [[[129.6662345010003, 33.13223574800003], [129.6648412190001, 33.13573997300017], [129.66709175100004, 33.13543389200015], [129.6662345010003, 33.13223574800003]]], [[[129.6756781910001, 33.13483865400008], [129.67671250000012, 33.134383813], [129.6761507780002, 33.13316849500018], [129.6756781910001, 33.13483865400008]]], [[[129.67837120300032, 33.13511486700014], [129.67972411200026, 33.135601987000086], [129.68053172500004, 33.13477346800005], [129.67837120300032, 33.13511486700014]]], [[[129.67634022000004, 33.13624833300008], [129.67827224400003, 33.138421027000106], [129.6795252620002, 33.136663125000155], [129.67634022000004, 33.13624833300008]]], [[[129.6731815820002, 33.13891686500011], [129.68214788600005, 33.140483306000135], [129.67972411200026, 33.135601987000086], [129.6795252620002, 33.136663125000155], [129.67886661500006, 33.13990427900006], [129.6731815820002, 33.13891686500011]]], [[[129.6623158110001, 33.14067430600011], [129.6639373280001, 33.14136958600011], [129.66360600500025, 33.139808198000026], [129.6623158110001, 33.14067430600011]]], [[[129.65585108900007, 33.140377946000115], [129.6536442250001, 33.13973743400004], [129.65445664100014, 33.14192672100012], [129.65585108900007, 33.140377946000115]]], [[[129.64962805200003, 33.146517691000156], [129.65074861200003, 33.145954387000074], [129.64997856000025, 33.14496836000012], [129.64962805200003, 33.146517691000156]]], [[[129.66461731200002, 33.145782072000145], [129.66670594000016, 33.147130054000115], [129.6665408040002, 33.14563419800015], [129.66461731200002, 33.145782072000145]]], [[[129.66738085600002, 33.1510976400001], [129.66549719800014, 33.15277386499997], [129.668040947, 33.15254025200011], [129.66738085600002, 33.1510976400001]]], [[[129.67687544700004, 33.153062667000086], [129.67250150200005, 33.154058811000084], [129.67706413700023, 33.154085973], [129.67687544700004, 33.153062667000086]]], [[[129.6742088330002, 33.150028360000135], [129.67143172500005, 33.15397877500004], [129.66850717300008, 33.15747116200009], [129.67250150200005, 33.154058811000084], [129.6742088330002, 33.150028360000135]]], [[[129.64030408600001, 33.16119336000003], [129.63728607400003, 33.157699197], [129.63805116700007, 33.163185468], [129.64030408600001, 33.16119336000003]]], [[[129.65135291800027, 33.16247289200004], [129.6524341630003, 33.160065], [129.65058128400005, 33.15944136000019], [129.65135291800027, 33.16247289200004]]], [[[129.6649726070002, 33.16258894600003], [129.66528364500016, 33.15934597300003], [129.66263045400012, 33.16142036500008], [129.6649726070002, 33.16258894600003]]], [[[129.67099420900013, 33.16191733300013], [129.6703617960003, 33.166143748000025], [129.675043995, 33.16297682900006], [129.6742703440002, 33.15858712600004], [129.67099420900013, 33.16191733300013]]], [[[129.66633933900027, 33.16331358600013], [129.6676389040001, 33.16274054100006], [129.66743408600018, 33.16144541400013], [129.66633933900027, 33.16331358600013]]], [[[129.6697074970001, 33.16295736000012], [129.67099420900013, 33.16191733300013], [129.66943946800018, 33.161892586000135], [129.6697074970001, 33.16295736000012]]], [[[129.6609175680003, 33.16556578000012], [129.66098525300015, 33.161767919000056], [129.65892655000005, 33.16271322500012], [129.6609175680003, 33.16556578000012]]], [[[129.64286666700002, 33.16960269400005], [129.6443765890001, 33.16927777500007], [129.64310865800007, 33.16801915200011], [129.64286666700002, 33.16960269400005]]], [[[129.64798808000023, 33.170157694000125], [129.6497625100002, 33.170717376000084], [129.648836135, 33.16917091900007], [129.64798808000023, 33.170157694000125]]], [[[129.64746182900012, 33.19050716200019], [129.64550386500014, 33.19047944100015], [129.6486878080002, 33.188791815000116], [129.64746182900012, 33.19050716200019]]], [[[129.64442367100014, 33.191508775000045], [129.6447470830002, 33.19415877300008], [129.64592260400002, 33.19363609100003], [129.64442367100014, 33.191508775000045]]], [[[129.83802978000006, 33.29592255900013], [129.8394369130002, 33.29639253200003], [129.8393695330003, 33.294664387000125], [129.83802978000006, 33.29592255900013]]], [[[129.83774325600018, 33.32274086500007], [129.83928761300012, 33.31842824800003], [129.836605415, 33.31873004100004], [129.83774325600018, 33.32274086500007]]], [[[129.82701472100018, 33.35452444100014], [129.82868722400008, 33.35007110800018], [129.8253355510002, 33.35350416199998], [129.82701472100018, 33.35452444100014]]], [[[129.82332749700015, 33.353143333000105], [129.82450277600026, 33.35297416200001], [129.82390499400003, 33.35204416199997], [129.82332749700015, 33.353143333000105]]], [[[129.84818408600017, 33.36022522500019], [129.8492230610001, 33.3596505590001], [129.84812832700004, 33.359131667000156], [129.84818408600017, 33.36022522500019]]], [[[129.80761917000007, 33.35055555900004], [129.81354416300007, 33.399771108000095], [129.79687360600008, 33.41141666700008], [129.79696778200002, 33.414641108000126], [129.8598669390002, 33.37862305400017], [129.80761917000007, 33.35055555900004]], [[129.82939010400003, 33.3651848020001], [129.82837046700013, 33.36579386500017], [129.82812242100022, 33.36441192500001], [129.82939010400003, 33.3651848020001]]], [[[129.85867805400017, 33.387517775000106], [129.858993606, 33.38546610800006], [129.85791944200014, 33.384282225000106], [129.85867805400017, 33.387517775000106]]], [[[129.85311749700008, 33.39100138700002], [129.854373333, 33.39034749500013], [129.85206319400015, 33.38882263700009], [129.85311749700008, 33.39100138700002]]], [[[129.7724288850003, 33.39183833300018], [129.77762027200004, 33.39240777500004], [129.77966194600003, 33.3902208290001], [129.7724288850003, 33.39183833300018]]], [[[129.78032616100006, 33.393032027000174], [129.77749917000017, 33.40138777499999], [129.78501416300014, 33.39672610800005], [129.78032616100006, 33.393032027000174]]], [[[129.8651505580001, 33.40365527900002], [129.86649402700004, 33.403022081000074], [129.8601408300001, 33.39943277500009], [129.8651505580001, 33.40365527900002]]], [[[129.8588447210002, 33.40212166700019], [129.85561864500005, 33.4043073200001], [129.85922722400016, 33.403745], [129.8588447210002, 33.40212166700019]]], [[[129.67907972800003, 33.404027775000145], [129.67829832700033, 33.405511946000104], [129.68107416300018, 33.405256667], [129.67907972800003, 33.404027775000145]]], [[[129.77250250300017, 33.405728054000065], [129.77168666100022, 33.407346113000074], [129.77313389100004, 33.40677110799999], [129.77250250300017, 33.405728054000065]]], [[[129.6848552790002, 33.406029162000095], [129.6821158370002, 33.422473333000084], [129.6898236320003, 33.414578342000084], [129.6848552790002, 33.406029162000095]]], [[[129.70985083000005, 33.42038305400007], [129.71301306100008, 33.420915279000155], [129.71174610900005, 33.41977444100007], [129.70985083000005, 33.42038305400007]]], [[[129.7313627760002, 33.40628472100019], [129.7568038390001, 33.47007019799997], [129.79336437400013, 33.43023125000008], [129.7313627760002, 33.40628472100019]]], [[[129.84744778200002, 33.45319472099999], [129.8455119460001, 33.4529691620001], [129.84598889100016, 33.45516777500018], [129.84744778200002, 33.45319472099999]]], [[[129.84397917000024, 33.455827225000064], [129.8449136060001, 33.45525777500018], [129.84284277600023, 33.45410777500007], [129.84397917000024, 33.455827225000064]]], [[[129.85004250300005, 33.456035829000086], [129.84598889100016, 33.45516777500018], [129.84817360600005, 33.45714638700014], [129.85004250300005, 33.456035829000086]]], [[[129.72569701400005, 33.460675833000096], [129.71952306100002, 33.45435249500008], [129.7150797280001, 33.46230638700001], [129.72569701400005, 33.460675833000096]]], [[[129.77296926100007, 33.45847289200003], [129.774608327, 33.45834642300014], [129.7754541500001, 33.45762787400008], [129.77296926100007, 33.45847289200003]]], [[[129.8504184210002, 33.47214047500012], [129.8492827760001, 33.468443333000096], [129.84768520100022, 33.473228495000114], [129.8504184210002, 33.47214047500012]]], [[[129.7758263940001, 33.48757972100003], [129.77485166000008, 33.4952297210001], [129.7799413360001, 33.49148355900007], [129.7758263940001, 33.48757972100003]]], [[[129.8936871980003, 33.554461000000174], [129.8738967190002, 33.55954691900007], [129.88189236100004, 33.56775441399998], [129.8936871980003, 33.554461000000174]]], [[[129.9041764200001, 33.559262360000105], [129.90339944200014, 33.55792208100013], [129.90273194600013, 33.55891191900014], [129.9041764200001, 33.559262360000105]]], [[[129.7629266670001, 33.56368944100018], [129.74635306100015, 33.58216861300008], [129.77361451100012, 33.573970486000064], [129.7629266670001, 33.56368944100018]]], [[[129.84563277600012, 33.592012225000076], [129.83708, 33.58380472100009], [129.83535749700002, 33.58515194600011], [129.84563277600012, 33.592012225000076]]], [[[129.89375697100013, 33.601097791000086], [129.90147082800001, 33.59350477400005], [129.89336747100003, 33.59296441400011], [129.89375697100013, 33.601097791000086]], [[129.8999876390002, 33.5947661080001], [129.89832345000002, 33.59540830600014], [129.8989687100003, 33.59437233300014], [129.8999876390002, 33.5947661080001]]], [[[129.868383891, 33.5963424950001], [129.84813666700006, 33.59936944100008], [129.86254360600003, 33.61899305400004], [129.868383891, 33.5963424950001]]], [[[129.64988557100014, 33.711027362000095], [129.65252486400004, 33.71063049500003], [129.65205610100008, 33.709636481000075], [129.64988557100014, 33.711027362000095]]], [[[129.6482076650002, 33.711693946000025], [129.64963199700026, 33.71211130600011], [129.64927913100007, 33.71079272100013], [129.6482076650002, 33.711693946000025]]], [[[129.64696878100017, 33.71796422500006], [129.6495569330001, 33.729454], [129.65382752300013, 33.72504041400015], [129.64696878100017, 33.71796422500006]]], [[[129.62464601800002, 33.72788527100005], [129.63713116800022, 33.7275176600001], [129.63077663000024, 33.722432529000116], [129.62464601800002, 33.72788527100005]]], [[[129.7581291050002, 33.73748261300011], [129.75959964800006, 33.730321599000035], [129.7550184700001, 33.73179727900009], [129.7581291050002, 33.73748261300011]]], [[[129.6451309470002, 33.74213989200007], [129.62887066100006, 33.733632027], [129.6293298500001, 33.744441585000175], [129.63679408800022, 33.74523784200005], [129.6377947730001, 33.741366748000075], [129.6451309470002, 33.74213989200007]]], [[[129.8631647850001, 33.74059824800008], [129.86435083000003, 33.738048613000046], [129.86219333300016, 33.73963805400018], [129.8631647850001, 33.74059824800008]]], [[[129.78940147900005, 33.74162672100016], [129.78885369600016, 33.740841387000046], [129.787497808, 33.74083761300005], [129.78940147900005, 33.74162672100016]]], [[[129.86620444900007, 33.74199416200008], [129.86851000000013, 33.74197722500003], [129.8651058370001, 33.74019610800019], [129.86620444900007, 33.74199416200008]]], [[[129.63986350200003, 33.743676919000166], [129.6409385600001, 33.74404182900014], [129.64107713400006, 33.74272769400005], [129.63986350200003, 33.743676919000166]]], [[[129.66477452700008, 33.74588291900005], [129.66583722400003, 33.74616164000014], [129.66769294400012, 33.74517200000014], [129.66477452700008, 33.74588291900005]]], [[[129.6667593840001, 33.75116676599998], [129.66583195900023, 33.74978865400004], [129.66540762700015, 33.750530833000084], [129.6667593840001, 33.75116676599998]]], [[[129.64356019500008, 33.75402477500012], [129.64582077800014, 33.75403527900011], [129.6441615560002, 33.75312386500019], [129.64356019500008, 33.75402477500012]]], [[[129.78597250300004, 33.77717638700011], [129.78344861200003, 33.77879389200007], [129.7870186120001, 33.77833194600004], [129.78597250300004, 33.77717638700011]]], [[[129.77611389100002, 33.779622495000126], [129.78052, 33.781121667000036], [129.7779627760001, 33.778151107999975], [129.77611389100002, 33.779622495000126]]], [[[129.6496369130001, 33.80687782900003], [129.76824944300017, 33.84598729300012], [129.74863572000015, 33.806670414000166], [129.79935795400024, 33.788581330000056], [129.79617354100014, 33.77919797300018], [129.7727998050001, 33.786185828999976], [129.75793389100022, 33.77568977499999], [129.79761396900005, 33.75377258600014], [129.69125536000013, 33.711967180000045], [129.67184965000013, 33.75789455400013], [129.6462295590003, 33.75154605400013], [129.6448105390001, 33.77265364800007], [129.67357627800016, 33.768061865], [129.6817533850002, 33.757806468000126], [129.68624552500012, 33.76038905400014], [129.65571214000022, 33.78087969400019], [129.6496369130001, 33.80687782900003]], [[129.67399280200016, 33.75904491900019], [129.67279070000018, 33.759644027000036], [129.67184965000013, 33.75789455400013], [129.67399280200016, 33.75904491900019]], [[129.6568763040001, 33.7962477750001], [129.65786080400017, 33.797491054000034], [129.65597327500006, 33.797877748000076], [129.6568763040001, 33.7962477750001]]], [[[129.65058946800002, 33.78542946800019], [129.6529803630002, 33.78497238700015], [129.6510215300002, 33.78402749500009], [129.65058946800002, 33.78542946800019]]], [[[129.6586866670002, 33.81727277500016], [129.6606305580002, 33.81593833300008], [129.65865013700022, 33.81571007000008], [129.6586866670002, 33.81727277500016]]], [[[129.76184358000012, 33.817044000000124], [129.76123862500003, 33.818117347000054], [129.7624594680001, 33.818083198000124], [129.76184358000012, 33.817044000000124]]], [[[129.65846597200016, 33.83398557900006], [129.66074269800004, 33.829985414000134], [129.66166771400003, 33.82781152200005], [129.65853349300016, 33.83032098199999], [129.65846597200016, 33.83398557900006]]], [[[129.7064488850002, 33.86482249500017], [129.70389208200015, 33.86529291900018], [129.70517221800003, 33.86754472100017], [129.7064488850002, 33.86482249500017]]], [[[129.68315335900002, 33.86368891900014], [129.69091022000032, 33.87038202700006], [129.68965594000008, 33.86128469400012], [129.68315335900002, 33.86368891900014]]], [[[129.6775302460003, 33.86541991900003], [129.67306418400005, 33.867760868000175], [129.68218953300004, 33.87067219800019], [129.6775302460003, 33.86541991900003]]], [[[129.70389208200015, 33.86529291900018], [129.69446666700003, 33.865683892000106], [129.70364555100002, 33.86831110800006], [129.70389208200015, 33.86529291900018]]], [[[130.01769888500007, 28.337835], [129.97278944200013, 28.283710279], [129.9152516600002, 28.296489162000114], [130.02174194600002, 28.377788892000183], [130.0351819460002, 28.361629162000042], [130.01769888500007, 28.337835]], [[130.0297044030002, 28.355958554000154], [130.02693360600006, 28.35745500000013], [130.02726499400012, 28.35545833300006], [130.0297044030002, 28.355958554000154]]], [[[130.26507778200028, 30.44808249500005], [130.20975499400004, 30.422076108000056], [130.14297888500005, 30.489379441000153], [130.26507778200028, 30.44808249500005]]], [[[130.31385722400012, 30.781026387], [130.30353333300002, 30.80842222500013], [130.32171694400006, 30.792174106000175], [130.31385722400012, 30.781026387]]], [[[130.34089917000006, 30.804743613000028], [130.34270416300012, 30.8039044410001], [130.3380683270002, 30.8034980540001], [130.34089917000006, 30.804743613000028]]], [[[130.4416811440002, 30.800163160000068], [130.42771610900002, 30.819705000000113], [130.44600722400003, 30.809863892000124], [130.4416811440002, 30.800163160000068]]], [[[130.44110693900006, 31.249071108000123], [130.44017194200023, 31.25009173000018], [130.44125972200015, 31.250867226000082], [130.44110693900006, 31.249071108000123]]], [[[130.439148885, 31.251104721000104], [130.44017194200023, 31.25009173000018], [130.4385558370002, 31.25004082900017], [130.439148885, 31.251104721000104]]], [[[130.21551166000006, 31.265180829000144], [130.2155983030002, 31.26316622100012], [130.21361166000008, 31.263148613000055], [130.21551166000006, 31.265180829000144]]], [[[130.16590416300005, 31.35914389200019], [130.15860639400012, 31.356120829000076], [130.16931972800012, 31.364169162000167], [130.16590416300005, 31.35914389200019]]], [[[130.1993711150003, 31.41341805400009], [130.20184666700015, 31.414912225000137], [130.2007466670001, 31.413140559000112], [130.1993711150003, 31.41341805400009]]], [[[130.192712776, 31.429524162000064], [130.19124847000012, 31.419313613000156], [130.1865180540001, 31.42567138700008], [130.192712776, 31.429524162000064]]], [[[130.17875972800016, 31.42709527900007], [130.18136027200023, 31.426178613000104], [130.1800891700002, 31.42528638699997], [130.17875972800016, 31.42709527900007]]], [[[130.18552389100012, 31.43379222500016], [130.18605722400014, 31.431412495000075], [130.1848402390001, 31.431324763000077], [130.18552389100012, 31.43379222500016]]], [[[130.31591336500014, 31.652298195000185], [130.32048327500002, 31.651191271000073], [130.3172085340001, 31.65059236000019], [130.31591336500014, 31.652298195000185]]], [[[130.17766, 31.740010829000084], [130.18038693900007, 31.739474162000192], [130.17825111500008, 31.738122775000193], [130.17766, 31.740010829000084]]], [[[129.95165717300017, 31.85295705400017], [129.95175817100017, 31.85086549500005], [129.947551362, 31.85095889200005], [129.95165717300017, 31.85295705400017]]], [[[129.97611817100005, 31.86072519800001], [129.97600855400003, 31.86226646000017], [129.97845730200027, 31.862636360000067], [129.97611817100005, 31.86072519800001]]], [[[129.97460007800032, 31.863403748000167], [129.97600855400003, 31.86226646000017], [129.9744353310001, 31.861964252000064], [129.97460007800032, 31.863403748000167]]], [[[129.9588762000002, 31.86742313500008], [129.96357097300006, 31.865793829000097], [129.96081997400006, 31.864809892000153], [129.9588762000002, 31.86742313500008]]], [[[129.95352891100015, 31.866319829000076], [129.95235170600017, 31.86775390600019], [129.95386834800001, 31.867881876000126], [129.95352891100015, 31.866319829000076]]], [[[130.19530717300017, 31.98022173000004], [130.19739153000023, 31.97985808100003], [130.19606632900025, 31.978954829000088], [130.19530717300017, 31.98022173000004]]], [[[130.16139848300008, 32.026083361000076], [130.17181483800016, 32.025249306000035], [130.1711901880002, 32.02236739000017], [130.16139848300008, 32.026083361000076]]], [[[130.18744136200007, 32.033325468000044], [130.18961070000034, 32.033425], [130.19099070000016, 32.03135705400007], [130.18744136200007, 32.033325468000044]]], [[[130.16098228300018, 32.03231705400009], [130.16170036400013, 32.03753414400006], [130.1632142540002, 32.03373849500019], [130.16098228300018, 32.03231705400009]]], [[[130.18924610900012, 32.081347225000115], [130.19018055800007, 32.07963610800016], [130.18789055800016, 32.08063972100018], [130.18924610900012, 32.081347225000115]]], [[[130.1572287160002, 32.08812661300004], [130.15795389100003, 32.086393612999984], [130.15706722400012, 32.085761387000105], [130.1572287160002, 32.08812661300004]]], [[[130.32759683500012, 32.124988], [130.32687880700007, 32.12367774799998], [130.32589175100009, 32.12302141400005], [130.32759683500012, 32.124988]]], [[[130.33674655000016, 32.134964441000136], [130.33636914400006, 32.13333333300017], [130.33543525300013, 32.13247719800012], [130.33674655000016, 32.134964441000136]]], [[[129.97316555100008, 32.14638944100005], [129.97107325900015, 32.14453284700011], [129.9736369430001, 32.14998951400014], [129.97316555100008, 32.14638944100005]]], [[[130.26518221800006, 32.15060749500003], [130.26227522700015, 32.14944194600014], [130.2614471070002, 32.147926267], [130.26214277600013, 32.15000444100019], [130.26518221800006, 32.15060749500003]]], [[[130.02288250300012, 32.15525944100017], [130.0237302720002, 32.15440249500011], [130.022431352, 32.15423341600007], [130.02288250300012, 32.15525944100017]]], [[[130.04277666700023, 32.158818054000164], [130.0413264590003, 32.15319555399998], [130.0406311150001, 32.156613613000104], [130.04277666700023, 32.158818054000164]]], [[[130.16679024600012, 32.09763241400009], [130.09073306100015, 32.18064444100014], [130.1056783270002, 32.21376055900015], [130.15532285300014, 32.197115162000046], [130.1742680540001, 32.229418054000064], [130.20977333300004, 32.15512555900011], [130.16679024600012, 32.09763241400009]], [[130.17621182900007, 32.118634054000154], [130.17555588800008, 32.11729513500012], [130.17666666000014, 32.11728315800008], [130.17621182900007, 32.118634054000154]]], [[[130.05177639400006, 32.16985805400003], [130.0562466670001, 32.16315444100002], [130.05584104100024, 32.161806876000185], [130.0520547210001, 32.162658333000024], [130.05177639400006, 32.16985805400003]]], [[[130.04719832700016, 32.17084444100004], [130.04716755600032, 32.1569558380001], [130.0152686120001, 32.171671667000055], [130.02850675800016, 32.190975036000054], [130.04719832700016, 32.17084444100004]], [[130.02777503200002, 32.18901182000013], [130.02921959800017, 32.18979488300016], [130.02850675800016, 32.190975036000054], [130.02777503200002, 32.18901182000013]]], [[[130.04407583700004, 32.17893444100008], [130.04578610900012, 32.17511805400005], [130.0422000000002, 32.17852861300008], [130.04407583700004, 32.17893444100008]]], [[[129.97142354100015, 32.18443472300004], [129.96566693900024, 32.18123222500009], [129.9649513060001, 32.187205096000014], [129.97142354100015, 32.18443472300004]]], [[[130.01422722400014, 32.186465279], [130.01646111500008, 32.18410305400005], [130.01261027200007, 32.183235], [130.01422722400014, 32.186465279]]], [[[130.36582284000008, 32.199954266000134], [130.36365795100005, 32.194246856], [130.36039067600018, 32.19643774400009], [130.36582284000008, 32.199954266000134]]], [[[130.0786885010001, 32.195171129000016], [130.07808499400016, 32.20167249500008], [130.08165138800018, 32.20091736100011], [130.0786885010001, 32.195171129000016]]], [[[129.9764238910002, 32.206230829000106], [129.9724003470003, 32.20693416400013], [129.9748530610002, 32.20801777499997], [129.9764238910002, 32.206230829000106]]], [[[130.3861006750002, 32.21903111300014], [130.38499543500006, 32.21745532400007], [130.38387727600013, 32.21722109900014], [130.3861006750002, 32.21903111300014]]], [[[130.2114474970001, 32.220738054000094], [130.18732639400002, 32.221356387000185], [130.19464389100017, 32.244460279000066], [130.2114474970001, 32.220738054000094]]], [[[130.21777083000006, 32.22741889200006], [130.2204155510002, 32.226906108000094], [130.21567, 32.224013613000125], [130.21777083000006, 32.22741889200006]]], [[[130.17849474700017, 32.22675255900009], [130.18192180300002, 32.22514422100005], [130.17840808000017, 32.224668414], [130.17849474700017, 32.22675255900009]]], [[[129.98435083000015, 32.23913861300014], [129.98410277300013, 32.23783543600001], [129.98160666700016, 32.23604333300017], [129.98435083000015, 32.23913861300014]]], [[[130.18376639400014, 32.24144361300006], [130.1823411150001, 32.24292610800006], [130.18739861200015, 32.244166667000115], [130.18376639400014, 32.24144361300006]]], [[[130.19433194600003, 32.24763972100004], [130.19400083000016, 32.24550889200009], [130.19272138800034, 32.24643889200007], [130.19433194600003, 32.24763972100004]]], [[[130.1756527760001, 32.24801110800013], [130.16131291800002, 32.228270415000054], [130.15900732700015, 32.24524690800007], [130.18985778200022, 32.26803110800017], [130.18975126700002, 32.261216567000076], [130.18432277600016, 32.25275833300009], [130.1756527760001, 32.24801110800013]], [[130.18640166000023, 32.25872889200019], [130.18484917, 32.25793944100013], [130.1862132230002, 32.25698446000007], [130.18640166000023, 32.25872889200019]]], [[[130.22744427500015, 32.24597332900004], [130.22972083000013, 32.250538333000065], [130.23065555100015, 32.24840749499998], [130.22744427500015, 32.24597332900004]]], [[[130.1000649350001, 32.253859333000094], [130.09713319800005, 32.2533176980001], [130.0988363680001, 32.25449276600017], [130.1000649350001, 32.253859333000094]]], [[[130.18149194600005, 32.26185749500013], [130.17947472100002, 32.26555582900011], [130.18145194600015, 32.26508222500013], [130.18149194600005, 32.26185749500013]]], [[[130.14021944200022, 32.26269082900018], [130.1420919970002, 32.277975468000136], [130.1507147210002, 32.26905582900014], [130.14021944200022, 32.26269082900018]]], [[[130.25320055800023, 32.274683054000036], [130.24258035200012, 32.25347702100004], [130.23010125800022, 32.26309509000015], [130.20950277600025, 32.25491833300009], [130.25320055800023, 32.274683054000036]]], [[[130.0325619460001, 32.28556027900004], [130.03359027200008, 32.28625944099997], [130.03443972800005, 32.28552110800007], [130.0325619460001, 32.28556027900004]]], [[[130.23306583700003, 32.30368027900005], [130.23530832700033, 32.303438054000026], [130.23342416300022, 32.30188194600004], [130.23306583700003, 32.30368027900005]]], [[[130.30356888500012, 32.32095361300003], [130.3047100000001, 32.32010277500012], [130.30278610900007, 32.31785305400007], [130.30356888500012, 32.32095361300003]]], [[[130.30041138800004, 32.30440833300008], [130.37424341100018, 32.34889117100016], [130.34415832700017, 32.31206389200014], [130.30041138800004, 32.30440833300008]]], [[[130.29375722400005, 32.3332433330001], [130.30386749700017, 32.32688444100012], [130.3001786120002, 32.32118472100012], [130.29375722400005, 32.3332433330001]]], [[[130.2879022180001, 32.33850889200011], [130.29107639400024, 32.340295559000026], [130.2854447210001, 32.336073333000115], [130.2879022180001, 32.33850889200011]]], [[[130.33126306100007, 32.342985279000175], [130.33381333300008, 32.34207194600003], [130.32746571300027, 32.338850856000136], [130.33126306100007, 32.342985279000175]]], [[[130.28840610900022, 32.342538054000045], [130.28934778200005, 32.343250559000126], [130.28978610900015, 32.34227082900003], [130.28840610900022, 32.342538054000045]]], [[[130.35653639400016, 32.35277222500014], [130.35887622600012, 32.35140361300006], [130.36074814500023, 32.34903141400014], [130.35653639400016, 32.35277222500014]]], [[[130.3219530870001, 32.36811518900004], [130.309894449, 32.33938861300015], [130.29920389100027, 32.357725829000174], [130.3219530870001, 32.36811518900004]]], [[[130.3278032300001, 32.36468804500015], [130.32952983100017, 32.36379170300006], [130.3280849360001, 32.36210898100012], [130.3278032300001, 32.36468804500015]]], [[[130.34126984400018, 32.36653223400009], [130.35073537000017, 32.3730099820001], [130.35533164700007, 32.36475245900016], [130.34897765200003, 32.36055199100008], [130.34584201000007, 32.36210049500011], [130.34126984400018, 32.36653223400009]], [[130.34554124500016, 32.363158468000165], [130.34473197100021, 32.365278730000114], [130.34423831100003, 32.364157196], [130.34554124500016, 32.363158468000165]]], [[[130.31625254200003, 32.37075491900015], [130.31600059700008, 32.36947158600009], [130.3148672630001, 32.36870936000008], [130.31625254200003, 32.37075491900015]]], [[[129.9905980010002, 32.197104848000095], [130.19329703000005, 32.387873495000065], [130.22565478600018, 32.36819172100019], [130.20443166000007, 32.325181108000095], [129.9905980010002, 32.197104848000095]]], [[[130.304818016, 32.36672309000005], [130.3102002720002, 32.374475036000035], [130.31058876800034, 32.370206982000184], [130.304818016, 32.36672309000005]]], [[[130.4137490920001, 32.374536315], [130.4117119540001, 32.371031764000065], [130.407990379, 32.37057438300013], [130.4137490920001, 32.374536315]]], [[[130.2359402720001, 32.36807027900005], [130.22850609600016, 32.37246878400009], [130.23574749700003, 32.380630279000115], [130.2359402720001, 32.36807027900005]]], [[[130.3234848510001, 32.37017508100013], [130.32433738600002, 32.382158847000085], [130.32800783400012, 32.37868227900003], [130.3234848510001, 32.37017508100013]]], [[[130.31215210100015, 32.37576028800015], [130.31438341100022, 32.376890514000024], [130.31490974100006, 32.37562175700015], [130.31215210100015, 32.37576028800015]]], [[[130.43673050600023, 32.38211853200005], [130.4096267320001, 32.38340067600012], [130.4150844620001, 32.39942930600006], [130.43673050600023, 32.38211853200005]]], [[[130.34437024600004, 32.3926132520001], [130.3429270690002, 32.38926044100009], [130.3366349810001, 32.38372824300012], [130.34437024600004, 32.3926132520001]]], [[[130.4072241120001, 32.386999765999974], [130.3974237870002, 32.38706143200011], [130.4000005580001, 32.39417806300003], [130.4072241120001, 32.386999765999974]]], [[[130.32644145300026, 32.38618770300002], [130.3309827500001, 32.394153315000096], [130.32787561600003, 32.386024649000035], [130.32644145300026, 32.38618770300002]]], [[[130.22979055800022, 32.400817495000126], [130.2347111150001, 32.400834441000086], [130.23103250300005, 32.39922777500004], [130.22979055800022, 32.400817495000126]]], [[[130.23136416300008, 32.407604721000155], [130.23312416300007, 32.4057163870001], [130.22842917000003, 32.40432944100007], [130.23136416300008, 32.407604721000155]]], [[[130.40398905300003, 32.394401243000175], [130.20459688700032, 32.451435243000105], [130.4612784950001, 32.52978231500015], [130.40398905300003, 32.394401243000175]], [[130.3493749940002, 32.421716883000045], [130.34699254200007, 32.420250261000035], [130.3481221530002, 32.41992924400017], [130.3493749940002, 32.421716883000045]]], [[[130.19783875500002, 32.49424461300015], [130.19242221800027, 32.4968192340001], [130.19404791200031, 32.497163135], [130.19783875500002, 32.49424461300015]]], [[[130.42869464000023, 32.52965495800015], [130.42879887200013, 32.52060254100013], [130.42240591400002, 32.52445764900011], [130.42869464000023, 32.52965495800015]]], [[[130.037821946, 32.52558138700016], [130.04241612900023, 32.52869157400005], [130.04039000000034, 32.52527694600013], [130.037821946, 32.52558138700016]]], [[[130.41701603100012, 32.52982577500018], [130.41788447500005, 32.529226838000056], [130.41778324300003, 32.52758017100018], [130.41701603100012, 32.52982577500018]]], [[[130.37517167300007, 32.53009861300018], [130.37233138800002, 32.52892777500011], [130.37405416300032, 32.53282110800012], [130.37517167300007, 32.53009861300018]]], [[[130.4297028220003, 32.53093576099997], [130.43696185500005, 32.52987315299998], [130.43625048000013, 32.52817307200013], [130.4297028220003, 32.53093576099997]]], [[[130.42177438400017, 32.53613730600006], [130.4228749030002, 32.53154914400005], [130.42036776900022, 32.53547186500015], [130.42177438400017, 32.53613730600006]]], [[[130.4350686900002, 32.53469695500013], [130.43487793800023, 32.53340886100017], [130.43361188100005, 32.53371734199999], [130.4350686900002, 32.53469695500013]]], [[[130.44043498100007, 32.53290010800009], [130.43487793800023, 32.53340886100017], [130.43691244500008, 32.534295838000105], [130.4365977860001, 32.536397620000116], [130.43948054500015, 32.53899721600004], [130.44043498100007, 32.53290010800009]]], [[[130.435262114, 32.53634318000019], [130.4365977860001, 32.536397620000116], [130.43538770300006, 32.53510150500006], [130.435262114, 32.53634318000019]]], [[[130.41264306100004, 32.5375117480001], [130.41375819100006, 32.538919512], [130.41626948800013, 32.53806855400012], [130.41264306100004, 32.5375117480001]]], [[[130.43596156900026, 32.53869443200006], [130.43748107700003, 32.540586314999985], [130.43701084300005, 32.538107685000114], [130.43596156900026, 32.53869443200006]]], [[[130.40403967700013, 32.53581586900003], [130.39805461700018, 32.543457721000095], [130.40804809300016, 32.54235427000003], [130.40403967700013, 32.53581586900003]]], [[[130.19400610900016, 32.54161027900017], [130.19756555100014, 32.54034749500016], [130.19421221800008, 32.54008805400008], [130.19400610900016, 32.54161027900017]]], [[[130.4052382100001, 32.54449480200003], [130.41980289200012, 32.5409140270001], [130.42268629100022, 32.54358146800013], [130.4271260510002, 32.54398069400008], [130.4288507780002, 32.54097991900005], [130.41812321700013, 32.537928135000186], [130.4052382100001, 32.54449480200003]], [[130.4249946560003, 32.542452252000146], [130.42579648600008, 32.543644968000024], [130.4242616460001, 32.54340004500011], [130.4249946560003, 32.542452252000146]]], [[[130.39137339800004, 32.54716250500019], [130.39208070000018, 32.543170081000085], [130.38840875500023, 32.54407202700014], [130.39137339800004, 32.54716250500019]]], [[[130.11495888500008, 32.55321555900008], [130.11589804500022, 32.54896225300007], [130.1051749940002, 32.55008194600009], [130.11495888500008, 32.55321555900008]]], [[[130.4602634050002, 32.55814051400017], [130.4605388140003, 32.55952103100009], [130.46232501900022, 32.55880474800006], [130.4602634050002, 32.55814051400017]]], [[[130.45655048000003, 32.56562658600018], [130.45523108900022, 32.56250058600017], [130.45340474700004, 32.56077288300014], [130.45655048000003, 32.56562658600018]]], [[[130.4529139690003, 32.566753027], [130.4534071080002, 32.56576233300012], [130.4523818550001, 32.565069455000184], [130.4529139690003, 32.566753027]]], [[[130.45265553800016, 32.568789468000034], [130.45721162400002, 32.57058293900019], [130.45478364500013, 32.56648308100006], [130.45265553800016, 32.568789468000034]]], [[[130.38973160800015, 32.58679625200011], [130.386212257, 32.57990972100009], [130.38019230900034, 32.581891829000085], [130.38973160800015, 32.58679625200011]]], [[[130.4365959920001, 32.62289796400006], [130.4532583660001, 32.55381235100009], [130.4227283790001, 32.54567782900011], [130.40399734100004, 32.55269949500001], [130.41658210100013, 32.58196209000016], [130.39368339800023, 32.58888811700007], [130.4365959920001, 32.62289796400006]], [[130.4112172370002, 32.553125081000076], [130.4098043450001, 32.55296416200002], [130.41092608300005, 32.551706121999985], [130.4112172370002, 32.553125081000076]], [[130.42374524000013, 32.610408622000136], [130.42282424100006, 32.61116099100013], [130.42231409900012, 32.60982843000011], [130.42374524000013, 32.610408622000136]], [[130.4417412060002, 32.555077405000134], [130.4394175880003, 32.55528809000009], [130.44006124600014, 32.554211175000034], [130.4417412060002, 32.555077405000134]]], [[[130.45908180300012, 32.58581755900019], [130.4587056480002, 32.58702585100019], [130.45976669300012, 32.5880489490001], [130.45908180300012, 32.58581755900019]]], [[[130.37341974100002, 32.58793083799998], [130.37559335900016, 32.58825494600018], [130.3754891960001, 32.58719191900008], [130.37341974100002, 32.58793083799998]]], [[[130.47150524000017, 32.59485964900017], [130.4735224640001, 32.59334909000012], [130.47030661500003, 32.59350130600012], [130.47150524000017, 32.59485964900017]]], [[[130.44952040200008, 32.59913794600004], [130.450445499, 32.59375224299998], [130.44787595300022, 32.596730721000085], [130.44794901400007, 32.598478225000065], [130.44952040200008, 32.59913794600004]]], [[[130.3305047990002, 32.60507355900006], [130.34373664100008, 32.603662640000096], [130.34072361800008, 32.59756388300008], [130.3305047990002, 32.60507355900006]]], [[[130.4465693640002, 32.625699928000074], [130.44895937700016, 32.62558715300008], [130.44929242500018, 32.62471327000014], [130.4465693640002, 32.625699928000074]]], [[[130.29017509500022, 32.65203827900018], [130.29170053200005, 32.65016814400008], [130.290648282, 32.65060845900018], [130.29017509500022, 32.65203827900018]]], [[[129.99659094700007, 32.75278294599997], [129.9991809730002, 32.75442446800008], [129.99996282700022, 32.75292210800012], [129.99659094700007, 32.75278294599997]]], [[[130.00365670600002, 32.75583558600016], [130.00715216600008, 32.75190136000003], [130.00208988300017, 32.755008027000144], [130.00365670600002, 32.75583558600016]]], [[[129.96427294400007, 32.76229374800016], [129.9841776390001, 32.74613853200003], [129.97028946800003, 32.749151802000085], [129.96427294400007, 32.76229374800016]]], [[[130.03772666700002, 32.76328082900005], [130.04116944200018, 32.75935249500009], [130.03922639400002, 32.759340829000166], [130.03772666700002, 32.76328082900005]]], [[[130.0363777560002, 32.76359609000008], [130.03193046100023, 32.763972816000035], [130.03384051900014, 32.765364838000096], [130.0363777560002, 32.76359609000008]]], [[[130.37895241200033, 32.77280673000013], [130.37994762000005, 32.773655604000055], [130.38037917900022, 32.7724296290001], [130.37895241200033, 32.77280673000013]]], [[[130.378766304, 32.775797694000175], [130.37852525300025, 32.773839613000064], [130.37582756200004, 32.77198934199998], [130.378766304, 32.775797694000175]]], [[[130.38190190800015, 32.77966677300009], [130.38193898800034, 32.77849311700015], [130.38120190700022, 32.77771297300012], [130.38190190800015, 32.77966677300009]]], [[[130.37777311600007, 32.786483616000055], [130.38001617400005, 32.784509252000134], [130.37846181600003, 32.783571252000115], [130.37777311600007, 32.786483616000055]]], [[[129.93995045400027, 32.90361689200006], [129.94330491600022, 32.90342180200008], [129.9408373540001, 32.89858341400014], [129.93995045400027, 32.90361689200006]]], [[[130.21696800300003, 32.95917519800014], [130.21810666700014, 32.95052444100014], [130.2125582230002, 32.95469749500012], [130.21696800300003, 32.95917519800014]]], [[[129.97805277600003, 33.46752658600019], [129.9773514750002, 33.46422940800005], [129.97534114100006, 33.465982495000105], [129.97805277600003, 33.46752658600019]]], [[[129.98798499400004, 33.48059736000005], [129.98645089500008, 33.47336866700016], [129.9855798310001, 33.47177989200003], [129.98798499400004, 33.48059736000005]]], [[[130.0702191250001, 33.51013271900018], [130.0704566930002, 33.50872233300004], [130.06929007800022, 33.506680441000185], [130.0702191250001, 33.51013271900018]]], [[[129.96439516200007, 33.52998108100019], [129.9776812450001, 33.53993091900014], [129.97390989000007, 33.52781361300009], [129.96439516200007, 33.52998108100019]]], [[[130.04415163400006, 33.56995430600011], [130.0545565000001, 33.572455375], [130.0511824770001, 33.56393272100007], [130.04415163400006, 33.56995430600011]]], [[[130.3079339100001, 33.634863697000185], [130.294724265, 33.61289159800003], [130.3020129250002, 33.63844491300006], [130.3079339100001, 33.634863697000185]]], [[[130.39458652400003, 33.66430177500018], [130.42661847000022, 33.66214374800006], [130.39817045400002, 33.655521495000016], [130.39458652400003, 33.66430177500018]]], [[[130.31054359900008, 33.6779447830001], [130.28947438400007, 33.67007144100006], [130.29008105100002, 33.687753414000156], [130.31054359900008, 33.6779447830001]]], [[[130.21855972800006, 33.67792449500007], [130.22035246400003, 33.67756123400011], [130.22056701700012, 33.676201964000086], [130.21855972800006, 33.67792449500007]]], [[[130.23551050800006, 33.69312606500017], [130.2247903890003, 33.689680198000076], [130.22449930500022, 33.69348768500009], [130.23551050800006, 33.69312606500017]]], [[[130.2185359140002, 33.69607108100013], [130.219838664, 33.696723441000074], [130.21965847, 33.695359027000165], [130.2185359140002, 33.69607108100013]]], [[[130.36354922200007, 33.76706174800012], [130.36270116700018, 33.75506255900001], [130.3592505580002, 33.76127508100018], [130.36354922200007, 33.76706174800012]]], [[[130.46848817100022, 33.859718973000156], [130.4731826220002, 33.863993118], [130.474008249, 33.85851033300014], [130.46848817100022, 33.859718973000156]]], [[[130.03288572200006, 33.866712280000115], [130.03897912200011, 33.865941561], [130.037093066, 33.8620971790001], [130.03288572200006, 33.866712280000115]]], [[[130.42904055800022, 33.886668054000154], [130.40810166000006, 33.91126082900007], [130.44829666700002, 33.91133110800007], [130.42904055800022, 33.886668054000154]]], [[[130.11147565500005, 34.232563928000104], [130.11289242500004, 34.23118241399999], [130.11081855500004, 34.231050560000085], [130.11147565500005, 34.232563928000104]]], [[[130.10327057100005, 34.249533225], [130.11330031100022, 34.24835375700013], [130.09813525300012, 34.241826297000046], [130.10327057100005, 34.249533225]]], [[[131.1922478680002, 24.463060528000028], [131.1806272240001, 24.472199162000095], [131.19476132500006, 24.47001883600018], [131.1922478680002, 24.463060528000028]]], [[[131.25484111500032, 25.871528613000066], [131.22004861200026, 25.865834162000112], [131.22680225000022, 25.870117027000163], [131.24073416300018, 25.87241944100009], [131.25484111500032, 25.871528613000066]], [[131.2271712060002, 25.868366847000118], [131.23054763900006, 25.869311550000077], [131.22680225000022, 25.870117027000163], [131.2271712060002, 25.868366847000118]]], [[[131.3190688850001, 25.929050559000075], [131.2859019460002, 25.961000279000018], [131.33199795100006, 25.950669919000063], [131.3190688850001, 25.929050559000075]]], [[[130.5889300260003, 30.243434973000035], [130.58733541300012, 30.242549800000063], [130.5875518160001, 30.243764208000186], [130.5889300260003, 30.243434973000035]]], [[[130.67165749700007, 30.376017775000093], [130.3909869390002, 30.32226861300012], [130.47134527900016, 30.461519721], [130.67165749700007, 30.376017775000093]]], [[[130.9596855520001, 30.367246802000068], [130.9599263880002, 30.365789721000056], [130.95763277600008, 30.36611361300004], [130.9596855520001, 30.367246802000068]]], [[[130.96124360600004, 30.366604721000158], [130.9596855520001, 30.367246802000068], [130.9571856890002, 30.36877375900002], [130.96049, 30.368452225000112], [130.96124360600004, 30.366604721000158]]], [[[130.97234072500032, 30.36970641500011], [130.97034208200012, 30.37109430700019], [130.97227861200008, 30.370945559000177], [130.97234072500032, 30.36970641500011]]], [[[130.98132166000028, 30.400041387000044], [130.9821136060001, 30.39944361300013], [130.98196832700023, 30.39847110800008], [130.98132166000028, 30.400041387000044]]], [[[130.97629416300003, 30.4505222250001], [130.97657610900012, 30.451728333000062], [130.9780063940001, 30.450092495000092], [130.97629416300003, 30.4505222250001]]], [[[130.9782605580001, 30.453111107999973], [130.97928778200003, 30.450278613000023], [130.97798639400003, 30.450618892000193], [130.9782605580001, 30.453111107999973]]], [[[131.0304373360002, 30.557236395000132], [131.0316902720001, 30.556142495000188], [131.030824907, 30.555584491000047], [131.0304373360002, 30.557236395000132]]], [[[131.05508666700018, 30.60479722500014], [130.84871944200006, 30.464985829000113], [131.0567044490001, 30.83982749500018], [131.05508666700018, 30.60479722500014]]], [[[130.8549068990003, 30.764666978000093], [130.8609549680001, 30.72638535200008], [130.83698805400002, 30.727291387000037], [130.8549068990003, 30.764666978000093]]], [[[130.66017610900008, 30.99336527900016], [130.6604609750001, 30.991653978000045], [130.6582963940001, 30.99233694600008], [130.66017610900008, 30.99336527900016]]], [[[130.6733411150003, 30.99831722500005], [130.67327444900013, 30.99566082900003], [130.67052389100013, 30.997201667000127], [130.6733411150003, 30.99831722500005]]], [[[130.67735888500022, 31.272568892000095], [130.6726336060001, 31.27808082900009], [130.68133555100007, 31.278493613000137], [130.67735888500022, 31.272568892000095]]], [[[131.03242749700007, 31.377795279000054], [131.02040944200007, 31.364562775000138], [131.0218794420001, 31.37653444100016], [131.03242749700007, 31.377795279000054]]], [[[131.21483221800008, 31.426562775000093], [131.21659360600006, 31.42676555900016], [131.21587028800002, 31.425065178000068], [131.21483221800008, 31.426562775000093]]], [[[131.21960306100004, 31.430398333000028], [131.2175293360002, 31.42807319100018], [131.21779610900012, 31.42989361300016], [131.21960306100004, 31.430398333000028]]], [[[131.1162313880003, 31.43403472100016], [131.11951166000028, 31.426155279000113], [131.11450333300002, 31.42847194600006], [131.1162313880003, 31.43403472100016]]], [[[131.37953285100014, 31.45476590100003], [131.37279722400012, 31.45053694600017], [131.37867722400006, 31.45660722500014], [131.37953285100014, 31.45476590100003]]], [[[131.1679159360001, 31.454086147000112], [131.1696292360001, 31.45300594000014], [131.1683602160001, 31.452339604000088], [131.1679159360001, 31.454086147000112]]], [[[131.07509408600026, 31.452691333000132], [131.07347717900018, 31.45468677100007], [131.0758672500001, 31.45334986500012], [131.07509408600026, 31.452691333000132]]], [[[131.38537807800014, 31.454931881000107], [131.38697295400016, 31.45311528500008], [131.38527173500017, 31.45156534700004], [131.38537807800014, 31.454931881000107]]], [[[131.11262234800017, 31.47301539199998], [131.11105250300022, 31.46901774800017], [131.10880250300022, 31.465711748], [131.11262234800017, 31.47301539199998]]], [[[131.3875610250002, 31.476679203000174], [131.39250083000024, 31.474231667000026], [131.39221944200006, 31.473166946000106], [131.3875610250002, 31.476679203000174]]], [[[131.38806888500028, 31.50266166700004], [131.39020088300015, 31.50156456700006], [131.38886357100012, 31.501089919000037], [131.38806888500028, 31.50266166700004]]], [[[131.38419802900012, 31.51506455900011], [131.3862060050002, 31.515331225000125], [131.38519985300002, 31.51403081400008], [131.38419802900012, 31.51506455900011]]], [[[131.38673121900013, 31.524242865000133], [131.38530281600015, 31.524305745000163], [131.3857300520001, 31.525292946000036], [131.38673121900013, 31.524242865000133]]], [[[131.40373110600024, 31.52766398700004], [131.41467360600006, 31.540938613000037], [131.4173280540001, 31.511510279000163], [131.40373110600024, 31.52766398700004]]], [[[130.69453111500013, 31.52857500000016], [130.69607583700008, 31.53170305400016], [130.69657027200003, 31.529822775000127], [130.69453111500013, 31.52857500000016]]], [[[130.55766620000009, 31.53724949499997], [130.55024377400002, 31.536407802000042], [130.54939180300016, 31.539454973000034], [130.55766620000009, 31.53724949499997]]], [[[130.61408094700005, 31.54355997300007], [130.61545823600022, 31.54214231500015], [130.61466063600017, 31.541478], [130.61408094700005, 31.54355997300007]]], [[[130.5924050320001, 31.568234108000127], [130.59210374800034, 31.56675158600018], [130.59107778200018, 31.566080946000113], [130.5924050320001, 31.568234108000127]]], [[[130.59219297000027, 31.568932802000177], [130.5904964460001, 31.566619802000105], [130.5893479120001, 31.566875252000102], [130.59219297000027, 31.568932802000177]]], [[[130.56742980500007, 31.59758905400014], [130.56350654400012, 31.593885122000074], [130.56423749700014, 31.59676536], [130.56742980500007, 31.59758905400014]]], [[[130.72496377400012, 31.61919525200011], [130.7206093640002, 31.619143135000172], [130.72390741900017, 31.621022495000034], [130.72496377400012, 31.61919525200011]]], [[[130.71260204900022, 31.70202638700016], [130.71454313900006, 31.699331919000144], [130.7118166150002, 31.70059591900008], [130.71260204900022, 31.70202638700016]]], [[[130.72353924800018, 31.710312829000088], [130.71879522100016, 31.705576541000084], [130.7190100260001, 31.71070197300014], [130.72353924800018, 31.710312829000088]]], [[[130.6686433850001, 31.729202559000043], [130.66657772400004, 31.729160140000147], [130.6673979190001, 31.729818221000187], [130.6686433850001, 31.729202559000043]]], [[[131.47235295700023, 31.740330721000078], [131.4706427760002, 31.73762382000001], [131.4696600630001, 31.739537314000074], [131.47235295700023, 31.740330721000078]]], [[[131.47684920900008, 31.806066072000135], [131.47689610900022, 31.804251387000136], [131.47305138800016, 31.80344], [131.47684920900008, 31.806066072000135]]], [[[131.62288985700002, 32.32370066700008], [131.62383652400013, 32.32580772100016], [131.62474975400016, 32.323884135000185], [131.62288985700002, 32.32370066700008]]], [[[130.48016271100016, 32.349909703000094], [130.4806340990001, 32.34834831500018], [130.47819076500002, 32.34800442300019], [130.48016271100016, 32.349909703000094]]], [[[131.67688526600034, 32.416467518000104], [131.67767961800018, 32.41759173700012], [131.6787345270002, 32.416791], [131.67688526600034, 32.416467518000104]]], [[[131.73159389100022, 32.46647194600018], [131.73031389100015, 32.46332166700006], [131.72937719200002, 32.4652376790001], [131.73159389100022, 32.46647194600018]]], [[[131.66949743400016, 32.47038608700012], [131.66606966200004, 32.46490807500004], [131.66720286600003, 32.469916054000066], [131.66949743400016, 32.47038608700012]]], [[[131.7024008950001, 32.47345625200006], [131.70352525800013, 32.475004423000144], [131.7052664460001, 32.47437627900007], [131.7024008950001, 32.47345625200006]]], [[[131.70047680900007, 32.51585977500014], [131.72874878100015, 32.492106], [131.65667355400012, 32.47938374800003], [131.45964824900022, 31.916017], [131.34906138800034, 31.366164721000132], [131.25314821900008, 31.381054462000122], [131.20658391700022, 31.452810919000115], [131.10867888500024, 31.47629446800005], [131.08610844400016, 31.447764414000062], [131.0781595850002, 31.458217414000046], [131.0564052530002, 31.44305108100008], [131.0409628660001, 31.426499802000137], [131.01477137500012, 31.360755307000034], [131.1296313030001, 31.276693271000056], [130.660519442, 30.994269721000023], [130.80351898800006, 31.332731622000097], [130.69831316500006, 31.55569925200018], [130.68000686100015, 31.544057333000183], [130.63832535700033, 31.545387694], [130.59107666700004, 31.58888704499998], [130.76695527900017, 31.563558613000055], [130.7965860310003, 31.70084886500007], [130.68964671900017, 31.734690000000114], [130.66026313900022, 31.728566252000064], [130.6364521920002, 31.7115293600001], [130.62776403400005, 31.713797667000108], [130.61884622600007, 31.65672872100015], [130.56280771700017, 31.597168721000116], [130.52140649800003, 31.509274252000182], [130.5314384180001, 31.484255532000077], [130.5145849160001, 31.49415549500003], [130.6677058370002, 31.267309162000117], [130.58698041800028, 31.155017640000153], [130.45953805400006, 31.25127416200013], [130.2879209470002, 31.26960553200007], [130.21611698900017, 31.24817634300007], [130.22355306100008, 31.31090527900011], [130.17311675700012, 31.32391866300003], [130.20969972800003, 31.347527775000174], [130.10658832700017, 31.412903892000145], [130.22456939000006, 31.39923338700015], [130.27149805400018, 31.426814162000028], [130.33499861200016, 31.57904805400011], [130.3321, 31.61529861300005], [130.32426871600012, 31.6434890540001], [130.32055470800003, 31.64456014400008], [130.32118745800017, 31.649426189000053], [130.32048327500002, 31.651191271000073], [130.3192491440002, 31.653142198000126], [130.31801084300014, 31.65236389200004], [130.31834546000016, 31.654709351], [130.31492050600013, 31.656333153000105], [130.31560621300014, 31.65859449500016], [130.16613527900017, 31.79441130600003], [130.22423988300022, 31.910720414000025], [130.20364150500018, 31.983041919000016], [130.17313749700008, 31.991907613000137], [130.20766968900023, 32.05843361300009], [130.1754077820001, 32.10459527900019], [130.2272372240002, 32.12884638700018], [130.3095121660001, 32.10811736000005], [130.34250044100008, 32.12703494600015], [130.49093400800007, 32.29917689200005], [130.66134543500004, 32.63223058600005], [130.65165123200006, 32.642624802000114], [130.59382740600017, 32.62230680200014], [130.5437452010001, 32.62497618000003], [130.51904765200004, 32.61317464000007], [130.50978675700003, 32.61135349500006], [130.50541229600003, 32.613312099000154], [130.5030886640002, 32.614256261000094], [130.48617878100004, 32.61269518000017], [130.4669741890001, 32.60464224300006], [130.45103518800022, 32.62408068500014], [130.46210172500002, 32.63449936900008], [130.4994740730001, 32.65399959500007], [130.53792665400022, 32.66500164900003], [130.56779562900022, 32.69922189199997], [130.6070464200002, 32.71298731500019], [130.59771025900034, 32.77645862200012], [130.61254420200032, 32.79794273000016], [129.56946104300016, 33.377762604000054], [129.8509422440003, 33.28978555900005], [129.86895166000022, 33.407714721], [129.78297180300012, 33.45126831500016], [129.80644904900032, 33.4858531320001], [129.84461277600008, 33.44413944100006], [129.85895749700012, 33.45408305400008], [129.8317838910001, 33.47485805400004], [129.8457707650001, 33.55628388500014], [129.93022900100016, 33.55099258600012], [129.94249411200008, 33.474556613], [129.96615572000007, 33.48246486500011], [129.96183221800015, 33.45835333300016], [130.03498438400004, 33.45110289200005], [130.40203255500012, 33.605036387000155], [130.43444946800014, 33.662162054000135], [130.42916905300012, 33.68779202700006], [130.36029566800016, 33.643869162000044], [130.31809101200008, 33.66092927000011], [130.45564089500033, 33.733114], [130.4439596300001, 33.81518660400013], [130.47037306100003, 33.81524882900004], [130.4775139950002, 33.85785538700014], [130.51800703000015, 33.860571640000046], [130.52914321700007, 33.87600191000013], [130.52979878100007, 33.883474], [130.52447507800025, 33.88987400000019], [130.89154700400013, 33.887641694000024], [130.9330851620001, 33.90910538700007], [130.96300756200003, 33.962196667000114], [131.00833105100014, 33.96741577500006], [130.95669189400007, 33.829614162000155], [131.10007741900017, 33.618090054000106], [131.12884994800004, 33.63134406300014], [131.25775428600002, 33.61263113300009], [131.4269109730003, 33.56747047700003], [131.66590115500003, 33.66843235400006], [131.51262323000014, 33.267487955000036], [131.58926953300022, 33.24564991900007], [131.691914773, 33.2794277750001], [131.71279661500012, 33.25981089200019], [131.71852839200017, 33.26647194600008], [131.73470630400004, 33.250964], [131.74421133600015, 33.252955414000155], [131.7467712450001, 33.24383589200016], [131.75134664100028, 33.24150041400003], [131.75943924800026, 33.24022746800006], [131.90276965300006, 33.26775373700019], [131.8691699640001, 33.20146632700005], [131.83280797700002, 33.18108749500004], [131.79836736700008, 33.12715430600002], [131.9013336060002, 33.13453916200018], [131.852548027, 33.08871202200004], [131.9126174710001, 33.06651774800008], [131.9746158370001, 33.06248877500008], [132.00120333300015, 33.096428667], [132.01449596600014, 33.05715030600004], [131.92973070000005, 33.05259725200011], [131.88980841800014, 32.99255119800017], [131.89545630400005, 32.98123808100013], [132.00344693900013, 32.93236749500011], [132.0333347210002, 32.95404138700019], [132.08202289200017, 32.94328353200012], [132.01012303400012, 32.9057178330001], [131.9768136060003, 32.922692], [132.00797444900013, 32.82663138700019], [131.87418716600007, 32.78956884700017], [131.85726027200008, 32.6957688920001], [131.81684096000026, 32.70283940500008], [131.7505986120001, 32.64533027900006], [131.70047680900007, 32.51585977500014]], [[130.67591933900007, 31.55395580200019], [130.67409435800005, 31.552140198000075], [130.6757220940001, 31.55150005400003], [130.67591933900007, 31.55395580200019]], [[130.47823151800014, 32.63978789200007], [130.47815243800017, 32.640905729999986], [130.4770190050001, 32.64040019700019], [130.47823151800014, 32.63978789200007]], [[130.60657359300023, 32.744218486000136], [130.60813259400004, 32.74504932400015], [130.6055029910001, 32.74528950500019], [130.60657359300023, 32.744218486000136]], [[129.83668360000001, 33.44766853300018], [129.83778805400016, 33.44787861300017], [129.83651640900018, 33.449195223], [129.83668360000001, 33.44766853300018]], [[129.83500027200023, 33.44230194600016], [129.8379177820002, 33.44526138700013], [129.83668360000001, 33.44766853300018], [129.83500027200023, 33.44230194600016]], [[130.41494147900028, 33.620819081000036], [130.41376058400022, 33.62116830600007], [130.41316289300005, 33.61864456800015], [130.41494147900028, 33.620819081000036]], [[131.03436783400014, 33.703901586000086], [131.0335486900001, 33.7030634410001], [131.0351973930001, 33.70272526600013], [131.03436783400014, 33.703901586000086]], [[131.13982111500002, 33.62470709000013], [131.14239132300008, 33.625196108000125], [131.14058718600006, 33.626012973000115], [131.13982111500002, 33.62470709000013]], [[131.3723278340002, 33.575651027000106], [131.3732968610002, 33.57678553200009], [131.37188092700012, 33.577043401000026], [131.3723278340002, 33.575651027000106]], [[131.49608837900007, 33.32637991900009], [131.49725783400015, 33.32542493700009], [131.4974741640001, 33.32720403200011], [131.49608837900007, 33.32637991900009]], [[131.82758238000008, 33.12137709500013], [131.82769199700022, 33.12265610800017], [131.82522176400005, 33.122469307000074], [131.82758238000008, 33.12137709500013]], [[132.06714188800004, 32.946156527000085], [132.06704319100015, 32.94487464000014], [132.0681972240002, 32.94542527900012], [132.06714188800004, 32.946156527000085]], [[131.9943294420001, 32.920160559000124], [131.99351747100013, 32.92193519800014], [131.99304110900016, 32.919828126000084], [131.9943294420001, 32.920160559000124]], [[131.69173061000015, 32.51099310800009], [131.6913909990002, 32.51229369400005], [131.6899078800003, 32.511357360000034], [131.69173061000015, 32.51099310800009]], [[130.5715354470002, 32.432231721000164], [130.57268123200004, 32.434875865000095], [130.57096887700004, 32.43354584000008], [130.5715354470002, 32.432231721000164]]], [[[130.5006716600002, 32.48429064900006], [130.49691696500008, 32.489436216000115], [130.5019845390002, 32.48903026900018], [130.5006716600002, 32.48429064900006]]], [[[130.50832722400003, 32.49133121600005], [130.5104469390002, 32.49069427000006], [130.5072902720002, 32.489544270000124], [130.50832722400003, 32.49133121600005]]], [[[131.7128929180002, 32.51637927900015], [131.71132423500012, 32.5160361400001], [131.71433455300019, 32.519818252], [131.7128929180002, 32.51637927900015]]], [[[130.52634079100017, 32.534407099000134], [130.5263741120002, 32.53247376600012], [130.52518385200005, 32.53415349500011], [130.52634079100017, 32.534407099000134]]], [[[130.47285334600008, 32.58776247700018], [130.4873915820001, 32.57045540500013], [130.46385572000008, 32.539384631000075], [130.46267730200032, 32.58026955900016], [130.46772749700028, 32.580564577000075], [130.46621039600006, 32.58378228700019], [130.46911783400014, 32.58702838700003], [130.47127696500002, 32.58493753200014], [130.47285334600008, 32.58776247700018]], [[130.4687900130001, 32.58378946800019], [130.46984910500032, 32.585295748000135], [130.46827445500003, 32.585882969000124], [130.4687900130001, 32.58378946800019]]], [[[130.49212413700002, 32.57620245000004], [130.47352861200022, 32.60390187400003], [130.51097201000016, 32.605463225000165], [130.49212413700002, 32.57620245000004]]], [[[130.50414727600003, 32.61118987400016], [130.50541229600003, 32.613312099000154], [130.5064775750002, 32.61253737800007], [130.50414727600003, 32.61118987400016]]], [[[131.7619458370001, 32.612214441000106], [131.7633534280003, 32.61326972000012], [131.76315322900018, 32.61188934000012], [131.7619458370001, 32.612214441000106]]], [[[131.82551016900004, 32.65480577699998], [131.8183980540001, 32.67424889200015], [131.83697287100006, 32.66559296100007], [131.82551016900004, 32.65480577699998]]], [[[131.80640547300004, 32.68420325200009], [131.80754861200023, 32.684100829000045], [131.808681115, 32.68342169400006], [131.80640547300004, 32.68420325200009]]], [[[130.56254897500003, 32.695905847000176], [130.56309677000002, 32.69479764900012], [130.56103134200032, 32.69460182400019], [130.56254897500003, 32.695905847000176]]], [[[130.59474678300012, 32.75867982000011], [130.59410144000026, 32.75913700900003], [130.59446265900021, 32.76137822499999], [130.59474678300012, 32.75867982000011]]], [[[130.57304442300017, 32.76280976600003], [130.5929759270001, 32.768674631000124], [130.59347627800003, 32.76383735100006], [130.57304442300017, 32.76280976600003]]], [[[131.60005260700018, 33.25136886500002], [131.59848544800002, 33.252409667000165], [131.59710703000007, 33.25438369400018], [131.60005260700018, 33.25136886500002]]], [[[131.63660805400002, 33.40877749500004], [131.63789508500008, 33.407990428000176], [131.6370174970001, 33.40722833300009], [131.63660805400002, 33.40877749500004]]], [[[131.73227197100016, 33.5013559460001], [131.7306524710001, 33.501965081000094], [131.73165830100004, 33.50265091900019], [131.73227197100016, 33.5013559460001]]], [[[131.0265587340001, 33.72795830300004], [131.02792070700002, 33.72840409900016], [131.0297355250001, 33.72765710800007], [131.0265587340001, 33.72795830300004]]], [[[131.7015640860002, 33.730202802000065], [131.63103810600035, 33.718585387000076], [131.667278054, 33.740133054000125], [131.68384547300025, 33.73813636000011], [131.7015640860002, 33.730202802000065]], [[131.6810301170002, 33.73754530600007], [131.6820232370003, 33.73625296000006], [131.68332086900023, 33.73752311800018], [131.6810301170002, 33.73754530600007]]], [[[131.00984817100004, 33.79299261300008], [131.00753169300003, 33.78993191900014], [131.00592610900026, 33.78983894600003], [131.00984817100004, 33.79299261300008]]], [[[130.96972917000016, 33.82883380200008], [130.97727007800006, 33.83009149500009], [130.97708739300015, 33.82766333300009], [130.96972917000016, 33.82883380200008]]], [[[131.04186075200016, 33.82125558600006], [131.02483861500014, 33.856866909000075], [131.0343299220002, 33.858030333000045], [131.04186075200016, 33.82125558600006]]], [[[130.52756246400008, 33.881893180000134], [130.52745058400023, 33.88015635100004], [130.52626376800015, 33.87643253600004], [130.52756246400008, 33.881893180000134]]], [[[130.65830674400013, 33.901292495], [130.65905408600008, 33.90122010800019], [130.64891958500027, 33.898608225000146], [130.65830674400013, 33.901292495]]], [[[130.50970269800007, 33.89442082900007], [130.4952619710001, 33.89819802700015], [130.48584694300007, 33.911422910000056], [130.50970269800007, 33.89442082900007]]], [[[131.24647280200008, 33.922622892], [131.242068366, 33.91976761300009], [131.24353858100005, 33.92335636400014], [131.24647280200008, 33.922622892]]], [[[130.81575262500007, 33.92948446400004], [130.82073878100016, 33.926770892000036], [130.81865922200006, 33.92566910800019], [130.81575262500007, 33.92948446400004]]], [[[130.90493992200004, 33.952447667000115], [130.9168428920002, 33.95168927900005], [130.91287280200004, 33.94271880200006], [130.914685447, 33.938342748000025], [130.92468230900022, 33.936858], [130.92111907900005, 33.91280666700004], [130.90493992200004, 33.952447667000115]]], [[[130.92859391700006, 33.93347422500017], [130.9318489110001, 33.93428133300017], [130.93055930000003, 33.93074169400012], [130.92859391700006, 33.93347422500017]]], [[[130.73010427300005, 33.93409561900006], [130.73136481200004, 33.93380189200019], [130.73208330700004, 33.93292897300017], [130.73010427300005, 33.93409561900006]]], [[[130.77743308700008, 33.94047538700016], [130.83229163400006, 33.9498436130001], [130.84506698000018, 33.93918129600013], [130.77743308700008, 33.94047538700016]]], [[[131.6885019460002, 33.942469162], [131.70115499400026, 33.938804162], [131.6950463940002, 33.93492444100008], [131.6885019460002, 33.942469162]]], [[[130.76972258100022, 33.94899700000013], [130.76872908400014, 33.94731130800011], [130.7681676650003, 33.94864372100011], [130.76972258100022, 33.94899700000013]]], [[[130.87278810600003, 33.94988561300005], [130.87916944200003, 33.951406559000134], [130.8758183010002, 33.947315667], [130.87278810600003, 33.94988561300005]]], [[[131.697455837, 33.95339305400006], [131.6988795850002, 33.95571916700004], [131.69855583700007, 33.95063], [131.697455837, 33.95339305400006]]], [[[131.70153, 33.95918166700005], [131.6988795850002, 33.95571916700004], [131.6974200000003, 33.9572736130001], [131.70153, 33.95918166700005]]], [[[131.80078418900018, 33.96297044100015], [131.8011391760001, 33.95811038400012], [131.79903586600005, 33.95797215700014], [131.80078418900018, 33.96297044100015]]], [[[130.85714583700008, 33.960719441000094], [130.85585444900005, 33.96311305400013], [130.8577666670003, 33.962558613], [130.85714583700008, 33.960719441000094]]], [[[131.5083761090002, 33.96653638700013], [131.51196527900015, 33.96778249500005], [131.51070092500004, 33.96601885100017], [131.5083761090002, 33.96653638700013]]], [[[130.84502277600006, 33.96900361300004], [130.84612778200005, 33.969020279000176], [130.84691221600008, 33.96795855000016], [130.84502277600006, 33.96900361300004]]], [[[130.84792583700005, 33.970103892], [130.8541605580001, 33.96847194600019], [130.8616588850001, 33.96606944100006], [130.84792583700005, 33.970103892]]], [[[131.42426022700022, 33.97036132400018], [131.42099965700004, 33.967582777000075], [131.42153138800006, 33.97093000000018], [131.42426022700022, 33.97036132400018]]], [[[130.86617111500004, 33.97013722500003], [130.86609166000017, 33.98096222500004], [130.86857972800033, 33.9781238920001], [130.86617111500004, 33.97013722500003]]], [[[131.76284157700013, 33.97465269200018], [131.759061115, 33.98285602700008], [131.76989521400014, 33.98043204500004], [131.76284157700013, 33.97465269200018]]], [[[131.73809, 33.980813333000185], [131.7328769390001, 33.981237775000125], [131.73643666700013, 33.98206222500011], [131.73809, 33.980813333000185]]], [[[130.905394773, 33.990336613000125], [130.88971585700006, 33.98820894000005], [130.89447630400002, 33.993733946000134], [130.905394773, 33.990336613000125]]], [[[130.80963722400008, 33.998714441000175], [130.82148747100007, 33.99208716200013], [130.8221052790002, 33.984671946000105], [130.80963722400008, 33.998714441000175]]], [[[131.00790277600015, 33.99451861300014], [131.00953138800003, 33.99452082900012], [131.0086477760001, 33.9935880540001], [131.00790277600015, 33.99451861300014]]], [[[130.71747778200006, 34.00055416200007], [130.71271846700006, 34.00476010400007], [130.71798440600014, 34.00223908600003], [130.71747778200006, 34.00055416200007]]], [[[131.59158256800004, 33.999365927999975], [131.5680074710001, 34.01271464900003], [131.60146172500004, 34.01489612600011], [131.59158256800004, 33.999365927999975]]], [[[131.69159146000015, 34.007878659000085], [131.70914749700012, 34.03517666700009], [131.7326777820001, 33.982294441000136], [131.69159146000015, 34.007878659000085]]], [[[130.72877374300015, 34.00869052100012], [130.7218891330001, 34.017417960000046], [130.73163541500026, 34.016293887000074], [130.72877374300015, 34.00869052100012]]], [[[131.7230872240002, 34.01807638700012], [131.7254311150001, 34.01588166700003], [131.72419972800003, 34.01556055900011], [131.7230872240002, 34.01807638700012]]], [[[131.79712861200017, 34.02053416200016], [131.79400306100024, 34.022694162000164], [131.79797360600003, 34.02416472100009], [131.79712861200017, 34.02053416200016]]], [[[131.7185266670001, 34.032702775000075], [131.72083610900006, 34.03288833300013], [131.72045965300015, 34.03188757000004], [131.7185266670001, 34.032702775000075]]], [[[131.7547583270001, 34.02857138700017], [131.72907610900006, 34.035420559000045], [131.78049632100021, 34.04855706000012], [131.7547583270001, 34.02857138700017]]], [[[130.8704311150001, 34.086356973000136], [130.87127237900006, 34.08721636500019], [130.87238083700015, 34.08445038800005], [130.8704311150001, 34.086356973000136]]], [[[130.7958013880001, 34.10469222500018], [130.78295733900006, 34.09749494800019], [130.77662861200008, 34.11534805400015], [130.7958013880001, 34.10469222500018]]], [[[130.90040055800011, 34.17647749500014], [130.90478666700005, 34.17040416200007], [130.89872194600014, 34.17002694600012], [130.90040055800011, 34.17647749500014]]], [[[130.89744832700035, 34.179171667000105], [130.90182583700016, 34.180179721], [130.896975837, 34.17671110800018], [130.89744832700035, 34.179171667000105]]], [[[130.8858446170002, 34.35074191900014], [130.886981751, 34.35182694600013], [130.88717542200004, 34.35054886500018], [130.8858446170002, 34.35074191900014]]], [[[130.847342335, 34.34096264000004], [130.86732936400006, 34.37370633300003], [130.88040963700007, 34.363984], [130.847342335, 34.34096264000004]]], [[[130.96409358000017, 34.35957682900016], [130.96691795100003, 34.35954669400007], [130.96616596600006, 34.358226586000114], [130.96409358000017, 34.35957682900016]]], [[[131.00506937800003, 34.37653830600016], [131.00534319100018, 34.37770416200016], [131.00672083000006, 34.3764466130001], [131.00506937800003, 34.37653830600016]]], [[[131.0103216340001, 34.392075946000034], [131.01008930000023, 34.391077135000046], [131.00886177700033, 34.389903441000115], [131.0103216340001, 34.392075946000034]]], [[[131.2538303890002, 34.391525135], [131.2530269130001, 34.3931792250001], [131.2578274970001, 34.39338874800012], [131.2538303890002, 34.391525135]]], [[[131.20239710500005, 34.39625325700007], [131.20456351500002, 34.393487685000025], [131.20238346300016, 34.39322200000015], [131.20239710500005, 34.39625325700007]]], [[[131.2758112450001, 34.40689053200009], [131.27560166000023, 34.41030849500004], [131.2775678920002, 34.40774354100006], [131.2758112450001, 34.40689053200009]]], [[[131.27346533100012, 34.41422719800016], [131.2667515300002, 34.41057300000017], [131.26601919600034, 34.41782794599999], [131.27346533100012, 34.41422719800016]]], [[[131.2613010890003, 34.429926640000076], [131.18868555100005, 34.39864389200005], [131.16820924800004, 34.42703710800009], [131.2613010890003, 34.429926640000076]]], [[[131.1963457300002, 34.429518174000066], [131.19570242600003, 34.428358554], [131.1942494420001, 34.42838049500017], [131.1963457300002, 34.429518174000066]]], [[[131.31909623900003, 34.432979944000124], [131.32032819700032, 34.42629364000004], [131.31651688700015, 34.427565919000074], [131.31909623900003, 34.432979944000124]]], [[[131.16664282700003, 34.42892202700017], [131.16792983200003, 34.43112951400013], [131.16847594700005, 34.428536473000065], [131.16664282700003, 34.42892202700017]]], [[[131.23397910500012, 34.43637472100005], [131.23531394300005, 34.43669910800003], [131.234940337, 34.43565243700016], [131.23397910500012, 34.43637472100005]]], [[[131.37609250600008, 34.466860557000075], [131.37695399500012, 34.46174616200011], [131.3736758880002, 34.46425930600003], [131.37609250600008, 34.466860557000075]]], [[[131.3794542280001, 34.482070468000074], [131.37891061000005, 34.487312441000086], [131.38170953300005, 34.487473054000134], [131.3794542280001, 34.482070468000074]]], [[[131.45598766500007, 34.497887279000054], [131.45756477300017, 34.49782130600016], [131.45782027200005, 34.49683633300009], [131.45598766500007, 34.497887279000054]]], [[[131.3421174240001, 34.49775843500004], [131.34631658900003, 34.50207146800011], [131.34607897500007, 34.49941600000011], [131.3421174240001, 34.49775843500004]]], [[[131.40390136200028, 34.50752094600017], [131.41899783400004, 34.49410161300017], [131.40756900100007, 34.48927627900002], [131.40390136200028, 34.50752094600017]]], [[[131.27771527900006, 34.49706182900013], [131.27730579900015, 34.51809578900003], [131.29319361900002, 34.51200334200013], [131.27771527900006, 34.49706182900013]]], [[[131.45099463700012, 34.51444122100014], [131.4504970470001, 34.512726170000064], [131.44845002600016, 34.51449289200008], [131.45099463700012, 34.51444122100014]]], [[[131.3838180030001, 34.52117691900003], [131.39113572000008, 34.514337441000066], [131.38679786000023, 34.512222775000055], [131.3838180030001, 34.52117691900003]]], [[[131.51799306100008, 34.56423416200005], [131.51658707500007, 34.564714050000134], [131.5178741200001, 34.56589886500018], [131.51799306100008, 34.56423416200005]]], [[[131.51342555100018, 34.566877225000155], [131.51658707500007, 34.564714050000134], [131.5126469390001, 34.56525416200003], [131.51342555100018, 34.566877225000155]]], [[[131.4772323090001, 34.57519936000011], [131.47998830100005, 34.57235633300013], [131.4779879770001, 34.572739135], [131.4772323090001, 34.57519936000011]]], [[[131.59824749700022, 34.628293892000045], [131.59852608300014, 34.63081497300004], [131.59987832700028, 34.6297105590001], [131.59824749700022, 34.628293892000045]]], [[[131.58256527900005, 34.629121108000106], [131.5799291860002, 34.63100023100009], [131.582430272, 34.63108], [131.58256527900005, 34.629121108000106]]], [[[131.60556416300005, 34.67351500000012], [131.6035988850001, 34.673035], [131.60578462600006, 34.67523134300012], [131.60556416300005, 34.67351500000012]]], [[[131.14912232100005, 34.78966844200011], [131.13658610900006, 34.75863138700004], [131.1304657620002, 34.79873437400005], [131.14912232100005, 34.78966844200011]]], [[[131.82382389100007, 32.654111387000114], [131.82308973400006, 32.65327580800016], [131.82140027200023, 32.654359441], [131.82382389100007, 32.654111387000114]]], [[[131.84136434200002, 32.68480331400019], [131.8452722180001, 32.68247472100012], [131.84745027200017, 32.68201305400004], [131.84418027200013, 32.68083], [131.84136434200002, 32.68480331400019]]], [[[131.8334302720001, 32.68392166700016], [131.83435610900005, 32.68458082900014], [131.8361611150002, 32.68382610800012], [131.8334302720001, 32.68392166700016]]], [[[131.84538857400014, 32.68988594400008], [131.84609791900004, 32.688921942000036], [131.84452458500016, 32.688610419000156], [131.84538857400014, 32.68988594400008]]], [[[131.86539055800006, 32.713615000000175], [131.8654278780001, 32.71572392200005], [131.8682211150002, 32.71303472100004], [131.86539055800006, 32.713615000000175]]], [[[131.93400005900003, 32.71774957200017], [131.9324669980001, 32.718032074000064], [131.93492616100013, 32.71897474800011], [131.93400005900003, 32.71774957200017]]], [[[131.93217667400006, 32.71900572599998], [131.9324669980001, 32.718032074000064], [131.93121027200004, 32.71796072100011], [131.93217667400006, 32.71900572599998]]], [[[131.93311146600013, 32.71992910200004], [131.92174907900016, 32.726932829000134], [131.92929780800011, 32.72674327900012], [131.93311146600013, 32.71992910200004]]], [[[131.92324574600025, 32.77527316200013], [131.9108338850001, 32.76894070999998], [131.9085676650002, 32.78084094600018], [131.92324574600025, 32.77527316200013]]], [[[132.0298145170001, 32.88057222800012], [132.03501778200007, 32.88087500000012], [132.03314306100015, 32.87864416200006], [132.0298145170001, 32.88057222800012]]], [[[132.02260749700008, 32.88813527900015], [132.02550832700013, 32.88895416200012], [132.02478664300008, 32.887390734000064], [132.02260749700008, 32.88813527900015]]], [[[132.04639610900017, 32.91525749500016], [132.04679958500014, 32.917662496000105], [132.04962141900023, 32.91392057300004], [132.04639610900017, 32.91525749500016]]], [[[132.04594501700012, 32.920025711000164], [132.04679958500014, 32.917662496000105], [132.04477650800015, 32.919379818000095], [132.04594501700012, 32.920025711000164]]], [[[132.0455808270002, 32.92257824700016], [132.04704889000004, 32.923132696000096], [132.04594501700012, 32.920025711000164], [132.0455808270002, 32.92257824700016]]], [[[132.42725722400007, 32.92846], [132.42711027200016, 32.927209162000054], [132.42500610900004, 32.927626108000084], [132.42725722400007, 32.92846]]], [[[132.43012944200007, 32.93113889200015], [132.4325574970003, 32.92925722500013], [132.43036, 32.92901222500012], [132.43012944200007, 32.93113889200015]]], [[[132.40838027200016, 32.934761387000094], [132.41179722400022, 32.934857495000074], [132.4090783270001, 32.933874162000166], [132.40838027200016, 32.934761387000094]]], [[[132.4032963940001, 32.94391110800018], [132.40695416300002, 32.934921946000145], [132.40334541500022, 32.933606388000044], [132.4032963940001, 32.94391110800018]]], [[[132.4551414440001, 32.952444064000076], [132.44919955900002, 32.94380533300006], [132.43562444300005, 32.939582261], [132.4551414440001, 32.952444064000076]]], [[[132.08091805400022, 32.96014305400013], [132.06028138800002, 32.964017225000134], [132.07509691300004, 32.976441671000146], [132.08091805400022, 32.96014305400013]]], [[[131.95806306100008, 32.964832775000104], [131.95334322300016, 32.971189799000115], [131.95886416300027, 32.97083082900008], [131.95806306100008, 32.964832775000104]]], [[[132.07597444900034, 32.97733833300009], [132.07509691300004, 32.976441671000146], [132.07469945200012, 32.97761874000008], [132.07597444900034, 32.97733833300009]]], [[[132.07295555100018, 32.98073444100004], [132.07507277600007, 32.979303892000075], [132.07058583700018, 32.97991610800011], [132.07295555100018, 32.98073444100004]]], [[[132.06609491900008, 32.98415339200005], [132.06982832000017, 32.984514537000166], [132.0689388850002, 32.98326889200007], [132.06609491900008, 32.98415339200005]]], [[[131.9550879830001, 32.99597805500008], [131.95666924600016, 32.99344314000007], [131.95527592500002, 32.993425817000116], [131.9550879830001, 32.99597805500008]]], [[[131.9450510820002, 32.99646630299998], [131.91965389100017, 33.012822225000036], [131.94363442300016, 33.01616357000006], [131.9450510820002, 32.99646630299998]]], [[[131.91205016900005, 33.014968865000014], [131.91257527900018, 33.009729721000156], [131.91131194600018, 33.00655861300015], [131.9080763940001, 33.0123205590001], [131.91205016900005, 33.014968865000014]]], [[[132.38358038900014, 33.016525694000165], [132.38094786000022, 33.016813252000134], [132.38286662200017, 33.017731812000136], [132.38358038900014, 33.016525694000165]]], [[[131.9533368350002, 33.06950589200005], [131.95241569400025, 33.07075291900014], [131.95366224500015, 33.07060973400007], [131.9533368350002, 33.06950589200005]]], [[[131.89156243800016, 33.10338158600001], [131.8959228020003, 33.10165097300012], [131.89190927400023, 33.10085636000019], [131.89156243800016, 33.10338158600001]]], [[[132.35156702200015, 33.10421641700009], [132.35027741900012, 33.105166027000166], [132.35201637600005, 33.10516735599998], [132.35156702200015, 33.10421641700009]]], [[[132.3186482560003, 33.10177663500019], [132.3358983290002, 33.10898506300015], [132.33687190500007, 33.10577813000009], [132.3186482560003, 33.10177663500019]]], [[[132.00634199800015, 33.099651873000084], [132.00998191800022, 33.111229052000056], [132.0165643800002, 33.10683707100003], [132.00634199800015, 33.099651873000084]]], [[[132.41172335400017, 33.110440747000155], [132.41479343100025, 33.10232805800007], [132.40795525300007, 33.10553744100014], [132.41172335400017, 33.110440747000155]]], [[[131.8591672760001, 33.14361072100019], [131.85921124400022, 33.13890757200011], [131.85687944200015, 33.14026138700012], [131.8591672760001, 33.14361072100019]]], [[[132.3113006860001, 33.163160061000156], [132.315116697, 33.15090948900013], [132.2870101430001, 33.16045419800014], [132.3113006860001, 33.163160061000156]]], [[[132.33027671900015, 33.152737135000166], [132.3386733310001, 33.16149209800005], [132.34495408600014, 33.160043054000084], [132.33027671900015, 33.152737135000166]]], [[[131.97679906500002, 33.155298488000085], [131.97956727000008, 33.16125317000018], [131.980751305, 33.15980831100012], [131.97679906500002, 33.155298488000085]]], [[[132.3920783010002, 33.1644008290001], [132.39708719800012, 33.167582919000154], [132.39792294400002, 33.163839279], [132.3920783010002, 33.1644008290001]]], [[[131.98779682300017, 33.16471033600004], [131.9799477170002, 33.162498116000165], [131.99286459400003, 33.17128565100012], [131.98779682300017, 33.16471033600004]]], [[[132.26159702100006, 33.1841809660001], [132.29428577700014, 33.17989867200015], [132.29604979800013, 33.171522503000176], [132.26599287800013, 33.16855513500013], [132.26159702100006, 33.1841809660001]]], [[[131.83841416300027, 33.175244441000075], [131.83700782200003, 33.17845591800017], [131.83920675600007, 33.17747379400009], [131.83841416300027, 33.175244441000075]]], [[[132.40727742800004, 33.182815376000065], [132.39952215500023, 33.17971654900009], [132.39891688200032, 33.182164867000154], [132.40727742800004, 33.182815376000065]]], [[[132.37345625600028, 33.18578621300014], [132.36942510200004, 33.181494250000185], [132.36644607300002, 33.18589119000018], [132.37345625600028, 33.18578621300014]]], [[[132.26995323200003, 33.18735907400014], [132.27277558900005, 33.18662407500017], [132.2707300840002, 33.185946908000176], [132.26995323200003, 33.18735907400014]]], [[[132.26002201500012, 33.18913809300017], [132.26977777300021, 33.189209071000164], [132.26487455300003, 33.188230135000026], [132.26002201500012, 33.18913809300017]]], [[[132.35431066100023, 33.20380986500015], [132.375589622, 33.221297576000154], [132.3831676120002, 33.211990210000124], [132.36310076200004, 33.18775559200009], [132.35431066100023, 33.20380986500015]], [[132.36092594000002, 33.19863749500013], [132.35922102500012, 33.197334387000126], [132.36081376800018, 33.19715936100005], [132.36092594000002, 33.19863749500013]]], [[[132.39051238700029, 33.20910758600019], [132.3912250420002, 33.207996310000055], [132.38874189400008, 33.208328000000165], [132.39051238700029, 33.20910758600019]]], [[[132.36279913900023, 33.22374918200018], [132.36180083700003, 33.23209647600015], [132.36445727600017, 33.22376025199998], [132.36279913900023, 33.22374918200018]]], [[[131.89352816100018, 33.23936794400015], [131.89561615800017, 33.23588845400019], [131.88907128400012, 33.236862287000065], [131.89352816100018, 33.23936794400015]]], [[[131.95647216600003, 33.27929622500005], [131.94543243600015, 33.270794592000186], [131.9372153590001, 33.27782414400002], [131.95647216600003, 33.27929622500005]]], [[[131.95702879200007, 33.279349074000095], [131.95847204100016, 33.279404398000054], [131.95803814500016, 33.278318306000074], [131.95702879200007, 33.279349074000095]]], [[[132.37876791100007, 33.34309858300014], [132.37908622600003, 33.34571355900016], [132.3810646060001, 33.34567094300019], [132.37876791100007, 33.34309858300014]]], [[[132.4041425810001, 33.360781748000136], [132.40397058400015, 33.35909736000002], [132.40260622600022, 33.358809468], [132.4041425810001, 33.360781748000136]]], [[[132.3862373930001, 33.36945039200009], [132.38631622600008, 33.367762252000034], [132.3802039430002, 33.364848198000175], [132.3862373930001, 33.36945039200009]]], [[[132.35827939800004, 33.36858173500008], [132.35891194600003, 33.37917613500019], [132.36509944300008, 33.37633600500004], [132.35827939800004, 33.36858173500008]]], [[[132.33550342400008, 33.39126263100019], [132.34632700400005, 33.39520687400011], [132.3426236580002, 33.380626081000116], [132.33550342400008, 33.39126263100019]]], [[[132.33975406000013, 33.400551252000184], [132.33962517500004, 33.39915125200014], [132.33775396900012, 33.39835689200015], [132.33975406000013, 33.400551252000184]]], [[[132.36489966300007, 33.437645531999976], [132.35846696500005, 33.44003270300004], [132.37088869000013, 33.4393120630001], [132.36489966300007, 33.437645531999976]]], [[[132.34358573600002, 33.454011826000055], [132.3524375620001, 33.45823605400011], [132.35181563100002, 33.45460268800008], [132.34358573600002, 33.454011826000055]]], [[[132.15300693900008, 33.72745389200014], [132.14488666700004, 33.73053582900019], [132.14606569400019, 33.75425014000007], [132.15300693900008, 33.72745389200014]]], [[[132.03127693900012, 33.74019416200019], [132.03002639400006, 33.73619110800013], [132.0232016670002, 33.73530874800008], [132.03127693900012, 33.74019416200019]]], [[[132.15044000000012, 33.758881667000026], [132.14606569400019, 33.75425014000007], [132.15183306100016, 33.76379166700019], [132.15044000000012, 33.758881667000026]]], [[[132.25620872800005, 33.76648775000007], [132.25772153100024, 33.768367081000065], [132.25808527900017, 33.76703944100012], [132.25620872800005, 33.76648775000007]]], [[[132.05491888500012, 33.77543361300013], [132.04725639400021, 33.77530416200017], [132.05266742900017, 33.77967381800005], [132.05491888500012, 33.77543361300013]]], [[[132.39254944200002, 33.780855279000036], [132.38820944200006, 33.77989249500013], [132.3873500000002, 33.78239277500006], [132.39254944200002, 33.780855279000036]]], [[[131.9439476910003, 33.781988], [131.94545050800002, 33.78087682800009], [131.94433607400003, 33.78043726400017], [131.9439476910003, 33.781988]]], [[[131.95149583700004, 33.77133527900014], [131.97389061, 33.79777297300018], [131.99322118700013, 33.779593523000074], [131.95149583700004, 33.77133527900014]]], [[[132.02840111500018, 33.786345279000045], [132.0253066670001, 33.78449777500015], [132.02236693900022, 33.78442472100011], [132.02840111500018, 33.786345279000045]]], [[[131.9317183270001, 33.78857555900004], [131.93936306100022, 33.792224441000144], [131.94021610900006, 33.78885361300013], [131.9317183270001, 33.78857555900004]]], [[[132.27395832700006, 33.781383613], [132.21532693900008, 33.78108972100006], [132.1722033330002, 33.803866108000136], [132.27395832700006, 33.781383613]]], [[[132.39187389100016, 33.807905000000176], [132.39768083, 33.80238749500006], [132.39389416300014, 33.801970279000045], [132.39187389100016, 33.807905000000176]]], [[[132.255424994, 33.807612225000184], [132.24937250300013, 33.81416833300017], [132.25894277600014, 33.81649152700015], [132.255424994, 33.807612225000184]]], [[[132.12015472100006, 33.81696916200019], [132.11928832700005, 33.823756108000055], [132.1181016600001, 33.811083613000164], [132.12015472100006, 33.81696916200019]]], [[[132.07098805400017, 33.857648891999986], [132.04991917000007, 33.7845888920001], [132.02805832700005, 33.79343110800005], [132.07098805400017, 33.857648891999986]]], [[[132.03909083000008, 33.825855559000104], [132.0403211150002, 33.826466667000034], [132.04099555100004, 33.82570944100007], [132.03909083000008, 33.825855559000104]]], [[[132.1122519710001, 33.832094027000096], [132.11111990300003, 33.832551834000185], [132.11137042200005, 33.83365351400005], [132.1122519710001, 33.832094027000096]]], [[[132.1814877820002, 33.84444766700011], [132.1851160570003, 33.848568054000054], [132.18577610900002, 33.84612797300002], [132.1814877820002, 33.84444766700011]]], [[[132.19890124500012, 33.850289279000094], [132.20247975400002, 33.847050919000026], [132.19907927400004, 33.847387748000074], [132.19890124500012, 33.850289279000094]]], [[[132.35397506800007, 33.85415770700007], [132.3718966670001, 33.8528950000001], [132.3728413880002, 33.848243613000136], [132.35397506800007, 33.85415770700007]]], [[[132.01715194600013, 33.87139146800018], [132.02380777300004, 33.851692373], [131.9970412790002, 33.85911746599999], [132.01715194600013, 33.87139146800018]]], [[[132.35801783400007, 33.86407322500014], [132.3600032820001, 33.863223288000086], [132.35971936400006, 33.86229308100013], [132.35801783400007, 33.86407322500014]]], [[[132.3083233330002, 33.86461389200002], [132.3134027760001, 33.86228749500003], [132.30988583700014, 33.86263638700012], [132.3083233330002, 33.86461389200002]]], [[[131.98574914400012, 33.86950472100017], [131.981892334, 33.86885820200001], [131.98380172500003, 33.87105753200012], [131.98574914400012, 33.86950472100017]]], [[[132.0617236060001, 33.86675327900002], [132.0660308560001, 33.883429198000044], [132.07040885900028, 33.87062066700008], [132.0617236060001, 33.86675327900002]]], [[[132.05417674400007, 33.888447], [132.05891158200018, 33.887420586000076], [132.05716496800005, 33.88429013500013], [132.05417674400007, 33.888447]]], [[[132.04136210100035, 33.89606383800003], [132.05410988300014, 33.889706532], [132.0493728660001, 33.887160081000104], [132.04136210100035, 33.89606383800003]]], [[[132.28408558900003, 33.89942718900005], [132.28510006400006, 33.901041485000064], [132.2864821080002, 33.90114702700009], [132.28408558900003, 33.89942718900005]]], [[[132.39117499400015, 33.904415], [132.39522444900012, 33.90376666700013], [132.39224639400015, 33.90054333300003], [132.39117499400015, 33.904415]]], [[[132.31886360600004, 33.90372361300007], [132.47205194600008, 33.95017361300006], [132.37578666700006, 33.91405361300019], [132.33200610900008, 33.857877495000025], [132.2885558370001, 33.90214500000013], [132.2791822180002, 33.899996667000096], [132.2691284130001, 33.88984766500005], [132.27931832700017, 33.87085055900013], [132.20810533100018, 33.856755532000136], [132.17267988300023, 33.92366558600014], [132.2339891700001, 33.967630000000156], [132.31886360600004, 33.90372361300007]]], [[[132.33333888500022, 33.91335249500008], [132.33592722400022, 33.912651108000034], [132.33524527900033, 33.91093861300004], [132.33333888500022, 33.91335249500008]]], [[[132.13336027200023, 33.918189441000095], [132.1356616600002, 33.91887444100013], [132.1332519460001, 33.916545279000104], [132.13336027200023, 33.918189441000095]]], [[[132.30922888500015, 33.92798333300004], [132.31311221800001, 33.92663166700015], [132.3096377820001, 33.9260877750001], [132.30922888500015, 33.92798333300004]]], [[[132.15591496800016, 33.932887613000105], [132.15554383900007, 33.93144372100005], [132.15399703000003, 33.931032667000125], [132.15591496800016, 33.932887613000105]]], [[[132.3524249940001, 33.932888892000165], [132.35414778200004, 33.93327194600005], [132.35399917000018, 33.931739720999985], [132.3524249940001, 33.932888892000165]]], [[[131.92654167800015, 33.94302095500012], [131.93151963700018, 33.93689272100005], [131.93098720600005, 33.9354636330001], [131.92654167800015, 33.94302095500012]]], [[[132.15676272400015, 33.94602741400013], [132.16357328100003, 33.939474414000074], [132.15446499400002, 33.93953127900005], [132.15676272400015, 33.94602741400013]]], [[[132.3376616600002, 33.94659194600007], [132.35025435700004, 33.961289943000054], [132.35661583700005, 33.941521946000194], [132.3376616600002, 33.94659194600007]]], [[[131.86012686100003, 33.950675162000095], [131.86031809400015, 33.95185258100008], [131.86188564200017, 33.95069386500012], [131.86012686100003, 33.950675162000095]]], [[[131.8357121140001, 33.93365346800016], [131.85808557700022, 33.99005197300005], [131.87779790900004, 33.9705108440001], [131.8357121140001, 33.93365346800016]]], [[[132.35553277600002, 33.9671119460001], [132.34348208500012, 33.97155930600019], [132.34872944200004, 33.973795], [132.35553277600002, 33.9671119460001]]], [[[132.42913832700003, 33.98184638700019], [132.432478327, 33.980699162000064], [132.4312869390002, 33.97973972100016], [132.42913832700003, 33.98184638700019]]], [[[132.34962472100017, 33.988797775000194], [132.35459111500018, 33.988781108000126], [132.3495208300002, 33.98648082900013], [132.34962472100017, 33.988797775000194]]], [[[132.4294625030002, 33.99040805400011], [132.43013805400005, 33.99344972100016], [132.4327858370002, 33.988653333000116], [132.4294625030002, 33.99040805400011]]], [[[132.2481713100001, 33.99433655000007], [132.24983048, 33.99503988300006], [132.25095239200016, 33.99426757700013], [132.2481713100001, 33.99433655000007]]], [[[132.32993778200023, 34.003136108000035], [132.33428639400017, 33.99151749500015], [132.33164083000008, 33.99114861300018], [132.32993778200023, 34.003136108000035]]], [[[132.25848861200006, 34.00328861300011], [132.2720858370002, 33.99918], [132.26785402700034, 33.99344569100015], [132.25848861200006, 34.00328861300011]]], [[[132.430642776, 34.010338613000044], [132.43198625200023, 34.00232986100019], [132.4309897280002, 34.00159333300019], [132.42914055800009, 34.00476666700018], [132.430642776, 34.010338613000044]]], [[[132.40566639400015, 34.01427610800016], [132.4149749940001, 34.030346108], [132.43077888500022, 34.015158333000045], [132.40566639400015, 34.01427610800016]]], [[[132.32398749700008, 34.02253138700013], [132.32539805400017, 34.02273777500011], [132.32678444900034, 34.0208074950001], [132.32398749700008, 34.02253138700013]]], [[[132.37588527900004, 34.03662], [132.3925286120001, 34.04221889200005], [132.3840022180001, 34.02674222500019], [132.37588527900004, 34.03662]]], [[[132.41828610900006, 34.03702666700008], [132.42247138800008, 34.0321311080001], [132.41687194600001, 34.03458361300005], [132.41828610900006, 34.03702666700008]]], [[[132.39751693900007, 34.053666387000135], [132.39538360600022, 34.06009527900005], [132.4004938910001, 34.057482775000096], [132.39751693900007, 34.053666387000135]]], [[[132.39515666700015, 34.07022638700005], [132.39147972800015, 34.07143944100005], [132.3939219460001, 34.07276027900008], [132.39515666700015, 34.07022638700005]]], [[[132.31794389100003, 34.124119721], [132.31300888500004, 34.11883666700004], [132.31198972800007, 34.12112277500006], [132.31794389100003, 34.124119721]]], [[[132.41876472100023, 34.129079721000096], [132.41879576500014, 34.13427640100019], [132.4219805580001, 34.13498472099997], [132.41876472100023, 34.129079721000096]]], [[[132.42921639400004, 34.15453], [132.4428064980002, 34.15316336000012], [132.42958749700006, 34.14656916200005], [132.42921639400004, 34.15453]]], [[[132.41330833000006, 34.16974097300016], [132.38750805400014, 34.14953277500001], [132.38298518800002, 34.17678919800005], [132.41330833000006, 34.16974097300016]]], [[[132.24724112800004, 34.176498788], [132.24662203000003, 34.17563344600018], [132.24527555800012, 34.17542596900017], [132.24724112800004, 34.176498788]]], [[[132.30548208200003, 34.184138678000124], [132.29558944200005, 34.199080829000025], [132.31955306100008, 34.18987582900007], [132.30548208200003, 34.184138678000124]]], [[[132.31966389100023, 34.200744441000154], [132.31799227600004, 34.19544067400017], [132.31549297000004, 34.199198], [132.31966389100023, 34.200744441000154]]], [[[132.37211693900008, 34.25860361300016], [132.47978180000007, 34.29625087400018], [132.48916861200019, 34.14130610800015], [132.37211693900008, 34.25860361300016]]], [[[132.26407000000017, 34.23485416200003], [132.2662174970003, 34.23350472100003], [132.2643291700001, 34.23343277500015], [132.26407000000017, 34.23485416200003]]], [[[132.35315861200002, 34.23958500000015], [132.3582672240001, 34.23880582900006], [132.35769333300016, 34.2357294410001], [132.35315861200002, 34.23958500000015]]], [[[132.33169705600017, 34.311048973000084], [132.27403472100002, 34.231539441000166], [132.26184724600012, 34.25175135300003], [132.33169705600017, 34.311048973000084]]], [[[132.3705966670002, 34.279842225000095], [132.36483524300013, 34.27322677300003], [132.36107333300004, 34.27634444100005], [132.3705966670002, 34.279842225000095]]], [[[132.36288862000004, 34.29182626700009], [132.36082166000006, 34.28892361300012], [132.3606047210002, 34.29130610800013], [132.36288862000004, 34.29182626700009]]], [[[132.4428273020003, 34.29696255900018], [132.43254230900016, 34.32010153200008], [132.44414610900026, 34.32523972100006], [132.4428273020003, 34.29696255900018]]], [[[132.32287280200012, 34.335605586000156], [132.321805551, 34.33664276100012], [132.32347902700008, 34.33711044100005], [132.32287280200012, 34.335605586000156]]], [[[131.91280033700014, 34.78088600000012], [131.91379024200023, 34.77979202800003], [131.91281752400005, 34.77925536600003], [131.91280033700014, 34.78088600000012]]], [[[131.83629360600003, 34.83784527900019], [131.83810389100017, 34.83342472100003], [131.8296488850001, 34.83652916200009], [131.83629360600003, 34.83784527900019]]], [[[132.0520197540003, 34.89982280200019], [132.05179280200002, 34.896683225000174], [132.04861910500006, 34.89679670600009], [132.0520197540003, 34.89982280200019]]], [[[132.06248836300006, 34.899782109000114], [132.05807014900006, 34.904056586000024], [132.06151613500026, 34.90474713500004], [132.06248836300006, 34.899782109000114]]], [[[132.04590741900006, 34.90460116200012], [132.05125771100006, 34.902633316], [132.04632479800023, 34.90109610900009], [132.04590741900006, 34.90460116200012]]], [[[132.28153574600003, 35.05047817100012], [132.2821891960001, 35.052022946000136], [132.28383649800003, 35.050788414000124], [132.28153574600003, 35.05047817100012]]], [[[132.40129658900014, 35.16931933300009], [132.39899123200007, 35.16944693300013], [132.40132849500014, 35.17058322500003], [132.40129658900014, 35.16931933300009]]], [[[131.87226081400001, 37.239818820000096], [131.86790995800015, 37.239117432000114], [131.870247639, 37.241998505000026], [131.87226081400001, 37.239818820000096]]], [[[131.8629944490001, 37.24072894600005], [131.8653259770001, 37.244314442000075], [131.8672209670001, 37.24113237600005], [131.8629944490001, 37.24072894600005]]], [[[132.57219870300014, 32.735031390000074], [132.54093693900006, 32.703408054000136], [132.54465583700028, 32.754745279000076], [132.57219870300014, 32.735031390000074]]], [[[132.49032639400002, 32.73574305400018], [132.48982, 32.743548333000035], [132.49463250300005, 32.739717775000145], [132.49032639400002, 32.73574305400018]]], [[[132.60415055800001, 32.74499055900014], [132.59789777600008, 32.746423748000154], [132.60335277600007, 32.74796861300018], [132.60415055800001, 32.74499055900014]]], [[[132.62429749700016, 32.75621416200005], [132.6272094420001, 32.755751108000084], [132.6268933330001, 32.75484222500012], [132.62429749700016, 32.75621416200005]]], [[[132.62029744900008, 32.771343434000016], [132.62991972800012, 32.767135279000115], [132.61735416500005, 32.76576938900007], [132.62029744900008, 32.771343434000016]]], [[[132.7262625300002, 32.77769378400018], [132.7278711150002, 32.778269441000134], [132.7273773610002, 32.77689937600019], [132.7262625300002, 32.77769378400018]]], [[[132.90004639400024, 32.78208889200005], [132.90094639400013, 32.780985828999974], [132.90000499400003, 32.78039694600005], [132.90004639400024, 32.78208889200005]]], [[[132.85763808000002, 32.78545477500012], [132.8580265500002, 32.78375325200011], [132.85726072600005, 32.78278877500014], [132.85763808000002, 32.78545477500012]]], [[[132.722250346, 32.78457197000017], [132.72380437900028, 32.78429513500009], [132.72253499400017, 32.78358638700007], [132.722250346, 32.78457197000017]]], [[[132.99782490300015, 32.7882102800001], [132.9979557590001, 32.78746887400001], [132.997165826, 32.787155887000154], [132.99782490300015, 32.7882102800001]]], [[[132.48014610900032, 32.79693222500009], [132.4874702720001, 32.807625279000035], [132.49994784700004, 32.8053449300001], [132.48014610900032, 32.79693222500009]]], [[[132.55687887800025, 32.91161252000012], [132.5640296890001, 32.91141430600004], [132.5638406070001, 32.910329403000105], [132.55687887800025, 32.91161252000012]]], [[[132.5527323350001, 32.912685865000185], [132.55244055800006, 32.911729414000035], [132.55050969000013, 32.911230919000104], [132.5527323350001, 32.912685865000185]]], [[[132.53803823900023, 32.91305856100013], [132.5388739140002, 32.91187863200014], [132.53640686100005, 32.91153838700012], [132.53803823900023, 32.91305856100013]]], [[[132.70255329400015, 32.91847683400016], [132.69604447500012, 32.91018036000008], [132.6878880800001, 32.91848353200004], [132.70018613500008, 32.916879414000164], [132.70255329400015, 32.91847683400016]]], [[[132.65723722400003, 32.91924944100009], [132.66066194600023, 32.91677138700004], [132.65294606400005, 32.914595554000186], [132.65723722400003, 32.91924944100009]]], [[[132.66443444900017, 32.92070694600011], [132.66295972800026, 32.91767082900003], [132.6621480540001, 32.92023582900015], [132.66443444900017, 32.92070694600011]]], [[[132.70377153000004, 32.91958927900009], [132.7039716600001, 32.922534441000096], [132.7050960050001, 32.919574559000125], [132.70377153000004, 32.91958927900009]]], [[[132.69326754200006, 32.926453928000115], [132.69403574600005, 32.92317666700012], [132.69273927400025, 32.92257605400005], [132.69326754200006, 32.926453928000115]]], [[[132.54017141400004, 32.96516727900007], [132.54207907900025, 32.96619530600009], [132.54187488300022, 32.96454616900019], [132.54017141400004, 32.96516727900007]]], [[[133.0113365630001, 33.01139215300003], [133.0111308050001, 33.012875856000164], [133.01303149700016, 33.013940524000134], [133.0113365630001, 33.01139215300003]]], [[[132.45206678400007, 33.03012864400017], [132.4533351360002, 33.031336], [132.45411885900012, 33.02875627900005], [132.45206678400007, 33.03012864400017]]], [[[132.4912035020003, 33.200513225000066], [132.4904035090001, 33.196399419000045], [132.4882898310002, 33.19794869400005], [132.4912035020003, 33.200513225000066]]], [[[132.49761081700012, 33.20711578400005], [132.49928286600004, 33.208333333000155], [132.50076744500018, 33.20448336000004], [132.49761081700012, 33.20711578400005]]], [[[132.48347399500017, 33.219515694000165], [132.48790882100013, 33.215052659000094], [132.47734596500027, 33.213939881000044], [132.48347399500017, 33.219515694000165]]], [[[132.519750143, 33.2179249190001], [132.51775094700008, 33.24115810800015], [132.53440594000017, 33.22766991900011], [132.519750143, 33.2179249190001]]], [[[132.48551569400024, 33.235520306000126], [132.48041515100022, 33.23608517400015], [132.47946175100003, 33.23819466700013], [132.48551569400024, 33.235520306000126]]], [[[132.4849315560001, 33.312927000000116], [132.4839844820002, 33.31501376000011], [132.48714131000008, 33.31344461300006], [132.4849315560001, 33.312927000000116]]], [[[132.57844061000014, 33.65443519800016], [132.57691617400008, 33.65290350600003], [132.57344520800018, 33.65141695500006], [132.57844061000014, 33.65443519800016]]], [[[132.4842467960001, 33.739051081000014], [132.48694850800018, 33.73630138700008], [132.475009429, 33.73289826100006], [132.4842467960001, 33.739051081000014]]], [[[132.5242249940003, 33.852627225000106], [132.52998736700022, 33.844356763000064], [132.51576639400014, 33.85257861300016], [132.5242249940003, 33.852627225000106]]], [[[132.69865741900014, 33.86807741400008], [132.69942639400006, 33.86742136000015], [132.7006498830001, 33.86254925200012], [132.69865741900014, 33.86807741400008]]], [[[132.64603788600027, 33.89099733300014], [132.6403575620003, 33.88725422500005], [132.63727335900012, 33.89553441400011], [132.64603788600027, 33.89099733300014]]], [[[132.7021465890001, 33.926906387000145], [132.68962554600023, 33.87562199500019], [132.6529686120001, 33.90008144100017], [132.7021465890001, 33.926906387000145]]], [[[132.58550306100017, 33.91197472100015], [132.58808749700006, 33.91015166700009], [132.58507625900018, 33.911042554000176], [132.58550306100017, 33.91197472100015]]], [[[132.46270472100002, 33.92373944100012], [132.45425832700016, 33.9210269460001], [132.4547074970002, 33.927022225000144], [132.46270472100002, 33.92373944100012]]], [[[132.5684300360001, 33.920700722000106], [132.5691613880001, 33.922010000000114], [132.57028083000012, 33.92031916200017], [132.5684300360001, 33.920700722000106]]], [[[132.556210372, 33.92816411900009], [132.56257749700023, 33.92614], [132.56024579700022, 33.925647009000045], [132.556210372, 33.92816411900009]]], [[[132.51774395600012, 33.927320901000144], [132.53742250300024, 33.93330110800014], [132.55434666700012, 33.9364897210001], [132.51774395600012, 33.927320901000144]]], [[[132.63496611400012, 33.94840794300018], [132.63705047400003, 33.9491970630001], [132.63697368700002, 33.94766508000009], [132.63496611400012, 33.94840794300018]]], [[[132.49132749700004, 33.95846694600016], [132.48869138800012, 33.95304527900015], [132.48580250300006, 33.95638000000014], [132.49132749700004, 33.95846694600016]]], [[[132.47382778200006, 33.953570279000076], [132.45859138800006, 33.9640927750001], [132.48175798600005, 33.95920194400003], [132.47382778200006, 33.953570279000076]]], [[[132.6748045200003, 33.951655518], [132.6606700000002, 33.97492138700011], [132.67298666700003, 33.972363332999976], [132.6748045200003, 33.951655518]]], [[[132.56210888500004, 33.96893], [132.56504022700005, 33.969304163000174], [132.56338861200015, 33.96681027900007], [132.56210888500004, 33.96893]]], [[[132.68634360600004, 33.96490333300005], [132.69433083000013, 33.97612333300009], [132.69779444900007, 33.96574027899999], [132.68634360600004, 33.96490333300005]]], [[[132.76192627800015, 33.97445589200004], [132.76722328100016, 33.97303705400003], [132.76323039200008, 33.97214907700004], [132.76192627800015, 33.97445589200004]]], [[[132.49283639400005, 33.964907495000034], [132.5028944490001, 33.98958889199997], [132.5224213470002, 33.99008983900012], [132.49283639400005, 33.964907495000034]]], [[[132.53490832700004, 33.988873333000186], [132.5648883270003, 33.98669666700005], [132.54068221800003, 33.96119], [132.53490832700004, 33.988873333000186]], [[132.53951072600012, 33.97314119800012], [132.54130533100022, 33.974208414000145], [132.53965835900033, 33.9744731130001], [132.53951072600012, 33.97314119800012]]], [[[132.64422778200003, 33.96094277500009], [132.5779105580001, 33.96861027900013], [132.64565055800006, 34.01827638700013], [132.64422778200003, 33.96094277500009]]], [[[132.52043722400003, 33.994196946000045], [132.51830527900017, 33.99168138700003], [132.51712778200033, 33.99469361300004], [132.52043722400003, 33.994196946000045]]], [[[132.59530660200028, 34.026435505], [132.58701760100007, 34.026142514000185], [132.59586703000014, 34.03141613500003], [132.59530660200028, 34.026435505]]], [[[132.59949285300002, 34.03705112600005], [132.60249398200006, 34.03643522500016], [132.59921699100005, 34.035326766000026], [132.59949285300002, 34.03705112600005]]], [[[132.4821920490001, 34.037365252000086], [132.496275136, 34.044751554000186], [132.4831487160002, 34.03438989200009], [132.4821920490001, 34.037365252000086]]], [[[132.51975221800024, 34.039680000000146], [132.52196610900023, 34.04004027899998], [132.52155138800003, 34.03877138700017], [132.51975221800024, 34.039680000000146]]], [[[132.72726461700006, 34.05206964000013], [132.72746758800008, 34.049783081000044], [132.72470369600023, 34.04911049500015], [132.72726461700006, 34.05206964000013]]], [[[132.46239138800024, 34.0613344410001], [132.4661774970001, 34.06069305400007], [132.46778749700002, 34.05707249500006], [132.4629316600002, 34.05862000000013], [132.46239138800024, 34.0613344410001]]], [[[132.5313163940001, 34.07347889200014], [132.5339147210001, 34.04683472100015], [132.5206608300001, 34.04990305400008], [132.5313163940001, 34.07347889200014]]], [[[132.7016724120001, 34.06560513500017], [132.70962983100003, 34.073881829000186], [132.71207333300026, 34.07095166700003], [132.7016724120001, 34.06560513500017]]], [[[132.88067771700003, 34.07280258600014], [132.88340075300027, 34.072994428000186], [132.88055291800015, 34.07155227900017], [132.88067771700003, 34.07280258600014]]], [[[132.51848131000008, 34.088883559000124], [132.5205236060001, 34.09052555900007], [132.5199277820002, 34.088289162000024], [132.51848131000008, 34.088883559000124]]], [[[133.001230415, 34.11788102700007], [133.00547483800005, 34.11740780200006], [133.0035804150001, 34.11630897300017], [133.001230415, 34.11788102700007]]], [[[132.9889813100002, 34.118777162000185], [132.99637094700006, 34.11813905400015], [132.99111053500008, 34.112185543000066], [132.9889813100002, 34.118777162000185]]], [[[132.79539749700018, 34.114386946000025], [132.78805972800012, 34.12182610800005], [132.800203333, 34.1212230540001], [132.79539749700018, 34.114386946000025]]], [[[132.9689474190002, 34.11961125200014], [132.97068652400014, 34.11807496000017], [132.96950678300016, 34.11647216200009], [132.9689474190002, 34.11961125200014]]], [[[133.00628885900005, 34.122751225000115], [133.01135617400018, 34.12212206300012], [133.00879447500006, 34.12049149500001], [133.00628885900005, 34.122751225000115]]], [[[132.97532406000016, 34.12744216200019], [132.97903824900004, 34.12240033300003], [132.97341635500015, 34.122116162000054], [132.97532406000016, 34.12744216200019]]], [[[132.50567116700006, 34.187760468000135], [132.58990527900005, 34.10867749500005], [132.46046499400006, 34.082308054000066], [132.4473233330001, 34.108373054000026], [132.50445527900013, 34.13359666700006], [132.4929919330002, 34.153089243000124], [132.4932055510003, 34.16250286500008], [132.4999339950001, 34.18017613500007], [132.50567116700006, 34.187760468000135]], [[132.4989658630002, 34.172678495000014], [132.49874600500004, 34.17464889200011], [132.4974178210001, 34.17346112700011], [132.4989658630002, 34.172678495000014]]], [[[133.00906763900014, 34.14258253200006], [133.01167644600002, 34.14463972100003], [133.010391141, 34.141970694000065], [133.00906763900014, 34.14258253200006]]], [[[133.02969014300004, 34.11012105400005], [133.02982763900002, 34.19311210800009], [133.08331719800026, 34.169383360000154], [133.11373819100015, 34.1787225810001], [133.02969014300004, 34.11012105400005]]], [[[132.9972039170001, 34.15894410800007], [133.00939108900002, 34.14804491900003], [132.98992150700008, 34.1513413990001], [132.9972039170001, 34.15894410800007]]], [[[132.75899944200012, 34.15429194600006], [132.77507472100012, 34.154410279], [132.7594638910001, 34.14826027900011], [132.75899944200012, 34.15429194600006]]], [[[132.65183805400022, 34.15616027900006], [132.65863639400015, 34.15799166700003], [132.65172277600004, 34.15084194600007], [132.65183805400022, 34.15616027900006]]], [[[132.6735802720001, 34.1593386130001], [132.66573221800002, 34.155073613000184], [132.6712913880001, 34.159743892000165], [132.6735802720001, 34.1593386130001]]], [[[132.56100805400013, 34.15546166700017], [132.56341138800008, 34.156233333000046], [132.56310360600014, 34.154795829000136], [132.56100805400013, 34.15546166700017]]], [[[132.57927319400005, 34.15893107700015], [132.56967496100003, 34.15752484700016], [132.57800666700018, 34.16824861300012], [132.57927319400005, 34.15893107700015]]], [[[132.80777515600016, 34.17774366700007], [132.86827805400003, 34.17349658600011], [132.79958894900005, 34.15863222500013], [132.80777515600016, 34.17774366700007]]], [[[132.77136527900018, 34.17640110800011], [132.79985754900008, 34.17513628700016], [132.77236416300002, 34.16098944100008], [132.77136527900018, 34.17640110800011]]], [[[132.68582194600003, 34.182586108000066], [132.76534083, 34.17691916200016], [132.7387125030001, 34.15780138700012], [132.68582194600003, 34.182586108000066]]], [[[132.880369416, 34.17467816200019], [132.89418386500006, 34.190256135000084], [132.8940725550001, 34.18451805400008], [132.880369416, 34.17467816200019]]], [[[132.68446138800016, 34.18771166700009], [132.64434444900007, 34.171044441], [132.67212277600026, 34.20348361300012], [132.68446138800016, 34.18771166700009]]], [[[132.86337805400012, 34.18830972100017], [132.86028416300007, 34.18771527900003], [132.86023111500003, 34.18912555900016], [132.86337805400012, 34.18830972100017]]], [[[132.94110136200004, 34.18776246800013], [132.9358639950001, 34.18755774800002], [132.9445138650001, 34.19093602700008], [132.94110136200004, 34.18776246800013]]], [[[132.90511438400017, 34.19424672100007], [132.89911522700004, 34.18548510800014], [132.8958233850002, 34.18767238700019], [132.90511438400017, 34.19424672100007]]], [[[132.80854444900012, 34.1938511080001], [132.8147244490002, 34.187313613000185], [132.80524666700012, 34.187858054], [132.80854444900012, 34.1938511080001]]], [[[132.91820658900008, 34.18686564000018], [132.92384642000002, 34.202069387], [132.93320878100008, 34.182824667000034], [132.91820658900008, 34.18686564000018]]], [[[132.85568499400006, 34.19504333300006], [132.85913610900025, 34.19121027900019], [132.8560625030001, 34.191766667000024], [132.85568499400006, 34.19504333300006]]], [[[132.84912221800028, 34.19263638700005], [132.85272111500024, 34.19509110800004], [132.85279972800026, 34.19204582900005], [132.84912221800028, 34.19263638700005]]], [[[132.511582244, 34.196381081000084], [132.51463502600018, 34.199503014000015], [132.5113607000003, 34.19201789200014], [132.511582244, 34.196381081000084]]], [[[132.93068150500005, 34.200945027000046], [132.93772527900023, 34.20068530600014], [132.932267173, 34.19902689200006], [132.93068150500005, 34.200945027000046]]], [[[132.70107182900006, 34.21845927900006], [132.692219442, 34.22225], [132.70037775600008, 34.2213005590001], [132.70107182900006, 34.21845927900006]]], [[[132.80001277600002, 34.22689194600008], [132.80447250300017, 34.228565279000065], [132.80115832700005, 34.22569777500013], [132.80001277600002, 34.22689194600008]]], [[[132.7678491050002, 34.24545561300016], [132.77034805400012, 34.24322061300012], [132.7678622440003, 34.24367125200001], [132.7678491050002, 34.24545561300016]]], [[[133.0585417770002, 34.22002730600019], [132.94192787300017, 34.20351931500005], [133.0113431320002, 34.29975334699998], [133.0585417770002, 34.22002730600019]]], [[[132.91426325600003, 34.21149477500006], [132.89998224400006, 34.24739189200005], [132.94221444900006, 34.27739386500002], [132.91426325600003, 34.21149477500006]]], [[[132.94981805400005, 34.24942110800009], [132.9445316990001, 34.241833279000105], [132.9436273670001, 34.243567945999985], [132.94981805400005, 34.24942110800009]]], [[[132.95291166000004, 34.249420081000096], [132.95130097300012, 34.25295649500009], [132.95393255500005, 34.25173877500009], [132.95291166000004, 34.249420081000096]]], [[[132.86061805400004, 34.25317277500005], [132.86151944200003, 34.25352833300019], [132.86186416300006, 34.24995861300005], [132.86061805400004, 34.25317277500005]]], [[[132.84027444900016, 34.25546916200011], [132.839286667, 34.25339194600019], [132.8353530610001, 34.25407305400006], [132.84027444900016, 34.25546916200011]]], [[[132.7878828920002, 34.2605400540001], [132.78081083000018, 34.257720892000066], [132.7825912840001, 34.262092027000165], [132.7878828920002, 34.2605400540001]]], [[[132.7743618940002, 34.259255775000156], [132.77545016900012, 34.26090672100014], [132.77940691300012, 34.25776894600011], [132.7743618940002, 34.259255775000156]]], [[[132.86872836500004, 34.257071291000045], [132.8695902720001, 34.27140805400012], [132.87800722400016, 34.258345559000134], [132.86872836500004, 34.257071291000045]]], [[[132.8993049940002, 34.26272333300017], [132.9, 34.26485682900011], [132.9007661090002, 34.26312694600006], [132.8993049940002, 34.26272333300017]]], [[[132.79825661500013, 34.266909333000115], [132.80015691300014, 34.26417580200018], [132.79811992200007, 34.263759162000156], [132.79825661500013, 34.266909333000115]]], [[[132.7750961090003, 34.26504466700004], [132.7710433330002, 34.26397158600014], [132.7744224380001, 34.26845944100012], [132.7750961090003, 34.26504466700004]]], [[[132.88981437100017, 34.26910617800007], [132.88768888500033, 34.2717763870001], [132.8907705580001, 34.270884586000136], [132.88981437100017, 34.26910617800007]]], [[[132.88284527900032, 34.27502389200015], [132.88311610900018, 34.27310555900016], [132.8809206940001, 34.27467277700015], [132.88284527900032, 34.27502389200015]]], [[[132.906576394, 34.277506946000074], [132.91071610900008, 34.27323027900013], [132.90627416300015, 34.27104027900015], [132.906576394, 34.277506946000074]]], [[[132.8053206610001, 34.282235495000066], [132.80319243800022, 34.26852146800019], [132.79019350700014, 34.27320412200004], [132.8053206610001, 34.282235495000066]]], [[[132.9628155710002, 34.278060982000056], [132.96423910500005, 34.27730449500012], [132.961579948, 34.276766414000065], [132.9628155710002, 34.278060982000056]]], [[[132.8815241630001, 34.287445829000035], [132.8879805580001, 34.27959027900005], [132.88424888500015, 34.27552833300007], [132.8815241630001, 34.287445829000035]]], [[[133.05019771700006, 34.28628375699998], [133.0508094810001, 34.28403216200013], [133.0495518160002, 34.28421597300013], [133.05019771700006, 34.28628375699998]]], [[[132.94413360600015, 34.28350166700005], [132.93587583700014, 34.285828054000035], [132.94254472100022, 34.28776694600009], [132.94413360600015, 34.28350166700005]]], [[[132.88988027200003, 34.28851416200007], [132.89041111500012, 34.28538889200013], [132.88985333300002, 34.28449333300017], [132.88988027200003, 34.28851416200007]]], [[[132.81812713400006, 34.28936405400003], [132.81368083000007, 34.288683946000106], [132.8173194420002, 34.291241586000126], [132.81812713400006, 34.28936405400003]]], [[[132.9052686120001, 34.28393416200004], [132.9256036060001, 34.29673361300007], [132.9197344490001, 34.280909162], [132.9052686120001, 34.28393416200004]]], [[[132.8020663550002, 34.29453325200018], [132.8050114140001, 34.29472766700019], [132.80612383900018, 34.292442161999986], [132.8020663550002, 34.29453325200018]]], [[[132.90149610900005, 34.29437916200004], [132.90402917000006, 34.29950027900003], [132.90269111500015, 34.29453972100009], [132.90149610900005, 34.29437916200004]]], [[[132.98213059700015, 34.308465622000085], [132.98029627800008, 34.30470611699997], [132.97794022000005, 34.3105245320001], [132.98213059700015, 34.308465622000085]]], [[[132.9950000780001, 34.313317369000174], [132.99185505800028, 34.30296437800018], [132.98910232200012, 34.31591181100009], [132.9950000780001, 34.313317369000174]]], [[[132.465333385, 34.313136892000045], [132.46041352800023, 34.31546338700008], [132.46302722400014, 34.31687905400008], [132.465333385, 34.313136892000045]]], [[[132.94275376100006, 34.323854216000086], [132.94868869000004, 34.30935290100007], [132.93615275000002, 34.32430914400004], [132.94275376100006, 34.323854216000086]]], [[[132.476742166, 34.345673], [132.4868783270001, 34.33909610800015], [132.48065756200015, 34.33011710800008], [132.476742166, 34.345673]]], [[[132.45755365200023, 34.345573762000186], [132.46542516800014, 34.34277541300003], [132.46286133600006, 34.339863054000034], [132.45755365200023, 34.345573762000186]]], [[[132.66079700400007, 35.40246622500001], [132.66215180300014, 35.40125486500017], [132.66262844400023, 35.40021941400005], [132.66079700400007, 35.40246622500001]]], [[[132.6402838910002, 35.43285494600008], [132.63811720700016, 35.43196840900015], [132.6378380540002, 35.434029171000134], [132.6402838910002, 35.43285494600008]]], [[[132.65525000000025, 35.4441275050001], [132.65580908900006, 35.44045144100005], [132.65404832700005, 35.443046666999976], [132.65525000000025, 35.4441275050001]]], [[[132.75032027200018, 35.45656836000012], [132.75372413700018, 35.45571933300016], [132.7546241890002, 35.45508433300017], [132.75032027200018, 35.45656836000012]]], [[[133.01767917000006, 35.54513389200008], [133.01935527900002, 35.54460444100005], [133.018465837, 35.543126108000024], [133.01767917000006, 35.54513389200008]]], [[[133.04807319100019, 35.56737250000015], [133.0529743190001, 35.56822616699998], [133.05183085600015, 35.56409946800005], [133.04807319100019, 35.56737250000015]]], [[[133.0456797280001, 35.57295305400004], [133.0462080540001, 35.57194889200008], [133.04350306100002, 35.57042138700007], [133.0456797280001, 35.57295305400004]]], [[[133.05679083000018, 35.58255944100006], [133.05602597300003, 35.580844446000185], [133.0549336060002, 35.58189277500014], [133.05679083000018, 35.58255944100006]]], [[[133.0271022180001, 35.994545279000135], [133.0296319460001, 35.99482138700006], [133.02704666700004, 35.992393613000104], [133.0271022180001, 35.994545279000135]]], [[[133.03945944200007, 35.99459083800008], [133.0403605580002, 35.99644944100015], [133.04192666700033, 35.99508638700013], [133.03945944200007, 35.99459083800008]]], [[[133.05249305400002, 35.994190973000116], [133.04793527900006, 36.00132194600013], [133.05380182300007, 36.00294712700003], [133.05249305400002, 35.994190973000116]]], [[[132.99972881200006, 36.032055175000096], [133.072999449, 36.010947780000095], [133.06465333300014, 35.995126387000084], [133.0417339950002, 36.0130840540001], [133.00634416300022, 36.00339361300007], [132.99972881200006, 36.032055175000096]]], [[[133.00332055800004, 36.04818972100014], [133.0047897280001, 36.04895027900017], [133.0051847210002, 36.04738444100013], [133.00332055800004, 36.04818972100014]]], [[[133.0145125030001, 36.137616387000094], [132.97920749700006, 36.08873194600005], [132.99838610900008, 36.03798917100005], [132.94603693900012, 36.064878054000076], [133.0145125030001, 36.137616387000094]]], [[[133.0718936830002, 36.15446722300004], [133.0739058370001, 36.153834171000085], [133.073492503, 36.152768613000035], [133.0718936830002, 36.15446722300004]]], [[[133.11311363200002, 33.07341826100003], [133.11597988300002, 33.07184970300011], [133.11282957400022, 33.07164285700003], [133.11311363200002, 33.07341826100003]]], [[[133.11733596600004, 33.07839414400007], [133.1185510250001, 33.07750207200013], [133.11890086900007, 33.07665027000019], [133.11733596600004, 33.07839414400007]]], [[[133.32088170100008, 33.34801586600014], [133.32003301400016, 33.352853759000084], [133.3244327760002, 33.35015277500008], [133.32088170100008, 33.34801586600014]]], [[[133.30476421300023, 33.35728785900017], [133.310227445, 33.35871082900013], [133.31089644100007, 33.355926622000084], [133.30476421300023, 33.35728785900017]]], [[[133.30506778200004, 33.36223166700012], [133.2974638170001, 33.36147750000015], [133.3017530610001, 33.364220279000165], [133.30506778200004, 33.36223166700012]]], [[[133.44273496800008, 33.44702910800015], [133.444829442, 33.44684861300004], [133.44121662700002, 33.444055469000034], [133.44273496800008, 33.44702910800015]]], [[[133.58258470800013, 33.49948953200004], [133.58664940300014, 33.49959492800019], [133.59320778200015, 33.49894164000017], [133.58258470800013, 33.49948953200004]]], [[[133.00952645400014, 32.881141964000165], [132.95734464300028, 32.80580061300009], [133.00270499400006, 32.78714582900005], [133.01791778200004, 32.7615555590001], [133.02011691300004, 32.72341136000017], [132.70820166700003, 32.92596306800016], [132.51266574600027, 32.950132586000166], [132.52221588800012, 32.90891533300015], [132.4721850230003, 32.90600407000005], [132.48435297000015, 32.98041716199998], [132.55391089500006, 32.960313613000096], [132.48158367100007, 33.04955338700006], [132.4521370560002, 33.03516508100006], [132.41043972800003, 33.05639449500012], [132.41154030400014, 33.02745031700016], [132.37858727600008, 33.0228790270001], [132.40375084200025, 33.06917414700007], [132.48413408600015, 33.05656325200016], [132.502832387, 33.12974041400014], [132.38975425700005, 33.19999461700013], [132.48674630400012, 33.16443410800014], [132.557535733, 33.22223827], [132.39699518800012, 33.476830586000176], [132.299753333, 33.47468361300008], [132.15279791200032, 33.37370653900007], [132.09455805400012, 33.387593054000035], [132.05163250300018, 33.357613613000126], [132.02488972800018, 33.34382777500008], [132.01666876000013, 33.34260642800018], [132.013818054, 33.34495694600014], [132.15664548600034, 33.440243888000055], [132.26043083000002, 33.450141387000144], [132.6464716600001, 33.69217333300003], [132.6999194880002, 33.76077242800005], [132.7189376650001, 33.86484891900005], [132.7003465240001, 33.886538306000034], [132.755231051, 33.911317748000045], [132.77174557700005, 33.96226572100011], [132.76557927400006, 33.998512387000176], [132.92225038900006, 34.066032054], [132.94186678300002, 34.142886054000144], [133.11899070000015, 33.924499667000134], [133.28061778200026, 33.98966091900019], [133.3563623350002, 33.979185108000024], [133.41114077800012, 33.99064830600008], [133.51840513600018, 33.9725638650001], [133.63912725000012, 34.09297933300007], [133.64862761300003, 34.1932113420001], [133.56005057100003, 34.26453084700012], [133.6740009990001, 34.222012432000156], [133.89597559000003, 34.38284990100004], [133.92760725000016, 34.38965382900005], [134.0004005840002, 34.35135933300006], [134.059752827, 34.34774266700015], [134.12234561600008, 34.360670387000084], [134.13636018500029, 34.400436890000094], [134.26013771700013, 34.28382955900014], [134.64198289800026, 34.18013679300003], [134.60546888500005, 34.12220389200007], [134.60659856000018, 34.06203077500015], [134.58562328100004, 34.05231582900012], [134.60067094500005, 34.018708504000074], [134.58823444900008, 34.00925819800011], [134.71107946800032, 33.930955919000155], [134.6287920100001, 33.856948171], [134.750301271, 33.833941987], [134.58197832700012, 33.77165916200005], [134.3119233330001, 33.57719555900019], [134.17601105900007, 33.24356380800003], [134.15338718500027, 33.28270374800019], [134.11065924500008, 33.29355974300006], [134.03738578500008, 33.371106252000175], [134.03169583700003, 33.41144027900009], [133.95776814500016, 33.441830802000084], [133.93179338500022, 33.48867589200006], [133.55261905300029, 33.54080361300004], [133.57488294400002, 33.495499], [133.4581166410003, 33.44553619800007], [133.44216914400022, 33.450131162000105], [133.43582647200014, 33.437642892000156], [133.39814111500016, 33.4453405590001], [133.3504286120001, 33.41586082900005], [133.4172452790001, 33.43951889200008], [133.43296805400007, 33.426715000000115], [133.44212911700015, 33.44016178800018], [133.46117922200017, 33.43227191900007], [133.45739878100005, 33.41995746800018], [133.28813997400005, 33.40252696400006], [133.26367427900004, 33.340403538000146], [133.2562312130002, 33.33304859700013], [133.23329159700006, 33.329541809000034], [133.2643875000001, 33.25731791400011], [133.223654419, 33.15501443300013], [133.01439533100006, 33.018410486000164], [133.00821548700014, 33.01122308100008], [132.99929610900006, 32.98030066700005], [133.00558345000002, 32.974349108000126], [132.9932851880002, 32.951118054000176], [133.00952645400014, 32.881141964000165]], [[132.77190780800004, 33.974297612999976], [132.77261525300003, 33.97648230600004], [132.76971801600007, 33.97572998200013], [132.77190780800004, 33.974297612999976]], [[133.44240282700002, 33.98444797300016], [133.44254153000009, 33.98261810800017], [133.44338758600009, 33.983715573000154], [133.44240282700002, 33.98444797300016]], [[133.82567985700018, 34.321575829000096], [133.82665234800004, 34.31975437800014], [133.8273345140002, 34.32250325300009], [133.82567985700018, 34.321575829000096]], [[134.58789292500012, 34.04554304100003], [134.58397629100023, 34.042818450000084], [134.585844306, 34.03952769400013], [134.58789292500012, 34.04554304100003]], [[134.63736096000014, 33.87302342300012], [134.63612069400017, 33.870838140000046], [134.63773493500003, 33.87179802700018], [134.63736096000014, 33.87302342300012]], [[134.14946708200023, 33.286361757000066], [134.14733815800014, 33.287327766000146], [134.14658532400017, 33.286163126000076], [134.14946708200023, 33.286361757000066]], [[133.95849722400033, 33.44324916200003], [133.95681389100002, 33.446275559000014], [133.95618840500003, 33.44506419400011], [133.95849722400033, 33.44324916200003]], [[133.69418735400018, 33.53749390100012], [133.6902604930002, 33.53665123400009], [133.6937665180002, 33.535444392000045], [133.69418735400018, 33.53749390100012]], [[133.50553538300016, 33.46952308100009], [133.5041324120001, 33.468903829000055], [133.50528539000015, 33.46861401400014], [133.50553538300016, 33.46952308100009]], [[133.44345136200002, 33.43489519800016], [133.4437006610002, 33.436324306000074], [133.44132153100009, 33.435778667000136], [133.44345136200002, 33.43489519800016]], [[133.24344505800002, 33.33467320700004], [133.2418670300002, 33.334377604], [133.24297262700009, 33.33278516700017], [133.24344505800002, 33.33467320700004]], [[133.24750656300023, 33.2438391980001], [133.24771295900007, 33.24274772500013], [133.24884844400015, 33.24344686500007], [133.24750656300023, 33.2438391980001]], [[132.95965444900014, 32.862620000000106], [132.9590372240001, 32.86118138699999], [132.96065638000016, 32.86149117700006], [132.95965444900014, 32.862620000000106]], [[134.59144, 34.05635013500017], [134.5944148880002, 34.063514342000076], [134.589352049, 34.057007360000114], [134.59144, 34.05635013500017]], [[132.69845316500005, 33.75490046800019], [132.69924736700023, 33.75658597300014], [132.69726932000026, 33.7560593610001], [132.69845316500005, 33.75490046800019]]], [[[133.1055090010001, 33.95351191900005], [133.11082038900008, 33.95695353200017], [133.10687455300013, 33.95402453200012], [133.1055090010001, 33.95351191900005]]], [[[133.33396778200006, 33.99305419799998], [133.33205386500003, 33.992306761000066], [133.33084801600023, 33.99340254100014], [133.33396778200006, 33.99305419799998]]], [[[133.36727389100008, 34.00781472100016], [133.36059051300003, 33.98988036100002], [133.3508430610002, 34.001930829], [133.36727389100008, 34.00781472100016]]], [[[133.0979334110002, 34.025782829000036], [133.09524166000017, 34.01909882900014], [133.0902595340002, 34.02275728100017], [133.0979334110002, 34.025782829000036]]], [[[133.10161549900022, 34.02220622500005], [133.105237439, 34.02291838000008], [133.10471503200006, 34.021813306000126], [133.10161549900022, 34.02220622500005]]], [[[133.10213499400015, 34.058649333000176], [133.10503293200009, 34.056537983000055], [133.09669661500004, 34.06124319800011], [133.10213499400015, 34.058649333000176]]], [[[133.10800775600023, 34.06130730600006], [133.111570195, 34.06157033300008], [133.11267780800006, 34.05970344100018], [133.10800775600023, 34.06130730600006]]], [[[133.18785891100003, 34.10273210800011], [133.1812957720001, 34.11191113500007], [133.19143050600007, 34.10818664000004], [133.18785891100003, 34.10273210800011]]], [[[133.1728774190002, 34.10747053200009], [133.17544775600015, 34.107481135], [133.17518905300017, 34.10625274800009], [133.1728774190002, 34.10747053200009]]], [[[133.44756444900008, 34.11019389200004], [133.4501152790001, 34.10720777500012], [133.44654111500017, 34.10762055900017], [133.44756444900008, 34.11019389200004]]], [[[133.18767491600022, 34.11658382899998], [133.18383700400022, 34.12225427900006], [133.19144281500007, 34.12319275000016], [133.18767491600022, 34.11658382899998]]], [[[133.1594550320001, 34.12417502700015], [133.15863189400022, 34.11793719800016], [133.15506778200017, 34.12277774800009], [133.1594550320001, 34.12417502700015]]], [[[133.5418792480001, 34.1312406940001], [133.52574795100008, 34.13357333300007], [133.52716547300008, 34.13660610800014], [133.5418792480001, 34.1312406940001]]], [[[133.45439948100022, 34.15566282900011], [133.45653630400022, 34.15345010800007], [133.45300888500014, 34.153483360000166], [133.45439948100022, 34.15566282900011]]], [[[133.1073963550001, 34.15825177500005], [133.10811169900035, 34.15870519800018], [133.1082383270002, 34.156785054000125], [133.1073963550001, 34.15825177500005]]], [[[133.31743333300005, 34.166560279000066], [133.32062333300019, 34.16743277500012], [133.31720832700012, 34.16532], [133.31743333300005, 34.166560279000066]]], [[[133.35888778200012, 34.16983833300003], [133.36621306100005, 34.167045829000074], [133.36345778200007, 34.16295638700012], [133.35888778200012, 34.16983833300003]]], [[[133.31572693900011, 34.17044749500019], [133.32571472100028, 34.180634441000166], [133.3281911150002, 34.17355500000019], [133.31572693900011, 34.17044749500019]]], [[[133.0809514790002, 34.18172182900008], [133.08020535700007, 34.183621], [133.0820951620001, 34.18338291900005], [133.0809514790002, 34.18172182900008]]], [[[133.08834394300004, 34.19486805400004], [133.08880272400006, 34.18256838700012], [133.08365194600003, 34.18179358600008], [133.08834394300004, 34.19486805400004]]], [[[133.27228499400007, 34.20005527899997], [133.26831666700002, 34.18249944100012], [133.26492610900004, 34.19688944100005], [133.27228499400007, 34.20005527899997]]], [[[133.63307041500002, 34.194771739000146], [133.63600262000023, 34.19297282000008], [133.63293648500007, 34.191705658000046], [133.63307041500002, 34.194771739000146]]], [[[133.07206955900017, 34.19585316200005], [133.07579172500016, 34.196226279000086], [133.07705625200003, 34.19317364000017], [133.07206955900017, 34.19585316200005]]], [[[133.6225807750002, 34.199793528999976], [133.63066728900026, 34.200310270000045], [133.63008211600004, 34.195990441000106], [133.6225807750002, 34.199793528999976]]], [[[133.10781516200007, 34.241666667000175], [133.10959795100007, 34.19095397300009], [133.05371116600008, 34.21221453300012], [133.10781516200007, 34.241666667000175]]], [[[133.60985287600033, 34.21665663800019], [133.60745585000006, 34.21976062199997], [133.61098814500008, 34.22013965800011], [133.60985287600033, 34.21665663800019]]], [[[133.15791250300026, 34.230674721000184], [133.1534557460002, 34.22324310800019], [133.14905159900002, 34.215923888000134], [133.14751611200006, 34.22208395700011], [133.15791250300026, 34.230674721000184]]], [[[133.2604638910001, 34.23545666700005], [133.256260558, 34.22882777500013], [133.25038527900006, 34.229645000000176], [133.2604638910001, 34.23545666700005]]], [[[133.1562874970001, 34.24519222500004], [133.16719138800022, 34.234166667000125], [133.1522519460001, 34.23285582900019], [133.1562874970001, 34.24519222500004]]], [[[133.1882800000002, 34.22910861300011], [133.18495649800013, 34.25275874800019], [133.19886791500005, 34.254376806000096], [133.1882800000002, 34.22910861300011]]], [[[133.69953997400034, 34.258304306000184], [133.70164505800005, 34.25943225200007], [133.70223391700006, 34.255960081000126], [133.69953997400034, 34.258304306000184]]], [[[133.166475837, 34.260225559000105], [133.12998083000014, 34.25708027900009], [133.15250277600023, 34.28040972100018], [133.166475837, 34.260225559000105]]], [[[133.22831416300016, 34.29206805400014], [133.21926138800006, 34.24956749500018], [133.2139747210001, 34.24396500000017], [133.20034499400026, 34.23998944100015], [133.19883805400013, 34.26879972100005], [133.22831416300016, 34.29206805400014]]], [[[133.17194778200007, 34.25811082900009], [133.18826389100013, 34.26938389200012], [133.1860875230002, 34.25851069400005], [133.17194778200007, 34.25811082900009]]], [[[133.68217031100016, 34.27294020700015], [133.67124880700032, 34.26868851400013], [133.67012018200012, 34.272040441000115], [133.68217031100016, 34.27294020700015]]], [[[133.62295799000003, 34.256063820000065], [133.6235742020002, 34.28666249500009], [133.65649648800002, 34.28131189400011], [133.62295799000003, 34.256063820000065]]], [[[133.09372780800015, 34.25661049500013], [133.09332997400008, 34.31403569399998], [133.15006888500022, 34.29786661300005], [133.09372780800015, 34.25661049500013]]], [[[133.16080306100002, 34.28740389200004], [133.16538778200015, 34.28714861300017], [133.16385000000014, 34.2844516670001], [133.16080306100002, 34.28740389200004]]], [[[133.17161277600007, 34.28700916200006], [133.17361472100004, 34.28810805400002], [133.17417111500015, 34.28604027900013], [133.17161277600007, 34.28700916200006]]], [[[133.2742336450001, 34.30037133300016], [133.2743170560001, 34.30165449500009], [133.27777277600023, 34.300120829000036], [133.2742336450001, 34.30037133300016]]], [[[133.53803179700003, 34.309672050000074], [133.53402277600003, 34.29847444100005], [133.52612083000008, 34.302737494999974], [133.53803179700003, 34.309672050000074]]], [[[133.4699797280001, 34.31030138700004], [133.45891277600003, 34.316267495000034], [133.47062527900005, 34.31528333300014], [133.4699797280001, 34.31030138700004]]], [[[133.68251300300005, 34.308397599000045], [133.6801344490001, 34.3058174950001], [133.67483597900014, 34.305848955000044], [133.66998926100007, 34.30850031500006], [133.661704449, 34.324381108000125], [133.68251300300005, 34.308397599000045]], [[133.68122333300016, 34.30879444100003], [133.6801838910003, 34.306731667000065], [133.68251300300005, 34.308397599000045], [133.68122333300016, 34.30879444100003]]], [[[133.21084345900022, 34.31910395900002], [133.13451372200007, 34.328875387000096], [133.14763269800017, 34.35788158600013], [133.21084345900022, 34.31910395900002]]], [[[133.06456208800012, 34.30511755900011], [133.08094031100018, 34.33220202700005], [133.08179489000008, 34.30348382900013], [133.06456208800012, 34.30511755900011]]], [[[133.516131115, 34.31983416200018], [133.51746138800002, 34.321321946000126], [133.51754944200002, 34.319901667000124], [133.516131115, 34.31983416200018]]], [[[133.64097861200003, 34.333480829000166], [133.64259639400007, 34.337565829000084], [133.64658499400002, 34.334281387000146], [133.64097861200003, 34.333480829000166]]], [[[133.11221316500007, 34.36016179300009], [133.09600778200013, 34.323643613000115], [133.09469221800032, 34.33064666700011], [133.11221316500007, 34.36016179300009]]], [[[133.49719416300013, 34.340392495], [133.50916298300024, 34.34268675700014], [133.508263606, 34.33484222500016], [133.49719416300013, 34.340392495]]], [[[133.63174608300017, 34.3388904950001], [133.61994686100002, 34.333585721000134], [133.61868345000005, 34.35460180200005], [133.63174608300017, 34.3388904950001]]], [[[133.45466944200007, 34.33768138700009], [133.42734579800026, 34.34956479300007], [133.4412861090001, 34.34968972100012], [133.45466944200007, 34.33768138700009]], [[133.4325450450001, 34.34772262200016], [133.43394317800005, 34.34825583800006], [133.43287235000014, 34.34859329300019], [133.4325450450001, 34.34772262200016]]], [[[133.26377444900015, 34.347767495000085], [133.28586389100008, 34.33837972100014], [133.26232000000016, 34.33233749500005], [133.26377444900015, 34.347767495000085]]], [[[133.522641388, 34.34806722500019], [133.51968315900012, 34.34618241900017], [133.5166666670001, 34.35227544100019], [133.522641388, 34.34806722500019]]], [[[133.13916616100016, 34.35738753200013], [133.14175133600008, 34.35143441400015], [133.13776736700004, 34.356398775000116], [133.13916616100016, 34.35738753200013]]], [[[133.5670876910002, 34.351051558999984], [133.58148509500006, 34.361936583000045], [133.59108917000003, 34.36172805400008], [133.5670876910002, 34.351051558999984]]], [[[133.46786083000018, 34.35520138700019], [133.46508917000017, 34.35662694600006], [133.46679416300015, 34.357303054000056], [133.46786083000018, 34.35520138700019]]], [[[133.3251070560002, 34.35996805400015], [133.3381694420001, 34.35657666700007], [133.30268194600012, 34.34234805400007], [133.28873317800014, 34.356026604000135], [133.3147244490001, 34.37234749500004], [133.3251070560002, 34.35996805400015]]], [[[133.78547472100013, 34.36404222500016], [133.77416494200008, 34.35705082900006], [133.7760131650001, 34.36423577500017], [133.78547472100013, 34.36404222500016]]], [[[133.0993614920003, 34.364405423], [133.1044435540001, 34.36042188300013], [133.09843647200012, 34.360411865000174], [133.0993614920003, 34.364405423]]], [[[133.1445565890001, 34.3710885320001], [133.13576483800034, 34.35927227900004], [133.13322888500022, 34.36078433300008], [133.1445565890001, 34.3710885320001]]], [[[133.22019732800004, 34.36771680200019], [133.2192763290002, 34.36921677500004], [133.22048756200013, 34.369076495000115], [133.22019732800004, 34.36771680200019]]], [[[133.33593693900002, 34.370600829000125], [133.33882944200013, 34.370848333000026], [133.33786083000007, 34.36977944100005], [133.33593693900002, 34.370600829000125]]], [[[133.85000603000003, 34.37286703500007], [133.85496579900018, 34.37211784600015], [133.8548138650002, 34.37067494600012], [133.85000603000003, 34.37286703500007]]], [[[133.2770477820003, 34.381195559000105], [133.2701616600002, 34.36082082900009], [133.25753472100007, 34.37990555900012], [133.2770477820003, 34.381195559000105]]], [[[133.59273944300003, 34.373952361000136], [133.59411861200022, 34.373375], [133.59223693900003, 34.372484721000035], [133.59273944300003, 34.373952361000136]]], [[[133.22160228300004, 34.374746748000064], [133.22318897500008, 34.374665387000164], [133.22370066100018, 34.37209641400017], [133.22160228300004, 34.374746748000064]]], [[[133.58606861200008, 34.37583694600005], [133.58732555100005, 34.37341416200013], [133.58370472100034, 34.37219722500009], [133.58606861200008, 34.37583694600005]]], [[[133.23812277600018, 34.37437694600004], [133.24647083000002, 34.3751883330001], [133.24433111500002, 34.37088389200005], [133.23812277600018, 34.37437694600004]]], [[[133.730579948, 34.370529973000146], [133.68444588800003, 34.361709559000076], [133.71274204900033, 34.40056838700008], [133.730579948, 34.370529973000146]]], [[[133.65044861200033, 34.373051108000084], [133.64946241200005, 34.38328405400017], [133.65386489000002, 34.3746019190001], [133.65044861200033, 34.373051108000084]]], [[[133.5829952790001, 34.38086138699998], [133.58882805400015, 34.38121582900004], [133.58579693900026, 34.37684], [133.5829952790001, 34.38086138699998]]], [[[133.38890778200027, 34.38065805400015], [133.3908311150002, 34.38128666700004], [133.39034621100006, 34.38014357800006], [133.38890778200027, 34.38065805400015]]], [[[133.15599788600002, 34.37434994600011], [133.1683634110001, 34.389645640000026], [133.17113333300028, 34.372626160000095], [133.15599788600002, 34.37434994600011]]], [[[133.17263338500004, 34.39305972100016], [133.21206038900016, 34.35617797300017], [133.17437705600003, 34.36649741399998], [133.17263338500004, 34.39305972100016]]], [[[133.399261388, 34.388556667000046], [133.3978486120002, 34.377725559000055], [133.3875363940001, 34.38361416200013], [133.399261388, 34.388556667000046]]], [[[133.5009633330002, 34.38280333300008], [133.49686511000016, 34.382180829000106], [133.4954424770001, 34.384831973000075], [133.5009633330002, 34.38280333300008]]], [[[133.54501168600018, 34.402156946000105], [133.5588680540002, 34.36713472100007], [133.51651570700005, 34.38614463100015], [133.54501168600018, 34.402156946000105]]], [[[133.77766277600006, 34.40100305400006], [133.75522055800002, 34.37001333300003], [133.75270749700007, 34.39860749500019], [133.77766277600006, 34.40100305400006]]], [[[133.8223473910001, 34.38280070900004], [133.81233549900003, 34.39192036000014], [133.82047771700013, 34.39536916200018], [133.8223473910001, 34.38280070900004]]], [[[133.83139810800014, 34.39412330700003], [133.82801066100012, 34.38973177500014], [133.8280414620001, 34.394848606000096], [133.83139810800014, 34.39412330700003]]], [[[133.81133538300003, 34.397780721000174], [133.81266332000007, 34.39512819800012], [133.81109836600012, 34.39374108100003], [133.81133538300003, 34.397780721000174]]], [[[133.66177917000005, 34.398354332999986], [133.67604166, 34.40929949500003], [133.66613027200003, 34.382628613], [133.66177917000005, 34.398354332999986]]], [[[133.5137670040001, 34.38968949500003], [133.50488221800003, 34.40697305400016], [133.5271244490001, 34.41578638700014], [133.5137670040001, 34.38968949500003]]], [[[133.7733425030001, 34.403655], [133.77484027200012, 34.40419972100011], [133.77538639400007, 34.40333722499997], [133.7733425030001, 34.403655]]], [[[133.77917583700014, 34.40138194600013], [133.78396527900009, 34.40723416200012], [133.78946472100006, 34.40361166700012], [133.77917583700014, 34.40138194600013]]], [[[133.80883372200014, 34.408191], [133.81129177700018, 34.40426844100011], [133.80787455300003, 34.40463316200004], [133.80883372200014, 34.408191]]], [[[133.78023649800002, 34.415174586000035], [133.77790480800002, 34.412046363000115], [133.77501686100015, 34.41407377500019], [133.78023649800002, 34.415174586000035]]], [[[133.79560247700022, 34.42528630600003], [133.8080979130001, 34.422478397000134], [133.80615557700014, 34.41275533300012], [133.79560247700022, 34.42528630600003]]], [[[133.51550444900022, 34.420345279], [133.51666888500006, 34.42085555900013], [133.51703610900006, 34.419957775000114], [133.51550444900022, 34.420345279]]], [[[133.8278589490002, 34.42378233300019], [133.83677832700005, 34.425470775000065], [133.8309204410001, 34.41759897300017], [133.8278589490002, 34.42378233300019]]], [[[133.81799438400026, 34.42416516200018], [133.81397058400023, 34.42566058600005], [133.81875891100003, 34.42545986500005], [133.81799438400026, 34.42416516200018]]], [[[133.76397466900005, 34.41977069400019], [133.77472299600004, 34.42670553200003], [133.7768921400001, 34.421599054000126], [133.76397466900005, 34.41977069400019]]], [[[133.50092472100005, 34.43106277500004], [133.5173663940002, 34.43485555900014], [133.49981168600004, 34.423885667000036], [133.50092472100005, 34.43106277500004]]], [[[133.48911972800022, 34.431715559000054], [133.49086722400034, 34.432132495000076], [133.48935778200018, 34.430430559000115], [133.48911972800022, 34.431715559000054]]], [[[133.49901888500005, 34.437042225000084], [133.50057778200005, 34.433964721000166], [133.4959197280001, 34.43104527899999], [133.49901888500005, 34.437042225000084]]], [[[133.79157380000004, 34.43794919800007], [133.79287333300022, 34.43766861300003], [133.79416308700013, 34.436775], [133.79157380000004, 34.43794919800007]]], [[[133.5016938230001, 34.440170743000124], [133.5044641630003, 34.4383150000001], [133.50266527900033, 34.436517495000146], [133.5016938230001, 34.440170743000124]]], [[[133.81438722200005, 34.442188990000034], [133.8143230290002, 34.44056790600018], [133.81324308700016, 34.44167361300009], [133.81438722200005, 34.442188990000034]]], [[[133.75130481200006, 34.4491638290001], [133.75452247400005, 34.44783352100012], [133.75311085600015, 34.447048865000056], [133.75130481200006, 34.4491638290001]]], [[[133.74573608300022, 34.45463413500005], [133.74683941600006, 34.455260973000065], [133.74752771700014, 34.454072532000055], [133.74573608300022, 34.45463413500005]]], [[[133.688272309, 34.46164172100009], [133.69294099900014, 34.462334775000045], [133.69012241200005, 34.46040900000014], [133.688272309, 34.46164172100009]]], [[[133.76063775600005, 34.46428064000003], [133.76223557700007, 34.462242252000124], [133.76072939000005, 34.46205264000008], [133.76063775600005, 34.46428064000003]]], [[[133.7115602460002, 34.46615610800012], [133.71053077800002, 34.460566946000085], [133.70735572000012, 34.463790225000025], [133.7115602460002, 34.46615610800012]]], [[[133.52532944200004, 34.47278472100015], [133.52637722400004, 34.473465], [133.52667360600003, 34.47233944100003], [133.52532944200004, 34.47278472100015]]], [[[133.68441632900021, 34.504266721000135], [133.66898634100005, 34.49071375700015], [133.66919302200017, 34.502028027000165], [133.68441632900021, 34.504266721000135]]], [[[133.21051000000023, 35.57576417100017], [133.21251723900014, 35.577357601000074], [133.21346777600002, 35.57554861300014], [133.21051000000023, 35.57576417100017]]], [[[133.24500506800007, 35.58151868000016], [133.23991749700008, 35.57984083800005], [133.23461357900032, 35.579304120000074], [133.24500506800007, 35.58151868000016]]], [[[133.12394666700015, 35.596138333], [133.12568472100008, 35.588023333000024], [133.1192933330001, 35.58922694600005], [133.12394666700015, 35.596138333]]], [[[133.1206202720001, 35.59656194600018], [133.12110922400007, 35.595072226000184], [133.11998610900002, 35.59432527900009], [133.1206202720001, 35.59656194600018]]], [[[133.09823175100018, 35.6026058650001], [133.0976605180001, 35.60376722500007], [133.0993394420001, 35.605545279000125], [133.09823175100018, 35.6026058650001]]], [[[133.07717939000008, 36.00000000000017], [133.07772555100007, 35.99305972100018], [133.075909442, 35.99962166700004], [133.07717939000008, 36.00000000000017]]], [[[133.13634132000004, 36.06711618200018], [133.1372522180003, 36.07044861300011], [133.13802416300018, 36.068048892000036], [133.13634132000004, 36.06711618200018]]], [[[133.06867888500017, 36.03476333300017], [133.09351805400001, 36.117675], [133.15262778200008, 36.07453861300013], [133.096954449, 36.072255], [133.06867888500017, 36.03476333300017]]], [[[133.1633188850003, 36.11448333300007], [133.16851639400022, 36.10092444100013], [133.15643639400025, 36.10486166700014], [133.1633188850003, 36.11448333300007]]], [[[133.11976456200023, 36.127463015000046], [133.12204982900005, 36.129122515], [133.12157950000028, 36.127417067000124], [133.11976456200023, 36.127463015000046]]], [[[133.1732266670001, 36.13334], [133.17478180900002, 36.140166667000074], [133.17966306100016, 36.13699472100018], [133.1732266670001, 36.13334]]], [[[133.09144306100018, 36.13672610800006], [133.09010743100032, 36.13741999600006], [133.0930038910002, 36.13905805400009], [133.09144306100018, 36.13672610800006]]], [[[133.12211633000015, 36.14715441300001], [133.1226516600002, 36.14847166700014], [133.12489306100008, 36.14690583800018], [133.12211633000015, 36.14715441300001]]], [[[133.25504499400006, 36.15451889200017], [133.25547389100007, 36.15322944100012], [133.25416749700014, 36.15364638699998], [133.25504499400006, 36.15451889200017]]], [[[133.23824499400018, 36.15820333300013], [133.23861083000008, 36.156106946000136], [133.23652360600022, 36.156206387000054], [133.23824499400018, 36.15820333300013]]], [[[133.25492277600006, 36.15688944100009], [133.25163306100023, 36.15789889200005], [133.25306713900022, 36.15997366100004], [133.25492277600006, 36.15688944100009]]], [[[133.34739616100012, 36.205900252000106], [133.3463818240001, 36.20708687200005], [133.34822058400005, 36.20756597299999], [133.34739616100012, 36.205900252000106]]], [[[133.18736250300003, 36.24662389200006], [133.18823499400014, 36.24592833300011], [133.18822111500015, 36.24486666700005], [133.18736250300003, 36.24662389200006]]], [[[133.37593839200008, 36.25107372100007], [133.37832221800022, 36.25146138700018], [133.37697221800022, 36.25017], [133.37593839200008, 36.25107372100007]]], [[[133.1820773610002, 36.21212375200008], [133.30638605700005, 36.19904774800017], [133.33933005200004, 36.169632278999984], [133.1820773610002, 36.21212375200008]]], [[[133.38656083000012, 36.27219805400006], [133.385745143, 36.27028111300018], [133.3850066670002, 36.27135833300014], [133.38656083000012, 36.27219805400006]]], [[[133.3429865500002, 36.309444081000095], [133.34417696900005, 36.308987311000124], [133.34364099900006, 36.3075074410001], [133.3429865500002, 36.309444081000095]]], [[[133.27457389100016, 36.350481667000054], [133.27750277600012, 36.349685000000136], [133.27626555100017, 36.3490230540001], [133.27457389100016, 36.350481667000054]]], [[[133.27868055800002, 36.35176055900018], [133.28091083000004, 36.35120861300015], [133.27991277600006, 36.35025666700011], [133.27868055800002, 36.35176055900018]]], [[[133.2761261090002, 36.355877775000124], [133.27819917000022, 36.35415194600006], [133.276703891, 36.353005279000115], [133.2761261090002, 36.355877775000124]]], [[[134.16099562900013, 33.26491764000008], [134.15935081500004, 33.2677351530001], [134.16014284000016, 33.2628756580001], [134.16099562900013, 33.26491764000008]]], [[[134.31012164700007, 33.54013676599999], [134.31357305200027, 33.53815985300014], [134.30941700100004, 33.53789229900019], [134.31012164700007, 33.54013676599999]]], [[[134.32275639400018, 33.54429972100013], [134.31690306100006, 33.54155444100013], [134.31723917000022, 33.54911889200014], [134.32275639400018, 33.54429972100013]]], [[[134.36724635400014, 33.589890838000144], [134.36893499400003, 33.58889916200019], [134.36620722400016, 33.58835805400014], [134.36724635400014, 33.589890838000144]]], [[[134.42646949400023, 33.635878649000176], [134.42193974300017, 33.630141022000146], [134.42194521400017, 33.637963306000074], [134.42646949400023, 33.635878649000176]]], [[[134.49760930600007, 33.630224167], [134.4850061090001, 33.64509555899997], [134.50471338500017, 33.64102513500018], [134.49760930600007, 33.630224167]]], [[[134.45032784700015, 33.64000118000013], [134.44876583700022, 33.63716138700005], [134.44478832700008, 33.63888916200011], [134.45032784700015, 33.64000118000013]]], [[[134.5918686120002, 33.763306946000114], [134.59356917000002, 33.75916666700016], [134.59050601800004, 33.75838746500017], [134.5918686120002, 33.763306946000114]]], [[[134.79657641100016, 33.84894109300012], [134.80480755700012, 33.839484239000114], [134.79238223400012, 33.84606213100011], [134.79657641100016, 33.84894109300012]]], [[[134.80683359700004, 33.851656297000034], [134.821469728, 33.85618472100009], [134.80900972200004, 33.839980485000126], [134.80683359700004, 33.851656297000034]]], [[[134.72760422800002, 33.84751391000003], [134.74284712500003, 33.85185097699997], [134.74071998700026, 33.84969485600004], [134.72760422800002, 33.84751391000003]]], [[[134.70935555100004, 33.85280532399997], [134.71085520400004, 33.85704930000014], [134.7146978290001, 33.85639189099999], [134.70935555100004, 33.85280532399997]]], [[[134.6492405450001, 33.854050514000164], [134.65654574600012, 33.868531027000074], [134.6640269390001, 33.861393541000155], [134.6492405450001, 33.854050514000164]]], [[[134.67809531800003, 33.86165673000016], [134.67151597900022, 33.867541964], [134.67992358000015, 33.869762127000115], [134.67809531800003, 33.86165673000016]]], [[[134.6647147860001, 33.87670118900013], [134.66728036300003, 33.87730656800005], [134.67343841100012, 33.876499710000076], [134.6647147860001, 33.87670118900013]]], [[[134.7142358880002, 33.91230987400007], [134.71376179000004, 33.91133715400008], [134.71159181600012, 33.91149241400012], [134.7142358880002, 33.91230987400007]]], [[[134.7187465940002, 33.92360419800019], [134.72280776900004, 33.92609760099998], [134.72149215700006, 33.92416215300011], [134.7187465940002, 33.92360419800019]]], [[[134.5906690270001, 34.04525161300006], [134.59610958500002, 34.04932402700007], [134.59383606400024, 34.044462719000194], [134.5906690270001, 34.04525161300006]]], [[[134.83041289300002, 34.164324642999986], [134.81157247700014, 34.16515938700013], [134.82159770400017, 34.17973210600019], [134.83041289300002, 34.164324642999986]]], [[[134.64382233000003, 34.23935794], [134.62314477300026, 34.185434532000045], [134.58771642000033, 34.20731361300011], [134.64382233000003, 34.23935794]]], [[[134.60507522700016, 34.25156641400014], [134.60871204900002, 34.23325861300009], [134.5911250580001, 34.21399666700012], [134.60507522700016, 34.25156641400014]]], [[[134.68816149700012, 34.24209643600011], [134.68924289200015, 34.242518333000135], [134.68979287900004, 34.24135982700017], [134.68816149700012, 34.24209643600011]]], [[[134.70758941600002, 34.24878530600006], [134.70874124500006, 34.248609], [134.7080168870001, 34.24765586500013], [134.70758941600002, 34.24878530600006]]], [[[134.70962555100004, 34.24907416200011], [134.71316250300015, 34.248087748000046], [134.71285516600017, 34.24715885300003], [134.70962555100004, 34.24907416200011]]], [[[134.95608158200014, 34.27714286500003], [134.95823572600034, 34.281736476000106], [134.957172387, 34.27637422500004], [134.95608158200014, 34.27714286500003]]], [[[134.30697847000033, 34.280813919000025], [134.3082493930001, 34.28291027500012], [134.30869649800002, 34.27993422500009], [134.30697847000033, 34.280813919000025]]], [[[134.30982194600006, 34.283303054000044], [134.3082493930001, 34.28291027500012], [134.3090802720002, 34.28457500000013], [134.30982194600006, 34.283303054000044]]], [[[135.02249681700005, 34.29287572599998], [135.0110282520002, 34.275710424000124], [134.99926338800003, 34.27969623400003], [135.02249681700005, 34.29287572599998]]], [[[134.95215975400015, 34.29232002700013], [134.95266866400016, 34.292558892000045], [134.95823572600034, 34.281736476000106], [134.95215975400015, 34.29232002700013]]], [[[134.2729786120002, 34.32338777500013], [134.27522616400006, 34.32161429700011], [134.27245477300016, 34.32155519800011], [134.2729786120002, 34.32338777500013]]], [[[134.89686695900014, 34.35454800000019], [134.8969075230001, 34.35331438700018], [134.896161193, 34.352384252000036], [134.89686695900014, 34.35454800000019]]], [[[134.00011328100015, 34.35992894600008], [133.99299535700004, 34.35806644100006], [133.9931421660002, 34.36288108100018], [134.00011328100015, 34.35992894600008]]], [[[134.11802166000007, 34.362031000000115], [134.11512754300009, 34.36013093700018], [134.11519302200008, 34.361604441000054], [134.11802166000007, 34.362031000000115]]], [[[134.17643386500004, 34.39124930600019], [134.17241457800014, 34.39294733300011], [134.1736793900002, 34.397859081000036], [134.17643386500004, 34.39124930600019]]], [[[133.92534345, 34.39413149500018], [133.92118389100006, 34.395517694000034], [133.92256260700026, 34.39650833300004], [133.92534345, 34.39413149500018]]], [[[134.03558394300023, 34.38325713500018], [134.05432414000018, 34.39059752600008], [134.03786185500007, 34.37941222500018], [134.03558394300023, 34.38325713500018]]], [[[134.9428407260002, 34.29940719800004], [134.6546046110002, 34.29200805400012], [134.68711010000004, 34.33109194900004], [134.73009002600008, 34.329972414], [134.79746272400018, 34.448521613000025], [134.8876508300001, 34.531361541000024], [135.00219313900004, 34.60916827900007], [134.8952654730001, 34.417452910000065], [134.89365664100023, 34.3522410540001], [134.9121703610001, 34.340559948000134], [134.9198214400002, 34.312920135000184], [134.9428407260002, 34.29940719800004]], [[134.6600262520002, 34.29271264000016], [134.6569624120001, 34.29372349500005], [134.65824348000012, 34.292552054000055], [134.6600262520002, 34.29271264000016]], [[134.89717386500013, 34.346727225000166], [134.89786569400007, 34.34583394600003], [134.89922763500022, 34.34720543000003], [134.89717386500013, 34.346727225000166]], [[134.9142115830001, 34.331220541000164], [134.91357316500023, 34.32961861300015], [134.91487341100014, 34.32977336000005], [134.9142115830001, 34.331220541000164]]], [[[134.1118563880001, 34.404745270000035], [134.10370953300003, 34.41340761300012], [134.10794041500003, 34.41359516200009], [134.1118563880001, 34.404745270000035]]], [[[134.1367676650001, 34.412338973000146], [134.13799413700008, 34.40990302700004], [134.13386475900006, 34.409874093000155], [134.1367676650001, 34.412338973000146]]], [[[134.1210239950001, 34.4126247480001], [134.1230529510001, 34.410410840000054], [134.1197192740002, 34.410025279000024], [134.1210239950001, 34.4126247480001]]], [[[134.12614869200013, 34.42138939200015], [134.1267973670001, 34.41621288600015], [134.12227208200022, 34.416582703000074], [134.12614869200013, 34.42138939200015]]], [[[133.9233207000002, 34.421755586000074], [133.924874358, 34.417429613000024], [133.9196581970001, 34.41958230600005], [133.9233207000002, 34.421755586000074]]], [[[134.06496444900006, 34.42212138700006], [134.05378933900022, 34.424067], [134.0608192740002, 34.43379435999998], [134.06496444900006, 34.42212138700006]]], [[[134.28709233500012, 34.426430360000154], [134.2901839430001, 34.42562627899997], [134.28873530500016, 34.425054586000044], [134.28709233500012, 34.426430360000154]]], [[[134.00679583700003, 34.44191277500016], [134.01484083000003, 34.44176527900004], [134.0070649940002, 34.43557861300013], [134.00679583700003, 34.44191277500016]]], [[[134.34712581100007, 34.440528973000085], [134.3502079120001, 34.43746025200011], [134.34505808000017, 34.439692495000145], [134.34712581100007, 34.440528973000085]]], [[[134.31973961100005, 34.445832306], [134.3240720040002, 34.44683020700006], [134.3236819460002, 34.4455851350001], [134.31973961100005, 34.445832306]]], [[[134.3252199740001, 34.44645419800014], [134.3240720040002, 34.44683020700006], [134.32505011700016, 34.447904081000104], [134.3252199740001, 34.44645419800014]]], [[[133.8507558110001, 34.44922394600019], [133.85528997400002, 34.447993027], [133.8534987810001, 34.44489361300009], [133.8507558110001, 34.44922394600019]]], [[[134.01423367100017, 34.45065455900016], [134.01683639400005, 34.45006944100004], [134.0151557720003, 34.44946344099998], [134.01423367100017, 34.45065455900016]]], [[[133.95867277600007, 34.454482225000106], [133.9662063940001, 34.461161108], [133.96765250300018, 34.45447361300012], [133.95867277600007, 34.454482225000106]]], [[[133.98253277600008, 34.47686110800015], [133.98174888500012, 34.444965279000144], [133.96495583700016, 34.47559110800006], [133.9724288850001, 34.4730508290001], [133.98253277600008, 34.47686110800015]]], [[[134.1103844490001, 34.46450082900003], [134.1114041630001, 34.463489441000036], [134.10958194600005, 34.46350916200015], [134.1103844490001, 34.46450082900003]]], [[[133.9984183270002, 34.46965861300009], [134.0100736060001, 34.470159441000135], [134.00157722400002, 34.46060361300016], [133.9984183270002, 34.46965861300009]]], [[[134.19039444900022, 34.47078166700015], [134.1846069390001, 34.470358892000036], [134.18835055800014, 34.47320166700018], [134.19039444900022, 34.47078166700015]]], [[[134.310857445, 34.47036164000008], [134.3121831130003, 34.47055586500011], [134.3127725290002, 34.469780586000184], [134.310857445, 34.47036164000008]]], [[[133.9587297280002, 34.468466387000035], [133.95073333300002, 34.47345527900018], [133.9548822180002, 34.47750916200016], [133.9587297280002, 34.468466387000035]]], [[[133.9975311410002, 34.470581640000034], [133.99531221800032, 34.47855666700002], [134.000317708, 34.47592382000005], [133.9975311410002, 34.470581640000034]]], [[[134.12814416300012, 34.48151027900019], [134.11686888500014, 34.472166667000124], [134.10836666700015, 34.47445444100009], [134.12814416300012, 34.48151027900019]]], [[[133.9761341630001, 34.47533305400003], [133.97234389100004, 34.48051194600009], [133.97753527900022, 34.47831138700019], [133.9761341630001, 34.47533305400003]]], [[[134.0823541630001, 34.49997166700018], [134.08131972800004, 34.459166387000096], [134.03597442300008, 34.48120008100011], [134.0823541630001, 34.49997166700018]]], [[[133.99450194600024, 34.483368892000044], [133.99019555100006, 34.48517666700013], [133.9940830610003, 34.48682027900003], [133.99450194600024, 34.483368892000044]]], [[[134.1487423870002, 34.467248865000045], [134.1719049940001, 34.52758], [134.18683856000007, 34.51582216200006], [134.36691433200008, 34.56124522500011], [134.3435582750003, 34.54502449500018], [134.33779413700017, 34.43290146800018], [134.3102115820002, 34.47746266700011], [134.23224725000023, 34.41482572100006], [134.2283864200001, 34.48064974800013], [134.1487423870002, 34.467248865000045]], [[134.18884275000016, 34.483363333], [134.18787769100015, 34.48253297300005], [134.18926368600012, 34.481857739000134], [134.18884275000016, 34.483363333]]], [[[134.35249328100008, 34.491497666999976], [134.35496564200014, 34.491434865000144], [134.3529082970001, 34.489823511000054], [134.35249328100008, 34.491497666999976]]], [[[133.97905527900002, 34.49509749500015], [133.9817627760001, 34.48780694600009], [133.976776394, 34.49187305400005], [133.97905527900002, 34.49509749500015]]], [[[134.02211917000022, 34.4794055590001], [134.00750027200002, 34.499181946000135], [134.0238825030002, 34.50683861300013], [134.02211917000022, 34.4794055590001]]], [[[133.97313, 34.49576889200017], [133.97614455300004, 34.497573973000044], [133.97644, 34.49572722500017], [133.97313, 34.49576889200017]]], [[[133.9701027760001, 34.50151694600004], [133.97725111500017, 34.49944055900011], [133.97321527900033, 34.49854249500004], [133.97121693900021, 34.49575555900003], [133.9701027760001, 34.50151694600004]]], [[[133.97362693900016, 34.51251610800011], [133.96931555100025, 34.50383582899997], [133.96911832700027, 34.51029333300011], [133.97362693900016, 34.51251610800011]]], [[[134.15300055800003, 34.520401108000044], [134.14490306100015, 34.51730055900009], [134.1449638910002, 34.52051610800015], [134.15300055800003, 34.520401108000044]]], [[[134.16469221800014, 34.52210444100001], [134.16055749700024, 34.519043892000184], [134.15584888500007, 34.51776444100011], [134.16469221800014, 34.52210444100001]]], [[[134.1730725030003, 34.52832110800006], [134.1719049940001, 34.52758], [134.17160469500004, 34.52887749500019], [134.1730725030003, 34.52832110800006]]], [[[134.1603961090001, 34.52969610800017], [134.15892111500023, 34.53048694600005], [134.1620797280002, 34.53141138700005], [134.1603961090001, 34.52969610800017]]], [[[134.9085053150003, 34.53523872500017], [134.9064409990002, 34.53368772599998], [134.90767563200018, 34.53592348600006], [134.9085053150003, 34.53523872500017]]], [[[134.35530002600012, 34.54132005400004], [134.3622101950001, 34.54161413500009], [134.35618766600032, 34.540432446000125], [134.35530002600012, 34.54132005400004]]], [[[134.29709778200015, 34.55136444100003], [134.29841111500014, 34.551560829000096], [134.29824, 34.55049555900007], [134.29709778200015, 34.55136444100003]]], [[[134.28083610900012, 34.55780277500003], [134.2820174970002, 34.55694916199997], [134.28049221800018, 34.55659110800019], [134.28083610900012, 34.55780277500003]]], [[[134.09242408600005, 34.558786279], [134.09376869000027, 34.55772105400007], [134.09262688700005, 34.55727733300006], [134.09242408600005, 34.558786279]]], [[[134.09255537100012, 34.562119376], [134.09073291800007, 34.56086674800014], [134.09133505500006, 34.561994786000184], [134.09255537100012, 34.562119376]]], [[[134.1079171980001, 34.56073289200003], [134.11086735900005, 34.562291926000114], [134.1107648770003, 34.56054288800016], [134.1079171980001, 34.56073289200003]]], [[[134.09698147900008, 34.5594636670001], [134.10518342100033, 34.56762490099999], [134.1065478600002, 34.560752], [134.09698147900008, 34.5594636670001]]], [[[134.09531936400015, 34.5679300000001], [134.09823955900026, 34.56519346800019], [134.09490294400018, 34.56491294600005], [134.09531936400015, 34.5679300000001]]], [[[134.4614594420002, 34.59677889200003], [134.4628158370001, 34.59547166700014], [134.46116194600006, 34.59423638700008], [134.4614594420002, 34.59677889200003]]], [[[134.48265333300003, 34.59419305400013], [134.47946389100014, 34.59964249500007], [134.4855633330002, 34.598577495000086], [134.48265333300003, 34.59419305400013]]], [[[134.46776306100014, 34.59757389200007], [134.46755166000014, 34.595522225000025], [134.46617555100022, 34.595449162000136], [134.46776306100014, 34.59757389200007]]], [[[134.19346294400032, 34.59490872100008], [134.19962805400007, 34.60164666700018], [134.20139951400006, 34.5992841690001], [134.19346294400032, 34.59490872100008]]], [[[134.15921313900003, 34.60037642800012], [134.16332416700004, 34.59949458300008], [134.15791888500007, 34.59702], [134.15921313900003, 34.60037642800012]]], [[[133.98848133600006, 34.60564455900004], [133.99075810600027, 34.60297372100018], [133.99070880700003, 34.6004889730001], [133.98848133600006, 34.60564455900004]]], [[[134.46679527900017, 34.60435916200015], [134.46785166000006, 34.60310805400019], [134.46582749700008, 34.602673892000155], [134.46679527900017, 34.60435916200015]]], [[[133.98810369600005, 34.6070853060001], [133.98384108300002, 34.606706248000194], [133.9874067830002, 34.6080983600001], [133.98810369600005, 34.6070853060001]]], [[[134.20168639400003, 34.616165829000124], [134.16790749700021, 34.6022022250001], [134.16425083000001, 34.60401749500005], [134.20168639400003, 34.616165829000124]]], [[[134.20122027200023, 34.60746416200004], [134.2097027760002, 34.61274333300008], [134.21070221800016, 34.611758892000125], [134.20122027200023, 34.60746416200004]]], [[[134.47219221800003, 34.61267194600015], [134.474598054, 34.61081805400005], [134.47132000000022, 34.60970194600009], [134.47219221800003, 34.61267194600015]]], [[[134.42241680300003, 34.62242715100001], [134.42422306100002, 34.622685559000104], [134.42401166000025, 34.62157527900007], [134.42241680300003, 34.62242715100001]]], [[[134.50010113700012, 34.63019081600015], [134.49773749700012, 34.63540110800017], [134.50084138800014, 34.63759444100015], [134.50010113700012, 34.63019081600015]]], [[[134.4800008300001, 34.63929500000012], [134.4822633330001, 34.640822495000066], [134.48153444900004, 34.639413613000045], [134.4800008300001, 34.63929500000012]]], [[[134.58500805400024, 34.64482389200015], [134.5863257960002, 34.64086137200019], [134.58327138800007, 34.64422805400005], [134.58500805400024, 34.64482389200015]]], [[[134.96666410500006, 34.64478585100011], [134.96650734800016, 34.64602148700004], [134.97338538300016, 34.642022694], [134.96666410500006, 34.64478585100011]]], [[[134.53435472800015, 34.64326194200004], [134.52943472100014, 34.644605279000075], [134.53371333300026, 34.64652389200012], [134.53435472800015, 34.64326194200004]]], [[[134.5155905580001, 34.659586108000155], [134.5160177820003, 34.63587889200005], [134.50083722400018, 34.64383138699998], [134.5155905580001, 34.659586108000155]]], [[[134.43528221800022, 34.647138892000044], [134.44110888500006, 34.653885], [134.44146333300012, 34.64888055900013], [134.43528221800022, 34.647138892000044]]], [[[134.52636693900013, 34.65661638700004], [134.52984096900013, 34.655255785000065], [134.52660416300023, 34.65470361300004], [134.52636693900013, 34.65661638700004]]], [[[134.50005693900016, 34.64403833300008], [134.46371713400015, 34.66419682900016], [134.49599832700005, 34.66800425200017], [134.50005693900016, 34.64403833300008]]], [[[134.5795462520001, 34.67418913500006], [134.57100111500029, 34.65237305400018], [134.5615508300001, 34.66874194600007], [134.5795462520001, 34.67418913500006]]], [[[134.21201610900005, 34.66524861300013], [134.21516610900005, 34.66710861300004], [134.21545113600007, 34.66448281500004], [134.21201610900005, 34.66524861300013]]], [[[134.53558861200008, 34.68655222500013], [134.5418972240002, 34.65819472100003], [134.50809639400018, 34.67726194599999], [134.53558861200008, 34.68655222500013]]], [[[134.22488650700018, 34.66768486800004], [134.22600489000013, 34.67125191000014], [134.24525444900007, 34.677648054000144], [134.22488650700018, 34.66768486800004]]], [[[134.6109441630001, 34.67790833300012], [134.60850861200015, 34.67806846900004], [134.60970306100012, 34.67890416200015], [134.6109441630001, 34.67790833300012]]], [[[134.60788306100017, 34.679335559000094], [134.60850861200015, 34.67806846900004], [134.60646194600008, 34.67689666700005], [134.60788306100017, 34.679335559000094]]], [[[134.22382972800006, 34.68136110800009], [134.22633888500013, 34.68076416200006], [134.2252077820002, 34.67961944100011], [134.22382972800006, 34.68136110800009]]], [[[134.25581499400027, 34.687979161999976], [134.2618466670001, 34.67475694600006], [134.24265972800004, 34.680134721000115], [134.25581499400027, 34.687979161999976]]], [[[134.29469968700005, 34.680338923000136], [134.30101, 34.6867166670001], [134.302571284, 34.68248297300005], [134.29469968700005, 34.680338923000136]]], [[[134.6378794420002, 34.687464441000145], [134.63980917000004, 34.683333613000116], [134.63615194600027, 34.685478333000106], [134.6378794420002, 34.687464441000145]]], [[[134.71286821500007, 34.68776474600003], [134.71527308700013, 34.68607894600018], [134.71396620000007, 34.68518825200016], [134.71286821500007, 34.68776474600003]]], [[[134.88399099900005, 34.69187330600016], [134.85733046700022, 34.692091919], [134.86491350200015, 34.702844305999974], [134.88399099900005, 34.69187330600016]]], [[[134.32413166000015, 34.697830279000186], [134.32122517500022, 34.692673901000035], [134.31970444900003, 34.69832638700018], [134.32413166000015, 34.697830279000186]]], [[[134.27136138800017, 34.69862], [134.25069166000003, 34.69255416200019], [134.25030221800012, 34.70568555900013], [134.27136138800017, 34.69862]]], [[[134.29086944200026, 34.70311582900018], [134.2837598660002, 34.698474679000185], [134.27944499400007, 34.70298805400017], [134.29086944200026, 34.70311582900018]]], [[[134.85325858600004, 34.69414816200009], [134.84788138800002, 34.712252748000026], [134.86211632900006, 34.70744208100018], [134.85325858600004, 34.69414816200009]]], [[[134.24744110200004, 34.70991315300017], [134.26624491600012, 34.713622972999985], [134.26882655000009, 34.70857772099998], [134.24744110200004, 34.70991315300017]]], [[[134.21355038900015, 34.712725856000134], [134.21513673200002, 34.71246632400016], [134.21543416300005, 34.711589703000186], [134.21355038900015, 34.712725856000134]]], [[[134.33869472100002, 34.71992277500004], [134.33690111500016, 34.711198892000084], [134.27470194600016, 34.71345722500013], [134.2983449940001, 34.73020166700019], [134.32286888500016, 34.71410110800002], [134.33869472100002, 34.71992277500004]]], [[[134.21207701700007, 34.72204966700019], [134.21304080400034, 34.72588719800018], [134.21931975400014, 34.721269550000045], [134.21207701700007, 34.72204966700019]]], [[[134.49263972800009, 34.740970559], [134.49382, 34.74058749500011], [134.49313083000004, 34.739640829000166], [134.49263972800009, 34.740970559]]], [[[134.49895722400004, 34.749971667000125], [134.50006333300018, 34.749223891999975], [134.49868972800004, 34.74815749500016], [134.49895722400004, 34.749971667000125]]], [[[134.43820464300018, 34.761328721000154], [134.4382412450002, 34.765477829000076], [134.43968204900034, 34.76391927900005], [134.43820464300018, 34.761328721000154]]], [[[134.6988203760003, 34.76273532900018], [134.69267182900023, 34.76826566700015], [134.7013481040002, 34.770697347000066], [134.6988203760003, 34.76273532900018]]], [[[134.60445360200015, 34.77192627200009], [134.59652518800021, 34.759502099000144], [134.59308683200004, 34.76947894900019], [134.60445360200015, 34.77192627200009]]], [[[134.45189175100006, 34.76599761300008], [134.45231498700002, 34.76771244200012], [134.45353341600003, 34.76636439500004], [134.45189175100006, 34.76599761300008]]], [[[134.66744917000005, 34.77016749500012], [134.65720498700023, 34.76512188800018], [134.66226194600006, 34.77250777500012], [134.66744917000005, 34.77016749500012]]], [[[134.1897722240003, 35.54924710500012], [134.18475280200016, 35.547002333000194], [134.18324435800002, 35.54699369400009], [134.1897722240003, 35.54924710500012]]], [[[134.30379717300013, 35.59467513100009], [134.3045331730001, 35.593554501000085], [134.3033465950001, 35.59335061700011], [134.30379717300013, 35.59467513100009]]], [[[134.3859678020002, 35.61788145300011], [134.38637560100005, 35.616639428000155], [134.38449527900013, 35.61632361300019], [134.3859678020002, 35.61788145300011]]], [[[134.64472204900017, 35.660140081000065], [134.64546627800019, 35.65877613500015], [134.64288031100023, 35.65897997300016], [134.64472204900017, 35.660140081000065]]], [[[134.63626396300003, 35.661019330000045], [134.6383522440001, 35.65846813500008], [134.6355758650003, 35.659063679000155], [134.63626396300003, 35.661019330000045]]], [[[134.50175277600022, 35.662189171000136], [134.50368861200002, 35.6620869460001], [134.50315832700005, 35.660277225000186], [134.50175277600022, 35.662189171000136]]], [[[134.67238358000031, 35.66607602700003], [134.6733284620002, 35.66098809600015], [134.6705529960002, 35.661992441], [134.67238358000031, 35.66607602700003]]], [[[134.96502533100022, 35.674356694000096], [134.9622661410001, 35.672911180000085], [134.96176577200004, 35.67423127900014], [134.96502533100022, 35.674356694000096]]], [[[135.79088338500014, 33.440171], [135.78980347000004, 33.44120848699998], [135.79088281700012, 33.44184334100015], [135.79088338500014, 33.440171]]], [[[135.79077263300007, 33.44246477500002], [135.78980347000004, 33.44120848699998], [135.78918460800003, 33.44344567200011], [135.79077263300007, 33.44246477500002]]], [[[135.81868810600008, 33.45263164000005], [135.816741051, 33.445690081000066], [135.81232111500003, 33.44985225200014], [135.81868810600008, 33.45263164000005]]], [[[135.79435914400005, 33.46185923400009], [135.79750477300001, 33.46073541400017], [135.7953643400001, 33.459732587000076], [135.79435914400005, 33.46185923400009]]], [[[135.83183352800006, 33.449121541000125], [135.8003096110001, 33.471332442000175], [135.86278105100018, 33.47240638700009], [135.83183352800006, 33.449121541000125]]], [[[135.77304, 33.46912530600014], [135.7740768870001, 33.46747270700013], [135.7736752610001, 33.46613548200003], [135.77304, 33.46912530600014]]], [[[135.58912203600005, 33.50003732500011], [135.5937040340001, 33.50012327900015], [135.59275809700011, 33.49744439900019], [135.58912203600005, 33.50003732500011]]], [[[135.62515254300013, 33.49980435000015], [135.62604642000008, 33.50195761300006], [135.62675109000008, 33.49971630800013], [135.62515254300013, 33.49980435000015]]], [[[135.8244506230002, 33.50539426600005], [135.82676917000003, 33.50467991900001], [135.8270824770002, 33.50348436000013], [135.8244506230002, 33.50539426600005]]], [[[135.55485538900018, 33.50928451400006], [135.552953655, 33.509915949000174], [135.55389866800022, 33.510971624000035], [135.55485538900018, 33.50928451400006]]], [[[135.55750100200032, 33.51260008300005], [135.55890999700011, 33.51282628500013], [135.55928087600012, 33.511746226000184], [135.55750100200032, 33.51260008300005]]], [[[135.84531936800033, 33.51374872400015], [135.84317472100008, 33.514657194000165], [135.8445822440001, 33.515132640000104], [135.84531936800033, 33.51374872400015]]], [[[135.48672985700023, 33.54447930600014], [135.48927308700013, 33.54316640100012], [135.48701389100006, 33.54281719800008], [135.48672985700023, 33.54447930600014]]], [[[135.9509445010002, 33.614870414000166], [135.95275058400034, 33.61555933300008], [135.95310566800003, 33.61312616200007], [135.9509445010002, 33.614870414000166]]], [[[135.94634180300022, 33.61927674800006], [135.94701511000005, 33.621626279000054], [135.94926418900013, 33.61939544100005], [135.94634180300022, 33.61927674800006]]], [[[135.9890711930002, 33.660908586000176], [135.9858949290001, 33.66098733400014], [135.9874834960002, 33.66397419700007], [135.9890711930002, 33.660908586000176]]], [[[135.33722917000023, 33.662673613000095], [135.33857306100015, 33.662968892000094], [135.33836722400008, 33.6619266670001], [135.33722917000023, 33.662673613000095]]], [[[135.98850820100017, 33.68132987200016], [135.99095798300016, 33.682010744000024], [135.99010992100034, 33.679604097000094], [135.98850820100017, 33.68132987200016]]], [[[135.99109104000024, 33.683798508000166], [135.98991641700013, 33.68545412599997], [135.99151072600012, 33.685426586], [135.99109104000024, 33.683798508000166]]], [[[135.3617088330002, 33.68496366699998], [135.36051570200016, 33.684573969999974], [135.35942856000008, 33.686040081000044], [135.3617088330002, 33.68496366699998]]], [[[135.36733968900012, 33.68876758600004], [135.36648989000003, 33.68612152700007], [135.3639382230001, 33.68751438700019], [135.36733968900012, 33.68876758600004]]], [[[135.36220444900016, 33.69711664000005], [135.36434159500004, 33.69720743300019], [135.36347238700012, 33.69463594600012], [135.36220444900016, 33.69711664000005]]], [[[135.37560372200005, 33.70454294600006], [135.37379583700033, 33.70293582900001], [135.37364749700032, 33.704333892000136], [135.37560372200005, 33.70454294600006]]], [[[135.34803797700022, 33.73433366700016], [135.3496519460001, 33.73252527900013], [135.34810451400017, 33.73199886100008], [135.34803797700022, 33.73433366700016]]], [[[135.31534988300007, 33.75247827900006], [135.31470586300009, 33.749894865000044], [135.31295511000008, 33.75241808100009], [135.31534988300007, 33.75247827900006]]], [[[135.14617545900023, 33.8605439640001], [135.15502219200005, 33.85817936000018], [135.14763693900022, 33.85680458600012], [135.14617545900023, 33.8605439640001]]], [[[136.17248940600007, 33.91138926800011], [136.17336271600004, 33.911970224000015], [136.1740550840001, 33.91117053200014], [136.17248940600007, 33.91138926800011]]], [[[136.21303700400017, 33.930975081000156], [136.21178371000008, 33.93216362200019], [136.2138670820001, 33.93184291900019], [136.21303700400017, 33.930975081000156]]], [[[135.07553138800017, 33.94749194600013], [135.07177167300017, 33.95037222500014], [135.07629364100023, 33.949923888000114], [135.07553138800017, 33.94749194600013]]], [[[135.08712399500018, 33.99169889200016], [135.08961339200016, 33.98685664000004], [135.0813258720001, 33.98922897500012], [135.08712399500018, 33.99169889200016]]], [[[135.0931370300002, 34.002430225000126], [135.08819244500012, 34.00197502700013], [135.08990810600005, 34.00342344100005], [135.0931370300002, 34.002430225000126]]], [[[135.0930981450001, 34.00295222500017], [135.09500325600004, 34.00756546800005], [135.10242649800023, 34.00406008100015], [135.0930981450001, 34.00295222500017]]], [[[135.12518138800021, 34.015149162000114], [135.1187111150001, 34.01844749500009], [135.12874111500014, 34.01761805400008], [135.12518138800021, 34.015149162000114]]], [[[136.26192527100034, 34.05788784200013], [136.2624054470001, 34.06088794600004], [136.26341822300003, 34.05829608100004], [136.26192527100034, 34.05788784200013]]], [[[136.25302204900004, 34.073207], [136.25553150100018, 34.06906649900003], [136.25194914400015, 34.07259880200013], [136.25302204900004, 34.073207]]], [[[135.07694538600003, 34.11533251100019], [135.08342537400029, 34.11334711000018], [135.07996631200012, 34.10967730200008], [135.07694538600003, 34.11533251100019]]], [[[135.09977550600001, 34.10808122200018], [135.10253657300018, 34.11805944100007], [135.10540591400002, 34.109856351000076], [135.09977550600001, 34.10808122200018]]], [[[136.36587958000018, 34.14908955200002], [136.36202156600018, 34.15155826200004], [136.36624985100002, 34.15138623900009], [136.36587958000018, 34.14908955200002]]], [[[135.182337393, 34.150598559000116], [135.17627730200002, 34.15923822500014], [135.184446524, 34.155128802000036], [135.182337393, 34.150598559000116]]], [[[136.30018495200022, 34.15638425000003], [136.30539976800003, 34.16383252600008], [136.30741763900016, 34.160089919000086], [136.30018495200022, 34.15638425000003]]], [[[136.32014659300012, 34.167591936000065], [136.3235651550002, 34.16525973500012], [136.31986290600003, 34.16576574400017], [136.32014659300012, 34.167591936000065]]], [[[136.32149760800007, 34.170181573000036], [136.32014659300012, 34.167591936000065], [136.31869547300016, 34.171166717000176], [136.32149760800007, 34.170181573000036]]], [[[136.3033001250002, 34.17071227400015], [136.30523953300008, 34.171069198], [136.3050564680001, 34.16943923600013], [136.3033001250002, 34.17071227400015]]], [[[136.32198975400013, 34.173556694000126], [136.31873468000026, 34.17230205800007], [136.31740285700016, 34.17470932000009], [136.32198975400013, 34.173556694000126]]], [[[136.37892166900008, 34.19589404300012], [136.3792436000001, 34.19352139199998], [136.37639070500006, 34.19580329900009], [136.37892166900008, 34.19589404300012]]], [[[136.34123632900003, 34.199987135000015], [136.34063055800004, 34.19891097300018], [136.33857580400002, 34.19832137900005], [136.34123632900003, 34.199987135000015]]], [[[135.13342640100018, 34.219128239000156], [135.14036434500008, 34.221174401000155], [135.13466441000003, 34.21768208100002], [135.13342640100018, 34.219128239000156]]], [[[136.81271408600014, 34.23243191900008], [136.81172369800004, 34.229509854000185], [136.81065634100014, 34.22978890100006], [136.81271408600014, 34.23243191900008]]], [[[136.8166815300001, 34.237748414000066], [136.81767167300006, 34.23566038700005], [136.81607007800017, 34.23589382900019], [136.8166815300001, 34.237748414000066]]], [[[136.55449767400012, 34.248084080000126], [136.54749182900002, 34.243914360000076], [136.54795755600014, 34.248808359000066], [136.55449767400012, 34.248084080000126]]], [[[136.5263274150002, 34.25924737500014], [136.52629299600005, 34.25810522500012], [136.5242201430001, 34.25755936000019], [136.5263274150002, 34.25924737500014]]], [[[136.51134090300013, 34.26269562699997], [136.51285112400012, 34.26270826900014], [136.5135331130001, 34.26155286500011], [136.51134090300013, 34.26269562699997]]], [[[136.525437129, 34.263828659000126], [136.53031269500002, 34.26831883000011], [136.5286600520002, 34.260117441000034], [136.525437129, 34.263828659000126]]], [[[136.83950917000004, 34.265746360000094], [136.8393026330001, 34.264852721000125], [136.83734055800005, 34.26526705400005], [136.83950917000004, 34.265746360000094]]], [[[136.8344366670001, 34.2685611980001], [136.83544705600002, 34.267995613000096], [136.8337421660001, 34.26707149500004], [136.8344366670001, 34.2685611980001]]], [[[136.8377954150003, 34.26915777900018], [136.84154961100023, 34.26750797300008], [136.8371114140001, 34.26718125200017], [136.8377954150003, 34.26915777900018]]], [[[136.55960155600008, 34.274548135000146], [136.55983496800002, 34.27345455900007], [136.5587571980002, 34.27332244100012], [136.55960155600008, 34.274548135000146]]], [[[136.80276031100016, 34.27563536000014], [136.80499267200003, 34.276962946000026], [136.80790036300004, 34.273912532000054], [136.80276031100016, 34.27563536000014]]], [[[135.07126976200016, 34.27912616000009], [135.07343322300017, 34.27859395500002], [135.07086236100008, 34.27650082900004], [135.07126976200016, 34.27912616000009]]], [[[136.57313377100013, 34.284513219000075], [136.57459072600034, 34.28364280200009], [136.5732264300001, 34.28312117400009], [136.57313377100013, 34.284513219000075]]], [[[136.82178066100005, 34.285783829000025], [136.82675022000012, 34.28609569400015], [136.8262489110001, 34.284193586000185], [136.82178066100005, 34.285783829000025]]], [[[136.8242458630001, 34.290320162000114], [136.82372610000016, 34.29103540400013], [136.82743850400004, 34.29061449000011], [136.8242458630001, 34.290320162000114]]], [[[136.80728108300013, 34.28740401600004], [136.8178680540001, 34.29314082900015], [136.82256027300002, 34.29143242700002], [136.80728108300013, 34.28740401600004]]], [[[136.82769699100004, 34.28990851400016], [136.83066996800005, 34.29134750000003], [136.83282138800007, 34.28919105400013], [136.82769699100004, 34.28990851400016]]], [[[136.82480159600016, 34.292757406000135], [136.82372610000016, 34.29103540400013], [136.8232660760001, 34.29241545400009], [136.82480159600016, 34.292757406000135]]], [[[135.0273685200002, 34.293587009000134], [135.02655628200012, 34.290873386000044], [135.02384583900016, 34.29261111000011], [135.0273685200002, 34.293587009000134]]], [[[136.82480159600016, 34.292757406000135], [136.8237838670001, 34.293417446000035], [136.82612627800017, 34.293945495000116], [136.82480159600016, 34.292757406000135]]], [[[136.82235313900003, 34.29565966700005], [136.8237838670001, 34.293417446000035], [136.82175728000016, 34.29392289600014], [136.82235313900003, 34.29565966700005]]], [[[136.8205017250001, 34.29544913500018], [136.82175728000016, 34.29392289600014], [136.8209079950003, 34.29396622600018], [136.8205017250001, 34.29544913500018]]], [[[136.68923267700006, 34.296308245000034], [136.69075058200008, 34.29449008600017], [136.68891908600006, 34.29394146000004], [136.68923267700006, 34.296308245000034]]], [[[135.0603559120002, 34.297222123000154], [135.04354328900013, 34.291818482999986], [135.03344041000003, 34.29548364800013], [135.0603559120002, 34.297222123000154]]], [[[136.81620780800017, 34.297482586000115], [136.81788566800026, 34.29576422500014], [136.8153011380001, 34.295131097000024], [136.81620780800017, 34.297482586000115]]], [[[136.6837232170002, 34.29962194600006], [136.68269496100004, 34.2943251530001], [136.67961709600002, 34.29688759600009], [136.6837232170002, 34.29962194600006]]], [[[136.8251515300002, 34.29655041400008], [136.81927812100014, 34.297139602000186], [136.82481500600022, 34.30027489200006], [136.8251515300002, 34.29655041400008]]], [[[136.81651530500017, 34.301779802000055], [136.81321144000003, 34.29934102699997], [136.81212834000019, 34.301017946000115], [136.81651530500017, 34.301779802000055]]], [[[136.81873180300022, 34.30265402700019], [136.81980533100023, 34.29934197300008], [136.81748131000006, 34.30136461300009], [136.81873180300022, 34.30265402700019]]], [[[136.81551847000003, 34.304206802000124], [136.82019924800022, 34.31198102700006], [136.82629713400013, 34.307023135], [136.81551847000003, 34.304206802000124]]], [[[136.79916302200013, 34.30914805400005], [136.800807834, 34.30989561300004], [136.8022930760003, 34.30890306600003], [136.79916302200013, 34.30914805400005]]], [[[136.71711836600025, 34.334509279000144], [136.7176673670001, 34.340793], [136.71975141400014, 34.33847541400013], [136.71711836600025, 34.334509279000144]]], [[[136.70925630400006, 34.34052683400006], [136.706711336, 34.33619527900004], [136.70600600500018, 34.33955544100007], [136.70925630400006, 34.34052683400006]]], [[[135.18029187900004, 34.34069348500009], [135.18149875500012, 34.34032146800013], [135.18337830100018, 34.338779135000095], [135.18029187900004, 34.34069348500009]]], [[[135.22768717300005, 34.41347582900005], [135.2011645010001, 34.428091802000154], [135.2651614140002, 34.437508467999976], [135.22768717300005, 34.41347582900005]]], [[[135.3459686640001, 34.454685973000096], [135.32825227700005, 34.449958162000144], [135.34081936500002, 34.46695418200005], [135.3459686640001, 34.454685973000096]]], [[[135.3598048880001, 34.47367778600005], [135.34907789500028, 34.46804788800017], [135.35287368500008, 34.48022318400018], [135.3598048880001, 34.47367778600005]]], [[[135.3598009880002, 34.48440556200018], [135.3605743840002, 34.48293269400017], [135.36104745500018, 34.48026252700015], [135.3598009880002, 34.48440556200018]]], [[[136.83762583700013, 34.507323495000094], [136.8362330870002, 34.50235172100014], [136.83507044100008, 34.50686372100006], [136.83762583700013, 34.507323495000094]]], [[[135.395043256, 34.51732258600009], [135.39464228300017, 34.53249130600011], [135.40269494200004, 34.52556269400009], [135.395043256, 34.51732258600009]]], [[[136.75923652400013, 34.52932210800009], [136.75739557700012, 34.52833941400013], [136.7525039430002, 34.52704566700015], [136.75923652400013, 34.52932210800009]]], [[[136.73701197100002, 34.53529827900013], [136.73759364500017, 34.53722977500007], [136.74022758800004, 34.536193333000085], [136.73701197100002, 34.53529827900013]]], [[[136.7337020880002, 34.537074441000186], [136.73323586300023, 34.540034387000105], [136.7351743840003, 34.5358916400001], [136.7337020880002, 34.537074441000186]]], [[[135.399165863, 34.53648955900013], [135.44095866400016, 34.554258559], [135.4177145010001, 34.52424191900013], [135.399165863, 34.53648955900013]]], [[[135.0120240860001, 34.558160829000144], [135.01249944000006, 34.55690073700015], [135.01117481200004, 34.556823829000166], [135.0120240860001, 34.558160829000144]]], [[[135.41842958500013, 34.61954638700007], [135.4027621470002, 34.61208505899998], [135.39948652400017, 34.62066470700006], [135.41842958500013, 34.61954638700007]]], [[[135.35863594000023, 34.627591279000114], [135.3435684950001, 34.622024225000075], [135.35329044100013, 34.632410892000166], [135.35863594000023, 34.627591279000114]]], [[[136.5482955770001, 34.62976138700009], [136.54855267200014, 34.62756027900019], [136.5469092740001, 34.62763472100016], [136.5482955770001, 34.62976138700009]]], [[[135.4418620880001, 34.62839569400012], [135.39855221800008, 34.63134960800011], [135.39850767800033, 34.63813284700012], [135.43287063600008, 34.64398444100004], [135.4418620880001, 34.62839569400012]]], [[[135.21316061000016, 34.639910252], [135.24049208800022, 34.63310616200016], [135.20927669300022, 34.6301385860001], [135.21316061000016, 34.639910252]]], [[[135.3789389110001, 34.64318919800007], [135.39882448600008, 34.65721153700008], [135.40452345000017, 34.65371813500019], [135.39275007800018, 34.64139089200012], [135.3789389110001, 34.64318919800007]], [[135.3958200390001, 34.64692355000017], [135.39401055800022, 34.64512725200018], [135.39682432100005, 34.64621903000011], [135.3958200390001, 34.64692355000017]]], [[[135.28284730200016, 34.651410261000024], [135.27453548600022, 34.66541704500008], [135.28045760100008, 34.66607550499998], [135.28284730200016, 34.651410261000024]]], [[[135.4097760310002, 34.659040748000166], [135.40275594000013, 34.67308274800007], [135.4109496890003, 34.665644108000095], [135.4097760310002, 34.659040748000166]]], [[[135.21999880700002, 34.68277922500005], [135.21717111500004, 34.65007486500019], [135.2014419970003, 34.67362930600018], [135.21999880700002, 34.68277922500005]]], [[[135.2522172240001, 34.693315865000045], [135.2905051360001, 34.68170358600014], [135.2544630870001, 34.677761108000084], [135.2522172240001, 34.693315865000045]]], [[[136.5260278080002, 34.70836261300013], [136.5241152980002, 34.70933637900009], [136.52900518800016, 34.70918082900016], [136.5260278080002, 34.70836261300013]]], [[[135.3424189110002, 34.71366136000006], [135.353051154, 34.70733200900014], [135.34710769100002, 34.702868], [135.3424189110002, 34.71366136000006]]], [[[135.32095131000005, 34.70485019800003], [135.30615163400012, 34.71327991900006], [135.3220175880001, 34.71642908100017], [135.3220401230003, 34.708204275000185], [135.32095131000005, 34.70485019800003]], [[135.3220401230003, 34.708204275000185], [135.31673883300004, 34.710273135000136], [135.31735556400008, 34.70791919400011], [135.3220401230003, 34.708204275000185]]], [[[135.29377975400018, 34.71832530600017], [135.3040711670002, 34.70569941400015], [135.2933515300001, 34.704727640000044], [135.29377975400018, 34.71832530600017]]], [[[135.32487791200003, 34.71037280600012], [135.34073197100008, 34.71808546800003], [135.33878686100002, 34.71094613500003], [135.32487791200003, 34.71037280600012]]], [[[136.79843341100025, 34.87566927900019], [136.8244696370001, 34.84874369400018], [136.80875150500003, 34.8392750000001], [136.79843341100025, 34.87566927900019]]], [[[136.8257454730002, 34.96049402700004], [136.81101922200003, 34.95477710799997], [136.81869116700022, 34.964349441000024], [136.8257454730002, 34.96049402700004]]], [[[136.65012527900012, 34.97734894600012], [136.67757871600008, 34.98701946800003], [136.66562138800032, 34.97293977500004], [136.65012527900012, 34.97734894600012]]], [[[136.80022472100018, 35.00361110800003], [136.82168250300026, 35.00803583800001], [136.8119922180001, 34.996027225000034], [136.80022472100018, 35.00361110800003]]], [[[136.8309026070002, 35.049372000000176], [136.81085352800005, 35.02665255900018], [136.81003686100007, 35.04930741400017], [136.8309026070002, 35.049372000000176]]], [[[135.33320875500021, 35.47436964000008], [135.33599583700004, 35.47321846800003], [135.3295051880001, 35.470348252000065], [135.33320875500021, 35.47436964000008]]], [[[135.34425360600005, 35.48805974800018], [135.34389802900012, 35.49087272100013], [135.3460806610001, 35.48865925200005], [135.34425360600005, 35.48805974800018]]], [[[135.54361282700006, 35.49591755900008], [135.54551312500007, 35.49642718400008], [135.54595494000012, 35.49560370400013], [135.54361282700006, 35.49591755900008]]], [[[135.33829466900033, 35.49353130600008], [135.34046758800014, 35.49872605400003], [135.34775182900034, 35.49625169400014], [135.33829466900033, 35.49353130600008]]], [[[135.36740655000006, 35.49651464000004], [135.36875557700023, 35.497202613000184], [135.36850389100005, 35.49597280200015], [135.36740655000006, 35.49651464000004]]], [[[135.68267652400004, 35.49898410800006], [135.68387180300022, 35.49735708100019], [135.68259457800013, 35.496981171000186], [135.68267652400004, 35.49898410800006]]], [[[135.65028819700012, 35.52175739900008], [135.6499295850001, 35.52084277500006], [135.64796730200032, 35.51991889200008], [135.65028819700012, 35.52175739900008]]], [[[135.73591542200018, 35.52496658600012], [135.73834736700007, 35.52528797300016], [135.73685513600014, 35.524131586000124], [135.73591542200018, 35.52496658600012]]], [[[135.65339182900004, 35.5283982250001], [135.65339491300006, 35.52983177700008], [135.65515372200002, 35.52949683800017], [135.65339182900004, 35.5283982250001]]], [[[135.48064713400004, 35.56771633300008], [135.479115438, 35.56598392000018], [135.47618963700006, 35.567566333000116], [135.48064713400004, 35.56771633300008]]], [[[135.39245333300005, 35.57789666700006], [135.3957754490001, 35.576589790000185], [135.39383221800006, 35.57340055900005], [135.39245333300005, 35.57789666700006]]], [[[135.83528895500024, 35.577292257000124], [135.83423591400003, 35.57968497300004], [135.8383253830001, 35.577815279000106], [135.83528895500024, 35.577292257000124]]], [[[135.38925027200003, 35.57867555900003], [135.39037095300012, 35.580047345000025], [135.39049888500017, 35.57856972100018], [135.38925027200003, 35.57867555900003]]], [[[135.48140111500004, 35.60188638700009], [135.47442917, 35.59501610800015], [135.47809194600006, 35.605909171000064], [135.48140111500004, 35.60188638700009]]], [[[135.8019887810001, 35.630817360000094], [135.8075965500002, 35.639062135000074], [135.80444864300023, 35.63003008600015], [135.8019887810001, 35.630817360000094]]], [[[135.28319778200023, 35.66516138700018], [135.28162264000002, 35.6659609730001], [135.28586221800003, 35.66643389200004], [135.28319778200023, 35.66516138700018]]], [[[135.42768778200013, 35.68139500000018], [135.42348194600027, 35.67640444100016], [135.42507027200008, 35.68850305400014], [135.42768778200013, 35.68139500000018]]], [[[135.4369350060001, 35.71294222500012], [135.43835084400007, 35.711230194000166], [135.43862000000013, 35.708717775000025], [135.4369350060001, 35.71294222500012]]], [[[135.08154603100013, 35.736927667000145], [135.0839118550001, 35.73800361299999], [135.08390880700006, 35.73627338700004], [135.08154603100013, 35.736927667000145]]], [[[135.112958197, 35.745645414000194], [135.11056339800007, 35.74545893700014], [135.11044511000023, 35.74700822500006], [135.112958197, 35.745645414000194]]], [[[135.15674144000002, 35.7553873060001], [135.1560470300002, 35.75403178900012], [135.15463625200016, 35.7553410810001], [135.15674144000002, 35.7553873060001]]], [[[136.04930138200018, 36.12601161700019], [136.05185848800022, 36.125846043000024], [136.05154094700015, 36.12436238700019], [136.04930138200018, 36.12601161700019]]], [[[136.11692335900034, 36.25001769400018], [136.12063632900004, 36.25354344100015], [136.1209768870002, 36.250518333000116], [136.11692335900034, 36.25001769400018]]], [[[136.71904946400002, 37.060620126000174], [136.72212337200017, 37.060618707000174], [136.71909131000007, 37.058940802000166], [136.71904946400002, 37.060620126000174]]], [[[136.67304286000012, 37.16882268000006], [136.67437011700008, 37.16788997300006], [136.67452377400025, 37.16676819800006], [136.67304286000012, 37.16882268000006]]], [[[135.79903744500018, 33.499680559000126], [135.76254542200002, 33.433018748000165], [135.75014858600014, 33.4500281980001], [135.77549994800017, 33.46074189200016], [135.7747475230002, 33.47845477500016], [135.76605572000017, 33.482014865], [135.70889005900005, 33.4776500480001], [135.70178474700015, 33.493273162000094], [135.62907050600018, 33.50907480200016], [135.58864495700016, 33.503103129000124], [135.48773552500006, 33.54948897300011], [135.44611004500018, 33.5488798020001], [135.4001573930003, 33.72075310800011], [135.14003817100013, 33.885694468000054], [135.05830021500003, 33.879886301000056], [135.20959591400003, 34.14947269400011], [135.07000953300007, 34.29820508100016], [135.22287961100005, 34.347280360000184], [135.35344418900024, 34.450844198000084], [135.44215022000003, 34.547854973000085], [135.44478603100004, 34.557220784000094], [135.41046643300012, 34.56082195100004], [135.40209608300017, 34.59996227900007], [135.42081710800005, 34.56967905400006], [135.42618988300023, 34.58962369400007], [135.4523682490002, 34.56479738700017], [135.46640358000002, 34.58461527900016], [135.4177680030001, 34.688051946000144], [135.33561245500027, 34.726656531000174], [135.29184289200032, 34.72070261300013], [135.28797963700015, 34.70398582900003], [135.2279881710001, 34.70004666700004], [135.2024087550002, 34.67864027900009], [135.1901460050001, 34.685519586000055], [135.18331108900009, 34.64948927900008], [135.05165033700018, 34.624437802000045], [134.74625858600018, 34.768819135000115], [134.5275426070002, 34.782924495000145], [134.47384837000016, 34.75555046600016], [134.47734185500008, 34.78742766700003], [134.46547959500003, 34.807368924], [134.18601745800015, 34.74315355900018], [134.12020610900004, 34.588741946000084], [133.99579679600026, 34.61353586500013], [133.94605155600016, 34.59899086500013], [133.9347849940002, 34.45089777499999], [133.8801411410002, 34.45684145900009], [133.86714399500022, 34.46727619800009], [133.8404184950001, 34.4689336940001], [133.83647185500013, 34.47457494600019], [133.78515871600018, 34.436083252], [133.73961741900018, 34.52517794600004], [133.7411323870001, 34.47009219800003], [133.70533411200017, 34.523063495000144], [133.65944224400005, 34.520809802000144], [133.59391360600011, 34.46927916200008], [133.54024722400027, 34.461440189000086], [133.48678961100006, 34.51419210800003], [133.3670766670001, 34.36877666700019], [133.2512090140001, 34.44142644100009], [133.08487639400016, 34.395648613000105], [133.0402619570001, 34.3316158020001], [132.95034726300003, 34.340278829000056], [132.84676671900002, 34.29177605400014], [132.79680586300015, 34.31177169400007], [132.64316686100017, 34.20220825200005], [132.52248399500002, 34.36283219800015], [132.34701728900006, 34.35653414400002], [132.3565423350003, 34.349403586000165], [132.3200143060002, 34.33922613500016], [132.3189883010001, 34.32330438700012], [132.22065968900006, 34.232760000000155], [132.24992811100003, 34.12998897900019], [132.20013558200003, 34.12036849500015], [132.22051632900013, 34.04185889200011], [132.18774861200006, 33.963427225000146], [132.118780506, 33.95309836000018], [132.1397693030001, 33.831597775000034], [132.05698435800002, 33.92032344100011], [131.86417102500013, 34.0070507480001], [131.7781060310001, 33.97387361300008], [131.782736913, 33.99523986500009], [131.82676347600022, 34.02353833300009], [131.82748865100007, 34.029442054000185], [131.7523184180003, 34.0707699190001], [131.44187236100026, 33.982809306000036], [131.38517083000022, 34.05121953200012], [131.2684294940001, 33.92288769400005], [131.18052844400006, 33.93040086500008], [131.03684763900003, 34.05708210800009], [130.91522936400008, 33.93881186500005], [130.92001992200005, 33.952592135000145], [130.9059681970001, 33.953893], [130.91089438400013, 34.06173736000011], [130.86038766500008, 34.110812387000124], [130.92613228300013, 34.17040864000006], [130.93069557700005, 34.209611027000165], [130.86686136200012, 34.28782902700016], [131.41253719800022, 34.42515510800018], [131.39690333300007, 34.460151802000155], [131.46187731500015, 34.485850270000185], [131.46714325600033, 34.501126414000055], [131.4500644750001, 34.506990054000084], [131.4549139950002, 34.511217775000034], [131.45425549900006, 34.51359544100012], [131.45099463700012, 34.51444122100014], [131.45010345000003, 34.51687861300019], [131.45538802900035, 34.52550258600007], [131.5397074970001, 34.56391166700007], [131.55677182700003, 34.61551523800006], [131.60304472100006, 34.6230033330001], [131.6038249940001, 34.66206], [131.8493059660001, 34.71133441400008], [131.86477306100005, 34.75550582900007], [131.9461523870001, 34.79239602700011], [132.00664674400014, 34.86674991199999], [132.0360428990001, 34.88209661300016], [132.05666713400024, 34.872854414000074], [132.11246014300013, 34.95314338700007], [132.3112842280001, 35.05833333300012], [132.38900444900003, 35.131402225000045], [132.41764077800008, 35.19070444100004], [132.6285205060002, 35.287873000000104], [132.67474869000011, 35.37235661300008], [132.6687405580002, 35.40287461300005], [132.62237365600004, 35.41908558900002], [132.62891194500003, 35.435154100000034], [132.63442499400003, 35.431826667000166], [132.64173944200024, 35.43133722500016], [132.67526138800008, 35.44778889200006], [132.68660111500014, 35.440658892000044], [132.68451612100012, 35.45161676400005], [132.75340795700015, 35.44756464000017], [132.86534477000032, 35.51325589200019], [132.97137027200006, 35.51597305400014], [132.96801444900007, 35.54347417100013], [133.02818666700034, 35.53842917100019], [133.09036535400026, 35.604143001000125], [133.1418052790002, 35.56072250500017], [133.3235755510002, 35.56970583800012], [133.40204150500028, 35.45278619800018], [133.5661985610002, 35.52971391900007], [134.19610306100003, 35.53271202700017], [134.53878447500006, 35.67039380200015], [134.6163001430001, 35.639275333000114], [134.92315939000002, 35.6463285320001], [135.22341649800012, 35.779258], [135.31671282700006, 35.451154919000146], [135.3982207260002, 35.478885441000045], [135.3950962260002, 35.516871387000094], [135.34350046700013, 35.50409769400005], [135.34247936400016, 35.55185150500017], [135.42678664100004, 35.566513225], [135.46247389100017, 35.60378972100017], [135.46875077800007, 35.5303316400001], [135.53645352800004, 35.4888823870001], [135.71963138800004, 35.485040387000026], [135.7647681450003, 35.53548913500009], [135.71464438400005, 35.569865441000104], [135.83338878100005, 35.53560269400015], [136.01662593900016, 35.763960116000135], [136.02546705600002, 35.68053174800019], [136.04483094700004, 35.6581935590001], [136.07262727600016, 35.66110680200018], [135.96057618700013, 35.99037665000009], [136.72428406000006, 36.789859333000095], [136.7563883920002, 37.36487844100003], [136.92593655000007, 37.39530480200011], [137.1105169130003, 37.4866974410001], [137.26351350200002, 37.53120691900011], [137.34622648500022, 37.51552056800011], [137.25081626500003, 37.42447143200019], [137.23398902700012, 37.29475560000003], [136.92430533100003, 37.233826640000075], [136.8588317770002, 37.07715586500012], [137.05770722400007, 37.10883072100006], [136.99110906600015, 36.85372119800002], [137.11128749700015, 36.76198913500019], [137.3205686120001, 36.75841036000014], [137.39307568100003, 36.80761764000016], [137.40941592100023, 36.897761628000126], [137.42040939000003, 36.91724486500004], [137.42645104100018, 36.92486686200016], [137.43552769100006, 36.930949027000054], [138.54378705600016, 37.36848027900015], [139.36751503200003, 38.09952327900015], [139.53975227900014, 38.558084792000045], [139.54821824900023, 38.55977889200011], [139.60978282700023, 38.66913064], [139.69156756200016, 38.72431405400016], [139.7073991960002, 38.750407586000165], [139.74643005200005, 38.77518564000019], [139.77739116700002, 38.83231761300016], [139.9111220230002, 39.26569166700017], [139.98575625200021, 39.32201174800008], [140.02079766500003, 39.40374586500013], [140.0450320880002, 39.498699], [139.69428093600015, 39.97988787500003], [140.0255668870002, 40.21674450500012], [140.02493442300022, 40.35372041400018], [139.86078321700018, 40.615791414], [140.25791352800002, 40.81081158600017], [140.34427664100008, 41.26293583800009], [140.63712461700004, 41.18637827900011], [140.66398058400023, 40.93610780200004], [140.6868597800002, 40.867577360000155], [140.73921122800004, 40.833987238000134], [140.73497756200027, 40.82981650500011], [141.12872503200003, 40.87219413500014], [141.27905243800012, 41.15846664000003], [141.2692281970002, 41.186706135000065], [141.24800291800022, 41.22370491900011], [141.1979844750001, 41.272332532000064], [140.7641890530001, 41.14564589200006], [140.80100766500004, 41.32804658600003], [140.83781380700032, 41.42048082000014], [140.90909891100011, 41.49561302700016], [140.90621338500011, 41.51387989199998], [140.89730384500012, 41.526111908000075], [141.26358238700004, 41.35604600000016], [141.46291657400002, 41.43123169900019], [141.39109289200007, 41.179387613000074], [141.3757068870001, 40.935138946000166], [141.42456547300003, 40.70680410800014], [141.48749116700003, 40.5567876130001], [141.81639077800014, 40.2713247210001], [141.94807276300014, 39.58766390100004], [142.07248094700014, 39.54796244100015], [142.01107406000006, 39.476680505000104], [141.97531678300015, 39.48269455899998], [141.95445690700012, 39.472086023000145], [141.95731972800013, 39.460229640000136], [141.96190574600007, 39.459531279000146], [141.96243115400023, 39.447790694000105], [141.98005197100008, 39.438679126000125], [142.051366496, 39.484508673000164], [142.04462946800004, 39.426025], [141.97570900100004, 39.42705238700012], [141.896933761, 39.336356829000124], [141.92088676700018, 39.10449252800015], [141.62770070000022, 39.002799423], [141.44449252900017, 38.673531027000024], [141.4431501040002, 38.64333566700009], [141.52908997100008, 38.63692655000017], [141.51754343000005, 38.60408089200013], [141.45856762600022, 38.57846527000004], [141.53755323700022, 38.49057605600012], [141.44809101200008, 38.441281892], [141.5251057720002, 38.2729255590001], [141.42979208800023, 38.39966736000014], [141.08280608300004, 38.380608108], [141.07437627800005, 38.37779061300006], [141.07062552500008, 38.37082761300019], [141.06093374800014, 38.36736994600017], [141.0651880290003, 38.35082136000017], [141.03794591400003, 38.34388553200006], [141.03844614800005, 38.335271964000185], [141.05217621900022, 38.33181787500013], [141.024658444, 38.32011071200003], [141.08782905300006, 38.29561222500013], [140.99891844400008, 38.27310880200008], [140.9297535930002, 38.09662155000018], [140.98282658300002, 36.99565225300006], [140.92497228300022, 36.93531972100004], [140.79307260700034, 36.88163902700006], [140.61137172500003, 36.484481586000015], [140.62515466900004, 36.36865768000018], [140.55839181600004, 36.28547827900013], [140.65236697800015, 35.92661505400008], [140.8658762780001, 35.692499613000166], [140.69312435800032, 35.6999980810001], [140.63155566800003, 35.67673661300012], [140.63063605700006, 35.673944225000184], [140.62901330700004, 35.675075946000106], [140.62240682300023, 35.67128239200014], [140.61472845700007, 35.66656946000006], [140.5505548640001, 35.621670225000116], [140.3843630870001, 35.18749338700013], [140.31181922200017, 35.134643505000156], [140.29809338500002, 35.150965586000154], [140.23251302200003, 35.11513480200006], [140.11958289200015, 35.11487353200016], [140.10517208800024, 35.101941108000176], [140.11002849500017, 35.09412322500003], [140.0987032810001, 35.074356919000024], [140.03940739300015, 35.053043360000174], [139.999815473, 35.02896205400003], [139.98024822300022, 35.010059414000125], [139.94190472100001, 34.91747222500004], [139.88826760900008, 34.89957096300003], [139.75328694900008, 34.96534943800009], [139.85838293100016, 35.00048262200016], [139.86875530500004, 35.24254364000012], [139.85199199700003, 35.28610710800018], [139.82613396900013, 35.301614027000085], [139.7839052920001, 35.31283748600015], [139.8197715560001, 35.316487054000106], [139.83746666700006, 35.3590650810001], [139.85942910500023, 35.34856313500012], [139.84589844400023, 35.37547389200017], [139.89789972800008, 35.358372802000076], [139.917985863, 35.38168691900006], [139.89833674400006, 35.406456946000105], [139.89721949800014, 35.42325871500003], [139.9031418520001, 35.43130512699997], [140.12691355400023, 35.56941274800005], [139.9845053050002, 35.69090058600011], [139.7672105580001, 35.65812125200006], [139.63293795100003, 35.46449853200011], [139.69061389100023, 35.43922397300008], [139.62934817100006, 35.41318186500007], [139.62233355400008, 35.331944171000146], [139.6321448640001, 35.322191586000145], [139.6612245780001, 35.32225953200009], [139.63114158200005, 35.29990874800012], [139.7471610340001, 35.25345490300009], [139.7176209730003, 35.24730491899999], [139.72499903100004, 35.21194776500005], [139.65624830100023, 35.18452791900006], [139.67786016900016, 35.13930380200003], [139.53951177700014, 35.309384721000185], [139.43080108900017, 35.31922425200014], [139.33004294400007, 35.31211887400019], [139.14777308700002, 35.240778080999974], [139.14076306100014, 34.89088305399997], [138.99778770900014, 34.74264165700009], [138.97487793800008, 34.69886762200014], [138.97269530500023, 34.67579297300006], [138.97803920900003, 34.66766087399998], [138.98577837900018, 34.669094153000174], [138.9872368450001, 34.65814426800006], [138.98118757500015, 34.6616408110001], [138.9769309730002, 34.65298398200014], [138.96736267200015, 34.656895198000086], [138.9649630360002, 34.652750249000064], [138.96394189400007, 34.65412231500005], [138.95846417000018, 34.65462286500008], [138.95603036000023, 34.654629703000126], [138.94824885900005, 34.67380976600003], [138.84330293800008, 34.60105279000015], [138.7392449570002, 34.69002037500002], [138.78980352800022, 34.91018005400002], [138.76217527900008, 34.972035], [138.77719966300015, 34.971020919000125], [138.76882944200008, 34.982535], [138.7793631390001, 35.01704127900007], [138.78326616100026, 35.02010841400005], [138.78358119300003, 35.02519225200007], [138.788816719, 35.03056038700004], [138.89137377400004, 35.01701808100006], [138.9073183400002, 35.048489721000124], [138.77217756200002, 35.12717453200008], [138.35582147900004, 34.91373536000003], [138.33765158200026, 34.82836925200013], [138.2893438000001, 34.762561], [138.2168642800001, 34.71543038700014], [138.19539574600014, 34.66464810800011], [138.19581655000013, 34.63490958600016], [138.22635839200007, 34.594988802000046], [137.01764933900006, 34.57835616199998], [137.06994946800012, 34.66192364000011], [137.11929258100008, 34.63431841400006], [137.35175552500027, 34.727463865000175], [137.32031422800003, 34.73283444100008], [137.33103955900003, 34.780511946000104], [137.30858922200014, 34.778764306000085], [137.31666666700016, 34.79766361300017], [137.30889703000003, 34.80617591900017], [137.3020382750002, 34.809842054], [137.28714345000014, 34.81252619800006], [137.2160721140001, 34.823185721000186], [137.17794258100014, 34.76566574800006], [137.1683944230001, 34.787623333000056], [137.1399530870001, 34.789140748000136], [137.13001752300033, 34.78192538700006], [137.1067672500003, 34.79125089200011], [137.08768942100005, 34.77533944600003], [137.02552457800005, 34.77765727900004], [136.98103577200015, 34.95684991900015], [136.91450169900008, 34.77306397300015], [136.9773206440001, 34.70360091100014], [136.9723414140002, 34.69477046800006], [136.92984372200021, 34.70307786500007], [136.85974883300003, 34.73810383200009], [136.86653919600008, 34.839131], [136.8221162330001, 34.883582394000086], [136.82242853000014, 34.934186647000104], [136.82889204900016, 34.961370946000045], [136.8201333850002, 34.966436559000044], [136.8966004670001, 35.08498369400007], [136.8279906360001, 35.08264233300008], [136.65038639400007, 34.99135194600018], [136.53129919600008, 34.74675241400013], [136.52105652400007, 34.698463027000116], [136.52157661500007, 34.68953553200015], [136.5576575880001, 34.67138425200005], [136.5272038390002, 34.61095544100016], [136.816129831, 34.48440966700008], [136.83209652400012, 34.50621158600018], [136.847310052, 34.48051855900019], [136.87709022900015, 34.47460814300018], [136.8768678340001, 34.42851164000007], [136.92486215600013, 34.444163678000166], [136.8125702460003, 34.368151721000174], [136.9001395580001, 34.275794960000155], [136.84768842100016, 34.246446446000164], [136.76517696000008, 34.259714013], [136.83530128400025, 34.25876558600015], [136.86689549900007, 34.286743054000056], [136.80556119300024, 34.32793186500004], [136.6874154100002, 34.28421476900007], [136.72651577200008, 34.34232025200009], [136.66177927400008, 34.34570482900011], [136.67729633700003, 34.31560773800004], [136.66001007900013, 34.28913728500004], [136.60510705600018, 34.25848546800006], [136.5907725840002, 34.29461019600018], [136.5059515300003, 34.27910294600014], [136.32178855400002, 34.195987320000086], [136.20095230900006, 34.07533044100012], [136.25275155400004, 34.06179051700019], [136.28161477300023, 34.02242436000006], [136.27215072600006, 33.972555802000045], [136.1008461350001, 33.885394667000185], [136.02290016900008, 33.735498108000115], [135.97179160800022, 33.67259308100017], [135.98605991600004, 33.65505669000004], [135.93657350200033, 33.64080058600018], [135.95280599500006, 33.63287657500007], [135.9537421140003, 33.621909694000124], [135.9449106610001, 33.627929081], [135.9256819200001, 33.60646622500019], [135.95959577200006, 33.58197497300006], [135.79903744500018, 33.499680559000126]], [[135.31608192000022, 34.42025720700019], [135.31674963700027, 34.41940672099997], [135.3171821530002, 34.42062614900016], [135.31608192000022, 34.42025720700019]], [[134.7002463550001, 34.77775030600003], [134.6994371730001, 34.776112919000184], [134.70137134900006, 34.77619272100003], [134.7002463550001, 34.77775030600003]], [[133.848219222, 34.47065905400018], [133.84610236100002, 34.47051838700003], [133.84722873600026, 34.46962809900009], [133.848219222, 34.47065905400018]], [[133.5594148250002, 34.468110432000174], [133.5573683010001, 34.467193514000144], [133.55902599900003, 34.46705554500005], [133.5594148250002, 34.468110432000174]], [[133.3865584050002, 34.4225809190001], [133.38544791200002, 34.42046437800019], [133.38678245200015, 34.42057553600017], [133.3865584050002, 34.4225809190001]], [[132.87519636800027, 34.315631279000115], [132.87415748400008, 34.31469355000007], [132.87567467600002, 34.31453353600017], [132.87519636800027, 34.315631279000115]], [[132.26657494200015, 34.28111572100016], [132.26416538300032, 34.27806666700013], [132.26705502000004, 34.27783196000013], [132.26657494200015, 34.28111572100016]], [[132.21790538300013, 34.04406382900004], [132.2159190530001, 34.043883667000046], [132.21818221200022, 34.04290337400005], [132.21790538300013, 34.04406382900004]], [[131.7417297540003, 34.07195065800016], [131.74221066100006, 34.070195108000064], [131.74348563600006, 34.07053052700019], [131.7417297540003, 34.07195065800016]], [[131.26456228300015, 33.925675198000135], [131.26313566800002, 33.92678394600006], [131.26224313900013, 33.924737572000026], [131.26456228300015, 33.925675198000135]], [[130.90971499400007, 34.24844766700011], [130.90865083000006, 34.249304892000055], [130.90832806100013, 34.248277462000146], [130.90971499400007, 34.24844766700011]], [[130.88891175100014, 34.27145291900018], [130.8895505580001, 34.27258525200017], [130.88749279500018, 34.272493347000136], [130.88891175100014, 34.27145291900018]], [[132.0172856160002, 34.86754797300006], [132.01896869000018, 34.86750541400016], [132.02038108700003, 34.869941396000115], [132.0172856160002, 34.86754797300006]], [[133.2553652790001, 35.553590838000105], [133.25289639400023, 35.55401000000012], [133.25391527900024, 35.553125834000184], [133.2553652790001, 35.553590838000105]], [[133.9387682900001, 35.51488626499997], [133.93975489000002, 35.51659402700005], [133.93818976500006, 35.51678704100004], [133.9387682900001, 35.51488626499997]], [[135.63300243800006, 35.48017469400003], [135.63603247700007, 35.47954938700008], [135.63517348300002, 35.480380041000046], [135.63300243800006, 35.48017469400003]], [[137.0921702720001, 37.47103046800015], [137.09341, 37.471884081000155], [137.09224611600018, 37.47204639200015], [137.0921702720001, 37.47103046800015]], [[137.41829263300008, 36.89118338700018], [137.41861997400008, 36.893279586000176], [137.41547598700015, 36.892263927000045], [137.41829263300008, 36.89118338700018]], [[137.42787705600006, 36.923965838000015], [137.4288871340002, 36.925714441000025], [137.42645104100018, 36.92486686200016], [137.42787705600006, 36.923965838000015]], [[139.73290657000018, 38.763316766000116], [139.73449786000003, 38.76276677499999], [139.73382044100003, 38.76459905400003], [139.73290657000018, 38.763316766000116]], [[139.89687531800007, 39.2015329730001], [139.89415591400018, 39.203591802000176], [139.8938622830001, 39.20253233300019], [139.89687531800007, 39.2015329730001]], [[140.7320619970002, 40.83268510800008], [140.73294111500013, 40.830213441000126], [140.73457447500004, 40.833146419000116], [140.7320619970002, 40.83268510800008]], [[140.85496822300001, 41.43303397300008], [140.8555596110001, 41.43206146800003], [140.85688310000012, 41.43316251400017], [140.85496822300001, 41.43303397300008]], [[142.05294718500022, 39.53311111700009], [142.05161226100006, 39.532503710000185], [142.05299053900023, 39.53214227000012], [142.05294718500022, 39.53311111700009]], [[141.50395073300012, 38.60134089700017], [141.5008613230001, 38.60277100000013], [141.50186177700016, 38.60123802700019], [141.50395073300012, 38.60134089700017]], [[140.33204758800002, 35.1564363330001], [140.3299719710003, 35.15555350500006], [140.3319486260002, 35.15489996000008], [140.33204758800002, 35.1564363330001]], [[140.22200544700002, 35.116490640000166], [140.21924525300017, 35.11623261300008], [140.2203183470001, 35.11600568], [140.22200544700002, 35.116490640000166]], [[140.1068869390001, 35.093414360000054], [140.1048120490002, 35.09110083800016], [140.10818089500003, 35.09176122500014], [140.1068869390001, 35.093414360000054]], [[139.94184472100005, 34.9250316670001], [139.940858885, 34.92392305400011], [139.94232958500004, 34.92360874800005], [139.94184472100005, 34.9250316670001]], [[138.7689656550001, 34.77357375300005], [138.77095111500023, 34.774092774999986], [138.768289664, 34.77568301500014], [138.7689656550001, 34.77357375300005]], [[138.2671325030002, 34.75548266700014], [138.26516474700009, 34.75419810800014], [138.26779148600008, 34.754584766000164], [138.2671325030002, 34.75548266700014]], [[137.10226671900034, 34.639504027000044], [137.10200496800007, 34.63819497300011], [137.10333767600002, 34.638562962000094], [137.10226671900034, 34.639504027000044]], [[137.13613036300023, 34.78905141400003], [137.13512977900007, 34.78799441100006], [137.13640629700012, 34.78795765600012], [137.13613036300023, 34.78905141400003]], [[136.97266433200002, 34.70021730600007], [136.9706808300001, 34.697995252000055], [136.97260871000026, 34.69870489200014], [136.97266433200002, 34.70021730600007]], [[136.84540678300004, 34.871550613000124], [136.84427635500003, 34.87240141400008], [136.84389682200003, 34.871411488000035], [136.84540678300004, 34.871550613000124]], [[136.8225179120002, 34.90462439200007], [136.8235362910002, 34.903615], [136.82360099900006, 34.90523325200019], [136.8225179120002, 34.90462439200007]], [[136.8642382490001, 34.46074519800004], [136.8659429180002, 34.45984989200008], [136.86554490300023, 34.461529946000155], [136.8642382490001, 34.46074519800004]], [[136.86269655, 34.2705128020001], [136.86269294400006, 34.27144558600003], [136.85965784100017, 34.27115483700004], [136.86269655, 34.2705128020001]], [[136.81076655000027, 34.326460829000155], [136.8111907780002, 34.327962973000126], [136.80877296600033, 34.32785252600013], [136.81076655000027, 34.326460829000155]], [[136.22145147900017, 34.062987441000075], [136.22281561600016, 34.063441721], [136.2212159820001, 34.0641165510001], [136.22145147900017, 34.062987441000075]], [[136.02202752300013, 33.73798891900009], [136.02067542200007, 33.73830230600015], [136.02078454600007, 33.736550960000045], [136.02202752300013, 33.73798891900009]], [[135.9752139950001, 33.66230705400005], [135.97462588800022, 33.661285495000186], [135.97589003300004, 33.66133138800018], [135.9752139950001, 33.66230705400005]], [[135.95081169900004, 33.629995054000176], [135.94916124500014, 33.63031530600017], [135.94916396900032, 33.62902397300019], [135.95081169900004, 33.629995054000176]], [[135.78494622600033, 33.4765226400001], [135.78350185500028, 33.47423902700007], [135.78571965000003, 33.47544324800009], [135.78494622600033, 33.4765226400001]], [[136.65011038900013, 34.29243433300013], [136.64982308700007, 34.29024805400019], [136.6533803750001, 34.292159589000164], [136.65011038900013, 34.29243433300013]], [[139.8999558380001, 35.41656367600018], [139.9013226320002, 35.415378555000075], [139.9043632170003, 35.4145184680001], [139.8999558380001, 35.41656367600018]]], [[[139.75460972800022, 32.45137944100014], [139.78127522700004, 32.45747738699998], [139.7794094420001, 32.44747666700016], [139.75460972800022, 32.45137944100014]]], [[[139.7720123350001, 33.158855730000084], [139.83260333300018, 33.04527755900011], [139.73839485100018, 33.14194173900012], [139.7720123350001, 33.158855730000084]]], [[[139.68494888500004, 33.11762416200003], [139.68742111500035, 33.13597416200008], [139.7015280070001, 33.1180896350001], [139.68494888500004, 33.11762416200003]]], [[[139.29846773300028, 33.65205979500013], [139.29952722400014, 33.651435054000046], [139.29884588800007, 33.650720892000095], [139.29846773300028, 33.65205979500013]]], [[[139.5765356410002, 33.866440167000064], [139.63192055800005, 33.87130305400018], [139.6196441640002, 33.85167778000016], [139.5765356410002, 33.866440167000064]]], [[[139.3829483400002, 34.04897000000017], [139.38498444900017, 34.04881194600006], [139.3842833330001, 34.04790833300018], [139.3829483400002, 34.04897000000017]]], [[[139.56321406000006, 34.06905908100009], [139.47287347600002, 34.07657905400015], [139.53979516200002, 34.124249225000085], [139.56321406000006, 34.06905908100009]]], [[[139.074662503, 34.18484555900005], [139.07419805400002, 34.185938892000024], [139.07610527900022, 34.18406861300008], [139.074662503, 34.18484555900005]]], [[[139.07677722400012, 34.18816194600009], [139.0767911150001, 34.18643555900019], [139.07497444900002, 34.18629333300015], [139.07677722400012, 34.18816194600009]]], [[[139.18923749700014, 34.20869916200013], [139.19309861200009, 34.20805277500017], [139.1920974970003, 34.20595889200007], [139.18923749700014, 34.20869916200013]]], [[[139.1909569390001, 34.21185694600007], [139.1886255510001, 34.209211946000096], [139.18668444900004, 34.211625], [139.1909569390001, 34.21185694600007]]], [[[139.12892973900023, 34.18441409700006], [139.1433114140001, 34.243736333000186], [139.17622345000007, 34.20765930600004], [139.12892973900023, 34.18441409700006]]], [[[139.27670175900005, 34.32744089199997], [139.2807601170001, 34.325110306000056], [139.27694549900013, 34.324341775000164], [139.27670175900005, 34.32744089199997]]], [[[139.22696978000022, 34.32617369400015], [139.19607211400012, 34.31634630600007], [139.1939307260002, 34.32031602700016], [139.21268919400006, 34.33686331300004], [139.21428024600016, 34.33226349500012], [139.2167598970002, 34.33343538600019], [139.22369166700003, 34.33153983400001], [139.22650107000004, 34.330175168000096], [139.22696978000022, 34.32617369400015]], [[139.22369166700003, 34.33153983400001], [139.2228739950002, 34.33003769400011], [139.22460236100005, 34.33084741400012], [139.22369166700003, 34.33153983400001]]], [[[136.87329693900017, 34.357396360000166], [136.87632930000018, 34.367795559], [136.8781928530001, 34.36238364900004], [136.87329693900017, 34.357396360000166]]], [[[139.22940505200006, 34.37256469700009], [139.22604368100008, 34.36771180400012], [139.2235608300001, 34.375430586000164], [139.22940505200006, 34.37256469700009]]], [[[139.27190050600007, 34.3309899190001], [139.2554807270002, 34.401010756000176], [139.2831175130001, 34.43064041700006], [139.27190050600007, 34.3309899190001]]], [[[136.8876152270002, 34.451771225000186], [136.89100824900027, 34.45251480200011], [136.88910525300003, 34.45085158600017], [136.8876152270002, 34.451771225000186]]], [[[136.89784041500002, 34.46097294600008], [136.89525143100002, 34.455537227000036], [136.8913517640002, 34.45652038300017], [136.89784041500002, 34.46097294600008]]], [[[139.29954888500004, 34.47159749500014], [139.29173625200008, 34.46994638800004], [139.2865069390001, 34.478353333000086], [139.29954888500004, 34.47159749500014]]], [[[136.8457222830002, 34.48371677500012], [136.8479470560003, 34.48333074800007], [136.846228106, 34.482521198000086], [136.8457222830002, 34.48371677500012]]], [[[136.86361175100012, 34.48552286500018], [136.85115522700005, 34.48844138700008], [136.86598958500008, 34.489468], [136.86361175100012, 34.48552286500018]]], [[[136.90679094700033, 34.48923125200014], [136.87631786000009, 34.493236694000075], [136.90884457400034, 34.503150817000176], [136.90679094700033, 34.48923125200014]]], [[[136.84058236100032, 34.515835441000036], [136.84450036300018, 34.52026827900016], [136.84814882000012, 34.51969754100003], [136.84058236100032, 34.515835441000036]]], [[[136.8629425160001, 34.52087093300014], [136.85447600500004, 34.51933741400018], [136.8518115300003, 34.51963089200012], [136.85630627800003, 34.52257661300018], [136.8629425160001, 34.52087093300014]]], [[[136.90401374500004, 34.51944041000013], [136.84600172500006, 34.507805414000075], [136.90136263300008, 34.53812427899999], [136.90401374500004, 34.51944041000013]]], [[[139.2739600000001, 34.532231387000024], [139.2818544490001, 34.51249082900006], [139.26816610900005, 34.5172513870001], [139.2739600000001, 34.532231387000024]]], [[[136.90196795100007, 34.537895532000164], [136.9029334500001, 34.53874822500012], [136.9042706360001, 34.53788758600007], [136.90196795100007, 34.537895532000164]]], [[[136.91250255200032, 34.53993703400016], [136.90909164100015, 34.54402457000015], [136.91588264100017, 34.5440026980001], [136.91250255200032, 34.53993703400016]]], [[[136.98762936200012, 34.549774733000106], [136.97628751800005, 34.54698152700013], [136.98142542200003, 34.551401865000116], [136.9779691760001, 34.5508122920001], [136.98108236100018, 34.5527809460001], [136.98762936200012, 34.549774733000106]]], [[[136.9240767680002, 34.549769658000116], [136.92567824200012, 34.549933903000124], [136.92390708000016, 34.54819479900016], [136.9240767680002, 34.549769658000116]]], [[[136.9760076130002, 34.54970225200009], [136.9779691760001, 34.5508122920001], [136.9798258520002, 34.55099029700017], [136.9760076130002, 34.54970225200009]]], [[[138.94072972800006, 34.57453944100013], [138.94234221800014, 34.57565194600005], [138.94334, 34.57360972100014], [138.94072972800006, 34.57453944100013]]], [[[138.8230207260002, 34.60755298200007], [138.82461269800012, 34.60624938700016], [138.82492399700004, 34.60358580500019], [138.8230207260002, 34.60755298200007]]], [[[138.8131308300001, 34.61343391000014], [138.8110593790002, 34.61493264600017], [138.81160119300012, 34.61592288300011], [138.8131308300001, 34.61343391000014]]], [[[138.20854739100002, 34.62238311100015], [138.22100752300014, 34.62417716200014], [138.21908016900022, 34.618268829000044], [138.20854739100002, 34.62238311100015]]], [[[137.1143050060001, 34.64608769400007], [137.11552319100008, 34.643214865000175], [137.1134251100002, 34.643171613000106], [137.1143050060001, 34.64608769400007]]], [[[137.12369299600027, 34.649439198000096], [137.12639741300018, 34.649230581000154], [137.12836328100025, 34.64830733300016], [137.12369299600027, 34.649439198000096]]], [[[137.12662000000012, 34.650188], [137.124875136, 34.65333174800014], [137.126690337, 34.65317430600004], [137.12662000000012, 34.650188]]], [[[137.10078496800008, 34.652656135000086], [137.10196624600007, 34.65252402699997], [137.10174175100008, 34.65151955900018], [137.10078496800008, 34.652656135000086]]], [[[137.09183884200002, 34.65369396200009], [137.09477596700015, 34.652881969000134], [137.0914297800001, 34.65234880200012], [137.09183884200002, 34.65369396200009]]], [[[138.95740300900002, 34.65261209900018], [138.95846417000018, 34.65462286500008], [138.95931761300017, 34.6534227570001], [138.95740300900002, 34.65261209900018]]], [[[137.00753681800006, 34.660022025000046], [137.00917584, 34.65755018300018], [137.0073569960001, 34.656807739000044], [137.00753681800006, 34.660022025000046]]], [[[138.9465497670002, 34.662552404999985], [138.9458648220001, 34.665099598000154], [138.9483731260001, 34.665178225000034], [138.9465497670002, 34.662552404999985]]], [[[138.97941804200002, 34.66962526100008], [138.979694547, 34.66836588800004], [138.97824897600003, 34.66859939900013], [138.97941804200002, 34.66962526100008]]], [[[137.01025510800014, 34.67755271600009], [136.99941036300015, 34.678081874000156], [137.0069423350002, 34.678868721000185], [137.00223046700012, 34.679305559000056], [137.00181163400032, 34.682552613000155], [137.00773583700015, 34.68551527900013], [137.01025510800014, 34.67755271600009]], [[137.00355630400009, 34.68074661300011], [137.00583448800012, 34.680743846000155], [137.00421418300004, 34.68265730700011], [137.00355630400009, 34.68074661300011]]], [[[136.9980752270002, 34.68097713499998], [137.00055581100003, 34.68015782900005], [136.99777175100007, 34.679416387000174], [136.9980752270002, 34.68097713499998]]], [[[138.20866730900002, 34.68450578], [138.20903700400027, 34.685881054000106], [138.21111472100017, 34.68639905400016], [138.20866730900002, 34.68450578]]], [[[137.00738805400022, 34.69264166700003], [137.00828972800002, 34.69127555900013], [137.00661749700032, 34.69125610800006], [137.00738805400022, 34.69264166700003]]], [[[136.99911869800007, 34.70705571299999], [137.013795253, 34.70656422500019], [136.99691376900034, 34.70154079100007], [136.9960211670002, 34.70516255900003], [136.99911869800007, 34.70705571299999]]], [[[137.2465676170001, 34.71187982700019], [137.2532598570001, 34.7154455320001], [137.25159335900003, 34.71136166700012], [137.2465676170001, 34.71187982700019]]], [[[137.0441555540002, 34.71786314400009], [137.04569599900003, 34.71609183800007], [137.04442486400012, 34.71588025200015], [137.0441555540002, 34.71786314400009]]], [[[137.0502579240001, 34.71456478900012], [137.0387077170002, 34.73325564000004], [137.05627883300008, 34.72247], [137.0502579240001, 34.71456478900012]]], [[[139.35804335900002, 34.70126933300014], [139.435765499, 34.77012338700001], [139.44281489000002, 34.681214000000125], [139.35804335900002, 34.70126933300014]]], [[[137.31868788600013, 34.73311919800011], [137.314250441, 34.748553468000125], [137.31880941600002, 34.748491694000165], [137.31868788600013, 34.73311919800011]]], [[[137.0988721660001, 34.76871855900015], [137.1033149420001, 34.766845721000095], [137.09859108900002, 34.766026495000176], [137.0988721660001, 34.76871855900015]]], [[[137.14743821700006, 34.77315261900003], [137.14689527100006, 34.77076303400008], [137.14429366100012, 34.77108235100013], [137.14743821700006, 34.77315261900003]]], [[[137.08421254200005, 34.77898082900015], [137.08499237400008, 34.77845876600003], [137.08325671900002, 34.77807236000001], [137.08421254200005, 34.77898082900015]]], [[[137.14590756200016, 34.780017135000094], [137.14618655000015, 34.77887119800005], [137.14193280200004, 34.778890865000164], [137.14590756200016, 34.780017135000094]]], [[[138.7593556700001, 34.78387996600003], [138.7593875250002, 34.78257370100005], [138.756841946, 34.781477775000155], [138.7593556700001, 34.78387996600003]]], [[[137.14653668000017, 34.785625140000036], [137.14426167300007, 34.785831], [137.14548176400012, 34.78636772100009], [137.14653668000017, 34.785625140000036]]], [[[137.23418399500008, 34.7905562790001], [137.22909849200005, 34.78676551100017], [137.22872425100002, 34.78836786000011], [137.23418399500008, 34.7905562790001]]], [[[137.30154409900013, 34.79799014900004], [137.30057363400022, 34.809654505000026], [137.31137350200015, 34.7990636940001], [137.30154409900013, 34.79799014900004]]], [[[138.75570512300033, 34.80646464000017], [138.75556840800016, 34.80506895600013], [138.75348917000008, 34.804616108000175], [138.75570512300033, 34.80646464000017]]], [[[137.23111800300023, 34.81187866700003], [137.2323608040001, 34.81089777500006], [137.23139250300005, 34.80981505400007], [137.23111800300023, 34.81187866700003]]], [[[136.94601657600003, 34.824845108000034], [136.9571996100002, 34.827501030000064], [136.94556288700005, 34.82002166000012], [136.94601657600003, 34.824845108000034]]], [[[138.89095939000003, 35.034035135000124], [138.88652356800003, 35.032166272000154], [138.88645520800003, 35.03607846000017], [138.89095939000003, 35.034035135000124]]], [[[139.17345187900014, 35.042404614000134], [139.16766861200006, 35.036636946000044], [139.16391388800014, 35.043083056000114], [139.17345187900014, 35.042404614000134]]], [[[136.8440826980003, 35.04162155900008], [136.83797710800002, 35.05183694600004], [136.85495644600007, 35.05530846800019], [136.8440826980003, 35.04162155900008]]], [[[136.87709391700025, 35.05507217100012], [136.86945758800005, 35.06806205400011], [136.881312438, 35.07156141400009], [136.87709391700025, 35.05507217100012]]], [[[139.81338752300007, 35.110767586000065], [139.81551989000002, 35.10842286100012], [139.81342863800023, 35.10879480200009], [139.81338752300007, 35.110767586000065]]], [[[139.61781102500026, 35.13060250500013], [139.60955653700012, 35.137811473000056], [139.63062253200007, 35.129077325000026], [139.61781102500026, 35.13060250500013]]], [[[139.60405627900013, 35.2230759950001], [139.60586003900016, 35.220139928000094], [139.6015510310001, 35.22133629600012], [139.60405627900013, 35.2230759950001]]], [[[139.59768311900007, 35.22415269400011], [139.59905588900028, 35.22438178100015], [139.599964332, 35.22351544100002], [139.59768311900007, 35.22415269400011]]], [[[139.7351031390001, 35.247390865], [139.73640472100033, 35.246472180000126], [139.73470776500005, 35.24625396700009], [139.7351031390001, 35.247390865]]], [[[139.56117925400008, 35.27060317500019], [139.55964360600024, 35.27092827900009], [139.56096557800004, 35.271579092000025], [139.56117925400008, 35.27060317500019]]], [[[139.69633703600005, 35.28701460700006], [139.69292180300022, 35.28427638700015], [139.69493483800022, 35.287902721000194], [139.69633703600005, 35.28701460700006]]], [[[139.82439150500022, 35.300156892000075], [139.82560140700014, 35.30045495100012], [139.82735577100016, 35.29945528500019], [139.82439150500022, 35.300156892000075]]], [[[139.483201193, 35.30353308100007], [139.48803666700007, 35.29893397300003], [139.47428751500001, 35.29911576900014], [139.483201193, 35.30353308100007]]], [[[139.6497156680001, 35.29427091900004], [139.65184241200006, 35.30741844100004], [139.6569585210002, 35.301983586], [139.6497156680001, 35.29427091900004]]], [[[139.81955050600016, 35.30154250500004], [139.82303852100017, 35.30146983800017], [139.82491124500018, 35.30063458600017], [139.81955050600016, 35.30154250500004]]], [[[139.73938367100004, 35.311839775000124], [139.7442833330001, 35.312294387000065], [139.74290900100004, 35.31079800000015], [139.73938367100004, 35.311839775000124]]], [[[139.76760638100006, 35.314437153000085], [139.76830246400016, 35.31573357700006], [139.77078210100012, 35.31437624300003], [139.76760638100006, 35.314437153000085]]], [[[139.4132945780002, 35.315196640000124], [139.41432334700028, 35.31590864000003], [139.41486418900013, 35.314959252], [139.4132945780002, 35.315196640000124]]], [[[139.81562383900007, 35.31815974800014], [139.81344155000022, 35.316198081000095], [139.81280766500004, 35.31746664000019], [139.81562383900007, 35.31815974800014]]], [[[139.62954238700001, 35.32880186500006], [139.63807688200006, 35.32690212800014], [139.6335763290001, 35.323093775000075], [139.62954238700001, 35.32880186500006]]], [[[139.6485474970002, 35.33816538700012], [139.6459310700002, 35.33433636000012], [139.6419135540001, 35.33529205400015], [139.6485474970002, 35.33816538700012]]], [[[139.67126282700008, 35.40174717100007], [139.69211589500014, 35.41005300500018], [139.68237189400008, 35.39315905400008], [139.67126282700008, 35.40174717100007]]], [[[139.69554779900022, 35.44976450000013], [139.69239697800003, 35.47201205400006], [139.7022557490003, 35.45509653600004], [139.69554779900022, 35.44976450000013]]], [[[139.6503922180002, 35.47444605400017], [139.65300635500023, 35.46358972100012], [139.64183269800003, 35.47186100000016], [139.6503922180002, 35.47444605400017]]], [[[139.74184358000014, 35.47702513500013], [139.70026632900021, 35.478685054000096], [139.7342371980002, 35.49494364000009], [139.74184358000014, 35.47702513500013]]], [[[139.75878430600005, 35.50466902700015], [139.77869068200016, 35.49952068100015], [139.73628328100006, 35.49445366700013], [139.75878430600005, 35.50466902700015]]], [[[139.75934766500006, 35.52631325200019], [139.75177241200004, 35.50946786500003], [139.74983674400016, 35.520972333000145], [139.75934766500006, 35.52631325200019]]], [[[139.76561055800005, 35.56489633299998], [139.7576084440003, 35.57446038700016], [139.7738019970002, 35.574520532000065], [139.76561055800005, 35.56489633299998]]], [[[139.82025994800006, 35.607492135000086], [139.81342616100005, 35.578728468000065], [139.79336105100003, 35.59282710800005], [139.82025994800006, 35.607492135000086]]], [[[139.78753277600003, 35.58005946800006], [139.74947498100016, 35.588861865000126], [139.75301861200012, 35.617647811000154], [139.78753277600003, 35.58005946800006]]], [[[139.79852408600016, 35.60679177500003], [139.819158936, 35.608950066000034], [139.79154523400007, 35.593954793000194], [139.79852408600016, 35.60679177500003]]], [[[139.7676568610001, 35.622077134999984], [139.79262811900003, 35.60957890999998], [139.78711900100018, 35.6020474770001], [139.7676568610001, 35.622077134999984]]], [[[139.7852881450002, 35.62513336000018], [139.79762758800007, 35.61737969400008], [139.79440686100008, 35.61390902700009], [139.7852881450002, 35.62513336000018]]], [[[139.75525591400003, 35.633610468000086], [139.75974955900028, 35.619353027000045], [139.753132412, 35.618991081000104], [139.75525591400003, 35.633610468000086]]], [[[139.77085824900018, 35.63307366700019], [139.77317433200005, 35.634178919000135], [139.77265866400035, 35.632573532000094], [139.77085824900018, 35.63307366700019]]], [[[139.82286411200005, 35.64232258600009], [139.82555708200005, 35.63425833300016], [139.82115836600008, 35.63406094600009], [139.82286411200005, 35.64232258600009]]], [[[137.23022802900016, 36.76602580200017], [137.2291412320002, 36.76458343700011], [137.22777878100032, 36.765604423000184], [137.23022802900016, 36.76602580200017]]], [[[137.0923386620002, 36.785371049], [137.09725622700023, 36.78286619200014], [137.09345700400002, 36.78353725200009], [137.0923386620002, 36.785371049]]], [[[137.41495725200014, 36.86701922200007], [137.41532030500002, 36.86650498900002], [137.4139371020001, 36.86638503700004], [137.41495725200014, 36.86701922200007]]], [[[136.88977489000013, 37.104471865], [136.89252572000032, 37.108677135000164], [136.89200547400014, 37.10289023900009], [136.88977489000013, 37.104471865]]], [[[137.0407949680001, 37.16791650500011], [136.94549863800034, 37.091074468000045], [136.90157131600006, 37.15225766000009], [137.0407949680001, 37.16791650500011]]], [[[136.92035396900008, 37.20374508100002], [136.92065457800015, 37.20163236000013], [136.91971557700003, 37.20087550500011], [136.92035396900008, 37.20374508100002]]], [[[136.90310802800002, 37.40094684500002], [136.90121655000019, 37.39952487800008], [136.90206275000003, 37.401796], [136.90310802800002, 37.40094684500002]]], [[[137.30623935100016, 37.43801424300011], [137.30980481200004, 37.4367747930001], [137.3059344750003, 37.43656004500008], [137.30623935100016, 37.43801424300011]]], [[[137.12011994800002, 37.49183938700014], [137.12200632300005, 37.49212382700006], [137.12046243800012, 37.49063327900018], [137.12011994800002, 37.49183938700014]]], [[[138.68321688700019, 37.543086973000015], [138.6847912600001, 37.543801510000094], [138.68453894900028, 37.54256317100004], [138.68321688700019, 37.543086973000015]]], [[[136.85384127800023, 37.58690212600004], [136.8548994680002, 37.58912955900007], [136.85570586300003, 37.58679358600011], [136.85384127800023, 37.58690212600004]]], [[[136.87564228300005, 37.59010483800017], [136.87791005200006, 37.58714317099998], [136.87567477300024, 37.586862333000056], [136.87564228300005, 37.59010483800017]]], [[[136.8620100520002, 37.59207483800009], [136.86376866400008, 37.592572333000135], [136.86369866400014, 37.591485946000034], [136.8620100520002, 37.59207483800009]]], [[[136.89991569400001, 37.61274897300018], [136.89965121900002, 37.61008508100019], [136.8971806610001, 37.60894397300012], [136.89991569400001, 37.61274897300018]]], [[[136.89703260700014, 37.611920360000056], [136.89796955900022, 37.611197865000065], [136.89486396000018, 37.60950198799998], [136.89703260700014, 37.611920360000056]]], [[[136.91305505800005, 37.84446017100015], [136.91565568700003, 37.85322802100018], [136.92428966300008, 37.8553246350001], [136.92445467400034, 37.85230573300004], [136.91985928000008, 37.84886990600006], [136.91305505800005, 37.84446017100015]], [[136.91873160800003, 37.849658], [136.91848949400026, 37.84860536000019], [136.91985928000008, 37.84886990600006], [136.91873160800003, 37.849658]]], [[[139.02168974100005, 37.92438866700007], [139.02045844400004, 37.923349068000164], [139.01922723700022, 37.92294845900011], [139.02168974100005, 37.92438866700007]]], [[[138.33526610900003, 37.960773874000154], [138.33489933900023, 37.959697973], [138.3331685930002, 37.95887590600012], [138.33526610900003, 37.960773874000154]]], [[[138.24232985700007, 38.087432640000145], [138.43752386500023, 38.262344739000184], [138.4582047470002, 38.32183177500008], [138.52147531100013, 38.32531148500004], [138.43516809300002, 38.114742694000086], [138.5001277560001, 37.92036389200007], [138.21623961100033, 37.809785694000084], [138.34369102500023, 37.96545405400013], [138.22840718500004, 37.978955933000066], [138.22126055800004, 38.022202586000105], [138.2384224120002, 38.027953135000075], [138.2329537740003, 38.06190633300008], [138.24791608300006, 38.076156360000084], [138.2394531650001, 38.08131582300001], [138.2411068030001, 38.08523454100009], [138.24241766500006, 38.08535786500016], [138.24184883300006, 38.08665222500014], [138.24311863800006, 38.08555064], [138.24232985700007, 38.087432640000145]], [[138.24096185500002, 38.082210027000144], [138.24255778200006, 38.083073468000066], [138.24039630400023, 38.0832400270001], [138.24096185500002, 38.082210027000144]]], [[[138.45751330700023, 38.07124397300015], [138.45646236100026, 38.070710167000016], [138.4561138910001, 38.07181272100013], [138.45751330700023, 38.07124397300015]]], [[[138.2395860570001, 38.08696461300008], [138.2411068030001, 38.08523454100009], [138.23902559000032, 38.084422989000075], [138.2395860570001, 38.08696461300008]]], [[[138.3912609990001, 38.24779830600016], [138.39308907900022, 38.24735246800009], [138.39148211400004, 38.246497748000024], [138.3912609990001, 38.24779830600016]]], [[[138.48185005200003, 38.335795360000134], [138.4848559210002, 38.331949667], [138.4807175620001, 38.333330919000105], [138.48185005200003, 38.335795360000134]]], [[[139.24501216600004, 38.45029041400005], [139.22450678300027, 38.465026532000024], [139.26424061000012, 38.488923108000165], [139.24501216600004, 38.45029041400005]]], [[[139.5918951100001, 38.641012946000046], [139.5924112460002, 38.63978897300012], [139.59082987700003, 38.63766601400005], [139.5918951100001, 38.641012946000046]]], [[[139.68124502500007, 38.72479648900003], [139.6836971340001, 38.72437464000018], [139.68415070000003, 38.72301072100004], [139.68124502500007, 38.72479648900003]]], [[[139.52232817100014, 39.187490279000144], [139.52263900100013, 39.185191108000026], [139.520462607, 39.185779198000034], [139.52232817100014, 39.187490279000144]]], [[[139.54796688600027, 39.181170721], [139.5503918290001, 39.20855046800011], [139.56472863800002, 39.198779333000175], [139.54796688600027, 39.181170721]]], [[[139.77203086200007, 39.85967937000004], [139.77357518800034, 39.85916443900015], [139.772238613, 39.858419500000025], [139.77203086200007, 39.85967937000004]]], [[[139.70029571400005, 39.94782766700018], [139.70146700700002, 39.9471709340001], [139.69957685400004, 39.946676754000066], [139.70029571400005, 39.94782766700018]]], [[[139.69954882800005, 40.01524793100009], [139.69692520300032, 40.014198383000064], [139.6981728820001, 40.016289235000045], [139.69954882800005, 40.01524793100009]]], [[[139.80871030100002, 41.353713485000185], [139.80036098200003, 41.36459690800018], [139.81615039200017, 41.36450307200005], [139.80871030100002, 41.353713485000185]]], [[[139.7859944490002, 41.36302610800004], [139.78673333300003, 41.36116250500015], [139.78538083, 41.360402775000125], [139.7859944490002, 41.36302610800004]]], [[[139.37208448800016, 41.501193869000076], [139.34001385700003, 41.524791024000024], [139.38339019500006, 41.512309775], [139.37208448800016, 41.501193869000076]]], [[[139.42527378700004, 42.205123404], [139.4963160410001, 42.083097016000124], [139.42078250300005, 42.07173777500009], [139.42527378700004, 42.205123404]]], [[[139.83333333300004, 42.21994568500014], [139.83211930000004, 42.21932727000018], [139.8279322440003, 42.21922380200016], [139.83333333300004, 42.21994568500014]]], [[[141.45503749700026, 24.24187361300011], [141.46902159400008, 24.227164724000147], [141.454888535, 24.22554284000006], [141.45503749700026, 24.24187361300011]]], [[[141.28582473500012, 24.74587865799998], [141.32289534400002, 24.812588614000106], [141.34697972800006, 24.781502495000097], [141.28582473500012, 24.74587865799998]]], [[[141.28747730900022, 24.80667839700004], [141.28602286600005, 24.798481054000092], [141.2851655510001, 24.80348472100013], [141.28747730900022, 24.80667839700004]]], [[[141.29345163400012, 25.4261126130001], [141.27371691300016, 25.441669829000148], [141.28243997400023, 25.448809829000083], [141.29345163400012, 25.4261126130001]]], [[[140.88667511000006, 27.238926604000028], [140.87320839200015, 27.253638368999987], [140.88916993500015, 27.248141360000034], [140.88667511000006, 27.238926604000028]]], [[[140.30396083000028, 30.495761667000124], [140.29868514700013, 30.47288055500013], [140.2862630610001, 30.484716387000162], [140.30396083000028, 30.495761667000124]]], [[[140.05001941600017, 31.439913532000105], [140.05160053200007, 31.438133802000095], [140.05033275000017, 31.437848802000133], [140.05001941600017, 31.439913532000105]]], [[[139.92975263300013, 34.910490162000144], [139.92983307400016, 34.90951760400014], [139.92882084300015, 34.90855836000014], [139.92975263300013, 34.910490162000144]]], [[[139.84867716100018, 35.024180304000026], [139.84829544700005, 35.023321450000026], [139.84580853400007, 35.02266825200013], [139.84867716100018, 35.024180304000026]]], [[[140.01257461700004, 35.034549387000084], [140.0113300370001, 35.0340915540001], [140.0110429550001, 35.03468014200013], [140.01257461700004, 35.034549387000084]]], [[[140.1036308560001, 35.07825436000019], [140.10654625200004, 35.075159225000164], [140.10274933900007, 35.07594110800011], [140.1036308560001, 35.07825436000019]]], [[[139.90971443800015, 35.386069802000065], [139.91311535700004, 35.38550233300009], [139.9122280800001, 35.38419972100013], [139.90971443800015, 35.386069802000065]]], [[[139.8336503630003, 35.49117102700012], [139.83581620000018, 35.49153461300017], [139.83493282700022, 35.490443532000086], [139.8336503630003, 35.49117102700012]]], [[[140.077924423, 35.56175210800018], [140.0710123870001, 35.55761219800013], [140.06900808000012, 35.55703761300009], [140.077924423, 35.56175210800018]]], [[[139.84017394300008, 35.63214058600016], [139.82741705600017, 35.61979777500005], [139.82585131000008, 35.63069908099999], [139.84017394300008, 35.63214058600016]]], [[[139.86062026600007, 35.63681778800009], [139.86384601600002, 35.63701237600003], [139.86319147900008, 35.63603297300011], [139.86062026600007, 35.63681778800009]]], [[[139.84977036300006, 35.639209865000055], [139.85560474700014, 35.63856361300003], [139.85881977100007, 35.636437698000066], [139.84977036300006, 35.639209865000055]]], [[[140.6231217510002, 35.6696481080001], [140.62240682300023, 35.67128239200014], [140.62425333300007, 35.670088748000126], [140.6231217510002, 35.6696481080001]]], [[[139.97766408600012, 35.67950394600001], [139.95803055800013, 35.66998508100016], [139.960538444, 35.678970667000044], [139.97766408600012, 35.67950394600001]]], [[[140.73075483800028, 35.69041261300015], [140.73494060900032, 35.69041287900018], [140.7298492330001, 35.68772342500006], [140.73075483800028, 35.69041261300015]]], [[[140.87319953300005, 35.73637664000012], [140.87173647200018, 35.741047014], [140.8744574450002, 35.737005365000186], [140.87319953300005, 35.73637664000012]]], [[[140.86493204900023, 35.744566586000076], [140.87173647200018, 35.741047014], [140.86016102500014, 35.74969077500015], [140.86493204900023, 35.744566586000076]]], [[[140.69411299600006, 35.931911063000086], [140.69622262000019, 35.93013846800011], [140.69480192000003, 35.9293316400001], [140.69411299600006, 35.931911063000086]]], [[[140.57872609000015, 36.308555460000036], [140.58099869800003, 36.30863130600011], [140.57849206900005, 36.30691550500012], [140.57872609000015, 36.308555460000036]]], [[[140.6446129640002, 36.54157480700019], [140.64411188500003, 36.54071973900011], [140.64342776900003, 36.54118062600014], [140.6446129640002, 36.54157480700019]]], [[[140.91335827500006, 36.940361973000165], [140.9144880870001, 36.93830022999998], [140.91176450700004, 36.93884011800009], [140.91335827500006, 36.940361973000165]]], [[[141.031295655, 37.335217018000094], [141.02967625800022, 37.33599423400011], [141.02941382000006, 37.337700050000194], [141.031295655, 37.335217018000094]]], [[[141.04473112800008, 37.48152616200008], [141.0430534830001, 37.481041090000076], [141.04274215300018, 37.48263302700008], [141.04473112800008, 37.48152616200008]]], [[[140.97626841600015, 37.82917860200007], [140.97509939800022, 37.83145904700001], [140.97598107700003, 37.83036765800006], [140.97626841600015, 37.82917860200007]]], [[[140.96757321700022, 38.17046774800008], [140.96686924800008, 38.16957646800006], [140.96331855400013, 38.16871258599997], [140.96757321700022, 38.17046774800008]]], [[[141.46060734000002, 38.28340086100013], [141.4991531070002, 38.25718964700013], [141.50141664800014, 38.246170377000055], [141.47528207500022, 38.252696656000126], [141.46060734000002, 38.28340086100013]]], [[[141.03324566800018, 38.26661617100012], [141.0278945660001, 38.26544937800014], [141.02742461700018, 38.267519054000104], [141.03324566800018, 38.26661617100012]]], [[[141.4337690100001, 38.289175100000136], [141.43526138800007, 38.28922494600016], [141.43630658600011, 38.28801229300012], [141.4337690100001, 38.289175100000136]]], [[[141.5895612190002, 38.30187658600016], [141.55801228300015, 38.28195491900004], [141.54783793800004, 38.30252933300011], [141.5895612190002, 38.30187658600016]]], [[[141.40715513600003, 38.28635025199998], [141.42206757600002, 38.30869669800012], [141.42957473800016, 38.29281917100013], [141.40715513600003, 38.28635025199998]]], [[[141.4759626440001, 38.30295558800009], [141.4767995850002, 38.301046982000116], [141.47536281500015, 38.30100577800005], [141.4759626440001, 38.30295558800009]]], [[[141.18618817100003, 38.31696030600011], [141.18721306100008, 38.31531800000016], [141.1852388850001, 38.314975892000064], [141.18618817100003, 38.31696030600011]]], [[[141.15797391700005, 38.321255892000124], [141.1566840400002, 38.31766060800015], [141.15515189400003, 38.32105717100012], [141.15797391700005, 38.321255892000124]]], [[[141.1184359140001, 38.32168794600017], [141.11976105100007, 38.319505198], [141.11776919600015, 38.32020533300016], [141.1184359140001, 38.32168794600017]]], [[[141.13788127300006, 38.321582165], [141.1389072610002, 38.323050353000156], [141.1399391220001, 38.322283946000084], [141.13788127300006, 38.321582165]]], [[[141.0749645100002, 38.327940058000024], [141.0691610890001, 38.3234006400001], [141.0667385600001, 38.326508252], [141.0749645100002, 38.327940058000024]]], [[[141.46691678500008, 38.32795421000009], [141.46761149200017, 38.32699434200009], [141.46670428700008, 38.32618518200013], [141.46691678500008, 38.32795421000009]]], [[[141.0889204670002, 38.3297382880001], [141.10532706900017, 38.33183955900017], [141.10710462200007, 38.327462462000085], [141.0889204670002, 38.3297382880001]]], [[[141.1268994940001, 38.33574098200012], [141.1240837160002, 38.325346385000046], [141.11557241200012, 38.33533695500017], [141.13265797700024, 38.34338155900019], [141.1268994940001, 38.33574098200012]]], [[[141.0543492610002, 38.334668973000134], [141.05170540200004, 38.33603975200015], [141.05513165900015, 38.338013218000185], [141.0543492610002, 38.334668973000134]]], [[[141.11318945500022, 38.33815169400009], [141.11574121900014, 38.33630337800008], [141.1083877950001, 38.333502721000116], [141.10960550900018, 38.33112699100019], [141.104648547, 38.34014958199998], [141.11318945500022, 38.33815169400009]]], [[[141.14055002600014, 38.35431433300005], [141.18116869400012, 38.32348773000001], [141.1389072610002, 38.323050353000156], [141.14055002600014, 38.35431433300005]]], [[[141.1064689230002, 38.34204312600019], [141.104648547, 38.34014958199998], [141.1035408370002, 38.34334554600014], [141.1064689230002, 38.34204312600019]]], [[[141.043605629, 38.34043418900018], [141.04053695200002, 38.34127079300015], [141.04378559000008, 38.34321091900006], [141.043605629, 38.34043418900018]]], [[[141.11519161700016, 38.34344675800014], [141.11278081700016, 38.34037670300006], [141.1123396500002, 38.34292504500007], [141.11519161700016, 38.34344675800014]]], [[[141.13572829500004, 38.34690361300011], [141.1365565240003, 38.34594253200004], [141.1372208040002, 38.344147802000066], [141.13572829500004, 38.34690361300011]]], [[[141.13123787300015, 38.34504249500009], [141.12823826400006, 38.34373217700005], [141.12969869000005, 38.34899640500004], [141.13123787300015, 38.34504249500009]]], [[[141.10974430600004, 38.346847054000136], [141.11223526600008, 38.34714784200014], [141.10990538400017, 38.34575919800017], [141.10974430600004, 38.346847054000136]]], [[[141.1691041890001, 38.34784246800007], [141.1676405290001, 38.348884924000174], [141.1688829960002, 38.35013746800007], [141.1691041890001, 38.34784246800007]]], [[[141.1140681710001, 38.34564012600009], [141.11511132300006, 38.353441676000045], [141.11653165100017, 38.34632090500003], [141.1140681710001, 38.34564012600009]]], [[[141.1674357720002, 38.35042317100016], [141.1676405290001, 38.348884924000174], [141.16698244500003, 38.34892021200005], [141.1674357720002, 38.35042317100016]]], [[[141.12050708200002, 38.348815027000114], [141.12227188100007, 38.34874140500011], [141.11956069100017, 38.35281088099998], [141.12050708200002, 38.348815027000114]]], [[[141.12287310000022, 38.34885785600005], [141.12661500600007, 38.35199481100017], [141.12496363200012, 38.348845288000064], [141.12287310000022, 38.34885785600005]]], [[[141.1612920670001, 38.35251112900005], [141.16316457800008, 38.35576761300001], [141.16731341100024, 38.35409844100013], [141.1612920670001, 38.35251112900005]]], [[[141.1181880160002, 38.355703946000176], [141.11778125800004, 38.35386355000014], [141.11574163400007, 38.35364719800003], [141.1181880160002, 38.355703946000176]]], [[[141.52687142000002, 38.358369190000076], [141.52719399100022, 38.356432478000045], [141.5257327820002, 38.35647518100012], [141.52687142000002, 38.358369190000076]]], [[[141.52892158200007, 38.358664748000194], [141.53104387100007, 38.358390483000164], [141.5296585330002, 38.35731885800004], [141.52892158200007, 38.358664748000194]]], [[[141.07704430600018, 38.362264693999975], [141.07622079500015, 38.364513678000094], [141.07843377400002, 38.363104919000136], [141.07704430600018, 38.362264693999975]]], [[[141.08510710800022, 38.363387838], [141.08141450100015, 38.36662853200011], [141.088173191, 38.364790748000075], [141.08510710800022, 38.363387838]]], [[[141.06918282700008, 38.36792989200012], [141.073131052, 38.365707633], [141.06977808000022, 38.36583566700011], [141.06918282700008, 38.36792989200012]]], [[[141.07577799200033, 38.37695627200003], [141.0801554950001, 38.37638301100009], [141.07953904700003, 38.37491673500011], [141.07577799200033, 38.37695627200003]]], [[[141.42364085600002, 38.37614482900011], [141.42066228300018, 38.38081372100004], [141.4271071080001, 38.379925360000186], [141.42364085600002, 38.37614482900011]]], [[[141.37713258100007, 38.38335173900009], [141.37900434200014, 38.381722133000096], [141.37594749700008, 38.38120383800009], [141.37713258100007, 38.38335173900009]]], [[[141.603718651, 38.38736907200007], [141.60030740600018, 38.38573109900017], [141.60633273700012, 38.39200468500019], [141.603718651, 38.38736907200007]]], [[[141.59969128800014, 38.39756773500005], [141.58934904000012, 38.3990768380001], [141.59634620100007, 38.402248412000176], [141.59969128800014, 38.39756773500005]]], [[[141.59923786000013, 38.399633748000156], [141.597975775, 38.40013821400015], [141.59885418900012, 38.40128132100017], [141.59923786000013, 38.399633748000156]]], [[[141.58309362600016, 38.40465232200012], [141.58222167300005, 38.401443955000104], [141.57997489000002, 38.399781099], [141.58309362600016, 38.40465232200012]]], [[[141.54898191600023, 38.40223965100006], [141.549564507, 38.40351959500009], [141.55085410400022, 38.40263411400008], [141.54898191600023, 38.40223965100006]]], [[[141.55157763700015, 38.403215192], [141.55405747400005, 38.40657592000008], [141.55298508900023, 38.40226319300007], [141.55157763700015, 38.403215192]]], [[[141.59153686300021, 38.42230237700005], [141.59316380500002, 38.42437361800006], [141.595504838, 38.42278804500006], [141.59153686300021, 38.42230237700005]]], [[[141.51844549500004, 38.44270360900015], [141.53149080800017, 38.453301122000084], [141.53069670200023, 38.43771332200015], [141.51844549500004, 38.44270360900015]]], [[[141.51509734100011, 38.45963109000019], [141.51520572000027, 38.45840032400014], [141.51205841800015, 38.45832050700017], [141.51509734100011, 38.45963109000019]]], [[[141.51185812800009, 38.549870092], [141.51392783500012, 38.55611648000013], [141.5162803730001, 38.55567128000001], [141.51185812800009, 38.549870092]]], [[[141.49416316500015, 38.55996274800003], [141.49317090900013, 38.55681023500006], [141.49170729900015, 38.55637735300013], [141.49416316500015, 38.55996274800003]]], [[[141.478585188, 38.5636628740001], [141.47640179500013, 38.56038666400008], [141.47667953600012, 38.56277792500015], [141.478585188, 38.5636628740001]]], [[[141.51678761200003, 38.563072899000076], [141.51658955900007, 38.561826360000055], [141.51498919900007, 38.561495056000126], [141.51678761200003, 38.563072899000076]]], [[[141.4894747210002, 38.65308218500007], [141.48963732700008, 38.65075598400006], [141.48718413400013, 38.65011062500008], [141.4894747210002, 38.65308218500007]]], [[[141.46195134900017, 38.6687149600001], [141.46355197100024, 38.66705972100016], [141.461425243, 38.66636058900008], [141.46195134900017, 38.6687149600001]]], [[[141.55721891100006, 38.7012174140001], [141.5563179510001, 38.69989346800003], [141.554271362, 38.69878402700016], [141.55721891100006, 38.7012174140001]]], [[[141.54746641400004, 38.74199992300004], [141.5488909400001, 38.74206553200003], [141.54775562300006, 38.74028396400007], [141.54746641400004, 38.74199992300004]]], [[[141.64413374800006, 38.84301636000015], [141.64097674000004, 38.84239466300011], [141.6413471950002, 38.845427045], [141.64413374800006, 38.84301636000015]]], [[[141.63785403600014, 38.85027054000011], [141.63895289200002, 38.851930081000035], [141.63986980500022, 38.84851080200019], [141.63785403600014, 38.85027054000011]]], [[[141.63758076500017, 38.83931406800008], [141.60168311300004, 38.87350397300003], [141.62430269800006, 38.8854066400001], [141.63758076500017, 38.83931406800008]]], [[[141.71136625200006, 38.93770846800004], [141.7082034650001, 38.93815226200013], [141.71036501400022, 38.93905474200005], [141.71136625200006, 38.93770846800004]]], [[[141.64750366700014, 38.94029629300019], [141.6460812780001, 38.941849693999984], [141.6483013620001, 38.94234408100016], [141.64750366700014, 38.94029629300019]]], [[[141.74319355700015, 38.98717612000007], [141.74325199800012, 38.98623220800016], [141.74208783400002, 38.98560083800015], [141.74319355700015, 38.98717612000007]]], [[[141.85009433900018, 39.034106124000175], [141.85179535700001, 39.03515527900004], [141.8517412230002, 39.033918586000084], [141.85009433900018, 39.034106124000175]]], [[[140.0103269980001, 39.39430725200015], [140.01293321100002, 39.395040774999984], [140.01252391700007, 39.39381780200017], [140.0103269980001, 39.39430725200015]]], [[[141.88939564200007, 40.03394605400001], [141.88827041500008, 40.033540378000055], [141.88670111500016, 40.03446676600015], [141.88939564200007, 40.03394605400001]]], [[[139.97691493500008, 40.20722283400005], [139.97053347600013, 40.199995198000124], [139.96807016900016, 40.197795694000035], [139.97691493500008, 40.20722283400005]]], [[[141.76673559000017, 40.3493023690001], [141.76582974100006, 40.35180448200009], [141.76789182100003, 40.35034963700008], [141.76673559000017, 40.3493023690001]]], [[[140.01136710800006, 40.36768213500011], [140.01160350200007, 40.36678408100005], [140.01025377400015, 40.366432973000144], [140.01136710800006, 40.36768213500011]]], [[[141.72213523300002, 40.40853409400006], [141.72310368400008, 40.40688903200004], [141.7218209670001, 40.406822117000104], [141.72213523300002, 40.40853409400006]]], [[[141.62200239000003, 40.505571869000164], [141.61897626500001, 40.50416162200008], [141.61862823600006, 40.50531112200014], [141.62200239000003, 40.505571869000164]]], [[[141.52075016900028, 40.5405077210001], [141.5319738170001, 40.53737489400015], [141.52622258100007, 40.53384308100004], [141.52075016900028, 40.5405077210001]]], [[[140.00145983100003, 40.74749717100008], [140.00063729600004, 40.744970433000105], [139.99971622600003, 40.74767494600013], [140.00145983100003, 40.74749717100008]]], [[[140.03030394300004, 40.76021522500008], [140.03112588800013, 40.75865019800017], [140.03062282700012, 40.75737797300013], [140.03030394300004, 40.76021522500008]]], [[[140.85052830100005, 40.896920225000144], [140.8488009470001, 40.89418774800009], [140.84719302200017, 40.896810892000076], [140.85052830100005, 40.896920225000144]]], [[[140.8512183920002, 40.90770674800007], [140.85275367100007, 40.90995591900008], [140.85271394300003, 40.90845730600017], [140.8512183920002, 40.90770674800007]]], [[[141.38831024600006, 40.93130138700019], [141.3856277110001, 40.9308729010001], [141.38569635500005, 40.93204953200018], [141.38831024600006, 40.93130138700019]]], [[[140.85229722400004, 40.9333668380001], [140.85800000000017, 40.933328775000064], [140.85332917000005, 40.931376279000176], [140.85229722400004, 40.9333668380001]]], [[[140.87051863800014, 41.01650936000004], [140.8766178080001, 41.011175721000086], [140.87805197100022, 41.009959054000035], [140.8713925290001, 41.01255600000013], [140.87051863800014, 41.01650936000004]]], [[[141.25717089500017, 41.2011278650001], [141.25833878100013, 41.201523414000064], [141.25981703000002, 41.201014788000066], [141.25717089500017, 41.2011278650001]]], [[[141.4544774740002, 41.39513331400008], [141.45380936700008, 41.396327557], [141.45474762000003, 41.39759815400009], [141.4544774740002, 41.39513331400008]]], [[[140.08847474700008, 41.41784061300012], [140.08943167300004, 41.420082775000026], [140.0919009690001, 41.41937644100017], [140.08847474700008, 41.41784061300012]]], [[[141.0019534830002, 41.487826072000075], [140.99971159600022, 41.4884331], [140.99820172500006, 41.49001872100007], [141.0019534830002, 41.487826072000075]]], [[[140.01356833500006, 41.490108336000105], [140.01553693900019, 41.48964694600011], [140.01391444900003, 41.488966387000175], [140.01356833500006, 41.490108336000105]]], [[[140.90063147900025, 41.511256279000065], [140.90069352800015, 41.51198917100015], [140.9044568710001, 41.51088281799997], [140.90063147900025, 41.511256279000065]]], [[[140.90476141400006, 41.53590964], [140.9051219070002, 41.53459630600008], [140.90453639400016, 41.53147180200017], [140.90476141400006, 41.53590964]]], [[[140.91058280800007, 41.55219321900006], [140.91323350200014, 41.555710360000035], [140.9129237740001, 41.552488108000034], [140.91058280800007, 41.55219321900006]]], [[[141.03095527900007, 41.71726833300005], [141.03097888500008, 41.71595722500007], [141.02894347000017, 41.71558392800017], [141.03095527900007, 41.71726833300005]]], [[[140.60753036300014, 41.75947177500018], [140.60820769100008, 41.758615252000084], [140.60822594, 41.75765550500017], [140.60753036300014, 41.75947177500018]]], [[[140.7149288590001, 41.76950427900016], [140.71161804200017, 41.77071232000003], [140.7145166150001, 41.77274586500016], [140.7149288590001, 41.76950427900016]]], [[[139.91631333300018, 42.136496108000074], [139.917324129, 42.13812819000009], [139.91791512300006, 42.135935378000056], [139.91631333300018, 42.136496108000074]]], [[[140.9653065440001, 42.308340360000045], [140.96789679000005, 42.30731702700018], [140.96728671900007, 42.30626177500011], [140.9653065440001, 42.308340360000045]]], [[[140.92691286600007, 42.34677710800008], [140.92764376200012, 42.348250181000026], [140.92896594000013, 42.34677702700003], [140.92691286600007, 42.34677710800008]]], [[[141.18390778200023, 42.449960054000144], [141.1859105350003, 42.45060691900011], [141.1856411020001, 42.44851763999998], [141.18390778200023, 42.449960054000144]]], [[[140.85548780800013, 42.46596349999999], [140.85703801600016, 42.465206199000136], [140.85486100300022, 42.463666526], [140.85548780800013, 42.46596349999999]]], [[[140.77665120100005, 42.51821479500006], [140.77706892900028, 42.517028184000026], [140.77462843600006, 42.51705178200007], [140.77665120100005, 42.51821479500006]]], [[[141.62083745200005, 42.628575771000044], [141.62102731200002, 42.626917244000026], [141.61978691600007, 42.62830217200002], [141.62083745200005, 42.628575771000044]]], [[[140.5082068940003, 43.000233280000145], [140.50722705600003, 42.997388225], [140.5060999220001, 42.99657674800011], [140.5082068940003, 43.000233280000145]]], [[[140.44766583700005, 43.111787225000114], [140.44950861200016, 43.11190000000016], [140.44832927400012, 43.11068299900006], [140.44766583700005, 43.111787225000114]]], [[[140.344838664, 43.198938604000034], [140.34537233600008, 43.19718622400018], [140.344076394, 43.196665], [140.344838664, 43.198938604000034]]], [[[141.27234772400004, 43.206888379000134], [141.26244347600004, 43.20022364000016], [141.25626983100005, 43.19715550500001], [141.27234772400004, 43.206888379000134]]], [[[140.59974306100014, 43.30697222500004], [140.60319250300006, 43.307743333000076], [140.60233055800006, 43.30617889200005], [140.59974306100014, 43.30697222500004]]], [[[141.65541204900023, 44.156913306000035], [141.6556553810001, 44.155919009000115], [141.65420572000016, 44.156238279000036], [141.65541204900023, 44.156913306000035]]], [[[141.2944422180003, 44.412662775000115], [141.32731605700008, 44.44171950500015], [141.33566805400005, 44.430066946000125], [141.2944422180003, 44.412662775000115]]], [[[141.41930821900007, 44.427203105000046], [141.42716333300018, 44.44617417100011], [141.43063837900013, 44.44063455000014], [141.41930821900007, 44.427203105000046]]], [[[141.237804449, 45.0969736130001], [141.19914972800018, 45.25972861300011], [141.330211673, 45.14975305399997], [141.237804449, 45.0969736130001]]], [[[141.05427666700007, 45.2965691710001], [141.05000000000018, 45.29468233300014], [141.04770795100012, 45.29417305400017], [141.05427666700007, 45.2965691710001]]], [[[141.61088936400017, 45.311570613000185], [141.6072426070001, 45.31190772100018], [141.61063211900012, 45.31294501900004], [141.61088936400017, 45.311570613000185]]], [[[140.96713527900022, 45.46432236100014], [141.06739503200004, 45.42397450500005], [141.026169728, 45.27364638700004], [140.96713527900022, 45.46432236100014]]], [[[140.96942444900003, 45.475279721000106], [140.96356294500004, 45.4802561030001], [140.97078322200014, 45.47949027500016], [140.96942444900003, 45.475279721000106]]], [[[153.98392050600023, 24.297550441], [153.98607194600004, 24.281547694000153], [153.97116923500005, 24.284525586000143], [153.98392050600023, 24.297550441]]], [[[142.15517699100008, 26.54230046300006], [142.1558577820001, 26.540719721000187], [142.15429250300008, 26.540206108], [142.15517699100008, 26.54230046300006]]], [[[142.2079197280001, 26.55348889200019], [142.20842306100008, 26.550610279000125], [142.20709306100002, 26.551281387000074], [142.2079197280001, 26.55348889200019]]], [[[142.16098250300024, 26.54829833300016], [142.15517583700012, 26.550274162000107], [142.15457472100013, 26.564984441000036], [142.16098250300024, 26.54829833300016]]], [[[142.201796, 26.55297633200007], [142.21274389100006, 26.564853681000045], [142.21842193500004, 26.561902091000093], [142.201796, 26.55297633200007]]], [[[142.23067277600012, 26.575648613000055], [142.22687527900007, 26.563784721000047], [142.2258286120001, 26.566538612999977], [142.23067277600012, 26.575648613000055]]], [[[142.15855249700007, 26.58326527500003], [142.14711124800033, 26.582301111000163], [142.1614391700001, 26.58846472100015], [142.15855249700007, 26.58326527500003]]], [[[142.16339944200013, 26.591664721000086], [142.16550604400015, 26.5923027770001], [142.16515111500019, 26.58871249500004], [142.16339944200013, 26.591664721000086]]], [[[142.16850839200004, 26.59566849500004], [142.16902917000016, 26.59366527900005], [142.16737917000012, 26.594061946000068], [142.16850839200004, 26.59566849500004]]], [[[142.13353360600013, 26.59676722500018], [142.12341277600012, 26.60713582900013], [142.13201610900023, 26.61050889200004], [142.13353360600013, 26.59676722500018]]], [[[142.17761127100016, 26.60561038100019], [142.17791581100016, 26.603123306000043], [142.17674171300018, 26.602955127000087], [142.17761127100016, 26.60561038100019]]], [[[142.18454172500003, 26.623217559000068], [142.1848013880001, 26.622205360000066], [142.1840438390002, 26.621294946000035], [142.18454172500003, 26.623217559000068]]], [[[142.12308839200023, 26.71409794600015], [142.18915605700022, 26.659303027000078], [142.17847516200015, 26.607566198000086], [142.12308839200023, 26.71409794600015]]], [[[142.17158527900006, 27.043483053999978], [142.17772, 27.036808333000067], [142.17656693900005, 27.031701946000112], [142.17158527900006, 27.043483053999978]]], [[[142.1769200030002, 27.0442893500001], [142.17795966800009, 27.043603650000023], [142.1766225030001, 27.043020829000056], [142.1769200030002, 27.0442893500001]]], [[[142.1814445010001, 27.046870333000015], [142.18280438600004, 27.04690288600017], [142.182491829, 27.04530961300003], [142.1814445010001, 27.046870333000015]]], [[[142.23945733500034, 27.045572065999977], [142.24093141800006, 27.047240690000024], [142.2416091890001, 27.045815866000112], [142.23945733500034, 27.045572065999977]]], [[[142.23432664100005, 27.04947461300003], [142.2350232110001, 27.0505753060001], [142.23687608900013, 27.04969933100017], [142.23432664100005, 27.04947461300003]]], [[[142.21945293700003, 27.10048036000012], [142.1857441630002, 27.040399], [142.20835775600017, 27.08328066700011], [142.1830339210003, 27.10330773400011], [142.21945293700003, 27.10048036000012]]], [[[142.18288395800005, 27.087567298000124], [142.18468910500007, 27.086524790000055], [142.18275026000003, 27.08630235400011], [142.18288395800005, 27.087567298000124]]], [[[142.2474630610002, 27.09497027900011], [142.24588719100018, 27.090296234000164], [142.2413074970001, 27.09582694599999], [142.2474630610002, 27.09497027900011]]], [[[142.16324111500012, 27.12147], [142.16564416300014, 27.112901387000136], [142.16154965300007, 27.11304791400005], [142.16324111500012, 27.12147]]], [[[142.18567221800004, 27.118748054000093], [142.1883004650001, 27.116154702000074], [142.18441395800016, 27.118057471000043], [142.18567221800004, 27.118748054000093]]], [[[142.21963861200004, 27.13266277500003], [142.18712444900018, 27.121533613000054], [142.19166666700016, 27.144172919000084], [142.21963861200004, 27.13266277500003]]], [[[142.17621527900008, 27.127090829000167], [142.1778850060001, 27.126510829000154], [142.1788055510002, 27.125635829000032], [142.17621527900008, 27.127090829000167]]], [[[142.17676778200007, 27.12853333300012], [142.17900708800005, 27.129596662000097], [142.18215801000008, 27.12709742800007], [142.17676778200007, 27.12853333300012]]], [[[142.18420527900003, 27.18730277500015], [142.1880919460002, 27.14432055900005], [142.18064111500007, 27.14645000000013], [142.18420527900003, 27.18730277500015]]], [[[142.1934683400001, 27.193841667000072], [142.19856083000025, 27.196769721000067], [142.19751249500007, 27.1941477580001], [142.1934683400001, 27.193841667000072]]], [[[142.2047874970002, 27.487921667000023], [142.20877167300034, 27.488074441000037], [142.20803559500007, 27.486624665000193], [142.2047874970002, 27.487921667000023]]], [[[142.218462218, 27.49604277500015], [142.21906959600005, 27.49339551900016], [142.218831388, 27.49245389200013], [142.218462218, 27.49604277500015]]], [[[142.20378389100017, 27.498601802000053], [142.21140834000028, 27.50224222500009], [142.2149077790002, 27.489281597000115], [142.20378389100017, 27.498601802000053]]], [[[142.1711205580002, 27.625908333000098], [142.1725147210002, 27.624415829000043], [142.17157944200017, 27.623279441000193], [142.1711205580002, 27.625908333000098]]], [[[142.1830941630003, 27.63038305400005], [142.17548500600003, 27.6218074950001], [142.1705056940001, 27.635053888000186], [142.1830941630003, 27.63038305400005]]], [[[142.15804064300005, 27.6575236110001], [142.15950259800013, 27.657152304000192], [142.15831167300007, 27.654768892000163], [142.15804064300005, 27.6575236110001]]], [[[142.15936340500002, 27.662398124000106], [142.15797931600002, 27.65986734300003], [142.15707250300022, 27.664433332999977], [142.15936340500002, 27.662398124000106]]], [[[142.1235887490002, 27.679379167000093], [142.12714250300007, 27.679561108000144], [142.12587221800004, 27.677620279000053], [142.1235887490002, 27.679379167000093]]], [[[142.12359194600015, 27.684453054000073], [142.14812693900012, 27.683622775], [142.1455458370002, 27.6705983330001], [142.12359194600015, 27.684453054000073]]], [[[142.11058861200002, 27.717569162000075], [142.10873347000017, 27.716006108000045], [142.10654389200022, 27.718347845000096], [142.11058861200002, 27.717569162000075]]], [[[142.10038749700004, 27.71975333300003], [142.1029884410001, 27.71612145200004], [142.09637802400005, 27.720835313000066], [142.10038749700004, 27.71975333300003]]], [[[141.92416217300013, 39.23995494100018], [141.92192574600006, 39.238816874000065], [141.92055383900015, 39.23967205400015], [141.92416217300013, 39.23995494100018]]], [[[141.97602133600003, 39.30637541400006], [141.98272605700015, 39.30677864], [141.98835476900013, 39.305602964000116], [141.97602133600003, 39.30637541400006]]], [[[141.96727996100003, 39.37864487899998], [141.969692387, 39.38189383800017], [141.9685719460001, 39.378551748], [141.96727996100003, 39.37864487899998]]], [[[141.99816992200022, 39.403665838000165], [142.00004158100023, 39.40695000000011], [141.99359995300017, 39.40093008800011], [141.99816992200022, 39.403665838000165]]], [[[142.01067031800005, 39.41428138800012], [142.012108054, 39.4143127210001], [142.01166380000006, 39.413251892000176], [142.01067031800005, 39.41428138800012]]], [[[142.03678871600005, 39.41978161300017], [142.0390825290002, 39.41986497300013], [142.0367871730001, 39.418375], [142.03678871600005, 39.41978161300017]]], [[[141.97503914400033, 39.463935414000105], [141.97615700400013, 39.46175036000017], [141.9747867090001, 39.460995938999986], [141.97503914400033, 39.463935414000105]]], [[[141.95799103800005, 39.46470776600006], [141.95974085600005, 39.46117074799997], [141.9574231780001, 39.461105622000105], [141.95799103800005, 39.46470776600006]]], [[[141.95547050000005, 39.47100306800013], [141.95445690700012, 39.472086023000145], [141.9560206870002, 39.47233371200008], [141.95547050000005, 39.47100306800013]]], [[[141.98608574600007, 39.66845427900006], [141.9884267440001, 39.67160853200005], [141.98946963700018, 39.66942350500017], [141.98608574600007, 39.66845427900006]]], [[[141.98098036600004, 39.67247312900008], [141.9804694290001, 39.67125729700018], [141.97859386500022, 39.67029960400009], [141.98098036600004, 39.67247312900008]]], [[[141.98819802900016, 39.687623532000146], [141.98778302100004, 39.68650338599997], [141.98588529100005, 39.68660801600015], [141.98819802900016, 39.687623532000146]]], [[[141.987679339, 39.713893135000035], [141.98791844400034, 39.7126422610001], [141.98652177700012, 39.71281360200015], [141.987679339, 39.713893135000035]]], [[[142.91115356300008, 42.12541371500015], [142.91124642000023, 42.12684969400004], [142.91510256400022, 42.12538667400014], [142.91115356300008, 42.12541371500015]]], [[[141.93736141400007, 42.547561108000025], [141.9413846120002, 42.544982271000094], [141.93503680900017, 42.54743346800012], [141.93736141400007, 42.547561108000025]]], [[[144.87301194600013, 42.96498750500007], [144.8713147210001, 42.949385], [144.86430555100014, 42.946022505000144], [144.87301194600013, 42.96498750500007]]], [[[144.87967472100013, 42.973318613000174], [144.87912527900016, 42.97629027900018], [144.8806544490002, 42.974657225000044], [144.87967472100013, 42.973318613000174]]], [[[145.1139983400002, 43.049510559], [145.09766722500012, 43.05196361300011], [145.11606083000015, 43.05265861300006], [145.1139983400002, 43.049510559]]], [[[145.59793138800012, 43.20482277500008], [145.59775968700023, 43.22164820400019], [145.608985006, 43.21124805400012], [145.59793138800012, 43.20482277500008]]], [[[145.60707583700025, 43.22424250500018], [145.60735037900008, 43.23080629600014], [145.61358194600007, 43.22598861300003], [145.60707583700025, 43.22424250500018]]], [[[145.67123722400027, 43.29981861300007], [145.673813611, 43.298298705000036], [145.66839659900018, 43.296871183000064], [145.67123722400027, 43.29981861300007]]], [[[145.67256861200008, 43.30376055900007], [145.6744847210001, 43.30322917100017], [145.67210444900002, 43.30238361300019], [145.67256861200008, 43.30376055900007]]], [[[145.77070444900005, 43.334958613000026], [145.7755991700002, 43.33567805400014], [145.77105944200002, 43.33371083800006], [145.77070444900005, 43.334958613000026]]], [[[145.7577052790001, 43.336079171000165], [145.75451534800004, 43.33676892500006], [145.75765583700013, 43.33718055900016], [145.7577052790001, 43.336079171000165]]], [[[145.57868856000027, 43.34546305400005], [145.57674425400012, 43.34116130600012], [145.57593691300008, 43.34308272100003], [145.57868856000027, 43.34546305400005]]], [[[146.0059618030001, 43.360284135000086], [146.00476313900003, 43.37103869400005], [146.0223290790002, 43.37785189200014], [146.0059618030001, 43.360284135000086]]], [[[145.89015747100007, 43.38556322500017], [145.89373085600005, 43.38316797300007], [145.8906724840001, 43.38210827500012], [145.89015747100007, 43.38556322500017]]], [[[146.1588978970002, 43.408794868000086], [146.15135461700004, 43.408731919000104], [146.14945066100006, 43.40652974800008], [146.1588978970002, 43.408794868000086]]], [[[146.07940635500017, 43.413702946000114], [146.08069088900004, 43.41356054100015], [146.08117882000033, 43.41245294600009], [146.07940635500017, 43.413702946000114]]], [[[146.1632551350001, 43.42223891800012], [146.16288403400006, 43.411670333000075], [146.15395888500007, 43.41421097300014], [146.1632551350001, 43.42223891800012]]], [[[146.095976693, 43.419909], [146.09775609600024, 43.41948633300018], [146.09772031100022, 43.41851658600012], [146.095976693, 43.419909]]], [[[146.06207705600013, 43.416908387000035], [146.02425910500017, 43.41154877500014], [146.10932583700003, 43.43778738700007], [146.08643968900014, 43.41494664000015], [146.06207705600013, 43.416908387000035]]], [[[146.17389085600018, 43.42751410800014], [146.17614566300017, 43.427609228000165], [146.17491602600012, 43.42581782100018], [146.17389085600018, 43.42751410800014]]], [[[146.17647373900013, 43.42868714200017], [146.1797433910001, 43.42885738400008], [146.17790698200008, 43.42863533500008], [146.17647373900013, 43.42868714200017]]], [[[145.94166638600018, 43.457173419000185], [145.89876644600008, 43.416761505000125], [145.86290053500022, 43.45671820100017], [145.94166638600018, 43.457173419000185]]], [[[145.09856138800012, 43.07706000000013], [140.4755409730002, 42.58893654100012], [140.1992338910003, 41.397897225000065], [140.12434333300007, 41.993635279000046], [139.76568610900017, 42.30620222500016], [140.52060678300018, 42.99076789200018], [140.34591725100017, 43.33361242700016], [141.1611284180002, 43.14394858600008], [141.2940952270003, 43.18546455900014], [141.2918557720002, 43.193671140000106], [141.28941111500012, 43.208524081000064], [141.42349917, 43.32823694600012], [141.79231666700014, 44.642943333], [141.57206775600002, 45.235400532000085], [141.93654211400008, 45.522957360000134], [142.98976083000002, 44.560611387000165], [144.34503778200008, 43.96156305400012], [145.34443179000016, 44.33983303900004], [145.06906861200002, 43.74795583800005], [145.39687778200005, 43.29102000000012], [145.817485486, 43.38529104300005], [145.56792204900023, 43.28303883799998], [145.5199586120002, 43.16482472100017], [145.14655583700005, 43.14503], [145.17264834000002, 43.07603417100006], [145.09856138800012, 43.07706000000013]], [[141.29385625200018, 43.19330302700013], [141.2928558880002, 43.194527946000164], [141.2918557720002, 43.193671140000106], [141.29385625200018, 43.19330302700013]], [[145.11832075200005, 43.07891727900005], [145.11590966300014, 43.07957041399999], [145.11691037600008, 43.078827987000125], [145.11832075200005, 43.07891727900005]]], [[[145.89130160800028, 43.46146372100009], [145.88902737400008, 43.45996248700004], [145.88713647200007, 43.462178414000164], [145.89130160800028, 43.46146372100009]]], [[[146.18474730200012, 43.48161886500009], [146.0610215370001, 43.52462699300003], [146.2042010890001, 43.533708973000046], [146.18474730200012, 43.48161886500009]]], [[[145.27265457800002, 43.56024633300018], [145.2738791700001, 43.56047319800007], [145.2775086380002, 43.55996277500003], [145.27265457800002, 43.56024633300018]]], [[[146.40042756200012, 43.564569108], [146.40170832400008, 43.56543640800004], [146.40239557700022, 43.56343313500008], [146.40042756200012, 43.564569108]]], [[[146.40170832400008, 43.56543640800004], [146.40258784700006, 43.56665475200009], [146.40437108900005, 43.5650949190001], [146.40170832400008, 43.56543640800004]]], [[[146.4018443780003, 43.567351293000115], [146.40258784700006, 43.56665475200009], [146.39976930000023, 43.56669130600011], [146.4018443780003, 43.567351293000115]]], [[[145.31793477300005, 43.56613886500014], [145.32918399300002, 43.56823769800013], [145.32986328100026, 43.56646000000018], [145.31793477300005, 43.56613886500014]]], [[[146.4021215140001, 43.569860946000176], [146.4031755970001, 43.56785090100004], [146.3999478600001, 43.568232559000194], [146.4021215140001, 43.569860946000176]]], [[[146.4074838910002, 43.56749883800012], [146.4031755970001, 43.56785090100004], [146.4075970560002, 43.570009505000144], [146.4074838910002, 43.56749883800012]]], [[[145.3308550060002, 43.57036222500017], [145.32574602800003, 43.56906963400007], [145.3278312450002, 43.570515694000164], [145.3308550060002, 43.57036222500017]]], [[[145.24250272400013, 43.57089080200012], [145.25403717300014, 43.57541664000013], [145.23834376700017, 43.57074234900017], [145.24250272400013, 43.57089080200012]]], [[[146.43420924800012, 43.573802694000165], [146.43625841800008, 43.573239333000174], [146.43426966300012, 43.57280889200018], [146.43420924800012, 43.573802694000165]]], [[[146.42885739300027, 43.57628689200004], [146.43122891100006, 43.575860225000156], [146.4307254470001, 43.574677441000176], [146.42885739300027, 43.57628689200004]]], [[[145.32305767200023, 43.578260041000135], [145.31933000000015, 43.577014441000074], [145.3191568090001, 43.57859686500012], [145.32305767200023, 43.578260041000135]]], [[[145.31513722400018, 43.585195279000175], [145.31852664100018, 43.58125546800005], [145.31527117400003, 43.58136478600005], [145.31513722400018, 43.585195279000175]]], [[[145.30951856000013, 43.596993387000055], [145.30787211400013, 43.595456360000185], [145.30501306100007, 43.59478472100011], [145.30951856000013, 43.596993387000055]]], [[[146.43115355400028, 43.59981910800019], [146.4322086960002, 43.60095612000015], [146.4332452530001, 43.59980822500012], [146.43115355400028, 43.59981910800019]]], [[[146.3110935410001, 43.651674568000146], [146.35695978, 43.61764869400014], [146.2700694680001, 43.626779721000105], [146.3110935410001, 43.651674568000146]]], [[[145.13590827500013, 43.66404241400011], [145.13337214000035, 43.66416073900018], [145.13601894900023, 43.66564397300016], [145.13590827500013, 43.66404241400011]]], [[[145.4449424380001, 43.71892602700018], [145.44444160800003, 43.7175400270001], [145.43677162000006, 43.71785402300014], [145.4449424380001, 43.71892602700018]]], [[[146.70389116700017, 43.72984808100006], [146.69528153000033, 43.720900468000025], [146.68464352800015, 43.729528505000076], [146.70389116700017, 43.72984808100006]]], [[[146.71445897500018, 43.731620414000076], [146.71404225200024, 43.73270289800013], [146.71548328100005, 43.73278341400004], [146.71445897500018, 43.731620414000076]]], [[[146.71157671900005, 43.73612491900019], [146.71404225200024, 43.73270289800013], [146.71099875500022, 43.73239972100015], [146.71157671900005, 43.73612491900019]]], [[[146.5908776650001, 43.73751836000008], [146.59342752300006, 43.73712244100011], [146.5923472500001, 43.736239198000135], [146.5908776650001, 43.73751836000008]]], [[[146.7923807520001, 43.75806858600009], [146.80311604400015, 43.75017572100012], [146.7895160050001, 43.74477138700007], [146.7923807520001, 43.75806858600009]]], [[[146.8496855510001, 43.78675764000013], [146.84354732800023, 43.78640410800017], [146.84684155600007, 43.790643360000104], [146.8496855510001, 43.78675764000013]]], [[[146.85054428000024, 43.788438558999985], [146.85045827500016, 43.793125026999974], [146.8540887160002, 43.79148964000012], [146.85054428000024, 43.788438558999985]]], [[[146.5856487550002, 43.74423986500017], [146.69555603100002, 43.74593994600002], [146.67759092100005, 43.72460546800016], [146.67507124500014, 43.705836721000026], [146.5856487550002, 43.74423986500017]]], [[[146.83939644600014, 43.801463387000126], [146.84351852100008, 43.799759721000044], [146.84045766500014, 43.79947386500004], [146.83939644600014, 43.801463387000126]]], [[[146.88401250300012, 43.806037946], [146.88643313900002, 43.80611019800011], [146.88581586300018, 43.805160586000056], [146.88401250300012, 43.806037946]]], [[[146.8671933070001, 43.80801630600013], [146.8684906420001, 43.81037712700015], [146.87005722400022, 43.809349721000046], [146.8671933070001, 43.80801630600013]]], [[[146.880262183, 43.81022606700009], [146.8780949610001, 43.810903068000016], [146.88009391700007, 43.81145205399997], [146.880262183, 43.81022606700009]]], [[[146.9117110510001, 43.82038138700011], [146.91269600500004, 43.81908855900008], [146.91108061000023, 43.817596721000086], [146.9117110510001, 43.82038138700011]]], [[[146.91396038900007, 43.82097163999998], [146.915182866, 43.82186589200012], [146.9155114140002, 43.82075891900007], [146.91396038900007, 43.82097163999998]]], [[[145.7205981970003, 43.913055441000154], [145.72209949600006, 43.91312963900009], [145.72155581100014, 43.91192805400004], [145.7205981970003, 43.913055441000154]]], [[[145.73594527900002, 43.91842244100013], [145.7334853440002, 43.91879842800006], [145.73687033700003, 43.91962846800004], [145.73594527900002, 43.91842244100013]]], [[[145.73746722400006, 43.91967672100003], [145.7437207290002, 43.921826945000134], [145.7416933070001, 43.92000172100006], [145.73746722400006, 43.91967672100003]]], [[[145.74993513300012, 43.92368788300007], [145.7437207290002, 43.921826945000134], [145.74244306100013, 43.92177919800014], [145.74993513300012, 43.92368788300007]]], [[[145.75519775600003, 43.92464083800013], [145.74993513300012, 43.92368788300007], [145.75070654, 43.92493021500019], [145.75519775600003, 43.92464083800013]]], [[[144.2949466670002, 44.008262441], [144.29464027200015, 44.00729155900018], [144.29198839200012, 44.006037946000106], [144.2949466670002, 44.008262441]]], [[[144.28271185500023, 44.02749597300016], [144.28443447500013, 44.02696694600019], [144.2812731580001, 44.025446896000176], [144.28271185500023, 44.02749597300016]]], [[[145.7407707000001, 44.05817133300019], [145.7420009990002, 44.05856361300016], [145.7422991960001, 44.0573954410001], [145.7407707000001, 44.05817133300019]]], [[[146.11023525300027, 44.262438027000144], [145.42741847000002, 43.72704844100008], [145.4046612840002, 43.84040255900004], [145.7424495590003, 44.05222374800002], [146.12930075200006, 44.50791586500003], [146.57741968900018, 44.454941532000134], [146.11023525300027, 44.262438027000144]]], [[[146.0477447730001, 44.18089758600013], [146.0507500000001, 44.18061677500009], [146.0510321400002, 44.179126865000114], [146.0477447730001, 44.18089758600013]]], [[[146.0489211150002, 44.185501532000046], [146.04703147200007, 44.18529679300008], [146.04813871600004, 44.18645013500009], [146.0489211150002, 44.185501532000046]]], [[[146.17169671900012, 44.50858989200009], [146.17322922200015, 44.50838297300015], [146.17494763900015, 44.50746861300013], [146.17169671900012, 44.50858989200009]]], [[[147.2097714790002, 44.57044450500001], [147.21089700400012, 44.5690748020001], [147.20810102500002, 44.56738130600013], [147.2097714790002, 44.57044450500001]]], [[[147.2668471730001, 44.60839725200009], [147.269669442, 44.60697058599999], [147.26517002600008, 44.606891802000064], [147.2668471730001, 44.60839725200009]]], [[[146.97798092100004, 44.650195027000166], [146.97726347600008, 44.654355108], [146.9798579510001, 44.65238902700014], [146.97798092100004, 44.650195027000166]]], [[[147.2924006610001, 44.66097394600018], [147.2938942280001, 44.66010046800005], [147.29228891100013, 44.65978983800011], [147.2924006610001, 44.66097394600018]]], [[[147.30207622600017, 44.66740105400015], [147.30461968900022, 44.666730865000034], [147.30286652400002, 44.66616883800015], [147.30207622600017, 44.66740105400015]]], [[[147.90375228300002, 45.42987561300015], [147.65650128400011, 44.995279919000154], [146.86159050600008, 44.44588405400003], [147.90375228300002, 45.42987561300015]]], [[[142.5177047210002, 45.03945472099997], [142.51835472100015, 45.03880777500012], [142.51743486300006, 45.03704140800005], [142.5177047210002, 45.03945472099997]]], [[[148.134392283, 45.121034135000116], [148.13634224400005, 45.1222350540001], [148.1360894940001, 45.12005244100004], [148.134392283, 45.121034135000116]]], [[[148.49290987400013, 45.25490012], [148.49275689400008, 45.25334634700016], [148.49135180300004, 45.254712667000035], [148.49290987400013, 45.25490012]]], [[[148.71367352800007, 45.334638919000156], [148.71530381000014, 45.335166712000046], [148.71581111500007, 45.33427589200005], [148.71367352800007, 45.334638919000156]]]]}}]}