{"type": "FeatureCollection", "bbox": [-118.40764955087897, 14.532098361949211, -86.71040527005675, 32.71865357526253], "features": [{"type": "Feature", "properties": {"iso3": "MEX", "source": "geoBoundaries", "territoryExtent": "full"}, "geometry": {"type": "MultiPolygon", "coordinates": [[[[-114.70880216643724, 18.343015179562702], [-114.75199208302075, 18.332593999887223], [-114.75944111039513, 18.338743639364655], [-114.75673457464407, 18.357387471058683], [-114.73892264132432, 18.36567780989718], [-114.72649858750871, 18.36037188800107], [-114.69211493981197, 18.36457193250466], [-114.68096276813137, 18.354826090310063], [-114.70014971450853, 18.33969237089133], [-114.70880216643724, 18.343015179562702]]], [[[-114.29511114709742, 27.109063902990773], [-114.28900845968441, 27.10130834289522], [-114.29095630295613, 27.098269120409572], [-114.2953150151016, 27.101498616712643], [-114.29511114709742, 27.109063902990773]]], [[[-114.38475314463291, 27.14595434431689], [-114.37109120514295, 27.147853275637573], [-114.37245770300781, 27.145182857612667], [-114.38475314463291, 27.14595434431689]]], [[[-115.15889398447985, 27.86332430917691], [-115.17831652558881, 27.850241836646855], [-115.1765802921326, 27.85640139878693], [-115.18878223445805, 27.876051068666687], [-115.21345475701504, 27.8849172423273], [-115.22027673428802, 27.890610626507293], [-115.21679679891787, 27.896471469150434], [-115.19088664731545, 27.885470132617538], [-115.18282830919668, 27.87565306169227], [-115.16144227617727, 27.870283166867708], [-115.15889398447985, 27.86332430917691]]], [[[-115.22376433737703, 27.8934811276435], [-115.22264057070286, 27.893719919752424], [-115.22206154502679, 27.89227793965933], [-115.22376433737703, 27.8934811276435]]], [[[-115.19461974927235, 28.35464892978142], [-115.19682934061228, 28.333964524587497], [-115.18763974223235, 28.315075111916308], [-115.17549708439196, 28.30645026846451], [-115.17556070660311, 28.28884385772453], [-115.16739425561127, 28.269942943021917], [-115.17644688251248, 28.216110841917487], [-115.15929478898472, 28.1927373129312], [-115.15600436046756, 28.179948290612366], [-115.16006004502115, 28.150616948676433], [-115.15587113923854, 28.14236971748827], [-115.18563025976397, 28.10650843403588], [-115.18747318941482, 28.08716618371208], [-115.18090696034174, 28.06983154103783], [-115.18904019506633, 28.056179274301552], [-115.1805709688802, 28.04096204659672], [-115.18510898992338, 28.03196746451531], [-115.20936259715512, 28.04022485909212], [-115.22873816118921, 28.0299466990093], [-115.2346094747479, 28.03603436597875], [-115.25437118866351, 28.038128922397973], [-115.25290425175784, 28.04639894363355], [-115.2652263485874, 28.07470424538291], [-115.28801451846559, 28.09348736768195], [-115.310949181061, 28.094343717169135], [-115.3323511230778, 28.08662295009583], [-115.33260239624201, 28.080042503757586], [-115.34262954233586, 28.081443742775434], [-115.34444032476112, 28.07539216263042], [-115.35839104186337, 28.081514027331252], [-115.35159740452978, 28.08822627503039], [-115.35142205733962, 28.118076656917363], [-115.33703063151924, 28.121792495230654], [-115.31884051092567, 28.134876873099046], [-115.24174155283438, 28.222296836776835], [-115.24671910360597, 28.226374637596248], [-115.23999861187649, 28.232308027936465], [-115.25933707630169, 28.27385654096475], [-115.25519712346872, 28.286655747601507], [-115.26548148937826, 28.294395682885806], [-115.26105192563274, 28.294608516356732], [-115.26296566766784, 28.300954353801828], [-115.25339570304652, 28.303003686704873], [-115.25596187409391, 28.31075341377693], [-115.24871021087064, 28.31573249972543], [-115.24733867369724, 28.33490296029729], [-115.25142280321725, 28.34034500034425], [-115.24059564955915, 28.343195603958915], [-115.24609360000304, 28.353960624305337], [-115.22970810816427, 28.362658067897875], [-115.23117315977889, 28.370001970825818], [-115.22735796735722, 28.36804661260693], [-115.21713338628747, 28.37759347377329], [-115.20737778973755, 28.372950477054943], [-115.20477758669111, 28.364525948381726], [-115.19858598820726, 28.36524102191211], [-115.19461974927235, 28.35464892978142]]], [[[-115.53607661944278, 28.296137099760656], [-115.54266717577966, 28.302607014096917], [-115.54000883530755, 28.31546357383617], [-115.53043114356566, 28.30602800916343], [-115.53607661944278, 28.296137099760656]]], [[[-115.5699202128717, 28.311234814391597], [-115.57034545569479, 28.300833262218294], [-115.58879975612945, 28.29582945024787], [-115.5984406908239, 28.30001551519216], [-115.59877138454449, 28.31493333580423], [-115.58212703897031, 28.316670990168024], [-115.57684001229512, 28.30766325016382], [-115.5699202128717, 28.311234814391597]]], [[[-115.56709483616294, 28.315717254593956], [-115.55780009278122, 28.316326690602086], [-115.5541781219966, 28.311379324164136], [-115.56356806948556, 28.310046004246335], [-115.56709483616294, 28.315717254593956]]], [[[-114.27756758821926, 28.670587340670107], [-114.27766493192094, 28.668690726207444], [-114.27937949032471, 28.66934560010977], [-114.27756758821926, 28.670587340670107]]], [[[-114.2804410700902, 28.69291192515515], [-114.2797895271072, 28.693910880657835], [-114.2786248132108, 28.69296959167862], [-114.2804410700902, 28.69291192515515]]], [[[-113.04751442812645, 28.894049187843127], [-113.04026029161398, 28.890428589909934], [-113.03857215466415, 28.899781952495786], [-113.0322165113412, 28.89898770794875], [-113.03986143075036, 28.88417469083932], [-113.04607045874037, 28.885196938351722], [-113.04751442812645, 28.894049187843127]]], [[[-113.4770850701152, 28.974898935249648], [-113.48138190972021, 28.967295953058887], [-113.48510989799797, 28.978897034188233], [-113.4770850701152, 28.974898935249648]]], [[[-113.5169626629159, 28.99383528690735], [-113.51556994102518, 29.002015481521298], [-113.50772892015148, 29.00113901186844], [-113.50198195268207, 28.993975596210408], [-113.51144391581501, 28.98871966799783], [-113.5169626629159, 28.99383528690735]]], [[[-113.52070758720771, 28.997038779762764], [-113.51898531452396, 28.99796694459317], [-113.51808239441864, 28.995122526990205], [-113.52070758720771, 28.997038779762764]]], [[[-113.52124337528628, 28.998403437634362], [-113.52020134861002, 28.99947264905956], [-113.52012600990591, 28.99787756670737], [-113.52124337528628, 28.998403437634362]]], [[[-113.52393490485039, 29.005460785605507], [-113.52110670860168, 29.0052841917383], [-113.52431368168234, 29.00160319158685], [-113.52393490485039, 29.005460785605507]]], [[[-113.51517077977688, 29.011613222953702], [-113.51107285828512, 29.01177316319407], [-113.51586759386852, 29.009707603215134], [-113.51517077977688, 29.011613222953702]]], [[[-113.51635401492818, 29.013410496846138], [-113.51432093307758, 29.01630604685085], [-113.51109083730005, 29.013363485626247], [-113.51635401492818, 29.013410496846138]]], [[[-113.46104763255416, 29.016328844342976], [-113.46309915692144, 29.011688735551164], [-113.46697771089707, 29.01485646329461], [-113.46940821729173, 29.02418016926201], [-113.46104763255416, 29.016328844342976]]], [[[-118.3154940471778, 29.1049392084256], [-118.29219041365961, 29.098617293560235], [-118.26100273809556, 29.06815035081436], [-118.2480428706906, 29.014456422575908], [-118.25567332000007, 28.99055742251859], [-118.25207789526695, 28.972028337958115], [-118.24382169520324, 28.960884342162473], [-118.2482971902314, 28.950065732707365], [-118.2477312410961, 28.92251611320626], [-118.25917697693093, 28.913171389722507], [-118.26702197361051, 28.886016615317125], [-118.28051051963384, 28.877581595722603], [-118.29310475945175, 28.882961993352563], [-118.31542420963112, 28.87293335426097], [-118.3172473483862, 28.87772782358649], [-118.30518786456315, 28.88815869522411], [-118.3046416217075, 28.894660002315643], [-118.32304442550617, 28.92977663864398], [-118.31808209299676, 28.93671211659957], [-118.3242000533519, 28.94522547987321], [-118.31908501640463, 28.9620948622794], [-118.34305634490448, 28.974106799953738], [-118.33407660723962, 28.9833753497849], [-118.33969262801415, 29.011482244403762], [-118.34829928942476, 29.01620996371986], [-118.34750326146117, 29.032371413957026], [-118.35392929871253, 29.042328084088734], [-118.37853903267339, 29.053612891343136], [-118.38404328503451, 29.06365505179478], [-118.39933459594587, 29.06858313013158], [-118.39452797524247, 29.11001127811509], [-118.40764955087897, 29.1428291338989], [-118.38874415642579, 29.16235676083193], [-118.37060714753878, 29.170057791789542], [-118.35384130693726, 29.170088026241174], [-118.32462071721474, 29.192729121793327], [-118.31756263958275, 29.184667512695412], [-118.33657748280125, 29.145558191282106], [-118.32521251920807, 29.11463749581211], [-118.3154940471778, 29.1049392084256]]], [[[-113.09199502683636, 29.064079098493753], [-113.09767797678556, 29.063054103390108], [-113.09565187783902, 29.06674588314029], [-113.08182169461105, 29.067250482093996], [-113.08747788666922, 29.06177711630998], [-113.09720964121034, 29.060773253978272], [-113.09199502683636, 29.064079098493753]]], [[[-113.50551658123672, 29.063279126880595], [-113.499247650455, 29.05491067439473], [-113.50272519376307, 29.049829122882052], [-113.489182586415, 29.037686172837997], [-113.50720410226809, 29.042106753102455], [-113.50285159315348, 29.049094752156257], [-113.51378850572738, 29.05210260151176], [-113.50971698801847, 29.061999441617328], [-113.52730808831902, 29.095493179339474], [-113.50943717609923, 29.096097539879878], [-113.50233691711664, 29.090415985952305], [-113.50817894711165, 29.080237740737452], [-113.50303094973665, 29.076830235940882], [-113.50551658123672, 29.063279126880595]]], [[[-113.51783600994011, 29.065066756319446], [-113.5218518339985, 29.069636054720554], [-113.5148900747341, 29.064819548412917], [-113.51783600994011, 29.065066756319446]]], [[[-113.5300424046933, 29.098462094224768], [-113.52727896144579, 29.09810267410801], [-113.53084582003464, 29.09616615981762], [-113.5300424046933, 29.098462094224768]]], [[[-113.60790604444095, 29.168344608254547], [-113.60640492052849, 29.168499683155027], [-113.60775320408997, 29.166252317669056], [-113.60790604444095, 29.168344608254547]]], [[[-113.47527959476817, 29.531412238375182], [-113.4764073230353, 29.525881404383444], [-113.47010552176249, 29.52070337923615], [-113.45267506738135, 29.517926912463697], [-113.42261784263715, 29.49279611265319], [-113.41765412788534, 29.47510669454659], [-113.40881150443953, 29.46697498458353], [-113.38482355280048, 29.45911308993522], [-113.38492437549277, 29.450238924168826], [-113.3766479765716, 29.444006225730696], [-113.37597082252356, 29.43415303923322], [-113.36305345813855, 29.418139728950095], [-113.3562424300842, 29.39563974904907], [-113.34478451912217, 29.386948802958244], [-113.37091821686354, 29.349432744271663], [-113.36405136974165, 29.308593906688973], [-113.34325982931887, 29.29609269577747], [-113.29987378804549, 29.290831399421506], [-113.29134994148116, 29.280829976347267], [-113.28336828835205, 29.28078039871989], [-113.27060676310798, 29.290304936333552], [-113.26784703038706, 29.284354356214255], [-113.25503117627024, 29.289339647908545], [-113.25558736217467, 29.283550044610074], [-113.25096705945371, 29.28259374108825], [-113.23233522320766, 29.288703619798184], [-113.18638747060415, 29.28377063936124], [-113.18459189814749, 29.28804579881778], [-113.17384896376035, 29.288705880629998], [-113.16046590424916, 29.278526405371053], [-113.17105858878396, 29.263939944572186], [-113.17354380054051, 29.24809578573567], [-113.17010543461315, 29.196927005386247], [-113.16536642764697, 29.191276568938314], [-113.17249715161181, 29.177878797688418], [-113.17455938150084, 29.12778223008257], [-113.15387125516568, 29.095037062481364], [-113.15591352146672, 29.079170928116103], [-113.14836722534025, 29.06618760710173], [-113.12465822958391, 29.061285116635613], [-113.12350331487048, 29.05637512262533], [-113.09952237422202, 29.05669084958991], [-113.11440661668621, 29.02890978132918], [-113.11583977214629, 28.987051318294462], [-113.1497139227084, 29.006025566083927], [-113.15462615190523, 29.015025945160097], [-113.18858703916173, 29.028363173632833], [-113.2003489887024, 29.048003882168523], [-113.24394847390934, 29.06713262759171], [-113.26401950511564, 29.10455383893225], [-113.29827276832953, 29.136715337097463], [-113.30068904374316, 29.145103343017105], [-113.35060496829007, 29.16858390302837], [-113.36386590530385, 29.187437240350206], [-113.40424543425344, 29.209303957727677], [-113.42922374711875, 29.243389963747237], [-113.42698678003657, 29.25721702941769], [-113.43339085116376, 29.25992796992057], [-113.44090376420488, 29.27606320017788], [-113.49541770582573, 29.28358056023213], [-113.50605881180387, 29.32283530857117], [-113.52516790174337, 29.33513938995072], [-113.53118337325988, 29.352457605460003], [-113.5385561828661, 29.35679917365709], [-113.5453438755343, 29.371638844425448], [-113.55554725751688, 29.377106361791167], [-113.55689497886877, 29.385906657019092], [-113.57051272195112, 29.401488669050774], [-113.58821569250456, 29.40892513189494], [-113.59242775853907, 29.417527200010912], [-113.58836777929369, 29.427419057030367], [-113.59443306157561, 29.438450668326052], [-113.5922544905074, 29.451031351569767], [-113.57700389663819, 29.469761019346265], [-113.5636179176851, 29.505196317928426], [-113.57233671552541, 29.522022132547065], [-113.56799464780175, 29.528609765737492], [-113.57212160494696, 29.538356591532892], [-113.55868909769099, 29.546007262662318], [-113.55918851809305, 29.535203875119127], [-113.55281440058123, 29.538216712444346], [-113.54550170915702, 29.533990077343375], [-113.52406324650055, 29.543728182429202], [-113.52599696824365, 29.55079463903146], [-113.51391300030086, 29.551478188871787], [-113.51078596205647, 29.53761659094318], [-113.47527959476817, 29.531412238375182]]], [[[-113.5603826174699, 29.549898280047543], [-113.55855360594917, 29.554402845163924], [-113.55886885162052, 29.546243028874784], [-113.5603826174699, 29.549898280047543]]], [[[-113.57570422411773, 29.54598861740731], [-113.57934271237708, 29.56099082585844], [-113.56685620660564, 29.566475025898676], [-113.55965885613091, 29.560872492132198], [-113.56050643245815, 29.55531244942872], [-113.56216693844739, 29.560182471708664], [-113.5639873200893, 29.552332927814156], [-113.57570422411773, 29.54598861740731]]], [[[-113.53963928810275, 29.566629955854733], [-113.53422051591963, 29.562237867298677], [-113.54515826592453, 29.565638326283928], [-113.53963928810275, 29.566629955854733]]], [[[-115.79205849704222, 29.79377359860263], [-115.78819326280033, 29.793379326463093], [-115.79509657634527, 29.786562382115093], [-115.79205849704222, 29.79377359860263]]], [[[-114.39168623682346, 29.961844785900134], [-114.41531879894961, 29.9486578131731], [-114.41237174405896, 29.960951167957237], [-114.42371851457003, 29.966960608498425], [-114.41562635255539, 29.975139271795523], [-114.41931993233163, 29.987529795315716], [-114.40195814429097, 29.982755030716703], [-114.39168623682346, 29.961844785900134]]], [[[-114.38939555939112, 29.988783428653058], [-114.39085943903505, 29.993696433781853], [-114.39011386262868, 29.99555262667843], [-114.38675120464667, 29.99218861035766], [-114.38939555939112, 29.988783428653058]]], [[[-114.47484854760152, 30.013137220811487], [-114.47982198354657, 30.020424523905902], [-114.47634907184171, 30.023009684716147], [-114.47345936264892, 30.02276429198363], [-114.47484854760152, 30.013137220811487]]], [[[-114.48954873692188, 30.05136392205777], [-114.48703832216513, 30.053484435782742], [-114.49090749713143, 30.047643112879268], [-114.48954873692188, 30.05136392205777]]], [[[-114.53518200956154, 30.083257834532997], [-114.55379220076516, 30.092852184512626], [-114.54013191526111, 30.092251873778242], [-114.53518200956154, 30.083257834532997]]], [[[-116.12171272774178, 30.49267257989789], [-116.10815050894955, 30.49584724422003], [-116.10038160127415, 30.48446596776558], [-116.10796378973558, 30.480394255565276], [-116.12095215638836, 30.48339382142058], [-116.12171272774178, 30.49267257989789]]], [[[-114.77278247365788, 31.556434065905684], [-114.75463071942363, 31.5518972800662], [-114.74729132914014, 31.54174157485484], [-114.74684952814818, 31.52979690466612], [-114.77247076067611, 31.532897759131817], [-114.77495907454801, 31.538763617654283], [-114.76790276984164, 31.546701010818097], [-114.77278247365788, 31.556434065905684]]], [[[-114.61557600636928, 31.727890618804885], [-114.66810230481046, 31.747866283522807], [-114.68073600188566, 31.756098739263933], [-114.62112008405056, 31.75698603775175], [-114.59195946392563, 31.74668027774639], [-114.60022589340151, 31.732121905769798], [-114.61557600636928, 31.727890618804885]]], [[[-114.66694287730353, 31.716909839171226], [-114.6497759886055, 31.682052887730066], [-114.66230680496663, 31.675594253910045], [-114.67012453844531, 31.677901808538618], [-114.66953708483281, 31.682908519887736], [-114.687997228047, 31.686933302522267], [-114.69601640288624, 31.699354775451173], [-114.71163810935015, 31.71032284566698], [-114.69407843122772, 31.695025777064217], [-114.68970040983722, 31.681723875806572], [-114.69300104464064, 31.679099294306322], [-114.70430176908876, 31.687020135052627], [-114.7175041457771, 31.681179487963185], [-114.72527086266786, 31.686359656267076], [-114.72209135209225, 31.694572017862587], [-114.74072860192413, 31.695062007738695], [-114.7638521203524, 31.705671853858007], [-114.79109977374473, 31.729997138694575], [-114.79659562457553, 31.74257566520075], [-114.79993625822316, 31.812644952746016], [-114.78615799398858, 31.818717147798598], [-114.7591287979815, 31.812407510992667], [-114.74652310235432, 31.80186029629255], [-114.7304674170756, 31.76486920041395], [-114.66694287730353, 31.716909839171226]]], [[[-116.78697203215486, 31.790517228653748], [-116.79785449167522, 31.803521906871897], [-116.79752281653572, 31.80714228156632], [-116.78877538649284, 31.806514727336126], [-116.78697203215486, 31.790517228653748]]], [[[-116.80158496462013, 31.806260610956407], [-116.80900691506538, 31.810212553160248], [-116.80826875713201, 31.812854643061975], [-116.80121324528842, 31.811982518231556], [-116.80158496462013, 31.806260610956407]]], [[[-117.23953503407297, 32.39129193644643], [-117.24921899155542, 32.41084705448827], [-117.25063039157772, 32.41980104472565], [-117.24220075485245, 32.41143625636833], [-117.23953503407297, 32.39129193644643]]], [[[-117.26157218292091, 32.41681397453404], [-117.25728118237518, 32.41849993251773], [-117.25960725607982, 32.41471307731564], [-117.26157218292091, 32.41681397453404]]], [[[-117.29408055219209, 32.43371939027437], [-117.30004070858645, 32.44033648230042], [-117.29894356366019, 32.44552773661847], [-117.2967386816752, 32.44367713050469], [-117.29408055219209, 32.43371939027437]]], [[[-110.970464507592, 18.844622766764168], [-110.95907237966709, 18.830165106405836], [-110.94969447377159, 18.83277969454772], [-110.94237696430507, 18.827287430959718], [-110.9409330795749, 18.81528893430233], [-110.91827017754905, 18.79062633713032], [-110.91441580754208, 18.77465102055135], [-110.92062924839381, 18.76493621436782], [-110.91765776055033, 18.74772098474489], [-110.92194280133039, 18.72610878279292], [-110.92936041987763, 18.720336419476304], [-110.9414786718654, 18.722628467855632], [-110.94391264891887, 18.714072520951184], [-110.95101603946787, 18.71852418257606], [-110.95387929372619, 18.71170495256249], [-110.9595673636095, 18.715081743556798], [-110.95677973822455, 18.723398323598506], [-110.97250629006126, 18.737976544808436], [-110.98520809176114, 18.736947470773195], [-111.00145943603145, 18.750272412396562], [-111.00777904936339, 18.74481168381931], [-111.01911366077101, 18.749147020590115], [-111.01755001368811, 18.756922900957342], [-111.03750257972119, 18.779774428527165], [-111.05772041387988, 18.773770782589406], [-111.04370147276764, 18.79040650504088], [-111.05038701460046, 18.80093676615], [-111.04542137295242, 18.805887955485186], [-111.05364857269801, 18.809564543894997], [-111.0428755892661, 18.80804806294605], [-111.0393953558532, 18.8131704621107], [-111.03074469871308, 18.811784610556057], [-111.02742511150082, 18.817787792393958], [-111.01671290150196, 18.816689838190968], [-111.01012412883776, 18.838930815395383], [-111.0000565411581, 18.844403157278002], [-110.99855497759516, 18.854135526035954], [-110.9908353759599, 18.853808380285432], [-110.9910502866029, 18.858643141973214], [-110.98407046287365, 18.857876256841912], [-110.98751227645117, 18.85187738215402], [-110.97996258431733, 18.853968441136676], [-110.97827667726104, 18.845873499112617], [-110.970464507592, 18.844622766764168]]], [[[-110.82030363345575, 19.304369932719805], [-110.81615592507605, 19.320694514291443], [-110.80988948721463, 19.319711651995295], [-110.80569484401747, 19.310623487500482], [-110.81208116703833, 19.300112270759204], [-110.8102986017851, 19.287528427362748], [-110.82761158478253, 19.283765779730974], [-110.83346188850909, 19.29025511681497], [-110.83001267995648, 19.299816009246815], [-110.82030363345575, 19.304369932719805]]], [[[-110.86015317853926, 25.12749263104783], [-110.86269710011857, 25.1294298767705], [-110.85904579487207, 25.130519187358395], [-110.86015317853926, 25.12749263104783]]], [[[-110.70468082285369, 25.19408098731984], [-110.69746587132143, 25.20555990567921], [-110.69498349566653, 25.203575280401914], [-110.69549071010798, 25.199343720121387], [-110.70468082285369, 25.19408098731984]]], [[[-110.92285749816728, 25.24670522866698], [-110.92177250324488, 25.2471395398261], [-110.92084073349498, 25.246605207447423], [-110.92285749816728, 25.24670522866698]]], [[[-110.73134566410774, 25.2825126734495], [-110.71184839103651, 25.30461981965989], [-110.69464008120868, 25.305140657459713], [-110.6849462661128, 25.311696699980764], [-110.69905881909112, 25.29053254568296], [-110.70653524396161, 25.267554293225494], [-110.71533978924262, 25.2608698627505], [-110.72587859302672, 25.261949381032462], [-110.73134566410774, 25.2825126734495]]], [[[-111.15301735970911, 25.582870551992894], [-111.15190466170155, 25.58843793741112], [-111.14432416285783, 25.585481696133865], [-111.14854763317665, 25.583176691966752], [-111.15301735970911, 25.582870551992894]]], [[[-111.13003640698214, 25.584315723168817], [-111.13180393322655, 25.58792934631925], [-111.12917849666633, 25.58637732749978], [-111.13003640698214, 25.584315723168817]]], [[[-110.77023906648394, 25.67685413142587], [-110.75591646800575, 25.600394759831705], [-110.75950473861606, 25.59286120658087], [-110.77576660579398, 25.603840337976866], [-110.7808421617483, 25.600515156813206], [-110.78705878890756, 25.605265236898223], [-110.80572545431446, 25.646458002032098], [-110.79968361947017, 25.68395021351794], [-110.78141665319168, 25.711435588264525], [-110.77518346569028, 25.713205963805066], [-110.77042462508263, 25.69451530144112], [-110.76383586416364, 25.689766015791196], [-110.77023906648394, 25.67685413142587]]], [[[-111.01942889047953, 25.69517162235127], [-111.013552036084, 25.669458571714664], [-111.02979645717937, 25.64977801442943], [-111.04691463707492, 25.66436878348633], [-111.04547465024372, 25.67559155461522], [-111.05963551770033, 25.707269280504633], [-111.04405954543064, 25.707110557024], [-111.03496560381116, 25.714291086260673], [-111.03183373057091, 25.702505267037118], [-111.01942889047953, 25.69517162235127]]], [[[-111.2247735407376, 25.73212042776906], [-111.22370283024283, 25.72992105535495], [-111.22550513826283, 25.730097645715095], [-111.2247735407376, 25.73212042776906]]], [[[-111.04385147462027, 25.743180979579492], [-111.04324180271193, 25.73826773816138], [-111.04446876842115, 25.73942437479081], [-111.04385147462027, 25.743180979579492]]], [[[-111.27658384814839, 25.755848346849465], [-111.27558348326535, 25.758440660511383], [-111.27469672331135, 25.75761027956874], [-111.27658384814839, 25.755848346849465]]], [[[-111.28179566890182, 25.768318445245377], [-111.28043955831693, 25.76776261709114], [-111.28157458470376, 25.767074876693073], [-111.28179566890182, 25.768318445245377]]], [[[-111.24836814826953, 25.788594045691177], [-111.24333063669528, 25.789124660759157], [-111.24871826773317, 25.777394559466867], [-111.24247500359296, 25.770947681745803], [-111.24525235403647, 25.764686579374906], [-111.25926105854379, 25.783094813920442], [-111.25555171216982, 25.802314623263445], [-111.26010120014145, 25.811688861713854], [-111.2550952571067, 25.811980080707574], [-111.24726898396526, 25.79880195744949], [-111.24836814826953, 25.788594045691177]]], [[[-111.08206753826077, 26.03274494188578], [-111.08044509636223, 25.99791486269298], [-111.0695295958866, 25.99719223082653], [-111.07269954235254, 25.98344154566517], [-111.06522041780465, 25.98127950242754], [-111.06834226678579, 25.965703789998418], [-111.09403941605636, 25.985274436779562], [-111.10211715333323, 25.998142327155264], [-111.12045035237544, 25.99386829792003], [-111.12252588954634, 25.978446873443918], [-111.13288596523805, 25.96126298429984], [-111.1803354437686, 25.904546517345064], [-111.17860943636842, 25.896251550980146], [-111.18533584088183, 25.88214236646745], [-111.18218959455803, 25.86719767827425], [-111.20398592416153, 25.8480550274986], [-111.20233908649034, 25.807485737747022], [-111.22841668842888, 25.82261579387595], [-111.23314283309305, 25.848292853737735], [-111.22369317357419, 25.865110428921945], [-111.21455409270705, 25.86979834724797], [-111.21965569424755, 25.884406234793648], [-111.20702918115785, 25.914231251433364], [-111.20907929879772, 25.929785573933724], [-111.19919572291603, 25.94250242560059], [-111.19785484236162, 25.954977822737096], [-111.16802128193491, 25.987400475762474], [-111.17271902086367, 26.004206600235175], [-111.16882731036029, 26.01609383508774], [-111.16261255841262, 26.01927280222767], [-111.16879109271771, 26.02071020331607], [-111.17543858169246, 26.041727333240637], [-111.13814053518415, 26.050150096273537], [-111.13231108115357, 26.053838413231826], [-111.1343652011867, 26.060872408747358], [-111.12849968272661, 26.06743173374677], [-111.12035786511943, 26.058531998040777], [-111.1061440390353, 26.056683643695344], [-111.10223989831239, 26.051520121950237], [-111.08675947746465, 26.059720099684107], [-111.08596479044505, 26.05581650847478], [-111.06006269765629, 26.07242764068557], [-111.08206753826077, 26.03274494188578]]], [[[-111.18072028769643, 26.044842284529835], [-111.17857060534067, 26.04574827920866], [-111.1778548990591, 26.04390346349209], [-111.18072028769643, 26.044842284529835]]], [[[-111.305622691612, 26.106298877629275], [-111.30360840186115, 26.10538489572435], [-111.30635641158672, 26.10474398727024], [-111.305622691612, 26.106298877629275]]], [[[-111.26499561548246, 26.116299396885655], [-111.26325610798683, 26.106142439458246], [-111.27954871721876, 26.10648779165073], [-111.29041146990431, 26.100888430670818], [-111.29711904964397, 26.098575571577374], [-111.27971656373678, 26.11127009306075], [-111.28837454100487, 26.120341593543262], [-111.27912801417548, 26.13535218501647], [-111.26388734579842, 26.13598122828479], [-111.25998631176064, 26.126111686838033], [-111.26499561548246, 26.116299396885655]]], [[[-111.42509422998505, 26.624511008526174], [-111.43691898119404, 26.636845480607562], [-111.43600108036223, 26.64162869913294], [-111.42823847330392, 26.636923899509366], [-111.42509422998505, 26.624511008526174]]], [[[-111.9109338329857, 27.036325729951855], [-111.91616451927177, 27.037264369869717], [-111.90884196235474, 27.042852499502814], [-111.9109338329857, 27.036325729951855]]], [[[-112.05063205836615, 27.21739193940182], [-112.04337406688195, 27.208352678663964], [-112.05938146054568, 27.179652541609443], [-112.06541267964428, 27.18362928196683], [-112.07561582385439, 27.17761612243557], [-112.08483112437595, 27.18574662404875], [-112.08320328072256, 27.190582272392504], [-112.08619813228911, 27.189668779837547], [-112.08732793599, 27.191716148944494], [-112.08907927035955, 27.215376585128705], [-112.10737621969236, 27.240619121928596], [-112.08809150776071, 27.2587010635349], [-112.04667834049253, 27.224554862596705], [-112.05063205836615, 27.21739193940182]]], [[[-111.96390922280823, 27.414668457081426], [-111.96632885260492, 27.433061147758103], [-111.94726488715482, 27.435689782493334], [-111.92851593120876, 27.41255474091157], [-111.94155294670598, 27.404723935845492], [-111.9520664665254, 27.40723746032236], [-111.96390922280823, 27.414668457081426]]], [[[-112.7414101424571, 27.84239393765865], [-112.73946112755482, 27.842591436250125], [-112.73646668180344, 27.841199542834257], [-112.7414101424571, 27.84239393765865]]], [[[-110.85960109791814, 27.880842113210146], [-110.86393761871554, 27.874692405995642], [-110.86596643538903, 27.874648526221964], [-110.85960109791814, 27.880842113210146]]], [[[-110.84818342070248, 27.88852374188975], [-110.84188599279048, 27.895720918427315], [-110.83384184121549, 27.901958192560073], [-110.84140453778726, 27.887763736428955], [-110.84818342070248, 27.88852374188975]]], [[[-110.969105388322, 27.90968410074909], [-110.96852914719483, 27.90853434581009], [-110.97092438305532, 27.909244247360505], [-110.969105388322, 27.90968410074909]]], [[[-110.8748666117444, 27.906558522371316], [-110.8747673083194, 27.91142751574449], [-110.86950153924633, 27.911775430380434], [-110.8698208105226, 27.90970854642783], [-110.8748666117444, 27.906558522371316]]], [[[-110.88189426490852, 27.909840832055288], [-110.87911043275312, 27.90890979657449], [-110.88167988197925, 27.908143360854368], [-110.88189426490852, 27.909840832055288]]], [[[-110.99210044550662, 27.924982507656505], [-110.99212013257325, 27.92617444671202], [-110.9908356120333, 27.925445181322353], [-110.99210044550662, 27.924982507656505]]], [[[-110.99300705478402, 27.934571145715843], [-110.98999316700062, 27.934923132350782], [-110.99067592756039, 27.932962512309615], [-110.99300705478402, 27.934571145715843]]], [[[-111.03208891898203, 27.947053263992657], [-111.02874720724525, 27.952669326659603], [-111.02913440991131, 27.948526486752893], [-111.03208891898203, 27.947053263992657]]], [[[-111.11915566897954, 27.959594394040035], [-111.1208751434697, 27.953353244768312], [-111.12480481704024, 27.95274573753762], [-111.11915566897954, 27.959594394040035]]], [[[-111.38273491745312, 27.9640737563955], [-111.39163348801162, 27.98192531102325], [-111.38796648879914, 27.986408730395652], [-111.37416874897906, 27.971035275705347], [-111.36743311578473, 27.95254984441219], [-111.38273491745312, 27.9640737563955]]], [[[-112.65424029983798, 28.427963601451623], [-112.66595486650553, 28.41937138425301], [-112.66029465983314, 28.43496631826572], [-112.65424029983798, 28.427963601451623]]], [[[-112.85820616914201, 28.67032183144273], [-112.80304864766845, 28.635841407875272], [-112.78100311449558, 28.60990372071393], [-112.75560887795241, 28.59151311452455], [-112.77563244739822, 28.577423315796107], [-112.78584334821852, 28.58079897196017], [-112.79890731658908, 28.610578016306896], [-112.84376963334435, 28.64017706249486], [-112.86784550599296, 28.643968696911344], [-112.86678657980157, 28.652871615028637], [-112.89403760592577, 28.67855642713518], [-112.85820616914201, 28.67032183144273]]], [[[-112.92052806443503, 28.69963703222464], [-112.90914727154508, 28.696429630235258], [-112.89736099070777, 28.69717656912585], [-112.89482240344958, 28.679849792159505], [-112.93112003230193, 28.696370713323436], [-112.9330393457912, 28.70985824686412], [-112.92052806443503, 28.69963703222464]]], [[[-112.54614122124555, 28.68656990943667], [-112.55468766976476, 28.67220882678797], [-112.57331417614466, 28.668602510896683], [-112.59900588204573, 28.67272217075048], [-112.60648258558993, 28.667909482336427], [-112.60212511296764, 28.67711959692404], [-112.61385712455878, 28.70541086612666], [-112.61295755327792, 28.72679769668318], [-112.59503052342424, 28.7321965119233], [-112.57035809450757, 28.728690014732308], [-112.55838005197062, 28.734927393233313], [-112.54882880753787, 28.729375601434274], [-112.5429080865449, 28.711706796560872], [-112.54614122124555, 28.68656990943667]]], [[[-112.28536047432722, 28.70915491732337], [-112.29741195579473, 28.735023057219152], [-112.28577424530299, 28.722047740787186], [-112.28220794179208, 28.714329730207595], [-112.28536047432722, 28.70915491732337]]], [[[-112.96407939006164, 28.723579113460644], [-112.96218462087218, 28.724462266894474], [-112.9615562497655, 28.72314370403231], [-112.96407939006164, 28.723579113460644]]], [[[-112.94594559391965, 28.71695471594026], [-112.95141669507322, 28.724596042310296], [-112.9575312329832, 28.722377895506966], [-112.96532448390681, 28.73092441993356], [-112.96323308902977, 28.73412943374023], [-112.9504908579462, 28.727213327317095], [-112.94594559391965, 28.71695471594026]]], [[[-111.96561982923018, 28.816701977722765], [-111.96631546307339, 28.80879979099041], [-111.97262945727493, 28.807852041978386], [-111.9735476697888, 28.809079815708817], [-111.96561982923018, 28.816701977722765]]], [[[-112.97510746397256, 28.823591223663726], [-112.98003284836307, 28.819587466300398], [-112.98563286046574, 28.82410553329274], [-112.97510746397256, 28.823591223663726]]], [[[-113.02906214140758, 28.88826775286719], [-113.02621718830926, 28.885665335627127], [-113.02933483554419, 28.885667974316153], [-113.02906214140758, 28.88826775286719]]], [[[-112.287286387305, 29.21869826495732], [-112.26248439126462, 29.19377452471017], [-112.27103154759455, 29.185325490728797], [-112.26967434960032, 29.17506966638944], [-112.26531954865479, 29.178433780485033], [-112.27017101390244, 29.179313758229814], [-112.2644011940826, 29.178511163720618], [-112.27479851169514, 29.16491012601436], [-112.27437761042803, 29.136796616085988], [-112.23246298026483, 29.092031304653982], [-112.23458388915535, 29.087199056986517], [-112.21896929591011, 29.05406113988666], [-112.21016888517416, 29.045822575073323], [-112.2042659886498, 29.02513771863611], [-112.19507627562659, 29.02070241668493], [-112.1954879889711, 29.0090256938021], [-112.1999473332838, 29.013877733037834], [-112.197486942941, 29.018087294020003], [-112.20251566060615, 29.014665912203185], [-112.20513166325718, 29.000666134428137], [-112.19543634715752, 29.005827809813173], [-112.21172814448278, 28.99309706571745], [-112.21538348498906, 28.95688298664138], [-112.20874465279131, 28.96639197489968], [-112.19093721429849, 28.976674345005538], [-112.1932458544756, 28.978514514140695], [-112.18935719981496, 28.97700030519523], [-112.20883604501137, 28.96605024946781], [-112.2148579471454, 28.95687150551323], [-112.22985530328246, 28.90415296397295], [-112.2420976844062, 28.890918721946015], [-112.23955362900368, 28.871748054616443], [-112.25701395140352, 28.858093395704852], [-112.25801378935746, 28.842979276964844], [-112.2752068019576, 28.816641504970057], [-112.27722350177636, 28.804067818873353], [-112.26927674413514, 28.789999918668823], [-112.27357031477626, 28.783895214596836], [-112.25441336688401, 28.772965534979665], [-112.25365597368217, 28.76781185372452], [-112.26735465621013, 28.764946356471295], [-112.27765745939342, 28.76935804525758], [-112.29548692400338, 28.7611286477578], [-112.31019151433642, 28.74684310764504], [-112.32857306366887, 28.763586036595875], [-112.3483653132371, 28.766421797631416], [-112.35893016338476, 28.759714069167384], [-112.36451134592953, 28.773568045230284], [-112.38589943090616, 28.777312288829787], [-112.4068351131333, 28.79947966994024], [-112.46148954525233, 28.80263454274517], [-112.4723567334822, 28.821724422008067], [-112.49369586694789, 28.82266039839924], [-112.50355752398272, 28.838537845139836], [-112.54385825083116, 28.85495293143655], [-112.55489053326387, 28.867983462290926], [-112.5728340239423, 28.86847105035572], [-112.58436689269769, 28.876632803969105], [-112.56985428627773, 28.87980954958691], [-112.56337379321266, 28.891514749198763], [-112.55973286333905, 28.888263305393508], [-112.55052530213575, 28.892512101753354], [-112.51717601228977, 28.915246393413774], [-112.48949638616149, 28.949047734909147], [-112.49016265863388, 28.983053772625357], [-112.50058083102435, 28.994906762994603], [-112.50641624531616, 29.013939291219803], [-112.5017028459902, 29.022642841794312], [-112.50461401578707, 29.042015984649], [-112.50005493912063, 29.04841201135598], [-112.50583656869519, 29.063074962505468], [-112.49399309942744, 29.073394012671237], [-112.48788334119219, 29.12992700110198], [-112.47740483511599, 29.141937141880465], [-112.47775939431142, 29.16722252324302], [-112.4533619786895, 29.19725424890663], [-112.43554014139954, 29.20005520782961], [-112.42055110687578, 29.18593918004176], [-112.40912675170088, 29.18597344646714], [-112.35997951132049, 29.22022822170629], [-112.31798400772915, 29.220053120915242], [-112.2918371904936, 29.226275700537702], [-112.30044304438073, 29.222737757555784], [-112.287286387305, 29.21869826495732]]], [[[-99.91741991546357, 16.823658223734355], [-99.9085014210799, 16.82495449264129], [-99.9015359322434, 16.822859832449225], [-99.90540999207126, 16.81826011451262], [-99.91741991546357, 16.823658223734355]]], [[[-101.66009336319233, 17.67427917927405], [-101.65468154188984, 17.678765672841326], [-101.65201910222363, 17.674679016148577], [-101.66009336319233, 17.67427917927405]]], [[[-104.48880904836163, 19.104062392396767], [-104.48450535360145, 19.102921504910455], [-104.48705389223981, 19.10009443455023], [-104.48880904836163, 19.104062392396767]]], [[[-104.81659433078693, 19.221420035979737], [-104.8149297720534, 19.231498136923722], [-104.81374336902454, 19.23147669970304], [-104.81331237476478, 19.22621392444139], [-104.81659433078693, 19.221420035979737]]], [[[-104.81355002644821, 19.234622812020486], [-104.81208412259552, 19.23293136012789], [-104.81369179712662, 19.231743375335608], [-104.81355002644821, 19.234622812020486]]], [[[-104.87520994462687, 19.273323740273657], [-104.87804249185716, 19.272458887002504], [-104.87804213495627, 19.273931732487178], [-104.87520994462687, 19.273323740273657]]], [[[-105.03602636917468, 19.38877419051696], [-105.03482111551268, 19.39103718337638], [-105.0341664620416, 19.3891722923109], [-105.03602636917468, 19.38877419051696]]], [[[-105.06310984207107, 19.476757034794872], [-105.06310774600013, 19.475603316444726], [-105.06635524198146, 19.4763072675479], [-105.06310984207107, 19.476757034794872]]], [[[-105.06484757497897, 19.47724799538166], [-105.06870330808894, 19.477887457622572], [-105.06613455139197, 19.479106386033987], [-105.06484757497897, 19.47724799538166]]], [[[-105.08706864282341, 19.521440261972224], [-105.08623427951562, 19.52279237575088], [-105.08560787417284, 19.520967614544887], [-105.08706864282341, 19.521440261972224]]], [[[-105.09591673936336, 19.52591784209509], [-105.09038675862648, 19.523809294074148], [-105.09204891451638, 19.522164896122064], [-105.09591673936336, 19.52591784209509]]], [[[-105.08961520038368, 19.533266611577062], [-105.08777338781407, 19.531848491942387], [-105.08971163204014, 19.53174709853215], [-105.08961520038368, 19.533266611577062]]], [[[-105.08972052151904, 19.53445174180841], [-105.08705036846835, 19.53482293290028], [-105.08810886435329, 19.533866091239368], [-105.08972052151904, 19.53445174180841]]], [[[-105.09224472063126, 19.539726540437755], [-105.09456163285118, 19.537986589331], [-105.09497023193414, 19.540061604571022], [-105.09224472063126, 19.539726540437755]]], [[[-105.10625229161636, 19.55028662954174], [-105.1134344247919, 19.545868393205634], [-105.10931974355582, 19.552100913044455], [-105.10625229161636, 19.55028662954174]]], [[[-105.11324701437212, 19.549165159925998], [-105.11500819574687, 19.547376222317066], [-105.11563822708325, 19.54871088253686], [-105.11324701437212, 19.549165159925998]]], [[[-105.11716609711728, 19.554968883537594], [-105.11052919892656, 19.561711608072013], [-105.1116386413986, 19.55733948927493], [-105.11716609711728, 19.554968883537594]]], [[[-105.13475880258004, 19.575011992151797], [-105.13531720508537, 19.57360062624406], [-105.13673444990944, 19.574516680314012], [-105.13475880258004, 19.575011992151797]]], [[[-105.14749117945986, 19.580254392327728], [-105.14551654307385, 19.581208633143117], [-105.14574877572015, 19.579549669901837], [-105.14749117945986, 19.580254392327728]]], [[[-105.27182753616725, 21.04638273397311], [-105.27544875150188, 21.049384935234514], [-105.2713439157029, 21.049248730519803], [-105.27182753616725, 21.04638273397311]]], [[[-106.2271612716393, 21.35145000037887], [-106.22937441054533, 21.324974255557493], [-106.23679483737317, 21.33285874213991], [-106.24158000638361, 21.32593825718957], [-106.25627750656982, 21.32603491412959], [-106.27872624374841, 21.347726572282916], [-106.25785075228728, 21.367908523450602], [-106.23620838305322, 21.364499916802544], [-106.23157082448347, 21.368928717942794], [-106.22285215150951, 21.362682870331415], [-106.22614518347925, 21.357748584997463], [-106.22179689699522, 21.354548577517278], [-106.2271612716393, 21.35145000037887]]], [[[-106.4220582371367, 21.488185053928657], [-106.37119648769834, 21.480681615939467], [-106.35863753506095, 21.455273346228005], [-106.38033308569828, 21.448398768875528], [-106.38637484002508, 21.41975440985147], [-106.41258027506008, 21.422841950392915], [-106.4220891141247, 21.43286711203288], [-106.44530901710509, 21.43562133988728], [-106.44672176333712, 21.44155906163207], [-106.4687599672762, 21.451284419208264], [-106.48030855945612, 21.449614143265304], [-106.49400834521529, 21.466203236120382], [-106.48375963750289, 21.480109325407586], [-106.46053712566768, 21.494551960154364], [-106.43808083625791, 21.497664726837353], [-106.4220582371367, 21.488185053928657]]], [[[-106.59823877415931, 21.69032877197575], [-106.57510697533297, 21.681915223209206], [-106.53630705274713, 21.658084321515634], [-106.53736930432643, 21.632793903168647], [-106.51356274857353, 21.606143098804125], [-106.5056998734191, 21.603345229929765], [-106.51562390950778, 21.58592624871863], [-106.51184740047539, 21.57046238042397], [-106.52112578196525, 21.567011866199184], [-106.52125781787495, 21.560937055619977], [-106.53352416758828, 21.550860896239325], [-106.5327006798585, 21.54441485080445], [-106.54167762865188, 21.544311602538716], [-106.53763534418115, 21.555616108281992], [-106.54622670892832, 21.563214851583812], [-106.55228843906464, 21.5616937978142], [-106.59149169574862, 21.578409645473926], [-106.62897289477178, 21.598612098364285], [-106.62951187613407, 21.61846838838852], [-106.65608493113724, 21.655874080576872], [-106.64687305320912, 21.66693136139594], [-106.64899714072536, 21.67985519936886], [-106.66056267999772, 21.692543396536514], [-106.65558859999865, 21.69527702810495], [-106.62344048142889, 21.68883391976581], [-106.59823877415931, 21.69032877197575]]], [[[-106.65771566322431, 21.73945268665146], [-106.67953479883697, 21.729798618878633], [-106.68745864244117, 21.745791025218686], [-106.68772678144792, 21.75936823043348], [-106.68165415162247, 21.758709044025792], [-106.67818105093912, 21.77352373470101], [-106.67320970587588, 21.774852097104993], [-106.65771566322431, 21.73945268665146]]], [[[-105.87989518619146, 21.848727815585452], [-105.88006162699756, 21.84240610367265], [-105.88672210726229, 21.840023534045944], [-105.89055692874182, 21.8538891622088], [-105.87989518619146, 21.848727815585452]]], [[[-106.40392039487408, 23.180308391574684], [-106.4029589982389, 23.179777401246614], [-106.40408519471286, 23.17845015854057], [-106.40392039487408, 23.180308391574684]]], [[[-106.44079248448944, 23.183839818163417], [-106.44012154238014, 23.18523494079098], [-106.43929849628897, 23.184384977616748], [-106.44079248448944, 23.183839818163417]]], [[[-106.46299593121725, 23.2252437972009], [-106.46722470926866, 23.222319277938933], [-106.46354967617552, 23.22772489158634], [-106.46299593121725, 23.2252437972009]]], [[[-106.46372752397025, 23.227829807788705], [-106.47130203245545, 23.234100926324427], [-106.46730809331635, 23.239187288547797], [-106.46337693138706, 23.236043455140084], [-106.46372752397025, 23.227829807788705]]], [[[-106.47949718875486, 23.250355598942267], [-106.47938977199445, 23.256660635893805], [-106.4751810307291, 23.258430977190798], [-106.4735573643148, 23.25154957250024], [-106.47949718875486, 23.250355598942267]]], [[[-90.64186329010643, 16.595915097270574], [-90.62560072487967, 16.577704340238625], [-90.64707756239031, 16.560517792050288], [-90.64502437594503, 16.517615646196884], [-90.63559482152651, 16.51352084615943], [-90.61759688764069, 16.522142336350228], [-90.60572614098699, 16.505085967778584], [-90.61375879402902, 16.49127444729894], [-90.63344191073949, 16.489111535150194], [-90.63249364661077, 16.480079839946704], [-90.6204226334597, 16.47717809483256], [-90.61344957113944, 16.488449976180284], [-90.59436846088678, 16.490651585551024], [-90.58978398250167, 16.470082136720684], [-90.5440174674324, 16.48170651178164], [-90.54693912378083, 16.468055619053974], [-90.52780171037013, 16.457716216777577], [-90.52381018143625, 16.46719144695926], [-90.51421576973341, 16.46989634412277], [-90.50060910154802, 16.466915166784798], [-90.4958041368795, 16.453488558242935], [-90.48192887576673, 16.46158660565741], [-90.4773299940015, 16.456770202186622], [-90.47830490225809, 16.44197436107288], [-90.48696562007007, 16.42933111710708], [-90.48455869123741, 16.423017638002012], [-90.42072420924171, 16.424896544703472], [-90.40771986966483, 16.404033240521386], [-90.39426893889207, 16.415935517292723], [-90.3872922612227, 16.412002081238494], [-90.38906386153718, 16.403530872350366], [-90.40134631925268, 16.398632997405183], [-90.40181591005762, 16.393001976318885], [-90.37038658441557, 16.369519749316435], [-90.37455577217005, 16.359620348632347], [-90.395812028487, 16.374511556877337], [-90.4097658741184, 16.36301589254613], [-90.40931420653567, 16.34589913949367], [-90.40752398942612, 16.35890285890962], [-90.40303437510735, 16.36105656651873], [-90.39924097238303, 16.349393286635255], [-90.38332859272614, 16.345211807559394], [-90.38164231003208, 16.338449582383806], [-90.38686928205892, 16.334248760072825], [-90.39753525884637, 16.33959856920439], [-90.41001090900615, 16.329182939997473], [-90.41164372690028, 16.307236294942893], [-90.43857015905265, 16.302095337924392], [-90.43179186529235, 16.29222447913937], [-90.43999630880286, 16.287152683170408], [-90.44048157787714, 16.279792175973665], [-90.42242988025373, 16.259178914159087], [-90.42826478381775, 16.253893298364297], [-90.44547478734536, 16.26152473447055], [-90.45471657694381, 16.248647910167495], [-90.45055142001496, 16.24054052558211], [-90.44004393169922, 16.247574419181607], [-90.43808917253746, 16.240085533878172], [-90.42782685685641, 16.2331955340845], [-90.45119084312117, 16.22489521483217], [-90.45667330713763, 16.209505673372693], [-90.45197821886187, 16.18504037134217], [-90.43146225840354, 16.177648107154315], [-90.42450500183679, 16.16318444520277], [-90.45025012549452, 16.149950798552663], [-90.44851486221243, 16.143797757424363], [-90.42788114478644, 16.13712138435654], [-90.42976579753154, 16.117768868661038], [-90.45144591433746, 16.124504020415568], [-90.45661156594647, 16.112148715399528], [-90.45366957271328, 16.09225913160769], [-90.43377253311084, 16.105143353575784], [-90.42503839279345, 16.10366702293835], [-90.42560724255925, 16.09624669649602], [-90.4351631860293, 16.09599253345562], [-90.4451538021102, 16.08302215091489], [-90.44084088732565, 16.074194895547475], [-91.73138414682698, 16.07402036316152], [-92.21007594089895, 15.261215391640686], [-92.05919720813046, 15.070333639620774], [-92.07315955530161, 15.061510812382432], [-92.0683544697247, 15.05535714686385], [-92.07019600844588, 15.046781110835072], [-92.07792406688121, 15.045881472553246], [-92.078658948523, 15.032300691699504], [-92.08566580861562, 15.020728862886296], [-92.09879129141726, 15.00960743139537], [-92.12698292788797, 15.015236607850849], [-92.13923737339876, 15.002511017191061], [-92.1394382515705, 14.9945695171119], [-92.15076762811728, 14.986917562539897], [-92.14477403983915, 14.974947090471511], [-92.14856736313801, 14.95292368262817], [-92.14119705159713, 14.922598768815647], [-92.14469496828298, 14.909503703797286], [-92.13621631505659, 14.891649562968025], [-92.14656279035768, 14.870205409173252], [-92.17174194002327, 14.860192656377457], [-92.18141917280433, 14.84757415623222], [-92.184834091084, 14.828264245056635], [-92.17707449346318, 14.815785861523898], [-92.17727972885632, 14.800973697594907], [-92.16072584561329, 14.773496531229064], [-92.1618554216723, 14.762024789727118], [-92.17176090582038, 14.75674613590882], [-92.16993059300326, 14.743749660790273], [-92.15783724366035, 14.736367063496623], [-92.1474947109443, 14.719034540972503], [-92.14895017322321, 14.705401045074709], [-92.14299818505465, 14.691159232058128], [-92.14573813671073, 14.663442586661464], [-92.16043803228385, 14.6507172218505], [-92.15909894288322, 14.641925306478244], [-92.16826490908865, 14.640584571101673], [-92.17705437727612, 14.626225632254398], [-92.18121981782103, 14.614462239309903], [-92.17444405267271, 14.611619264675745], [-92.18247634748349, 14.578329472351381], [-92.21526042220879, 14.556898357788528], [-92.21654120424658, 14.543148285130469], [-92.22675194468216, 14.532098361949211], [-92.36762402846311, 14.662131606493707], [-92.41062873603371, 14.694943676677148], [-92.40898290152369, 14.703016917081706], [-92.43257322219564, 14.728423458232202], [-92.51589805030308, 14.805035687405013], [-92.85167408258769, 15.1504745817086], [-92.85397770560071, 15.158786605220048], [-92.95438949565418, 15.256744491445636], [-93.2499547253727, 15.521563489679082], [-93.4615583958433, 15.694255030854693], [-93.68683809969252, 15.856851866576962], [-93.84076694092117, 15.948678433452109], [-93.91650179088852, 15.982852803084516], [-93.94123289959042, 15.98300673643166], [-93.95284692018137, 15.989888552504329], [-93.96003579511026, 15.985637983496778], [-94.1770193179217, 16.08575946204355], [-94.27327702919709, 16.123267616744986], [-94.38404561674774, 16.158265034269427], [-94.48006112816108, 16.181687859441205], [-94.69976160654831, 16.209910335253728], [-94.86443745237612, 16.21409328210585], [-95.06271505031532, 16.18398649128603], [-95.14234201244537, 16.18865075573832], [-95.15715708369049, 16.17934913942548], [-95.15166249686635, 16.1679475174166], [-95.1922999980849, 16.16739999888348], [-95.19795311148803, 16.150321359094526], [-95.20263117980163, 16.145698585868384], [-95.19828690218857, 16.15990940956336], [-95.20892257282141, 16.159876930695333], [-95.20963480847477, 16.154482011559587], [-95.21223130184633, 16.15936613217176], [-95.21325839767916, 16.152891556179807], [-95.21494454089084, 16.158562919223268], [-95.23321148217585, 16.1582834824401], [-95.24800839044646, 16.14715291143966], [-95.24749232567218, 16.133342133944396], [-95.2669174632699, 16.130330681093078], [-95.2810449459254, 16.12046785885779], [-95.2756589640179, 16.107403242634916], [-95.35040917067572, 16.08164091933652], [-95.37803800547994, 16.046349727275587], [-95.36810473197193, 16.020875483155034], [-95.42413275924866, 15.999712398420993], [-95.43561703668404, 15.976096407147658], [-95.48584808802346, 15.97576768635503], [-95.49862010437366, 15.96555194836398], [-95.56852416463802, 15.957792241024329], [-95.58441968641694, 15.94447587109918], [-95.60557223668765, 15.942456580784864], [-95.6135057369377, 15.930762768088497], [-95.64532410112577, 15.92338132953498], [-95.6625120529863, 15.912416352645913], [-95.7062062839284, 15.908832888317447], [-95.77002365693654, 15.894602089946046], [-95.78003358376716, 15.884754404856661], [-95.77717390152445, 15.87109974769358], [-95.83362142100994, 15.86371873202648], [-95.87947306178464, 15.851134362394092], [-95.88978020498305, 15.842916528592575], [-95.95402940682726, 15.829636429709923], [-95.9687058301418, 15.817722139218061], [-96.05344222211927, 15.787255879327322], [-96.06302749331755, 15.776974880498583], [-96.06663052285272, 15.780932841558108], [-96.07550100300186, 15.774394985317237], [-96.07490295048189, 15.766737112745878], [-96.09433260741731, 15.773658268224391], [-96.09941978755072, 15.76983346822487], [-96.09576984482358, 15.762990789805189], [-96.09934459401924, 15.75842708674122], [-96.10717561707146, 15.755874306202827], [-96.11206662994323, 15.76325204953013], [-96.12144114120251, 15.760717149983076], [-96.1235725611841, 15.749667015493353], [-96.13153246351635, 15.752572307399157], [-96.12420569908137, 15.741872388503143], [-96.12786079129936, 15.737606260239042], [-96.14153828143672, 15.734228122434798], [-96.14558293230816, 15.737760225456176], [-96.15207277223054, 15.731123642878964], [-96.14416355318266, 15.727652266508267], [-96.1661241843123, 15.723165650435156], [-96.17288622875378, 15.713718367021862], [-96.1780308164095, 15.716552521777597], [-96.19288640104065, 15.70538235345179], [-96.20376319552874, 15.711962865593888], [-96.20515502433908, 15.70158662921498], [-96.22562342703122, 15.697867660569514], [-96.22436417438256, 15.691717819242369], [-96.23498946223125, 15.691797532733416], [-96.23752118600186, 15.682484342068033], [-96.28270461881058, 15.686783053427787], [-96.30760719825948, 15.683177519049464], [-96.3313344980296, 15.688243945481085], [-96.33975471986922, 15.684943619209543], [-96.35129521765145, 15.690256222529598], [-96.36137167223693, 15.68229451411058], [-96.42616735337403, 15.696439150191926], [-96.4525689518258, 15.68146489277759], [-96.46459004067857, 15.683231004582845], [-96.46702175430987, 15.675307906156768], [-96.47685234984111, 15.674744041559777], [-96.48203340846459, 15.663328457966097], [-96.49497964150302, 15.665735931062754], [-96.49462906503823, 15.65836589749858], [-96.55098160800769, 15.66527857694912], [-96.55682084094413, 15.657168597410806], [-96.69891594697759, 15.716239481390716], [-96.80476907395673, 15.733745828764974], [-96.83884979657438, 15.73325367726174], [-96.86041888756351, 15.739821503792701], [-96.93386635296028, 15.782646229724017], [-97.02388477498955, 15.809692722518276], [-97.04856607924604, 15.828190611310475], [-97.04628788010734, 15.83579575473257], [-97.06210384610887, 15.860438325669307], [-97.07033331503392, 15.855761507753662], [-97.08367335532199, 15.859232336849471], [-97.14615321634068, 15.899086018420983], [-97.21338978557876, 15.923689794313512], [-97.27296109169569, 15.93847080914332], [-97.33462523538826, 15.94603969113357], [-97.3593473264781, 15.944364417364161], [-97.36823743102272, 15.936832890725396], [-97.4115645465021, 15.944320449516656], [-97.42140213306718, 15.941834605649992], [-97.52968943078879, 15.969430903319099], [-97.56532946564441, 15.96330333317786], [-97.61898802941494, 15.975450298607448], [-97.65575691028059, 15.977796934549728], [-97.6721967801048, 15.973342311230969], [-97.67973267159852, 15.962339274846995], [-97.78850539201866, 15.982445068176977], [-97.80431538864303, 15.997265748047905], [-97.85345503172294, 16.024813072046623], [-97.96115872724788, 16.10055481979083], [-98.10538396330394, 16.178438710174966], [-98.18623197308868, 16.212238034974696], [-98.20427284441878, 16.228544599828187], [-98.2920527541755, 16.252123538718443], [-98.42210945502397, 16.270285753335088], [-98.54968320560016, 16.313656421981722], [-98.56984376184765, 16.326095629715066], [-98.56529220934603, 16.334250911677376], [-98.57497795254163, 16.349074077757063], [-98.65494523515797, 16.42669967963761], [-98.70031436039078, 16.463728920934127], [-98.77296548860822, 16.554941973275735], [-98.80675524903876, 16.558291608849597], [-98.84169688646931, 16.5484965754379], [-98.85695491864806, 16.528249375101698], [-98.88868831755723, 16.535630863226707], [-98.90585763289921, 16.534426747423716], [-99.07409227134845, 16.591892618047265], [-99.33288587680767, 16.65844910689779], [-99.48173094978044, 16.68441873852797], [-99.56696945700128, 16.689027576871794], [-99.61440772614792, 16.684541143010946], [-99.65484594642389, 16.695404460919782], [-99.75419412210402, 16.74108519977688], [-99.813933423398, 16.787112251602075], [-99.82837642985217, 16.79134438491528], [-99.83360267252053, 16.78365264705567], [-99.84553370245858, 16.784685337643946], [-99.84665964671105, 16.79298453017488], [-99.85906011068819, 16.79624415038264], [-99.8490719667171, 16.79919655811515], [-99.83979663031432, 16.79398687536199], [-99.83737062865492, 16.806020669819336], [-99.8463823668067, 16.811028097957486], [-99.8509199212766, 16.805919876120043], [-99.86577885573584, 16.80775105906], [-99.87652170244726, 16.814546177192927], [-99.86975838835767, 16.818404943884772], [-99.86304952263367, 16.834790493426297], [-99.85130200146975, 16.83669468815656], [-99.85285535341639, 16.84646412013768], [-99.86208850411249, 16.855132487791437], [-99.88249752504763, 16.859666436434583], [-99.897756320275, 16.854082251595788], [-99.9110089853112, 16.841884479786042], [-99.90403295994675, 16.836420827469787], [-99.89679898696264, 16.840759777210437], [-99.89197675866717, 16.83754960257078], [-99.89406058752402, 16.832790453760875], [-99.91574963975432, 16.827757950356844], [-99.92005037710369, 16.834980244386546], [-99.91528019921653, 16.846007706933033], [-99.92397772940967, 16.849193018266952], [-99.92297668698899, 16.859789003625416], [-99.93275862703918, 16.860310929700944], [-99.94530659185503, 16.879348514244114], [-99.95804170487662, 16.884067223432385], [-99.95920868545718, 16.892968082307128], [-99.98987644562439, 16.909264925263574], [-100.06975331323974, 16.937069760334392], [-100.12160549933888, 16.949030889681694], [-100.27631104983774, 17.00891622244821], [-100.57002938993641, 17.109030591510905], [-100.67513504636031, 17.13743630854666], [-100.82422387737817, 17.195181446055503], [-100.91583044021124, 17.22186981031629], [-100.98803152157781, 17.25048256742605], [-101.00708663103939, 17.252616661629485], [-101.03610717979222, 17.26808913954251], [-101.04869900630592, 17.270933953087], [-101.06133890432811, 17.266137512661626], [-101.06566297946483, 17.27338760159094], [-101.05545074597033, 17.27594542784964], [-101.05026388551107, 17.291512143952186], [-101.05670722394517, 17.307583762404555], [-101.12272672082366, 17.361788423477453], [-101.17420061469846, 17.389480882581633], [-101.17948039571294, 17.408840705726345], [-101.20356558257949, 17.42704993156357], [-101.2870758170148, 17.466029422413268], [-101.44337033415115, 17.525922583878277], [-101.45705291209455, 17.525790961081555], [-101.46055910791941, 17.536676151756232], [-101.44295252509669, 17.536236131872858], [-101.44360316114607, 17.56389888002558], [-101.49072591603131, 17.61098047968674], [-101.51680169151247, 17.624104213648806], [-101.55266197436262, 17.611600361122903], [-101.55773460308117, 17.619956805963927], [-101.54559706259458, 17.62648045786659], [-101.55136183640964, 17.638688274408477], [-101.56014676207684, 17.637158125197423], [-101.55773616960863, 17.631578340014137], [-101.56161176395499, 17.627418717253907], [-101.57088100727343, 17.628929356985925], [-101.57266780177855, 17.623483836734955], [-101.57180151922212, 17.63292396203463], [-101.57708084434788, 17.6373611679362], [-101.59629000901285, 17.635290383709012], [-101.60639297989755, 17.660651705096434], [-101.63131185299308, 17.667260672091093], [-101.64916260475742, 17.664627333540775], [-101.64257182307557, 17.671866531233817], [-101.64748927161929, 17.701155970118247], [-101.6671985194075, 17.734014720090432], [-101.69885935661911, 17.762788747057062], [-101.74763574132879, 17.793185149249666], [-101.74807178470999, 17.80812159374911], [-101.77140083003717, 17.83060579916456], [-101.76953535258579, 17.844026521338606], [-101.78520484945336, 17.865963149769016], [-101.82266322843795, 17.89582180730655], [-101.86557551107104, 17.910911412901182], [-101.87119268254368, 17.919873260618598], [-101.95577849129656, 17.963601268338184], [-102.0332178585355, 17.987975893774593], [-102.09670265414499, 17.983550181036797], [-102.13975789234401, 17.93621280082936], [-102.16387578119395, 17.927725737542623], [-102.16403713478113, 17.922203158742075], [-102.19174733962772, 17.915535917692974], [-102.31014885097508, 17.969839631191633], [-102.4837961824143, 18.01874107187164], [-102.51959275893086, 18.021809841613987], [-102.60972108092605, 18.048880374159044], [-102.65335217421772, 18.050429458918128], [-102.67408762943516, 18.05960124428266], [-102.69750745414595, 18.055170549827235], [-102.71872034986882, 18.061556529281276], [-102.72000835504592, 18.068106583741166], [-102.72956877272424, 18.071775696208743], [-102.73824970955643, 18.072777239984088], [-102.74387570307127, 18.0673168767949], [-102.7440243592764, 18.073134712792832], [-102.75018074376729, 18.07493365169966], [-102.75913399644872, 18.069875903429917], [-102.76325330479769, 18.077849630288043], [-102.78728848815106, 18.082912593944364], [-103.03119842196274, 18.18809080585371], [-103.05648001666188, 18.189339036172424], [-103.06291693949481, 18.19446235671568], [-103.0698086073736, 18.189588693473766], [-103.11161661718559, 18.190952633127548], [-103.11837011181092, 18.203244894010965], [-103.14582759680155, 18.200173008943246], [-103.14820331750605, 18.205832863535196], [-103.18540769169275, 18.22192145856597], [-103.20434822410152, 18.221984959670735], [-103.2024277809073, 18.2262214979972], [-103.21051804600033, 18.23192345885296], [-103.2336756314604, 18.23051590170838], [-103.25417321978172, 18.235897667182524], [-103.29221737169742, 18.247762571812068], [-103.30799115639827, 18.260690551095724], [-103.33844001351498, 18.270694836283916], [-103.36187576949327, 18.264970333746344], [-103.36807942109836, 18.27233780071126], [-103.37217343267069, 18.27046897303677], [-103.37143752571107, 18.277114447533222], [-103.37763500475306, 18.281878155275663], [-103.38852402953462, 18.27969784293155], [-103.38952076862523, 18.285540094281835], [-103.39688248923349, 18.28324873161725], [-103.39709702377317, 18.28949790335295], [-103.4037824136183, 18.28638270741687], [-103.41473233756557, 18.29690281710667], [-103.4922401625943, 18.32955410735456], [-103.49454297377181, 18.33633053114231], [-103.51227248912909, 18.346373155822956], [-103.51396505686465, 18.363534193898698], [-103.5297302610723, 18.383176834928957], [-103.52975384471065, 18.4059417509796], [-103.54361732150359, 18.4355648845038], [-103.56114391101183, 18.45539519843881], [-103.56117166478896, 18.46663983468301], [-103.58182353279298, 18.50431000376196], [-103.62580534640777, 18.546872034563066], [-103.65693306430597, 18.563548202813404], [-103.66989636083122, 18.579254916560945], [-103.69485877007425, 18.59201632241219], [-103.70647788452548, 18.590540274182533], [-103.71189375108105, 18.59715048891919], [-103.69890470721644, 18.602245010134684], [-103.6856196772963, 18.624461754366255], [-103.69590833261503, 18.646003244004575], [-103.77530424441045, 18.72440526809065], [-103.83374413198601, 18.770647183527444], [-103.94750414522778, 18.842092251029413], [-103.98318470605109, 18.87258240442726], [-104.1213343704451, 18.944915804969153], [-104.28357271441325, 19.008702120928945], [-104.31711058481912, 19.01853677169542], [-104.33206412393534, 19.017621879528143], [-104.33617740151053, 19.029407782045027], [-104.33007424767128, 19.051159866183834], [-104.31466433116769, 19.061171076440836], [-104.31776019400601, 19.054687370016687], [-104.30572541346457, 19.056894749982177], [-104.30384252076698, 19.071526778558916], [-104.31427468269762, 19.089746887449518], [-104.33383979869441, 19.102239471919678], [-104.3452054554157, 19.103409863043566], [-104.34401676740849, 19.09843280569516], [-104.35415534073374, 19.09103779865108], [-104.35604505093018, 19.09719336335345], [-104.34956608449653, 19.103300479861172], [-104.3545991835601, 19.105323291518744], [-104.35048472516269, 19.110033776844325], [-104.35540855337575, 19.11538384025564], [-104.37538379139478, 19.119664138474626], [-104.39394293865554, 19.11461295371573], [-104.39879501953145, 19.106484411940134], [-104.38980028565027, 19.096016009682394], [-104.39545334420069, 19.085121566443682], [-104.41123523948943, 19.10654733229594], [-104.42317877085614, 19.100675217197768], [-104.42776761166306, 19.09212941574563], [-104.43847124657891, 19.09857384736425], [-104.43641575503948, 19.086046724748897], [-104.44171797791977, 19.083256759117344], [-104.44825135755994, 19.09104825623488], [-104.44457962859465, 19.09253479369564], [-104.44925600132889, 19.09436519591465], [-104.45147240148066, 19.108483725785035], [-104.46751822199647, 19.110261697180302], [-104.48938204254841, 19.12455315619698], [-104.60400929791963, 19.15086612167811], [-104.67887615840608, 19.175711149076864], [-104.69334663509812, 19.173262912327505], [-104.70346088256126, 19.180376071387837], [-104.69138598276426, 19.188691289096678], [-104.68573508506881, 19.2070917197682], [-104.70326653167383, 19.222327877675486], [-104.71313179157384, 19.22176936455643], [-104.71349713195913, 19.216015734010828], [-104.7340112738331, 19.22169757350263], [-104.7358840437767, 19.22866045274239], [-104.72941555792885, 19.230759838842136], [-104.73250699092837, 19.23928290098881], [-104.7514763617358, 19.237586041921375], [-104.75849450835521, 19.228698508074114], [-104.76903369687308, 19.2306736385595], [-104.77629812558166, 19.240569365875356], [-104.79008900830509, 19.237921085492275], [-104.79775495417874, 19.230133188650715], [-104.80274931914975, 19.235653840811388], [-104.80891570612218, 19.233200094680537], [-104.8094461409618, 19.25860484547333], [-104.80105260457424, 19.260289246813613], [-104.78866145961253, 19.281778227510532], [-104.79829466182363, 19.299014042359016], [-104.83051853655074, 19.307658661690322], [-104.84117194576797, 19.300034059983386], [-104.83696727051475, 19.289768323786976], [-104.86267601938412, 19.290568691279365], [-104.8767029462993, 19.280920349946456], [-104.88647964566252, 19.28939132010774], [-104.9360310876979, 19.308170134956587], [-104.99544206026032, 19.363567791391617], [-105.02630865031225, 19.38226819908622], [-105.03229208671452, 19.389102900811064], [-105.0310543447954, 19.39662802952243], [-105.0227783400541, 19.39381092438157], [-105.01737316321953, 19.40734272932355], [-105.01956208745216, 19.420765074877536], [-105.02986186543217, 19.429107770521263], [-105.02478228378745, 19.436079576066295], [-105.03254535664728, 19.4446801257224], [-105.04255796411806, 19.446428861660184], [-105.04414825784998, 19.454525116799264], [-105.0526163228338, 19.454546393396473], [-105.07312478077127, 19.47110398201587], [-105.05750772002078, 19.47445469983078], [-105.06660999124999, 19.489445923103194], [-105.06068237011091, 19.495634510870342], [-105.08150059134651, 19.505406890775077], [-105.07909162426, 19.51361607113792], [-105.08411945103065, 19.515524975644716], [-105.08007007789574, 19.520101141749947], [-105.08483785939802, 19.529074427814805], [-105.0813677988502, 19.531812003461873], [-105.08895383421334, 19.560453209864242], [-105.10889347514292, 19.582453082577096], [-105.11953883393211, 19.587327656022786], [-105.13275232690562, 19.58657524316058], [-105.13423543685728, 19.576035702883654], [-105.1423147457097, 19.57508119825819], [-105.14439642270352, 19.58330353217837], [-105.15228876483192, 19.587135893725133], [-105.15270400378968, 19.603510797324507], [-105.16187017826137, 19.603738748273617], [-105.16216143419396, 19.61152296348083], [-105.1807175073867, 19.620711029794204], [-105.19951939016454, 19.621260339955448], [-105.202235392299, 19.631378629179313], [-105.26437882087643, 19.679318593679945], [-105.25939581324724, 19.68350952893955], [-105.26354792830672, 19.69559994586083], [-105.29123855760534, 19.72007706107149], [-105.3035352589575, 19.74219007011781], [-105.33033832690731, 19.76635800640449], [-105.3311395063471, 19.781056238655662], [-105.34463568662038, 19.804910538702906], [-105.41738362550869, 19.8910102163651], [-105.5124299870598, 20.025278582272726], [-105.54956145484854, 20.09456932548102], [-105.54533095186224, 20.111299769820498], [-105.54810828711886, 20.168476908585845], [-105.5427468823074, 20.18484514813765], [-105.55432444081507, 20.224841858812578], [-105.56274168647914, 20.23492779914884], [-105.58106919958259, 20.238196938736426], [-105.59021242222694, 20.263054500241836], [-105.65616178424817, 20.31771305548227], [-105.68655204277916, 20.367208102005506], [-105.6949601069887, 20.409227791052633], [-105.68012014661393, 20.41196996092841], [-105.67235231264218, 20.407393569491912], [-105.6712748463019, 20.42588344453455], [-105.65441843402722, 20.42809025499547], [-105.64821730429394, 20.444599543072652], [-105.63560138326113, 20.44584189364678], [-105.61506620654175, 20.47099440192241], [-105.60414926937756, 20.475768522801413], [-105.59182734727247, 20.47354424697205], [-105.57428036174835, 20.483541560010046], [-105.51787496380281, 20.49351418402818], [-105.49487773766165, 20.489400339631324], [-105.46578237452809, 20.496509838554626], [-105.44528441314128, 20.488296051826712], [-105.44223500868544, 20.50116894306026], [-105.4251015465038, 20.500121990297693], [-105.40012946025314, 20.50888560230023], [-105.36973055358237, 20.504163676932134], [-105.32498248590804, 20.51404915030729], [-105.31657847806441, 20.511514932417047], [-105.31944180140869, 20.518907359360906], [-105.29675155377636, 20.533765064500557], [-105.29213237357123, 20.532142800451513], [-105.2873505212692, 20.54487157754855], [-105.25846528464015, 20.55703205120701], [-105.24461910482394, 20.58238057882957], [-105.2324067771244, 20.618187466993522], [-105.23432435012718, 20.636786657780814], [-105.25191015932992, 20.65827641725165], [-105.28467728118292, 20.672651309409375], [-105.31235014647199, 20.727868551189246], [-105.34377550664719, 20.75782275357776], [-105.36373730598956, 20.762159054651345], [-105.37111948580957, 20.751579897086103], [-105.38119341114546, 20.748968278869523], [-105.37684843150139, 20.747423797963474], [-105.40189517390026, 20.734697249670464], [-105.46392666748251, 20.755212512813028], [-105.47582399985787, 20.752278282214952], [-105.51100207479352, 20.771965696288063], [-105.5196204954717, 20.77123148958379], [-105.53463862142195, 20.75741437251101], [-105.53935274920758, 20.770778937162675], [-105.52384138409435, 20.790590686510612], [-105.51948023671798, 20.792213129185765], [-105.50725611386358, 20.782313873012107], [-105.4881644199706, 20.79550379017928], [-105.4655097747968, 20.836348795307448], [-105.45235978157625, 20.87495175940256], [-105.44368662244767, 20.870065082641204], [-105.43568155644309, 20.873587152236837], [-105.40172607322194, 20.931376651362267], [-105.38831030258277, 20.93663496451185], [-105.36710655267615, 20.95553898833469], [-105.35910394871901, 20.955258233253808], [-105.34522560105475, 20.979083213455738], [-105.33163572220532, 20.98574679479586], [-105.31828800640615, 21.00647943961593], [-105.31310240807667, 21.034941818254413], [-105.30341023180185, 21.035342643396945], [-105.2953857695713, 21.025850022416407], [-105.28199202844722, 21.02838694757368], [-105.27373883936083, 21.02308279803809], [-105.23876932437113, 21.056363692137136], [-105.22828130524765, 21.10356960954051], [-105.22985753299972, 21.117763364077867], [-105.23772978378948, 21.12162924293698], [-105.23898257328817, 21.132292115681903], [-105.2312807158561, 21.138754155482786], [-105.23593180235967, 21.14516574207603], [-105.22368568215009, 21.159046818930268], [-105.22580940554627, 21.16518221055963], [-105.23224407380197, 21.1650232719151], [-105.22841282161475, 21.172380187010255], [-105.23325342036519, 21.180683073384674], [-105.21638228857277, 21.205007155459818], [-105.22828038984935, 21.295775336924795], [-105.24818855435059, 21.34729139088234], [-105.23976817153884, 21.352796048147933], [-105.23868009458168, 21.37245119160263], [-105.23097158974251, 21.373424998617082], [-105.23069662261837, 21.38640995056705], [-105.22003296568538, 21.387881660270555], [-105.21821611960425, 21.4105067181749], [-105.2084932934152, 21.418480518003534], [-105.20213414641566, 21.436032182940526], [-105.19449241552643, 21.436506910826015], [-105.18911532566989, 21.443948758993745], [-105.18786033497982, 21.45829577259504], [-105.20139601777522, 21.481146592404446], [-105.19851516002824, 21.492781526591266], [-105.22751653758839, 21.523378296416873], [-105.2440560900632, 21.526495331940463], [-105.2485178707464, 21.523502089448662], [-105.24812984625133, 21.51267897658203], [-105.25734148212193, 21.515787418595135], [-105.2655011916302, 21.51206543065252], [-105.28342413878507, 21.528085902082317], [-105.28992488441523, 21.52646694133794], [-105.44463562814893, 21.62471893568764], [-105.48852307747919, 21.729676238697145], [-105.49564524742514, 21.735771931692323], [-105.53073956291809, 21.807894130998918], [-105.62834211484183, 21.957720566286127], [-105.64774532670758, 22.004466734540177], [-105.65399652157708, 22.04289906090537], [-105.64637907038194, 22.16970879357963], [-105.63664676855231, 22.18187310084521], [-105.64823151094772, 22.208752343081745], [-105.67596664775377, 22.346192044889413], [-105.70981668890694, 22.43787021638839], [-105.76027297339655, 22.530121655937315], [-105.76022136252065, 22.550076514353098], [-105.80880499500799, 22.636567814249638], [-105.85972763702536, 22.697463924789208], [-105.9461333058011, 22.776608707711365], [-106.01184751930694, 22.8220280072335], [-106.02793685735871, 22.831645210488066], [-106.03449097916618, 22.82971324584314], [-106.11805371432104, 22.930286267458936], [-106.2453963170778, 23.058407811337556], [-106.29219864145705, 23.092686226290976], [-106.38681177569211, 23.177746801318673], [-106.40959306010235, 23.187110157589245], [-106.41420966288653, 23.178003053164495], [-106.4299904082022, 23.1765783720867], [-106.42461745647797, 23.185988402642042], [-106.43062942338325, 23.203400527855255], [-106.42268858808484, 23.209575727633233], [-106.42205464782646, 23.216757665394958], [-106.43622278160512, 23.232877483018193], [-106.45324127561335, 23.241486759797603], [-106.46650488895783, 23.260608467478374], [-106.47201348818422, 23.283368402330478], [-106.49352950054212, 23.30367076240201], [-106.48034034848031, 23.314543608085454], [-106.48469999969019, 23.33279999867488], [-106.5401346250473, 23.40354962023759], [-106.62669999975937, 23.47809999839574], [-106.62754927046986, 23.496920614584486], [-106.68175972525027, 23.540591407397795], [-106.68510000017264, 23.556799998867884], [-106.69520000008328, 23.569399998812926], [-106.72915880998045, 23.59515732435502], [-106.76417477794148, 23.613223622280078], [-106.79006325400249, 23.640460966217123], [-106.81008108062481, 23.65172242865173], [-106.81159999958595, 23.65809999887633], [-106.80430506826715, 23.660429117518294], [-106.80426668218927, 23.66758594317262], [-106.79563121340948, 23.67002239600848], [-106.79539736589561, 23.681883919486015], [-106.82234783267891, 23.718076732726985], [-106.84700384769204, 23.74009140568217], [-106.84478099599463, 23.75526722287113], [-106.88176457424535, 23.79528474695211], [-106.89089999956495, 23.838799999178434], [-106.99910000019283, 23.94169999973651], [-107.19002977529448, 24.091543915919637], [-107.19953360674319, 24.106848922216884], [-107.40748219674434, 24.233560696178632], [-107.41437096721081, 24.245128226228292], [-107.47500980822875, 24.29220028909322], [-107.64944950732485, 24.40699551141995], [-107.74711231380421, 24.46553206743352], [-107.800084928015, 24.48799910834564], [-107.81214723679318, 24.50117039689167], [-107.8105094382811, 24.51008476124547], [-107.82313286208486, 24.522419192022955], [-107.82845554917284, 24.52148378374402], [-107.83092810215868, 24.540315797233358], [-107.83933699775241, 24.55117844548847], [-107.93847520869436, 24.60795203225896], [-107.99916339553671, 24.652871100007488], [-108.01813480695472, 24.681576908103008], [-108.01638033963727, 24.71969356597193], [-108.02077013285627, 24.73238931220729], [-108.04787164762233, 24.762743303501907], [-108.07189757210246, 24.780286407310417], [-108.06991126520873, 24.785141026926397], [-108.08996750895611, 24.814729574066693], [-108.1217582329305, 24.829477977112425], [-108.13621181812896, 24.871684753898457], [-108.22437074167328, 25.015793889550594], [-108.26842887126766, 25.062036837897587], [-108.33245923253168, 25.105687825971838], [-108.33961422929163, 25.115550520402778], [-108.33422987576473, 25.12451205433105], [-108.3574528787298, 25.16919383770711], [-108.38462495099283, 25.18730250287317], [-108.38704358225019, 25.18529506797398], [-108.39589310282231, 25.19273552235528], [-108.44401267647673, 25.251615014682113], [-108.49566884624514, 25.282567118588805], [-108.65211044183381, 25.344172505655973], [-108.75121079871866, 25.36851049098233], [-108.80006427149704, 25.3686897817585], [-108.86830000043386, 25.404699999007974], [-108.91120000062351, 25.420599998889834], [-109.0223912178164, 25.43835672550842], [-109.03639753530177, 25.462179947036578], [-109.08067224931841, 25.492985809718785], [-109.08427011791397, 25.508340949225317], [-109.1192231266511, 25.54499931280522], [-109.16293334178364, 25.56082579157852], [-109.18490000068442, 25.59769999831175], [-109.22546429423981, 25.62608950868308], [-109.2963000006169, 25.645399998271245], [-109.33324615268661, 25.647117011220182], [-109.37315866244572, 25.63761887036237], [-109.39815830511648, 25.6386825151292], [-109.39214800740393, 25.6428223793862], [-109.39050000057904, 25.669599997567172], [-109.39970662729897, 25.685397908806575], [-109.40964935676514, 25.754751902998212], [-109.43360333451227, 25.80940939142766], [-109.42077691762104, 25.85837177569866], [-109.42113286962947, 25.893893493201602], [-109.43719392361886, 25.916728098751506], [-109.44769260318107, 25.948987965633684], [-109.43455890256142, 25.99942599636404], [-109.4083159804273, 26.05849768513009], [-109.35931580298428, 26.124329179316057], [-109.31028755099149, 26.20249468720275], [-109.29573024205821, 26.236283986784528], [-109.28679936867572, 26.279420729572212], [-109.25189163045393, 26.31217826144822], [-109.26000796558051, 26.319702191807046], [-109.26130805251749, 26.329079803414857], [-109.25306202657231, 26.37964137015282], [-109.25522778617146, 26.450054179975993], [-109.26594692872438, 26.49697532701307], [-109.28598139132991, 26.535479609623078], [-109.3167068465872, 26.571907349437762], [-109.3586650694993, 26.59979265659901], [-109.3908190718487, 26.64288867415647], [-109.4302376732788, 26.66832204010034], [-109.4749218160991, 26.676270214916713], [-109.48548045500057, 26.68399783713922], [-109.49595886075981, 26.670260625667883], [-109.55916331149233, 26.68909318638156], [-109.61984595618283, 26.69554065125275], [-109.65741852346171, 26.69095620161434], [-109.6624946927584, 26.68794430799626], [-109.66272545063974, 26.676454741602274], [-109.6687649875136, 26.673296044123187], [-109.68750148388158, 26.676212483305342], [-109.77109513049233, 26.709148071640087], [-109.82223371312617, 26.7538425501465], [-109.84984232424469, 26.78996541937055], [-109.87315476886646, 26.878427377629635], [-109.89007704306135, 26.922469810987938], [-109.94437839994303, 26.99167739131809], [-109.94662674099867, 27.002842452126824], [-109.93985678100114, 27.009339920980086], [-109.94167085144998, 27.017963630969863], [-109.9672071259269, 27.054180322226895], [-110.01884288547673, 27.077496437243692], [-110.04554539960259, 27.084260831674335], [-110.05754245583995, 27.0803169583085], [-110.0842507905669, 27.099841567492103], [-110.10968516795305, 27.110252292896675], [-110.25409999973719, 27.139499999794243], [-110.30455874376656, 27.15449944874003], [-110.33202947445078, 27.172311194328984], [-110.41326548582981, 27.252794066766597], [-110.43989638634703, 27.271341727769087], [-110.49524206599504, 27.289280094211172], [-110.52283208118865, 27.29162281000835], [-110.53544805688095, 27.285659007639996], [-110.5944232923337, 27.30945719807366], [-110.60209999953543, 27.318300000201624], [-110.60609999965843, 27.34680000023948], [-110.59089592984014, 27.43973188737246], [-110.58849639942046, 27.52811864973276], [-110.60770000006418, 27.56579999971863], [-110.6265124539758, 27.620282697962004], [-110.61689647351558, 27.665728704601833], [-110.6095425595631, 27.66713211521326], [-110.61039999988085, 27.653599999569835], [-110.60690000000649, 27.659999999904123], [-110.60090000015637, 27.700499999918772], [-110.61630000048189, 27.779200000341636], [-110.61615605867722, 27.80929973878792], [-110.61215118637423, 27.81398379548078], [-110.61436975133192, 27.795650754831723], [-110.60510000047304, 27.81100000030926], [-110.59409999967964, 27.815600000439108], [-110.5974999997339, 27.817799999887654], [-110.58940000036655, 27.829999999573552], [-110.58290000046362, 27.83110000008853], [-110.58710000038526, 27.83140000000905], [-110.58299999995558, 27.83410000002651], [-110.59069999975387, 27.841800000335695], [-110.5899000005162, 27.84550000015539], [-110.58160000006593, 27.83389999955701], [-110.56669999952598, 27.841000000169505], [-110.56369999971912, 27.834600000443476], [-110.54850000045023, 27.83210000016446], [-110.54464800567897, 27.842521811078143], [-110.53764115312106, 27.83835602183136], [-110.52201866220878, 27.8410397638597], [-110.5264677146453, 27.850803015929102], [-110.54241089144372, 27.856594615287378], [-110.55879370721318, 27.873097640407963], [-110.57810402568252, 27.882357703806264], [-110.61069072639674, 27.88838419896985], [-110.63100352658878, 27.882249705926373], [-110.64271146312146, 27.888032208124226], [-110.63981792111457, 27.89874698263664], [-110.64816328869225, 27.903915777780995], [-110.65512825881198, 27.90515915340915], [-110.66539479456792, 27.895211992678856], [-110.64892853502612, 27.89204432060545], [-110.64572696299646, 27.883993767374566], [-110.62895923167889, 27.878147924644445], [-110.62756546902617, 27.870046475105966], [-110.61919589053089, 27.87109461641837], [-110.61907571516912, 27.864395015618083], [-110.61048964357126, 27.85817051076349], [-110.62335464137948, 27.864821401589573], [-110.6544264183699, 27.888758086192762], [-110.68044516028922, 27.88998216157475], [-110.72918279383059, 27.908846154471004], [-110.7968396912594, 27.919032756020975], [-110.82849981902031, 27.91670514993807], [-110.84245685993385, 27.91038862265341], [-110.85320628439383, 27.912339962478917], [-110.85613860390683, 27.91902225071711], [-110.84546703177496, 27.913202321405468], [-110.81441565323298, 27.92280958666217], [-110.81315395678529, 27.9194151685312], [-110.79944990726061, 27.92009878632041], [-110.81221150910346, 27.9232590730508], [-110.81510027753117, 27.937317936193885], [-110.8288871797109, 27.954325402599686], [-110.85411164462028, 27.946814348193104], [-110.85280361986428, 27.941964890322527], [-110.86086153870345, 27.937903341942473], [-110.85225562757384, 27.936463683178605], [-110.86135254355786, 27.936397573020976], [-110.86140155129581, 27.921048569276824], [-110.86837871541852, 27.92631791958214], [-110.86632062668698, 27.91568561072859], [-110.87368073703897, 27.915284167347522], [-110.8769897530793, 27.92419931676163], [-110.88320484553108, 27.920031426079248], [-110.88341081182284, 27.92491359527345], [-110.89056396441735, 27.92036963452203], [-110.89416554952754, 27.90663643976056], [-110.8966465968106, 27.908198169045875], [-110.90108361007105, 27.907543573609992], [-110.89827975680237, 27.90337662283436], [-110.9072115281194, 27.89758607700838], [-110.90759957923542, 27.891514007484012], [-110.89942155208905, 27.896799937385993], [-110.8957513963266, 27.89380960980201], [-110.88597625054577, 27.905585300474613], [-110.8795154620271, 27.901883389397554], [-110.88508648521939, 27.90217841521274], [-110.88437391381402, 27.896286966886017], [-110.86535421433308, 27.90321399328534], [-110.85583340948754, 27.899902316109724], [-110.8670030197646, 27.895448404031093], [-110.858780513906, 27.895689235216327], [-110.87162468614042, 27.88348067493227], [-110.86422374271383, 27.884896240401705], [-110.86932029937752, 27.880001523459033], [-110.8639890237078, 27.8780893168352], [-110.87083835420641, 27.875593049946254], [-110.87077679899447, 27.865677298407324], [-110.88105198460995, 27.864028254172887], [-110.87490968862868, 27.861523168747052], [-110.87601772953285, 27.851489396728176], [-110.88390714513207, 27.84764110548584], [-110.88386866509335, 27.83945412208966], [-110.88998769418616, 27.839709721440975], [-110.88793401003784, 27.84922158109762], [-110.89415802570242, 27.856156290855527], [-110.90301281072863, 27.85594209316317], [-110.90339428451367, 27.86691216191271], [-110.92579768844222, 27.868246033087996], [-110.92441761577936, 27.875955587312003], [-110.93280770200298, 27.88167837972588], [-110.9426480889238, 27.869045253439914], [-110.95034549228444, 27.868487559657442], [-110.94902362996864, 27.889313963358145], [-110.96163423397236, 27.894254454869834], [-110.9622141497822, 27.9045886453343], [-110.96665357538612, 27.905529533641456], [-110.94727609613426, 27.911599130849233], [-110.94658867951867, 27.921437080618812], [-110.95107295742588, 27.92783820377015], [-110.9706163008821, 27.92847211914247], [-110.97949075687029, 27.94640900186694], [-110.97763476730087, 27.953113727607693], [-110.98400230213765, 27.958433814388485], [-111.01530739225478, 27.963635572455214], [-111.03997404336081, 27.95696133686748], [-111.04266040256555, 27.95097998006839], [-111.05016565778561, 27.94982894722901], [-111.04866114732641, 27.9409475284408], [-111.05523122316559, 27.941693124181878], [-111.05998071473921, 27.92779446906037], [-111.06610579480407, 27.94067417020634], [-111.0771348021516, 27.936148874121134], [-111.09205310367432, 27.94105497000862], [-111.09603072992535, 27.935976356805014], [-111.10498313240264, 27.936748813156225], [-111.1010423886819, 27.942116787843734], [-111.10423070174387, 27.944812978446794], [-111.09416407052552, 27.947405112361857], [-111.09928307299123, 27.961248551461804], [-111.11228033014295, 27.966142257092304], [-111.11676136769904, 27.96099495565483], [-111.11782303993878, 27.975380541961336], [-111.1260539574477, 27.97954773377578], [-111.13134057537623, 27.975110611334113], [-111.1386491678768, 27.98536676491038], [-111.14854865900362, 27.983985760506574], [-111.16816034983923, 27.99417451217962], [-111.17375544600591, 27.991707371895284], [-111.1883742467095, 28.020805169653087], [-111.19742203639166, 28.022728447073266], [-111.21187380810508, 28.041971320745976], [-111.24220503102804, 28.049943158409548], [-111.23776890604171, 28.053677890049805], [-111.24259885208447, 28.058231220866897], [-111.25501958462374, 28.054160948514678], [-111.25208056241836, 28.06370319326582], [-111.25869456130758, 28.064682597129025], [-111.25658818410118, 28.069445247073816], [-111.26648814967274, 28.077744133252516], [-111.27722547872528, 28.080999624127763], [-111.27317722686558, 28.090106051774914], [-111.28192471803085, 28.089920795618], [-111.28306614310341, 28.104278203474355], [-111.28738229656845, 28.105710126916243], [-111.2849775807147, 28.11376392570487], [-111.29505213236774, 28.123742951947676], [-111.29363507878519, 28.13082870214395], [-111.31494534632911, 28.140438463321534], [-111.31389971335008, 28.148653405861168], [-111.33003486962856, 28.158202309202874], [-111.33241885725361, 28.190456800980538], [-111.34383843643006, 28.209683525827685], [-111.35859646865066, 28.21944207214638], [-111.37711060525352, 28.21880252595078], [-111.37872755999484, 28.227883182777532], [-111.37302103815162, 28.23376079545396], [-111.3789505848913, 28.24479506226934], [-111.38871998467475, 28.249196416877602], [-111.38556521506123, 28.258132104252898], [-111.39041253048731, 28.27090872086264], [-111.4001594921558, 28.276312129225815], [-111.40788653165117, 28.273016454476267], [-111.41368772241698, 28.285543973980722], [-111.42545392703289, 28.286975439292025], [-111.42714850951398, 28.294335200757278], [-111.44920022525902, 28.305725591636186], [-111.45702859111644, 28.31595845788328], [-111.45270798063838, 28.324364527051046], [-111.46201453189602, 28.341369634130373], [-111.45664595443586, 28.354277022660522], [-111.46510328391524, 28.36889823666387], [-111.50501960411758, 28.392632168330866], [-111.58191683221487, 28.41510539816798], [-111.64451369046475, 28.443526255074993], [-111.7122686002465, 28.458987768701714], [-111.71573230648177, 28.494612544067085], [-111.7372344753364, 28.521853382808676], [-111.77442404644461, 28.607132788738003], [-111.79700314162429, 28.626351899943728], [-111.85748377240945, 28.662571900875445], [-111.88433527703742, 28.688826968963067], [-111.90801208835927, 28.702949823055565], [-111.90815412155119, 28.709381384311826], [-111.9254552501539, 28.718673506368283], [-111.92465697829968, 28.72967724431711], [-111.9330903305036, 28.742415142812657], [-111.95018380454904, 28.75732758790603], [-111.94480442156964, 28.763500170733067], [-111.93047414107606, 28.761376140057145], [-111.92165430573341, 28.766415153929547], [-111.9010000001838, 28.786999999810913], [-111.91719804194592, 28.791742555383866], [-111.93357802565023, 28.814272982386], [-111.97230791306377, 28.843467327805], [-112.03108626199293, 28.859273760477798], [-112.03452569808807, 28.88027942650735], [-112.05170802638108, 28.88965082346453], [-112.04779865111261, 28.899284283017277], [-112.08606195420745, 28.92534700674974], [-112.10132954058938, 28.954886386339876], [-112.11270768026273, 28.96093858749982], [-112.15883614076218, 28.962249553312112], [-112.17174828157577, 28.968296489832362], [-112.15319914973433, 28.984384325701768], [-112.15046589835617, 28.99423009996482], [-112.16011870374675, 29.012229750596685], [-112.16688919568648, 29.01054310626871], [-112.16383055228151, 29.01675926341723], [-112.17225792366317, 29.048384066157837], [-112.17080036852077, 29.07256785961125], [-112.1876319470695, 29.073327732075935], [-112.16513765902596, 29.114872349949376], [-112.18338762159358, 29.151250383333103], [-112.19957850310776, 29.15675794502444], [-112.19428798329345, 29.16680721647685], [-112.19959879881888, 29.176403631113825], [-112.23000284763852, 29.17984754276591], [-112.21674884894944, 29.20808800505874], [-112.2089556209359, 29.241492952677635], [-112.2115160740269, 29.26250478251325], [-112.23149791459225, 29.304519719361288], [-112.25605031743149, 29.326945953341635], [-112.28627431335173, 29.33202672197241], [-112.34084609993526, 29.31813888253301], [-112.34624775209919, 29.313561207879584], [-112.33489999955438, 29.29180000007028], [-112.3529788344698, 29.321014246402232], [-112.394522390576, 29.332606753731415], [-112.41017884985939, 29.34517032203177], [-112.42145676283607, 29.376507989119737], [-112.38266847160185, 29.448725035016988], [-112.37809969979696, 29.467077110774902], [-112.38083299062377, 29.486862028959166], [-112.3919970678616, 29.50157648393156], [-112.41249198406054, 29.50615024560508], [-112.42882765662787, 29.519814736275553], [-112.42828803351539, 29.546471236770895], [-112.43541435154698, 29.55920753427445], [-112.47570520251212, 29.58943156737252], [-112.49531085258238, 29.615442558918208], [-112.50623141818318, 29.620232180706424], [-112.50978507855363, 29.633291866409824], [-112.52301216222186, 29.649927738777006], [-112.52581868720205, 29.665570333671916], [-112.5440899170977, 29.69000192632891], [-112.58062284971048, 29.71181439022953], [-112.58660872940574, 29.739453968713264], [-112.59997334031983, 29.75489627998337], [-112.60599499386299, 29.778936299713795], [-112.65179935150825, 29.834682681677492], [-112.65112954204258, 29.8639101008315], [-112.66554546085553, 29.891659491388967], [-112.6880394646493, 29.905025593046123], [-112.69747500999722, 29.895764593984843], [-112.693974614241, 29.90609865340428], [-112.70714748228542, 29.91065157713459], [-112.73330107418258, 29.903781329893594], [-112.74734485474549, 29.91542719876689], [-112.7383544633824, 29.94330660633933], [-112.74227125589843, 29.958503263866504], [-112.73310210799109, 30.00055258459123], [-112.74448410631203, 30.03606630703196], [-112.76147475545224, 30.062359073829466], [-112.75249797560686, 30.15078053001866], [-112.75961189563942, 30.198555715377136], [-112.77587134662637, 30.225725559902937], [-112.818214629496, 30.264084748315096], [-112.83900866946269, 30.270935885318902], [-112.85176960792107, 30.269937859894814], [-112.85723042475941, 30.263307946112818], [-112.86439769161439, 30.26815793898889], [-112.85109570973472, 30.28469466760436], [-112.84598137798854, 30.330161867034388], [-112.85003612636763, 30.37232222815929], [-112.8646302393549, 30.413915466983777], [-112.8990895340956, 30.461403151765733], [-112.97971681954772, 30.532039352390573], [-112.98032844920859, 30.5419019365865], [-112.98763142859727, 30.53608579278983], [-113.08426806590603, 30.678481345407167], [-113.10478534269467, 30.7577177034996], [-113.12716696170301, 30.812041773951552], [-113.11513722735455, 30.8324936869812], [-113.10106194227542, 30.89088570312026], [-113.09645501183779, 30.970047867838385], [-113.1284114500855, 31.058908786370456], [-113.12060000035892, 31.06469999998504], [-113.11751299706515, 31.035714089348538], [-113.09194231504058, 30.995267667435716], [-113.08480125582155, 31.012512219573054], [-113.06204836998137, 31.033436163515727], [-113.05895567832599, 31.072349889793685], [-113.08095658629763, 31.13881236613368], [-113.07750767638814, 31.15166689410754], [-113.08955089643771, 31.155670332232692], [-113.101509256025, 31.189443840491215], [-113.1102736300094, 31.199616186884253], [-113.11645507132062, 31.201589733688913], [-113.12040180083748, 31.191667524247535], [-113.18907955789176, 31.2227606827189], [-113.20715352080882, 31.24052853650384], [-113.2551101693439, 31.240536649204323], [-113.35362215157934, 31.265092799764677], [-113.41940497671, 31.275686681011614], [-113.43214285855905, 31.28400119914919], [-113.4448676889584, 31.280804595610196], [-113.54536321715442, 31.296317536209973], [-113.55264611641911, 31.303854258490013], [-113.54376476950888, 31.30394410539856], [-113.54366726607545, 31.30839385147749], [-113.5479865296975, 31.305909005973028], [-113.55840458614979, 31.317765176391127], [-113.62461295899267, 31.327994486571622], [-113.6438764304708, 31.3432680645851], [-113.63708189430699, 31.346154058076483], [-113.62688577034666, 31.33980269044627], [-113.61126381738676, 31.343864621541808], [-113.60919535068564, 31.36458793590312], [-113.62068708943667, 31.402758419158985], [-113.6358087150316, 31.429820267567177], [-113.62926207655283, 31.452283457037232], [-113.64031421329415, 31.480508684047138], [-113.68114137499069, 31.515247489954096], [-113.76332790603873, 31.550623028881382], [-113.7681180440963, 31.558412709765427], [-113.77863616105573, 31.560343521691077], [-113.77666669745591, 31.564539667535126], [-113.8100749870879, 31.566995781911114], [-113.85247933184822, 31.595398690017188], [-113.86957890188731, 31.587594811173204], [-113.87781919847757, 31.598185361267387], [-113.89754969099911, 31.606855120381272], [-113.91426676556794, 31.60448473674733], [-113.92000000000381, 31.598299999947706], [-113.94960923696253, 31.610041632282105], [-113.96543640792046, 31.62838707980347], [-113.9794109863209, 31.631428722753675], [-113.97160000003805, 31.599799999688603], [-113.97369999965325, 31.578300000404752], [-113.96149999962398, 31.576899999800652], [-113.96111103611445, 31.564267237346755], [-113.9562000001814, 31.562400000221157], [-113.97828991734669, 31.549394265520164], [-113.97789314049443, 31.539850346031596], [-113.98702915921162, 31.529530631170996], [-114.00621511460565, 31.52378749959428], [-114.01668458762684, 31.532487486965], [-114.02015835143276, 31.53002497462495], [-114.02589999999162, 31.492199999637666], [-114.1628659587963, 31.497258433918866], [-114.27284117826859, 31.544044259095575], [-114.32674731123704, 31.583158338726886], [-114.3281252798498, 31.59386572753617], [-114.32573388538512, 31.585997392415468], [-114.3252341365994, 31.59117272242159], [-114.32800616218019, 31.59418366466602], [-114.33425604048203, 31.59840976716009], [-114.42658820433165, 31.643536562086766], [-114.44828317531653, 31.648975387293962], [-114.45546673510945, 31.6642199841847], [-114.49273193146638, 31.67619411209013], [-114.51253868111533, 31.691528404092676], [-114.51425463241458, 31.694480266961197], [-114.50627214612439, 31.68996377721953], [-114.50904580932611, 31.695701699905108], [-114.52712557108221, 31.702059763096685], [-114.55402806481202, 31.735542577410357], [-114.58278890360735, 31.752221342641594], [-114.61923151134388, 31.76290364313556], [-114.69280182670435, 31.763121216914104], [-114.72268793639772, 31.777058362364738], [-114.74264252508037, 31.80523689506351], [-114.76021059011109, 31.818258525054077], [-114.78706982097634, 31.8230953743136], [-114.80453737591401, 31.819969069723125], [-114.81784044185623, 31.759234824818964], [-114.81695362204685, 31.728743492997992], [-114.79272401700484, 31.683442065107467], [-114.78368352079247, 31.635527170237758], [-114.79558447722526, 31.612020255351663], [-114.81645719299745, 31.609635978116483], [-114.82223377121635, 31.58437371794315], [-114.83275248154644, 31.578530086592327], [-114.85795407705207, 31.501137859496694], [-114.85451667582201, 31.456709840139784], [-114.85934524612199, 31.42916707762184], [-114.86977044631404, 31.422857766502435], [-114.87235494590195, 31.39927793607787], [-114.8801623142882, 31.392890373680935], [-114.88365808490344, 31.30308476258791], [-114.87928199521102, 31.29526196948205], [-114.88821039933062, 31.28452745041444], [-114.89204117285976, 31.266650937351613], [-114.88206912887935, 31.252498412994523], [-114.88128636121986, 31.236442586331794], [-114.89005425409799, 31.14482461854588], [-114.88424678445908, 31.118167159709945], [-114.86749484343284, 31.09022931169562], [-114.84811779948879, 31.072665865476935], [-114.83216438027749, 31.06643966793695], [-114.8225449131157, 31.053674691166133], [-114.81429278011807, 31.052104617897523], [-114.81176033098879, 31.044024168126363], [-114.82423116288803, 31.03957083268659], [-114.83341789528235, 31.019175967704708], [-114.83284787699978, 30.99920304173337], [-114.82959009883128, 30.99599072033178], [-114.82464358395643, 30.998940770842026], [-114.82194535818866, 30.99687059297471], [-114.82899114888747, 30.99328175931503], [-114.82115847117295, 30.99586846851791], [-114.82376477431848, 30.988500441029753], [-114.80833536318234, 30.977281302953788], [-114.72033611808146, 30.93703585227057], [-114.71093522217274, 30.909186033128147], [-114.70386617368699, 30.863996073070446], [-114.7098891196468, 30.844869810606586], [-114.70163092583692, 30.82108822132882], [-114.69359369856362, 30.81927954119497], [-114.69994362387922, 30.772393889851344], [-114.69170000037757, 30.744000000293365], [-114.70512373826436, 30.712867079953476], [-114.69354089419406, 30.670987171531756], [-114.69880749360145, 30.633739595192537], [-114.67791758636494, 30.58908634760805], [-114.6522931990223, 30.557083160226657], [-114.64895456237052, 30.52738336672067], [-114.63072741310023, 30.488709881594502], [-114.63922269653129, 30.45257107831951], [-114.63125273239949, 30.419917606329665], [-114.64371856307267, 30.376587004208055], [-114.6362947386971, 30.367458900946705], [-114.63484991654222, 30.350197029048374], [-114.63629453993808, 30.34507054112886], [-114.64188570201864, 30.349034767490323], [-114.63890109925842, 30.33957733514111], [-114.64396056136101, 30.337717095192495], [-114.64421916815293, 30.31494503433269], [-114.65629158188149, 30.285185746344986], [-114.65621094968776, 30.278765442976837], [-114.63977137053763, 30.26045413112142], [-114.65213929589594, 30.241675064805744], [-114.65147045354952, 30.22318961267263], [-114.66887059890801, 30.198252356844968], [-114.66723411729376, 30.19058873182953], [-114.64021227057592, 30.152470831284308], [-114.63377209614967, 30.127155071846737], [-114.60390818526945, 30.107987810541747], [-114.5827603487399, 30.06835603794713], [-114.5838871200794, 30.051903542956406], [-114.57593218925122, 30.03200330740661], [-114.56592214153075, 30.02624612973626], [-114.5645362997958, 30.01000222008718], [-114.55185908663813, 30.001946219348557], [-114.53448599627971, 29.96812154374294], [-114.4852789866891, 29.946639312952197], [-114.47095517476534, 29.913270509039464], [-114.43445810819439, 29.9093129166454], [-114.41298405412635, 29.89068738370252], [-114.4092781690283, 29.87764035894109], [-114.41357808067993, 29.84835255834707], [-114.40157554371923, 29.83134107290137], [-114.38209999970123, 29.82260000016931], [-114.3691957376841, 29.80774962519636], [-114.38069999954183, 29.813099999893105], [-114.39488165402247, 29.808001050827755], [-114.39518762172528, 29.790258958221397], [-114.38599064649823, 29.777080461326026], [-114.37187073161067, 29.769838850147057], [-114.35459665387097, 29.768701327828463], [-114.3427986617585, 29.74674960094694], [-114.33048965255149, 29.7425202404028], [-114.29428948548195, 29.742788762487752], [-114.2814451954285, 29.75968740708284], [-114.29104947882033, 29.756661211600193], [-114.29298089848471, 29.766485607112298], [-114.28428877279158, 29.765101862843295], [-114.28024004304784, 29.77231198880981], [-114.27134415273696, 29.772036255507096], [-114.26329415138014, 29.762276225250538], [-114.25949825954172, 29.7669325844657], [-114.25856056500683, 29.759847850703366], [-114.24324586910436, 29.762732920452425], [-114.2297978733792, 29.750626644335203], [-114.20811174408604, 29.743852577222842], [-114.20049741225621, 29.727873950785067], [-114.18137431217816, 29.70808051282527], [-114.16646564808458, 29.701541365283223], [-114.15928391458063, 29.69106195270204], [-114.14490995218627, 29.691589402088898], [-114.13231404395066, 29.671938318550975], [-114.11093359077434, 29.65329463901081], [-114.06342722207117, 29.628589854748654], [-114.04673335038471, 29.59677065919271], [-114.03110681958181, 29.593792683926598], [-114.0165226985155, 29.57898747373107], [-113.99425391178046, 29.577594809617153], [-113.89691856669825, 29.484834527969085], [-113.8623023128898, 29.462141062783385], [-113.83610589072723, 29.45587250801778], [-113.83175584015598, 29.43550232440664], [-113.82500778768964, 29.429453670055253], [-113.80549561966542, 29.425935570323606], [-113.79788217738277, 29.41771505337367], [-113.77381722346101, 29.410530035747154], [-113.76070997736856, 29.39039231982821], [-113.7223390627411, 29.36256488345115], [-113.6950225627311, 29.324389012360864], [-113.63751252578591, 29.283397877506456], [-113.62514925569663, 29.252862268406194], [-113.6530313630293, 29.22412853168759], [-113.6561399041744, 29.2085360419019], [-113.63936048995082, 29.198407783485234], [-113.64257169139597, 29.184324090308245], [-113.63527167583624, 29.172650612215943], [-113.62646549093614, 29.174546250753547], [-113.62123492310405, 29.161020841072585], [-113.60892150751032, 29.163364079861914], [-113.60392381251832, 29.143873494462653], [-113.59283234308444, 29.130278383534463], [-113.57137729351886, 29.11685800440905], [-113.56267845633663, 29.08577034619613], [-113.53849517550485, 29.057954662062915], [-113.53445433455656, 29.032278533101007], [-113.5488839097444, 29.04015684955573], [-113.560448444008, 29.023611677182473], [-113.56303449803131, 29.007772312311282], [-113.5474303846059, 28.985099157278963], [-113.54156349950235, 28.95582621997503], [-113.54620284657412, 28.964537133796654], [-113.55729336204908, 28.94692806228956], [-113.52620190263129, 28.89327263069057], [-113.49639779164302, 28.88955195865695], [-113.47903083562001, 28.894540063547836], [-113.47135329795056, 28.914467463270135], [-113.48723285124558, 28.927830930032254], [-113.48603333009335, 28.9322673173614], [-113.48012329669146, 28.93157830542436], [-113.48142201315653, 28.9418270565104], [-113.47425893961172, 28.94380181345166], [-113.48008736629737, 28.94775173225051], [-113.47036620491723, 28.949293867090383], [-113.45923512762344, 28.943758530993296], [-113.44766555514708, 28.951157077812386], [-113.4443419153191, 28.946757106221455], [-113.43837088530826, 28.95968086703443], [-113.42375636901997, 28.948670787577107], [-113.42887823797263, 28.93518405031092], [-113.41523644138378, 28.923406387367713], [-113.38575801836512, 28.939628252756528], [-113.38313457520145, 28.93526876417949], [-113.39066302194688, 28.92962127184011], [-113.39403706731711, 28.915230305753827], [-113.3677366796555, 28.90352481879678], [-113.37802517614095, 28.9020645224239], [-113.38069461098141, 28.894522205311656], [-113.36800597451047, 28.87769928378718], [-113.3573727510663, 28.873979121275553], [-113.36569453454382, 28.870758241176535], [-113.3703509407296, 28.861209705284942], [-113.37076280502038, 28.838500617551603], [-113.36487257220679, 28.823354760628035], [-113.35135992515195, 28.816702196661545], [-113.35710238697138, 28.812304971510848], [-113.354709389241, 28.804390411509644], [-113.34708699124658, 28.799673728858334], [-113.31256923389584, 28.803141047648722], [-113.29466234753474, 28.81794460286505], [-113.2857326581791, 28.819423547733955], [-113.28644739606146, 28.825735742949178], [-113.26580593039888, 28.833365012510978], [-113.26030059996823, 28.840521416787073], [-113.2516145180605, 28.840532201734344], [-113.24272847095887, 28.833992176802425], [-113.23357308862339, 28.835364033494677], [-113.23075903950419, 28.82818087034809], [-113.22064519999866, 28.824797834265127], [-113.21249677822581, 28.803108786718802], [-113.19643610874601, 28.792286032123865], [-113.1986507965186, 28.778786521253473], [-113.19207841615525, 28.76511395347797], [-113.19420878321291, 28.74481950245496], [-113.18923196806305, 28.7299872893009], [-113.18184361994354, 28.71478148628024], [-113.17518689926206, 28.712389834886253], [-113.17654566535592, 28.70463244669632], [-113.15879590398357, 28.66007386361294], [-113.13390726382235, 28.64181038142141], [-113.12876107230171, 28.632638383409518], [-113.13029780973555, 28.599392837656694], [-113.11422013508322, 28.558238481758327], [-113.11351505764927, 28.52678269009932], [-113.10433853615304, 28.50607771851659], [-113.08052204230732, 28.494091144678677], [-113.0752634659307, 28.485233011371704], [-113.03914127163401, 28.47524799551318], [-113.03575689123764, 28.467146844260107], [-113.01562964280195, 28.457380734613967], [-112.96998719688871, 28.456874852925104], [-112.90353409601742, 28.47524314156473], [-112.885195235924, 28.46297278064088], [-112.88837004642117, 28.457102546386306], [-112.88330289068274, 28.456531489558245], [-112.88309992490245, 28.451277404228602], [-112.87460125003967, 28.450390247409192], [-112.88277726639029, 28.439485208848986], [-112.88037109195464, 28.43442870826614], [-112.86337852632067, 28.43265560695032], [-112.85903485337921, 28.440484518211647], [-112.84671540037486, 28.440900137511274], [-112.84442943227647, 28.422144980866374], [-112.85085846389545, 28.420388645251833], [-112.86018767976478, 28.404091811628376], [-112.84925354457138, 28.38204017876971], [-112.87391167966243, 28.3188821931905], [-112.87499971575566, 28.30712377264521], [-112.8681574906389, 28.300646649367984], [-112.87349966511283, 28.282226810921706], [-112.86362331976599, 28.267888906333784], [-112.84210878176557, 28.25271903083421], [-112.80147593515035, 28.203280004517747], [-112.78650921401926, 28.196136628065002], [-112.79607117659425, 28.18757693619222], [-112.81203197955736, 28.13583041214841], [-112.81254001868477, 28.115951321239677], [-112.80340675407069, 28.084682228905812], [-112.79178669228507, 28.076812906171114], [-112.78867895754759, 28.068254577754516], [-112.80111566379307, 28.05070134085251], [-112.80416583454007, 28.024188926415032], [-112.79009983223443, 28.006026370554487], [-112.7682866846672, 28.002403760873474], [-112.76212178638939, 27.996410770058834], [-112.75641218332751, 27.967874756582802], [-112.76683442218777, 27.94031885776482], [-112.761840242445, 27.92087591107089], [-112.76583342565021, 27.904297132820073], [-112.76134730530515, 27.896924812785173], [-112.76770744820509, 27.890219544396366], [-112.77137824074867, 27.86199432792396], [-112.73582719805466, 27.827141691434985], [-112.71994409728597, 27.82544504889035], [-112.7138836446349, 27.80513946928465], [-112.71603888688192, 27.785911784510002], [-112.70620429433484, 27.7763434550195], [-112.70782244777706, 27.764619528630966], [-112.70157092341537, 27.751782034652862], [-112.66100222102409, 27.709350818716157], [-112.64403689959805, 27.71039659036973], [-112.63662622594835, 27.705242178199818], [-112.63364981424763, 27.695044808364507], [-112.62321086541317, 27.68742396254874], [-112.62301972651639, 27.678174284710373], [-112.5980456227653, 27.664766686041613], [-112.6000781120807, 27.656619749911854], [-112.59538001005924, 27.650503192880425], [-112.57268079663417, 27.64260667741635], [-112.56064212113232, 27.644851760060305], [-112.52935072383842, 27.637693922545253], [-112.5182881433913, 27.629792832130992], [-112.48690260926134, 27.620926974897817], [-112.474536600191, 27.613059317902817], [-112.46743545812716, 27.599643612037795], [-112.44712749347757, 27.597794603960942], [-112.43617268690532, 27.590241641011804], [-112.41831578754898, 27.59028755960578], [-112.35935011200182, 27.55234781476131], [-112.3526796955191, 27.531813006344752], [-112.330038790278, 27.517659316301717], [-112.32427323747741, 27.49801435503617], [-112.32430621482447, 27.47076696295481], [-112.3182959079908, 27.460931887880378], [-112.32171670108912, 27.443820611838436], [-112.31262109883548, 27.433475125121163], [-112.3180790671885, 27.435121435832677], [-112.31813315449018, 27.42908750790916], [-112.3061045659708, 27.41940609580212], [-112.2980972779501, 27.40316206178448], [-112.30389500935215, 27.395572100663475], [-112.30317064796412, 27.385951339358016], [-112.28684226250294, 27.36425808835668], [-112.26995382709148, 27.357185557295736], [-112.26202562711927, 27.332934258772745], [-112.24101149902592, 27.325263749430114], [-112.23095779203963, 27.295395490570016], [-112.19911442130065, 27.251606115545382], [-112.20219580489862, 27.246500538091826], [-112.19830012739786, 27.241408609961418], [-112.21529474766388, 27.21461272504093], [-112.2125478899117, 27.20380679264971], [-112.19310963317189, 27.196333449254826], [-112.16671204402618, 27.1718752444233], [-112.16594234143808, 27.165563068552594], [-112.13225546977299, 27.15812431335706], [-112.09721895420394, 27.133083554417183], [-112.0707531779012, 27.13381639604939], [-112.06281358862717, 27.125986025864886], [-112.00921877550152, 27.116471331981938], [-111.99150366337243, 27.096149411510318], [-111.95338855215086, 27.09639350019245], [-111.95277954101563, 27.082989515266462], [-111.94399406972292, 27.07969490259209], [-111.94596717823724, 27.069955884996553], [-111.95863732849965, 27.064828869336658], [-111.96985708692107, 27.070098995489584], [-111.98874732355812, 27.05610966116288], [-112.00582757711123, 27.03364763217003], [-112.01525313952125, 26.999835677478494], [-112.0145653653362, 26.973505503367644], [-112.00806286141369, 26.9578545744026], [-111.97578890675501, 26.936399723081237], [-111.96414894034979, 26.915282980562903], [-111.95616994910765, 26.91467153027551], [-111.95685246927214, 26.905173901843355], [-111.95225256306888, 26.90136213126481], [-111.97152156320027, 26.89845882682681], [-111.98266681005751, 26.88888711322966], [-111.97289998852908, 26.897089538465757], [-111.95441542884325, 26.899927899714257], [-111.93889233317364, 26.88407442587118], [-111.9158266844203, 26.87745441069599], [-111.91209043998278, 26.85807193852405], [-111.90234491089161, 26.853185098281944], [-111.85305597577674, 26.874379882801236], [-111.8460611397821, 26.88201252905687], [-111.83276442706753, 26.883782519799073], [-111.81664004801378, 26.896628580705126], [-111.7480204293748, 26.845999876721216], [-111.72101965123325, 26.80661570619245], [-111.68136605985913, 26.77998498237193], [-111.66632630860492, 26.77993020568], [-111.66717070888491, 26.7728512703954], [-111.64915412286642, 26.753510057656054], [-111.64698385644068, 26.744835920721584], [-111.62653819159613, 26.740273839690538], [-111.62691486942794, 26.732646785648544], [-111.61086378245426, 26.727544655590208], [-111.60763985724269, 26.718821825073338], [-111.59273084859622, 26.71150435107951], [-111.58223569967997, 26.71218003501044], [-111.57928567579292, 26.706502302774865], [-111.57240655792832, 26.70796556856554], [-111.57090194262531, 26.70021688012233], [-111.56160071311696, 26.696798040284687], [-111.56789238403101, 26.66254465988003], [-111.56785088756402, 26.63222861737338], [-111.56318213142218, 26.620849510336694], [-111.56715883268842, 26.618219764151437], [-111.57022319551108, 26.585422763800175], [-111.56745771528132, 26.563209221132826], [-111.55496554315995, 26.55035498867525], [-111.50131527056818, 26.53016052448132], [-111.47370094397718, 26.53114731006435], [-111.4720426140864, 26.535676888015733], [-111.46048533213397, 26.53736919896122], [-111.46194997210348, 26.528296146341642], [-111.44214203848475, 26.517869746113664], [-111.45249593087132, 26.51509867808223], [-111.45520542246956, 26.487230473845234], [-111.46638602999367, 26.478574650683047], [-111.47050573593366, 26.464328096738452], [-111.46902571402312, 26.413434774946037], [-111.45428442729897, 26.395382582693784], [-111.44038337801527, 26.3901804209892], [-111.43233460536206, 26.379748112184142], [-111.42875495534365, 26.383864295332955], [-111.42456077326092, 26.380621345542014], [-111.42762795774343, 26.377311455933974], [-111.4214944887737, 26.3727713576305], [-111.4346125454223, 26.369596151043673], [-111.43395086156228, 26.362368415434613], [-111.42103760653038, 26.34849748612544], [-111.40316185794019, 26.350290518374706], [-111.40484423088253, 26.34319788713184], [-111.39621530906942, 26.34068051216824], [-111.38659787096718, 26.322059618990718], [-111.38300814810351, 26.28138567794141], [-111.39477834439728, 26.277021427292656], [-111.39767322368354, 26.25558347548942], [-111.37754785319883, 26.215901924155965], [-111.3775422986572, 26.187371087420566], [-111.36097057620412, 26.16776938207134], [-111.35437135569195, 26.129569733011973], [-111.34399653242342, 26.11146101980045], [-111.32387160018165, 26.10012985944619], [-111.32558162622476, 26.0882640971694], [-111.31911135904363, 26.06899384894231], [-111.32835055097743, 26.059439863141066], [-111.33026055061332, 26.045790126929663], [-111.34549976707098, 26.028694097299756], [-111.33530276516719, 26.00398979421966], [-111.33846469773334, 25.987305773860705], [-111.35520767237081, 25.97004367070242], [-111.35864988277964, 25.959752736754886], [-111.35225682990502, 25.940498609633792], [-111.35523493441386, 25.92878297445306], [-111.34372492314668, 25.922485240330246], [-111.33675606312396, 25.907524764773072], [-111.33595540013722, 25.886665348101708], [-111.34221399311204, 25.877792500255186], [-111.3340430089436, 25.863365234720963], [-111.33337223252308, 25.83642585846306], [-111.32498300254406, 25.830912226291986], [-111.31806293035618, 25.83146989298341], [-111.31590857262334, 25.8368981525393], [-111.29205659109586, 25.813005271367317], [-111.29911563011179, 25.807449631569575], [-111.29954860539945, 25.81310383474254], [-111.30832649351605, 25.812864880306094], [-111.3113608014356, 25.791460933214207], [-111.30627257607055, 25.77349641514877], [-111.27798941175924, 25.749732267739773], [-111.25147893595084, 25.737695275906653], [-111.24291692996589, 25.721229660177272], [-111.22393924973454, 25.72514271929576], [-111.21637643378202, 25.705718235899898], [-111.21340457699871, 25.708470779159388], [-111.21575483203755, 25.690191064029317], [-111.21031024060439, 25.675192118718844], [-111.20470463099598, 25.673073923746955], [-111.19333815120686, 25.613628504846204], [-111.1811089144978, 25.597467614597964], [-111.17210100373579, 25.59526430255975], [-111.1736548268579, 25.5886280527719], [-111.16482706458206, 25.573152652023833], [-111.14525433195989, 25.565579237227336], [-111.14251401958867, 25.54998645712951], [-111.12150616296437, 25.528173754981466], [-111.10999098537934, 25.52410620453611], [-111.0997975837587, 25.52876139883801], [-111.07426881689318, 25.525110185221777], [-111.06971201129468, 25.531335566553835], [-111.0749449282532, 25.522960729875013], [-111.06819508579854, 25.513941649788737], [-111.06037691788782, 25.513222898750815], [-111.05981334094376, 25.519574990981095], [-111.05318168390461, 25.521170695612867], [-111.04975214303694, 25.516064608502578], [-111.04019444605939, 25.515537950393437], [-111.038348539997, 25.521710065391204], [-111.03401986678018, 25.516375715884354], [-111.01678448205736, 25.514946615945128], [-111.01452103562733, 25.504936068207183], [-111.02263071559858, 25.497114724330267], [-111.01341738002914, 25.477925390088913], [-111.0200272145268, 25.47536503394262], [-111.01920779117148, 25.462089665276462], [-111.02600569650298, 25.458328783916176], [-111.02477571761304, 25.44373055713316], [-111.01277062259875, 25.420748037823415], [-111.00373624703599, 25.416226748311715], [-111.00077532403803, 25.387985590052967], [-110.9943867175084, 25.37437980708408], [-110.9873323339906, 25.370847638538077], [-110.97962812436145, 25.341420310889262], [-110.96560202745245, 25.330161127720373], [-110.95560371462744, 25.329074755455157], [-110.95750965196699, 25.322637001578062], [-110.94388702104771, 25.30541282805893], [-110.94722070231822, 25.296774746413103], [-110.93311758846349, 25.291585199304485], [-110.93906342300195, 25.286122799075503], [-110.93400493300011, 25.277648686933173], [-110.9445441353836, 25.271359882899457], [-110.94617701803246, 25.25755294237976], [-110.93873220195461, 25.24426269223013], [-110.94103235200544, 25.23673521272522], [-110.93403469865152, 25.215857604584937], [-110.92145311224866, 25.209803512548255], [-110.91604890157276, 25.190883233314107], [-110.9066214493494, 25.183465122295488], [-110.91245002656332, 25.174813769823135], [-110.90762905255885, 25.145784304451215], [-110.89338284148862, 25.130803036247812], [-110.879868798712, 25.12633009460322], [-110.86305216990468, 25.080738417544858], [-110.82874106091612, 25.063070423681214], [-110.8267157257904, 25.04722434068123], [-110.8155072657709, 25.03438586013344], [-110.79773112026777, 25.029673410665417], [-110.78993216044633, 25.035896830763267], [-110.75719917054988, 25.01382267680091], [-110.76193506151358, 25.006214573375328], [-110.74890513349506, 24.98795362890476], [-110.74975791686416, 24.965977733508918], [-110.72128746826635, 24.93515209860443], [-110.71481907782346, 24.91928622966748], [-110.7053475180784, 24.921609119946954], [-110.69902342124347, 24.915227583525798], [-110.70806130737768, 24.90813930416338], [-110.68548712114773, 24.884464033508646], [-110.68886662995824, 24.876056411781548], [-110.68479907214775, 24.857592187800837], [-110.67473332174305, 24.843725424365662], [-110.66460332503038, 24.810292863887923], [-110.65708244093982, 24.806454551500313], [-110.66533149684194, 24.765477307051427], [-110.68850000003174, 24.729999999828504], [-110.68987581338742, 24.708245432228846], [-110.71468654419697, 24.69143163848987], [-110.7293000003874, 24.667300000208552], [-110.74019999977618, 24.620099999828614], [-110.74022907469168, 24.586922124596747], [-110.7335813405599, 24.562668302399054], [-110.73821750039802, 24.552721359421025], [-110.72916045516271, 24.514529291236485], [-110.68705117248066, 24.462960309965457], [-110.68951597042773, 24.450856204003223], [-110.68469009970003, 24.445238528755663], [-110.69229918925025, 24.434422152137532], [-110.6932302189682, 24.406252050263266], [-110.68160737663406, 24.395749939251996], [-110.68507037318696, 24.38159114870769], [-110.67923551818745, 24.371422447580407], [-110.68131130597614, 24.356871756267793], [-110.65547217499304, 24.324441399180625], [-110.64095160016792, 24.315593932890067], [-110.63476317739195, 24.290978437367624], [-110.6162474745665, 24.270010472038063], [-110.61157784344792, 24.25585050623729], [-110.58171491743832, 24.23965125995784], [-110.56174583045669, 24.21221837797399], [-110.50643753981238, 24.194767016503754], [-110.40742876024845, 24.175062894875577], [-110.32465772083712, 24.175092478225608], [-110.30442093512274, 24.18127546002863], [-110.3047529889492, 24.182418256964283], [-110.30429909695569, 24.18636996252892], [-110.30447118268214, 24.181636377314472], [-110.30303148568125, 24.18150182391604], [-110.29966114334438, 24.211680159479677], [-110.31246237779577, 24.22052210139255], [-110.30658102812878, 24.23388975144532], [-110.31473322571648, 24.242037292901017], [-110.31340000230172, 24.25060003425671], [-110.31890000258046, 24.243500034111253], [-110.32741056414365, 24.244499617239285], [-110.33662601914013, 24.25938729632777], [-110.33380000214395, 24.279200034717796], [-110.33996154935562, 24.31613278757269], [-110.33414251554889, 24.328988692008412], [-110.3256666476054, 24.336107076641017], [-110.3061241138198, 24.339175713357616], [-110.29765593733939, 24.35235565206283], [-110.25061001030878, 24.345621343835216], [-110.24646950961572, 24.350016570626906], [-110.23420554150952, 24.34409191424846], [-110.23083525839363, 24.334911963488775], [-110.23597045886008, 24.330712292654585], [-110.2356312897215, 24.317304365777357], [-110.21753909134533, 24.30837400718528], [-110.21269248943348, 24.298399940945398], [-110.19307843347067, 24.292910684427223], [-110.17474835234724, 24.252785500020774], [-110.15150722643727, 24.249169673858294], [-110.12370543362047, 24.226097584272075], [-110.11666067811424, 24.227438366904128], [-110.10130594586256, 24.21690110501936], [-110.08936338776945, 24.215765708100676], [-110.00852438939545, 24.159842650303936], [-109.99787147643696, 24.12967210394279], [-109.99937880380863, 24.11661148275275], [-109.99366270349459, 24.108770829475112], [-109.98870457847366, 24.050932599897124], [-109.98433501063965, 24.04373995204337], [-109.92971681386362, 24.02872008769595], [-109.8813161822342, 24.038537838426045], [-109.8267995233075, 24.060574424646333], [-109.82516860336882, 24.039858294827017], [-109.80875493336751, 24.03092200451912], [-109.80423528898213, 24.021241686263163], [-109.81771125581344, 23.995376827112235], [-109.82901629084385, 23.99271232043784], [-109.83566935872476, 23.985065375732365], [-109.83750257330479, 23.93275268595575], [-109.82611831396571, 23.912194267564185], [-109.77246523663776, 23.874791003140267], [-109.6993654110806, 23.798987989022315], [-109.70964218407399, 23.775859636686576], [-109.71328985993594, 23.73811606928233], [-109.69550534551898, 23.69260581101892], [-109.69708024451505, 23.662624075791914], [-109.67400436586979, 23.644053101524054], [-109.64065356337409, 23.63261120072643], [-109.63573222956923, 23.62639446153989], [-109.6075262554234, 23.621112783087497], [-109.57561153235537, 23.600031763615398], [-109.52054705002021, 23.584609826276267], [-109.51222898441922, 23.56908687739045], [-109.46843127853126, 23.554616245486894], [-109.47901667202669, 23.53491902965836], [-109.4794179088759, 23.51916972719963], [-109.46104689407456, 23.487421673816574], [-109.44755361748703, 23.478257868009045], [-109.44316391065638, 23.466659650274124], [-109.42503748187004, 23.45032705481129], [-109.43199911298521, 23.4136653575045], [-109.42783874872693, 23.405531050892783], [-109.41561716409375, 23.40342388233824], [-109.41317297839508, 23.386959865292468], [-109.43221489328126, 23.376947808375697], [-109.42437337200256, 23.338221466795474], [-109.42538241046765, 23.304821114921207], [-109.43957103001026, 23.27355632443269], [-109.43733905037342, 23.239594666994535], [-109.4506273365836, 23.220249965406293], [-109.45541311091725, 23.20159079324817], [-109.48532592223044, 23.168595155625884], [-109.49496624406439, 23.150492016781335], [-109.5088300877534, 23.142468428383395], [-109.53615204020008, 23.109425123703843], [-109.5670316831553, 23.095332863563392], [-109.57647711702923, 23.084039586046114], [-109.60810690813678, 23.081331483980495], [-109.66883522172252, 23.06033073171866], [-109.70709645562722, 23.036468851079942], [-109.71544695974019, 23.02656066350994], [-109.71519928660196, 23.004679946443595], [-109.73345516858227, 22.98969785062314], [-109.75950602455619, 22.984691001533868], [-109.76387473214695, 22.978171526910312], [-109.7923706622785, 22.966202734625302], [-109.8075177705106, 22.949469616144416], [-109.8091016295551, 22.93364768374794], [-109.84236405595237, 22.90855840068857], [-109.84502967403445, 22.901614397072287], [-109.89012540762886, 22.896330701284995], [-109.90337714184221, 22.88840229145397], [-109.90541977414595, 22.881693053870254], [-109.91140635472968, 22.88572887510039], [-109.90998146844191, 22.878796826923367], [-109.89395530842901, 22.877001363076012], [-109.8993440029087, 22.87450105637958], [-109.96383295454869, 22.872180732023665], [-109.98162607897189, 22.87972654021065], [-110.01822146758968, 22.905654858238485], [-110.06112743278915, 22.94956156014007], [-110.10182413091965, 23.029119352435234], [-110.11318958222981, 23.096292284611827], [-110.1300940223754, 23.138927027697157], [-110.15345451029569, 23.229718917194077], [-110.15937352207185, 23.28672176013402], [-110.16816395795625, 23.317072884062338], [-110.21521618106974, 23.38280394912986], [-110.21502152216675, 23.39463560807235], [-110.22606473795753, 23.400608881855536], [-110.22419218553155, 23.403993414190126], [-110.23030931113492, 23.403440798084116], [-110.23442771889584, 23.42703686962945], [-110.26271989801988, 23.475415856208386], [-110.27682188160894, 23.489177852188288], [-110.30923002257006, 23.540244478869283], [-110.33673498223881, 23.5666891426822], [-110.3861269280135, 23.600017961961413], [-110.55163646809488, 23.670445012719448], [-110.61220233298195, 23.708148675239375], [-110.68325774275883, 23.768745586086688], [-110.8186016693322, 23.912567522096587], [-110.85295501138316, 23.943720460669688], [-110.87479494776387, 23.955786263068152], [-110.88939587648171, 23.97654445178185], [-110.95447871049939, 24.0353134812962], [-111.0067741873447, 24.07114830094761], [-111.00725245511798, 24.078321779432265], [-111.02209846892946, 24.093598378089663], [-111.11326003449408, 24.152681577964177], [-111.17332181610122, 24.182184117188296], [-111.24266468322277, 24.225832551238497], [-111.44132452538221, 24.325927806474528], [-111.5191167440215, 24.354916374569886], [-111.56548189895192, 24.36576088501989], [-111.60128571920981, 24.36823904663503], [-111.69512007750878, 24.350686598640518], [-111.70406482052286, 24.324698535747608], [-111.70989999996006, 24.320699999956876], [-111.71134693361313, 24.303282450139957], [-111.72529999956133, 24.327899999635438], [-111.74312486929526, 24.346008115741274], [-111.87618076951252, 24.4425417979617], [-111.9085999998212, 24.45730000020892], [-111.9207054579094, 24.470204858478393], [-111.9272800737642, 24.469110386406655], [-111.94729999998829, 24.489000000045113], [-111.99679999975815, 24.50719999981171], [-112.06010000041051, 24.541799999685523], [-112.08796713778402, 24.54789720226005], [-112.10207362848293, 24.55875932040293], [-112.1020296087599, 24.577694088573452], [-112.11643981214375, 24.602928122606368], [-112.130399999923, 24.616700000327015], [-112.14569999964455, 24.620899999749092], [-112.1575999996059, 24.6442999995843], [-112.17479999998895, 24.653300000173832], [-112.16674530088979, 24.67047689658069], [-112.16107006267237, 24.672986531763645], [-112.15080000014655, 24.666499999906453], [-112.14199999982256, 24.67139999977745], [-112.13529999979322, 24.70069999994932], [-112.14319999984723, 24.733299999918405], [-112.17490000038941, 24.76529999955808], [-112.21610000008198, 24.787300000193664], [-112.23810205612298, 24.78948167610994], [-112.2610773479857, 24.779444859913166], [-112.2594999999639, 24.75009999960568], [-112.27730000032001, 24.776599999468257], [-112.30263790772158, 24.791694076175858], [-112.30229999984796, 24.8091000001076], [-112.28829999976195, 24.814000000039368], [-112.27476039256457, 24.840163994284016], [-112.19865158094083, 25.034353600476074], [-112.15815566166889, 25.17072149126854], [-112.14024460413074, 25.254352247174396], [-112.13655755754442, 25.26334201438379], [-112.12824793625913, 25.26760191790168], [-112.12481486292322, 25.281860538458524], [-112.13712172420236, 25.297669234645895], [-112.12740581741515, 25.31437336122887], [-112.11770000002761, 25.350699999482032], [-112.10172974733413, 25.457649519120665], [-112.10509062989195, 25.48283047495804], [-112.09731813461262, 25.48888007734196], [-112.10287024158882, 25.516327599796075], [-112.09440199495914, 25.684287140218114], [-112.10744009115025, 25.78245997940622], [-112.12935820298024, 25.81556771619659], [-112.13785056445346, 25.8511568377815], [-112.1650815842308, 25.90677678977112], [-112.19220102401577, 25.987615899336625], [-112.23422145856351, 26.036682343518336], [-112.28054296613718, 26.062021229099198], [-112.2906571505297, 26.05548481892436], [-112.30806779183382, 26.07189001482947], [-112.31025931919972, 26.09785944234733], [-112.33963309687898, 26.17000684918364], [-112.38740219597915, 26.226894910718265], [-112.40737171495925, 26.24429832269375], [-112.45909922869569, 26.26243332606867], [-112.47643785080035, 26.254715252261587], [-112.47549558271024, 26.24358421779055], [-112.48075666213204, 26.23600822663208], [-112.49752027119986, 26.23150418329396], [-112.54055934670683, 26.261722814531538], [-112.57622743867725, 26.278397845451597], [-112.5926713551898, 26.294316198493547], [-112.61622578013728, 26.304299450537755], [-112.6349992407458, 26.32111201355249], [-112.65298407361878, 26.325369133793018], [-112.67991799310762, 26.315307186974565], [-112.69148013122127, 26.3363954297034], [-112.72112394232217, 26.365102955590803], [-112.80938180391914, 26.420653288959087], [-112.89429865002403, 26.488740026038414], [-112.97789306886068, 26.533621725178424], [-113.02778322605113, 26.568673895916238], [-113.08317994479441, 26.61869340186902], [-113.1252845878389, 26.63714598440811], [-113.13834392843282, 26.659764574403276], [-113.18799798650043, 26.68610959914126], [-113.26900875437494, 26.70362302525805], [-113.28325019462257, 26.753163459380907], [-113.33857621722139, 26.78668295339588], [-113.39577646335815, 26.80364721395187], [-113.46390831684721, 26.80832874083854], [-113.5091786718142, 26.791529757678003], [-113.52180343631208, 26.753189674627748], [-113.5488540935865, 26.738447741012585], [-113.54751044911188, 26.72024279895286], [-113.57092318088935, 26.71418026399692], [-113.57703795930558, 26.704701689443432], [-113.6071709742061, 26.713665151593677], [-113.63835783452258, 26.729668118206774], [-113.65776518818086, 26.756407745878978], [-113.68596227795479, 26.780856449528756], [-113.70457123386431, 26.791870446866774], [-113.71580641956955, 26.79034989322444], [-113.72633772688349, 26.801023267746732], [-113.73373992860303, 26.799463041317214], [-113.76228390874566, 26.876021052275156], [-113.78547321591017, 26.917341630335077], [-113.80817100979989, 26.940361894050188], [-113.85277559220995, 26.970382127083102], [-113.90045766020222, 26.989757584165126], [-113.9470085868436, 26.999439818368888], [-113.97411906408952, 26.994622816618488], [-113.98335732167055, 26.973365769698702], [-114.00253549300297, 26.97110191468755], [-114.0384118467769, 27.011842481663013], [-114.05212187435625, 27.020100148070018], [-114.06017667148461, 27.049698613496368], [-114.09020374068199, 27.086059580513822], [-114.14710026695347, 27.124126300496126], [-114.19494693782427, 27.14271285314778], [-114.25948880466579, 27.151686614833068], [-114.29045516927273, 27.143494171276043], [-114.29565209698488, 27.137754044938212], [-114.29669614201632, 27.122863035968315], [-114.2983131019566, 27.128838088158187], [-114.33351194551601, 27.15688517779054], [-114.36195340592894, 27.16323217698966], [-114.3847382255638, 27.180233774006844], [-114.3965776996232, 27.18197054835751], [-114.3985815972983, 27.17609348865785], [-114.41536719588363, 27.1688560776062], [-114.43100906068142, 27.174447842298722], [-114.43485645992246, 27.177500649264218], [-114.42723803287089, 27.194989477435836], [-114.43490237166588, 27.209766597806265], [-114.45628069624539, 27.220588768024435], [-114.47794126773584, 27.216328131442573], [-114.48800569763102, 27.228717352002217], [-114.48458665593093, 27.259952952251368], [-114.48858878392481, 27.350407009723508], [-114.50018646798647, 27.39376602745454], [-114.51348279487863, 27.417169679507857], [-114.56457413914022, 27.451045672502], [-114.57663747139492, 27.451987330392278], [-114.6010040408456, 27.478488678140483], [-114.6321937732827, 27.486927890269982], [-114.64395402483326, 27.496239929990512], [-114.68714749041368, 27.508397876808147], [-114.71447810722765, 27.52205944128606], [-114.73727996629034, 27.524176720751715], [-114.73969175997806, 27.53280166519338], [-114.76220890464768, 27.554957009581525], [-114.76477653038913, 27.57420751489049], [-114.7772311958065, 27.59909941667211], [-114.79608001516955, 27.617098618371433], [-114.81110409287189, 27.62678777517677], [-114.83072560070393, 27.631216009390275], [-114.84366940305055, 27.628193134166807], [-114.8475962132932, 27.617824158423634], [-114.86090340037283, 27.626939074909945], [-114.86273672959643, 27.638007515836907], [-114.87340882302567, 27.64324601769122], [-114.87153395008035, 27.64986823312889], [-114.93043799760433, 27.6759750381761], [-114.93819652059652, 27.70170958898235], [-114.95003898019161, 27.714166977204968], [-114.98949157225886, 27.728940360141213], [-114.9970640500794, 27.725350244328506], [-114.9983936569543, 27.717617411387224], [-115.0062744437333, 27.717713253206007], [-115.01392674297846, 27.735743267000085], [-115.02619367844753, 27.741015864616124], [-115.02437597481702, 27.749037347482655], [-115.03416639720226, 27.759731175086113], [-115.03152920879576, 27.77050603942447], [-115.04610508612785, 27.79517843700223], [-115.05199543077862, 27.819831962437114], [-115.08230321811497, 27.847396254440593], [-115.0551740688665, 27.8617941968528], [-115.0279002296025, 27.847627952783903], [-115.01647309641041, 27.83199907579522], [-115.00631187444722, 27.82835975850442], [-114.96922159133463, 27.825567545278393], [-114.92261005853912, 27.834180841812138], [-114.8815675053831, 27.827939783541176], [-114.86581029631655, 27.83020683722625], [-114.85312287461652, 27.826515718435108], [-114.83870772258015, 27.81009226785542], [-114.78724795636644, 27.81559656283785], [-114.7626846083771, 27.806039390976792], [-114.73752431317286, 27.80863785907457], [-114.71911761398508, 27.803481458248744], [-114.71863621662449, 27.795819403480184], [-114.70486204403205, 27.788831107798284], [-114.66861582769425, 27.78829850826236], [-114.6604511377353, 27.781307614446543], [-114.64230043149543, 27.781703226939637], [-114.63390564883055, 27.77606690209619], [-114.60532813143995, 27.773517997301994], [-114.56974162203772, 27.78326290877015], [-114.5332837919914, 27.786064818524245], [-114.49925695732621, 27.771971113182385], [-114.39000801988794, 27.821864000758204], [-114.37145414953578, 27.842988416313894], [-114.33438024711783, 27.86952962331672], [-114.31110068961115, 27.873671141635434], [-114.29482231255938, 27.86413342832084], [-114.26559478485521, 27.888391053840195], [-114.27441939352846, 27.897566998397814], [-114.27542834136457, 27.90694199063553], [-114.26528075557879, 27.942384997075525], [-114.19917884847371, 28.005858432452076], [-114.14170152442247, 28.079214990415217], [-114.130711337177, 28.085828077203416], [-114.06225424756364, 28.207617679298135], [-114.06081823398834, 28.214230035572562], [-114.07883871002869, 28.246624244236195], [-114.09113566912573, 28.247050725463122], [-114.10440791905356, 28.238865841220534], [-114.11535507595924, 28.242970829531735], [-114.11684304574952, 28.25175085325925], [-114.1249552108653, 28.25683615330087], [-114.06048307216733, 28.395881424595448], [-114.04551258619578, 28.4644363299044], [-114.06833749052745, 28.48671322735492], [-114.06934122932145, 28.515094010676997], [-114.08629783393992, 28.522995535748027], [-114.09667458006871, 28.54662912689082], [-114.12615937627785, 28.561977503348338], [-114.14926759307964, 28.559784874390097], [-114.16171064654591, 28.570360553101807], [-114.15477267197123, 28.61510740604779], [-114.16394878216413, 28.64055448905763], [-114.17415019518656, 28.65105401233769], [-114.18651946953618, 28.657836508196905], [-114.23316282022813, 28.666956558366955], [-114.24596411497714, 28.662506921789863], [-114.24553673178265, 28.652973122237512], [-114.25898172776779, 28.663960602469665], [-114.2701879230904, 28.660103904497372], [-114.26970966442866, 28.689620246161155], [-114.28397315384186, 28.705989200937662], [-114.30203854984678, 28.706047175467734], [-114.30732169297642, 28.720124091153387], [-114.31609664596677, 28.727001721058805], [-114.34705201815973, 28.730806676916366], [-114.34259099441205, 28.75536284322281], [-114.350776332345, 28.761701315912035], [-114.34862042258581, 28.772312073259545], [-114.35963924737003, 28.780393079171414], [-114.36129567327129, 28.798153338583386], [-114.3722051769575, 28.811891134717772], [-114.37865673411571, 28.81448278164936], [-114.38609139846655, 28.806625538073362], [-114.39725496576857, 28.81778743510431], [-114.39739366860672, 28.83276438739443], [-114.40431443536427, 28.83587005535711], [-114.40468991116899, 28.859443434958596], [-114.41412889717976, 28.8764746280287], [-114.42684437322444, 28.884085890802446], [-114.43732203419157, 28.875888589791657], [-114.44901738562224, 28.90690220896289], [-114.4613168930484, 28.90793284744106], [-114.48831494598136, 28.93296635054404], [-114.52609044783514, 28.93224127537713], [-114.53166363431068, 28.91884246647578], [-114.54480985860438, 28.934260977091988], [-114.54828595597407, 28.957307170170655], [-114.56219006560795, 28.971272854413137], [-114.5731052369045, 28.976276423164638], [-114.58407035146163, 28.971470130608502], [-114.58177510315308, 28.966092665762844], [-114.59218053093139, 28.9704191356629], [-114.60113738851501, 28.98638244084644], [-114.59915626086445, 29.000654602984714], [-114.6044581319765, 29.001772343767286], [-114.59959204638318, 29.00775150524481], [-114.60641429874893, 29.021005755303076], [-114.60820458737106, 29.059036150900397], [-114.61850497638696, 29.06329664653693], [-114.6269555950937, 29.08990129238689], [-114.63610710803017, 29.09796055885863], [-114.6541312335782, 29.097753313301013], [-114.67439661184571, 29.11292474499603], [-114.6965498510861, 29.110393854079913], [-114.70319245865868, 29.101406881422555], [-114.71029551600735, 29.111763272394434], [-114.71594796468189, 29.11033487257994], [-114.72564501744549, 29.136377876392178], [-114.73673928164072, 29.139005067250167], [-114.73474517802488, 29.15858757935417], [-114.74344662809128, 29.181842224143598], [-114.75756477535236, 29.183983922561396], [-114.77063008380931, 29.197693336289515], [-114.78549825752401, 29.197032767458815], [-114.7969026956357, 29.21143776835687], [-114.80551384655837, 29.209296302711575], [-114.81303077180146, 29.21424348487244], [-114.82315604868752, 29.236477730255405], [-114.83285599515543, 29.241778017713273], [-114.8374242496188, 29.236958620245286], [-114.86362020313194, 29.275850107879936], [-114.91087784512987, 29.31436267983608], [-114.96701124194097, 29.375137834202718], [-114.98324500183728, 29.382620181666248], [-115.01179618941563, 29.385437034284365], [-115.07253901022798, 29.41661388611765], [-115.15374872372666, 29.42069411603898], [-115.17916379044311, 29.431578428851406], [-115.18857571229415, 29.427837461802607], [-115.21129389047486, 29.472355678375443], [-115.2502798357448, 29.514407738948456], [-115.26557397743278, 29.518928460697854], [-115.29961620808233, 29.541213175841698], [-115.31408985712851, 29.54234140088532], [-115.3414521966131, 29.556207027042483], [-115.37853769350643, 29.558362239197276], [-115.392722385115, 29.57418020420355], [-115.40730872947027, 29.578050306235244], [-115.41474089565494, 29.59247566685893], [-115.45712565920373, 29.624908332531323], [-115.47838015903811, 29.62682428137812], [-115.49309250825287, 29.61680026597353], [-115.50538687419618, 29.616956858904015], [-115.56347735054645, 29.66359228940802], [-115.58457529185101, 29.692181288958686], [-115.60195600833194, 29.698185857790964], [-115.61967816041403, 29.69533377835154], [-115.67875210933157, 29.74397588133866], [-115.69987760986943, 29.75520345888763], [-115.68455060788588, 29.826465564918202], [-115.70197249806726, 29.900309202197572], [-115.74285074904601, 29.947961331322112], [-115.78809090885281, 29.959442006438188], [-115.80394938740393, 29.958305836289338], [-115.8126990005145, 29.94945805229834], [-115.78127497052789, 30.090944597306724], [-115.79012052967704, 30.11103988574258], [-115.78803644671167, 30.117110199120617], [-115.80184340120543, 30.132968954431835], [-115.79487105910613, 30.19472757878736], [-115.79539235892439, 30.241406148535575], [-115.81181172537603, 30.300513236546468], [-115.84955522576497, 30.35773589349507], [-115.91686377115222, 30.400747687610934], [-115.94742245640423, 30.40427715865021], [-115.97745695733853, 30.394728913168326], [-115.99163808713863, 30.38204275734732], [-115.97995285324109, 30.36522485069151], [-115.98247770362352, 30.359676035098467], [-116.0006881226741, 30.359943398868346], [-116.0068329383196, 30.366120703175994], [-116.00508723729772, 30.392054567609698], [-116.01311044265587, 30.421731667577674], [-116.01846483114608, 30.431928753822888], [-116.03112759565855, 30.43644446175016], [-116.03570097127687, 30.458659891824286], [-116.04723544667553, 30.47049732749321], [-116.04822412542589, 30.49225867342107], [-116.03251096479218, 30.56459727553007], [-116.02664255916102, 30.647563633136365], [-116.03268677513461, 30.698631080169644], [-116.04669261218167, 30.718631619172815], [-116.04993851983765, 30.773011367329904], [-116.05747904851688, 30.795717437750792], [-116.07404829703182, 30.816563766162897], [-116.10636728764152, 30.82353245903193], [-116.14846850306569, 30.859141033150586], [-116.17359222736378, 30.861449465836422], [-116.20064440382244, 30.882373775457214], [-116.2153541310658, 30.91401414004269], [-116.23293361336704, 30.931453451252338], [-116.24545807152087, 30.933428567611568], [-116.26991279183272, 30.96706858094882], [-116.2848136283621, 30.96970554683742], [-116.31967804576122, 30.955957426494077], [-116.3283672930262, 30.958617759555498], [-116.33629482015634, 30.969186396967675], [-116.33839396491774, 30.985472669788216], [-116.31186273374722, 31.102524214183944], [-116.30905955473035, 31.150730033261286], [-116.33498785716314, 31.191224851022426], [-116.34038402063557, 31.208681970619953], [-116.35253739636303, 31.213783000984225], [-116.35460439473879, 31.230853439664745], [-116.36412011313718, 31.24855882902916], [-116.38446091084518, 31.266990336141014], [-116.39245814107147, 31.283798039654766], [-116.4164705753075, 31.292811122927855], [-116.41694834279774, 31.30270422888567], [-116.43278373764859, 31.312443455390707], [-116.44000382416387, 31.325120610057716], [-116.4444863992927, 31.323091212474857], [-116.44918887636284, 31.331114265673495], [-116.45673596806847, 31.33095302582503], [-116.45296951721467, 31.33426082991363], [-116.45583958236284, 31.34701168668588], [-116.4637370653162, 31.34807552817647], [-116.46877534582046, 31.360617912908943], [-116.48716818471422, 31.36987482384705], [-116.48675995337047, 31.37998414724504], [-116.50063404601156, 31.410756820310283], [-116.51223581522508, 31.415075268758063], [-116.52184573913684, 31.4346897860465], [-116.54799299943473, 31.44674551665452], [-116.57092651984398, 31.465117027789148], [-116.601939764069, 31.46302428943734], [-116.60871447450393, 31.49735098262649], [-116.63541971941625, 31.51787509311829], [-116.64845938516989, 31.51606379245152], [-116.64681240778613, 31.519489269983275], [-116.66019991524293, 31.528861290077323], [-116.66890002642603, 31.552526569316104], [-116.69108305895438, 31.554211815373147], [-116.68717818529944, 31.55523024719142], [-116.6920804055264, 31.571367800062262], [-116.65170555836079, 31.581973323453216], [-116.65467729412792, 31.594072710237505], [-116.66394811529987, 31.60008387884962], [-116.66761885238877, 31.617854672311168], [-116.65422257801482, 31.642327497122547], [-116.6499310195271, 31.66453939506408], [-116.6798875047752, 31.696560704635647], [-116.67764077973776, 31.69969054847001], [-116.69167459325769, 31.703870641089264], [-116.68817664099464, 31.706926658584553], [-116.6965719913657, 31.716217417703998], [-116.71398064910429, 31.713860522325984], [-116.71495009665061, 31.725206083939213], [-116.72428550070507, 31.722700806234883], [-116.72691097188432, 31.733804455748107], [-116.74456107745796, 31.743373670960327], [-116.74068168205297, 31.74962540157127], [-116.72490353862835, 31.748171152002293], [-116.68155853765678, 31.728682824209045], [-116.67011790692514, 31.718362347239644], [-116.64926449460346, 31.727488769915958], [-116.62558295089451, 31.772319588356343], [-116.6154733549937, 31.775584954659475], [-116.61975692219093, 31.782716034672315], [-116.60927776371061, 31.821817757623652], [-116.61290649287963, 31.841134677328466], [-116.61808829640943, 31.845143850639996], [-116.62127277500916, 31.841211575336335], [-116.62107781569341, 31.845950014030382], [-116.61614411350806, 31.846180935605], [-116.62088650007443, 31.8563276252594], [-116.62517739938193, 31.85415790090653], [-116.62078060484484, 31.858686551877042], [-116.62925562346011, 31.861117513991637], [-116.63347568956499, 31.855206261733606], [-116.62553986596063, 31.843882137675184], [-116.64014440199082, 31.860214268630546], [-116.66874349712117, 31.861603174864968], [-116.69943027424091, 31.894976655619754], [-116.7057546160519, 31.894039045353676], [-116.70249231823506, 31.890877280263265], [-116.7209145749135, 31.90257415315872], [-116.74653995172923, 31.902481670702873], [-116.75612419055184, 31.91362688137473], [-116.75697233220781, 31.948280060553646], [-116.76910374956206, 31.971272776645105], [-116.8001641287838, 31.98237628509596], [-116.82403823948566, 31.977461843435844], [-116.8411747609923, 31.98663537249888], [-116.85172092730475, 31.98627967660389], [-116.8802518449569, 32.01866780348081], [-116.88682130529975, 32.03452634116726], [-116.88147859954832, 32.06195957375944], [-116.88659255783381, 32.123350138166295], [-116.89591090590837, 32.152719968293134], [-116.90780977737414, 32.1651755805574], [-116.92267851728461, 32.22653084318512], [-116.93659256364172, 32.242659239384025], [-116.95682898390217, 32.252061330237076], [-117.01136919120636, 32.26888473407533], [-117.02439258487561, 32.26871231328251], [-117.03926067482172, 32.28564108063982], [-117.05103903976168, 32.32299687262191], [-117.07576226392362, 32.36844401291708], [-117.0712091977577, 32.37012239947763], [-117.07671392276178, 32.36824120320717], [-117.10172731652663, 32.43898600217915], [-117.11979510793863, 32.46823957741098], [-117.12418592773896, 32.48647619620718], [-117.12366643187094, 32.53390149828733], [-115.88141069366785, 32.63591831132337], [-114.71971806674831, 32.71865357526253], [-114.76464378097245, 32.643168015661395], [-114.781425537721, 32.63255712558202], [-114.7854347303156, 32.62236991252707], [-114.80221933189043, 32.625280474473904], [-114.80791706604947, 32.620353602557365], [-114.80131721522355, 32.58835033401933], [-114.81225207790028, 32.562233463981784], [-114.7918134460987, 32.557846297505165], [-114.80431913368679, 32.544333658301895], [-114.80321282211877, 32.53000418980493], [-114.81055751447154, 32.521847899638104], [-114.80780844453233, 32.51031081631303], [-114.81357276428096, 32.49391316192643], [-112.53722772607873, 31.794279742102137], [-111.07500200967242, 31.332569459232584], [-108.20847317567167, 31.333363342048003], [-108.20837345654212, 31.78375400784574], [-106.52852327287675, 31.783817452420628], [-106.50998782394772, 31.761486171318538], [-106.48754551329807, 31.747716853937025], [-106.47319586121645, 31.750479115868785], [-106.46631261722428, 31.759885810086356], [-106.45092841686743, 31.764368320185653], [-106.38126846422952, 31.732335044887215], [-106.37206813756242, 31.712596589075236], [-106.35021239369867, 31.6974947666205], [-106.33397383635358, 31.66282579730687], [-106.30316611421308, 31.622314673959472], [-106.30251331528142, 31.610818583706063], [-106.2804064256665, 31.562291993133552], [-106.24718883515821, 31.542805823095943], [-106.23634184454245, 31.513188553562422], [-106.22384369223262, 31.500111981161005], [-106.21959714112045, 31.481547518477928], [-106.2081308666088, 31.467581909159993], [-106.17458009010986, 31.455242866449467], [-106.15855504171633, 31.43849972408572], [-106.13241814949858, 31.42518306358134], [-106.10831639055044, 31.422625816774428], [-106.08019656276586, 31.398602790683977], [-106.00478206723555, 31.392655008862565], [-105.97145273558755, 31.366610038730226], [-105.95351087645699, 31.36409433367403], [-105.94527510206582, 31.35209529975372], [-105.94785639238228, 31.34050700131643], [-105.93782773841583, 31.318239914619706], [-105.93171557727518, 31.31281761537373], [-105.90773882524884, 31.31236910034163], [-105.8932901515571, 31.290383665195307], [-105.87033130833004, 31.289715836627103], [-105.79488870410607, 31.203073898002636], [-105.78327493783544, 31.19815103072756], [-105.77257749980441, 31.166208190710574], [-105.74189889852576, 31.164707740490297], [-105.70932351226467, 31.13628986878492], [-105.64828285344595, 31.115390536168356], [-105.64233101575249, 31.098497552416493], [-105.62704019966256, 31.09820043146037], [-105.60414224991004, 31.083268055083526], [-105.59563773735754, 31.06466052261032], [-105.58501797212965, 31.055896580516052], [-105.57893772357656, 31.02124359872718], [-105.56966716746997, 31.017004408729235], [-105.57039516089235, 31.008699451548654], [-105.55758604005675, 30.99004962963356], [-105.53295613447527, 30.984637922247643], [-105.51633053972594, 30.96546436260844], [-105.50284879306801, 30.968009820506122], [-105.49458301800944, 30.957562484211778], [-105.49929622996797, 30.95078670432347], [-105.48987717525574, 30.945675637753865], [-105.49152522356799, 30.942302946692248], [-105.47110068836668, 30.933687346961076], [-105.46719318830391, 30.924791325055395], [-105.45186062776818, 30.924409067105653], [-105.45318023237677, 30.916154894266032], [-105.44713746637242, 30.919360752373915], [-105.4415663804278, 30.90840695837434], [-105.41620698895935, 30.9002854824972], [-105.41237190868378, 30.888871383114708], [-105.4000952610947, 30.889383432113902], [-105.40447091070686, 30.8801500964934], [-105.39166278591365, 30.874232189326], [-105.39499447012606, 30.858791977919903], [-105.40118646251976, 30.8531879944048], [-105.36901711702733, 30.847383503287855], [-105.36185944463007, 30.8506081280254], [-105.35194183455745, 30.835578493346304], [-105.33910391472135, 30.840256421984567], [-105.33709949128703, 30.833645100149123], [-105.32816971931679, 30.831068495058847], [-105.3295823205259, 30.825501350359126], [-105.31863362102035, 30.828303435443797], [-105.3165076392078, 30.81087883186418], [-105.30975998531149, 30.81693468263307], [-105.30615910686221, 30.80975236862037], [-105.300976583069, 30.8239507497738], [-105.29116160107239, 30.825827840193618], [-105.27581338823839, 30.807122178688587], [-105.2674089626711, 30.80857867449655], [-105.25636495013114, 30.794423296188647], [-105.23756519143937, 30.80351301569939], [-105.22739932333134, 30.799260393284534], [-105.2155524817471, 30.80589946958914], [-105.21071096322741, 30.798621362016654], [-105.220053507921, 30.78864635371473], [-105.21682036501109, 30.78354343882559], [-105.2085591812174, 30.782674087739004], [-105.19555956119409, 30.792254207326497], [-105.17554989600205, 30.76757963515839], [-105.16591493754639, 30.779538870833477], [-105.16358271892516, 30.77117693264964], [-105.15623718115083, 30.769445037437134], [-105.16168874177076, 30.752417077511858], [-105.14279697607104, 30.75462521063518], [-105.12673835363341, 30.747608472036053], [-105.11858777272299, 30.749594793614285], [-105.12083863695267, 30.744176070555767], [-105.11113714502889, 30.74332783435038], [-105.11203264357991, 30.73341318821588], [-105.1034327873106, 30.72882947503431], [-105.10561207259674, 30.72366633517057], [-105.0805815568844, 30.707926243851166], [-105.08258344157333, 30.701388570925413], [-105.06889604421387, 30.703487740484057], [-105.06269417215283, 30.698176607349904], [-105.06193670987862, 30.68582211645935], [-105.05725412775767, 30.6877473949331], [-105.04689916995858, 30.679866589411613], [-105.04711686486955, 30.68816672976101], [-105.03954455726878, 30.688529392432336], [-105.02724459359108, 30.67885099186738], [-105.00690286638607, 30.685779691446566], [-105.0014141786908, 30.672613599161455], [-104.98539368073247, 30.661763301716018], [-104.98418061383747, 30.63516470698678], [-104.97167664070264, 30.610004063052926], [-104.95891314277253, 30.610297236495445], [-104.9442145395268, 30.602924880367073], [-104.93570233929154, 30.606113245696676], [-104.93050634400078, 30.598453414258717], [-104.92697918681422, 30.60455861269664], [-104.9223605790999, 30.603532009156673], [-104.91981513495564, 30.586883485157514], [-104.90976946641702, 30.584930374884724], [-104.89915782133275, 30.57051044373955], [-104.89774325883728, 30.55410168357643], [-104.88764446415722, 30.546622668427304], [-104.88918500295307, 30.534971919752156], [-104.88029209602041, 30.52984625946496], [-104.88568427247415, 30.518076134856667], [-104.87913446524219, 30.517449090982737], [-104.87659785241776, 30.51065286873608], [-104.87329432286134, 30.513597229387546], [-104.87389992859805, 30.49540723919283], [-104.86648744552478, 30.494033426451715], [-104.8718482286962, 30.480033883935047], [-104.86594033088424, 30.467802399249784], [-104.86824252614848, 30.44202745556189], [-104.8582926510599, 30.43735372352041], [-104.86147604120707, 30.426441297897792], [-104.8521879781266, 30.418945668930558], [-104.8478358285378, 30.420680243883687], [-104.84795656125797, 30.41391572050992], [-104.85740520865718, 30.408282211631064], [-104.85429415636514, 30.400405403300912], [-104.85916217084979, 30.390401068441612], [-104.83728078376413, 30.373873698958242], [-104.81656713024984, 30.375116592487544], [-104.81936908433744, 30.367964549230393], [-104.81153420686249, 30.36668346941501], [-104.81109877491565, 30.36165931982637], [-104.82213338320028, 30.34993849158676], [-104.80997755699264, 30.34109026856512], [-104.81128244812969, 30.332653065439292], [-104.79180448687413, 30.325830984829103], [-104.77707317896642, 30.310273391481317], [-104.77903816499389, 30.30331343725476], [-104.7653302966341, 30.306116613102724], [-104.75808829090201, 30.282682429462575], [-104.76318688298676, 30.274582996622065], [-104.74808607459131, 30.274195788888438], [-104.75024015110677, 30.261692720172498], [-104.7369811386112, 30.255942215240644], [-104.73714436022145, 30.261484386854615], [-104.73332777291998, 30.26112293492738], [-104.70619483727344, 30.23413143232755], [-104.71102897233175, 30.22319957399041], [-104.6862571989537, 30.172919750283526], [-104.68989085522192, 30.149227321033255], [-104.68537120223505, 30.144270697694022], [-104.69645022961069, 30.13467546767752], [-104.69535541088928, 30.118341806145313], [-104.68545329016227, 30.107700615325857], [-104.69107651507993, 30.108614178138993], [-104.69431474996468, 30.101679023446753], [-104.68901210752831, 30.09524228838211], [-104.68498778477102, 30.099263393221293], [-104.6899530649018, 30.088613998293514], [-104.68508607376171, 30.085396734091038], [-104.69070136676592, 30.077590779677273], [-104.68829336188587, 30.073620138153405], [-104.6934275259334, 30.073570240031206], [-104.69085806715161, 30.070492843639457], [-104.70371466032454, 30.064303718516605], [-104.70659307994994, 30.050576087978342], [-104.69510100929821, 30.03782136419225], [-104.70077183127934, 30.035749587592083], [-104.70329929212905, 30.02265676851643], [-104.68984331929364, 30.014955996189364], [-104.69404658339005, 30.002778988076024], [-104.68719055476541, 29.99613935172929], [-104.69492715751345, 29.992557636391684], [-104.6856131047813, 29.99025647303156], [-104.69348702845151, 29.97583339069228], [-104.68102966582602, 29.97759381937876], [-104.68500558119295, 29.956601039584307], [-104.67347556052694, 29.95601099789323], [-104.68044245405522, 29.9468310664915], [-104.67814205455088, 29.93922964498562], [-104.68191967476511, 29.94015521179125], [-104.67924172031672, 29.932411862995707], [-104.68294990761764, 29.929174549617098], [-104.67694871910261, 29.91307489790546], [-104.66563119545312, 29.909417852624244], [-104.66553122531937, 29.90161170102518], [-104.65565867303603, 29.905996558779034], [-104.65802561578444, 29.89046562942106], [-104.65071000263626, 29.891344939424673], [-104.64580076957324, 29.878291190706836], [-104.63293446760949, 29.87000743776931], [-104.62993854967696, 29.853552651379957], [-104.62164050566042, 29.84956204460296], [-104.62371485804442, 29.84243759644017], [-104.61565935438468, 29.846434716022006], [-104.6094033348091, 29.839437411221745], [-104.62035896019543, 29.830962197610337], [-104.60857772904905, 29.82782827175027], [-104.60998676944848, 29.81896855185836], [-104.60096019802192, 29.81585539620546], [-104.59381631258447, 29.80506140458778], [-104.5911536223931, 29.809458408489167], [-104.58601033164727, 29.802035535215463], [-104.58979692398884, 29.796060797831714], [-104.58127137487317, 29.794594998837514], [-104.57872783874339, 29.782589609836826], [-104.5653465409358, 29.7701349182075], [-104.56833712503236, 29.76628885192983], [-104.56394106257798, 29.761514852580067], [-104.56970989296235, 29.752467386325804], [-104.54971498051798, 29.74140013934891], [-104.56043803153428, 29.73607879856888], [-104.54950331422305, 29.731032941938036], [-104.55236583141937, 29.71733808532431], [-104.54497264104869, 29.716530244488045], [-104.54573199126662, 29.699121077128037], [-104.53084320210833, 29.690498302054323], [-104.5441599509638, 29.68070421372778], [-104.535649660237, 29.67348947561113], [-104.53617488349182, 29.66725219184935], [-104.52616992872437, 29.667978310639775], [-104.51722013035922, 29.64736442702364], [-104.50999008486792, 29.644483654439217], [-104.51586034754796, 29.641007556478083], [-104.50833439349047, 29.632651277507442], [-104.49807445777888, 29.63960945754958], [-104.48585658455272, 29.628694483366143], [-104.47635074823314, 29.628329727625918], [-104.4740037117277, 29.618644411563732], [-104.46557581584334, 29.618314018778875], [-104.46666275176537, 29.609695965761293], [-104.45634960932173, 29.608461149984933], [-104.39898176225392, 29.57300449469441], [-104.39321491112105, 29.553509711687386], [-104.38421046528187, 29.553862215103628], [-104.38492331563351, 29.542991464721506], [-104.37334911229375, 29.544145899501235], [-104.36022349545424, 29.53586269837613], [-104.35615363873588, 29.541194760499067], [-104.35313700678911, 29.528669180226192], [-104.33980930359118, 29.52722853426757], [-104.33538326629518, 29.519795692033917], [-104.3217774560256, 29.522278579650578], [-104.3185443332934, 29.53174494395707], [-104.31340838214477, 29.531758546652352], [-104.31109364733959, 29.523633387450214], [-104.29512907413586, 29.523875068060487], [-104.26364446811027, 29.51415843703707], [-104.260306518307, 29.506669752292737], [-104.23682121971883, 29.49714557408068], [-104.23075043591311, 29.479118158362937], [-104.21288222200131, 29.48508883252234], [-104.20881519562799, 29.480674312803007], [-104.21750684914626, 29.45611855578597], [-104.18221200587504, 29.427218012626643], [-104.1803545540367, 29.41284775687804], [-104.16778847558814, 29.402879092835068], [-104.16792935961827, 29.395514847445163], [-104.15338308553811, 29.39325991401356], [-104.15055122373941, 29.386955881052753], [-104.1445081671809, 29.38776143568475], [-104.1429917014303, 29.380578669949838], [-104.13611763331886, 29.38481397237071], [-104.12421599288444, 29.381198371697593], [-104.11951013158134, 29.37072958967578], [-104.10781322749321, 29.373574687689008], [-104.08307910801983, 29.346582708991395], [-104.05593935899564, 29.336880864318957], [-104.05443847416082, 29.329979177776227], [-104.03789388794081, 29.31990517028702], [-103.97619893793818, 29.296729456062465], [-103.96802558904025, 29.299889273225304], [-103.92573990236204, 29.2943246881222], [-103.91799104864323, 29.284940281215594], [-103.8995354447956, 29.28773252823349], [-103.88947644125162, 29.279415693646158], [-103.87940020909743, 29.285514310752106], [-103.84439694622453, 29.280005074695275], [-103.82671720562341, 29.26977139389173], [-103.81403845066161, 29.2745148075946], [-103.80077682182927, 29.259299930924552], [-103.7833246573066, 29.26551886935707], [-103.77555253434697, 29.249566162337484], [-103.78147482395288, 29.240523664721756], [-103.77730274495877, 29.221933784850922], [-103.76957004984143, 29.221265732657542], [-103.76038022149045, 29.233457176182846], [-103.75427192899946, 29.227733278069564], [-103.7558763649047, 29.22004490077001], [-103.74264713022839, 29.222296645181313], [-103.73977270092556, 29.20540470362544], [-103.71827848247626, 29.181147507009147], [-103.70365916323297, 29.18487241564082], [-103.69833396102243, 29.177607141507288], [-103.65922656264739, 29.17059040941427], [-103.65014596217071, 29.156693950929633], [-103.61221386944533, 29.165298530832363], [-103.5935041380496, 29.15030917112393], [-103.5850178473168, 29.149669150256624], [-103.55407247290249, 29.158516036722745], [-103.55020584059734, 29.143856446269364], [-103.53916907528361, 29.144755637845705], [-103.5247735496512, 29.137272205435888], [-103.52485365703058, 29.12133427816701], [-103.50182138646993, 29.11790516161577], [-103.50471108095239, 29.107926054468557], [-103.49434900400465, 29.10847176194098], [-103.47070830601352, 29.085124131938077], [-103.4716925155256, 29.066792465970245], [-103.4500125381351, 29.072669531182253], [-103.44590425170145, 29.06120327830887], [-103.43442223470674, 29.057320162298254], [-103.43000504568826, 29.048719969958764], [-103.43281713768575, 29.04363165246636], [-103.40499508399431, 29.03950657790256], [-103.40164860476017, 29.03128671531923], [-103.39092867347559, 29.034643818479807], [-103.3863269865023, 29.022092248266016], [-103.35960405340106, 29.018786099301902], [-103.3511449727285, 29.028051654653098], [-103.34591139310699, 29.04671248536039], [-103.33057607926884, 29.043150425407656], [-103.32779333362367, 29.032602657601203], [-103.34199565154907, 29.028380500868536], [-103.33998090468604, 29.02176464273], [-103.32735533135569, 29.016069177394368], [-103.31462339357148, 29.026045558844757], [-103.30788972235906, 29.0249655184054], [-103.31527433805938, 29.008989494930997], [-103.28639867034333, 29.000553423391857], [-103.28167260563042, 28.988541832123797], [-103.2884760300569, 28.98118289940857], [-103.28610206115931, 28.976665615882155], [-103.27967368981868, 28.97592413414457], [-103.26734155273118, 28.996003684888425], [-103.25052161061629, 28.98026016246575], [-103.23741658874246, 28.98179788045037], [-103.22799637000958, 28.991712940531905], [-103.2203711362471, 28.983481474788146], [-103.20252044909238, 28.987104554751607], [-103.17672153838988, 28.977838208864753], [-103.17062058857461, 28.980341583865055], [-103.16386572730808, 28.972046462672715], [-103.15384473571928, 28.971475758181317], [-103.13537954014403, 28.983513972669048], [-103.11609897135213, 28.984184081733247], [-103.11746254824955, 29.00014911607505], [-103.09797375810096, 29.026756743573912], [-103.10665147426397, 29.03836497555503], [-103.10070966086968, 29.060330879690465], [-103.09244125198725, 29.064457040046637], [-103.09063613485515, 29.05395573272619], [-103.08587402090221, 29.0538127402789], [-103.08748714837884, 29.067334113021282], [-103.07699515983853, 29.075617456512788], [-103.08033105185926, 29.087119736711166], [-103.07597214824176, 29.091421417659472], [-103.06424486127655, 29.09126029792985], [-103.05470106691915, 29.100724495117483], [-103.04497896005624, 29.095258407843964], [-103.03379726929427, 29.10120396333321], [-103.03714459109848, 29.113811855393955], [-103.02817852034639, 29.11552904935293], [-103.02016380654257, 29.125756117035685], [-103.01354816600166, 29.125064046751387], [-103.01568917785168, 29.134446571391404], [-103.00880781192147, 29.13754550267759], [-103.00817899397, 29.148249283530735], [-102.99612641416019, 29.160620909098284], [-102.99527409144716, 29.179643819533382], [-102.97557692178786, 29.186284398623663], [-102.95081937215626, 29.17352864734277], [-102.94318534321259, 29.191595750327416], [-102.93799123264706, 29.188199991741918], [-102.93251170273108, 29.194729812506427], [-102.91789497311154, 29.190837391661713], [-102.91231167122136, 29.219433690742783], [-102.89436994724547, 29.208572870370816], [-102.8677893590046, 29.22312188000248], [-102.871509297157, 29.241599613115817], [-102.88782532611178, 29.245787626279245], [-102.9063069064842, 29.25931906159909], [-102.89918126276595, 29.269209731488736], [-102.9031862656635, 29.279109280575728], [-102.88817559886436, 29.29269192565263], [-102.89311803003964, 29.30785684970717], [-102.88723493948837, 29.31146554939198], [-102.88113787485173, 29.3336170124118], [-102.88398172789522, 29.347980503809374], [-102.87701450869358, 29.35484952117096], [-102.86142221191481, 29.351289360990776], [-102.8392197688886, 29.35889534666887], [-102.84529408042148, 29.364908363407217], [-102.84493677515736, 29.37430828137674], [-102.83400543546787, 29.378753105867126], [-102.82540216272118, 29.39692784680577], [-102.81238970122998, 29.4002683307323], [-102.82562763256333, 29.40234750274397], [-102.83322282837803, 29.41019669907183], [-102.82695707598027, 29.41729514939833], [-102.830742310503, 29.44426945491332], [-102.81936966117594, 29.450775015037596], [-102.82537701615108, 29.457938134010064], [-102.81420311708973, 29.471464507466962], [-102.81459123104946, 29.48248025070339], [-102.80066719186216, 29.486142288884746], [-102.80726181257755, 29.494232112268605], [-102.80832074396005, 29.52264024668163], [-102.79214521916626, 29.532722843551763], [-102.79086991264538, 29.54321198398866], [-102.78038040815969, 29.54235668370892], [-102.77104981089012, 29.5484001631885], [-102.77773931090333, 29.560693362650767], [-102.77398693569786, 29.573191756902876], [-102.76627612345314, 29.572056315783716], [-102.76212652072809, 29.579538725675768], [-102.76841658983577, 29.59494478211242], [-102.76016102507337, 29.59851490428266], [-102.74591017819961, 29.592584933581197], [-102.74020133245891, 29.59789947818247], [-102.74102143167596, 29.635863730421384], [-102.73739800533363, 29.641901077708113], [-102.7257222074823, 29.643261104993297], [-102.72568405321053, 29.651303210020053], [-102.69330813559358, 29.67672402348277], [-102.69942696540267, 29.685464184778713], [-102.69862258396378, 29.697349157804855], [-102.68891393352331, 29.70513531177133], [-102.69103144183836, 29.72200555888342], [-102.6814893277141, 29.728269689152672], [-102.67445116070526, 29.744382079648652], [-102.66830318083896, 29.745905464240387], [-102.66696273643343, 29.738995032090045], [-102.65959971767433, 29.735470912244203], [-102.63028161824126, 29.7340394991408], [-102.6124080596666, 29.748216110109244], [-102.58898358430953, 29.749009308275962], [-102.57403569766188, 29.75501950293407], [-102.57506723894899, 29.766166612949977], [-102.5695670095135, 29.7717444036837], [-102.54804935226538, 29.744603073762022], [-102.51367138657197, 29.76573815123644], [-102.51078526364775, 29.773582417618925], [-102.51869589791752, 29.778824347565582], [-102.51777819951815, 29.783939914633134], [-102.49914500025598, 29.781149720069532], [-102.48724836127928, 29.786928667045668], [-102.48079260078187, 29.776214286010454], [-102.47234281817812, 29.77639064661373], [-102.46624264462815, 29.783777794952776], [-102.45836299436739, 29.774997069219395], [-102.43420830597245, 29.777136833716664], [-102.40928188500637, 29.764709033658214], [-102.39447939340509, 29.769274156059193], [-102.38757609857345, 29.761508839188], [-102.38505247711463, 29.771134424859245], [-102.39027477651202, 29.782389171561565], [-102.37721407872047, 29.79008756896143], [-102.37755936260746, 29.80047407731651], [-102.36311068889673, 29.83140275592734], [-102.36490739134295, 29.845547206094707], [-102.3521526418732, 29.85290277503193], [-102.35001913339389, 29.862707256187413], [-102.34150541291315, 29.869394412734458], [-102.33375515459741, 29.86824695379705], [-102.33212949067848, 29.86289973214901], [-102.3236799642955, 29.864026514423134], [-102.32480454741902, 29.87347220455906], [-102.3163484802593, 29.880013853010063], [-102.28710804870065, 29.87132808825145], [-102.28123958931933, 29.86292728892028], [-102.26509926276593, 29.867701774656005], [-102.26033922334656, 29.85312301287659], [-102.25274732352193, 29.853483924523005], [-102.24643821296671, 29.864225804688886], [-102.24459738437747, 29.848773487103937], [-102.23179253811874, 29.848330978917748], [-102.22323014338531, 29.840539220145605], [-102.20983660063705, 29.84446597377113], [-102.19626292926216, 29.83625835928542], [-102.18702746126111, 29.848772994317713], [-102.1785360756659, 29.84008509758671], [-102.17955255527228, 29.82606366141794], [-102.16700253287644, 29.825943122798396], [-102.143576109874, 29.803579622748376], [-102.1290598163026, 29.798579249217624], [-102.11940333758696, 29.802641432552168], [-102.11526904865237, 29.792420716887147], [-102.08365163062366, 29.79528794591483], [-102.07221610406735, 29.78661611801922], [-102.04912109126325, 29.785463020115078], [-102.03813758161665, 29.791917262942537], [-102.04083272030414, 29.799344704210505], [-102.03545008587353, 29.80424786877438], [-102.01457130530737, 29.797552280272907], [-101.99720034328378, 29.806182874133796], [-101.98786459507998, 29.796991507613576], [-101.98174307659627, 29.814965902527323], [-101.97549366487698, 29.815676871487582], [-101.96662275939832, 29.81261455314249], [-101.9576205550359, 29.79587209150729], [-101.94568438060934, 29.801513677671014], [-101.93542615590594, 29.799558367381284], [-101.93387649614203, 29.786294569143898], [-101.92894862351486, 29.782710184222697], [-101.9119336404361, 29.79804056913932], [-101.87483420578542, 29.794077523731925], [-101.85321343092836, 29.80776446520848], [-101.82360119089134, 29.78727348728327], [-101.81866818880431, 29.79254169980454], [-101.82552208905531, 29.807511999411023], [-101.81764666174064, 29.811670435134502], [-101.80376534526835, 29.803794400558044], [-101.81402621202596, 29.792409833664514], [-101.8043677490211, 29.780042907689634], [-101.78878926505419, 29.779559896476783], [-101.78545653796877, 29.788332913417886], [-101.77529849777565, 29.789170614826187], [-101.75458785613993, 29.777457695341987], [-101.74237318043578, 29.778959469765322], [-101.73455411751529, 29.771493561423764], [-101.71923722644762, 29.775723350592944], [-101.71008143950581, 29.761819954088136], [-101.68965842127061, 29.77108126209342], [-101.67603157830435, 29.760569467791388], [-101.67085994395728, 29.769071428343576], [-101.66146499215202, 29.771258493811583], [-101.64385643449405, 29.754073763813864], [-101.6271946271918, 29.770867391997484], [-101.60394455462426, 29.774453413144503], [-101.57486133937705, 29.769276016200184], [-101.57466191603417, 29.788473098480623], [-101.56948340495946, 29.796811045461915], [-101.54464818418508, 29.81218778656798], [-101.5349887002244, 29.797599707580876], [-101.53896305027764, 29.786361289664764], [-101.53665428187617, 29.758121000744275], [-101.51999761357052, 29.76492985572004], [-101.50222080281743, 29.764158633257612], [-101.47946238409631, 29.78347284508453], [-101.46429811985033, 29.789609901023894], [-101.4534224575389, 29.784668976204376], [-101.45547101539799, 29.770673566060456], [-101.44767694603465, 29.75048504633192], [-101.43685708567068, 29.751095643365435], [-101.41386886919832, 29.768424415675412], [-101.40131976603367, 29.77070685640335], [-101.39865384654031, 29.762642417691712], [-101.41490243909901, 29.75259072999077], [-101.41569644044515, 29.74641460967753], [-101.39717965201571, 29.73535245161266], [-101.3976825435288, 29.71378575798293], [-101.37090888498504, 29.698810456316252], [-101.37349183315682, 29.677479253790775], [-101.36433299804249, 29.666898876461715], [-101.36070943628404, 29.648688329782278], [-101.34585750365926, 29.662760935701257], [-101.31902114352056, 29.660639548483744], [-101.30175050915675, 29.6509592820163], [-101.3005021161543, 29.63793873397644], [-101.31267660048816, 29.60590419644443], [-101.31001609260004, 29.585366160307302], [-101.30024961571338, 29.574305417106807], [-101.29040422207765, 29.57277577548996], [-101.27891287124683, 29.587669016451798], [-101.28076810855487, 29.617154677790293], [-101.27118269763855, 29.627365530543283], [-101.26339216409689, 29.630564750546416], [-101.24915101414425, 29.62285629750681], [-101.25225697756717, 29.603161318387468], [-101.2430143367259, 29.566170590944992], [-101.25833298203322, 29.542765522982197], [-101.2586014770428, 29.522440569909275], [-101.18555225803661, 29.518001855296685], [-101.14763302921234, 29.47446149876995], [-101.12980644724087, 29.476687071205784], [-101.11309479853833, 29.47006423499809], [-101.08772037748423, 29.47269590939565], [-101.06181234371209, 29.46424552837187], [-101.05700376183205, 29.44075423229868], [-101.04318897466533, 29.42943108353243], [-101.03706523131912, 29.406451816243518], [-101.01811161180137, 29.389309158628212], [-101.01005872862889, 29.3685321714302], [-100.96477684009396, 29.347564815622693], [-100.95024396127143, 29.347943565007483], [-100.93985045038497, 29.33261895807716], [-100.91893089090894, 29.325475830870353], [-100.91703126104872, 29.31939449032454], [-100.90056749399209, 29.310239752429837], [-100.88643556702985, 29.307775147874878], [-100.87686829314393, 29.28014357393628], [-100.85509172325172, 29.275716405136706], [-100.8348840871724, 29.26158709345992], [-100.81378510731116, 29.263711989553652], [-100.81620131054514, 29.253637139382807], [-100.79597933102326, 29.2451894588617], [-100.7958081649879, 29.22876121305558], [-100.78516974383835, 29.22787210260344], [-100.77382912550888, 29.21056664294126], [-100.7760306440511, 29.199754904002642], [-100.767013159381, 29.195706030228383], [-100.76624892520749, 29.184895306964584], [-100.77607882818242, 29.172698014565302], [-100.77277950971465, 29.168391529891654], [-100.7641086642896, 29.16542112180636], [-100.75959025850948, 29.15703435052049], [-100.73932380323453, 29.150179544435318], [-100.73876955366322, 29.14034257101293], [-100.72447295989346, 29.127284052726644], [-100.68440675794943, 29.111394567661694], [-100.67361346747553, 29.099982680133394], [-100.66442231981227, 29.074681460098134], [-100.66020542234999, 29.0319174586417], [-100.64566651699052, 28.98789840524667], [-100.65145647370437, 28.942863714914278], [-100.629651662274, 28.922550713707444], [-100.63152173284197, 28.916776043318066], [-100.64091433669928, 28.914615264923842], [-100.6325646565189, 28.903744267967955], [-100.62253956129159, 28.910192508856998], [-100.61336942761653, 28.901183255583444], [-100.60095070727954, 28.901610405616847], [-100.60342285851927, 28.88768204856592], [-100.5918451749108, 28.889612273998587], [-100.58926451710394, 28.885497069331425], [-100.59893974892229, 28.879630813017], [-100.59880052038883, 28.874796427763897], [-100.5903890885279, 28.872917121668028], [-100.58986743888374, 28.861571329726935], [-100.57300143610007, 28.848768188709503], [-100.57442284035484, 28.828552170886596], [-100.54763173778628, 28.826240362277964], [-100.54610837745945, 28.812829080241983], [-100.53512846991534, 28.804711437546842], [-100.53298684657479, 28.78853644468723], [-100.53810441883418, 28.781251349411914], [-100.52969885873291, 28.768653872436335], [-100.53344466177514, 28.758811460740414], [-100.52105760264747, 28.757612455163827], [-100.51451736961079, 28.751331153366397], [-100.51444407828203, 28.742166976756774], [-100.50737043601379, 28.74041760167997], [-100.50666790721296, 28.71693214824043], [-100.51201517111105, 28.706489615137773], [-100.50017720412276, 28.66166815679593], [-100.47962444532169, 28.655607096615817], [-100.4614671377156, 28.640839613390476], [-100.44617918342716, 28.641689202368443], [-100.4471569446323, 28.609227029814548], [-100.43359189006006, 28.606290000817747], [-100.4298578858835, 28.596229537979703], [-100.39869381925317, 28.585376022923278], [-100.3973868117999, 28.574833878612008], [-100.41099986789486, 28.549752016665845], [-100.38854026014478, 28.515398986475606], [-100.33387440984772, 28.499281664112566], [-100.34436883384308, 28.48615756787739], [-100.3683992296651, 28.476666897856976], [-100.33746782708084, 28.443022463934934], [-100.33591303165788, 28.430137020305843], [-100.34948188622248, 28.403400469127522], [-100.3429313797381, 28.38715774846914], [-100.28676006394264, 28.313242459214038], [-100.2942439801874, 28.283574508644122], [-100.2907872502035, 28.275030500654232], [-100.25451508474706, 28.237873969385404], [-100.22063696105612, 28.232757964842186], [-100.20916112288613, 28.1912262335975], [-100.18425445983837, 28.184961394224338], [-100.15911940549573, 28.167688622718067], [-100.14068246592333, 28.16800754385257], [-100.1200665084963, 28.155849253129706], [-100.08460986163341, 28.14502868811183], [-100.06780694026429, 28.114328366513128], [-100.05647375218544, 28.10475187318523], [-100.05300302160737, 28.08505240955542], [-100.01774709780976, 28.0651335151279], [-100.00764132075126, 28.021462935849716], [-99.99049225771662, 27.9936165424333], [-99.96300318289602, 27.983798799517064], [-99.93122437070245, 27.98058301301847], [-99.93727308157682, 27.940944597336284], [-99.92629194965414, 27.935493158730665], [-99.91884941654207, 27.918880452506823], [-99.90062542025213, 27.912447294907956], [-99.89352797929577, 27.89947955051897], [-99.90408261235143, 27.87370492653752], [-99.90113410176168, 27.863973975974123], [-99.87696246403931, 27.841466320451442], [-99.87549998751145, 27.796797039259868], [-99.85075948991924, 27.79390317306497], [-99.8423145940166, 27.767631492229718], [-99.83621619976299, 27.76318300266413], [-99.82388460337177, 27.76532313345528], [-99.81852280775378, 27.776341135273455], [-99.81337097189275, 27.77425136031157], [-99.79986040214067, 27.739629797827906], [-99.78830241910076, 27.730680281562567], [-99.77419074036541, 27.733553614209104], [-99.76841180959961, 27.730096947711434], [-99.72258874379455, 27.667391055716436], [-99.71043251231902, 27.657658440040407], [-99.69915851029165, 27.655526878425338], [-99.69050335028565, 27.669118196212715], [-99.68653691976479, 27.661541220720782], [-99.66691979527316, 27.65922871473673], [-99.6581009858373, 27.648691560724508], [-99.66629230118102, 27.636405943932157], [-99.65546727975112, 27.629259643965415], [-99.6271653153214, 27.629998464379], [-99.624264044095, 27.64411451542988], [-99.61585674011496, 27.63739934009429], [-99.59590431642792, 27.6397637619213], [-99.59150330650021, 27.62772921587604], [-99.57710614686596, 27.618310779483284], [-99.57682544526986, 27.610973991817207], [-99.58423501782343, 27.603458600821764], [-99.56125786314499, 27.607130284436938], [-99.55483126733361, 27.61440993587599], [-99.5402506379421, 27.60435480415951], [-99.52901359200924, 27.579229677040278], [-99.51340572243011, 27.569258608475096], [-99.51325127420944, 27.557819245361046], [-99.52201016819038, 27.54430474781728], [-99.52818764859569, 27.498153221160276], [-99.49342722769762, 27.497627984806485], [-99.4813476131832, 27.489094140689907], [-99.47876526446043, 27.479506508067804], [-99.49533635756984, 27.446578303130313], [-99.48762099529492, 27.411046207565047], [-99.4922806908069, 27.380591794076555], [-99.50786085913259, 27.35350978131362], [-99.5044987438923, 27.33877976549988], [-99.53813262732258, 27.316452012001072], [-99.52790355855612, 27.30483568766772], [-99.494603920038, 27.303764218304465], [-99.48759022024443, 27.294214308181886], [-99.49656663939483, 27.272900513503977], [-99.49089678359829, 27.262724705993456], [-99.4815320598305, 27.259580078296036], [-99.46195191336767, 27.268386904122853], [-99.44183260203943, 27.250806645396075], [-99.4453690072007, 27.22317855749492], [-99.43260995299677, 27.209922174706445], [-99.42621773359161, 27.176127285814616], [-99.4300878510354, 27.15916635571715], [-99.44002148662945, 27.151146460309644], [-99.43102008795057, 27.137047015806587], [-99.43103905470412, 27.125228099883657], [-99.44254350405387, 27.1068296647699], [-99.42866104480859, 27.09159275694353], [-99.4527075226005, 27.064064993718702], [-99.44468874236857, 27.04116503511587], [-99.44569214783293, 27.021863845274726], [-99.42984984730712, 27.010518582099266], [-99.41541270689125, 27.01737567908801], [-99.38713856377362, 26.98204918542058], [-99.37646899323505, 26.976851676453208], [-99.39375707116884, 26.96022702258588], [-99.3850206170582, 26.939602654500845], [-99.32422098384808, 26.915945392849306], [-99.32121717199017, 26.90655991269247], [-99.32876379039539, 26.879649729708696], [-99.31714157010701, 26.86546181629796], [-99.2945700356744, 26.864981607197155], [-99.28049896267, 26.858088582425207], [-99.26801995277158, 26.84262879180355], [-99.26201747153847, 26.814908771084013], [-99.24249360490607, 26.787313298295086], [-99.23961975708227, 26.745261767861983], [-99.20860342855798, 26.724448942602987], [-99.2096296160799, 26.693595469954037], [-99.19997669119988, 26.655792822811527], [-99.17816571297483, 26.620895707047758], [-99.16731329569703, 26.56004410553661], [-99.17151861812822, 26.543152063250545], [-99.15343834207549, 26.53063908589308], [-99.12775023087535, 26.525344923267777], [-99.10431099642673, 26.499090737654107], [-99.09164964460113, 26.47531764963614], [-99.10293507960107, 26.441595671457115], [-99.1135889161784, 26.432523715084688], [-99.08510777936534, 26.39846917959333], [-99.06250580596817, 26.397436022887803], [-99.03728860564664, 26.413568363016743], [-99.02093830403243, 26.4065628902836], [-99.01077470052198, 26.392258634084783], [-98.98779392228514, 26.391650053854992], [-98.97438677123596, 26.401306770128286], [-98.95457646029334, 26.394539168193482], [-98.95610786832422, 26.377128688825632], [-98.94324145748637, 26.369437272873686], [-98.93494469008368, 26.37297765632586], [-98.93534047760676, 26.385554993049155], [-98.92672338957212, 26.394565427356582], [-98.92222692617167, 26.378816702186818], [-98.9013465426962, 26.37114170325238], [-98.89613322653499, 26.35308108560141], [-98.86083126939387, 26.36623348010101], [-98.84359070320383, 26.358556461299262], [-98.82421249087474, 26.370880657092748], [-98.81441238733882, 26.36591862188157], [-98.80460171168781, 26.36762662866326], [-98.78800022516114, 26.337697416411064], [-98.78851806950624, 26.33051467701155], [-98.7686002644693, 26.32501438415796], [-98.75071786386985, 26.33118311088899], [-98.74706973401308, 26.318475801282077], [-98.7360728662057, 26.308323484812387], [-98.74208263739857, 26.302667916582276], [-98.7549806069602, 26.30758784529506], [-98.75091905699844, 26.29601161414038], [-98.72810144103404, 26.299003372308146], [-98.71668084349719, 26.286126057494805], [-98.70245957944158, 26.28709220843433], [-98.70161298209253, 26.277516783518525], [-98.71704548532195, 26.278180178466364], [-98.71965776668418, 26.27255251139375], [-98.6811216351517, 26.26293604592087], [-98.67820429587165, 26.243618016105394], [-98.67056430435342, 26.237002633228364], [-98.65646300183663, 26.235702768678408], [-98.63457783564893, 26.24233306010311], [-98.62441233914024, 26.259740431904383], [-98.61625888841719, 26.246488674544082], [-98.61155585518814, 26.253335852241275], [-98.58572971472971, 26.25767069093854], [-98.57942205844864, 26.253209933972464], [-98.5851096291146, 26.244891774874812], [-98.5800940054911, 26.235395773995624], [-98.56626254915571, 26.241561410986208], [-98.5626645735323, 26.224410499434175], [-98.54574063866144, 26.23652809615823], [-98.54700560727228, 26.24165745132745], [-98.55834890146211, 26.24447287129508], [-98.55424301140165, 26.247785637428134], [-98.54348243392043, 26.24341242323673], [-98.53538889312786, 26.225694125370662], [-98.52233693349052, 26.235684650078255], [-98.52455333023238, 26.221349048350284], [-98.51280316871778, 26.227169962591343], [-98.50057348395015, 26.22232883778619], [-98.50700150636555, 26.209313809587993], [-98.48492888179285, 26.212524234132985], [-98.48140103741055, 26.200621851946877], [-98.477483612607, 26.203787577765667], [-98.48181563226119, 26.219304364599424], [-98.46064725521859, 26.226085943194956], [-98.454495312027, 26.216684761655465], [-98.4441027389682, 26.22417773102191], [-98.43856104757214, 26.21195087018293], [-98.44393179714223, 26.200541363247], [-98.41707855571674, 26.184071258086664], [-98.40276059782406, 26.181473553154202], [-98.40239574024946, 26.17202401196712], [-98.38732052212892, 26.158424935109153], [-98.3663745032679, 26.15766050973147], [-98.36722115313546, 26.168506509371614], [-98.35982565540367, 26.172514649010974], [-98.35209116528382, 26.15105554323424], [-98.34622125858435, 26.165688835600278], [-98.33569264074178, 26.165818592165625], [-98.33311841547031, 26.15944682800522], [-98.33793447769446, 26.149421465170697], [-98.32649413674166, 26.142937514188688], [-98.33561475344197, 26.13831503629844], [-98.3219383088491, 26.118892954167357], [-98.30979348396754, 26.11398792299504], [-98.30533805295228, 26.102886333358843], [-98.2977373564539, 26.103370327602033], [-98.30360820103218, 26.10995271674042], [-98.29686630697115, 26.1202984404391], [-98.27450123705977, 26.115865678387078], [-98.26629615004842, 26.120937125825858], [-98.27200902931408, 26.113422146582835], [-98.27050812555083, 26.106626573256662], [-98.28808810959845, 26.104331490327077], [-98.26759209680456, 26.0924675659436], [-98.24954927086792, 26.072171472992324], [-98.22020835635688, 26.076335270699538], [-98.1936353694453, 26.053088981364738], [-98.18707615574226, 26.0643943008637], [-98.17685034389581, 26.06073543342298], [-98.18059767857005, 26.06615065399601], [-98.17658554161218, 26.075314879960526], [-98.1678635946314, 26.06309465013041], [-98.15802358841754, 26.06359167180421], [-98.16173894636427, 26.05399908095022], [-98.15079108947889, 26.05802646319218], [-98.14686526973833, 26.0491389776602], [-98.13187055520851, 26.074309831468117], [-98.12817808021082, 26.072592259233147], [-98.12974615858028, 26.063183202087615], [-98.10462671038661, 26.067658708262158], [-98.09358461605494, 26.058648819908594], [-98.08136107656973, 26.06433854801793], [-98.08569655067753, 26.069503814107442], [-98.08133104644645, 26.071301689848667], [-98.07008371357317, 26.05147080521694], [-98.07256276972271, 26.04384508897286], [-98.08017951700377, 26.04163378112703], [-98.07294931482498, 26.03642400478578], [-98.06220672249256, 26.046250638006114], [-98.03871301452905, 26.04136729032585], [-98.0279302324237, 26.066983678064087], [-98.02105329151841, 26.05862966979385], [-98.01204520406746, 26.066102190291726], [-98.01188706341158, 26.056081584820905], [-98.00260227064332, 26.064932452239326], [-97.99187948943514, 26.058222940826173], [-97.9874792109473, 26.06609434206471], [-97.98019712748643, 26.067216983617083], [-97.9786441323727, 26.0588961538014], [-97.96587491717179, 26.051666083773423], [-97.95107492995287, 26.062238038306546], [-97.93355029685374, 26.052985718528625], [-97.93139747340092, 26.057484927163454], [-97.9372668141752, 26.062095529763802], [-97.93364292992185, 26.065557008220924], [-97.92708521134878, 26.054839256927746], [-97.89104411595564, 26.06030832659516], [-97.88709222508083, 26.066596749348903], [-97.8689762643096, 26.056777743921128], [-97.86139661746657, 26.070029240044285], [-97.86100164885872, 26.05296140941166], [-97.83920262592855, 26.05310854032845], [-97.83426177749155, 26.04560221859896], [-97.81928570291129, 26.056584309089004], [-97.81241118660718, 26.044065579705936], [-97.81126736249371, 26.055256158958105], [-97.80109270887515, 26.06021016231817], [-97.7988780881026, 26.05283987784424], [-97.78882184347663, 26.049447117462936], [-97.795438428139, 26.046715088660637], [-97.797284521955, 26.039348387650723], [-97.77789884128232, 26.02920806806168], [-97.76929889545177, 26.035941085876356], [-97.77678439732236, 26.04431774116802], [-97.76803549323476, 26.04725890335781], [-97.76267037912365, 26.041574481376415], [-97.7615386178114, 26.025561339165243], [-97.75219275203797, 26.031539222262914], [-97.74800318365415, 26.02611307377984], [-97.72138540343201, 26.03127031101638], [-97.72045545459999, 26.02302313028045], [-97.7094963761286, 26.026183198873735], [-97.70712008369837, 26.03773457292742], [-97.69697918881862, 26.03064594400663], [-97.69755860048497, 26.023906532667496], [-97.69155988078546, 26.01881782977091], [-97.69327069835035, 26.03235845993911], [-97.67565612999536, 26.025824957300458], [-97.67484448674729, 26.03281951302346], [-97.66724085595492, 26.02888278078602], [-97.66261399428937, 26.038076478923006], [-97.66061342707006, 26.031440429529127], [-97.66813729655416, 26.019425311927456], [-97.65161892133213, 26.015868260874697], [-97.64638870037471, 26.027387571370873], [-97.63992095646952, 26.0239508309515], [-97.6377709425594, 26.013755659238637], [-97.64929499177995, 26.010443681242897], [-97.63566784661795, 26.000139620278087], [-97.62713381557053, 26.0061130487887], [-97.62731827098547, 25.996540304153587], [-97.61836105415453, 26.002315283652276], [-97.62048367784456, 25.992166909972962], [-97.6310367582793, 25.996456413632398], [-97.63444962450097, 25.99003676188051], [-97.62164144144347, 25.989146455061704], [-97.61668058960927, 25.979057978678135], [-97.6079076196227, 25.976810520815228], [-97.61060333713884, 25.965961665636517], [-97.60209519997413, 25.95735545936063], [-97.5821215274916, 25.96237824328878], [-97.57811704588316, 25.942093618934987], [-97.57288051943833, 25.946230683801918], [-97.574467464653, 25.953947031541126], [-97.56790758331576, 25.952513856755868], [-97.56639764226918, 25.94474097008175], [-97.58219362826316, 25.93863369415319], [-97.58327423782293, 25.933216474892383], [-97.56697211920996, 25.9337240423003], [-97.56797884569632, 25.927777900238933], [-97.56172403854436, 25.925677797898526], [-97.55234594927762, 25.93718378185846], [-97.546175094581, 25.934220861079492], [-97.54367590543879, 25.92336112054448], [-97.5373144516889, 25.930809546417755], [-97.5430521540129, 25.92011281493459], [-97.53000555682753, 25.919866129980182], [-97.5332575799966, 25.908443391901123], [-97.52374781741797, 25.898994065971422], [-97.52127163207295, 25.88632375435329], [-97.5109009193141, 25.88754261769023], [-97.49819021838003, 25.899162683001926], [-97.49715021837423, 25.879867427039596], [-97.48790792917876, 25.885451932949938], [-97.48445028177699, 25.878823072445204], [-97.46898941253546, 25.888918753973932], [-97.47474274541487, 25.87972087691887], [-97.47057787366187, 25.875358208146235], [-97.45551746215672, 25.884119249467084], [-97.45674459957885, 25.868646237871012], [-97.44904173049065, 25.872287375600063], [-97.44461268491912, 25.867806591085877], [-97.454056579612, 25.854280851152115], [-97.44508141050412, 25.856372069260928], [-97.44404987589033, 25.84861363282043], [-97.43611108405145, 25.84998765236031], [-97.42445179712347, 25.8404400234297], [-97.41236937166147, 25.841136986993554], [-97.41397750072811, 25.855998343449578], [-97.409454723869, 25.862269953400105], [-97.40789336473323, 25.845215066083718], [-97.39865714922105, 25.850336502984515], [-97.406150602219, 25.83789596794567], [-97.39338832825925, 25.837291341864763], [-97.38704506778575, 25.84390885054348], [-97.37263079055697, 25.84012515045142], [-97.37099324577788, 25.849594892845225], [-97.36421189326445, 25.85086715173305], [-97.37618624822231, 25.855592931586493], [-97.36145201612447, 25.869475585682704], [-97.35665906198892, 25.86735052473431], [-97.35943443132226, 25.879804471121655], [-97.3741729354225, 25.880277382575144], [-97.35640127966599, 25.887761961027614], [-97.36649600397678, 25.89054522081021], [-97.36601560871625, 25.902353008011406], [-97.37503187668779, 25.908292498846784], [-97.35476014144781, 25.919785620030332], [-97.34791539890168, 25.931310303844977], [-97.33684249103977, 25.929684468551397], [-97.3378780049954, 25.920388568313847], [-97.33301335713561, 25.9261548155539], [-97.3308571017573, 25.917903034337638], [-97.32609590709814, 25.917544074812945], [-97.31827692807718, 25.931148103902284], [-97.30483010538822, 25.928016856200504], [-97.30320470858514, 25.936980562502722], [-97.2768219950725, 25.935197633325167], [-97.27806493266317, 25.94704043386933], [-97.28925283111127, 25.954010370561228], [-97.28396567307219, 25.95932799679026], [-97.27643360838887, 25.952168093011526], [-97.24749437042482, 25.948030547003878], [-97.23876900144208, 25.95573407242296], [-97.21986321206765, 25.957278220191867], [-97.20863166171061, 25.963870326280322], [-97.20495568242508, 25.95798403991694], [-97.1886246812889, 25.953721850180866], [-97.17621764698927, 25.965645542419914], [-97.16704840263186, 25.960265843795348], [-97.15853965041103, 25.96175300253561], [-97.15877151551258, 25.948814633580096], [-97.14637375716569, 25.954886903171232], [-97.14422360402246, 25.912533150753656], [-97.1499217428539, 25.838477497789487], [-97.17941687919463, 25.689671030048537], [-97.20095679074811, 25.629875945632875], [-97.34922985042749, 25.38175651689253], [-97.42369048216234, 25.238327703575717], [-97.4429743760791, 25.210623692464033], [-97.50788499257233, 25.06605112154676], [-97.56449038084268, 24.912561744735537], [-97.62190819352739, 24.72018555630737], [-97.66395495725068, 24.561721467474527], [-97.69445277004753, 24.40718845710674], [-97.71259117172916, 24.265917639090905], [-97.73590974366881, 23.981806189864525], [-97.7360180188279, 23.796773062077538], [-97.73149999993387, 23.77169999995328], [-97.73808979632234, 23.760335634125482], [-97.7420847472917, 23.668790593575824], [-97.76899670086503, 23.37820030208059], [-97.76940636736492, 23.25260387998971], [-97.76084533625945, 23.0272847218825], [-97.76595066861286, 22.894785881324957], [-97.78845692798794, 22.79288442172885], [-97.84484028266127, 22.662047350211818], [-97.85930298600778, 22.572552486106975], [-97.85790734048436, 22.5084775309265], [-97.85385424733099, 22.494273314203948], [-97.84571797553775, 22.494307354522793], [-97.85902167834121, 22.492750804309345], [-97.85765092973989, 22.48339438888529], [-97.84909541620726, 22.483459364908768], [-97.85672773240763, 22.483020489959543], [-97.85764498214425, 22.471610122587695], [-97.83773003432546, 22.380506880784328], [-97.8093195549166, 22.302359346762337], [-97.78441902990717, 22.261461904826376], [-97.77434770782077, 22.263916050386435], [-97.79268467661552, 22.257494831313103], [-97.79275533539881, 22.2120022060109], [-97.78525242084626, 22.16632525921366], [-97.76170938718849, 22.08765397510188], [-97.70729344375835, 21.971344756934666], [-97.61612991746016, 21.834880866127882], [-97.57594273170187, 21.78388607136397], [-97.4449464015171, 21.661160640762887], [-97.34358820404536, 21.587690568467032], [-97.32790439798272, 21.567165198596296], [-97.33274461004716, 21.55130316575074], [-97.33047812958846, 21.515979081791045], [-97.35058664849892, 21.45660624541187], [-97.41443779327308, 21.325390958857206], [-97.42039327976859, 21.293942537343096], [-97.42024158830355, 21.23089714332779], [-97.39814000538173, 21.162370927404048], [-97.36424648094886, 21.09796167100612], [-97.33693896065328, 21.031632637462508], [-97.32546988489048, 21.017160144766887], [-97.3262812126762, 21.00566407282806], [-97.31126402017948, 20.978640449431364], [-97.30589233817696, 20.971983927823082], [-97.30165104560116, 20.974069842514176], [-97.3056334682088, 20.966699695238834], [-97.29712689032507, 20.946401682710235], [-97.25999547164625, 20.875938044397397], [-97.22838709875249, 20.830278092378297], [-97.21861772214571, 20.796248102827334], [-97.2051730524943, 20.77613156131646], [-97.20388722426786, 20.758367433901174], [-97.19368819635157, 20.7388653042365], [-97.2011784455061, 20.724557895706862], [-97.1958825016121, 20.720287094544904], [-97.19432323108701, 20.700329438421335], [-97.17746752942182, 20.662087893161072], [-97.1547926360258, 20.627270267474028], [-97.1123863335532, 20.578938836717494], [-97.03085613083185, 20.499436746331615], [-96.98573184419854, 20.463822069250526], [-96.95507729894007, 20.417379766021376], [-96.92411039013018, 20.381986384745762], [-96.7101886542789, 20.16522075477915], [-96.57432985862675, 20.005207578768555], [-96.57411465657087, 19.99190284738955], [-96.55171113056545, 19.954508032463636], [-96.49081124211476, 19.88517135849597], [-96.44949563927179, 19.849204181192405], [-96.44704034495554, 19.830217027954994], [-96.43606158806847, 19.804282386809057], [-96.4218761477277, 19.78656864508782], [-96.42389286207484, 19.777815926537755], [-96.40724484374915, 19.7483153223974], [-96.4083131457552, 19.738621645185816], [-96.40107126712583, 19.725334342744272], [-96.4063513296302, 19.699742728695284], [-96.39154294970021, 19.67827565343732], [-96.3978914742129, 19.671139520562637], [-96.39540631217024, 19.643520769012902], [-96.37200600417738, 19.601878521963567], [-96.37928320770072, 19.592239779427707], [-96.37402572734405, 19.56089826421973], [-96.35009131630974, 19.52205672856006], [-96.31283567143595, 19.47917502668902], [-96.30867232382658, 19.46255669912153], [-96.3193468828891, 19.452794466852215], [-96.32173622946794, 19.414344118189458], [-96.30669794792325, 19.373434889422082], [-96.31086748351697, 19.357019108112453], [-96.29309007525518, 19.31990258708032], [-96.25360839262136, 19.283450436313384], [-96.22340576334175, 19.26595524933309], [-96.18177360493401, 19.250439641685134], [-96.16821674731263, 19.221203413100156], [-96.15685184787155, 19.216129747776204], [-96.15430974304556, 19.217904806994657], [-96.13192229312601, 19.219868484040802], [-96.1554982588865, 19.21564528419211], [-96.13267817194965, 19.217972570851618], [-96.12350288134827, 19.213872689640883], [-96.12032968683584, 19.203595357723405], [-96.13537976232328, 19.214120078826156], [-96.14027596400673, 19.21005766894672], [-96.13487566441891, 19.207438005157574], [-96.13545620615758, 19.201570681912038], [-96.12600533919918, 19.201782650107774], [-96.12791379350892, 19.19532430941179], [-96.12344634675841, 19.194581788249494], [-96.12126000686652, 19.200774339719604], [-96.12368799829308, 19.179568654478704], [-96.09271278617457, 19.151529501502925], [-96.10105820490433, 19.14178734602091], [-96.10504080564347, 19.123652657157727], [-96.09602433867204, 19.104858526544664], [-96.09943993197224, 19.097391891066888], [-96.08260236437083, 19.07767343486715], [-96.03936385846843, 19.05760862633035], [-96.0113409543924, 19.056503360232902], [-95.98224409240758, 19.065312627506604], [-95.98264910426921, 19.06113833619621], [-95.97389403092095, 19.05792552512638], [-95.96079759719426, 18.966648817741994], [-95.94172219865789, 18.926859179673727], [-95.94093769718805, 18.905395558058597], [-95.91079232405603, 18.86905809338031], [-95.87258012597562, 18.838913684657438], [-95.78262251889261, 18.79957499816347], [-95.75231348050887, 18.791924410886658], [-95.75042045933948, 18.795115437113765], [-95.75220287579033, 18.791880852116606], [-95.74303317262567, 18.787343077560134], [-95.7426118627547, 18.790786432327415], [-95.72073513980538, 18.76910727685889], [-95.66437933916875, 18.74205447587979], [-95.58873630388541, 18.722238050035312], [-95.43987946967752, 18.710735714602784], [-95.28825471589307, 18.716673966831777], [-95.27104690682613, 18.707320511208238], [-95.2471648974862, 18.70370514321102], [-95.19696812890147, 18.7042020815985], [-95.18898040433241, 18.709737857490726], [-95.16661802212812, 18.68698788107837], [-95.14620209893864, 18.68102268386715], [-95.13703125580402, 18.671452590876935], [-95.13073578164118, 18.67429494982684], [-95.12985518976355, 18.662931057605388], [-95.12163598823923, 18.652491888555712], [-95.09825809372497, 18.642242309849344], [-95.09316536684214, 18.648239720580804], [-95.07947805970878, 18.641695433221287], [-95.07913399450972, 18.628261700058644], [-95.06499871533836, 18.62235620590697], [-95.0579135689338, 18.611432858940947], [-95.05998472746421, 18.60640239850827], [-95.049714715042, 18.599741932574517], [-95.04938872870169, 18.582130364404], [-95.03381277958562, 18.57234190625492], [-94.98795481198276, 18.554447886139616], [-94.9752537909572, 18.558278526282113], [-94.94864715554306, 18.549972788962314], [-94.87421968076725, 18.54879773012398], [-94.81657372835087, 18.538575869820065], [-94.79955992752434, 18.524908641384876], [-94.78749408756177, 18.505685607628088], [-94.77369968733782, 18.44920543802578], [-94.7437930374633, 18.421747144962872], [-94.73652934141629, 18.393889373112376], [-94.66398379617615, 18.3383896438152], [-94.66501986132377, 18.32762098958609], [-94.6571142812764, 18.311614084079], [-94.62310173705704, 18.28712940797323], [-94.62708398275527, 18.277198552818895], [-94.62435930409497, 18.25349496221908], [-94.6069986092537, 18.20403892138356], [-94.58778010854252, 18.185619391547746], [-94.53509405970094, 18.15961434207183], [-94.48085423319733, 18.15071973941541], [-94.41584056502812, 18.158114800985775], [-94.41591828536124, 18.16641586538664], [-94.41561411549097, 18.158230344432145], [-94.40761497079588, 18.15967676424783], [-94.41244914761143, 18.166598108762447], [-94.40611296900938, 18.159523939980556], [-94.35420533330833, 18.164104731311028], [-94.12942951343483, 18.212924923552006], [-93.89483180630357, 18.28756091880791], [-93.84899910562434, 18.29767883228686], [-93.84403795247515, 18.30082166167016], [-93.84629235120237, 18.305900783182924], [-93.58551981750783, 18.392095070975163], [-93.42286257153177, 18.43006524040923], [-93.23485153983415, 18.439154987270616], [-93.21685628861954, 18.441112023149753], [-93.21406694935384, 18.44687349768703], [-93.21051697270521, 18.438902351321317], [-93.19261388942961, 18.443418258184582], [-93.19436933958946, 18.433272030722602], [-93.18676659843581, 18.4311299654942], [-93.18364961551698, 18.437674403736253], [-93.19033437764536, 18.437878722688264], [-93.18931942422093, 18.44730465487748], [-93.19836290627795, 18.45316500077405], [-93.18977199056908, 18.44859475866868], [-93.18487945788061, 18.441080971724634], [-93.09710313858801, 18.442820744565463], [-93.03090650339057, 18.43117131844224], [-92.90358334116347, 18.441353777611305], [-92.82797673783463, 18.467801312935553], [-92.77745897805542, 18.500415093422387], [-92.72263396018478, 18.55884229205793], [-92.70291744706113, 18.58971220890816], [-92.70173196095689, 18.60370928970594], [-92.6873060135845, 18.619392459413216], [-92.66870987716172, 18.610385750851428], [-92.6259756143072, 18.614082350651902], [-92.37738406433256, 18.667577432597845], [-91.98150754765155, 18.699190333817906], [-91.95506029201735, 18.696723689468488], [-91.90883102247447, 18.63625750271341], [-91.87859858981143, 18.617969084672936], [-91.85567149589328, 18.611293925203398], [-91.85095319059155, 18.65066006338407], [-91.84003334487188, 18.664300265933473], [-91.78923754702866, 18.667761868391263], [-91.74067093830878, 18.680195990442524], [-91.70115311484776, 18.698197021969705], [-91.69732952795633, 18.70647698511379], [-91.66009121331457, 18.718257543526814], [-91.6386032455062, 18.733056706764174], [-91.53357848353733, 18.779892865660912], [-91.498278656182, 18.79051014753793], [-91.44344726360181, 18.837467694120708], [-91.40534311313255, 18.881993131161867], [-91.38662463074473, 18.89668998650371], [-91.31942695295031, 18.933476254514986], [-91.22317702061449, 18.973892909841503], [-91.11325701740788, 19.035356091259825], [-91.11092904147597, 19.044490856613088], [-91.08111883766846, 19.067464294439414], [-90.99544180139031, 19.11816339170445], [-90.8996998675343, 19.18346147110394], [-90.77715785297792, 19.28865341719324], [-90.7406016089934, 19.329532734711666], [-90.72277520644246, 19.35916657731314], [-90.72516906804138, 19.401241252170163], [-90.71310340796443, 19.429243036673185], [-90.70316233864894, 19.483773680330373], [-90.7111436668392, 19.52776312496451], [-90.70424062706192, 19.553823269962674], [-90.71182006930822, 19.56240673612985], [-90.69449141518908, 19.59343383777121], [-90.68550898847599, 19.624749668088363], [-90.69328925553606, 19.645383211034602], [-90.70942830876993, 19.652159124322345], [-90.7035121813523, 19.665089303522954], [-90.71231655239532, 19.671824118236536], [-90.70712027333374, 19.671693649627397], [-90.67076355627364, 19.71752102524527], [-90.66664830150036, 19.728740636797298], [-90.66995691913671, 19.73620814406157], [-90.66148864629031, 19.758531412951157], [-90.59319741155853, 19.81713991914849], [-90.58988664404819, 19.81406776817605], [-90.52180448526265, 19.858442158202777], [-90.53178460353867, 19.863213644055257], [-90.52916082691146, 19.86583130773122], [-90.52175084004925, 19.85861687559582], [-90.5088639199822, 19.86620674983945], [-90.4909463433754, 19.888530919431012], [-90.47186041563752, 19.925614303844288], [-90.46244583246418, 19.930988260744353], [-90.45188089192396, 19.958732095554808], [-90.44730496352209, 19.959472820338917], [-90.45461180251525, 19.964642056758294], [-90.45221504362951, 19.974194633233], [-90.46115270628303, 19.972793960864692], [-90.47016530689133, 19.984482014684836], [-90.47318757927788, 19.994836116247495], [-90.46301435264026, 20.000628427308968], [-90.46263015228695, 20.013914361617307], [-90.47854022141355, 20.030902051186658], [-90.4911474310575, 20.06099330913642], [-90.47882562110519, 20.113450550850526], [-90.49518815612973, 20.159984115206008], [-90.47951463256426, 20.173893062537715], [-90.47754476058735, 20.18443807017662], [-90.47824664682676, 20.20525002207266], [-90.48129568752508, 20.21046884757053], [-90.48921178995919, 20.21594294194116], [-90.48963758147889, 20.331309605364904], [-90.49667978665418, 20.340978273718562], [-90.4883312272789, 20.346762966914508], [-90.4934095880881, 20.349203071460536], [-90.48352823507368, 20.376389563998703], [-90.49649664313093, 20.429269243832156], [-90.49128151530081, 20.440645650134712], [-90.50265027257706, 20.46423152450693], [-90.49872170392157, 20.494178267240503], [-90.5022605602378, 20.49777587727401], [-90.48215035925585, 20.55781125745251], [-90.45307499476712, 20.613591362402993], [-90.45663200165055, 20.617351167659912], [-90.44808981600225, 20.633925302702874], [-90.4419196198063, 20.679669913261975], [-90.4424331722716, 20.684353371353037], [-90.45288346256606, 20.68590127095051], [-90.45430092636423, 20.70185735619392], [-90.44849934452128, 20.716373893619718], [-90.43391138152708, 20.728121849991748], [-90.4311148618732, 20.746643358716288], [-90.42209982134023, 20.747618573142624], [-90.40740267040873, 20.768296818221472], [-90.40682376511907, 20.776128533249008], [-90.41478486761116, 20.776376124027873], [-90.41545605192891, 20.812266039301587], [-90.40388244763552, 20.842524021245154], [-90.40389782265476, 20.858940424128917], [-90.3931293591888, 20.877711147512382], [-90.36328253032423, 20.967248813369768], [-90.34134265998387, 21.002139832777896], [-90.32249321913342, 21.020623748454817], [-90.09461233029741, 21.155552767649123], [-90.04941729604765, 21.164453095670947], [-90.04844680913399, 21.159760422943556], [-90.04646614544359, 21.15944441613463], [-90.04913007594688, 21.165885377737432], [-89.99222829055425, 21.17812843672406], [-89.92332068981898, 21.218820316989078], [-89.84512753937881, 21.250811671190576], [-89.70256637425386, 21.28290334881952], [-89.66789755068824, 21.286010161885745], [-89.67062696386895, 21.33926855504396], [-89.67623350782073, 21.34144613732035], [-89.67126603183569, 21.34532463665876], [-89.68114231782786, 21.345220318835988], [-89.68136923374782, 21.34886884983904], [-89.67100872946276, 21.34549518949252], [-89.66441857933994, 21.288413315457117], [-89.30957266885363, 21.342903084095397], [-89.11002205901382, 21.35782429763937], [-89.04344177270079, 21.371975566139387], [-88.88019361785071, 21.394017264139315], [-88.87987437681625, 21.39778508107102], [-88.84062229358972, 21.397873660313387], [-88.79803529355321, 21.412737469708382], [-88.79653184152343, 21.419992052185826], [-88.7387185339893, 21.430725268473303], [-88.69473919463522, 21.45107324814694], [-88.6855282630374, 21.46352660976289], [-88.64246846945663, 21.495818012819747], [-88.6291208168931, 21.514888091443318], [-88.61598585161859, 21.52219887817281], [-88.54410350276503, 21.53555059422683], [-88.52454198946583, 21.53446774891581], [-88.45850065221794, 21.55379888178128], [-88.37656941390468, 21.56775930709758], [-88.32251886815692, 21.55045115963412], [-88.28570273435928, 21.55735958254098], [-88.28106289796055, 21.553905353856194], [-88.27828695159906, 21.56094719442009], [-88.26990836832853, 21.555657359799074], [-88.25440643029543, 21.56421201982192], [-88.24334167210324, 21.562870761789284], [-88.23830875365387, 21.567414751584707], [-88.2393266155317, 21.577893686292725], [-88.17444891747492, 21.60929996342241], [-88.17758855187888, 21.61334219797076], [-88.13660375234313, 21.62480268226784], [-88.04829328156946, 21.611719458168828], [-87.962908156518, 21.610131076494575], [-87.81844606695411, 21.554807859227974], [-87.73836082311726, 21.53039085997738], [-87.54683001724042, 21.490773761481847], [-87.48833323191704, 21.485183134113107], [-87.48658217977324, 21.46525536606667], [-87.47606980124213, 21.457925560599936], [-87.4641808294227, 21.45711301119205], [-87.45411687784309, 21.463792994062455], [-87.4292701118753, 21.46824634913984], [-87.35544898914044, 21.44676809770663], [-87.34109596170049, 21.432266351447762], [-87.3273834951339, 21.432482439033265], [-87.31575669146797, 21.441374727150734], [-87.27212977559662, 21.432341118562842], [-87.27386432007049, 21.443284221267294], [-87.26951191478878, 21.434374125414884], [-87.26573933677953, 21.439145409606706], [-87.2646235045419, 21.435467073412013], [-87.25852719196006, 21.43778846427145], [-87.23246218438966, 21.418610786564575], [-87.22897591568622, 21.432716130265025], [-87.22245407738846, 21.43132756173407], [-87.21563981615455, 21.443261566353694], [-87.18837452960666, 21.43970677144721], [-87.1666107324629, 21.449713395620524], [-87.1583751783416, 21.463252992727575], [-87.13175806076613, 21.459746341107817], [-87.12198377844479, 21.469614566883987], [-87.11559949619397, 21.467128529894985], [-87.11173191522501, 21.471221044579075], [-87.1135067970708, 21.483958687120907], [-87.10675815950225, 21.505911776850457], [-87.11080418972996, 21.52006333701865], [-87.098856694501, 21.532196255444415], [-87.10357536229581, 21.54615672728285], [-87.1287093391067, 21.554537330865166], [-87.10655088234353, 21.57339416299346], [-87.10152015509986, 21.584969554335547], [-87.09508101045182, 21.583264172467615], [-87.0946914987572, 21.588300596058183], [-87.08574719908344, 21.589413695414652], [-87.06598027981997, 21.570451583108767], [-87.04550240008933, 21.56279861844773], [-87.04165458700291, 21.565876974070388], [-87.0314996547368, 21.558736104028835], [-87.0293925326676, 21.561908138221952], [-87.02732977659565, 21.557793917823737], [-87.01030510537761, 21.55744331166505], [-86.99935458175027, 21.53591416942937], [-86.98167745229026, 21.52487190790828], [-86.97418675646232, 21.510578563414636], [-86.97787405671389, 21.51882475841436], [-86.97020446168777, 21.531332808418444], [-86.99005474843447, 21.54328178568105], [-86.99765942379612, 21.541354023503715], [-86.99730052366309, 21.548770757506368], [-86.98982180895335, 21.554080128481], [-86.98480780971339, 21.55104583333866], [-86.99139550424977, 21.56354133327303], [-86.98031121001122, 21.548820858229067], [-86.9835576624093, 21.543994372022148], [-86.97732724721062, 21.549007950390404], [-86.95231888578653, 21.51468673409542], [-86.94757158664217, 21.49524659185961], [-86.95245547519114, 21.488594915868333], [-86.92599751054013, 21.4561528744184], [-86.91853584562519, 21.438470455824493], [-86.91248361607154, 21.436691301806384], [-86.89670868284641, 21.41041034980266], [-86.88673621207926, 21.40354619814774], [-86.87447893152982, 21.34454717731235], [-86.8618080895949, 21.323057502332855], [-86.86427268416698, 21.303872005223006], [-86.8509162646239, 21.25586185199364], [-86.82346275318756, 21.243989187291444], [-86.82315928266505, 21.251448195619364], [-86.83156303778956, 21.253725696628692], [-86.83065815548944, 21.27692968812915], [-86.81949434674019, 21.28291924142176], [-86.82744919745801, 21.296326263236843], [-86.82203505924171, 21.31406575804186], [-86.79996415175607, 21.327411031393282], [-86.79216117064166, 21.342108407703474], [-86.79658651009781, 21.347893542174848], [-86.79487403068221, 21.365515629772613], [-86.80568657953799, 21.37523923920283], [-86.8046774674048, 21.382983940000354], [-86.81279429149687, 21.39176388871432], [-86.81005704413197, 21.39856028862618], [-86.82792069165681, 21.41299804781268], [-86.82206794205725, 21.420090821326223], [-86.80983471879163, 21.412905278664937], [-86.79921974614676, 21.388798866235938], [-86.7950540755017, 21.385918090369316], [-86.79994762978646, 21.40238149391137], [-86.79594752707281, 21.40808200113683], [-86.78984908712512, 21.388742455550695], [-86.79040002895943, 21.34564099714383], [-86.81160179010514, 21.303033444558043], [-86.8158725946006, 21.28325786799047], [-86.80067055714063, 21.233752128488124], [-86.80710864414989, 21.183826212518383], [-86.80403680024907, 21.164180150476508], [-86.78810601326921, 21.14347509874763], [-86.77998311556587, 21.146377277886785], [-86.76317065641699, 21.136903490137623], [-86.74985187163595, 21.139703852002377], [-86.7405994228864, 21.134896442695577], [-86.75252944593569, 21.12448528163887], [-86.770681017492, 21.085124270417527], [-86.78188474630907, 21.050149317261315], [-86.77862886906031, 21.032534992152797], [-86.78765510776881, 21.029804680889562], [-86.80089034300377, 21.035459576383086], [-86.8129683537841, 21.023054252212816], [-86.82872086145109, 20.979592010183065], [-86.84646812569257, 20.90479813628141], [-86.86053886280588, 20.891216158657528], [-86.8779250789896, 20.841401833367083], [-86.90473524562654, 20.81238592783555], [-86.92024555137601, 20.808005822881807], [-86.94045322672513, 20.78232921843861], [-86.96415872335244, 20.747800362453336], [-86.96273159407885, 20.730090004731622], [-87.0102425869181, 20.702374106454823], [-87.02177511309449, 20.674476063997894], [-87.05329757311856, 20.647038630303435], [-87.09900205949711, 20.5927698441866], [-87.13249720426533, 20.56509472785757], [-87.14280786913851, 20.56241278641513], [-87.16912312127627, 20.535889677925784], [-87.18609426121816, 20.529725311330758], [-87.18976878376677, 20.521796091340864], [-87.22364389093117, 20.49695496599306], [-87.2313082283135, 20.49737081464899], [-87.28223962740252, 20.446063066282242], [-87.31041012926984, 20.395986729468063], [-87.32270122135952, 20.387016912866507], [-87.32279738550295, 20.37666368344593], [-87.33332380200837, 20.357360381328988], [-87.33814052453259, 20.356761294253843], [-87.34115881003625, 20.343482719341697], [-87.35401992976507, 20.32975092249623], [-87.35185389206056, 20.321575392617447], [-87.36145767767822, 20.299410480671334], [-87.37461934610054, 20.290841714336928], [-87.36979102382207, 20.28559540835793], [-87.37894588612558, 20.283557214958048], [-87.38196844087744, 20.26843009782231], [-87.38956055852735, 20.26746045155786], [-87.42354749733425, 20.226242499471116], [-87.45809987890573, 20.150396507654122], [-87.47839126411743, 20.07690234974022], [-87.47626642083807, 19.998991848118468], [-87.47153803591327, 19.992473855907008], [-87.46490899215492, 19.994048367029517], [-87.46835792139491, 19.980545595986133], [-87.4651616958848, 19.95827726382174], [-87.45322257240507, 19.934039933985957], [-87.4365176832343, 19.92764910390412], [-87.43250701207168, 19.90869275317212], [-87.43009998690817, 19.886841324020796], [-87.4510039241532, 19.835777934768437], [-87.46734408696365, 19.828658582950297], [-87.4738670736008, 19.818753488533375], [-87.47691804073912, 19.803648837512956], [-87.46964382808159, 19.780703472297855], [-87.47956290527412, 19.778742409019344], [-87.47561360674736, 19.784014510276613], [-87.4864703957114, 19.786958202743293], [-87.48719102765537, 19.801296031925183], [-87.4810622970729, 19.803483322660068], [-87.48328026593508, 19.811223704434347], [-87.47710573245692, 19.81492120022542], [-87.4724980069122, 19.835836455337265], [-87.47262027926327, 19.830607149712538], [-87.46684549407912, 19.838386766069004], [-87.45202008187636, 19.836975228981963], [-87.43851071493737, 19.866422431139412], [-87.44195441720373, 19.87541184801038], [-87.43335814410258, 19.886054318209972], [-87.43853462651522, 19.887394540509323], [-87.43116075358125, 19.888260807432893], [-87.4353136716107, 19.915231932361902], [-87.43974980187308, 19.910952431290966], [-87.45890680064254, 19.924810433742564], [-87.45773479168751, 19.938289690404616], [-87.4674012862211, 19.945072937971844], [-87.47350987733624, 19.938058813847594], [-87.4623360462722, 19.915768608278313], [-87.4577709490041, 19.917076217088614], [-87.46420884516729, 19.894686567092474], [-87.4592461259076, 19.887688019244013], [-87.44745060917134, 19.89020581358827], [-87.45670437616171, 19.88114702253981], [-87.45937394560976, 19.858391044481753], [-87.46399778180556, 19.86133444197772], [-87.4738766506921, 19.85609892115704], [-87.49772294505755, 19.80690362409591], [-87.51499859782619, 19.79904601399249], [-87.53325148874161, 19.795553665950223], [-87.54415942461485, 19.79939127549505], [-87.54543678715336, 19.795775913765965], [-87.55485475936244, 19.808517488718074], [-87.57891062852978, 19.790366321178304], [-87.58523753557512, 19.771925285276275], [-87.59467198929552, 19.763993887515714], [-87.60642381135474, 19.739261967591318], [-87.64302355046584, 19.68776517889867], [-87.65338815129456, 19.648564205062776], [-87.66677943652522, 19.61648811747762], [-87.67933768750281, 19.614577887346645], [-87.68399050711474, 19.621471134551687], [-87.6764137719192, 19.62131802451883], [-87.6893956783054, 19.62622468627163], [-87.67244760377714, 19.62567498581158], [-87.6690227210376, 19.6274837008565], [-87.67978171821669, 19.628852872210746], [-87.66761100195552, 19.628557421059327], [-87.6606850142924, 19.63426271311223], [-87.6672795006865, 19.638489561254413], [-87.65949689759988, 19.637222440968124], [-87.66337292383183, 19.6474307360816], [-87.65703336650485, 19.64693113436715], [-87.66049999968341, 19.651299999585966], [-87.64910000037563, 19.688100000011932], [-87.65669236115701, 19.68135145231091], [-87.6934284275748, 19.6810781741765], [-87.74227862038104, 19.66366030448302], [-87.74288991368849, 19.64788938616822], [-87.73840074317039, 19.641173476691236], [-87.74847246570425, 19.599479980322837], [-87.73889481982808, 19.58651975750791], [-87.72344821141802, 19.587486598039607], [-87.72721911244572, 19.5826383463293], [-87.7349107894708, 19.583942624493307], [-87.7285672701437, 19.57643258035038], [-87.70758065908629, 19.5730600316752], [-87.71430918232828, 19.561554902139658], [-87.70212209966526, 19.550200953603746], [-87.68163128135228, 19.558104992784553], [-87.67640000048685, 19.563799999554973], [-87.68213706030241, 19.566656451238096], [-87.69319008484378, 19.561622235555742], [-87.67684539455196, 19.56922013160293], [-87.66704672282864, 19.549221276855754], [-87.67386902014786, 19.543663274012527], [-87.66935708976462, 19.53755071796069], [-87.68754209596388, 19.531733514896494], [-87.67638371462525, 19.53468742530367], [-87.66379999965702, 19.529399999667024], [-87.66414853831002, 19.521119169550726], [-87.67297733393893, 19.51901441833252], [-87.66900000029206, 19.512599999834197], [-87.66352984999347, 19.51319094030111], [-87.67170000000846, 19.50750000036173], [-87.66950000024582, 19.500999999603373], [-87.65044294472209, 19.505166643555405], [-87.63275896714676, 19.538399381089334], [-87.610076675637, 19.554100191306212], [-87.55041669480936, 19.566099449323282], [-87.5381000000088, 19.55769999955615], [-87.53146115619249, 19.561963750743992], [-87.53680000021653, 19.54659999981119], [-87.52570000004806, 19.54049999987283], [-87.5149999996925, 19.563099999482155], [-87.49240000008369, 19.57069999967472], [-87.50989999953845, 19.576400000188464], [-87.50869999983074, 19.58179999957799], [-87.50200000045143, 19.580600000059484], [-87.50719999962477, 19.586699999634284], [-87.50478840616303, 19.59013198385734], [-87.4954000005061, 19.585799999620143], [-87.4516999996717, 19.59600000018554], [-87.45830000012616, 19.60829999986004], [-87.4622999996078, 19.60729999987332], [-87.44514788196581, 19.62276755366738], [-87.45612810338545, 19.636237457571937], [-87.45445440030979, 19.64801717267896], [-87.44871240519926, 19.632071351316284], [-87.42644769132575, 19.617199869304326], [-87.419579943303, 19.603614923137606], [-87.41037852545449, 19.598409477432867], [-87.41063890031506, 19.591957372625508], [-87.41432698993354, 19.56406585439632], [-87.42421343221474, 19.550561329011426], [-87.4227534839215, 19.538477894508986], [-87.43164486371262, 19.51495697526113], [-87.42870910189808, 19.498629544355577], [-87.44020251557359, 19.469030511515182], [-87.47110559925162, 19.444925055842937], [-87.4960520215583, 19.432926236537217], [-87.52506698199586, 19.39563545780321], [-87.54541149665003, 19.391581401951328], [-87.54951691665181, 19.393615153862868], [-87.55506491521852, 19.391441428398842], [-87.56456481636704, 19.3938902465062], [-87.55335655937449, 19.392859599317607], [-87.53987509002928, 19.40309960233907], [-87.53926689322236, 19.41840841408138], [-87.54782937375853, 19.418392641910525], [-87.53539866003055, 19.429046715823972], [-87.55386921225036, 19.427011891458726], [-87.6359554755236, 19.373433901646244], [-87.6501812991157, 19.339345865683104], [-87.65626853730348, 19.30279768586585], [-87.669200000337, 19.294999999629674], [-87.65992327184124, 19.287405290073508], [-87.65840000010618, 19.27410000022875], [-87.66119999970111, 19.260700000068393], [-87.6868511205903, 19.234752418317434], [-87.67359657237286, 19.22795214993878], [-87.67381891949826, 19.22353670283413], [-87.68613650453487, 19.220458812307644], [-87.67685035308206, 19.21909623433662], [-87.68301380567, 19.20502328373895], [-87.67433919750587, 19.206365999576345], [-87.67849148083462, 19.19990677752638], [-87.66928813009301, 19.199268525312604], [-87.67402855292431, 19.196418850879382], [-87.6708171448706, 19.189853890497623], [-87.65717940017215, 19.190135569956404], [-87.65519128104555, 19.18113948404704], [-87.63924499365795, 19.182477737758212], [-87.63775858438926, 19.177154276073704], [-87.6299999995623, 19.18340000020285], [-87.63386316603099, 19.187916131688446], [-87.62439999962676, 19.19170000011417], [-87.60699999983963, 19.22999999986932], [-87.5867000001545, 19.245400000132758], [-87.57782271824755, 19.269844998901313], [-87.59390660784014, 19.25046079838907], [-87.61198783488818, 19.240121879772534], [-87.56899748014206, 19.278193338463012], [-87.55621097956606, 19.2960908090148], [-87.53891063077461, 19.30675495174419], [-87.51560604945035, 19.30838716176], [-87.50963545064172, 19.31978344750093], [-87.48878998693257, 19.32622134704471], [-87.46376589420565, 19.32573192909959], [-87.4542202403295, 19.31341838539712], [-87.44556472368663, 19.311711507530443], [-87.51481551960796, 19.235298476070692], [-87.52612621695955, 19.230273684307296], [-87.53724329432977, 19.20797623681916], [-87.5407569053345, 19.155073061375433], [-87.54859744664672, 19.14436836570414], [-87.55345223708564, 19.074280664870425], [-87.56683887222803, 19.06263921434251], [-87.59002774602632, 19.007439968394028], [-87.60533028753308, 18.987667711313534], [-87.61719521844968, 18.950414462732475], [-87.62743211382501, 18.939660740791844], [-87.63147539917013, 18.903010922868617], [-87.64204394949253, 18.884523953619727], [-87.64170215183478, 18.86163263243992], [-87.66305025071017, 18.826516418579306], [-87.67221158117673, 18.756222475955347], [-87.70564084056578, 18.720162396321832], [-87.72154270837457, 18.68007721877714], [-87.73947060978388, 18.581450824133448], [-87.7399545809599, 18.54546749978753], [-87.76205694367874, 18.496927723571233], [-87.76410789529379, 18.417832483869237], [-87.77023834346737, 18.401422618577378], [-87.78846746217235, 18.383735924961364], [-87.80209356873736, 18.35230712301832], [-87.81974431454998, 18.33120513869981], [-87.82799310853952, 18.310275857220375], [-87.84484328943402, 18.19007347043783], [-87.85630804307621, 18.18130581929267], [-87.86018858855691, 18.189830324146477], [-87.86751131090146, 18.18823866742211], [-87.90242566610034, 18.142692243212167], [-87.92545256871578, 18.160235812181895], [-88.0302988896004, 18.160361086853225], [-88.03036589242129, 18.414794293559975], [-88.24963363882544, 18.415552451851873], [-88.2500943749819, 18.473072286896222], [-88.28898660694367, 18.475272952974773], [-88.32685259856929, 18.490176686657367], [-88.36723476345205, 18.486106760231777], [-88.38013297363341, 18.478946352183232], [-88.40239546213218, 18.496658479590405], [-88.44714140148628, 18.475591569330046], [-88.45422832856381, 18.488514649950584], [-88.4650700721706, 18.48702307530396], [-88.47608446266955, 18.49471354453199], [-88.520587363356, 18.459250014596986], [-88.53193527571855, 18.40822162474783], [-88.5516375024285, 18.376148154118265], [-88.54438475069128, 18.3600244518589], [-88.57526619225216, 18.320224701767714], [-88.60583159265317, 18.291741053412142], [-88.59725372694948, 18.28887841796077], [-88.6063887933934, 18.264387048779962], [-88.60442062280399, 18.24151818596389], [-88.61554439886274, 18.223278098823787], [-88.62900742069144, 18.218968498743425], [-88.63237745495422, 18.212928455393122], [-88.64164983804613, 18.2163710208754], [-88.67349456113297, 18.19422973002653], [-88.68668223414349, 18.194695991728878], [-88.69756392198326, 18.182418584737835], [-88.68439021349711, 18.177805885298397], [-88.68008881625093, 18.160184885366988], [-88.69011129838314, 18.15499028483346], [-88.71860801056916, 18.108829391097515], [-88.7103129987409, 18.096960505882635], [-88.7195948566912, 18.08388123773672], [-88.7138979713057, 18.075449811092216], [-88.7191489297787, 18.071981375633193], [-88.7166866164373, 18.06052631324589], [-88.74742271461527, 18.04020168665983], [-88.76665173849683, 18.034298232470405], [-88.77077847654846, 18.029177453698725], [-88.76693492415485, 18.016018360615792], [-88.77309279706746, 18.009881741755834], [-88.76984619620205, 18.00678527479985], [-88.788495620138, 17.993037476886364], [-88.78153205508349, 17.985087352381736], [-88.78445535091303, 17.97986082619415], [-88.78877732441188, 17.980967892426328], [-88.7925479447768, 17.97156027995996], [-88.7959671165031, 17.974336631596323], [-88.81517131618949, 17.950299277698452], [-88.83054244319058, 17.948771085686474], [-88.83371755462551, 17.941928270188367], [-88.84426559611074, 17.94026934812631], [-88.85943479939867, 17.925191062837634], [-88.85415162642471, 17.907748528792304], [-88.85976616727375, 17.894461346230592], [-88.88294372593992, 17.896225481754325], [-88.88535693680295, 17.907561658669064], [-88.89625338227141, 17.906120653327037], [-88.90658192527711, 17.915857103315666], [-88.91368210311416, 17.910594558216378], [-88.92694686051345, 17.929747461333882], [-88.93374067679406, 17.93128041413941], [-88.930475703948, 17.941390432959416], [-88.93796302437829, 17.94063454450194], [-88.9447796794054, 17.959129919727836], [-88.95976584803857, 17.951716948385982], [-88.98325230050361, 17.957981953855075], [-88.98722385959412, 17.947284300270617], [-88.99815879124694, 17.971662264735542], [-89.00398874637968, 17.972485534195037], [-89.00062068978036, 17.984429063987637], [-89.037520707353, 18.00512168744601], [-89.05226387632023, 18.000190599292758], [-89.05859768580578, 17.990307486700797], [-89.07635293065016, 17.99381829820644], [-89.08506020092047, 17.99041768286551], [-89.11159218210962, 17.96976008177406], [-89.12421399600032, 17.975278350645112], [-89.13396755170444, 17.971218286792727], [-89.13621084625504, 17.955439917753278], [-89.15156274729775, 17.941386236500417], [-89.15171385143987, 17.815614240419688], [-90.98763951083536, 17.8154734463116], [-90.98745919978356, 17.25102489201404], [-91.43967802471133, 17.24878687786733], [-91.42877137246086, 17.218548624468884], [-91.41881746914231, 17.209295284581028], [-91.37640321605515, 17.20485764127388], [-91.35445539597856, 17.190517324250475], [-91.34695355918967, 17.176804425392287], [-91.34786719226241, 17.159428703334562], [-91.33557057169016, 17.1612441619278], [-91.33123815213156, 17.176792661021405], [-91.32445028037915, 17.182747307301465], [-91.27908551228722, 17.179632527833423], [-91.26644706257869, 17.170133035898115], [-91.26344346833751, 17.15826424892496], [-91.2730678099077, 17.137734478398087], [-91.26694323078732, 17.107878108430402], [-91.22695801434887, 17.09505897284279], [-91.21030700278483, 17.053078144970847], [-91.17525328489184, 17.015703993807936], [-91.15440300634228, 17.004870052267826], [-91.12275903633072, 17.003383937637636], [-91.12004969190494, 16.97752834112541], [-91.10440908820755, 16.97020064417435], [-91.09320192896546, 16.951819479675727], [-91.06448006537393, 16.92512975750404], [-91.0740443138162, 16.913635661721084], [-91.06562732004228, 16.9028582503849], [-91.00711225424483, 16.886183501221524], [-90.9938736951413, 16.87705788725808], [-90.98783149181729, 16.863084952537804], [-90.98050285295395, 16.872680457455356], [-90.98506309472337, 16.897954075400435], [-90.97607557034192, 16.902899034301818], [-90.96500933443163, 16.901500009460165], [-90.9573031007999, 16.896579800039756], [-90.95450920822289, 16.884474176637838], [-90.97213076584607, 16.870959097910415], [-90.97405478859895, 16.863626459392375], [-90.96792920676467, 16.860367604432646], [-90.95004689395938, 16.865403739881266], [-90.93363879614166, 16.859326484653057], [-90.93388875138797, 16.842321091092096], [-90.92176512191247, 16.821935388360192], [-90.87771254020306, 16.82378622033649], [-90.84878447207639, 16.79653486999935], [-90.80409192768306, 16.798715803430785], [-90.8028093802609, 16.776234511553003], [-90.76243084807699, 16.762754220671898], [-90.75684511575942, 16.75106093956215], [-90.71525803389495, 16.727890665748497], [-90.7077657451423, 16.71809527864185], [-90.70951228709433, 16.704754751139102], [-90.68169162756111, 16.688570339339112], [-90.67594822829683, 16.660561485584463], [-90.65759562181545, 16.639457651644737], [-90.66206167956372, 16.628904938901034], [-90.6533578926948, 16.5945030386707], [-90.66639176484328, 16.58973344203825], [-90.66684143200837, 16.581806453408717], [-90.6446349140032, 16.579077220043096], [-90.64186329010643, 16.595915097270574]]], [[[-109.86366235063075, 24.147451824603607], [-109.87363013258017, 24.15298130465151], [-109.87764042976671, 24.169917675974], [-109.89317794204231, 24.186832546335438], [-109.9219550532262, 24.260361495664498], [-109.91829276189837, 24.290932007812902], [-109.93947109515815, 24.324976417017943], [-109.93425028581935, 24.37592997604349], [-109.92237710713043, 24.365521565534593], [-109.91832676516569, 24.350998347506575], [-109.88980971872616, 24.312831524185082], [-109.88218764410378, 24.292096587489237], [-109.85754684171584, 24.2583157431336], [-109.84248724110651, 24.227238719133172], [-109.81973783830468, 24.20480571299469], [-109.79915584750903, 24.15461377754895], [-109.80249738363219, 24.136711319832678], [-109.81803977741005, 24.142823458769854], [-109.86366235063075, 24.147451824603607]]], [[[-110.33977570982262, 24.28900283214058], [-110.33753752604878, 24.288673347460193], [-110.34162593481282, 24.285770199421524], [-110.33977570982262, 24.28900283214058]]], [[[-110.38323913882272, 24.457626360261255], [-110.38389328903027, 24.456927449661258], [-110.38517258624167, 24.457135859715372], [-110.38323913882272, 24.457626360261255]]], [[[-110.38876023253118, 24.465551982257203], [-110.38328129212273, 24.46680073444252], [-110.3823680066368, 24.466400078056573], [-110.38876023253118, 24.465551982257203]]], [[[-110.30907057076006, 24.50352663713528], [-110.3022363833782, 24.49480997570782], [-110.30647450813228, 24.48719016039782], [-110.28911230551111, 24.47285331097404], [-110.29378245432008, 24.4587081644769], [-110.30955359498026, 24.454633626242682], [-110.3133841841733, 24.440216354169337], [-110.30804681343116, 24.42525789145982], [-110.31834925682102, 24.42062335826892], [-110.32569526022031, 24.403748329312595], [-110.34812134804164, 24.401287031447897], [-110.35196109905299, 24.407754871277902], [-110.34488903514838, 24.41473512495649], [-110.35464636698094, 24.415047480578764], [-110.34694397048295, 24.430772269814003], [-110.36269558785142, 24.43704944832695], [-110.37048372549653, 24.42894084169203], [-110.3720533705826, 24.440208427775314], [-110.36654447514894, 24.443217442364165], [-110.37615565326006, 24.441088236593533], [-110.37151339483503, 24.446114448534907], [-110.37859694274749, 24.448973346889883], [-110.35450815649222, 24.4565082968625], [-110.37118563552724, 24.45742200927631], [-110.35639688200443, 24.46902232607001], [-110.37651697921783, 24.467505807921345], [-110.36347857260301, 24.481510847042074], [-110.386494601372, 24.474690112146106], [-110.38928968135622, 24.481704195145138], [-110.38287551160231, 24.48869382023489], [-110.39085940440184, 24.490494285527305], [-110.38494750911876, 24.494243091525885], [-110.39325469366095, 24.49733075101549], [-110.38040194586557, 24.507139089908243], [-110.397291108275, 24.509836771320114], [-110.38762448678538, 24.51612505515644], [-110.39944472768569, 24.518538599201673], [-110.38251920559892, 24.52224822983466], [-110.36183066103764, 24.533477827492003], [-110.33574960392595, 24.523529516672973], [-110.32136406462867, 24.502330529138316], [-110.30907057076006, 24.50352663713528]]], [[[-110.39815167783723, 24.485873544973952], [-110.4017914917736, 24.4816715071946], [-110.40847186806096, 24.479887089239668], [-110.40263015521194, 24.486116906349725], [-110.39815167783723, 24.485873544973952]]], [[[-110.36769362962549, 24.562546809487547], [-110.36077898447999, 24.542995214601863], [-110.36793632364119, 24.530741227050704], [-110.3780469969331, 24.540094511554322], [-110.38452112926487, 24.53140625587481], [-110.39333869675033, 24.53283205903532], [-110.38904351955136, 24.538988338382833], [-110.39906495461999, 24.536348448267564], [-110.37502440090324, 24.55143894412778], [-110.38312292402144, 24.55701232836586], [-110.40835524687728, 24.54459367355307], [-110.4040577867018, 24.552304822050964], [-110.41148142301574, 24.553850761543806], [-110.39691732838811, 24.557091422339216], [-110.39236145706346, 24.563296168591133], [-110.40262279220636, 24.561469317603557], [-110.40575896620703, 24.568857082367497], [-110.41553926644397, 24.56487803624212], [-110.41037823109654, 24.573900896677003], [-110.39599154066948, 24.580790013996964], [-110.40187826338547, 24.585584157859817], [-110.3949913141579, 24.592055637052884], [-110.38123167012014, 24.58377162189108], [-110.3797922618267, 24.570108241307466], [-110.36769362962549, 24.562546809487547]]], [[[-110.40597327302036, 24.598570291985354], [-110.40542664675267, 24.5963858342667], [-110.40687709657814, 24.596908054613007], [-110.40597327302036, 24.598570291985354]]], [[[-110.56304382876036, 24.81560009946438], [-110.56763815942001, 24.822731913608692], [-110.57694264249616, 24.820301790228537], [-110.58693146154893, 24.828204468949316], [-110.58106967516099, 24.838346844417487], [-110.57027087668713, 24.84361196805301], [-110.56613237831651, 24.84234410423939], [-110.56860370202791, 24.82897983333731], [-110.56029075370749, 24.822480002272204], [-110.56304382876036, 24.81560009946438]]], [[[-110.66884631623654, 25.052039650004296], [-110.58924427474336, 25.031183604205914], [-110.58877081909576, 25.023120101363862], [-110.57490500972592, 25.015882292323074], [-110.57550317435731, 25.00478402857958], [-110.56606734126161, 24.988120746099675], [-110.57021148541533, 24.95383726054633], [-110.54711846551783, 24.908292087977483], [-110.52633119906798, 24.88328496669195], [-110.53237654042796, 24.876245611810507], [-110.56838323760182, 24.872522099507645], [-110.57862358349718, 24.86464536267417], [-110.58985372071976, 24.864864106467003], [-110.57341606364479, 24.877913229416198], [-110.57362912639967, 24.888005383064687], [-110.61728914394905, 24.91527693285014], [-110.64137250542112, 24.91413389205193], [-110.62920486506906, 24.917943316945752], [-110.63987216453991, 24.921074680717208], [-110.63525616303035, 24.92953784818057], [-110.64238348240004, 24.941151784730017], [-110.65531912419534, 24.94835850795235], [-110.65845780876585, 24.96984113033593], [-110.67267708037134, 24.99032354782465], [-110.67795016700981, 25.017266966217342], [-110.69669337695666, 25.02167794224693], [-110.70437943545832, 25.03074891894174], [-110.71349971463239, 25.032674408563626], [-110.71713486248993, 25.054021575215312], [-110.7107388826815, 25.100553503919535], [-110.70670145599657, 25.104868945651447], [-110.69826901532024, 25.099226951385138], [-110.6886994484012, 25.07148686895463], [-110.66884631623654, 25.052039650004296]]], [[[-110.5095167169723, 25.112020953131182], [-110.51120017118367, 25.115506244384008], [-110.50967244028014, 25.115260832306735], [-110.5095167169723, 25.112020953131182]]], [[[-108.38443563538573, 25.162136207107956], [-108.37896348583311, 25.171088316122873], [-108.3824612931084, 25.164636537128526], [-108.37941276606705, 25.16456470048643], [-108.38113609824505, 25.16166369203265], [-108.37277644528737, 25.149765287262788], [-108.36867284317879, 25.146299393909924], [-108.37339010898154, 25.1491001689898], [-108.38443563538573, 25.162136207107956]]], [[[-108.378850247658, 25.164127336590028], [-108.37528998485406, 25.167620867244626], [-108.37169213587426, 25.15713241828469], [-108.36303015467944, 25.168616159982836], [-108.36606825118896, 25.15651280517653], [-108.35391423639769, 25.16218486832972], [-108.37182459128492, 25.14937219294624], [-108.378850247658, 25.164127336590028]]], [[[-108.37991346599084, 25.183118294615472], [-108.37492965328306, 25.173483890996135], [-108.37611744872385, 25.167922052300877], [-108.38201828260782, 25.179743518111323], [-108.37991346599084, 25.183118294615472]]], [[[-96.22786316895152, 15.68810938918364], [-96.23009654994115, 15.686331419145807], [-96.23170335785755, 15.688158241508516], [-96.22786316895152, 15.68810938918364]]], [[[-96.16065638133074, 15.719601295777675], [-96.16391844075211, 15.718056397665405], [-96.1626728199702, 15.721753626566779], [-96.16065638133074, 15.719601295777675]]], [[[-96.08509888636588, 15.763720158479513], [-96.08276037947479, 15.764040636580383], [-96.08381957921401, 15.762527942092987], [-96.08509888636588, 15.763720158479513]]], [[[-97.35140520222507, 15.93599684933734], [-97.35221793663901, 15.937790315403486], [-97.35081089695424, 15.937392371081371], [-97.35140520222507, 15.93599684933734]]], [[[-96.09098263519489, 19.17524794115587], [-96.09226997783676, 19.17376186730519], [-96.09203969368158, 19.176791843826926], [-96.09098263519489, 19.17524794115587]]], [[[-91.9577435169437, 20.19674166371114], [-91.95649652104112, 20.19699502293932], [-91.95546448008285, 20.196114094882958], [-91.9577435169437, 20.19674166371114]]], [[[-91.96231978084862, 20.20861999223677], [-91.9610065907366, 20.203477808709334], [-91.96311842935258, 20.201715655260983], [-91.96231978084862, 20.20861999223677]]], [[[-90.47932770534733, 20.20545399836102], [-90.48755118793865, 20.208293446451194], [-90.48694863666975, 20.211710242408387], [-90.47932770534733, 20.20545399836102]]], [[[-90.49630971428631, 20.343711229717975], [-90.49715875407945, 20.34230019147021], [-90.49869113366972, 20.34418748848168], [-90.49630971428631, 20.343711229717975]]], [[[-90.47104157842476, 20.65047052087642], [-90.46476069908036, 20.644212423316663], [-90.4747439670187, 20.610746343790506], [-90.4709081765371, 20.598392421123858], [-90.47825117331597, 20.61826053188055], [-90.47104157842476, 20.65047052087642]]], [[[-90.46158497732685, 20.655516265889354], [-90.46044808527414, 20.644145028548643], [-90.461239351275, 20.638295039634258], [-90.47040853239147, 20.65610574038907], [-90.46158497732685, 20.655516265889354]]], [[[-90.45291893796805, 20.67254886585646], [-90.45409893137939, 20.65589163095871], [-90.4657070833857, 20.667367892601078], [-90.46680014014963, 20.67565097235529], [-90.45860312754385, 20.693744328210638], [-90.45123928317513, 20.673915973185576], [-90.45686246952056, 20.674530851991342], [-90.45291893796805, 20.67254886585646]]], [[[-92.2247000013762, 20.91369998151252], [-92.2241000010427, 20.907999980947537], [-92.23890000141354, 20.89849998130479], [-92.2453000011909, 20.901799981078945], [-92.2247000013762, 20.91369998151252]]], [[[-92.21710000108668, 20.91759998145306], [-92.20310000077879, 20.934099981643826], [-92.19880000108154, 20.933399981306437], [-92.2057000010257, 20.91939998109907], [-92.21300000136254, 20.913499981238065], [-92.21370000134112, 20.91909998157505], [-92.21710000108668, 20.91759998145306]]], [[[-92.19730000073625, 20.928799981510732], [-92.19820000159771, 20.925799981496386], [-92.19960000155075, 20.92619998161587], [-92.19730000073625, 20.928799981510732]]], [[[-92.31860000143891, 20.971199978364936], [-92.3242000009987, 20.974199978095225], [-92.31230000090666, 20.98089997858731], [-92.32570000145442, 20.979599977672947], [-92.32490000174055, 20.983899977971728], [-92.29920000102442, 20.9889999782599], [-92.30710000179931, 20.976399978369646], [-92.31860000143891, 20.971199978364936]]], [[[-97.22774186780586, 21.47391606284247], [-97.2315739201335, 21.470384190415977], [-97.23026709431309, 21.47673209973853], [-97.22774186780586, 21.47391606284247]]], [[[-92.08050000188292, 21.8402999845043], [-92.07920000099539, 21.837799984468756], [-92.08160000137843, 21.83839998415347], [-92.08050000188292, 21.8402999845043]]], [[[-91.38600000022653, 22.112299994818386], [-91.38690000019696, 22.11069999479203], [-91.38750000070846, 22.111599995325538], [-91.38600000022653, 22.112299994818386]]], [[[-91.38360000029672, 22.116999995281603], [-91.38030000112425, 22.116499995112854], [-91.38350000064321, 22.115399995304436], [-91.38360000029672, 22.116999995281603]]], [[[-91.40740000111406, 22.11829999515313], [-91.40820000047478, 22.117499994394603], [-91.40920000020184, 22.11909999457256], [-91.40740000111406, 22.11829999515313]]], [[[-89.74789999974647, 22.44849999961922], [-89.75490000018118, 22.44509999963133], [-89.76990000046139, 22.453399999687914], [-89.76499999959782, 22.45389999967561], [-89.74789999974647, 22.44849999961922]]], [[[-89.745699999715, 22.456999999516594], [-89.75319999964468, 22.456999999699093], [-89.74710000018712, 22.459899999866085], [-89.745699999715, 22.456999999516594]]], [[[-89.75759999965895, 22.458799999710504], [-89.75789999985078, 22.457199999293426], [-89.75920000022828, 22.457999999441736], [-89.75759999965895, 22.458799999710504]]], [[[-89.77150000002052, 22.465400000056352], [-89.77739999973663, 22.462299999852753], [-89.78510000005828, 22.470299999541755], [-89.77150000002052, 22.465400000056352]]], [[[-89.76700000036969, 22.469499999463437], [-89.76949999955781, 22.470199999889015], [-89.76740000036517, 22.47199999964128], [-89.76700000036969, 22.469499999463437]]], [[[-89.76409999993716, 22.475099999189897], [-89.76289999987138, 22.473100000019894], [-89.76419999953755, 22.473399999930095], [-89.76409999993716, 22.475099999189897]]], [[[-89.75870000047169, 22.47529999980859], [-89.76080000054189, 22.474699999378856], [-89.76019999984257, 22.476099999993615], [-89.75870000047169, 22.47529999980859]]], [[[-89.7804999997908, 22.487899999354283], [-89.79210000029235, 22.505699999584092], [-89.79180000042606, 22.515599999312514], [-89.7768000000699, 22.497000000035477], [-89.77469999989019, 22.47149999981185], [-89.78650000051415, 22.47929999957494], [-89.78239999981467, 22.48059999923684], [-89.7857000002464, 22.49029999971756], [-89.7804999997908, 22.487899999354283]]], [[[-89.75800000010827, 22.514299999760713], [-89.75940000042793, 22.518599999773823], [-89.75719999974166, 22.515999999895847], [-89.75800000010827, 22.514299999760713]]], [[[-89.76670000009013, 22.52219999997497], [-89.76230000054125, 22.51739999939989], [-89.76510000029077, 22.512799999295655], [-89.76670000009013, 22.52219999997497]]], [[[-89.7551000004172, 22.5216999992518], [-89.754499999608, 22.519499999408588], [-89.75589999984162, 22.520399999283075], [-89.7551000004172, 22.5216999992518]]], [[[-89.76989999982821, 22.537099999790815], [-89.76609999966124, 22.543199999936753], [-89.75960000005054, 22.54609999922529], [-89.75979999978155, 22.53489999929081], [-89.76370000038226, 22.536299999566214], [-89.7682000003175, 22.525200000063194], [-89.76989999982821, 22.537099999790815]]], [[[-89.78030000003523, 22.551299999445284], [-89.77829999990902, 22.547699999578672], [-89.7792999997948, 22.539699999858783], [-89.78329999966707, 22.5436999991526], [-89.78030000003523, 22.551299999445284]]], [[[-89.79940000028645, 22.57290000006721], [-89.7935999997559, 22.537799999324047], [-89.78250000013571, 22.517599999641302], [-89.79739999995705, 22.530499999853674], [-89.80489999995191, 22.579799999403548], [-89.79940000028645, 22.57290000006721]]], [[[-89.76559999956088, 22.555199999752308], [-89.76840000030377, 22.55299999930348], [-89.76910000016446, 22.560099999731165], [-89.76559999956088, 22.555199999752308]]], [[[-89.76179999972419, 22.561899999884794], [-89.76679999999173, 22.563299999255356], [-89.76549999981488, 22.566399999449107], [-89.76179999972419, 22.561899999884794]]], [[[-89.77589999970134, 22.577199999693235], [-89.79690000050384, 22.57699999952675], [-89.79220000018894, 22.57879999955649], [-89.77589999970134, 22.577199999693235]]], [[[-89.77410000038803, 22.578999999807827], [-89.77420000017007, 22.581699999963195], [-89.76929999989216, 22.578799999609274], [-89.77410000038803, 22.578999999807827]]], [[[-89.79679999987366, 22.581699999209896], [-89.8005999996247, 22.583799999573085], [-89.79989999984139, 22.58990000000608], [-89.79679999987366, 22.581699999209896]]], [[[-89.79509999994798, 22.593999999195514], [-89.79370000002089, 22.588199999820354], [-89.79630000049104, 22.59129999995221], [-89.79509999994798, 22.593999999195514]]], [[[-89.79139999966776, 22.59219999950702], [-89.7935999997956, 22.598099999205782], [-89.7930000000414, 22.60099999972302], [-89.79140000043931, 22.60029999936385], [-89.79139999966776, 22.59219999950702]]], [[[-89.77800000021502, 22.59269999988982], [-89.7720000003341, 22.608899999905972], [-89.77490000024652, 22.587099999447044], [-89.77800000021502, 22.59269999988982]]], [[[-89.77760000013971, 22.60370000002794], [-89.77789999953984, 22.610799999829915], [-89.77349999963334, 22.61259999955846], [-89.77760000013971, 22.60370000002794]]], [[[-89.78199999975116, 22.613600000026338], [-89.78009999999405, 22.607599999876218], [-89.78220000044122, 22.606499999228536], [-89.78199999975116, 22.613600000026338]]], [[[-87.64028928806809, 19.184541062733892], [-87.643043301049, 19.186859606493496], [-87.64708385185202, 19.186393874947502], [-87.64264980005133, 19.188369907989077], [-87.64028928806809, 19.184541062733892]]], [[[-87.62861635318332, 19.1909769859897], [-87.63354568313291, 19.19396901844245], [-87.62880055853931, 19.196777226224285], [-87.62729327815384, 19.1956528961546], [-87.62861635318332, 19.1909769859897]]], [[[-87.62866868645499, 19.20446725037815], [-87.62817628529683, 19.20272210612406], [-87.63104002180393, 19.202715025960135], [-87.62866868645499, 19.20446725037815]]], [[[-87.65202424803782, 19.215542030420092], [-87.6402385609595, 19.218523687373242], [-87.6145636833079, 19.236026085384], [-87.63131242763549, 19.221494761940498], [-87.6409478486427, 19.217051157453266], [-87.65202424803782, 19.215542030420092]]], [[[-87.60552860837134, 19.234132633376102], [-87.60322092031566, 19.236920826716048], [-87.6019496593148, 19.235847243523676], [-87.60552860837134, 19.234132633376102]]], [[[-87.46635396710568, 19.32987891602957], [-87.47097714042965, 19.33508273884443], [-87.46554181977226, 19.326554215873283], [-87.46635396710568, 19.32987891602957]]], [[[-87.51477350214022, 19.359321306320528], [-87.5182160308054, 19.37111592260274], [-87.501052929688, 19.361579207233504], [-87.47926760272084, 19.33540572318317], [-87.4948479838895, 19.350699782541884], [-87.50548972603679, 19.350973240715366], [-87.5062579254077, 19.358538040214842], [-87.51477350214022, 19.359321306320528]]], [[[-87.56561858941951, 19.397299767874863], [-87.57161318622234, 19.394345649633895], [-87.57352857403488, 19.39734319070004], [-87.56561858941951, 19.397299767874863]]], [[[-87.55443864175125, 19.41371478663404], [-87.54945803684325, 19.408380672597325], [-87.55550451843406, 19.410702753269284], [-87.55443864175125, 19.41371478663404]]], [[[-87.66137149881686, 19.504323013745026], [-87.65963249967447, 19.507862141464603], [-87.65906591369958, 19.50447583878839], [-87.66137149881686, 19.504323013745026]]], [[[-87.65728780368903, 19.517131956671758], [-87.65782612498167, 19.511256926923497], [-87.66163013687486, 19.509291635656805], [-87.65728780368903, 19.517131956671758]]], [[[-87.67545669484903, 19.587406507240072], [-87.71252144102174, 19.58984773082676], [-87.7026439838232, 19.592609498364503], [-87.67545669484903, 19.587406507240072]]], [[[-87.49925496617516, 19.591270896077756], [-87.49771830078026, 19.59258480334283], [-87.49649482920938, 19.589948623089466], [-87.49925496617516, 19.591270896077756]]], [[[-87.46465034824116, 19.597701455251258], [-87.46351760912133, 19.598381983168572], [-87.46211691504269, 19.59435235022502], [-87.46465034824116, 19.597701455251258]]], [[[-87.49390654982157, 19.595140592983213], [-87.4908190635717, 19.598880575519647], [-87.49176044721436, 19.59492043762668], [-87.49390654982157, 19.595140592983213]]], [[[-87.45826668347723, 19.596136188536814], [-87.45744327058667, 19.598288725447993], [-87.45469194478876, 19.596488395485714], [-87.45826668347723, 19.596136188536814]]], [[[-87.46484793193851, 19.60334826181052], [-87.46471478029308, 19.60018610640868], [-87.47258321990937, 19.600735354974468], [-87.46484793193851, 19.60334826181052]]], [[[-87.48462003134969, 19.598553616888392], [-87.48391752506828, 19.60273898626522], [-87.49416932262464, 19.603046115647512], [-87.49322410883686, 19.605759355847983], [-87.4783585507989, 19.60231498302971], [-87.48462003134969, 19.598553616888392]]], [[[-87.51790301559589, 19.611752493666156], [-87.52342365361562, 19.6047451895574], [-87.52099414183367, 19.613527471482236], [-87.51790301559589, 19.611752493666156]]], [[[-87.49276436119713, 19.61129947050586], [-87.49513511712011, 19.607001160006526], [-87.49562099577714, 19.60993645789749], [-87.49276436119713, 19.61129947050586]]], [[[-87.4651152222795, 19.61328685743436], [-87.46389960792949, 19.60515778876984], [-87.4664032449046, 19.606958612165815], [-87.4651152222795, 19.61328685743436]]], [[[-87.51503186486192, 19.628930427251056], [-87.52066714082942, 19.623187476029518], [-87.51905787700095, 19.628573069779897], [-87.51503186486192, 19.628930427251056]]], [[[-87.67364681438342, 19.643775590316007], [-87.68136207801149, 19.643381978884193], [-87.68015539689539, 19.646977381724483], [-87.67364681438342, 19.643775590316007]]], [[[-87.69994890049549, 19.64379905256143], [-87.69674064882425, 19.64545456963701], [-87.6987204391831, 19.642282141004454], [-87.69994890049549, 19.64379905256143]]], [[[-87.70868911686213, 19.64588145963251], [-87.71345415137297, 19.64878601209457], [-87.70398627687038, 19.64630470725036], [-87.70868911686213, 19.64588145963251]]], [[[-87.46420166688841, 19.694054954160265], [-87.45996619465582, 19.695500147735057], [-87.45722734227633, 19.691534354751262], [-87.45823697854307, 19.690846414708297], [-87.46420166688841, 19.694054954160265]]], [[[-87.46425267488917, 19.693765929641806], [-87.46810779339728, 19.69898393879349], [-87.46544774756886, 19.698316755633403], [-87.46425267488917, 19.693765929641806]]], [[[-87.47138390790919, 19.704071365575075], [-87.47187978603148, 19.699683305349378], [-87.47811312370091, 19.70455189507355], [-87.47138390790919, 19.704071365575075]]], [[[-87.50567678335892, 19.70976521182366], [-87.4853011689607, 19.707540633736336], [-87.4797424789194, 19.70463160815099], [-87.50567678335892, 19.70976521182366]]], [[[-89.67750000044283, 22.379099999537967], [-89.66660000022469, 22.3723999995624], [-89.66220000041295, 22.374600000085536], [-89.66740000051095, 22.369099999720053], [-89.67750000044283, 22.379099999537967]]], [[[-89.65989999984603, 22.379499999960135], [-89.65759999986224, 22.377099999539823], [-89.66110000006208, 22.374000000076006], [-89.65989999984603, 22.379499999960135]]], [[[-89.66420000020929, 22.384499999997608], [-89.66349999988039, 22.381999999403018], [-89.66590000016669, 22.385100000102664], [-89.66420000020929, 22.384499999997608]]], [[[-89.68949999997417, 22.397299999383318], [-89.68800000023123, 22.389599999951177], [-89.67980000006658, 22.387199999902645], [-89.67919999996165, 22.381699999275437], [-89.69320000020846, 22.386799999762054], [-89.68949999997417, 22.397299999383318]]], [[[-89.69190000014784, 22.393499999956475], [-89.6979000003957, 22.38849999988234], [-89.69279999988973, 22.39609999969748], [-89.69190000014784, 22.393499999956475]]], [[[-89.68199999980149, 22.401400000066232], [-89.6832000004063, 22.40070000004446], [-89.6850999998015, 22.40229999945807], [-89.68199999980149, 22.401400000066232]]], [[[-89.74550000046992, 22.44750000002415], [-89.7409999997751, 22.44409999939139], [-89.74899999971288, 22.44339999973054], [-89.74550000046992, 22.44750000002415]]], [[[-89.58180000016586, 22.501399999609262], [-89.58140000043497, 22.455399999585225], [-89.59080000036772, 22.422500000112453], [-89.62439999975312, 22.38079999998973], [-89.63590000007345, 22.373199999705836], [-89.66059999990539, 22.369299999415606], [-89.64119999974744, 22.385299999373938], [-89.65650000032691, 22.38149999935286], [-89.66109999996667, 22.387199999965496], [-89.64040000001302, 22.397599999812762], [-89.6709000004277, 22.384900000099623], [-89.67580000022886, 22.38809999988621], [-89.66040000037651, 22.39409999991003], [-89.68310000006745, 22.403599999512764], [-89.68930000031214, 22.41140000003174], [-89.69990000003979, 22.411699999377007], [-89.69460000023858, 22.396099999769053], [-89.70000000007353, 22.391200000032722], [-89.70580000045989, 22.393099999636235], [-89.70259999999729, 22.399699999369044], [-89.71039999998648, 22.40580000004514], [-89.7138999997485, 22.42030000004101], [-89.74630000020997, 22.441699999704273], [-89.74009999967106, 22.44349999949384], [-89.73979999955321, 22.448099999606185], [-89.72520000017133, 22.43859999985946], [-89.72900000008799, 22.43699999984845], [-89.71270000031984, 22.43199999976937], [-89.70700000019487, 22.43419999972473], [-89.70790000037658, 22.43889999947692], [-89.74320000011673, 22.46149999955064], [-89.7471999998874, 22.471999999871116], [-89.76189999962014, 22.465800000062735], [-89.75330000035666, 22.473499999303268], [-89.76910000002442, 22.496500000017374], [-89.76939999988774, 22.511100000044653], [-89.76320000033742, 22.504999999505817], [-89.76210000018848, 22.511799999957912], [-89.75289999977618, 22.504999999906392], [-89.74820000032983, 22.50819999963266], [-89.73209999957713, 22.490099999661137], [-89.7376000000478, 22.508699999651963], [-89.72749999955168, 22.526600000020075], [-89.72000000035344, 22.5258999997369], [-89.71779999986175, 22.537299999458412], [-89.72739999959181, 22.54959999935104], [-89.72929999991433, 22.562399999851717], [-89.7349000001239, 22.562599999590628], [-89.7367000002879, 22.554399999811903], [-89.73950000055027, 22.569899999337295], [-89.74480000011465, 22.58870000001547], [-89.75320000017663, 22.565999999453556], [-89.75189999977016, 22.547699999719203], [-89.75860000045559, 22.561199999682014], [-89.75929999986352, 22.599599999322965], [-89.7630000004785, 22.574399999984546], [-89.77499999972814, 22.566199999586605], [-89.78590000047755, 22.571099999387044], [-89.78789999987474, 22.553699999985078], [-89.79229999962263, 22.57230000004977], [-89.76819999962403, 22.578499999448063], [-89.77350000014974, 22.586699999317364], [-89.76440000032073, 22.605499999370714], [-89.7582999998356, 22.60679999958997], [-89.75169999974254, 22.599099999791804], [-89.74879999970587, 22.603599999258456], [-89.7334999998481, 22.598400000114065], [-89.73440000023014, 22.61079999954054], [-89.70040000030872, 22.607999999839052], [-89.67140000011155, 22.594600000041233], [-89.62399999992338, 22.5532999994278], [-89.58180000016586, 22.501399999609262]]], [[[-89.74209999978123, 22.519999999492324], [-89.73989999987342, 22.5283999994732], [-89.73870000001979, 22.51409999922833], [-89.74209999978123, 22.519999999492324]]], [[[-89.72689999985987, 22.5328999994848], [-89.72960000022852, 22.528499999278036], [-89.73179999993604, 22.5375999992138], [-89.72689999985987, 22.5328999994848]]], [[[-89.74320000035597, 22.55500000012445], [-89.74070000007634, 22.552500000043807], [-89.74189999997228, 22.533699999425927], [-89.74519999982189, 22.543499999716204], [-89.74320000035597, 22.55500000012445]]], [[[-89.73500000023783, 22.55159999979892], [-89.73280000009086, 22.54839999986504], [-89.73460000034089, 22.542599999446313], [-89.73660000002073, 22.544599999805026], [-89.73500000023783, 22.55159999979892]]], [[[-89.74360000036756, 22.557499999647185], [-89.74579999975192, 22.55499999991003], [-89.74490000037487, 22.558699999275003], [-89.74360000036756, 22.557499999647185]]], [[[-89.74069999968826, 22.562999999413197], [-89.74019999999061, 22.560700000034842], [-89.7420000001656, 22.56119999958678], [-89.74069999968826, 22.562999999413197]]], [[[-89.7437000000832, 22.567699999577698], [-89.74119999962792, 22.5736999994608], [-89.74230000037124, 22.564599999536647], [-89.7437000000832, 22.567699999577698]]], [[[-89.74559999963125, 22.565799999906726], [-89.74770000041768, 22.573900000117682], [-89.74639999988882, 22.574399999530073], [-89.74559999963125, 22.565799999906726]]], [[[-87.38855395397839, 18.37704192453461], [-87.39197874850932, 18.3744692527736], [-87.39463244031724, 18.38076722119614], [-87.38855395397839, 18.37704192453461]]], [[[-87.39950709691993, 18.379801270182114], [-87.40839415329461, 18.380289264139183], [-87.40878628285226, 18.390140394321314], [-87.40702793620547, 18.39036894196144], [-87.39950709691993, 18.379801270182114]]], [[[-87.4207402677482, 18.395853868835026], [-87.41748867099172, 18.399572790669385], [-87.41155088565876, 18.39206984891597], [-87.41251104868907, 18.391037247049045], [-87.4207402677482, 18.395853868835026]]], [[[-87.42603882355546, 18.405466704764176], [-87.43113713240783, 18.408454667785136], [-87.43006695851726, 18.40952114208386], [-87.42603882355546, 18.405466704764176]]], [[[-87.43804620940621, 18.422553027926785], [-87.43414373442083, 18.420927098541192], [-87.43916372071557, 18.420203994001714], [-87.43804620940621, 18.422553027926785]]], [[[-87.43699123214326, 18.430589449910897], [-87.4418296020316, 18.429726058454914], [-87.44739877485759, 18.460041468973557], [-87.44426620546132, 18.462582814863488], [-87.43699123214326, 18.430589449910897]]], [[[-87.37246072132284, 18.38478108802186], [-87.3321604678813, 18.443774628319073], [-87.32820894673299, 18.476336513012434], [-87.33701982964782, 18.52301509968735], [-87.32429686501358, 18.549295594036597], [-87.31442566966268, 18.555453164356614], [-87.31201626993801, 18.550508579777524], [-87.33098363111809, 18.526431742155122], [-87.32004482171075, 18.492634097754465], [-87.32293146278116, 18.45656112269778], [-87.3619194480365, 18.385144518144617], [-87.38243021506491, 18.374356446909765], [-87.38431927846197, 18.38016279838043], [-87.37246072132284, 18.38478108802186]]], [[[-87.43715896408665, 18.516134558602587], [-87.44456283556309, 18.475414965287115], [-87.44057982209267, 18.51869285165929], [-87.43715896408665, 18.516134558602587]]], [[[-87.43862357223712, 18.55588364986297], [-87.43920909028728, 18.560361380894186], [-87.43673874760266, 18.562318396781947], [-87.43460555659554, 18.558972699579282], [-87.43862357223712, 18.55588364986297]]], [[[-87.4392407076899, 18.58747740169981], [-87.43556521130584, 18.58893940178299], [-87.43661039283212, 18.58218605134141], [-87.4392407076899, 18.58747740169981]]], [[[-87.3266454786253, 18.572150270917422], [-87.34094287940654, 18.575072359613422], [-87.33620920423684, 18.57898029806693], [-87.32297346886911, 18.585067129434115], [-87.32052732328165, 18.598811696392232], [-87.3054939902478, 18.601078648063105], [-87.31779257594864, 18.577812604118606], [-87.3266454786253, 18.572150270917422]]], [[[-87.44073805069245, 18.596886030618034], [-87.44012599625592, 18.61328239944146], [-87.43804144200404, 18.612815214010205], [-87.44073805069245, 18.596886030618034]]], [[[-87.42834756683548, 18.632919255819726], [-87.43766010645726, 18.6234573485504], [-87.4202786032352, 18.66000540578964], [-87.42834756683548, 18.632919255819726]]], [[[-87.24534976529938, 18.683497149688577], [-87.24739546552237, 18.645268301598662], [-87.26453605736117, 18.61878903346732], [-87.26757628540572, 18.62283808670137], [-87.25709207703039, 18.642926932292532], [-87.25272159246352, 18.667403829208155], [-87.2788643323373, 18.737850793227317], [-87.2738263145061, 18.73943660103589], [-87.26685393044649, 18.73216314619688], [-87.25213960023552, 18.69038851143293], [-87.24534976529938, 18.683497149688577]]], [[[-87.40253938240666, 18.681708373695486], [-87.41006160543553, 18.67639430481722], [-87.39473100442322, 18.71188159362272], [-87.3947345798173, 18.707165934818605], [-87.40253938240666, 18.681708373695486]]], [[[-87.39269145605148, 18.723169016159062], [-87.38767591804077, 18.72233081456279], [-87.39249674405364, 18.720220123073773], [-87.39269145605148, 18.723169016159062]]], [[[-87.38517203347865, 18.736388379311354], [-87.38399528061383, 18.732529856085232], [-87.38690702892376, 18.730750468904173], [-87.3875151315371, 18.7325238705012], [-87.38517203347865, 18.736388379311354]]], [[[-87.30689706451237, 18.73967293187691], [-87.30323413060772, 18.739600167018196], [-87.30511986226634, 18.73750824310686], [-87.30689706451237, 18.73967293187691]]], [[[-87.3796525551052, 18.738666510052948], [-87.37640535956038, 18.749527800616296], [-87.37237815733634, 18.753031579668924], [-87.37355952718109, 18.743644487557088], [-87.3796525551052, 18.738666510052948]]], [[[-87.31522696704398, 18.747144625449266], [-87.31801568911155, 18.746925620423337], [-87.31781896757371, 18.748415025624755], [-87.31522696704398, 18.747144625449266]]], [[[-87.29913699809124, 18.750970296472925], [-87.303436284539, 18.74480320112739], [-87.30287194181763, 18.74993134685561], [-87.29913699809124, 18.750970296472925]]], [[[-87.2897849967508, 18.754520228471204], [-87.2890403506284, 18.75173980690385], [-87.29049779626176, 18.75275792105851], [-87.2897849967508, 18.754520228471204]]], [[[-87.32031832961225, 18.755925977045848], [-87.31968291746306, 18.753181286364562], [-87.32183909716926, 18.75399704769028], [-87.32031832961225, 18.755925977045848]]], [[[-87.33042222002469, 18.75372287977673], [-87.32897497810158, 18.763870362366905], [-87.32672819194393, 18.76496100611502], [-87.32659123326661, 18.755667042207826], [-87.33042222002469, 18.75372287977673]]], [[[-87.32025425902425, 18.758976798666545], [-87.32161630299767, 18.76249052946029], [-87.32037233104123, 18.762167936554754], [-87.32025425902425, 18.758976798666545]]], [[[-87.35777312036554, 18.76681576002576], [-87.35342660664271, 18.768998877117273], [-87.35807834335621, 18.765465926404865], [-87.35777312036554, 18.76681576002576]]], [[[-87.31810052735693, 18.770123814617552], [-87.31934211647875, 18.76663220405214], [-87.32008041706624, 18.770175294658415], [-87.31810052735693, 18.770123814617552]]], [[[-87.36110193090674, 18.771975076081485], [-87.35684289567354, 18.772529317639275], [-87.3614874151205, 18.76982840410129], [-87.36110193090674, 18.771975076081485]]], [[[-87.33911928108321, 18.78611282969529], [-87.34236258575616, 18.780175877948707], [-87.34938082075152, 18.778674095807606], [-87.3478476048893, 18.782024725100506], [-87.33911928108321, 18.78611282969529]]], [[[-86.76338022217982, 20.507081829746543], [-86.81811775593505, 20.438271682288725], [-86.83058696367425, 20.43806107943795], [-86.8789065396717, 20.378370118156404], [-86.89846654099601, 20.344187584951197], [-86.90808098262976, 20.34330284678434], [-86.93229734623782, 20.312216754413086], [-86.95752865204156, 20.292376803839158], [-86.98759367916865, 20.271922049904312], [-86.99495870481363, 20.275875040924305], [-87.00275675471163, 20.297135974958227], [-87.01697075208382, 20.29912267259951], [-87.00988518654135, 20.315561797707346], [-87.02144033665417, 20.339763800264592], [-87.02526731064657, 20.36636839924926], [-87.01699452898426, 20.41162498645221], [-86.97994000309701, 20.465915703568943], [-86.97564031472186, 20.482102571897656], [-86.95623251878037, 20.511759590261626], [-86.95417214229424, 20.508132425805915], [-86.94735242260823, 20.514246012947915], [-86.9274880127727, 20.550804456077795], [-86.89696401944671, 20.565580079233836], [-86.88253454233225, 20.558666170920883], [-86.8806244695522, 20.544794795148057], [-86.86978303791547, 20.537303311008344], [-86.85930885848535, 20.541155100798274], [-86.85433860919848, 20.549904018400053], [-86.84691290700655, 20.542749965828655], [-86.84507124801043, 20.547012360466823], [-86.85111999027148, 20.550326039652404], [-86.8321498667091, 20.550600530006424], [-86.84527145564952, 20.54324446836745], [-86.83896437531331, 20.539252377145992], [-86.82146628087025, 20.54254404397495], [-86.81577162128892, 20.549579501525603], [-86.81400998202521, 20.541626887564572], [-86.81300390644542, 20.54892028071541], [-86.82331951889017, 20.55451056414509], [-86.78991107175695, 20.556046401914678], [-86.76756082940304, 20.56889149386964], [-86.77362191046548, 20.563236485008893], [-86.76871202827719, 20.56063529530996], [-86.75933722698316, 20.575370156911], [-86.72693919769095, 20.5921567807076], [-86.72420872421718, 20.585149176381705], [-86.73236738347399, 20.565569085646345], [-86.75777888017292, 20.525527617358847], [-86.76338022217982, 20.507081829746543]]], [[[-86.86484029816432, 20.548219343190123], [-86.8590866057123, 20.547185819000642], [-86.86289929300652, 20.545733118381452], [-86.86484029816432, 20.548219343190123]]], [[[-86.72518764655578, 21.214444692549172], [-86.74255258180969, 21.23436136316377], [-86.74013437438856, 21.239376642041794], [-86.7398625738174, 21.23370072981515], [-86.73013511266075, 21.221375676302745], [-86.74536768476844, 21.254365448407224], [-86.75307220428103, 21.257784464563287], [-86.75029541132837, 21.264602289738658], [-86.71040527005675, 21.20145354085773], [-86.72518764655578, 21.214444692549172]]], [[[-86.88832891411515, 21.416807524315843], [-86.87507082433046, 21.427239773188067], [-86.88264778426198, 21.424841604885096], [-86.88780666134446, 21.430686751950976], [-86.87906701237344, 21.434817904031068], [-86.86866399122817, 21.429651679326845], [-86.85170875034454, 21.43597164693009], [-86.87044682011381, 21.42867880440495], [-86.87851789151571, 21.420434174363198], [-86.88832891411515, 21.416807524315843]]], [[[-86.91319452080863, 21.449317487848287], [-86.90232261395137, 21.457029202737605], [-86.9048722112109, 21.46035102523351], [-86.90317055653844, 21.46597430484294], [-86.90193437664378, 21.457299052189878], [-86.90393747930293, 21.451126476948648], [-86.91319452080863, 21.449317487848287]]], [[[-86.93401143541132, 21.46682111021561], [-86.93613711972085, 21.475479619552992], [-86.92756174155942, 21.468052536106516], [-86.93401143541132, 21.46682111021561]]], [[[-86.92025389236838, 21.472306502001334], [-86.92288381874263, 21.478643857662895], [-86.91178623990801, 21.466355973812586], [-86.92025389236838, 21.472306502001334]]], [[[-86.78941965947739, 21.463523631375253], [-86.79701750713508, 21.501852407849057], [-86.7957713224863, 21.4893672054581], [-86.79884922614903, 21.490726057051603], [-86.80149212733538, 21.509013311999187], [-86.79807884375285, 21.512094170550156], [-86.80176924689043, 21.511003361613728], [-86.80378573950185, 21.531732988178984], [-86.79152307308014, 21.494037651096367], [-86.78422278089462, 21.457999370754337], [-86.78941965947739, 21.463523631375253]]], [[[-86.97750779404825, 21.535505683778627], [-86.97202907550705, 21.5309854913764], [-86.97467308865934, 21.526391719419824], [-86.97406728945394, 21.530612640538134], [-86.97750779404825, 21.535505683778627]]], [[[-87.13883483214696, 21.562435897058716], [-87.14807361709624, 21.566862895501227], [-87.1508935317452, 21.561104368050703], [-87.15760610264202, 21.56237203039791], [-87.16234502839698, 21.55845151722361], [-87.1529810692047, 21.55939586198806], [-87.15131190687292, 21.55710785204138], [-87.16653072237722, 21.556324275616994], [-87.2023907780873, 21.530628469301227], [-87.20994225739386, 21.51964459556277], [-87.22563284998982, 21.51644649885188], [-87.20681739478788, 21.52611845619673], [-87.21760634404352, 21.521481049052486], [-87.2189297465462, 21.529358455406854], [-87.25705850734978, 21.52500333797347], [-87.26341554535635, 21.525370865069952], [-87.26196161403563, 21.530421447401718], [-87.26553432423933, 21.525367507286155], [-87.27359498265417, 21.528064306111965], [-87.28984641442283, 21.51112330487126], [-87.29232992633744, 21.518155169228255], [-87.28738144525668, 21.52587917415611], [-87.30013345264622, 21.529339720450402], [-87.31587917242585, 21.525835836286923], [-87.3152413420242, 21.53399600687797], [-87.31917658042325, 21.54029733823349], [-87.32692993831166, 21.54113581541076], [-87.32780568749138, 21.54944454868883], [-87.33768486039692, 21.540540152264057], [-87.35871195848438, 21.535203599029582], [-87.35973794298738, 21.528656829162994], [-87.36439952868433, 21.529859950359757], [-87.36079109952381, 21.522396220155702], [-87.37596417123875, 21.519451534693076], [-87.37296222143448, 21.51236917475786], [-87.38054171199151, 21.514614004567562], [-87.38626079450735, 21.504321573232243], [-87.39077892106462, 21.503205958213226], [-87.39673789614169, 21.512493765183414], [-87.3688293811129, 21.531780829688465], [-87.33492196082788, 21.56617992452304], [-87.3013084606762, 21.545738720948293], [-87.24961118363682, 21.540188447105184], [-87.20877731413474, 21.546772769437204], [-87.15468659773263, 21.56795258800998], [-87.10386332173272, 21.60550413287816], [-87.08276094253209, 21.59691043868569], [-87.06961144166918, 21.595782665196136], [-87.05749266811503, 21.592685821721744], [-87.04640373103979, 21.587322241978526], [-87.05555858895505, 21.586514595832618], [-87.06764924711338, 21.594401216759945], [-87.08848030303304, 21.59022588190779], [-87.10157197183696, 21.59599570132685], [-87.09986056212888, 21.60274350925257], [-87.10672374236731, 21.600899220447307], [-87.12046306226868, 21.589187696904183], [-87.12953323375937, 21.568364087482024], [-87.13883483214696, 21.562435897058716]]], [[[-87.00415279077454, 21.567656760377204], [-87.00365668350037, 21.562060155755415], [-87.00934091558254, 21.559708958531107], [-87.0093561803343, 21.566027293711798], [-87.00415279077454, 21.567656760377204]]], [[[-87.01865163193406, 21.570657089306835], [-87.02151122608437, 21.569035846039082], [-87.02547829546452, 21.573858886968978], [-87.01865163193406, 21.570657089306835]]], [[[-87.00142839267376, 21.57041440583962], [-87.01451840324253, 21.569833744915176], [-87.02312261006043, 21.580218354608412], [-87.03031277760594, 21.574616558941646], [-87.03588288421841, 21.584418591171254], [-87.04201916917964, 21.584145893572437], [-87.03398033746976, 21.58584496128971], [-87.01894003722772, 21.58131803146383], [-86.9999858118005, 21.57138034923151], [-86.99251305980707, 21.56399610746261], [-87.00142839267376, 21.57041440583962]]]]}}]}