{"type": "FeatureCollection", "bbox": [4.612122800000028, 57.9743554, 31.1322564, 71.1854959], "features": [{"type": "Feature", "properties": {"iso3": "NOR", "source": "geoBoundaries", "territoryExtent": "metropolitan"}, "geometry": {"type": "MultiPolygon", "coordinates": [[[[27.75436450000004, 71.11069390000003], [27.683690600000045, 71.060498], [27.7463143, 71.04969190000004], [27.803291300000033, 71.07253920000004], [27.817574099999987, 71.0594008], [27.783546200000032, 71.04100090000001], [27.83557330000004, 71.02830339999996], [27.850537, 71.03832160000002], [27.83710119999998, 71.04531039999998], [27.888381099999982, 71.0377717], [27.963545099999966, 71.0840342], [27.9817158, 71.08222590000003], [27.95990890000002, 71.0628884], [27.97973819999997, 71.05501080000003], [28.066169, 71.08690080000002], [28.0668933, 71.04660140000004], [28.188226100000048, 71.0963909], [28.26928689999997, 71.06268289999996], [28.245289600000035, 71.0627264], [28.2678123, 71.0494199], [28.255012700000016, 71.0432613], [28.16742259999996, 71.03409680000004], [28.21063979999996, 71.02422840000003], [28.17442750000001, 70.99722220000001], [28.169523200000036, 70.98200740000003], [28.224523700000038, 71.00569029999998], [28.18072450000002, 70.95822209999997], [28.303895199999985, 71.00560950000005], [28.512774600000036, 70.9910487], [28.54703280000004, 70.96951650000001], [28.526746, 70.92997429999997], [28.497672300000044, 70.92124450000003], [28.510613, 70.91391730000004], [28.462794, 70.90801760000004], [28.485879599999976, 70.90119369999995], [28.47443439999997, 70.89129789999998], [28.34086340000004, 70.88994949999997], [28.457760300000047, 70.87551560000004], [28.407285100000014, 70.8524456], [28.32569909999998, 70.85303420000002], [28.369865, 70.8412098], [28.35035, 70.82621559999998], [28.217169799999976, 70.84326089999998], [28.3117832, 70.81300649999996], [28.238895299999967, 70.79068859999998], [28.0221754, 70.79701539999998], [28.0029488, 70.81317160000003], [28.0188841, 70.82520229999999], [27.934139199999986, 70.79575710000005], [27.733111, 70.80132690000002], [27.83371109999997, 70.78335970000003], [27.76141859999999, 70.745302], [27.90199659999997, 70.77528830000003], [28.025133499999978, 70.76324830000001], [28.001030199999978, 70.7419798], [28.05726030000002, 70.75904390000004], [28.142523800000042, 70.73516920000003], [27.850440300000013, 70.66800340000005], [27.876856200000045, 70.65546530000003], [27.6366589, 70.62057830000005], [27.902339800000032, 70.6373697], [28.263595399999964, 70.7202767], [28.3011763, 70.69816950000003], [28.283954300000037, 70.64872480000001], [28.202261599999968, 70.5952808], [27.8151568, 70.48763039999997], [27.857287299999967, 70.48511470000001], [27.82391990000004, 70.4456458], [27.8572222, 70.43679579999996], [27.890524500000048, 70.48008980000002], [27.951292699999964, 70.49981140000003], [27.99798459999996, 70.50473880000004], [27.939963, 70.48433379999997], [27.911732300000015, 70.4592818], [27.978071900000035, 70.49396570000005], [27.994208, 70.47991769999999], [28.167656300000022, 70.51249860000003], [28.19882669999998, 70.50567719999997], [28.0413955, 70.4532029], [28.0358061, 70.42631459999996], [28.24878660000001, 70.51192430000003], [28.371344399999977, 70.51495839999998], [28.338713, 70.4856845], [28.355621300000045, 70.48067070000002], [28.421071099999985, 70.49172979999997], [28.434416600000013, 70.5106466], [28.440343400000035, 70.51205879999996], [28.454646, 70.51215830000002], [28.433975899999965, 70.5091888], [28.459251, 70.4856137], [28.446077, 70.4633589], [28.5033032, 70.45224480000005], [28.48668510000001, 70.47145869999997], [28.546594900000045, 70.50631719999998], [28.465805899999964, 70.50955229999997], [28.392958, 70.54265989999998], [28.47123559999998, 70.5991902], [28.509687699999976, 70.65692730000002], [28.50649030000001, 70.6847176], [28.631440799999975, 70.678947], [28.55907790000003, 70.69431309999999], [28.515534, 70.72870649999999], [28.667621499999974, 70.78132379999998], [28.673512499999966, 70.81232680000004], [28.753206799999976, 70.8555081], [28.9671505, 70.88536790000005], [29.137138200000013, 70.84956680000002], [29.2371075, 70.85325950000002], [29.273970500000047, 70.82657509999997], [29.249859400000023, 70.79930680000002], [29.395400200000022, 70.7853505], [29.2530107, 70.73957379999996], [29.42206839999997, 70.73205439999998], [29.28573630000002, 70.71085890000005], [29.377520900000032, 70.698223], [29.248186399999977, 70.67215039999998], [29.299845199999975, 70.66458850000002], [29.2621298, 70.66128010000003], [29.246852700000026, 70.65486840000003], [29.302829299999967, 70.65610539999997], [29.384523499999982, 70.69895349999999], [29.7101801, 70.73641730000001], [29.803565899999974, 70.72702859999998], [29.7919535, 70.7009536], [29.812270300000044, 70.69408949999996], [29.771165300000014, 70.6598511], [29.791257, 70.65761640000002], [29.697824100000037, 70.62893510000005], [29.677157099999963, 70.61535939999997], [29.685919500000036, 70.61375440000005], [29.826732, 70.63932749999998], [29.943859699999976, 70.70449369999999], [30.081251600000037, 70.7078409], [30.212869800000043, 70.67588269999997], [30.10828330000004, 70.64875290000002], [30.245934499999972, 70.64181830000001], [30.335041699999966, 70.60904859999998], [30.21006, 70.5533946], [30.08060779999997, 70.5501013], [30.1468005, 70.53217490000002], [30.050895200000017, 70.5292399], [30.015791, 70.5408459], [29.996659100000024, 70.53652909999995], [30.136428900000013, 70.50455070000002], [30.3816568, 70.55222580000002], [30.6197162, 70.55123310000003], [30.636429400000043, 70.5382076], [30.608175800000016, 70.539062], [30.61763009999996, 70.52248480000002], [30.565235700000027, 70.5098136], [30.56747649999998, 70.50468949999996], [30.746771799999962, 70.46746129999998], [30.7250734, 70.42943820000004], [30.965468399999963, 70.44012359999996], [31.03137629999997, 70.3962455], [31.019981, 70.36616240000004], [31.0532913, 70.36312240000004], [31.058533200000028, 70.317542], [31.0389638, 70.3047027], [31.063239200000027, 70.289254], [30.5140155, 70.23923769999996], [30.480214100000037, 70.20686669999996], [30.33497270000003, 70.18367890000005], [30.3228487, 70.16989440000002], [30.360721899999966, 70.13829579999998], [30.093664, 70.08363759999997], [30.1684669, 70.0688041], [29.830465699999987, 70.06090260000003], [29.115390699999978, 70.13115849999998], [29.017808599999984, 70.12261950000001], [28.71072330000002, 70.17646950000004], [28.651243500000035, 70.17942780000003], [28.5968157, 70.1764615], [28.557963, 70.1702645], [28.76068940000003, 70.160925], [28.578119099999967, 70.1123528], [28.6705825, 70.0948126], [28.828071300000047, 70.10570520000002], [28.851181699999962, 70.09089619999996], [28.727094700000034, 70.0921955], [29.1087301, 70.05952679999997], [29.105965300000026, 70.0445975], [29.181120299999975, 70.03491090000001], [29.12363029999996, 70.01036450000004], [29.327898300000022, 70.02787440000002], [29.315212500000044, 70.02224110000003], [29.644648200000013, 69.9766298], [29.660833, 69.960833], [29.64035660000002, 69.9505751], [29.4304148, 69.90007919999995], [29.40689719999996, 69.88632930000004], [29.414793599999967, 69.87085730000001], [29.3614069, 69.86932130000002], [29.420286699999988, 69.85838879999999], [29.53306830000002, 69.918359], [29.577528600000026, 69.91694429999995], [29.573752, 69.89913530000001], [29.6065393, 69.91635490000004], [29.686134, 69.8985147], [29.712815, 69.91324060000002], [29.7625968, 69.881144], [29.7383926, 69.85301929999997], [29.7789047, 69.83024369999995], [29.729809500000016, 69.82485680000002], [29.7605369, 69.815145], [29.689297400000015, 69.78645730000002], [29.698738800000047, 69.77678719999999], [29.620117900000032, 69.76574710000001], [29.6584268, 69.75136449999998], [29.6159943, 69.75050769999996], [29.62749560000002, 69.742842], [29.57599719999997, 69.69917160000001], [29.536515, 69.703638], [29.40434569999997, 69.70371750000001], [29.39469410000004, 69.69948679999999], [29.575825499999976, 69.69494259999996], [29.48893589999997, 69.65865459999996], [29.51153720000004, 69.65752539999997], [29.677964, 69.73891889999997], [29.775811, 69.7480122], [29.879272299999982, 69.7296768], [29.95191890000004, 69.7674408], [30.0553959, 69.78162619999998], [30.076888199999964, 69.7686668], [30.025768499999984, 69.7528622], [30.035780499999976, 69.7375987], [29.8963576, 69.70442860000004], [29.92851139999997, 69.66500060000004], [29.916438199999963, 69.62655929999995], [29.936836199999984, 69.59207850000001], [29.952522599999988, 69.59075979999997], [29.93572670000002, 69.6653974], [29.915830899999985, 69.692991], [30.083456699999967, 69.729765], [30.096848099999974, 69.72342650000004], [30.07354, 69.71825570000004], [30.09545960000002, 69.70791449999999], [30.110075299999984, 69.67841569999996], [30.13063077789766, 69.66637272272233], [30.085325, 69.658111], [30.091287, 69.642843], [30.137807, 69.643539], [30.187696, 69.57013], [30.177218200000034, 69.5369823], [30.1194726, 69.51365589999997], [30.115103, 69.46834129999998], [30.035163, 69.424947], [29.947580399999985, 69.4051086], [29.8521892, 69.42302530000005], [29.723118800000027, 69.3891885], [29.57299, 69.318517], [29.390536, 69.32221849999996], [29.2907674, 69.29691280000004], [29.279615, 69.253687], [29.314093, 69.233684], [29.28894, 69.178824], [29.249769, 69.16107179999996], [29.24223, 69.11306], [29.04147, 69.01083], [28.80543, 69.1111558], [28.831539, 69.22436169999997], [29.219339499999975, 69.39763619999998], [29.336495600000024, 69.47832270000002], [29.133909500000033, 69.69534040000002], [28.404225399999984, 69.818425], [28.3304762, 69.84919259999998], [28.3452694, 69.88083180000001], [28.160713, 69.92099369999998], [27.984285299999968, 70.01397069999999], [27.95937780000004, 70.09211110000003], [27.744113, 70.06428749999996], [27.620309600000038, 70.07474690000002], [27.555619399999976, 70.05932839999998], [27.524122600000013, 70.02278789999997], [27.277703499999962, 69.979223], [27.296193500000033, 69.95345989999996], [27.09741240000001, 69.91709169999999], [26.881797, 69.9327589], [26.851289300000026, 69.96013479999998], [26.7180703, 69.9449865], [26.678687800000024, 69.9647723], [26.466629600000037, 69.94019610000002], [26.4075357, 69.901482], [26.418212799999964, 69.889093], [26.38358879999998, 69.8541585], [26.242623600000027, 69.81621230000002], [26.246327, 69.7955319], [26.125559799999976, 69.73454009999996], [26.007139500000044, 69.72285549999995], [25.897475699999962, 69.66968410000004], [25.954656599999982, 69.64658670000004], [25.976040300000026, 69.610225], [25.935478299999982, 69.57231589999998], [25.843080200000013, 69.54966369999997], [25.876822499999964, 69.5261298], [25.84832669999997, 69.4903311], [25.8637762, 69.47587430000003], [25.793014899999967, 69.42093], [25.84651630000001, 69.393376], [25.812556, 69.37592], [25.8175062, 69.359987], [25.75950260000004, 69.3403957], [25.74226940000004, 69.27620990000001], [25.70168540000004, 69.25046760000004], [25.713317, 69.21145830000003], [25.693337900000014, 69.19660150000001], [25.74367740000001, 69.13875670000003], [25.7242649, 69.07998390000002], [25.774641400000032, 69.01348050000003], [25.723157799999964, 68.98974190000001], [25.627092, 68.89264349999998], [25.542379400000016, 68.88629560000003], [25.481411199999982, 68.90506310000005], [25.398001100000013, 68.89079880000003], [25.1571257, 68.799893], [25.12101039999999, 68.74560460000002], [25.116388099999988, 68.63958830000001], [24.916923299999972, 68.60524660000003], [24.90316579999996, 68.55459179999997], [24.85716610000004, 68.56220980000003], [24.783424599999982, 68.6362346], [24.608387900000018, 68.68190160000002], [24.25096480000002, 68.72713209999998], [24.15296229999997, 68.753591], [24.1585511, 68.78970960000002], [24.075591600000013, 68.77996680000001], [23.983330800000036, 68.82714339999997], [23.871460800000023, 68.83651919999998], [23.775391499999966, 68.8188513], [23.6735202, 68.70552139999998], [23.440635599999982, 68.6921635], [23.167582200000037, 68.62851890000002], [23.0459522, 68.6893436], [22.800824, 68.68754810000003], [22.5353893, 68.7445126], [22.3745217, 68.71666660000002], [22.340780599999977, 68.82722570000003], [22.191867800000043, 68.9187737], [22.1757622, 68.95632440000003], [21.627085900000043, 69.27658829999997], [21.278820200000027, 69.31188410000003], [21.00331240000004, 69.22233809999997], [20.9875741, 69.19192739999998], [21.0556244, 69.12208529999998], [21.108674199999978, 69.10392909999999], [21.057543, 69.03628969999998], [20.717320800000017, 69.11979119999997], [20.552325800000016, 69.06007670000001], [20.06004720000003, 69.0457578], [20.30642820000004, 68.92617350000005], [20.335864599999965, 68.80234039999998], [20.20270289999997, 68.66590759999997], [19.93750390000002, 68.55794179999995], [20.226419600000046, 68.49080709999996], [19.921397, 68.35601370000005], [18.983697099999986, 68.51694730000001], [18.62114780000004, 68.5069382], [18.405610200000023, 68.58185539999998], [18.1258499, 68.53649540000005], [18.101091499999967, 68.406043], [18.15141260000004, 68.198755], [17.89980480000002, 67.96933589999998], [17.281895700000028, 68.1188101], [17.180003, 68.050508], [16.738129199999975, 67.91418619999997], [16.555733, 67.647289], [16.496299, 67.594643], [16.407797, 67.533978], [16.1566, 67.519458], [16.09015, 67.435232], [16.40401089999999, 67.20497950000002], [16.3877, 67.0455], [16.038763199999973, 66.91242129999998], [15.625833, 66.605833], [15.3772302, 66.4843117], [15.484714599999961, 66.282458], [15.035653, 66.1535649], [14.516284599999963, 66.132567], [14.624004499999966, 65.81419090000001], [14.52952129999996, 65.682227], [14.496771100000029, 65.5174317], [14.505657699999986, 65.3099238], [14.379021100000045, 65.24804959999997], [14.325778800000034, 65.119004], [13.7050997, 64.6396655], [13.654080199999964, 64.579929], [13.8924406, 64.507004], [14.086006, 64.47814110000002], [14.120556, 64.452778], [14.1579301, 64.1860759], [13.981667, 64.013056], [13.210943600000014, 64.09517249999998], [12.926836899999984, 64.05783830000001], [12.686055600000024, 63.9738931], [12.339966200000042, 63.72698550000003], [12.297581199999975, 63.6732169], [12.149762499999973, 63.593946], [12.212878299999975, 63.47859060000002], [11.974582200000029, 63.26922519999999], [12.218233, 63.00033450000003], [12.074689, 62.90254630000004], [12.1363845, 62.74791689999998], [12.056144, 62.61191909999998], [12.299449, 62.267493], [12.1379108, 61.723732200000015], [12.419737700000045, 61.56257979999998], [12.568276500000032, 61.5683325], [12.870857, 61.356485], [12.79034990000001, 61.197050400000016], [12.707328200000024, 61.1432262], [12.681579, 61.05948069999999], [12.447881599999967, 61.05118770000003], [12.223873, 61.0131217], [12.332782700000045, 60.89025289999997], [12.395311599999982, 60.733837800000046], [12.51165510000003, 60.6432239], [12.5181782, 60.60038089999996], [12.60679840000003, 60.51277080000003], [12.605983, 60.4058966], [12.4987958, 60.323652599999974], [12.541906499999978, 60.19337839999997], [12.500641500000032, 60.099076], [12.448558700000035, 60.03917469999996], [12.17445389999996, 59.889848800000046], [11.984187300000016, 59.90047060000004], [11.83980429999998, 59.8409364], [11.926310300000043, 59.79366859999996], [11.9460045, 59.7004613], [11.88921649999999, 59.69320830000003], [11.855709100000023, 59.648295399999974], [11.778892399999986, 59.64299450000004], [11.697964200000023, 59.60878130000003], [11.760946399999984, 59.428603500000044], [11.816245199999976, 59.34474449999997], [11.829796299999963, 59.24160719999997], [11.782993500000028, 59.206643400000026], [11.763624399999962, 59.114537399999975], [11.775721199999968, 59.086948699999986], [11.7105158, 59.0336756], [11.652003, 58.90623340000002], [11.553398499999968, 58.89893190000003], [11.5374131, 58.87741829999998], [11.455812600000016, 58.88918319999997], [11.453874300000045, 58.98546730000004], [11.476642, 58.98425], [11.417839500000039, 59.04203290000004], [11.4339097, 59.06358670000004], [11.407224200000044, 59.05576579999997], [11.3748955, 59.099202], [11.388138499999979, 59.11874690000002], [11.2, 59.091406], [11.230172299999964, 59.137708300000014], [11.200886200000038, 59.111965], [11.206859, 59.12642259999997], [11.174519199999967, 59.1272582], [11.179360100000025, 59.14505610000001], [11.203446, 59.145114], [11.19580880000004, 59.12991220000004], [11.2147762, 59.14748789999996], [11.175633499999972, 59.15356030000004], [11.184306, 59.196644], [11.142411, 59.197085], [11.1670548, 59.161548900000035], [11.146706099999971, 59.15875790000003], [11.120011200000036, 59.14470019999997], [11.110934, 59.172254], [11.074418200000014, 59.1947107], [11.079559100000026, 59.212416300000015], [11.062328399999966, 59.21700679999996], [11.07677, 59.188678], [11.107904, 59.159502], [11.110413, 59.143587], [11.072977, 59.121916], [11.071073, 59.139868], [11.0306, 59.129499], [11.044495, 59.162051], [11.020918, 59.151156], [11.013079, 59.187376], [10.948977, 59.1744], [10.931089299999975, 59.136181200000046], [10.899269899999965, 59.1480465], [10.916736900000036, 59.1695661], [10.9007882, 59.18564660000002], [10.82808849999999, 59.16688949999996], [10.815135899999962, 59.19432340000002], [10.789908, 59.189105], [10.8060411, 59.20693269999998], [10.762329799999982, 59.234073899999984], [10.793195599999962, 59.26407129999996], [10.72975980000004, 59.228006499999964], [10.726798200000044, 59.26181949999999], [10.748549899999983, 59.26987520000003], [10.7244285, 59.268245], [10.731541400000012, 59.281617600000025], [10.817536199999967, 59.32662540000003], [10.722449799999968, 59.304247499999974], [10.754522100000031, 59.32294660000002], [10.73703460000004, 59.345584600000024], [10.686414700000025, 59.303849900000024], [10.6582675, 59.3367132], [10.673999699999982, 59.35998439999997], [10.6508712, 59.37361880000002], [10.65784719999996, 59.422718600000024], [10.652686, 59.434792], [10.6908091, 59.477030100000036], [10.689831799999961, 59.527465], [10.66918990000001, 59.52207290000001], [10.647603499999981, 59.55868669999996], [10.652778699999988, 59.6172869], [10.619528, 59.67353459999999], [10.644468600000035, 59.70730089999997], [10.609844500000044, 59.68619249999997], [10.5804304, 59.75045929999999], [10.657716900000015, 59.871231700000024], [10.694370399999965, 59.8410921], [10.725189100000044, 59.7311674], [10.7122716, 59.71699119999999], [10.728530400000015, 59.720831], [10.735264899999986, 59.80197719999997], [10.784725800000029, 59.86010010000003], [10.744345900000042, 59.88679140000003], [10.759422600000047, 59.90645190000004], [10.688907799999981, 59.917653], [10.701770700000047, 59.90342719999998], [10.674812199999973, 59.89424679999996], [10.672237600000024, 59.919835899999974], [10.6064949, 59.87436249999999], [10.6188673, 59.88602280000003], [10.591616100000035, 59.89329110000002], [10.6121852, 59.9033298], [10.528271400000012, 59.89056829999998], [10.504576599999972, 59.876569], [10.496696900000014, 59.84620039999998], [10.470286900000026, 59.836504300000016], [10.510672200000016, 59.839255700000024], [10.476185400000016, 59.8204744], [10.504208599999988, 59.80299369999996], [10.520853, 59.689634], [10.604130500000043, 59.65770910000002], [10.6169255, 59.56953780000001], [10.560033100000044, 59.5391568], [10.511301200000013, 59.51975330000002], [10.422029700000014, 59.524558], [10.441404099999986, 59.60665890000002], [10.4126937, 59.61201269999997], [10.442004900000047, 59.6228828], [10.431160600000023, 59.68530530000001], [10.317726299999986, 59.716407800000034], [10.283083799999982, 59.749161], [10.213126500000037, 59.736545], [10.387824500000043, 59.6603775], [10.4144274, 59.59232930000001], [10.389804800000025, 59.58092620000003], [10.408778699999989, 59.56326409999998], [10.381844, 59.5312335], [10.232226599999962, 59.566405899999964], [10.383212700000023, 59.438606800000024], [10.445417400000046, 59.453519200000024], [10.498510699999986, 59.41654730000002], [10.461773600000047, 59.36954510000002], [10.4979, 59.322324], [10.529577299999971, 59.31643310000004], [10.491387600000014, 59.27495949999998], [10.5043001, 59.25485059999998], [10.4875982, 59.26546660000004], [10.468849899999967, 59.24493780000003], [10.433912, 59.271593], [10.372485700000023, 59.27457920000004], [10.3760976, 59.227066399999984], [10.338309300000038, 59.21995730000001], [10.307878, 59.147237], [10.329626, 59.129866], [10.28039, 59.138296], [10.312331, 59.087806], [10.307715, 59.055642200000044], [10.265275700000021, 59.12583270000001], [10.280968700000038, 59.07669040000004], [10.268265699999969, 59.041761499999964], [10.2543884, 59.0976062], [10.227273600000043, 59.11606860000001], [10.2414651, 59.12649019999997], [10.223365, 59.12679209999999], [10.230092500000044, 59.1008693], [10.205743200000029, 59.07702950000003], [10.23189560000002, 59.04240579999998], [10.208106199999968, 59.023365300000016], [10.13240830000004, 59.004217400000044], [10.126382099999965, 59.023137], [10.169482499999983, 59.03310710000004], [10.1672811, 59.05114540000004], [10.074297, 59.014997], [10.0532772, 59.03551839999997], [10.065894099999962, 59.043271], [10.021726, 59.050734400000046], [10.0501137, 59.00145290000002], [10.03998629999996, 58.9777508], [9.9717947, 58.98386790000004], [9.962889899999961, 58.961998300000026], [9.870033900000031, 58.97599539999997], [9.858152299999979, 58.958123], [9.817280200000035, 58.97624649999996], [9.8587075, 58.9943743], [9.838755500000019, 59.04448040000004], [9.806362100000033, 59.03732890000003], [9.801574, 59.089663], [9.781022, 59.038853], [9.717845, 59.069677], [9.71697580000004, 59.10934670000002], [9.692508300000014, 59.09711319999998], [9.70509770000001, 59.05510620000002], [9.65966679999999, 59.0585206], [9.651029300000037, 59.102555399999964], [9.61529969999997, 59.121994], [9.6287869, 59.13306929999996], [9.644332800000011, 59.11427490000002], [9.63014459999998, 59.13373130000002], [9.6516933, 59.139729900000034], [9.655738, 59.146184400000024], [9.640852199999973, 59.170941], [9.609483699999966, 59.20600519999998], [9.652053499999958, 59.142515], [9.580782, 59.121553], [9.590654, 59.116646], [9.534638, 59.131477], [9.510155, 59.125945], [9.628355, 59.082427], [9.647762, 59.0467738], [9.6991421, 59.047173], [9.748485, 59.015753], [9.752085, 58.987321], [9.705398, 59.00806], [9.704458, 58.986309], [9.655939, 58.990403], [9.70238, 58.981713], [9.694129, 58.965888], [9.64966, 58.973029], [9.588711, 58.945166], [9.620006500000034, 58.93907829999997], [9.613197, 58.929439], [9.46663609999996, 58.9392419], [9.511191800000041, 58.925807800000015], [9.462022599999976, 58.91081610000003], [9.459769, 58.885493], [9.4228161, 58.90759260000004], [9.367873199999966, 58.89337050000004], [9.371857600000034, 58.880414299999984], [9.419887599999988, 58.903236799999966], [9.421837899999975, 58.88042570000004], [9.39919669999998, 58.883213], [9.38576769999997, 58.875308], [9.41948770000003, 58.875811099999964], [9.412077600000025, 58.86422090000004], [9.35731310000001, 58.86275660000003], [9.36010980000004, 58.863704300000016], [9.347323, 58.88456050000003], [9.353030699999977, 58.86580530000004], [9.327403600000018, 58.867545], [9.303326599999973, 58.890437800000036], [9.304012399999962, 58.84813649999997], [9.291824699999985, 58.84710719999998], [9.274211499999986, 58.83130660000003], [9.39866, 58.851683], [9.467846099999978, 58.830057], [9.394275, 58.815629800000025], [9.407251, 58.80871050000004], [9.366909199999963, 58.79582629999999], [9.432228400000021, 58.811717], [9.434651499999958, 58.8023358], [9.349037, 58.753043], [9.159342, 58.738698], [9.066676, 58.7575569], [9.087714, 58.742223], [9.056909700000014, 58.725021], [9.189737, 58.714853], [9.2446574, 58.725382], [9.220086, 58.70451729999998], [9.0707581, 58.68659240000004], [9.231374, 58.68727], [9.0743124, 58.6228138], [8.993980199999973, 58.6125666], [9.018128599999974, 58.6077158], [8.997327900000029, 58.58529959999997], [8.946509799999957, 58.6092981], [8.95648339999997, 58.62600240000003], [8.931902599999985, 58.623194], [8.944910599999977, 58.59165659999997], [8.928057, 58.58551439999998], [8.922865199999984, 58.57350930000001], [8.96769180000001, 58.59622729999997], [8.962815899999987, 58.550070600000026], [8.887019, 58.5250094], [8.884975900000013, 58.49793630000003], [8.8595284, 58.49869249999998], [8.8796041, 58.52625859999997], [8.866278500000012, 58.5205986], [8.855785199999987, 58.50127790000003], [8.857501599999983, 58.488179500000015], [8.713149500000016, 58.4367546], [8.727778600000024, 58.423855300000035], [8.7034099, 58.40454280000004], [8.703418, 58.393028], [8.727191600000038, 58.394516], [8.726382, 58.386424], [8.66900180000003, 58.3718686], [8.678881, 58.357133], [8.62124, 58.327794], [8.601197, 58.335924], [8.622848, 58.35954], [8.612584, 58.362837], [8.532665, 58.291664], [8.5279, 58.302653], [8.539907599999962, 58.317611], [8.53632129999997, 58.31736489999998], [8.521329, 58.303141], [8.530251, 58.290375], [8.513556, 58.3026], [8.523709, 58.288815], [8.498841, 58.278233700000015], [8.538082, 58.286308], [8.516098, 58.258836], [8.438984600000031, 58.26423930000003], [8.43505790000003, 58.28861720000001], [8.409629800000017, 58.26647659999996], [8.428805, 58.2659], [8.426796, 58.2431918], [8.391763200000012, 58.255754800000034], [8.325205, 58.208822], [8.253141100000038, 58.209098699999984], [8.305364, 58.194124], [8.278658, 58.184248], [8.2677246, 58.15947250000003], [8.216969800000017, 58.154978499999984], [8.25935019999997, 58.13334790000003], [8.235822299999972, 58.12282], [8.204508200000026, 58.12814680000001], [8.207557, 58.163647], [8.190569899999977, 58.16539690000003], [8.17379509999998, 58.12622650000002], [8.137036300000021, 58.132842500000045], [8.1663048, 58.1200227], [8.146450500000023, 58.1041561], [8.089710200000043, 58.1339293], [8.061245799999982, 58.1192208], [8.075989499999968, 58.1410174], [8.050405600000031, 58.1436753], [8.05973710000003, 58.16138909999998], [8.12564539999998, 58.152915700000015], [8.076853100000013, 58.1639022], [8.086901199999973, 58.18752170000002], [8.032972199999987, 58.23669990000003], [8.054906, 58.205315], [8.0349647, 58.196268799999984], [8.051056, 58.16166760000002], [7.96554629999997, 58.135259], [7.980182899999976, 58.13003879999997], [7.956006499999967, 58.112366], [7.99004689999998, 58.101525799999976], [7.951621100000027, 58.075582599999976], [7.935213699999965, 58.10291149999996], [7.9110034, 58.06995620000003], [7.785406600000021, 58.06690420000001], [7.7841279, 58.08242960000002], [7.717707400000039, 58.0518939], [7.686190800000036, 58.085449], [7.7025755, 58.0729144], [7.711757300000043, 58.0768207], [7.699624, 58.08016590000003], [7.697251500000023, 58.08571049999996], [7.6904091, 58.085502900000016], [7.6857148, 58.0916408], [7.668799900000044, 58.10212970000003], [7.66162250000002, 58.10380789999997], [7.7086513, 58.05107559999997], [7.653168499999973, 58.05099490000004], [7.681378799999971, 58.03857859999998], [7.67516840000002, 58.020542399999975], [7.6525774, 58.0246574], [7.672416399999959, 58.01667340000004], [7.672501399999975, 58.0143704], [7.634549499999975, 58.01796069999997], [7.514244399999969, 58.00340540000003], [7.502935400000043, 58.02017040000001], [7.432229599999983, 58.01450480000002], [7.4321073, 58.023444700000034], [7.4231548, 58.02635020000001], [7.447195300000041, 58.03491279999998], [7.4163823, 58.04663350000004], [7.431604500000043, 58.03111809999998], [7.404184399999968, 58.0274204], [7.4222532, 58.02361159999999], [7.428825699999985, 58.0197032], [7.395788400000013, 58.020914400000024], [7.425811399999981, 58.00746339999997], [7.320285399999959, 58.046440399999966], [7.318863399999985, 58.025299400000016], [7.297396399999977, 58.04037639999996], [7.2753974, 58.025998400000034], [7.285123399999959, 58.0647914], [7.199566399999989, 58.02725340000004], [7.17872140000002, 58.05755340000002], [7.137850399999989, 58.02610939999998], [7.1417042, 58.042941], [7.1229274, 58.02537839999998], [7.105577, 58.040435599999974], [7.111842399999956, 58.00677940000004], [7.055727799999966, 57.979385], [7.029378, 57.99562429999997], [7.043635399999969, 58.02802539999997], [7.144995, 58.072595700000015], [7.103518700000032, 58.084334100000035], [7.105164, 58.0686989], [6.988561899999967, 58.02901939999997], [6.974579900000032, 58.046041900000034], [7.06144, 58.119077], [7.025896699999977, 58.11340769999996], [6.958646800000045, 58.0488259], [6.935058400000015, 58.05942770000002], [6.9648262, 58.08230090000003], [6.931148399999975, 58.08283740000001], [6.953142299999969, 58.09462430000004], [6.958599300000023, 58.100821], [6.9541549, 58.1069996], [6.9278168, 58.09274230000002], [6.920477800000024, 58.07150750000004], [6.813180900000026, 58.09599260000001], [6.902731400000016, 58.12641540000002], [6.953928600000014, 58.11281590000002], [7.035568399999969, 58.131899299999986], [6.909150099999971, 58.13084150000004], [6.833648400000024, 58.17212039999998], [6.879591100000026, 58.196018], [6.8698116, 58.199490900000036], [6.830995099999958, 58.17760129999997], [6.792838, 58.1843194], [6.805374700000021, 58.1561959], [6.8681424, 58.1341763], [6.856068, 58.1183095], [6.7751386, 58.114983300000034], [6.789669399999964, 58.09826620000001], [6.746238100000012, 58.114302500000015], [6.7264875, 58.10200630000003], [6.806021599999989, 58.09696420000002], [6.771632, 58.07931580000004], [6.81396660000002, 58.0843777], [6.819821899999988, 58.064913699999984], [6.638869400000024, 58.06648719999997], [6.5529554, 58.11768740000004], [6.598035400000034, 58.13156629999997], [6.623170499999963, 58.178900700000014], [6.716920200000031, 58.17321209999998], [6.67497170000002, 58.190167800000026], [6.932102300000031, 58.28890510000003], [6.7186374, 58.2199214], [6.694672, 58.242284], [6.703730899999959, 58.2561473], [6.659169400000019, 58.266783899999986], [6.672715500000036, 58.2814121], [6.664152600000039, 58.320545], [6.645481, 58.270067], [6.667551599999987, 58.240433400000036], [6.644996, 58.233439], [6.381211800000019, 58.274734600000045], [6.3826317, 58.27733960000002], [6.420599599999987, 58.2840366], [6.44373170000001, 58.29294240000004], [6.3571126, 58.280998900000014], [6.32244150000003, 58.30174590000004], [6.3503874, 58.3270218], [6.2923576, 58.314530799999964], [6.25945680000004, 58.34110109999998], [6.258265, 58.321505], [6.239678, 58.322642], [6.066833499999968, 58.3858331], [6.051099700000039, 58.37436949999998], [6.005360900000033, 58.40976639999996], [6.019263200000035, 58.421454800000014], [6.009209399999959, 58.437592599999974], [5.994795900000026, 58.42061169999998], [6.003075799999968, 58.45812969999996], [5.976985799999989, 58.4616425], [5.998437200000039, 58.4620729], [5.996639100000033, 58.4768502], [5.875625700000041, 58.4642404], [5.860584, 58.475054], [5.885043299999969, 58.475756099999984], [5.789301, 58.490789], [5.784169, 58.5073243], [5.793000900000033, 58.50257680000003], [5.799593100000044, 58.50405639999997], [5.772178399999971, 58.5280378], [5.667325400000033, 58.550047599999985], [5.550745, 58.657598], [5.550243, 58.691326300000036], [5.4893401, 58.75212709999998], [5.545546899999975, 58.792583299999976], [5.553127399999957, 58.8665874], [5.60284, 58.881649], [5.576853199999986, 58.89957639999997], [5.589341399999958, 58.912090599999964], [5.572564699999981, 58.925637200000025], [5.6059536, 58.9255821], [5.565110499999969, 58.9388232], [5.576014, 58.95859430000002], [5.6272079, 58.93937760000004], [5.6150918, 58.90663989999999], [5.6341252, 58.895410800000015], [5.686215399999982, 58.92846370000003], [5.635029799999968, 58.9347784], [5.5903552, 58.9682831], [5.60650819999997, 58.98559439999998], [5.5634127, 58.98249219999999], [5.562841099999959, 59.0151789], [5.59212240000002, 59.0204721], [5.5807726, 59.0364311], [5.76950180000002, 58.96515039999998], [5.742926300000017, 58.96143380000004], [5.756901900000043, 58.939161], [5.7327282, 58.9173036], [5.751992299999985, 58.89366760000002], [5.742233100000037, 58.85132479999998], [5.77454749999997, 58.88286550000002], [5.786147399999985, 58.938732699999974], [5.850905100000036, 58.929625], [5.849601, 58.95280469999998], [5.894837699999988, 58.967829], [5.978752699999989, 58.9374964], [5.964513900000034, 58.904209], [6.054762100000021, 58.895262800000026], [6.1760191, 58.834923900000014], [6.282294200000015, 58.84618379999996], [6.174351200000027, 58.8486896], [6.1172937, 58.87549180000001], [6.08658470000003, 58.900782], [6.133147700000018, 58.94933240000001], [6.282451499999974, 58.999989800000016], [6.362907699999964, 59.00317219999999], [6.532667899999977, 59.02854839999997], [6.582064700000045, 59.042094], [6.589987500000015, 59.040741200000014], [6.642916699999967, 59.05015140000004], [6.6518159, 59.0533767], [6.2621335, 59.01197959999996], [6.099755299999975, 58.942944500000024], [6.07295649999997, 58.903601], [5.994791800000042, 58.97054219999996], [6.0519815, 58.999709099999976], [6.091532599999971, 58.985502], [6.0295111, 59.02221829999997], [5.950452, 59.022334], [5.889625500000028, 59.073506], [5.977905, 59.121461], [6.172395, 59.13686], [6.022858, 59.142991], [6.101135, 59.219287], [6.176552199999973, 59.2349318], [6.190397, 59.257612], [6.330945, 59.270046], [6.3282196, 59.28840190000003], [6.421635299999972, 59.31338520000001], [6.533284, 59.315007], [6.557193, 59.320322], [6.3594344, 59.3197185], [6.154677, 59.260164], [6.11271, 59.300983], [6.244874, 59.313705], [6.274208, 59.297678], [6.285154, 59.311095], [6.2671, 59.317631], [6.289854, 59.318107], [6.243062, 59.336074], [6.215565, 59.39029], [6.226091, 59.32291], [6.187417, 59.317983], [6.2015961, 59.345577], [6.174564, 59.315912], [6.102495, 59.320987], [6.10741, 59.363352], [6.079775, 59.346345], [6.085076, 59.325464], [6.020809, 59.341169], [6.049778, 59.379987], [6.133388, 59.40029], [6.133029, 59.416416], [6.214121, 59.444548], [6.213363, 59.410986], [6.256137, 59.468996], [6.248322, 59.493927], [6.272037, 59.505819], [6.600456, 59.558987], [6.444435, 59.557441], [6.269064, 59.517665], [6.331091, 59.583985], [6.3291609, 59.625073599999986], [6.346085, 59.627564], [6.368788800000024, 59.64406909999996], [6.312648, 59.641093], [6.2888411, 59.61730650000002], [6.305956, 59.576301], [6.206049, 59.499688], [6.217331, 59.472785], [6.122172, 59.420018], [6.12088, 59.405648], [6.014394, 59.4101782], [6.0022819, 59.39995290000003], [6.0181035, 59.40503169999997], [6.020171300000031, 59.380958], [5.97694240000004, 59.35188749999999], [5.94168570000002, 59.3613298], [5.914498, 59.449207499999964], [6.013520499999968, 59.44517950000002], [6.199433799999964, 59.479868], [5.908977900000044, 59.4743762], [5.885269500000033, 59.4816744], [5.8983577, 59.497064], [5.871068700000025, 59.5021687], [5.871155700000029, 59.539988499999986], [5.8524772, 59.543829], [5.80802619999996, 59.51871029999997], [5.854560699999988, 59.4642802], [5.768603300000018, 59.43469640000004], [5.733183099999971, 59.47684550000004], [5.752315399999985, 59.4316248], [5.685087199999982, 59.4059209], [5.6673079, 59.39142880000004], [5.842863099999972, 59.437428300000036], [5.897010299999982, 59.38146920000003], [5.891996700000023, 59.3504761], [5.826172, 59.329084], [5.803219, 59.348531], [5.791172, 59.323949], [5.741604, 59.343056], [5.748683, 59.32831], [5.656257, 59.286952], [5.646897, 59.259871], [5.630739, 59.270826], [5.650332, 59.284768], [5.645375, 59.324047], [5.682452, 59.324057], [5.687403, 59.335991], [5.658299, 59.341965], [5.661642, 59.352652], [5.628719, 59.393778], [5.6119832, 59.47155239999996], [5.630849600000042, 59.5024521], [5.570506500000038, 59.4963829], [5.5239976, 59.445067], [5.465834200000041, 59.4598201], [5.462718399999988, 59.433840800000034], [5.514167699999971, 59.42917579999997], [5.5923647, 59.475332], [5.6203604, 59.42866589999996], [5.61972, 59.407274], [5.60017, 59.414323], [5.581105, 59.408044], [5.621173, 59.400075], [5.613891100000034, 59.329272699999954], [5.555911, 59.273598], [5.489819300000031, 59.27032490000003], [5.454518700000021, 59.315664], [5.4903363, 59.328248], [5.454497, 59.331112], [5.475988, 59.364761], [5.474755, 59.396022], [5.44176129999998, 59.33936310000004], [5.4574437, 59.29515590000002], [5.41796929999998, 59.2898656], [5.39054, 59.31233], [5.390908, 59.338952], [5.408445, 59.338885], [5.380775, 59.373191], [5.406742500000016, 59.3874136], [5.385190800000016, 59.42328369999997], [5.366914, 59.408265], [5.375065499999975, 59.33849470000004], [5.344333, 59.324948], [5.298164, 59.386089], [5.2466186, 59.42216680000002], [5.232365, 59.458512], [5.258095, 59.46981129999996], [5.229748899999963, 59.4689305], [5.244296299999961, 59.47592779999996], [5.223443, 59.479658], [5.222694, 59.502713], [5.279099300000011, 59.480991], [5.312276, 59.50060950000003], [5.281396099999979, 59.490595399999954], [5.240009700000025, 59.507247], [5.261738600000031, 59.51513359999997], [5.236707, 59.5100448], [5.227885299999956, 59.513908500000035], [5.256092300000036, 59.5203542], [5.279105299999975, 59.50945279999996], [5.2772174, 59.526166300000035], [5.2242296, 59.527666], [5.240906599999983, 59.54689230000002], [5.329046499999967, 59.60099589999997], [5.315545599999959, 59.619806600000025], [5.404211, 59.652955199999965], [5.414292300000033, 59.61894629999998], [5.438185, 59.61689120000003], [5.4319696, 59.6125595], [5.431568500000038, 59.584072], [5.442139199999984, 59.584246500000035], [5.435241, 59.6087144], [5.477619400000021, 59.62396620000002], [5.451902600000013, 59.65201250000004], [5.43300790000003, 59.64744380000003], [5.41346880000002, 59.66330019999998], [5.45070959999998, 59.661359800000014], [5.437520199999989, 59.6880297], [5.533438800000011, 59.733074100000024], [5.515908, 59.71879889999999], [5.54320659999996, 59.71022260000004], [5.531285600000023, 59.64904], [5.5071948, 59.6353262], [5.53635379999997, 59.569219100000026], [5.512765400000029, 59.54728369999999], [5.4892596, 59.560943399999985], [5.4752275, 59.5617347], [5.507878900000017, 59.5433775], [5.500421800000032, 59.52211739999996], [5.449669800000011, 59.542682200000016], [5.460432, 59.482324], [5.466655, 59.51242], [5.508933, 59.511871], [5.53406, 59.537887], [5.550008, 59.522087], [5.543168, 59.54168], [5.58487049999996, 59.592701199999965], [5.552694, 59.604226], [5.554033300000038, 59.64835429999996], [5.594212700000044, 59.685683], [5.772941200000025, 59.64875530000001], [5.786800700000038, 59.61721660000004], [5.740457, 59.600007], [5.80010270000002, 59.603584099999985], [5.821064399999964, 59.609863799999985], [5.792087, 59.643296399999976], [5.922103099999964, 59.6446309], [5.894564, 59.650052699999975], [5.934959600000033, 59.67288670000003], [5.794892200000023, 59.648186400000014], [5.782702100000025, 59.68377360000002], [5.856569899999963, 59.708895], [5.86412279999997, 59.72937090000004], [5.9415492, 59.73380930000002], [5.94994, 59.7528778], [5.932678400000023, 59.7574541], [5.930312500000023, 59.7701175], [5.982639, 59.733997699999975], [6.091049599999975, 59.73585909999998], [6.141473500000027, 59.78302], [6.3400049, 59.846563], [6.384371499999974, 59.8738194], [6.022688, 59.752957899999956], [5.9560966, 59.7902522], [5.9827933, 59.80833370000001], [5.991294300000026, 59.85886919999997], [5.966988200000033, 59.85409170000001], [5.938509300000016, 59.79607989999999], [5.880458400000043, 59.7687682], [5.780757399999969, 59.8306043], [5.715420100000012, 59.82620060000004], [5.7282229, 59.8335887], [5.696169900000013, 59.83272419999997], [5.674450199999969, 59.84871659999998], [5.740887, 59.8632803], [5.7378047, 59.87744920000003], [5.760113500000029, 59.86810739999998], [5.771835, 59.91266939999996], [5.810690300000031, 59.93404959999998], [5.994268800000023, 59.95467679999996], [6.0102264, 59.98036650000004], [5.981318, 60.00151570000004], [6.03875189999996, 60.067220799999966], [6.320824900000032, 60.12713689999999], [6.2821663, 60.13404959999996], [6.296477399999988, 60.16305219999997], [6.279082500000021, 60.164170400000025], [6.2468282, 60.13032330000002], [6.1358881, 60.10732590000004], [6.1673842, 60.1255805], [6.082796400000023, 60.19156930000003], [6.122007, 60.2193756], [6.195885800000033, 60.22646669999999], [6.203607200000038, 60.25751839999999], [6.252441099999983, 60.27456809999999], [6.223035, 60.2944701], [6.377153599999973, 60.3407069], [6.352831, 60.3705381], [6.4965981, 60.383366499999966], [6.561992900000012, 60.4367326], [6.669267400000022, 60.4070709], [6.563758, 60.23945409999997], [6.528227500000016, 60.08864960000001], [6.551182300000024, 60.070337900000034], [6.571306500000039, 60.17110610000004], [6.685850499999967, 60.385631200000034], [6.723671, 60.3767511], [6.712799100000021, 60.39868039999997], [6.836898299999982, 60.47392920000004], [6.992577699999968, 60.48286689999996], [7.059758200000021, 60.46373960000001], [7.142782300000027, 60.49433320000003], [6.913902800000015, 60.49359130000001], [7.026481499999958, 60.586624300000025], [6.924385300000035, 60.5278771], [6.921336700000035, 60.562341900000035], [6.947331699999969, 60.57242389999996], [6.90993980000003, 60.566471300000025], [6.917091699999988, 60.518929200000024], [6.892947900000012, 60.4907668], [6.760772299999983, 60.4709961], [6.700541300000017, 60.430538], [6.630111599999976, 60.463603899999974], [6.713341200000022, 60.52245340000003], [6.603009, 60.458947], [6.526921, 60.457428], [6.298218299999968, 60.39155860000002], [6.234914599999962, 60.4224664], [6.240771, 60.43476449999997], [6.209265699999976, 60.46926580000002], [6.229352099999973, 60.4195851], [6.278912100000044, 60.3828612], [6.14467289999998, 60.373225799999986], [6.220903899999962, 60.3349702], [6.166036599999968, 60.3100726], [6.195473799999961, 60.27945170000003], [6.1525212, 60.242276099999955], [6.1410986, 60.2592522], [6.005947100000041, 60.27186250000004], [6.006409600000028, 60.23092989999997], [5.963010800000012, 60.212981], [5.9491405, 60.157790700000014], [5.899006600000044, 60.15501519999996], [5.922441100000041, 60.08282010000004], [5.913893299999961, 60.031226], [5.8309363, 59.98287390000002], [5.811260300000031, 60.00081619999998], [5.829672699999987, 60.01798589999997], [5.765718499999982, 59.979168600000044], [5.7613626, 60.011299], [5.726500799999966, 60.0034098], [5.715262600000036, 60.072241], [5.7824013, 60.0676797], [5.793889899999959, 60.049236100000044], [5.838163599999978, 60.090750800000045], [5.758739600000039, 60.069338], [5.732890600000017, 60.095185599999986], [5.743846200000013, 60.105462300000035], [5.7200486, 60.10501660000001], [5.7688285, 60.126678], [5.7205199, 60.17064970000002], [5.770270899999973, 60.186969300000015], [5.697271600000041, 60.1922129], [5.686637800000026, 60.16141509999996], [5.603737, 60.142358900000026], [5.590530899999967, 60.142773499999954], [5.599489700000037, 60.1492479], [5.590467799999987, 60.1472944], [5.590439799999979, 60.15059579999996], [5.5815958, 60.151275499999976], [5.575679899999985, 60.153017799999986], [5.574393300000024, 60.1559173], [5.606127800000026, 60.18504920000004], [5.592007099999984, 60.2061742], [5.747297899999969, 60.23823740000002], [5.62052759999998, 60.23234489999999], [5.666176700000024, 60.28463660000004], [5.598389400000036, 60.235820699999984], [5.583753199999974, 60.25256160000002], [5.656116300000024, 60.28512839999996], [5.656018099999981, 60.3360299], [5.688782400000013, 60.363960100000014], [5.744923499999976, 60.368992], [5.763166200000013, 60.3956622], [5.719795500000012, 60.40323030000002], [5.719968500000027, 60.38155459999997], [5.6850187, 60.37232919999996], [5.664482, 60.34546810000004], [5.650871400000023, 60.362465499999985], [5.66645, 60.37135330000004], [5.6469198, 60.3737412], [5.614691099999968, 60.287013], [5.562615899999978, 60.26154489999998], [5.574774600000042, 60.2423441], [5.532956100000041, 60.1969683], [5.472131399999979, 60.1891473], [5.44202490000003, 60.13215470000003], [5.4265508, 60.16204060000002], [5.400007700000019, 60.15341210000001], [5.398959399999969, 60.17904229999996], [5.330026400000042, 60.19313589999998], [5.3536643, 60.19002150000004], [5.3347758, 60.204886], [5.366328699999977, 60.2007694], [5.390715100000042, 60.22280020000002], [5.245137600000026, 60.20972489999997], [5.334792300000023, 60.257757799999986], [5.328447100000021, 60.26990540000002], [5.298355499999973, 60.25625210000002], [5.272562100000021, 60.27599740000004], [5.2363651, 60.2629093], [5.20192, 60.2881152], [5.219945, 60.32044380000004], [5.327173599999989, 60.3110839], [5.33724510000002, 60.3454676], [5.25800380000001, 60.320507499999984], [5.235604799999981, 60.36078160000001], [5.2319274, 60.32959519999997], [5.20252910000003, 60.32712639999998], [5.170588500000028, 60.372762], [5.241183499999979, 60.39966679999996], [5.260148700000022, 60.38884019999998], [5.272734499999986, 60.395377], [5.332532900000041, 60.377861699999954], [5.352080899999988, 60.3807724], [5.308923699999978, 60.3882662], [5.3224805, 60.411098], [5.279445399999959, 60.43468260000003], [5.320425799999983, 60.44278869999998], [5.255222900000044, 60.47764789999997], [5.272924499999986, 60.520168100000035], [5.3793822, 60.5040101], [5.4633346, 60.4206114], [5.4592963, 60.4547451], [5.520794199999978, 60.421415199999984], [5.622681600000034, 60.4286613], [5.653007800000042, 60.460217800000024], [5.720240300000045, 60.45285730000004], [5.7442872, 60.47139140000003], [5.719793, 60.5379183], [5.773782700000018, 60.57725979999996], [5.73275369999997, 60.55134970000003], [5.7196461, 60.55656110000002], [5.736860300000023, 60.65905210000001], [5.8001669, 60.65753179999999], [5.833542100000043, 60.61266579999999], [5.956398, 60.641122], [5.844921500000021, 60.6212869], [5.801982400000027, 60.658112299999964], [5.7403724, 60.66434210000001], [5.733941, 60.6889637], [5.7611201, 60.692723599999965], [5.7957206, 60.735103200000026], [5.751506500000025, 60.69772350000003], [5.675353899999957, 60.7019513], [5.6678822, 60.72018880000004], [5.7018557, 60.75549130000003], [5.7256069, 60.75664889999997], [5.7660482, 60.780768100000046], [5.802933, 60.81394720000003], [5.789219499999975, 60.815949400000044], [5.737341300000031, 60.76749929999997], [5.69915120000004, 60.76241190000003], [5.664460799999981, 60.72692350000003], [5.594141899999959, 60.69676790000001], [5.5480054, 60.70115730000002], [5.577640600000032, 60.66128349999998], [5.5622877, 60.63186229999998], [5.492490900000012, 60.633623599999964], [5.43013, 60.595054], [5.3905568, 60.61017429999998], [5.4098983, 60.5866766], [5.3643496, 60.592072399999964], [5.387156400000025, 60.57016249999999], [5.280116100000031, 60.540797600000026], [5.231351400000039, 60.56541009999997], [5.204575, 60.623283], [5.113676599999971, 60.6591519], [5.1235141, 60.679183199999976], [5.165645799999984, 60.67211649999996], [5.268809, 60.61932060000002], [5.227269, 60.642618], [5.238025, 60.662405], [5.1035736, 60.71815269999997], [5.1967998, 60.69476490000002], [5.158172800000015, 60.73160920000004], [5.1900165, 60.715616299999986], [5.213152499999984, 60.724719], [5.093682399999965, 60.740077700000036], [5.104179500000038, 60.72273219999998], [5.062942700000027, 60.72906930000003], [5.031402400000017, 60.748009899999985], [5.0630304, 60.7518789], [5.04538510000001, 60.776701], [4.984814900000044, 60.80227570000004], [4.9842464, 60.788607100000014], [4.945385, 60.81016440000003], [5.01746949999997, 60.82251259999997], [5.113196300000022, 60.765357899999984], [5.089634300000045, 60.789275900000014], [5.318709700000012, 60.730758], [5.350112199999989, 60.707503500000016], [5.3320987, 60.69804489999998], [5.359892199999971, 60.6541871], [5.4047211, 60.6371985], [5.362004, 60.680702900000036], [5.4623751, 60.63457460000004], [5.380589599999984, 60.6853001], [5.4096083, 60.69645629999999], [5.469319600000032, 60.659041400000014], [5.420442, 60.701983], [5.454462, 60.71378819999998], [5.41647159999996, 60.707254099999986], [5.400914099999964, 60.73495979999998], [5.3767961, 60.7305258], [5.386478100000035, 60.74827379999997], [5.347612099999987, 60.745488], [5.349414800000018, 60.76600050000004], [5.3240221, 60.74866840000003], [5.265706, 60.770478], [5.327873, 60.815747], [5.3789269, 60.81618689999998], [5.351788, 60.840719300000046], [5.36661, 60.864733], [5.47566, 60.876464], [5.510812099999972, 60.857003300000024], [5.5900805, 60.87352060000003], [5.4922246, 60.87870620000001], [5.525907500000015, 60.91601809999999], [5.473559500000013, 60.88694019999997], [5.350098900000043, 60.870661199999965], [5.30641159999996, 60.8120051], [5.280869700000034, 60.812648400000036], [5.284288700000038, 60.82385339999997], [5.239991799999965, 60.83194839999998], [5.27818, 60.81735020000004], [5.26073739999997, 60.79222470000002], [5.212053800000026, 60.838769900000045], [5.1940688, 60.80591489999997], [5.1828288, 60.833230899999954], [5.175826800000015, 60.811202899999984], [5.1549018, 60.81563590000004], [5.154295600000024, 60.835261500000016], [5.176927200000025, 60.84078350000003], [5.1897632, 60.82905649999998], [5.185851199999968, 60.84857350000002], [5.155541, 60.846588199999985], [5.1457763, 60.82554670000001], [5.098586099999979, 60.8294077], [5.097096099999975, 60.84670770000001], [5.0638891, 60.84427870000003], [5.0704361, 60.864420399999986], [5.029082900000036, 60.90728380000002], [5.0513653, 60.927273], [5.010859700000013, 60.93577960000002], [5.003205599999982, 60.96110560000002], [5.02140120000003, 60.962665600000044], [5.005336199999965, 60.966744600000034], [5.1264703, 60.95832369999997], [5.117989, 60.87146480000002], [5.134941400000036, 60.88125280000004], [5.127867799999985, 60.960276100000044], [5.192988300000033, 60.96848089999999], [5.172313899999969, 60.9877915], [5.1908882, 61.006401200000035], [5.11517929999996, 60.9650621], [5.0875212, 60.9833666], [5.040547100000014, 60.979788300000045], [5.026337499999988, 61.0247944], [5.0518655, 61.02799240000002], [5.02011950000003, 61.03487039999996], [5.0430106, 61.059686], [5.151852500000031, 61.08545120000003], [5.293277700000031, 61.06557830000002], [5.3243816, 61.031082800000014], [5.464633, 61.032954], [5.48432, 60.987793], [5.479268, 61.048045], [5.521723799999977, 61.06580160000002], [5.609940199999985, 61.0837516], [5.68171070000003, 61.05944360000003], [5.6144532, 61.08512610000004], [5.803925799999975, 61.1261487], [5.8247252, 61.10134880000001], [5.800125899999985, 61.07103749999999], [5.7981068, 61.0519034], [5.846798, 61.099134899999974], [5.910090199999972, 61.065718], [5.854570299999983, 61.108697], [5.925124, 61.1306754], [6.039706900000018, 61.1064316], [6.162084199999972, 61.11854370000004], [6.319446, 61.082344], [6.30839310000002, 61.04793249999999], [6.265531400000034, 61.03875150000001], [6.270300199999989, 61.03502380000004], [6.303018400000026, 61.040511], [6.341838, 61.070625], [6.409482, 61.070532], [6.38679, 61.018893], [6.350276, 61.010756], [6.403678, 61.005907], [6.450007, 61.079111], [6.542115, 61.104499], [6.589178, 61.090755], [6.641312800000042, 61.17563859999996], [6.702141, 61.151469], [6.852454, 61.145365], [6.875403, 61.130881], [6.880576, 61.089241], [6.940718, 61.074814], [6.959409, 61.088151], [7.014156, 61.0574616], [7.036840100000029, 60.998857900000026], [6.8714282, 60.930972], [6.8414799, 60.88134060000002], [6.88475660000003, 60.93013579999996], [7.049550700000017, 60.98565140000004], [7.15480439999998, 60.938182200000035], [7.12239889999997, 60.86048269999996], [7.1917926, 60.90508039999997], [7.1931934, 60.93935159999998], [7.083878800000031, 60.97506319999998], [7.039722599999964, 61.03390930000002], [7.047897800000035, 61.06031359999998], [7.026259, 61.088376], [7.041403, 61.104209], [7.215110300000015, 61.118187], [7.248428, 61.147359], [7.318404799999966, 61.123493], [7.384722, 61.122567], [7.427246200000036, 61.10137050000003], [7.448997, 61.106557], [7.469919399999968, 61.0986897], [7.4756305, 61.098194699999986], [7.478841899999965, 61.098761], [7.374047199999966, 61.1467525], [7.5188263, 61.1924644], [7.624262399999958, 61.195259], [7.7126831, 61.232234399999975], [7.650096800000016, 61.2409588], [7.621316600000027, 61.21326769999998], [7.422054800000021, 61.200349], [7.3933686, 61.2069271], [7.378802499999958, 61.267680400000025], [7.3126247, 61.2968554], [7.384238799999986, 61.325849], [7.41570029999996, 61.380443400000026], [7.589303499999977, 61.4744152], [7.5878181, 61.4947356], [7.4522282, 61.43986650000003], [7.436812600000019, 61.4094209], [7.363957600000036, 61.37874879999997], [7.284355700000033, 61.39594549999997], [7.342634699999961, 61.36819640000003], [7.347645200000018, 61.34413539999998], [7.246922499999963, 61.29958040000004], [7.330482199999965, 61.2653217], [7.353654400000019, 61.19669789999998], [7.3957324, 61.181900700000014], [7.329014600000038, 61.1567797], [7.240103800000041, 61.18385570000003], [7.246058100000029, 61.17146480000003], [7.1881859, 61.16642969999998], [7.168099, 61.14139970000004], [7.0401482, 61.134379599999974], [6.992195799999989, 61.10578880000003], [6.9444531, 61.11320760000004], [6.928074600000022, 61.13932230000002], [6.994662, 61.1507072], [7.077879599999969, 61.19842220000001], [7.172020199999961, 61.20099159999997], [7.1190673, 61.210313599999985], [7.134506299999964, 61.24867], [7.172993500000024, 61.254752], [7.167808299999988, 61.26851540000001], [7.112447700000034, 61.246795699999964], [7.094127900000013, 61.213005], [7.024890400000027, 61.1927436], [6.995757, 61.15739090000004], [6.596521099999974, 61.207526300000026], [6.587585, 61.239966], [6.678920199999959, 61.279374], [6.744764799999968, 61.34996830000004], [6.754391, 61.420777400000034], [6.7216569, 61.352078500000026], [6.653199199999959, 61.28455019999998], [6.57323, 61.252476299999955], [6.561834200000026, 61.29953009999996], [6.544433600000032, 61.27263550000003], [6.500366300000037, 61.275817699999976], [6.539855499999957, 61.261376], [6.5681802, 61.2123512], [6.480699699999958, 61.228619500000015], [6.5393151, 61.20921319999998], [6.545072, 61.140133199999966], [6.473446599999976, 61.115145599999984], [6.37842860000004, 61.10984809999999], [6.268753, 61.133812], [6.203491, 61.16525], [6.22204279999996, 61.188048], [6.137748, 61.153761], [6.06126530000004, 61.14519960000003], [6.005293200000027, 61.1634392], [6.070971699999971, 61.18553939999999], [6.080976299999973, 61.2066586], [6.0649972, 61.21820720000003], [6.050376100000031, 61.1941787], [5.931649599999988, 61.16085959999998], [5.823319300000017, 61.16168150000004], [5.814041, 61.188472899999965], [5.835596500000028, 61.20672279999998], [5.819533500000039, 61.20986410000001], [5.795973300000034, 61.1916766], [5.802433799999983, 61.1599517], [5.728483200000033, 61.16745550000003], [5.7052888, 61.13780069999998], [5.617570700000018, 61.1531503], [5.565554, 61.114706900000016], [5.40124, 61.069645], [5.346835799999971, 61.10213939999996], [5.344906500000034, 61.13928409999997], [5.2290194, 61.1055717], [5.1973075, 61.14705210000001], [5.287562800000044, 61.138818], [5.071944, 61.177258], [5.094275, 61.202254], [5.136444, 61.206074], [5.263819, 61.169578], [5.29623, 61.177991], [5.251824, 61.194607], [5.311183399999985, 61.18929759999999], [5.182280700000041, 61.227592500000036], [5.004185, 61.224604], [5.10227, 61.234636], [5.103294, 61.257912], [5.06013, 61.23989], [5.009270599999981, 61.243923], [5.024411599999977, 61.2728768], [4.98756859999998, 61.24513810000004], [4.948285599999979, 61.24558010000002], [4.9490555, 61.260923499999976], [4.98579050000003, 61.256383400000026], [4.979056, 61.28512], [5.041958, 61.28726], [5.072746, 61.294343], [5.029284, 61.292825], [5.055958, 61.306116], [5.226925, 61.307643], [5.198362, 61.317835], [5.21664, 61.331616], [5.199341, 61.346999], [5.280004, 61.349508], [5.350843, 61.313233], [5.285262, 61.355819], [5.359101, 61.352254], [5.429919, 61.378652], [5.560948, 61.362807], [5.643984, 61.373505], [5.660573, 61.361534], [5.676144, 61.362764], [5.653353, 61.377035], [5.415290899999968, 61.38524910000002], [5.187989, 61.35998], [5.168652, 61.334821], [5.077651, 61.322076], [5.071120499999958, 61.3385579], [5.111798, 61.343067099999956], [5.047841300000021, 61.349322299999976], [5.023828, 61.377368], [5.032401, 61.394388], [5.092686, 61.40192], [5.103835, 61.377177], [5.102475, 61.412519], [5.164622, 61.430741], [5.004844, 61.405802], [4.975925, 61.421325], [5.078934, 61.45204], [5.234333, 61.456491], [5.253716, 61.473065], [5.235741, 61.483599], [5.34644, 61.460749], [5.379399, 61.465041], [5.324791, 61.478909], [5.412486, 61.47777], [5.43245, 61.45924], [5.467896, 61.454251], [5.449829, 61.448946], [5.546089899999961, 61.4405017], [5.634575200000013, 61.45428610000002], [5.714233299999959, 61.494477], [5.849389599999965, 61.45024350000002], [5.863671899999966, 61.450135200000034], [5.868054400000021, 61.4508111], [5.876823, 61.45561730000003], [5.848713, 61.450931600000025], [5.805962900000038, 61.47268559999998], [5.8151146, 61.48916250000001], [5.720921800000033, 61.516952], [5.623528500000029, 61.470801200000025], [5.528085899999956, 61.4545273], [5.442347199999963, 61.4643936], [5.4797424, 61.465170499999985], [5.470138799999956, 61.4841902], [5.502377099999988, 61.49494259999998], [5.354427399999983, 61.4882638], [5.177705, 61.514246599999986], [5.165678600000033, 61.52213739999998], [5.184647799999963, 61.527306800000034], [5.1600405, 61.5334561], [5.1908377, 61.53831539999997], [5.174936499999982, 61.55534080000001], [5.407688599999959, 61.549001400000044], [5.180936799999957, 61.5961286], [5.398644700000043, 61.59368639999999], [5.334338200000021, 61.58737830000004], [5.3395872, 61.577879499999966], [5.367360399999987, 61.571705], [5.34678260000001, 61.57753010000001], [5.4585225, 61.571686], [5.443934500000024, 61.57852770000004], [5.461301399999984, 61.589501], [5.3398448, 61.613294400000015], [5.139675400000042, 61.60531770000003], [5.368561599999987, 61.62769070000004], [5.425110300000012, 61.6481889], [5.2853682, 61.62528329999998], [5.004539, 61.64175820000003], [5.0150836, 61.6301366], [4.991142, 61.62741], [5.009537599999957, 61.64971880000002], [4.973007900000036, 61.669537299999966], [4.986064799999989, 61.696805], [4.968549700000024, 61.72124310000003], [5.008076699999963, 61.71939], [4.981452700000032, 61.72899130000003], [4.991040700000026, 61.73960159999997], [5.0874987, 61.753269], [5.112291699999959, 61.7052836], [5.119103500000021, 61.7438742], [5.166326299999978, 61.71888680000003], [5.161770100000028, 61.702365599999965], [5.175410400000024, 61.7228358], [5.217925, 61.722791200000046], [5.1492061, 61.73831530000003], [5.149825099999971, 61.75494290000002], [5.2952599, 61.77294729999997], [5.131221, 61.75777790000002], [5.094177499999985, 61.76102759999996], [5.096369499999986, 61.77737419999997], [5.15332, 61.808697], [5.382508899999982, 61.84608589999997], [5.299776, 61.85745020000003], [5.430626800000015, 61.917580899999955], [5.541405299999957, 61.9048063], [5.5450083, 61.889381], [5.7079552, 61.8849355], [5.779793, 61.853251], [5.679262, 61.840656], [5.646546, 61.813003], [5.85626, 61.856803], [5.980287, 61.850329], [5.943686, 61.768166], [5.8791794, 61.734844099999975], [5.913233, 61.73140459999996], [5.965649, 61.766156], [5.9958336, 61.837245600000024], [6.019598, 61.8444107], [6.179768800000017, 61.7643042], [6.2120967, 61.778821900000025], [6.078562700000022, 61.846801], [6.125181, 61.830942], [6.296922, 61.848381], [6.484654, 61.805229], [6.608258, 61.846985], [6.586696, 61.869772], [6.757283, 61.864598], [6.803591099999972, 61.83484970000003], [6.82005510000001, 61.86652679999999], [6.847104699999983, 61.86932880000001], [6.7106111, 61.88149809999997], [6.705894600000017, 61.90191819999996], [6.555741200000019, 61.8778958], [6.522911, 61.833954], [6.439292, 61.830245], [6.324891, 61.863136], [6.136860900000029, 61.84637760000003], [6.068033, 61.873643], [5.910842, 61.883692], [5.807217700000033, 61.85740840000003], [5.729782200000043, 61.89291930000004], [5.9874189, 61.907292], [5.685240499999965, 61.91032769999997], [5.4477493, 61.939507200000044], [5.177980899999989, 61.89534940000002], [5.1465644, 61.91158679999996], [5.191302299999977, 61.91749040000002], [5.1220305, 61.9198551], [5.145131, 61.92770579999996], [5.133441099999979, 61.93791659999997], [5.1632607, 61.98314], [5.188123799999977, 61.982676], [5.184772200000042, 61.98646630000003], [5.192364400000015, 61.98895230000002], [5.195307900000023, 61.987888], [5.1984969, 61.9504806], [5.221439100000035, 61.93286430000001], [5.200971300000012, 61.978967], [5.241496400000022, 61.98444940000004], [5.288894, 61.951116], [5.297683499999971, 61.96601590000002], [5.24068, 61.9903], [5.312057, 61.977092], [5.343541900000014, 62.0328015], [5.425048, 62.019594300000044], [5.339596, 62.0355807], [5.343368300000039, 62.05926240000002], [5.234002800000036, 62.103155299999976], [5.116798900000029, 62.099828], [5.112934300000015, 62.125647900000025], [5.160444699999966, 62.12754719999997], [5.0866024, 62.1674005], [5.114796, 62.168141099999985], [5.09584, 62.194758], [5.201294500000019, 62.19288959999999], [5.175006700000017, 62.19848360000001], [5.184149, 62.218987], [5.285550099999957, 62.15810490000003], [5.331344, 62.168511100000046], [5.30002660000004, 62.1514674], [5.3174279, 62.120851], [5.494556, 62.043534], [5.4576593, 62.003062299999975], [5.530175099999978, 62.0358403], [5.511362300000021, 62.04024720000002], [5.528998300000042, 62.04767819999998], [5.5206473, 62.07544790000002], [5.5896843, 62.075505], [5.620593700000031, 62.05323539999997], [5.615892299999969, 62.07659870000003], [5.564714100000034, 62.09766889999998], [5.4357438, 62.1026928], [5.40455510000004, 62.127561299999975], [5.4406796, 62.1785441], [5.485020299999976, 62.200078], [5.563781100000019, 62.16681939999996], [5.643693200000021, 62.17204880000001], [5.675078399999988, 62.11686759999998], [5.724527600000039, 62.087866900000044], [5.745364300000032, 62.098149300000024], [5.692215799999966, 62.12170420000004], [5.67039770000004, 62.17468010000003], [5.8439969, 62.204345099999955], [5.914174200000021, 62.1897091], [5.9512359, 62.1579145], [5.944965100000021, 62.11692329999997], [5.846917200000034, 62.00483860000004], [5.968957399999985, 62.101762], [5.9619469, 62.13583419999996], [5.979343, 62.142568900000036], [6.08700059999998, 62.0965614], [6.078499, 62.0575821], [6.18581, 62.084876], [6.324518400000011, 62.06093290000004], [6.281827, 62.085774], [6.141215, 62.094586], [5.925274900000032, 62.222201], [5.969342699999979, 62.23237680000001], [6.007216, 62.201583], [6.117303899999959, 62.188848], [5.958624, 62.249273100000025], [6.233506399999976, 62.35836], [6.346169, 62.37320210000002], [6.42535850000001, 62.2910021], [6.4229248, 62.26654920000002], [6.487164700000013, 62.228420100000015], [6.478002, 62.2044831], [6.581026799999966, 62.14693780000003], [6.54655709999996, 62.12391450000004], [6.552857199999961, 62.10465], [6.611202499999957, 62.1428088], [6.554894400000032, 62.193769699999976], [6.653938799999958, 62.19404710000001], [6.528307299999957, 62.20605969999998], [6.526667, 62.233583], [6.401962900000035, 62.35820710000003], [6.424401399999956, 62.37113160000004], [6.407759500000031, 62.385236], [6.451147799999978, 62.40093680000002], [6.552769199999963, 62.39174769999999], [6.554916900000029, 62.3676413], [6.575599, 62.3577205], [6.58784160000001, 62.32496860000002], [6.613167, 62.31012549999998], [6.567292900000043, 62.36868439999997], [6.5798839, 62.401188699999985], [6.544716800000016, 62.40795180000001], [6.722938100000041, 62.45198390000003], [6.912639799999964, 62.412255500000036], [6.887894400000038, 62.3621688], [6.965309400000018, 62.291194], [7.0062441, 62.2837198], [7.015451400000016, 62.1784722], [6.934451399999974, 62.13691859999998], [6.926388400000038, 62.1184017], [6.86801480000001, 62.088875700000024], [6.873238300000017, 62.082789100000014], [6.932804400000036, 62.10637630000003], [7.0172354, 62.08483440000004], [7.084455400000044, 62.092178299999986], [7.1272384, 62.11553930000003], [7.198289500000032, 62.09818209999999], [7.139816, 62.1252547], [7.045386800000019, 62.09475029999999], [6.957935800000014, 62.116394600000014], [7.037398799999982, 62.170854], [7.038823099999968, 62.277336], [7.134274100000026, 62.27941709999997], [7.227263299999963, 62.2534893], [7.263050099999967, 62.2849222], [7.327937800000027, 62.28675470000001], [7.412055800000038, 62.23349230000002], [7.426547100000013, 62.252162700000014], [7.3395361, 62.29260569999998], [7.192045399999957, 62.28338960000003], [6.9889498, 62.31153010000002], [6.937459399999989, 62.363157700000016], [6.983730399999976, 62.38379629999996], [6.956810399999979, 62.38647540000003], [6.939855099999969, 62.426730900000024], [6.8709527, 62.4598703], [6.772590699999958, 62.459076599999975], [6.810843900000018, 62.4826863], [6.7044774, 62.473736], [6.698975400000039, 62.48055519999996], [6.717524400000018, 62.483931199999965], [6.726780399999987, 62.4883939], [6.7260409, 62.4921822], [6.702895700000044, 62.49962289999996], [6.669356700000039, 62.49676380000001], [6.635677399999972, 62.504183199999986], [6.601686, 62.502449100000035], [6.622058300000043, 62.522166], [6.463094299999982, 62.51553], [6.585871299999967, 62.531271], [6.57209559999996, 62.54242420000001], [6.255482099999975, 62.52992640000004], [6.286375700000034, 62.5428481], [6.265314899999973, 62.54748389999997], [6.277402099999984, 62.56195849999998], [6.25623310000003, 62.5836114], [6.335017, 62.613996], [6.4407925, 62.61422110000002], [6.459930200000018, 62.5631632], [6.472056100000033, 62.605771900000015], [6.452881, 62.61380050000004], [6.569512899999962, 62.62444829999997], [6.5705364, 62.59562849999999], [6.611257100000033, 62.58690849999996], [6.61125050000002, 62.556327], [6.633564799999968, 62.5966397], [6.6126308, 62.61070939999998], [6.6238408, 62.62856819999997], [6.672311, 62.603118], [6.663223, 62.633935], [6.785057, 62.655235], [6.880313, 62.614612], [6.920654, 62.587375], [6.912228799999975, 62.574054700000026], [6.938932099999983, 62.614990700000014], [6.907465300000014, 62.645712299999964], [7.0775515, 62.654232499999985], [7.135534, 62.557853], [7.128869899999989, 62.52643239999996], [7.152872199999981, 62.56993629999997], [7.120200200000037, 62.61101639999998], [7.167551, 62.632227], [7.36062, 62.60852], [7.436721300000015, 62.53767660000003], [7.51772110000004, 62.54239320000002], [7.555262199999978, 62.496887899999976], [7.569329500000043, 62.53766580000003], [7.787762700000011, 62.57318689999999], [7.724773800000028, 62.58428], [7.549836, 62.55483], [7.474505199999969, 62.56582389999997], [7.3961124, 62.62793369999996], [7.489058600000019, 62.63921440000003], [7.5125, 62.608681], [7.504198, 62.58513480000002], [7.535689300000014, 62.58682479999996], [7.543194, 62.616935], [7.497879, 62.661743], [7.831077, 62.733225], [7.934811299999977, 62.72310030000002], [7.932316, 62.740171], [7.958878, 62.746126], [8.1463675, 62.6877212], [8.107707, 62.731673], [8.01894, 62.751803], [8.066179, 62.775405], [7.875646, 62.763649], [7.502219699999978, 62.68688970000004], [7.345132, 62.697125], [7.427589, 62.717774], [7.36217010000002, 62.738099], [7.536878, 62.773324], [7.677869, 62.779837], [7.704660799999962, 62.7847086], [7.721589900000025, 62.793172200000036], [7.15135, 62.73255], [6.968175899999961, 62.73535859999998], [6.993928900000034, 62.74782329999996], [6.9693293, 62.776054299999984], [6.991955, 62.787453], [6.976844, 62.795936], [7.024428, 62.829185899999985], [7.097098799999978, 62.830745299999954], [7.115063800000042, 62.826241099999955], [7.070316, 62.81725239999999], [7.1754686, 62.80336819999997], [7.241121799999982, 62.81036140000003], [7.1792193, 62.81952249999997], [7.205825, 62.8327532], [7.155543700000043, 62.84071230000004], [7.17330939999996, 62.849869900000044], [6.997395, 62.83487], [7.013994, 62.854297], [6.967505, 62.874618], [6.977510599999958, 62.894979699999965], [6.941497, 62.88865680000003], [6.967908799999977, 62.90025770000004], [6.9167806, 62.897456800000015], [6.931809200000027, 62.90201690000002], [6.900938, 62.912027], [7.0512701, 62.97303550000003], [7.0903931, 62.959495], [7.101486700000036, 62.98900119999996], [7.150806, 62.98228689999997], [7.136116599999974, 62.992646799999974], [7.2631202, 63.01255790000003], [7.243768300000019, 63.003073], [7.307366399999959, 63.0065515], [7.297092100000024, 63.00403709999996], [7.290085600000017, 62.99676129999997], [7.264713500000019, 62.993943], [7.252729600000029, 62.98726830000002], [7.274200099999971, 62.98266020000004], [7.260753700000032, 62.9906494], [7.288633400000032, 62.99551470000003], [7.306724599999969, 63.0016255], [7.325500599999989, 62.993149299999985], [7.3172855, 62.97136720000002], [7.448834, 62.939582], [7.455966, 62.908866500000016], [7.430102899999968, 62.899166100000045], [7.5926228, 62.92627690000002], [7.686185, 62.969236], [7.79391, 62.960604], [7.680791599999969, 62.895106200000036], [7.837568, 62.950864], [8.037579, 62.967334], [8.121015, 62.921575], [8.08972, 62.890167], [8.112467, 62.888777], [8.141651, 62.820399], [8.262058, 62.780278], [8.312673700000039, 62.784299299999965], [8.401361100000026, 62.7464681], [8.418602299999977, 62.719612800000036], [8.4851319, 62.72565339999997], [8.506164699999962, 62.71691569999999], [8.505119399999982, 62.693189], [8.531053699999957, 62.668724099999984], [8.560845299999963, 62.69488910000004], [8.54142769999997, 62.729767799999955], [8.191012099999972, 62.82934449999996], [8.1496878, 62.89010690000002], [8.204486, 62.91149069999998], [8.151611800000035, 62.90910060000002], [8.135927300000011, 62.947212600000036], [7.997718300000022, 62.99995709999998], [8.007196800000015, 63.02158680000004], [7.961825200000016, 63.0406852], [7.978383200000016, 63.048992800000015], [7.96826930000003, 63.08069330000004], [8.109695, 63.10633350000002], [8.142101499999987, 63.07031050000001], [8.0562727, 63.0370924], [8.132050200000029, 63.04519310000004], [8.256380099999982, 62.996458], [8.252476, 62.974379400000025], [8.333301100000034, 62.964166700000035], [8.281173200000035, 62.9268906], [8.340175699999962, 62.89066979999996], [8.300670699999978, 62.85446769999997], [8.3655847, 62.886247], [8.45531490000002, 62.846190399999976], [8.52132, 62.8455154], [8.4132589, 62.9019951], [8.517143, 62.86471320000001], [8.5813486, 62.86816770000002], [8.63484120000002, 62.83030969999997], [8.68415, 62.82376210000001], [8.697269399999973, 62.819021], [8.695156899999978, 62.8160364], [8.6964635, 62.8132293], [8.699796299999973, 62.812943299999965], [8.6988015, 62.8291067], [8.631704899999958, 62.84133260000003], [8.61285509999996, 62.8796962], [8.4761127, 62.90120230000004], [8.4214557, 62.9474345], [8.483164800000042, 62.96034679999999], [8.530954600000017, 62.9563129], [8.660053799999966, 62.97050230000004], [8.67460320000004, 62.97295930000003], [8.6804295, 62.9766957], [8.6902665, 62.969446099999956], [8.705123500000033, 62.968221599999985], [8.710556100000021, 62.972691199999964], [8.610007199999957, 62.99097480000001], [8.46327680000003, 62.969864700000045], [8.599559599999983, 63.0247241], [8.365914099999982, 62.96926530000001], [8.3222249, 62.993685500000026], [8.49431890000003, 63.01965880000003], [8.3064129, 63.00813679999998], [8.219633699999983, 63.02862769999996], [8.233381299999975, 63.06631789999998], [8.177362600000015, 63.088351], [8.15772290000003, 63.12334450000002], [8.230771, 63.14068019999998], [8.305911299999979, 63.09639460000004], [8.286699300000032, 63.0725034], [8.347550200000041, 63.0842942], [8.243499699999978, 63.14478059999996], [8.54104339999997, 63.1359283], [8.618608500000024, 63.094300300000036], [8.6229471, 63.11763360000001], [8.568594300000031, 63.12964829999997], [8.565590800000033, 63.148759700000035], [8.545765200000032, 63.15847450000004], [8.981585099999977, 63.20164550000003], [8.619456899999966, 63.189044599999974], [8.5833851, 63.2005566], [8.59846740000003, 63.20938920000002], [8.52658829999997, 63.254658299999974], [8.528664100000038, 63.27152370000001], [8.490787799999987, 63.27802590000003], [8.528015700000035, 63.303459599999975], [8.84510380000003, 63.3474745], [8.701152700000025, 63.346470699999976], [8.7007456, 63.3654152], [8.649952699999973, 63.390376], [8.658116, 63.409822699999985], [8.870316100000041, 63.42877209999996], [8.891862699999974, 63.38918810000001], [8.910298299999985, 63.39363240000003], [8.880812, 63.41079], [8.936252199999982, 63.42635249999996], [9.00528779999996, 63.402632300000036], [9.02294739999998, 63.41368020000003], [8.970733300000044, 63.419724099999975], [9.0002838, 63.42881150000002], [8.97564740000003, 63.440023800000034], [9.006144599999976, 63.448255900000014], [9.0, 63.464282800000035], [9.09630010000002, 63.44199819999997], [9.0877048, 63.42789250000001], [9.15270749999999, 63.39901670000002], [9.147956299999981, 63.37608460000003], [9.179822100000013, 63.3737516], [9.118688100000027, 63.3488357], [9.1369214, 63.3408256], [9.083609900000033, 63.30882259999998], [9.092859900000038, 63.28709970000003], [9.20383, 63.34009849999996], [9.236257100000046, 63.33171509999998], [9.297203400000043, 63.36155059999998], [9.489416099999982, 63.3878718], [9.5016087, 63.3972419], [9.2496973, 63.367911300000024], [9.177164500000035, 63.415162799999955], [9.20550809999996, 63.435038700000035], [9.493568600000014, 63.46517929999996], [9.479657, 63.47849789999999], [9.5119866, 63.48421040000004], [9.3392886, 63.45558970000001], [9.34609160000004, 63.4722526], [9.299885299999989, 63.471774], [9.314646800000027, 63.48079919999997], [9.279169300000035, 63.49602], [9.300515199999971, 63.479265], [9.282341200000022, 63.4669263], [9.336793, 63.46565540000001], [9.301762399999959, 63.446416699999986], [9.174114700000025, 63.46051849999997], [9.146547, 63.488095], [9.231104599999963, 63.5192506], [9.262289699999982, 63.4914986], [9.274838, 63.508521299999984], [9.24253, 63.52302119999996], [9.314870100000029, 63.518779], [9.392430599999969, 63.55931139999996], [9.412145699999975, 63.5549806], [9.396483, 63.550663400000026], [9.388891599999983, 63.5154507], [9.417683200000027, 63.5002388], [9.411624700000033, 63.525112200000045], [9.488560399999969, 63.572824], [9.55056040000002, 63.5690244], [9.58423030000002, 63.527292499999966], [9.557686, 63.5702825], [9.5694219, 63.58159089999996], [9.49179450000004, 63.57946180000001], [9.73308510000004, 63.64591810000001], [9.753929499999959, 63.64528160000001], [9.714818499999978, 63.614946], [9.742044200000045, 63.61566119999996], [9.755280800000033, 63.583651500000016], [9.831640199999981, 63.541209700000046], [9.825858, 63.52577049999998], [9.813828299999972, 63.52331229999998], [9.805702199999967, 63.51728420000001], [9.805246900000043, 63.51530260000001], [9.9783673, 63.443026], [9.941387899999988, 63.373407], [9.818368600000028, 63.32069159999997], [9.8431928, 63.30771330000003], [9.969788600000019, 63.34928959999998], [10.036330399999983, 63.350135199999954], [10.167917399999983, 63.310529099999954], [10.2262124, 63.3407323], [10.2597836, 63.336622599999956], [10.251726700000031, 63.33120179999997], [10.251597199999974, 63.32746949999998], [10.278493599999972, 63.31780529999998], [10.25374370000003, 63.32760049999998], [10.264801599999963, 63.336574599999985], [10.2506229, 63.34353369999997], [10.107857100000018, 63.35315910000004], [10.056410399999983, 63.38501829999997], [10.090902, 63.41587], [10.201183200000031, 63.45225360000003], [10.303265200000023, 63.4545419], [10.3798943, 63.43130840000003], [10.44911689999999, 63.45739630000001], [10.521920299999966, 63.430548], [10.6416546, 63.443806], [10.792481, 63.4123241], [10.809804199999974, 63.43532], [10.9160785, 63.445485], [10.8708626, 63.4487698], [10.911386800000034, 63.46604520000002], [10.810902800000012, 63.47251610000003], [10.756551399999982, 63.50166910000004], [10.75685590000004, 63.520487899999964], [10.942772200000018, 63.56448390000001], [10.85016990000003, 63.5747352], [10.95416189999996, 63.60228519999998], [10.900422899999974, 63.60432840000002], [10.910288500000021, 63.6155501], [10.675628500000013, 63.54346619999996], [10.627536900000024, 63.54718420000002], [10.66931240000002, 63.55862720000002], [10.712168499999986, 63.615416300000035], [10.842448700000041, 63.63792010000003], [10.995298300000012, 63.712512200000035], [11.045451300000032, 63.71121850000002], [11.04898649999997, 63.69539189999996], [11.188545, 63.7111677], [11.213916900000044, 63.719653], [11.209638800000011, 63.756207199999956], [11.28384870000001, 63.76279939999997], [11.294688800000042, 63.7474666], [11.2402245, 63.73283030000002], [11.274078699999968, 63.72888420000001], [11.300431600000028, 63.74859290000002], [11.296287, 63.75475619999998], [11.345491, 63.76329830000004], [11.329875200000018, 63.76955730000001], [11.445296599999978, 63.77363020000003], [11.4318057, 63.7820499], [11.4404127, 63.78717820000003], [11.4322835, 63.784587100000046], [11.437728699999973, 63.79134689999998], [11.42867529999998, 63.792365100000026], [11.43575330000004, 63.7949122], [11.425209800000037, 63.79609760000003], [11.42456049999996, 63.79936420000004], [11.4277598, 63.8003847], [11.480524, 63.78149950000002], [11.5255547, 63.783279500000035], [11.39922680000003, 63.81817559999997], [11.4400583, 63.8269419], [11.406068100000045, 63.84623979999996], [11.304520699999966, 63.84541789999999], [11.31583, 63.85463979999998], [11.291446900000036, 63.86895849999997], [11.336483, 63.8589919], [11.377725500000025, 63.88068020000003], [11.3510799, 63.894208199999966], [11.3893443, 63.926624], [11.3671087, 63.92914220000002], [11.374786899999979, 63.95001650000002], [11.317617, 63.915332599999964], [11.3314799, 63.89583789999998], [11.301386, 63.8682439], [11.295306800000017, 63.870961100000024], [11.2720309, 63.869661200000024], [11.244418800000023, 63.86202069999997], [11.2313749, 63.869343899999976], [11.136710299999987, 63.83874079999997], [11.09017379999997, 63.83919760000002], [11.072284899999985, 63.85890989999997], [11.07657830000004, 63.8868779], [11.200751099999962, 63.91636529999997], [11.283257400000025, 63.975825], [11.4117783, 63.97188720000003], [11.501797599999964, 64.00520439999998], [11.432038800000011, 64.01411289999997], [11.446033, 64.0202641], [11.432516900000046, 64.02828520000003], [11.345924, 64.02581750000003], [11.362241200000046, 64.0398008], [11.237562199999985, 64.02871409999999], [11.234547, 64.06982660000001], [11.3933288, 64.10959019999999], [11.318884300000033, 64.11961809999997], [11.3036603, 64.09972509999999], [11.328187700000015, 64.09505190000003], [11.2220832, 64.07415910000002], [11.206103, 64.006895], [11.019319, 63.955627], [10.890565, 63.893145], [10.688499, 63.844732], [10.591295, 63.806693], [10.831078500000025, 63.85843060000001], [10.950768799999967, 63.90633729999998], [11.048877700000027, 63.880374699999976], [11.07065570000001, 63.84202449999997], [10.99892880000002, 63.81187620000003], [11.011512800000013, 63.8015783], [10.9554495, 63.7457061], [10.62193, 63.67117719999998], [10.606657799999986, 63.64775969999997], [10.4258069, 63.5890658], [10.419962200000011, 63.570510400000025], [10.230705300000032, 63.555634], [10.1001163, 63.49523580000004], [9.997698799999966, 63.48565029999998], [9.9328927, 63.50295810000003], [9.90912580000003, 63.535701500000016], [9.91957490000004, 63.54992710000003], [9.888060300000024, 63.564849299999956], [9.94973020000003, 63.58014629999998], [9.931284900000016, 63.5631547], [9.95145740000003, 63.5581751], [10.005213700000027, 63.596350800000046], [9.939024500000016, 63.577710100000026], [9.9195969, 63.59292259999999], [9.960007, 63.59850590000001], [9.85383059999998, 63.58630220000004], [9.805515200000038, 63.62721030000004], [9.85654810000003, 63.64379779999999], [9.802638699999978, 63.661010100000034], [9.830791899999959, 63.69023719999996], [9.862497100000024, 63.678925], [9.909088200000028, 63.701482200000015], [9.96093920000003, 63.69612289999996], [9.937489800000044, 63.70718159999996], [9.966263300000012, 63.71817289999998], [10.04396, 63.717218100000025], [10.129516, 63.7541209], [10.013916599999973, 63.7312552], [10.1210218, 63.784373699999975], [9.74316160000004, 63.6968114], [9.677028300000035, 63.7029108], [9.6671318, 63.67436710000004], [9.59145680000002, 63.671693399999974], [9.565759799999963, 63.64973049999997], [9.53877459999999, 63.6620304], [9.574041699999981, 63.679892], [9.576330800000022, 63.704384199999964], [9.53048590000003, 63.71170429999998], [9.802176600000024, 63.7612884], [9.560769900000011, 63.7682249], [9.681753, 63.817557], [9.612189600000033, 63.8135569], [9.694719, 63.850363], [9.812097500000029, 63.86624369999997], [9.814152499999974, 63.84850179999998], [9.849899, 63.845186], [9.883969699999962, 63.854741500000046], [9.885433600000027, 63.87103229999996], [9.8674509, 63.86327420000003], [9.882260799999965, 63.860739700000025], [9.873545699999987, 63.8560216], [9.858839, 63.853318], [9.82893, 63.871142], [9.855127, 63.883778], [9.827488, 63.891101], [9.85797, 63.900899], [9.875077, 63.890821], [9.849599, 63.892891], [9.843088, 63.888709], [9.854762, 63.884379], [9.9583, 63.8972], [9.914421, 63.878045], [9.959234, 63.890544], [9.932385, 63.880144], [9.935979, 63.872024], [10.1727933, 63.94194559999996], [10.223485100000019, 63.92754439999998], [10.200581499999984, 63.940391299999966], [10.226957199999976, 63.9595626], [10.184853199999978, 63.9516126], [10.194747900000035, 63.96096729999997], [9.969700199999988, 63.900496699999984], [9.931597899999979, 63.905375100000036], [10.227133199999972, 64.00088330000003], [10.104073899999989, 63.963620600000034], [10.0725446, 63.96419380000003], [10.122388400000016, 63.97913319999996], [10.1269696, 63.98230539999997], [10.1329134, 63.98285130000002], [10.134909, 63.9835242], [10.135295199999984, 63.98479010000003], [10.04629, 63.96054529999996], [10.0082105, 63.972040900000046], [10.0279008, 63.96292839999996], [9.951437299999967, 63.94525490000004], [9.975005, 63.97446890000003], [10.0064585, 63.977127700000025], [9.991187299999972, 63.9976346], [10.056303400000012, 63.98836309999999], [10.002269799999986, 64.0181022], [10.064643799999985, 64.01335309999999], [10.033355200000017, 64.0350456], [10.081955199999971, 64.05037160000003], [10.021769799999959, 64.07694619999997], [10.039872200000023, 64.08136090000002], [10.031353, 64.099919], [10.0810239, 64.10387619999999], [10.13551880000001, 64.06702810000002], [10.266132, 64.105613], [10.119564100000012, 64.12133479999999], [10.1512694, 64.1570284], [10.1747307, 64.1429], [10.1903904, 64.15749870000002], [10.161244400000037, 64.16492219999998], [10.174669, 64.17855829999998], [10.200152, 64.162702], [10.189156, 64.15349610000004], [10.2284624, 64.14871690000003], [10.2094452, 64.16124459999997], [10.2259259, 64.17637709999998], [10.191139900000024, 64.184453], [10.203688, 64.203726], [10.2641461, 64.18469729999997], [10.2478758, 64.20423109999999], [10.287511400000039, 64.20646090000001], [10.283071899999975, 64.19479319999998], [10.300353299999966, 64.18695020000004], [10.3005855, 64.2118753], [10.348807, 64.206167], [10.371531, 64.196747], [10.36257, 64.1756], [10.390303, 64.190686], [10.274797400000036, 64.23518060000005], [10.353027, 64.25652], [10.336533, 64.268182], [10.368293199999968, 64.28489620000003], [10.4241067, 64.25418939999997], [10.392248900000013, 64.27629939999998], [10.4050711, 64.2959193], [10.453598, 64.2784508], [10.443983, 64.2972201], [10.502807, 64.295986], [10.453108, 64.29929259999997], [10.445045, 64.329054], [10.478807, 64.331787], [10.444013, 64.354388], [10.573549, 64.327986], [10.513699, 64.354965], [10.510614, 64.374053], [10.583502, 64.367785], [10.610352, 64.342168], [10.683134, 64.360025], [10.616893800000039, 64.363075], [10.62171, 64.384763], [10.563596, 64.402021], [10.490122, 64.388332], [10.45433, 64.404423], [10.523664, 64.43902], [10.623213599999982, 64.38730709999997], [10.641366799999986, 64.392617], [10.6129526, 64.40716780000002], [10.634266500000034, 64.40965190000004], [10.637847799999967, 64.4144571], [10.5481, 64.441835], [10.590198900000015, 64.43813710000005], [10.616621, 64.459004], [10.681368, 64.413254], [10.751303, 64.415251], [10.759373, 64.374991], [10.801466, 64.386248], [10.838723, 64.368901], [10.782908, 64.405405], [10.81461, 64.41525], [10.806328, 64.43326], [10.74243, 64.443241], [10.702796, 64.424902], [10.654788, 64.453207], [10.68888, 64.458447], [10.695412, 64.477814], [10.750939, 64.455931], [10.760706, 64.478838], [10.775201, 64.464593], [10.787555, 64.463165], [10.77097, 64.481656], [10.84391, 64.472702], [10.79928, 64.497302], [10.81424, 64.499165], [10.785149, 64.499009], [10.795208, 64.480467], [10.749242, 64.494324], [10.795364, 64.500931], [10.784187, 64.511556], [10.895193099999979, 64.49458840000001], [10.889606, 64.507682], [10.9287194, 64.50487579999997], [10.9127658, 64.51713039999997], [10.979724, 64.4978], [10.948382, 64.52022], [10.976789, 64.531098], [10.969046, 64.547319], [10.902392, 64.584778], [10.983491, 64.606992], [10.999139, 64.584779], [11.090725, 64.567903], [11.070164, 64.551818], [11.073684, 64.515951], [11.099435, 64.526459], [11.127533, 64.521067], [11.114183, 64.517422], [11.188899, 64.482557], [11.191544, 64.460001], [11.162778, 64.440982], [11.299656, 64.462827], [11.298351, 64.440204], [11.34163, 64.437217], [11.313264, 64.388794], [11.247016800000043, 64.3622745], [11.259867900000021, 64.35477370000004], [11.218887, 64.325517], [11.188005, 64.289393], [11.19038, 64.274773], [11.270667, 64.356196], [11.338941, 64.377896], [11.330417, 64.392361], [11.376657, 64.400575], [11.373957, 64.389872], [11.385743, 64.389425], [11.386702, 64.38685], [11.399058300000032, 64.38293880000002], [11.4001259, 64.37771679999996], [11.3654631, 64.3669956], [11.406798199999969, 64.3685543], [11.40789910000002, 64.3810492], [11.380923, 64.391806], [11.386507, 64.405021], [11.353041, 64.418356], [11.384665, 64.438316], [11.522772, 64.44906], [11.4850007, 64.46840329999998], [11.444641, 64.453323], [11.425612, 64.476029], [11.460333, 64.4862], [11.437364, 64.498097], [11.465401, 64.519381], [11.535759, 64.518954], [11.487826, 64.543825], [11.574674, 64.556791], [11.540758, 64.543946], [11.54714960000003, 64.53151], [11.622041, 64.56851730000002], [11.795802499999986, 64.5888933], [11.695558, 64.594042], [11.61157, 64.569322], [11.62188, 64.586797], [11.604042, 64.587113], [11.631184, 64.615293], [11.601543, 64.620169], [11.539554, 64.601288], [11.59544, 64.606201], [11.601222, 64.585627], [11.521108, 64.562964], [11.403, 64.627115], [11.412533, 64.647174], [11.382549, 64.659175], [11.388397, 64.684924], [11.436554, 64.692071], [11.405123, 64.711776], [11.540695, 64.744314], [11.521161, 64.750021], [11.555837, 64.755568], [11.627912, 64.732557], [11.64744, 64.736303], [11.585263, 64.74994], [11.636117, 64.761456], [11.568976, 64.755085], [11.575052, 64.768543], [11.7189327, 64.785462], [11.729704300000044, 64.76596060000003], [11.814173399999973, 64.77774730000004], [11.860879, 64.79504], [11.6249295, 64.81598270000005], [11.748378, 64.833762], [11.816326, 64.859874], [11.65178, 64.835517], [11.725651, 64.870521], [11.694014, 64.873144], [11.95775, 64.933911], [12.024753200000028, 64.93079739999999], [12.11571770000004, 64.96424980000003], [12.180208500000035, 64.95629870000002], [12.1952848, 64.9440696], [12.176510600000046, 64.93308630000001], [12.3376728, 64.92804069999998], [12.456782300000025, 64.88925769999997], [12.299850499999977, 64.94687580000002], [12.0552808, 64.97111580000005], [12.009651199999972, 64.94650770000003], [11.95346, 64.949737], [11.614627, 64.867652], [11.659654, 64.863526], [11.612521, 64.827384], [11.403481, 64.79046769999995], [11.4694915, 64.7914795], [11.392892400000033, 64.75164639999996], [11.2496902, 64.72816579999997], [11.2191021, 64.72786529999998], [11.284084499999981, 64.74641759999996], [11.282228, 64.749974], [11.181811, 64.74065539999997], [11.3476169, 64.76375140000002], [11.387749699999961, 64.79270160000004], [11.4467835, 64.80955230000002], [11.302128, 64.812689], [11.332741, 64.822957], [11.242441, 64.806182], [11.264818, 64.811727], [11.240659, 64.813629], [11.267605, 64.819872], [11.256571, 64.831554], [11.309056, 64.840982], [11.271052, 64.839392], [11.273105, 64.849468], [11.574780699999977, 64.869287], [11.728246, 64.9076024], [11.573977500000044, 64.88120369999997], [11.56556790000003, 64.90909380000004], [11.59408, 64.897951], [11.587199399999971, 64.92035129999996], [11.61563179999996, 64.929803], [11.5679227, 64.91985160000002], [11.5381526, 64.8999647], [11.476134, 64.938598], [11.569704, 64.957997], [11.577295, 64.955307], [11.569131, 64.945724], [11.573029, 64.94233], [11.60755, 64.962202], [11.632067, 64.94437], [11.622307, 64.93405], [11.6542, 64.93323], [11.612219, 64.966726], [11.725698, 64.954075], [11.770617, 64.979735], [11.592277, 64.979101], [11.706725, 65.017246], [11.788248, 64.99233], [11.808271, 65.02177], [11.951176, 65.060477], [12.013285600000035, 65.09779279999995], [12.069998200000033, 65.07908980000002], [12.054598799999972, 65.10799770000001], [12.08567639999998, 65.13434280000004], [12.10137530000004, 65.11344069999997], [12.16888, 65.12141], [12.107507600000012, 65.13446009999998], [12.124110199999972, 65.19087109999998], [12.23164, 65.21237869999997], [12.272296800000039, 65.16625249999997], [12.3034609, 65.16137640000002], [12.229874399999986, 65.10993130000003], [12.339902199999987, 65.11228249999998], [12.291763600000017, 65.0800118], [12.179426, 65.05440140000002], [12.083021699999975, 65.07014729999997], [11.984595, 65.071971], [11.971822, 65.066211], [12.168173199999966, 65.04619959999997], [12.1975, 65.02125], [12.17675, 64.99225], [12.18125, 64.982], [12.2155, 65.0155], [12.17028, 65.04874990000003], [12.384574, 65.09336780000002], [12.454624, 65.07252120000001], [12.4944119, 65.10639149999999], [12.438763799999975, 65.087523], [12.399702, 65.0993702], [12.586220100000013, 65.13229], [12.793974300000045, 65.21332879999999], [12.856179899999965, 65.27352010000004], [12.9600099, 65.31334009999998], [12.9437365, 65.33315460000003], [12.73046, 65.21514], [12.49368, 65.13397], [12.3511199, 65.15877], [12.4132201, 65.19260989999997], [12.454910100000017, 65.18347010000002], [12.51159, 65.19581009999999], [12.425819900000047, 65.2071501], [12.445829900000028, 65.2208], [12.4248199, 65.2341701], [12.332989899999959, 65.23317010000004], [12.4616663, 65.2583432], [12.3626284, 65.26801129999996], [12.25006980000003, 65.23027749999997], [12.35343990000002, 65.30313990000003], [12.471202599999987, 65.32593260000004], [12.403770100000045, 65.3232], [12.47269019999997, 65.37071389999997], [12.2702805, 65.3115369], [12.232353500000027, 65.32990650000005], [12.239091700000039, 65.29984349999997], [12.271577, 65.2909514], [12.2653425, 65.27442189999995], [12.190909899999959, 65.23813], [12.076449099999987, 65.20922570000003], [12.0387946, 65.21645369999999], [12.1017967, 65.236011], [12.104138499999962, 65.2671584], [12.1300424, 65.27012819999996], [12.116086299999985, 65.2735905], [12.132760600000015, 65.284197], [12.1038716, 65.28358409999998], [12.145912199999987, 65.3076309], [12.085389699999972, 65.30512690000005], [12.129931399999961, 65.32780470000004], [12.147149500000044, 65.37105370000002], [12.194907, 65.36762760000005], [12.19497270000003, 65.34506580000004], [12.21684989999996, 65.35164949999998], [12.191063400000047, 65.3711706], [12.241659400000039, 65.379647], [12.2327352, 65.36730960000003], [12.276559300000024, 65.39266079999997], [12.173018300000017, 65.3717395], [12.157939099999982, 65.38827249999997], [12.35336810000003, 65.46739129999997], [12.326945599999984, 65.4685843], [12.345199100000027, 65.49413319999998], [12.236555100000036, 65.46608609999998], [12.300818699999972, 65.50481010000001], [12.221263, 65.48147250000004], [12.228682500000044, 65.458852], [12.176129500000044, 65.440416], [12.22149, 65.4646511], [12.192965799999978, 65.4566271], [12.186972100000016, 65.46164729999998], [12.246580499999983, 65.50189119999999], [12.254414100000034, 65.5277217], [12.240296100000037, 65.517202], [12.2354501, 65.5239101], [12.26061420000002, 65.54544610000005], [12.2386147, 65.54554560000003], [12.2753116, 65.5631468], [12.22971190000004, 65.55394960000001], [12.291924199999983, 65.58842529999998], [12.324720099999965, 65.57651790000001], [12.327389899999975, 65.53721380000005], [12.4520878, 65.47869340000004], [12.441399600000015, 65.416962], [12.5128065, 65.399412], [12.5013475, 65.38540209999998], [12.514694200000044, 65.3817151], [12.530612400000042, 65.40442989999995], [12.493536400000039, 65.40862670000001], [12.453775600000029, 65.45256750000003], [12.543951499999984, 65.44592749999997], [12.514023399999964, 65.45386670000005], [12.5281021, 65.45572790000004], [12.56995259999998, 65.437754], [12.548853600000044, 65.40441370000003], [12.591737299999984, 65.40612629999998], [12.576550800000042, 65.41718640000002], [12.587692900000015, 65.44281310000002], [12.711718, 65.36382669999998], [12.609872099999976, 65.43551890000002], [12.78201480000003, 65.46499490000002], [12.60494, 65.4636699], [12.66554, 65.4809901], [12.594110100000023, 65.47425], [12.54982, 65.50679989999998], [12.627479899999972, 65.52722009999997], [12.577679900000028, 65.53207], [12.565689899999978, 65.58778], [12.55527, 65.5340101], [12.5261999, 65.51536990000002], [12.457829900000018, 65.52089009999999], [12.520169900000045, 65.55550650000005], [12.540182399999967, 65.58574689999998], [12.426919900000023, 65.52779009999998], [12.3809801, 65.56744], [12.42084, 65.58935], [12.375696900000023, 65.58169110000004], [12.367770099999987, 65.62785009999999], [12.34835, 65.627], [12.51407990000002, 65.73956], [12.60651, 65.7019001], [12.575200100000018, 65.67812990000003], [12.64749009999997, 65.68488009999996], [12.606479899999968, 65.6686401], [12.611492899999966, 65.65092420000002], [12.64463, 65.67204], [12.63582990000003, 65.64607010000002], [12.7855601, 65.63425], [12.65022, 65.65141009999998], [12.67223, 65.68934989999995], [12.536862199999966, 65.75340919999995], [12.64842, 65.81473010000003], [12.67221, 65.81395009999999], [12.6881701, 65.78195010000005], [12.71968, 65.7778201], [12.68781, 65.79985989999997], [12.729229900000028, 65.8038], [12.693180100000024, 65.81989], [12.69251010000001, 65.84828], [12.676050100000037, 65.81963010000001], [12.598560099999979, 65.8243199], [12.64613, 65.86010990000001], [12.64157, 65.8963699], [12.678739900000014, 65.92814990000004], [12.8697499, 65.97415009999999], [12.8699, 65.9572701], [12.90691, 65.95726009999997], [12.94207, 65.92549989999998], [13.0303899, 65.92538990000001], [13.08138, 65.88868990000005], [13.12649, 65.8961499], [13.187380600000044, 65.8394921], [13.191036099999987, 65.86466719999996], [13.155258500000034, 65.89204230000004], [13.1702972, 65.91009870000003], [13.121109600000015, 65.9351754], [13.145642500000033, 65.9504655], [13.090649899999974, 65.93188609999999], [12.89524919999996, 65.97201010000003], [12.950021299999982, 66.00691469999997], [12.946689900000031, 66.04759], [13.051826100000042, 66.07676490000001], [12.657232600000047, 66.03142909999995], [12.83165, 66.06827], [12.6570227, 66.0432398], [12.75407, 66.06204], [12.6764811, 66.0706589], [12.8214154, 66.1270205], [13.0731357, 66.15798279999997], [13.0746751, 66.14145670000003], [13.29815, 66.22207], [13.521909900000018, 66.24214], [13.5825801, 66.23452], [13.586399900000036, 66.21717], [13.48303, 66.1926599], [13.60975, 66.20153010000001], [13.540660100000036, 66.13721], [13.548240099999976, 66.10403989999999], [13.6497599, 66.16351989999998], [13.8120886, 66.16590650000002], [13.79283459999996, 66.16176960000003], [13.82622530000004, 66.13754759999998], [13.84212859999996, 66.163985], [13.789297899999987, 66.1852703], [13.61413, 66.17931989999998], [13.653111700000032, 66.20958579999997], [13.598692299999971, 66.2250934], [13.821404500000046, 66.2377299], [13.76952, 66.20313], [13.78733219999997, 66.19085470000002], [13.856678199999962, 66.22870389999996], [13.985932599999963, 66.2491063], [13.9616785, 66.25419429999998], [14.129580099999984, 66.30836010000002], [14.140509799999968, 66.33631950000004], [14.16548069999999, 66.333443], [14.162169799999958, 66.32636139999998], [14.17472, 66.32348210000004], [14.164885400000028, 66.3364575], [14.124126, 66.34004530000003], [13.93565, 66.3023], [13.90175, 66.2704799], [13.7532301, 66.25734010000002], [13.731249899999987, 66.26547990000002], [13.807810599999982, 66.2876552], [13.73517, 66.29491009999995], [13.75824010000002, 66.27797], [13.726359900000041, 66.27438], [13.735479900000037, 66.25707], [13.619619900000025, 66.2411199], [13.57377, 66.2613], [13.63293, 66.28791010000005], [13.567360100000037, 66.29052], [13.5583, 66.27112990000005], [13.46583, 66.24671], [13.31592, 66.25015], [13.154450100000027, 66.1940899], [13.0376099, 66.17449010000004], [13.005808, 66.18959760000001], [13.193379900000025, 66.27831], [13.562589899999967, 66.30723], [13.44671, 66.32043], [13.42949010000003, 66.33126010000002], [13.4865201, 66.34589], [13.4357716, 66.34925379999997], [13.16171180000001, 66.3024279], [13.110755300000033, 66.306979], [13.152772, 66.33300140000003], [13.098732099999989, 66.31087310000002], [12.9999328, 66.331261], [12.997269900000031, 66.35648], [13.158424100000033, 66.40532009999997], [13.15106, 66.43945990000003], [13.07682, 66.46567010000001], [13.1717505, 66.466093], [13.1038988, 66.47470489999996], [13.100028, 66.499251], [13.04014440000001, 66.49488120000004], [12.980670100000037, 66.53095990000003], [13.126750099999974, 66.55068], [13.125980100000035, 66.53533], [13.21441, 66.51897], [13.21827010000003, 66.49190010000002], [13.250830100000034, 66.47974], [13.2097101, 66.45497], [13.256438700000018, 66.44570789999999], [13.425590100000019, 66.47469009999999], [13.2670999, 66.46662], [13.308487, 66.50561179999997], [13.261199899999966, 66.52845], [13.506339899999965, 66.5477301], [13.666877099999986, 66.515275], [13.648876199999972, 66.53847960000004], [13.469324900000036, 66.56586540000004], [13.56277410000002, 66.6010066], [13.732665200000028, 66.60950069999998], [13.56188, 66.6086], [13.44573990000002, 66.56222], [13.2038705, 66.55604239999995], [13.184879200000022, 66.56940179999998], [13.245793200000012, 66.59679570000002], [13.22644, 66.61117], [13.255749899999959, 66.62455009999995], [13.28236, 66.61218], [13.279180100000044, 66.63018], [13.369560100000012, 66.63677010000004], [13.402, 66.6133201], [13.42132, 66.61811990000002], [13.402, 66.63326], [13.352110100000015, 66.64253470000004], [13.21664, 66.63128], [13.16761, 66.6583301], [13.228499900000013, 66.6814], [13.565634299999974, 66.64847940000004], [13.5309416, 66.67099539999998], [13.296257, 66.69481280000004], [13.27402080000002, 66.70447070000004], [13.299453399999962, 66.70832789999997], [13.2069062, 66.716912], [13.217002200000017, 66.725834], [13.398603500000018, 66.73379950000003], [13.476858400000037, 66.71363919999996], [13.525142599999974, 66.72615989999996], [13.5563674, 66.697031], [13.7105281, 66.6993862], [13.681880400000047, 66.71494230000005], [13.9017937, 66.72963040000005], [13.571857700000024, 66.7096368], [13.547465099999979, 66.7552854], [13.757722199999979, 66.75858179999999], [13.520345499999987, 66.76495809999999], [13.5481136, 66.77223660000003], [13.487423799999988, 66.79432549999999], [13.648663200000023, 66.81368380000005], [14.0008336, 66.7973776], [13.801792500000044, 66.8141974], [13.745117699999977, 66.83206350000005], [13.7693319, 66.8354775], [13.748325900000037, 66.8458718], [13.672884700000033, 66.83213229999997], [13.735263399999976, 66.86137690000001], [13.6320266, 66.90828250000001], [13.5384912, 66.90110880000003], [13.5433154, 66.93430269999999], [13.499265700000041, 66.93420379999998], [13.493590499999964, 66.9519546], [13.5452272, 66.95455170000002], [13.555894799999969, 66.93611329999996], [13.7410506, 66.947623], [13.8018423, 66.96419330000002], [13.730481900000036, 66.9783992], [13.863275400000031, 66.98312079999997], [13.873223599999985, 67.00159050000003], [13.960384499999968, 67.012453], [14.002247800000035, 67.00423449999995], [13.94425, 66.9681628], [13.893740900000019, 66.97151310000001], [13.904856, 66.94817489999998], [14.0137881, 66.9882073], [14.012815099999965, 66.96181160000005], [14.038834300000037, 66.98674179999998], [14.0231603, 66.98624760000004], [14.063012500000017, 66.99148329999998], [14.017087399999962, 67.03034830000004], [14.020133400000013, 67.05993250000003], [14.0394757, 67.04286010000001], [14.051580799999975, 67.0820033], [14.10214259999998, 67.05755040000003], [14.1408568, 66.99517670000004], [14.169588599999972, 67.00131579999996], [14.147315, 66.97909329999997], [14.147785699999972, 66.97414049999998], [14.180754200000024, 66.99897980000003], [14.2412461, 67.00052369999997], [14.2255245, 67.00695110000002], [14.276708299999964, 67.05540580000003], [14.234500299999976, 67.07794820000002], [14.3110646, 67.0682945], [14.39853640000004, 67.091912], [14.3911784, 67.07909040000003], [14.4298152, 67.08508709999997], [14.4424101, 67.07224009999997], [14.497685600000022, 67.05390339999998], [14.571959299999971, 67.052813], [14.5828744, 67.03526259999995], [14.559598499999971, 67.01814659999997], [14.611640100000024, 67.03284], [14.60895, 67.05737990000003], [14.39931990000003, 67.09596989999999], [14.32732750000001, 67.076573], [14.23979569999998, 67.09313540000002], [14.3188815, 67.1211758], [14.341994100000012, 67.14770130000004], [14.32073, 67.16047], [14.3427099, 67.17475010000004], [14.46655010000002, 67.20142], [14.485162600000013, 67.19581440000003], [14.459712400000036, 67.18058139999997], [14.574603, 67.178831], [14.62282, 67.19777010000001], [14.64218, 67.18069], [14.7143906, 67.18111750000001], [14.74679, 67.19009009999998], [14.511250099999963, 67.20769989999997], [14.708590200000039, 67.21152049999998], [14.79920760000002, 67.24016960000004], [15.00640259999997, 67.239718], [14.941498100000029, 67.22493080000004], [14.9710799, 67.20895], [14.8856245, 67.17087590000003], [14.9475713, 67.15316480000001], [14.96955, 67.1196], [14.999090800000015, 67.12108339999999], [14.995446099999988, 67.138756], [14.9171561, 67.16625680000003], [14.942856599999988, 67.1936488], [15.011085199999986, 67.21335030000003], [15.02583, 67.22889009999999], [15.008949899999969, 67.23412930000005], [15.088449400000027, 67.236624], [15.138271400000015, 67.2098365], [15.221537300000044, 67.2211131], [15.299647399999984, 67.19214029999996], [15.389623099999984, 67.18899260000003], [15.418394300000028, 67.16786060000003], [15.382781, 67.12646390000002], [15.415484100000022, 67.13578939999996], [15.38889050000003, 67.1040864], [15.470522200000026, 67.0984958], [15.4343432, 67.11471009999997], [15.4526801, 67.1198599], [15.4443, 67.14647], [15.484759500000035, 67.163289], [15.48155, 67.18420009999998], [15.391530100000029, 67.21742], [15.40481, 67.22301010000001], [15.34971, 67.2221201], [15.430307300000013, 67.26025759999999], [15.2960301, 67.2284899], [15.24428, 67.23381990000003], [15.349023500000026, 67.26402990000001], [15.17083, 67.25360990000001], [15.037770099999982, 67.27235], [15.1625001, 67.28966], [15.25469009999998, 67.31253989999998], [15.2623601, 67.34755989999995], [15.15326, 67.29388], [15.172511, 67.32991350000005], [15.038324600000031, 67.322053], [14.987010200000018, 67.2998477], [15.0217212, 67.29134139999998], [14.796271299999987, 67.28957649999997], [14.869845599999977, 67.28308810000001], [14.7216333, 67.24008690000004], [14.6888812, 67.25160710000003], [14.722594899999986, 67.2632946], [14.705206899999968, 67.2704705], [14.7335851, 67.28339549999997], [14.7085661, 67.2941231], [14.735814399999981, 67.3149028], [14.590881900000042, 67.27661220000005], [14.308210800000044, 67.2637701], [14.633173600000028, 67.38555589999996], [14.6175299, 67.38806479999998], [14.64082219999996, 67.40207129999999], [14.57333209999996, 67.40395130000002], [14.631744700000016, 67.41312840000003], [14.63699009999997, 67.43812], [14.859798199999986, 67.436328], [14.855277200000018, 67.40714190000004], [14.815597200000031, 67.38621580000003], [14.862492399999972, 67.38417119999997], [14.905711400000033, 67.43184940000003], [15.055478500000042, 67.45290190000003], [14.714010100000042, 67.45151629999995], [14.6507242, 67.47712139999996], [14.9000399, 67.56745990000005], [15.05538, 67.59381989999999], [15.15167, 67.5657601], [15.1519, 67.54991], [15.090020100000046, 67.54331010000001], [15.003109900000023, 67.57849], [14.993740099999965, 67.56072], [15.0799399, 67.52899990000002], [15.011769899999972, 67.49705009999997], [14.9277201, 67.48989], [14.996429900000031, 67.48633], [15.175530100000035, 67.53377990000001], [15.24176, 67.50787990000003], [15.14421, 67.4947], [15.1767599, 67.47549009999999], [15.12967, 67.45892009999997], [15.1401701, 67.4313], [15.284169900000034, 67.5096], [15.43083, 67.49713], [15.478852400000044, 67.47942570000002], [15.474489900000044, 67.44447010000005], [15.5418699, 67.40668010000003], [15.544473500000034, 67.37146990000004], [15.582409100000017, 67.375593], [15.58378469999997, 67.34932369999996], [15.634333200000029, 67.371101], [15.592365500000028, 67.39909029999998], [15.6352699, 67.4066], [15.65643, 67.40242], [15.681, 67.40155010000002], [15.686779199999968, 67.3963853], [15.708751899999985, 67.39486780000003], [15.725308400000038, 67.36238449999998], [15.763016500000028, 67.35905789999997], [15.7519864, 67.38545179999996], [15.717678300000038, 67.39645130000004], [15.643696399999985, 67.40748730000003], [15.693554899999974, 67.43491940000003], [15.6995269, 67.4366742], [15.70283760000002, 67.434385], [15.7159, 67.43489], [15.727229, 67.44103219999998], [15.713778300000026, 67.43541530000002], [15.69801, 67.43778], [15.66519, 67.43037990000003], [15.63607, 67.4114501], [15.5815, 67.40974], [15.51576, 67.45943], [15.594328900000033, 67.47945910000003], [15.5265399, 67.47984990000003], [15.67398, 67.55293], [15.918400099999964, 67.59442], [15.65951, 67.56141], [15.519199900000014, 67.51029009999996], [15.45759990000002, 67.53604], [15.291829900000021, 67.53475990000001], [15.21317, 67.55777009999998], [15.23037, 67.57232010000001], [15.214880099999984, 67.5986701], [15.25687, 67.60832], [15.2412, 67.61665], [15.43271, 67.60028], [15.439670100000026, 67.57827], [15.45539, 67.59485], [15.28641, 67.6397199], [15.16083, 67.63248009999997], [15.23182, 67.68582], [15.338180099999988, 67.69177], [15.247460100000044, 67.7019], [15.30513, 67.73759], [15.525, 67.68206990000002], [15.50324, 67.70207009999999], [15.652920100000035, 67.68697990000003], [15.560879900000014, 67.7197799], [15.475930100000014, 67.71621990000004], [15.405090100000042, 67.74837], [15.601770100000035, 67.76463], [15.75795, 67.73126], [15.8204502, 67.68248479999997], [15.85559010000004, 67.71031990000002], [15.7890099, 67.71308989999997], [15.78252, 67.7406], [15.612129, 67.78821769999998], [15.431589599999974, 67.81115150000002], [15.412889600000025, 67.82425149999999], [15.455049600000038, 67.85250149999999], [15.425639499999978, 67.87405150000002], [15.433699600000029, 67.85179140000002], [15.399999600000026, 67.84216150000003], [15.373499500000044, 67.87853149999997], [15.3988495, 67.83399140000003], [15.38008959999997, 67.80387140000002], [15.19949949999997, 67.75498149999997], [15.208799600000035, 67.73847159999995], [15.168199600000044, 67.71731150000004], [14.918519600000014, 67.65870149999998], [14.736279900000039, 67.66863990000002], [14.895389900000012, 67.7115101], [14.765280100000023, 67.72620009999997], [14.7907699, 67.73915], [15.039540099999972, 67.74402], [15.144849900000047, 67.76286], [14.991659899999977, 67.76983], [15.0511692, 67.79469440000003], [14.82762, 67.77052], [14.8754601, 67.78690990000004], [14.83559, 67.78891989999998], [14.83817, 67.80591989999996], [14.75711, 67.7995601], [14.810109900000047, 67.8487101], [14.883612699999983, 67.83066089999997], [14.94309220000003, 67.85349009999997], [15.056699900000027, 67.86735], [15.0973, 67.85237010000003], [15.13703, 67.86921], [15.1163899, 67.87613], [14.828990099999984, 67.86049009999998], [14.904829900000017, 67.87282], [14.8492, 67.87789], [15.00995, 67.90697990000004], [15.23195, 67.90386990000002], [15.20196, 67.8906201], [15.25621, 67.88772009999995], [15.17518010000003, 67.84847], [15.327869900000014, 67.91726], [15.35778, 67.91898009999996], [15.33444, 67.90164990000001], [15.55932990000002, 67.93708], [15.52945, 67.90931990000003], [15.588023500000038, 67.93153329999998], [15.5875, 67.94926], [15.745310100000044, 67.96996], [15.80963, 67.95905], [15.8689, 67.90634], [15.8897, 67.9237], [15.870169899999965, 67.94033009999997], [15.92861, 67.96480990000003], [15.8797101, 67.97683], [15.94068, 67.96857990000004], [15.93369, 67.98089010000002], [15.97514, 67.97859989999998], [15.947789900000032, 67.9928299], [16.000839199999973, 67.99629310000003], [15.94898010000001, 67.9969101], [15.97962, 68.01207], [15.831450100000023, 68.0557], [15.755219900000018, 68.04444], [15.8295, 68.03948010000002], [15.805259900000014, 68.0296299], [15.71023, 68.04718990000003], [15.57695, 68.0449], [15.587789899999983, 68.0548301], [15.562209900000013, 68.05671010000002], [15.586980100000037, 68.06327010000003], [15.57074009999997, 68.06996989999998], [15.59819, 68.07371], [15.52016009999997, 68.10107009999999], [15.5311999, 68.07522], [15.51344, 68.07629989999995], [15.54046, 68.0619], [15.3985599, 68.03865], [15.41128, 68.02444], [15.441900099999973, 68.01975], [15.415540100000037, 67.99579009999998], [15.368669900000032, 68.00588], [15.38289, 68.02162289999998], [15.304492400000026, 68.01884779999997], [15.27796, 68.06127010000002], [15.3474001, 68.06523], [15.31309, 68.08089], [15.358659900000028, 68.10787989999997], [15.40972, 68.09039], [15.376530099999975, 68.11169], [15.4226899, 68.12564009999996], [15.388420100000012, 68.12598010000002], [15.415229900000039, 68.13051], [15.40449, 68.14332009999998], [15.50369, 68.16246990000002], [15.48903009999998, 68.15101989999998], [15.527950099999966, 68.14272], [15.48064, 68.12700989999996], [15.52099, 68.10797009999997], [15.5311999, 68.13454009999997], [15.59151, 68.13304], [15.56717, 68.14719], [15.62806, 68.14083], [15.63221, 68.16713989999997], [15.61384, 68.1733501], [15.633790100000034, 68.17455], [15.593440100000034, 68.18160989999996], [15.62043, 68.18866], [15.667820099999986, 68.1872], [15.64851, 68.17689009999998], [15.691069899999977, 68.16052], [15.68866, 68.17178010000003], [15.720189900000015, 68.16959990000004], [15.7257599, 68.14989010000002], [15.6859499, 68.15006], [15.72892, 68.1199801], [15.70515, 68.10486010000004], [15.5985, 68.1118], [15.65459010000001, 68.085], [15.60917, 68.0749501], [15.64318, 68.06841989999998], [15.63123009999996, 68.05646], [15.65798, 68.05968], [15.6462599, 68.08018010000002], [15.664260100000039, 68.08803], [15.743640099999979, 68.08769], [15.72523, 68.10081], [15.74912, 68.10888989999995], [15.8062301, 68.0966], [15.8069901, 68.11832990000005], [15.8457181, 68.11089419999998], [15.89736, 68.13371], [15.8688499, 68.14153], [15.897741200000027, 68.14449219999997], [15.8788201, 68.15094], [15.944518900000016, 68.15305370000003], [15.87166, 68.1612], [15.889260099999959, 68.17261], [15.857499899999961, 68.1773799], [15.85252, 68.20067], [15.958569899999976, 68.20393009999995], [15.964860100000045, 68.22255], [15.94403, 68.23494009999996], [15.960009900000017, 68.23817989999998], [15.928817700000032, 68.26046990000005], [16.002363300000045, 68.26580629999998], [16.065327700000044, 68.2547876], [16.053885800000046, 68.224802], [16.121553199999973, 68.206434], [16.020369300000038, 68.18888149999997], [16.1413759, 68.18718510000002], [16.14586950000001, 68.1631128], [16.1070221, 68.12352630000004], [16.099743899999975, 68.0910347], [16.114982599999973, 68.0860376], [16.0621004, 68.04737369999997], [16.16167180000001, 68.02513709999997], [16.2208307, 67.97260019999996], [16.20308389999996, 67.89880809999998], [16.26879979999998, 67.89388570000003], [16.45968170000003, 67.82046409999997], [16.517500200000047, 67.81638260000004], [16.437051, 67.83842719999996], [16.464329199999984, 67.85995319999996], [16.238150100000027, 67.9027629], [16.285229400000013, 67.96002789999996], [16.2596886, 67.98439429999998], [16.283294, 67.986461], [16.189606300000015, 68.0221415], [16.236496800000012, 68.03856279999997], [16.28523830000004, 68.0271449], [16.304927, 67.99434069999995], [16.45909560000003, 67.91490329999998], [16.441503800000024, 67.93535379999999], [16.47350550000002, 67.95314150000003], [16.392758699999966, 67.9530928], [16.31928680000001, 68.03071279999998], [16.40529430000004, 68.02530049999999], [16.460146700000045, 67.96937029999998], [16.524709100000013, 67.96594990000003], [16.53571850000002, 67.97577], [16.472881800000017, 67.97723920000001], [16.490048, 67.97921330000001], [16.458046800000027, 68.0029782], [16.511733500000037, 68.02743610000003], [16.365190299999966, 68.03621610000005], [16.357911, 68.06198769999997], [16.43788559999997, 68.09148490000004], [16.464433700000015, 68.12271120000001], [16.531510900000047, 68.08686870000001], [16.639600199999972, 68.0811739], [16.65255090000002, 68.06481480000002], [16.690498899999962, 68.07371849999998], [16.647778300000017, 68.08592049999999], [16.716795, 68.0801636], [16.73854650000004, 68.0865884], [16.566143799999967, 68.09612090000002], [16.488176300000013, 68.133812], [16.368181500000013, 68.090995], [16.327855699999972, 68.09829170000005], [16.281134200000015, 68.1183218], [16.30339670000003, 68.12621459999998], [16.24047750000004, 68.1379015], [16.338276799999974, 68.14079519999997], [16.3331943, 68.15582730000001], [16.368860100000028, 68.17170859999997], [16.4186712, 68.14000920000004], [16.4055139, 68.1579484], [16.42017340000004, 68.1647817], [16.384888399999987, 68.17901679999999], [16.481777600000026, 68.1696671], [16.47648030000004, 68.18948479999996], [16.38574230000003, 68.20659359999998], [16.5550888, 68.1762335], [16.6073507, 68.18457460000003], [16.477941, 68.20419480000001], [16.458495799999962, 68.22913880000002], [16.4770411, 68.24329750000001], [16.445741, 68.2244657], [16.196207699999988, 68.2114297], [16.1838943, 68.23346619999995], [16.364916699999977, 68.24665960000002], [16.3423735, 68.2717395], [16.277421, 68.25879439999997], [16.14446279999997, 68.28539259999998], [16.16907120000002, 68.32157930000004], [16.2423909, 68.33286789999995], [16.2718314, 68.32659210000001], [16.2378985, 68.32395280000004], [16.266531100000027, 68.31024629999999], [16.451801899999975, 68.2978448], [16.40428129999998, 68.291404], [16.545216600000035, 68.26984869999995], [16.615755799999988, 68.22715210000004], [16.604012700000027, 68.2015176], [16.81383940000003, 68.15115770000001], [16.63722940000001, 68.21474429999998], [16.646852599999985, 68.23094350000004], [16.6008425, 68.250383], [16.636636200000044, 68.26410140000004], [16.61949549999997, 68.2802563], [16.349790200000026, 68.321483], [16.39262659999996, 68.32796420000004], [16.3484707, 68.33582309999996], [16.2977832, 68.3284126], [16.27704120000002, 68.33868279999996], [16.3323313, 68.35239460000001], [16.2687774, 68.36165909999997], [16.5975277, 68.42270309999996], [16.668645400000038, 68.40531820000002], [16.76251670000004, 68.42069340000005], [16.78575, 68.4136059], [16.77271589999998, 68.4021275], [16.899917699999968, 68.38398780000004], [16.903427400000016, 68.36770550000003], [16.83975179999997, 68.33859179999997], [17.027715300000047, 68.35580649999996], [17.043723899999975, 68.3839539], [17.188745800000028, 68.39129790000004], [17.235695500000038, 68.37093020000003], [17.2397, 68.31293360000002], [17.33685159999998, 68.2802714], [17.333998299999976, 68.24635649999998], [17.308828899999963, 68.23427049999998], [17.340717900000048, 68.2067388], [17.322273899999963, 68.191902], [17.364666200000013, 68.20889230000002], [17.334592400000016, 68.22413540000002], [17.357615199999966, 68.259454], [17.4071673, 68.26012129999998], [17.353532400000017, 68.2966803], [17.26251250000004, 68.3195104], [17.284927200000034, 68.32694860000002], [17.24834219999998, 68.3945564], [17.304315299999985, 68.40304350000002], [17.29673070000002, 68.42031259999997], [17.384183099999962, 68.4218349], [17.42489580000004, 68.4031397], [17.57644890000003, 68.37340220000002], [17.5977641, 68.37877339999999], [17.379591, 68.43289510000002], [17.540569299999987, 68.45536609999996], [17.70990690000003, 68.44067960000001], [17.81761070000003, 68.40658749999999], [17.89994, 68.41378460000004], [17.79357490000002, 68.42053889999995], [17.63291890000003, 68.47543080000004], [17.470767799999965, 68.46664780000003], [17.565662299999985, 68.5195342], [17.57443019999998, 68.53821079999996], [17.544327900000024, 68.55107460000002], [17.250868700000034, 68.4637866], [17.049066100000033, 68.45001790000003], [17.0134356, 68.45508919999997], [17.1044064, 68.48565340000005], [16.99583010000001, 68.52608030000002], [16.93783170000003, 68.51475079999999], [16.872875499999985, 68.4694275], [16.509914, 68.44470249999998], [16.526027799999966, 68.48807089999997], [16.450656300000045, 68.50744689999998], [16.47267189999997, 68.52331229999996], [16.461804, 68.54187410000002], [16.522123799999978, 68.56053559999998], [16.629531700000012, 68.5380374], [16.651460799999974, 68.56763140000001], [16.556745500000037, 68.58320210000002], [16.6130735, 68.64276040000003], [16.71526019999996, 68.64857660000004], [16.7216112, 68.6691584], [16.799117, 68.6863423], [16.899398199999972, 68.682986], [16.965338299999978, 68.71416520000001], [17.042883299999968, 68.71619669999997], [17.060473899999963, 68.6791523], [17.1681351, 68.64429980000003], [17.20931039999998, 68.65948790000002], [17.116252, 68.67110260000001], [17.09756939999998, 68.6850176], [17.1138336, 68.71069449999999], [17.2647007, 68.73586149999998], [17.4049967, 68.72763679999998], [17.4427598, 68.6835802], [17.6872568, 68.66936309999997], [17.480316399999985, 68.70000360000004], [17.4633023, 68.7342645], [17.42502579999996, 68.74407920000002], [17.321943200000046, 68.736286], [17.251937299999987, 68.76155339999997], [17.46497410000003, 68.81979090000002], [17.8050413, 68.74903379999998], [17.763183500000036, 68.790477], [17.473372800000032, 68.83203060000004], [17.611259, 68.88787089999998], [17.713901799999988, 68.90298260000004], [17.729723, 68.88979190000003], [17.688301799999962, 68.87961289999998], [17.8547057, 68.8662356], [17.776855199999964, 68.90487150000001], [17.713431599999986, 68.909088], [17.716093, 68.9334737], [17.4603868, 68.89271290000003], [17.44948940000002, 68.91365150000003], [17.485971199999973, 68.9338416], [17.470854300000017, 68.95249640000002], [17.566585199999963, 68.9638436], [17.476617, 68.99482739999996], [17.6964271, 69.08640550000004], [17.62197529999996, 69.09284649999996], [17.645689600000015, 69.10890390000003], [17.986750799999985, 69.15333420000003], [18.0529453, 69.15017690000002], [18.05698029999998, 69.13312], [18.16196680000004, 69.14951839999998], [18.11559340000002, 69.16896230000002], [18.083804, 69.15826960000001], [18.069021099999972, 69.16788050000004], [18.0904389, 69.1734609], [18.051584600000027, 69.18182690000005], [18.085655, 69.23145719999998], [17.969439800000032, 69.2285386], [18.000804900000023, 69.25585970000004], [17.984395300000045, 69.307951], [18.10398769999997, 69.343734], [18.097403700000015, 69.38053379999997], [18.17825510000002, 69.39046219999997], [18.153427400000034, 69.39895], [18.165937, 69.42714439999999], [18.1334555, 69.45560889999996], [18.151812800000023, 69.46653689999998], [18.270982599999975, 69.48401560000005], [18.37137360000003, 69.45639269999998], [18.348636900000038, 69.38329169999999], [18.2712127, 69.3505066], [18.197811300000023, 69.27229720000003], [18.27014309999997, 69.30237230000003], [18.28882, 69.35294389999996], [18.39499539999998, 69.39641860000005], [18.50027, 69.3673212], [18.4896826, 69.28671910000003], [18.51107409999997, 69.25296359999996], [18.544039500000032, 69.2957004], [18.533732100000023, 69.34678940000002], [18.561993499999986, 69.35777190000002], [18.5889834, 69.34353470000002], [18.5702367, 69.31875090000003], [18.697396599999983, 69.2723925], [18.687113899999975, 69.25413719999999], [18.709762200000025, 69.2551334], [18.716858099999968, 69.28055679999997], [18.640379700000032, 69.31355679999996], [18.871687599999976, 69.32668280000004], [18.899526499999975, 69.32278690000001], [18.857087300000043, 69.30546329999999], [19.00401509999996, 69.28800759999997], [18.934403600000028, 69.32739609999999], [18.638701700000016, 69.36809579999998], [18.54608259999997, 69.42771419999997], [18.4506927, 69.44191169999996], [18.482190400000032, 69.47682569999996], [18.44704030000004, 69.51143890000003], [18.77488120000004, 69.5429615], [18.828038, 69.56295019999999], [18.871251500000042, 69.52399539999998], [18.8388241, 69.49056149999996], [18.892264499999968, 69.49050660000003], [18.91127610000003, 69.4502355], [18.9980836, 69.42203159999998], [18.98994940000003, 69.3890522], [19.110283699999965, 69.34610450000001], [19.295021500000043, 69.34540570000001], [19.349321399999987, 69.31083029999996], [19.2347745, 69.2495901], [19.23865469999997, 69.23421569999995], [19.538367400000013, 69.21651249999996], [19.415747100000026, 69.2561683], [19.418904100000024, 69.319541], [19.35202370000002, 69.3647126], [19.371713, 69.37559389999997], [19.1182931, 69.37449520000001], [19.073043599999973, 69.39281319999998], [19.056686100000043, 69.43231910000004], [18.968097300000043, 69.4589402], [18.996749900000044, 69.50950479999996], [19.0771746, 69.54689129999998], [19.164607899999965, 69.553889], [19.2490535, 69.51902439999998], [19.178830800000025, 69.57196960000002], [19.0504702, 69.55337230000004], [19.01409230000002, 69.52910130000002], [18.94445770000004, 69.55885670000005], [18.944479, 69.62653059999998], [19.06850670000002, 69.68623350000004], [19.093163100000044, 69.73384320000004], [19.13034349999998, 69.74778290000002], [19.16865990000003, 69.74232210000001], [19.273983299999987, 69.77924519999998], [19.3855602, 69.7757633], [19.65949070000004, 69.815669], [19.733262, 69.8049205], [19.72150309999996, 69.7779521], [19.66794310000004, 69.75552819999996], [19.700981500000015, 69.7358501], [19.6555765, 69.67022810000002], [19.58993039999999, 69.65853850000005], [19.6446744, 69.66660889999997], [19.7386015, 69.642251], [19.698768599999973, 69.57618459999998], [19.638817, 69.54021820000004], [19.635897699999983, 69.50118080000001], [19.6729568, 69.48390079999996], [19.508413900000022, 69.40281679999998], [19.437153900000027, 69.39222330000003], [19.508413, 69.39466819999998], [19.60679409999997, 69.43421470000003], [19.645289700000014, 69.40955850000002], [19.6631722, 69.42100089999997], [19.64158420000002, 69.43486620000002], [19.650656499999975, 69.44774729999999], [19.732792, 69.48703949999995], [19.7014182, 69.506876], [19.73902849999998, 69.52716690000001], [19.716318399999967, 69.555005], [19.758389399999988, 69.58729960000002], [19.730006800000034, 69.60754280000002], [19.985073900000017, 69.58206269999997], [20.14521629999997, 69.58226750000004], [19.8607476, 69.61322470000003], [19.769124, 69.68354569999995], [19.846215799999968, 69.73100309999997], [19.849513100000028, 69.7724153], [19.90142039999998, 69.78195239999997], [19.994240699999978, 69.84726579999999], [19.954580899999975, 69.76886440000001], [19.9856018, 69.7691154], [20.13650930000004, 69.94012520000003], [20.163712700000037, 69.939221], [20.15410080000002, 69.89602340000002], [20.1968432, 69.85593970000002], [20.17122450000002, 69.902375], [20.198923100000044, 69.93951369999996], [20.257839400000034, 69.976111], [20.330252599999966, 69.96061259999998], [20.392568899999986, 69.87839789999998], [20.268054500000044, 69.71349519999997], [20.285260500000014, 69.69908380000004], [20.251468, 69.68156380000002], [20.3501012, 69.63860230000004], [20.34930380000002, 69.61598980000002], [20.308767300000042, 69.58536960000002], [20.220555300000044, 69.57522719999999], [20.22601839999998, 69.54836059999997], [20.28006950000003, 69.54928460000004], [20.22169490000001, 69.526512], [20.240062800000015, 69.51652969999998], [20.20790760000002, 69.49609470000001], [20.255339799999984, 69.4947539], [20.2434514, 69.474389], [20.19869630000002, 69.45343610000005], [20.207523799999972, 69.4657792], [20.179950800000036, 69.48217589999997], [20.140159299999972, 69.39635610000002], [19.969015599999974, 69.34355950000003], [19.9839529, 69.335736], [19.9011222, 69.27418030000004], [19.920909799999965, 69.262553], [20.065161399999965, 69.35098780000003], [20.2640329, 69.39177150000003], [20.255347, 69.41741969999995], [20.321066700000024, 69.45830510000003], [20.39610420000002, 69.585434], [20.418078399999985, 69.59189720000002], [20.638406200000038, 69.51665050000003], [20.817294600000015, 69.49816120000001], [20.76794510000004, 69.52259029999998], [20.6619604, 69.53064310000005], [20.48182150000002, 69.61392150000005], [20.45765510000004, 69.6434184], [20.526922900000045, 69.708962], [20.5220155, 69.73358030000004], [20.459439100000033, 69.76238420000004], [20.709065200000044, 69.792754], [20.782170799999978, 69.82748260000004], [20.790616300000032, 69.84594490000003], [20.749947500000033, 69.8640804], [20.76657569999998, 69.88309280000003], [21.056378200000015, 69.96073], [21.0816847, 69.95662210000003], [20.846951100000034, 69.85413950000002], [20.9420982, 69.8516972], [20.953591, 69.83922620000004], [20.90209750000003, 69.82247510000005], [20.9727946, 69.77833609999998], [21.04527770000002, 69.79407140000004], [20.987293699999988, 69.8171578], [21.057247099999966, 69.838419], [21.033200699999966, 69.8739079], [21.1907518, 69.88031150000003], [21.194819699999968, 69.86203160000002], [21.128682099999963, 69.8262092], [21.135557500000047, 69.80340409999995], [21.2235123, 69.84964170000002], [21.1877706, 69.88335890000002], [21.196430899999964, 69.9036383], [21.3248323, 69.90876640000002], [21.183870699999986, 69.9352836], [21.238748, 70.00944470000005], [21.4384121, 70.0144271], [21.566966399999977, 69.95082779999996], [21.577430900000017, 69.91369140000002], [21.88076219999997, 69.84304789999996], [21.87027290000001, 69.82511670000004], [21.927607200000022, 69.7792339], [22.032060099999985, 69.77106449999998], [22.00659749999996, 69.76416649999997], [22.056190700000023, 69.74873080000002], [21.960076, 69.7371898], [22.0596393, 69.72255050000004], [22.137093, 69.74848979999997], [22.029862599999973, 69.76693320000001], [22.0906568, 69.776676], [21.890432, 69.834648], [21.8951748, 69.84983820000002], [22.027233300000027, 69.84848839999998], [21.9063589, 69.8755985], [21.862959500000013, 69.9372341], [21.923068800000035, 69.95245390000004], [21.8770398, 69.98286560000001], [21.96843390000003, 69.99305969999998], [22.01316550000001, 69.97324320000001], [22.0056974, 69.94948590000004], [21.978073799999965, 69.94598510000002], [22.04099439999998, 69.93535429999999], [22.0434109, 69.98769550000004], [22.006916, 70.01268540000004], [22.091137199999956, 70.02881619999995], [21.8642378, 70.01029790000003], [21.77653009999998, 70.03537050000003], [21.9896148, 70.07074339999998], [22.05979210000002, 70.10204079999997], [22.071610900000028, 70.12686429999995], [21.944740500000016, 70.07685029999998], [21.8409696, 70.07282560000004], [21.811297, 70.08939190000002], [21.816405699999986, 70.0658327], [21.7267587, 70.05230029999997], [21.591131, 70.0844795], [21.6016498, 70.10072330000003], [21.58451060000004, 70.110611], [21.5570824, 70.0912091], [21.455466500000032, 70.09919270000003], [21.403323700000044, 70.14577640000005], [21.4763921, 70.174699], [21.29635080000003, 70.1590685], [21.21513479999997, 70.20838779999997], [21.189313600000027, 70.19918509999997], [21.180379, 70.2302599], [21.414465100000047, 70.27443820000005], [21.436533299999972, 70.25569570000005], [21.425757, 70.22220549999999], [21.490956800000017, 70.19368029999995], [21.471843100000033, 70.22017739999995], [21.49208539999996, 70.26414819999997], [21.47411330000002, 70.30401509999996], [21.567408400000044, 70.3240279], [21.564705699999976, 70.28723570000002], [21.722451499999963, 70.23504530000001], [21.71530359999998, 70.21582239999996], [21.762261599999967, 70.2181663], [21.7853531, 70.18073760000004], [21.8610358, 70.13988549999998], [21.857735400000045, 70.1721547], [21.812055700000045, 70.20453529999997], [21.87067269999996, 70.21577820000003], [21.762400299999985, 70.24145559999998], [21.901487, 70.31286660000004], [21.983421600000042, 70.3299458], [22.010257900000042, 70.32430440000005], [22.0092516, 70.30462509999998], [21.95188450000003, 70.2868371], [21.9524111, 70.27650889999995], [22.059141, 70.31403960000002], [22.094975600000023, 70.30344060000003], [22.077839, 70.23058569999996], [22.1119057, 70.2396427], [22.1093232, 70.27651080000003], [22.139652199999983, 70.270278], [22.148889299999986, 70.28848789999998], [22.29648320000004, 70.27877390000005], [22.270943799999966, 70.23044], [22.224524699999982, 70.21818629999997], [22.27239050000003, 70.22252070000005], [22.22774169999997, 70.15491860000002], [22.2543904, 70.14920350000001], [22.208129, 70.1352022], [22.2224092, 70.12652939999995], [22.40336030000003, 70.1404945], [22.5392107, 70.11340989999998], [22.43415069999999, 70.15149789999995], [22.29072270000001, 70.161712], [22.333669700000037, 70.18714910000003], [22.332281800000043, 70.22884229999995], [22.361276600000025, 70.23107619999996], [22.34346749999998, 70.248208], [22.35739979999998, 70.26107540000001], [22.614474499999982, 70.223416], [22.583153800000023, 70.2032839], [22.68271489999998, 70.22022780000005], [22.968452799999973, 70.1919773], [22.939985799999963, 70.1587151], [22.904661, 70.16331530000002], [22.9149298, 70.151255], [22.871184600000017, 70.13091779999996], [22.7986137, 70.1162645], [22.841132300000023, 70.11218169999997], [22.5932644, 70.0772628], [22.44473960000002, 70.08061890000005], [22.2709023, 70.0386946], [22.29093679999996, 70.02335459999996], [22.39560030000003, 70.0560921], [22.840348199999983, 70.09750740000004], [23.005264599999965, 70.14307640000003], [23.016880699999987, 70.13584409999999], [22.98554329999998, 70.12260990000001], [22.99893930000001, 70.05816769999996], [22.95341110000002, 70.04205490000002], [23.025299200000028, 70.0159105], [23.07422920000002, 70.03296920000003], [23.09865069999997, 69.97780460000004], [23.142854599999986, 69.9752783], [23.14175710000004, 69.96027180000003], [23.053739799999985, 69.94824370000002], [22.99787179999997, 69.91939209999998], [23.097347599999974, 69.94716920000002], [23.119547699999977, 69.93108059999996], [23.291010199999974, 69.99323909999998], [23.4148225, 69.971158], [23.52902779999997, 70.01559430000003], [23.335565500000023, 70.023337], [23.13420669999997, 70.08488269999997], [23.346723499999978, 70.09856079999997], [23.38167370000004, 70.1168248], [23.26572809999996, 70.17379990000005], [23.372860600000035, 70.18065140000002], [23.24359960000002, 70.18926380000002], [23.1790549, 70.2162415], [23.531087799999973, 70.234034], [23.246432, 70.2480146], [23.4096582, 70.26200520000002], [23.3782178, 70.28095160000002], [23.59589580000001, 70.29178119999997], [23.468785100000012, 70.30587009999996], [23.504791100000034, 70.3256885], [23.429474699999965, 70.31306390000002], [23.63410760000002, 70.40959119999995], [23.793931700000016, 70.44220060000005], [23.773055799999977, 70.4650883], [23.855413800000026, 70.49489290000002], [24.046071900000033, 70.5124102], [24.320730099999977, 70.45402890000004], [24.25000559999997, 70.5085157], [24.090703900000033, 70.53976520000002], [24.204000400000037, 70.60337409999995], [24.235929399999968, 70.60086549999997], [24.2431392, 70.65825669999998], [24.280561399999968, 70.65973479999997], [24.272797900000032, 70.67612759999999], [24.297384200000028, 70.68643679999997], [24.461102700000016, 70.68286840000003], [24.617361, 70.61260760000002], [24.69151869999997, 70.62753180000001], [24.59264170000004, 70.6882535], [24.672611099999987, 70.6944612], [24.54800979999996, 70.706525], [24.57032579999996, 70.7157113], [24.51024220000002, 70.72861709999997], [24.53530679999998, 70.74766009999996], [24.37428850000003, 70.74867889999997], [24.2431392, 70.77718449999998], [24.274038199999982, 70.81287210000004], [24.237989299999963, 70.83677870000001], [24.355749, 70.8774216], [24.3931712, 70.8690971], [24.395917799999967, 70.84567990000002], [24.43677320000004, 70.84860860000005], [24.429220100000016, 70.82663309999998], [24.4518794, 70.81862580000004], [24.61867839999996, 70.79291179999998], [24.62182420000001, 70.81659529999999], [24.568265799999956, 70.82437789999999], [24.594701700000044, 70.830241], [24.56071270000002, 70.86785940000001], [24.709457900000032, 70.87149540000003], [24.551959900000032, 70.9006724], [24.619896, 70.91906069999999], [24.547666499999977, 70.92505130000005], [24.544576600000024, 70.95330540000003], [24.650663299999987, 70.96058660000003], [24.536336800000026, 70.9678652], [24.555133199999958, 70.97637009999998], [24.6950336, 70.99096789999997], [24.673301299999984, 70.98525130000003], [24.6750565, 70.9628621], [24.7693412, 70.99155340000002], [24.75875830000003, 70.96457279999998], [24.860170400000015, 70.92412719999997], [24.79726210000004, 70.9186549], [24.811338300000042, 70.91427719999997], [24.9520964, 70.91997270000005], [24.910281799999968, 70.93355189999996], [24.955469500000028, 70.974158], [25.01150409999997, 70.9729213], [25.048346700000025, 70.952226], [25.035643700000044, 70.93395420000003], [24.8849037, 70.8754434], [25.029438299999974, 70.86660820000004], [25.020009800000032, 70.8877127], [25.11523250000003, 70.93013680000001], [25.2289344, 70.872176], [25.248847200000025, 70.82227650000003], [25.230651100000024, 70.81280059999997], [25.232024299999956, 70.79688449999998], [25.2862201, 70.82621949999995], [25.3385425, 70.80978939999997], [25.328498, 70.82994410000002], [25.365233599999982, 70.84729819999998], [25.318885, 70.86463720000003], [25.3645469, 70.8602476], [25.361800300000038, 70.87690040000004], [25.3951027, 70.88555890000005], [25.309272, 70.94079410000002], [25.2982794, 70.95881909999999], [25.319089, 70.97920670000003], [25.43321150000002, 70.96197159999996], [25.5468513, 70.91409379999999], [25.4091789, 70.86384940000005], [25.440421299999972, 70.84718559999999], [25.614829199999956, 70.90803079999998], [25.70855630000002, 70.90690779999996], [25.6901388, 70.892934], [25.7253791, 70.88477190000003], [25.7304138, 70.8624083], [25.782714, 70.89657330000001], [25.8953239, 70.898371], [25.826502100000038, 70.87276550000004], [25.90665360000004, 70.8655375], [25.77629579999996, 70.82675080000004], [25.759470100000016, 70.79247110000003], [25.61939440000003, 70.77416489999997], [25.596048399999983, 70.7512018], [25.668422100000022, 70.74300860000004], [25.6949254, 70.75980189999996], [25.674326, 70.7270792], [25.639307100000043, 70.74044649999996], [25.466615799999982, 70.67465689999997], [25.394849800000042, 70.67103450000002], [25.406172600000044, 70.65758960000002], [25.32740130000002, 70.60970610000003], [25.2487803, 70.58969209999998], [25.233330799999965, 70.5652606], [25.100550800000022, 70.53267520000003], [25.0451647, 70.50216489999997], [25.21852320000002, 70.52921220000002], [25.242678499999972, 70.52026549999998], [25.2186839, 70.50015510000004], [25.06604810000004, 70.487385], [25.08337719999998, 70.470513], [25.22460679999996, 70.48024770000002], [25.278304399999985, 70.46629749999997], [25.22846919999997, 70.46182339999997], [25.165009600000033, 70.4219042], [25.24534709999997, 70.4105116], [25.2405406, 70.39197069999997], [25.146813500000032, 70.4032585], [25.03914920000001, 70.3529565], [25.124466400000035, 70.3633442], [25.05043250000003, 70.31802360000005], [25.15265, 70.33231830000001], [25.18080239999996, 70.32746469999996], [25.180558, 70.30434069999998], [24.93629479999997, 70.23089159999996], [24.941517299999983, 70.20694790000003], [24.918052699999983, 70.20071540000002], [24.9599293, 70.173465], [24.916317899999974, 70.14981479999996], [24.9287745, 70.10646230000005], [24.913557800000042, 70.08671170000004], [24.969151700000026, 70.08785710000004], [24.99378029999997, 70.07449370000003], [24.989122, 70.05495370000004], [25.03036440000004, 70.06069], [25.03792, 70.08275070000003], [24.979030099999978, 70.10011280000005], [24.976892799999973, 70.12056349999999], [24.991999, 70.14343270000002], [25.06718670000001, 70.15159420000002], [25.105295500000025, 70.18432419999996], [25.096712400000044, 70.14075040000004], [25.07420429999996, 70.14692460000002], [25.062036799999966, 70.1204467], [25.116026900000033, 70.13991779999998], [25.1564506, 70.124299], [25.06526520000001, 70.11771950000004], [25.06409679999997, 70.10923619999997], [25.095838600000043, 70.07393870000004], [25.1543907, 70.065621], [25.223741899999986, 70.09124], [25.298929499999968, 70.19502889999998], [25.359011, 70.20014650000003], [25.4074195, 70.2288515], [25.40159310000003, 70.24954990000002], [25.503903299999987, 70.28299360000004], [25.51061920000002, 70.31043469999999], [25.382704, 70.3268115], [25.43557569999997, 70.3425245], [25.43866560000001, 70.36630220000005], [25.494953200000015, 70.37980849999997], [25.502180399999986, 70.40053489999998], [25.55468289999998, 70.39614319999997], [25.5341094, 70.40594690000005], [25.6717818, 70.494752], [25.98338370000002, 70.60854240000002], [25.973407, 70.63070620000003], [26.046035800000023, 70.6960371], [26.027839700000023, 70.70284569999997], [26.04122929999997, 70.72121730000002], [26.1082, 70.71938410000004], [26.14279450000001, 70.75909039999998], [26.129806499999987, 70.76639419999998], [26.2286835, 70.79001759999997], [26.5630799, 70.95269670000003], [26.705604500000014, 70.96599709999997], [26.684262599999965, 70.9603062], [26.71929169999998, 70.94137710000003], [26.70109559999998, 70.91815740000004], [26.7309647, 70.90580730000003], [26.653030400000045, 70.85452850000003], [26.6705399, 70.84979870000002], [26.6561203, 70.83210869999998], [26.72753149999998, 70.84247670000002], [26.734223499999988, 70.82444549999998], [26.671832900000037, 70.7781659], [26.683291399999987, 70.748212], [26.6564156, 70.7350625], [26.353996300000016, 70.65798], [26.594208799999986, 70.65924639999997], [26.560827399999965, 70.673568], [26.62917810000003, 70.6834553], [26.5868429, 70.6658484], [26.6399842, 70.646492], [26.611847400000045, 70.62336519999998], [26.6271252, 70.61727019999998], [26.60221869999997, 70.57388620000003], [26.613735600000044, 70.55313369999999], [26.546272699999985, 70.51314519999997], [26.549534300000023, 70.49016909999997], [26.58575480000003, 70.4807649], [26.512627100000042, 70.436955], [26.534263500000034, 70.39499770000005], [26.47984680000002, 70.36081330000002], [26.514179100000025, 70.35048340000002], [26.571678600000027, 70.38752], [26.6302222, 70.38197630000002], [26.58284360000003, 70.4022537], [26.627303900000033, 70.4318272], [26.733555300000035, 70.4195887], [26.72549419999999, 70.43217220000002], [26.7658347, 70.43964489999998], [26.775097299999985, 70.46762610000002], [26.744892, 70.48883909999998], [26.936294399999984, 70.48660289999997], [26.913978399999984, 70.46480219999997], [26.960556, 70.454722], [27.032815, 70.4839036], [27.09417820000002, 70.46682840000001], [27.101776, 70.48069609999999], [27.039806199999973, 70.4886097], [26.950691299999963, 70.54634870000001], [27.007556300000047, 70.56838030000002], [26.9496613, 70.57457129999996], [27.050794800000034, 70.6219827], [27.075200600000016, 70.61842079999997], [27.057359100000046, 70.61137679999997], [27.07500410000001, 70.61456179999998], [27.250068699999975, 70.58610049999999], [27.27719120000003, 70.58815450000003], [27.07978059999998, 70.6431922], [27.08252720000004, 70.6644605], [27.1604615, 70.66514250000003], [27.084587100000036, 70.68377579999996], [27.164238, 70.68718250000002], [27.0670777, 70.70329950000004], [27.109306400000023, 70.75451539999999], [27.326128, 70.73463660000002], [27.355686599999963, 70.7551565], [27.27032469999997, 70.76515009999999], [27.297447200000025, 70.80198820000003], [27.280719500000018, 70.8135554], [27.290541099999977, 70.83386579999996], [27.7180265, 70.79982879999996], [27.482735900000034, 70.82876460000004], [27.451454200000015, 70.84603139999997], [27.53168659999996, 70.86417790000004], [27.460525499999978, 70.87276110000003], [27.475288400000043, 70.8870429], [27.3709183, 70.87995950000003], [27.41925820000002, 70.9250099], [27.3211744, 70.89126679999998], [27.114826100000023, 70.9174066], [27.101953400000035, 70.93337159999996], [27.152188199999983, 70.9688452], [27.142880099999967, 70.98140249999999], [27.355623299999966, 70.9461214], [27.200115599999975, 71.01441820000004], [27.281507, 71.0454308], [27.374771, 71.01527810000005], [27.507651099999975, 71.01172409999997], [27.50927419999998, 70.96835940000003], [27.548031900000037, 70.95577129999995], [27.5739284, 71.0130415], [27.496697699999984, 71.04145449999997], [27.4995758, 71.0854], [27.5783768, 71.10917849999997], [27.642377500000027, 71.09942710000004], [27.629658499999966, 71.1269037], [27.645633100000012, 71.13331270000003], [27.75436450000004, 71.11069390000003]]], [[[15.721755599999977, 68.97234079999997], [15.90346, 68.9659487], [15.913581499999975, 68.91895239999995], [15.9586915, 68.89063160000005], [15.8837655, 68.78777129999996], [15.769346600000024, 68.73630960000003], [15.926972, 68.773616], [15.9568634, 68.79819259999998], [16.00980689999998, 68.775859], [15.970137299999966, 68.69765179999997], [15.894829, 68.65307579999998], [15.774604699999962, 68.62820360000005], [15.76449550000001, 68.61589210000004], [15.802892200000041, 68.56532959999998], [15.7529954, 68.56126769999999], [15.725499699999968, 68.53356350000003], [15.828178500000046, 68.56641149999997], [15.805834699999966, 68.61841860000001], [15.9968871, 68.674689], [16.055761100000044, 68.67060890000002], [16.04850630000001, 68.63719910000005], [16.084497799999987, 68.6385726], [16.081640700000023, 68.66818349999998], [16.022970599999976, 68.68747070000002], [16.065426200000022, 68.74458370000002], [16.18167890000002, 68.7336599], [16.2730059, 68.741137], [16.12881270000004, 68.78222780000004], [16.086643599999984, 68.821586], [16.19878, 68.86600879999996], [16.34177170000004, 68.83348309999995], [16.307983500000024, 68.8761415], [16.249490499999975, 68.89023109999995], [16.261816799999963, 68.920738], [16.416046399999985, 68.85600849999996], [16.4907931, 68.85426409999997], [16.488561299999983, 68.82183319999999], [16.5949019, 68.83699110000005], [16.5417499, 68.80785420000002], [16.545941300000045, 68.78241], [16.60449340000001, 68.7970035], [16.559191, 68.7689573], [16.57598869999999, 68.75625159999997], [16.558864200000013, 68.74610610000003], [16.5918855, 68.73675390000001], [16.5393079, 68.71749909999998], [16.6037128, 68.73433], [16.59937960000002, 68.71290119999996], [16.538346600000043, 68.68437439999998], [16.63355640000004, 68.67144730000003], [16.593319200000046, 68.66888930000002], [16.55719339999997, 68.6216722], [16.49627509999998, 68.60827990000001], [16.501538299999986, 68.58007080000003], [16.528971299999974, 68.5758047], [16.5130007, 68.56542939999997], [16.2399145, 68.5642081], [16.157245599999982, 68.53038940000003], [16.09017829999997, 68.55760130000003], [16.117355700000036, 68.54486590000003], [16.1042558, 68.52067089999998], [16.13589630000003, 68.5118688], [16.106833800000043, 68.5139115], [16.083095500000045, 68.47623910000003], [16.01536990000001, 68.45128819999998], [15.991046199999982, 68.42167569999997], [16.002665800000027, 68.410821], [15.963360799999982, 68.39488970000004], [15.863574400000036, 68.38389029999998], [15.880112100000044, 68.44088710000004], [15.91064889999998, 68.44752679999998], [15.8910553, 68.4487122], [15.87093260000001, 68.51001349999997], [15.869006900000016, 68.47235689999998], [15.885686699999969, 68.46466349999999], [15.833044100000016, 68.423907], [15.8388018, 68.40741560000002], [15.780821, 68.408738], [15.769634500000041, 68.43502849999997], [15.735498, 68.40432449999997], [15.7555826, 68.38141150000004], [15.65905470000002, 68.37675729999998], [15.723685200000027, 68.36924060000004], [15.692047, 68.3349068], [15.6335503, 68.324385], [15.663178499999987, 68.31201739999997], [15.556429799999961, 68.31302260000001], [15.600826, 68.32453589999997], [15.513797899999982, 68.33366730000002], [15.50779, 68.36216679999997], [15.4709061, 68.34061810000004], [15.4428707, 68.35754349999998], [15.3628288, 68.34266810000001], [15.326768, 68.35918149999996], [15.357207400000018, 68.35451429999998], [15.372565200000011, 68.38524030000002], [15.61326, 68.486873], [15.5789106, 68.49554], [15.579583299999978, 68.51214910000002], [15.53466029999997, 68.51864770000002], [15.574861099999971, 68.5024813], [15.454268599999988, 68.43521730000005], [15.395911900000026, 68.41560659999998], [15.369625200000026, 68.4303797], [15.364137700000025, 68.40705180000003], [15.258948200000045, 68.36842719999997], [15.180233399999988, 68.36996950000004], [15.255744, 68.35909090000001], [15.1791666, 68.31396520000003], [15.169204200000031, 68.32722540000002], [15.110894699999978, 68.29970760000002], [14.978678599999974, 68.31020429999998], [15.081829600000042, 68.35482339999997], [15.06115619999997, 68.3587868], [15.208435899999962, 68.464475], [15.403471599999975, 68.4675888], [15.2272701, 68.49416140000002], [15.21596270000003, 68.50304469999998], [15.259194900000029, 68.52196390000003], [15.287185, 68.49815980000001], [15.366496399999964, 68.50127520000004], [15.287007199999959, 68.50495050000002], [15.2585858, 68.53017770000001], [15.179713599999967, 68.53304539999996], [15.2136201, 68.55865819999998], [15.207435599999975, 68.57520739999997], [15.337527199999968, 68.56671409999996], [15.30939859999998, 68.59127570000004], [15.41892580000004, 68.6209573], [15.475395500000012, 68.60544720000003], [15.429711900000044, 68.62488159999998], [15.460995400000034, 68.63205830000004], [15.563670299999966, 68.6349636], [15.580125399999979, 68.61198059999997], [15.6315204, 68.6172228], [15.578135299999985, 68.63644650000003], [15.486523300000044, 68.6520842], [15.4383313, 68.71728749999998], [15.626255899999975, 68.73638080000005], [15.692796700000034, 68.69875370000001], [15.7169349, 68.6970198], [15.652046200000026, 68.72717560000002], [15.660025300000036, 68.7428703], [15.522354199999967, 68.7281855], [15.462761499999967, 68.75298920000004], [15.487989899999977, 68.784695], [15.45952, 68.81344460000001], [15.535549700000018, 68.8015248], [15.5445, 68.82074210000003], [15.5305557, 68.81801719999999], [15.560180599999974, 68.82654380000001], [15.607602200000038, 68.81730810000003], [15.6212572, 68.82044480000003], [15.659870899999962, 68.81314149999999], [15.680909100000019, 68.81600070000003], [15.549887900000027, 68.86427180000004], [15.5769826, 68.88969459999997], [15.635580899999969, 68.88613890000002], [15.601980799999971, 68.89556160000002], [15.64215880000004, 68.950047], [15.619543399999959, 68.952661], [15.721755599999977, 68.97234079999997]]], [[[17.602843199999963, 69.5527031], [17.631678100000038, 69.50577730000002], [17.677463100000047, 69.482033], [17.6573524, 69.51605079999997], [17.7141575, 69.51447030000003], [17.6513464, 69.5476965], [17.670200299999973, 69.54542960000002], [17.662228899999977, 69.570725], [17.624493899999983, 69.5995766], [17.688131299999977, 69.59809860000003], [17.785168, 69.53200219999997], [17.816697499999968, 69.57349229999997], [17.8593977, 69.56372179999998], [17.842348600000047, 69.57976879999997], [17.8798136, 69.579974], [17.92109160000004, 69.54856679999997], [17.919593199999962, 69.5189247], [17.852258, 69.4916699], [17.843633699999973, 69.45814679999998], [17.806783900000035, 69.46277190000004], [17.84707179999996, 69.44685770000002], [17.878736699999976, 69.44656590000004], [17.895752600000026, 69.465184], [17.8848375, 69.48361810000002], [17.96057390000001, 69.52121780000002], [18.068046100000036, 69.489376], [18.007500200000038, 69.47502310000003], [18.0191853, 69.4622659], [17.94590650000003, 69.4203561], [17.99899989999998, 69.40436229999996], [18.01881310000002, 69.44248919999997], [18.064457300000015, 69.43851989999999], [18.08063569999996, 69.42682270000002], [18.043299700000027, 69.4050959], [18.066533799999963, 69.39633609999997], [18.0373332, 69.39715590000003], [18.06458070000001, 69.39114589999996], [18.056557299999977, 69.36474139999999], [18.093684799999977, 69.36153760000002], [17.8746053, 69.31792149999997], [17.923059100000028, 69.29077919999996], [17.890577899999972, 69.27200110000004], [17.93861680000004, 69.27520869999995], [17.965239, 69.25169389999998], [17.846673, 69.22758649999999], [18.008630699999962, 69.1911739], [17.835560299999976, 69.15853739999996], [17.730427900000013, 69.16925340000003], [17.484209, 69.146653], [17.53383270000002, 69.17286289999998], [17.49109740000001, 69.17984730000003], [17.54425009999998, 69.19334270000003], [17.49404840000002, 69.20765969999997], [17.3915291, 69.1516464], [17.321093399999988, 69.1380499], [17.32464619999996, 69.12456929999998], [17.1766723, 69.0845963], [17.207062, 69.0761299], [17.172632200000027, 69.04664629999998], [17.21829389999996, 69.05292750000001], [17.23067639999998, 69.028844], [17.16312609999997, 69.01349379999998], [17.047143899999973, 69.00697919999999], [17.054498299999988, 69.0301283], [17.029086199999966, 69.03545859999997], [17.1100571, 69.04274390000003], [17.037704899999962, 69.0513397], [17.165852400000038, 69.08410820000003], [16.891437, 69.05469330000001], [16.781307500000043, 69.05756129999999], [16.81712329999996, 69.06743320000002], [16.7826166, 69.08199289999997], [16.810404500000043, 69.12100170000002], [16.91459839999998, 69.106264], [16.901389300000048, 69.13154549999997], [16.9920365, 69.1506769], [17.08535710000001, 69.142267], [17.060533099999976, 69.16930410000005], [17.2113662, 69.19640440000005], [17.077177099999986, 69.1812209], [16.8867082, 69.20082160000004], [16.94278949999999, 69.210742], [16.879218900000016, 69.22495820000005], [16.911349899999962, 69.23669139999998], [17.128650800000035, 69.2287739], [17.15272830000003, 69.24972529999998], [17.113270500000045, 69.24264420000003], [17.10322, 69.26076149999999], [17.192187100000012, 69.28739840000001], [17.05150150000001, 69.26062719999997], [17.01199560000004, 69.27429959999996], [17.070959300000045, 69.2804628], [16.95021090000004, 69.2849874], [17.017276199999976, 69.30723490000003], [16.928810699999964, 69.29728359999999], [16.897839, 69.31395829999997], [17.038123100000014, 69.33158840000003], [17.135836500000035, 69.306426], [17.14991140000002, 69.3110981], [17.09676549999999, 69.32239889999997], [17.156248100000028, 69.33991960000004], [17.022136300000025, 69.3561218], [17.187277899999987, 69.35203670000004], [17.0356691, 69.37152620000003], [16.886877599999984, 69.3636392], [16.866445900000016, 69.37692690000004], [16.921030900000012, 69.37608530000004], [16.95607, 69.40688480000004], [17.105032500000018, 69.38320450000005], [17.142997600000044, 69.41492939999996], [17.213391599999973, 69.41739189999997], [17.3969631, 69.36167119999998], [17.41095450000001, 69.3859209], [17.3384018, 69.39180389999996], [17.282084, 69.40823480000002], [17.3399862, 69.40464909999999], [17.293782499999978, 69.422504], [17.311472500000026, 69.4268183], [17.4981392, 69.42692659999999], [17.277350700000028, 69.44687559999998], [17.1964012, 69.49734139999995], [17.2332765, 69.5028929], [17.334599299999965, 69.45602290000002], [17.349158799999987, 69.4575308], [17.3331044, 69.49013549999997], [17.403492200000038, 69.4851947], [17.315380900000022, 69.54176360000001], [17.4794588, 69.51682350000004], [17.488150199999964, 69.4856777], [17.52259639999998, 69.50029430000004], [17.584515700000015, 69.4609561], [17.6811628, 69.46791350000002], [17.49762110000004, 69.5409949], [17.463944899999962, 69.5737524], [17.4937047, 69.60168210000005], [17.602843199999963, 69.5527031]]], [[[23.44869030000003, 70.8340605], [23.423712499999972, 70.82232739999998], [23.4709587, 70.81247350000001], [23.425682, 70.81223909999997], [23.5101997, 70.78452989999995], [23.3775876, 70.78394890000003], [23.456231, 70.76413139999998], [23.39670060000001, 70.76637090000001], [23.3848195, 70.75921789999995], [23.4059709, 70.75539410000003], [23.384820800000018, 70.75048219999996], [23.40151359999998, 70.74088620000002], [23.36210670000003, 70.727502], [23.29500469999999, 70.746052], [23.3350037, 70.71358950000003], [23.237890299999965, 70.70037850000003], [23.2662202, 70.68011180000003], [23.2078223, 70.6760806], [23.1579593, 70.70070150000002], [23.1369207, 70.68257190000001], [23.168503100000027, 70.67340990000001], [23.127267700000044, 70.66048360000002], [23.1931685, 70.659756], [23.147577799999986, 70.62868920000004], [23.048166099999957, 70.62790310000001], [23.120641499999973, 70.62111749999998], [23.077222, 70.578056], [23.058757600000025, 70.56823540000002], [23.02665759999998, 70.59431219999998], [22.98596460000002, 70.6004249], [23.018279900000028, 70.58809669999995], [23.009679599999956, 70.56012430000001], [22.886469700000035, 70.5751158], [22.937521800000017, 70.53326870000002], [22.848060400000026, 70.5330399], [22.825461200000042, 70.51505130000002], [22.798664899999977, 70.513342], [22.8406189, 70.54055569999996], [22.74311459999996, 70.5082248], [22.76792029999999, 70.54448120000004], [22.71628389999998, 70.55189110000003], [22.692372200000023, 70.50418350000001], [22.677437599999962, 70.539206], [22.7169369, 70.55760739999995], [22.65334250000002, 70.5573942], [22.644225600000013, 70.5427825], [22.60592060000002, 70.55275610000001], [22.617613299999984, 70.508243], [22.5826683, 70.52496279999997], [22.558141400000032, 70.49315869999998], [22.511669400000024, 70.49665530000001], [22.4715573, 70.5296939], [22.45741590000001, 70.4895563], [22.393586899999974, 70.48858310000003], [22.413697099999986, 70.52264820000003], [22.322197099999986, 70.485319], [22.287746200000026, 70.49547389999996], [22.296604, 70.53969250000004], [22.24247159999997, 70.51514690000003], [22.2408812, 70.48149869999996], [22.085821799999984, 70.475557], [22.140248700000043, 70.49146750000003], [22.11284630000001, 70.5069925], [22.134392199999976, 70.52590089999995], [22.259838700000035, 70.55652520000002], [22.20492129999998, 70.56573159999998], [22.212145100000026, 70.57734069999995], [22.3093062, 70.6042344], [22.17220339999997, 70.61179459999998], [22.095390599999988, 70.58007159999995], [22.055172599999985, 70.59686980000002], [22.0104, 70.58224539999996], [21.98367609999996, 70.6065069], [22.046869099999956, 70.62671060000002], [21.927981399999986, 70.64270759999997], [21.9819344, 70.6724779], [21.994624399999974, 70.65052879999996], [22.119814100000013, 70.64932229999997], [22.141270500000033, 70.63248910000003], [22.238428, 70.6433973], [22.193298799999962, 70.67695629999999], [22.206566, 70.6792268], [22.39018, 70.62528579999999], [22.393891899999986, 70.644914], [22.368204800000036, 70.65945530000003], [22.3862898, 70.666692], [22.33934830000004, 70.68309869999999], [22.3913951, 70.71238180000002], [22.36952830000003, 70.72121439999995], [22.3996899, 70.71868820000002], [22.40688990000004, 70.69146919999997], [22.476601900000027, 70.66883659999998], [22.514315, 70.679128], [22.464726500000044, 70.69866860000003], [22.516684, 70.70582630000003], [22.516800400000015, 70.72128769999998], [22.6589554, 70.68369309999997], [22.5528112, 70.65724840000004], [22.565990400000025, 70.63293609999998], [22.633572, 70.64682969999997], [22.58851719999997, 70.6470019], [22.58684010000003, 70.652066], [22.680406899999973, 70.658213], [22.71062549999996, 70.61096229999995], [22.72693330000004, 70.62927850000004], [22.6995877, 70.634001], [22.74640990000003, 70.65365010000004], [22.835500299999968, 70.65339260000005], [22.74147640000004, 70.68551770000003], [22.782575400000017, 70.70443449999998], [22.72892240000004, 70.70205220000004], [22.75354, 70.7097817], [22.730289700000018, 70.71295879999998], [22.7467508, 70.7291124], [22.69206530000003, 70.72577010000003], [22.690733499999972, 70.75063029999995], [22.798011, 70.77032629999998], [22.810532400000017, 70.76311090000002], [22.781789600000014, 70.74606929999997], [22.7986953, 70.73431389999996], [22.82298890000003, 70.75099769999999], [22.869256800000027, 70.73886090000005], [22.83500559999998, 70.71969190000002], [22.940508699999974, 70.72903359999997], [22.882779, 70.68838250000002], [22.929376400000013, 70.69106459999998], [22.947126200000035, 70.66817090000005], [23.0129069, 70.65458190000004], [22.9825228, 70.68838529999998], [23.05630289999996, 70.6916124], [23.02554109999997, 70.69747490000003], [23.034244400000038, 70.71792620000002], [23.1402195, 70.71075130000003], [23.093029800000032, 70.727297], [23.174122600000025, 70.73816129999997], [23.01703529999999, 70.78633669999998], [23.0535048, 70.805295], [23.10682279999996, 70.79469869999996], [23.052543500000034, 70.815347], [23.193898, 70.7831757], [23.196301300000034, 70.8050269], [23.1689986, 70.822555], [23.186473700000022, 70.82735879999998], [23.292946599999965, 70.76861570000003], [23.28211, 70.78965740000001], [23.33032370000001, 70.79284929999997], [23.29809650000001, 70.8002177], [23.318296, 70.81753759999997], [23.291775100000024, 70.83062480000002], [23.313932, 70.83540959999998], [23.31629260000001, 70.87192790000002], [23.383044, 70.8456507], [23.37703459999998, 70.8296434], [23.44869030000003, 70.8340605]]], [[[15.186559900000042, 69.01406010000002], [15.194109899999987, 68.98056], [15.091337900000013, 68.95316640000003], [15.198174700000045, 68.96471189999998], [15.17278, 68.95307], [15.2235601, 68.93529], [15.175199899999981, 68.92972], [15.2757901, 68.90761], [15.25852, 68.9176], [15.319930099999969, 68.9175], [15.27722, 68.90812010000003], [15.30335, 68.89887010000002], [15.27590010000004, 68.8593001], [15.2957199, 68.85875009999997], [15.26664, 68.85548], [15.244494399999976, 68.823786], [15.32346, 68.86739], [15.392430099999977, 68.84219989999998], [15.3600732, 68.81189719999998], [15.369257100000034, 68.80006029999997], [15.270454200000017, 68.79802289999998], [15.3140619, 68.77880550000003], [15.253357799999968, 68.7560394], [15.38362, 68.74177], [15.4203229, 68.69046440000001], [14.999031800000019, 68.57664660000003], [14.84795, 68.58877], [14.85201989999998, 68.60692010000004], [14.8844052, 68.60579060000002], [14.78659, 68.64085009999997], [15.04117, 68.67012], [15.09968110000004, 68.71328840000002], [15.173731499999988, 68.6963511], [15.126273099999988, 68.7337997], [15.1503444, 68.75291639999998], [15.00327, 68.76623], [15.08532, 68.73936990000001], [14.9878, 68.69926], [14.9449, 68.7048701], [14.981099900000029, 68.71741], [14.97405, 68.73069990000003], [14.951160100000017, 68.7374601], [14.97089, 68.72916], [14.922040099999979, 68.70563], [14.936839899999988, 68.69209010000004], [14.874020099999964, 68.67902], [14.859139899999963, 68.70009010000001], [14.81304, 68.66414], [14.79183, 68.68073], [14.82191, 68.69688009999997], [14.827779900000039, 68.70838], [14.8168, 68.71910010000003], [14.7986201, 68.70681], [14.81902, 68.70657989999998], [14.78438, 68.68788009999996], [14.782180099999987, 68.66206], [14.768199900000024, 68.65667], [14.7141, 68.66195], [14.712239199999978, 68.67879510000002], [14.736109200000037, 68.67908520000005], [14.675332, 68.71152560000002], [14.68297989999996, 68.68683349999996], [14.655969, 68.673392], [14.679042200000026, 68.66862430000003], [14.67219230000001, 68.65634439999998], [14.608803399999971, 68.65671239999996], [14.65414030000003, 68.63535360000003], [14.525569800000039, 68.60017990000003], [14.425524100000043, 68.6068875], [14.44452319999996, 68.61403529999997], [14.420926200000018, 68.62030790000001], [14.443386200000031, 68.63239760000005], [14.42350619999997, 68.6561074], [14.465383699999968, 68.6646469], [14.452809499999987, 68.6750721], [14.46808740000003, 68.68643309999996], [14.424499, 68.6635669], [14.36953, 68.6853001], [14.467550600000024, 68.69644040000001], [14.42435, 68.71208], [14.48152, 68.73424989999995], [14.58393, 68.73607], [14.43093, 68.75759989999997], [14.46039, 68.76358009999997], [14.452909900000034, 68.78093989999996], [14.53932, 68.7996001], [14.54449990000002, 68.8221], [14.58981, 68.79947], [14.58411, 68.74578009999998], [14.62196010000001, 68.73616], [14.60489, 68.72589009999997], [14.64619, 68.7403], [14.60123, 68.7532301], [14.623478499999965, 68.76010189999995], [14.62014, 68.78063], [14.6585142, 68.78148490000004], [14.622736899999978, 68.8004287], [14.6524599, 68.83514], [14.706910100000027, 68.83574990000002], [14.68386, 68.76592989999997], [14.7117199, 68.76470010000001], [14.7024, 68.74986], [14.76691, 68.78050990000001], [14.8762, 68.79404010000005], [14.898829899999978, 68.78561990000004], [14.857330099999967, 68.76283990000002], [14.884790099999968, 68.77104010000002], [14.89833, 68.73909], [14.91688, 68.76902010000005], [14.90243, 68.76978], [14.9291799, 68.78308], [14.990661, 68.77536339999997], [14.92235569999998, 68.7984107], [14.9789, 68.81606989999999], [14.907719900000039, 68.8530999], [14.9901895, 68.86240150000002], [15.02521010000002, 68.83779], [15.009640099999967, 68.81862989999998], [15.0399901, 68.79523], [15.0486, 68.8576], [15.120739900000025, 68.84235], [15.12344, 68.82011], [15.157319900000022, 68.81267], [15.144849900000047, 68.85153989999998], [15.06173, 68.87025], [15.08654, 68.87176990000005], [15.091250100000032, 68.89757990000004], [15.0352, 68.88917], [15.057550100000029, 68.89939], [15.038780099999972, 68.90808], [15.08062, 68.9016799], [15.092, 68.90883], [15.003809, 68.945945], [15.02214, 68.94924009999997], [15.0107322, 68.96470759999998], [15.03215, 68.98860010000004], [15.0168327, 69.0009882], [15.1038069, 69.02116039999999], [15.186559900000042, 69.01406010000002]]], [[[30.3364301, 69.86591989999997], [30.195420600000023, 69.82827130000001], [30.367947499999982, 69.845544], [30.39460989999998, 69.8008], [30.38118, 69.78091], [30.4136199, 69.76962010000001], [30.40558010000003, 69.72679], [30.424370099999965, 69.69355], [30.3118899, 69.67073], [30.454749899999968, 69.68581990000001], [30.4326275, 69.74171260000003], [30.46494009999996, 69.74223], [30.431830100000013, 69.75965], [30.416179899999985, 69.80905], [30.438720099999973, 69.81858], [30.68583, 69.80766990000004], [30.6494875, 69.79957710000004], [30.66665359999996, 69.79157340000003], [30.73534990000002, 69.80165989999996], [30.68535, 69.78516], [30.69228, 69.76236], [30.800531399999965, 69.7936964], [30.89031990000002, 69.73729320000002], [30.87409790000002, 69.71490230000005], [30.944764899999978, 69.6835386], [30.922942200000026, 69.66872239999996], [30.952650599999988, 69.63788930000003], [30.946504600000036, 69.57626179999997], [30.817564600000026, 69.52876779999995], [30.51607030000001, 69.540501], [30.406885200000012, 69.59377030000002], [30.11324240000002, 69.67927369999998], [30.107523400000048, 69.7087649], [30.130305499999977, 69.72543910000003], [30.0982901, 69.75678], [30.19890510000003, 69.7722154], [30.12884, 69.85269990000002], [30.14772, 69.87219], [30.3364301, 69.86591989999997]]], [[[18.8295861, 69.85576580000003], [18.78981, 69.84587], [18.963743, 69.83148330000003], [19.054756, 69.77331930000003], [19.001549399999963, 69.73526159999997], [18.94651239999996, 69.73026579999998], [18.954045099999984, 69.713929], [18.92636, 69.70215], [18.74661160000002, 69.67596160000004], [18.75881089999998, 69.6647865], [18.72738190000003, 69.63069859999996], [18.804889899999978, 69.63484439999998], [18.83842339999997, 69.60306540000002], [18.764717600000026, 69.56462190000002], [18.6286573, 69.57529530000002], [18.566880799999975, 69.54991890000002], [18.21103750000004, 69.51915170000004], [18.10083020000002, 69.5577085], [18.031784, 69.55400369999997], [18.003023600000013, 69.56829640000002], [18.049249299999982, 69.59692620000001], [18.0183341, 69.60674440000004], [18.03891729999998, 69.6012017], [18.0373717, 69.60630569999998], [18.0575269, 69.60209860000005], [18.06245679999996, 69.6042297], [18.050240700000032, 69.62175980000004], [18.231438799999978, 69.62790549999997], [18.2865427, 69.60230530000001], [18.2806299, 69.58331810000001], [18.401090900000018, 69.6333634], [18.26686679999996, 69.62715490000004], [18.18772750000004, 69.71008609999998], [18.343494900000024, 69.68667250000003], [18.620984799999963, 69.69593009999996], [18.3198056, 69.714475], [18.301802599999984, 69.7751084], [18.3672083, 69.793375], [18.40412560000002, 69.78727840000002], [18.40056959999996, 69.77353720000002], [18.473108299999975, 69.7796417], [18.48833050000003, 69.7389138], [18.54028990000003, 69.77963069999998], [18.5326894, 69.79297369999998], [18.640120199999966, 69.80481819999999], [18.6485956, 69.763602], [18.6132124, 69.75834069999996], [18.64386960000004, 69.7408986], [18.648272800000033, 69.68849920000001], [18.74863649999996, 69.68713840000004], [18.67902920000002, 69.70218480000003], [18.704683099999976, 69.71709740000004], [18.722751900000013, 69.7735035], [18.76088650000003, 69.77863239999998], [18.7301918, 69.7860619], [18.777997300000028, 69.79993230000002], [18.66225020000003, 69.82773060000004], [18.689872100000017, 69.83350829999998], [18.64279170000003, 69.8628472], [18.69483890000001, 69.88337219999997], [18.742779300000013, 69.85878059999997], [18.734067300000024, 69.8774986], [18.76046379999996, 69.88480830000005], [18.8295861, 69.85576580000003]]], [[[19.299160400000016, 70.07776340000004], [19.26954879999998, 70.0352983], [19.352770900000028, 69.99101570000005], [19.394925300000022, 69.9903839], [19.377266299999963, 70.01058289999999], [19.40782209999996, 70.0428608], [19.487558800000016, 70.05394909999997], [19.537598100000043, 70.0425356], [19.53521490000003, 69.98424850000004], [19.599482, 70.02473219999999], [19.671751400000016, 69.99956540000002], [19.6741547, 69.97542780000002], [19.473396700000013, 69.94983069999996], [19.487428900000015, 69.91301669999997], [19.355200399999962, 69.8266084], [19.1317316, 69.78762520000002], [19.0669232, 69.79121150000002], [19.0139719, 69.83287609999998], [18.918894600000048, 69.86111529999998], [18.9313331, 69.86682719999997], [18.705584200000015, 69.92171890000004], [18.736822099999962, 69.96193880000003], [18.847064300000028, 69.937688], [18.829508100000037, 69.9492922], [18.909081399999984, 69.963983], [18.807656, 69.9842052], [18.809222, 70.007814], [18.84954090000004, 70.02850619999997], [18.9438507, 70.01659929999995], [18.996067399999973, 70.04084960000004], [19.067229799999975, 70.00670420000004], [19.0591287, 70.021307], [19.084091599999976, 70.0325878], [19.027977799999963, 70.05060920000003], [19.044349800000028, 70.07872860000005], [19.058767, 70.058545], [19.181705500000025, 70.0904168], [19.22501520000004, 70.0814707], [19.204004200000014, 70.0621444], [19.299160400000016, 70.07776340000004]]], [[[23.5621559, 70.62339030000001], [23.5497963, 70.59067270000003], [23.5882485, 70.58165739999998], [23.539153300000027, 70.5561877], [23.55769270000001, 70.55058690000003], [23.53263019999996, 70.52233069999997], [23.64627, 70.48864640000002], [23.619834199999957, 70.48371510000003], [23.637343599999983, 70.4364056], [23.503791099999983, 70.38783349999996], [23.42551350000004, 70.39520729999998], [23.473578699999976, 70.37826660000003], [23.413840500000017, 70.361658], [23.419677, 70.3486154], [23.281317899999966, 70.344343], [23.3534157, 70.3214647], [23.326293200000038, 70.30284279999995], [23.179694399999985, 70.2735456], [23.098699099999976, 70.280247], [23.0560576, 70.29443679999997], [23.06305169999996, 70.3126376], [23.038731, 70.3279288], [23.095923600000013, 70.35554170000003], [23.1206429, 70.40787489999997], [23.06639789999998, 70.35831149999997], [23.00253990000003, 70.33487120000002], [22.9726708, 70.36004250000002], [22.945891600000024, 70.34353459999998], [22.88993, 70.36361940000003], [22.89061659999996, 70.38910110000003], [22.816458900000015, 70.410983], [22.955504600000044, 70.39658959999996], [22.8837502, 70.41662239999997], [22.866927400000026, 70.44571539999998], [22.994300100000032, 70.47396370000001], [22.980567200000014, 70.4881877], [23.05678480000004, 70.5109943], [23.10553670000004, 70.5139721], [23.1570351, 70.47614380000002], [23.1608116, 70.513514], [23.226043, 70.51568990000003], [23.121329499999966, 70.53537690000002], [23.133689100000044, 70.54692840000001], [23.2099068, 70.543841], [23.252478799999988, 70.5073286], [23.2322228, 70.4704061], [23.252478799999988, 70.467307], [23.220369100000028, 70.46620070000003], [23.210511899999965, 70.45587769999997], [23.224451400000024, 70.46387020000003], [23.260495, 70.46693309999998], [23.27342149999996, 70.47316039999998], [23.276854699999983, 70.50813060000002], [23.32251670000003, 70.52416229999999], [23.2723915, 70.51866709999997], [23.244925699999964, 70.54807180000003], [23.405257400000036, 70.52908379999997], [23.363372100000014, 70.552073], [23.436156500000017, 70.56304369999998], [23.5092842, 70.5321734], [23.523360500000013, 70.53777930000001], [23.45606920000003, 70.56544269999996], [23.495894599999968, 70.57663459999998], [23.4286034, 70.58028769999999], [23.42139360000004, 70.59614830000001], [23.46156239999997, 70.61074269999999], [23.354102399999977, 70.61758020000005], [23.5621559, 70.62339030000001]]], [[[15.194549899999977, 68.4645], [15.05172, 68.37284], [14.9949, 68.38459989999997], [14.99317229999997, 68.36567689999995], [14.928173, 68.36444880000005], [14.990548899999979, 68.36276149999996], [14.7220251, 68.25744150000003], [14.73866190000004, 68.3129624], [14.800337499999983, 68.32951210000003], [14.759076900000046, 68.32846159999998], [14.7116447, 68.35759790000003], [14.7133236, 68.33040449999997], [14.648972600000022, 68.32481929999997], [14.7222934, 68.322191], [14.7009638, 68.32274309999995], [14.726067, 68.31721580000004], [14.6944868, 68.28491440000003], [14.631952200000043, 68.28648380000003], [14.6207963, 68.27834930000004], [14.685975500000016, 68.27241950000004], [14.6726676, 68.25092790000004], [14.65365889999999, 68.26936379999998], [14.62698659999997, 68.25552689999998], [14.671933, 68.24718140000002], [14.66440189999998, 68.236642], [14.57531240000003, 68.24213940000003], [14.556089100000037, 68.2233], [14.562864500000018, 68.24917510000004], [14.533086399999974, 68.2396165], [14.537422199999984, 68.21896910000004], [14.464860400000013, 68.20055380000002], [14.402170299999973, 68.21471060000003], [14.3901887, 68.20089290000001], [14.403218, 68.200672], [14.4044194, 68.1944103], [14.344783200000034, 68.2043706], [14.3344423, 68.19525650000003], [14.356565899999985, 68.1886242], [14.339961100000021, 68.18022429999998], [14.205637199999966, 68.17426879999998], [14.2343588, 68.20343520000004], [14.21219519999999, 68.2142863], [14.218169500000034, 68.234078], [14.387595, 68.26282749999997], [14.280984600000025, 68.24675220000003], [14.262136100000046, 68.25326160000003], [14.285449699999987, 68.2761557], [14.354610800000046, 68.27693950000001], [14.307477, 68.29327069999998], [14.3321333, 68.3418511], [14.389210300000045, 68.3343197], [14.42465350000004, 68.3002022], [14.40623, 68.32208460000001], [14.408038500000032, 68.3242615], [14.4229538, 68.32119209999998], [14.450783799999979, 68.32336569999995], [14.449140099999958, 68.34855329999996], [14.4701964, 68.31728809999998], [14.509181799999983, 68.32891449999997], [14.491147500000046, 68.331107], [14.494076, 68.35103969999999], [14.46303990000002, 68.36575889999999], [14.483320099999975, 68.347533], [14.428472500000012, 68.35227179999997], [14.442094299999987, 68.37632029999997], [14.4065975, 68.375567], [14.407727100000024, 68.3912986], [14.5187453, 68.4060179], [14.565229600000041, 68.37407090000002], [14.5870899, 68.39381009999997], [14.531810099999976, 68.41744], [14.658550100000035, 68.43818989999998], [14.6992, 68.41271010000004], [14.6803, 68.39860990000001], [14.7134, 68.38692010000001], [14.69908, 68.42139989999997], [14.71619, 68.44162990000004], [14.8446551, 68.426339], [14.836402900000035, 68.3916453], [14.777154900000046, 68.368567], [14.8947135, 68.390032], [14.866192499999965, 68.41719739999998], [14.900129600000046, 68.44849250000003], [14.88151, 68.45842989999998], [14.991909500000023, 68.43561230000005], [14.994190099999983, 68.45285009999998], [15.053149499999986, 68.4626197], [15.194549899999977, 68.4645]]], [[[16.13683650000002, 69.305713], [16.1799429, 69.2863312], [16.177286899999977, 69.26127850000005], [16.1194495, 69.243951], [16.084777, 69.18801229999997], [16.1037547, 69.1722598], [16.086629300000045, 69.152716], [15.900701600000012, 69.07264810000004], [15.8545827, 69.03639090000001], [15.8754958, 69.027298], [15.65006059999996, 68.98478949999996], [15.632408799999965, 68.96585690000005], [15.6281626, 68.99454260000003], [15.5468648, 69.0065327], [15.603270500000011, 68.9794538], [15.551829800000029, 68.90602279999996], [15.48180779999997, 68.87127690000003], [15.415960299999988, 68.89982340000003], [15.442300200000037, 68.92709819999999], [15.43092389999996, 68.9859289], [15.4657547, 69.00303670000002], [15.45725330000003, 69.01768029999998], [15.509126299999988, 69.02834470000005], [15.53368930000001, 69.06062579999997], [15.519927299999981, 69.06559310000002], [15.564223099999964, 69.07948290000004], [15.550850900000036, 69.08714319999997], [15.5671422, 69.10608549999998], [15.813065, 69.16346029999997], [15.827510700000037, 69.186952], [15.798411400000024, 69.19164259999995], [15.859435499999975, 69.20421810000005], [15.837847399999983, 69.222971], [15.867727300000013, 69.2325911], [15.8406932, 69.2379968], [15.86399630000004, 69.24764579999997], [15.84923490000001, 69.25510639999997], [16.1196803, 69.3278052], [16.140409, 69.32640170000005], [16.13683650000002, 69.305713]]], [[[25.681160199999976, 71.14971079999995], [25.812236, 71.1695756], [25.7527339, 71.11467369999998], [25.78981020000002, 71.10767960000003], [25.86476820000001, 71.12996709999997], [25.82893420000001, 71.10590630000003], [25.91799340000003, 71.1309044], [25.93942070000004, 71.11233339999997], [25.975453200000032, 71.14073479999998], [26.0457671, 71.1110777], [25.9845878, 71.08277450000003], [25.839187299999967, 71.07195849999995], [25.8992721, 71.05693459999996], [25.87825119999996, 71.0368851], [25.9070771, 71.05095720000001], [25.966735, 71.02882849999997], [25.882704700000026, 71.02049570000001], [25.89477130000002, 71.00982749999999], [26.05343950000003, 71.0107636], [26.157713400000016, 71.05838660000002], [26.22267079999998, 71.0627704], [26.22601, 71.04308409999999], [26.183503, 71.01278269999999], [26.01694090000002, 70.9742932], [25.95676340000004, 70.97730519999999], [25.97656679999998, 70.98018450000002], [25.9616449, 70.99664739999997], [25.913005, 70.9663947], [25.73859710000004, 70.99028490000005], [25.674910699999987, 70.96085170000002], [25.7373954, 70.9452219], [25.6141426, 70.95099349999997], [25.5590393, 70.9319915], [25.390466099999976, 70.99486889999999], [25.558009299999963, 71.0206792], [25.544791400000012, 71.03256719999996], [25.304864, 71.01357110000002], [25.247745099999964, 71.03710279999999], [25.30169149999997, 71.04625919999997], [25.24196679999997, 71.05107359999997], [25.344539499999975, 71.076756], [25.268732299999975, 71.0854254], [25.270184799999985, 71.1005291], [25.45501250000004, 71.08678109999998], [25.451064300000038, 71.117749], [25.564704100000025, 71.11302640000002], [25.556807700000018, 71.09262259999997], [25.6085876, 71.10226730000004], [25.7210876, 71.06779819999998], [25.738940400000022, 71.07854449999998], [25.527666900000035, 71.15361050000003], [25.676408500000015, 71.1854959], [25.681160199999976, 71.14971079999995]]], [[[8.992502700000026, 63.64191110000002], [8.935638, 63.62256960000002], [8.990698100000015, 63.6150767], [8.967693599999981, 63.580651600000046], [9.0921809, 63.60189549999998], [9.149565800000014, 63.580990800000045], [9.128124, 63.5474653], [9.16839420000002, 63.571145], [9.201252199999988, 63.564820499999975], [9.079019199999982, 63.515374], [8.839203, 63.47460280000002], [8.660740300000013, 63.4689378], [8.52775419999998, 63.42681510000004], [8.385917200000014, 63.4267834], [8.3546324, 63.4419074], [8.3799616, 63.447375700000016], [8.3491964, 63.4480785], [8.374546799999981, 63.45537439999996], [8.312659700000035, 63.45384440000002], [8.330707799999958, 63.4719319], [8.308789, 63.4796262], [8.433647, 63.53105619999998], [8.296741699999965, 63.47858520000001], [8.378485900000031, 63.518381400000024], [8.3627358, 63.5246609], [8.472449699999961, 63.55871980000004], [8.552915500000035, 63.54700170000002], [8.655079200000037, 63.5706723], [8.7137471, 63.55959360000004], [8.777354800000014, 63.56143120000003], [8.544190500000036, 63.59378630000004], [8.588114800000012, 63.61137059999996], [8.650712100000012, 63.6200404], [8.6349976, 63.6044709], [8.653066899999983, 63.5970158], [8.661038, 63.62280209999999], [8.8560248, 63.644396499999964], [8.863848899999981, 63.623439], [8.833357499999982, 63.61855590000002], [8.863711299999965, 63.60055249999997], [8.924600600000042, 63.623109800000044], [8.875569, 63.628654900000015], [8.893100900000016, 63.635761799999976], [8.880385, 63.644080400000014], [8.992502700000026, 63.64191110000002]]], [[[13.994634600000012, 68.33614419999996], [14.020469800000047, 68.31247640000004], [14.007903, 68.291104], [14.032012799999972, 68.27931459999998], [13.956956099999985, 68.2685021], [13.9202142, 68.29473689999998], [13.8874567, 68.28646540000001], [13.942447700000017, 68.25569669999999], [13.973287499999977, 68.26992829999998], [13.979444200000014, 68.26497449999998], [14.031682099999966, 68.25766529999999], [14.014101199999974, 68.26155420000005], [14.089528399999974, 68.28848030000002], [14.169705499999964, 68.25858680000002], [14.124801099999985, 68.2413995], [14.112257100000015, 68.21141979999997], [14.08544589999996, 68.22881289999997], [14.01400420000003, 68.18817040000002], [13.826181499999969, 68.1943136], [13.863098599999969, 68.1913477], [13.874359199999976, 68.1832775], [13.783242200000046, 68.1564229], [13.862972, 68.15681749999996], [13.8367865, 68.14244570000002], [13.862380499999972, 68.12384529999996], [13.784033200000035, 68.1150917], [13.7637092, 68.12414130000003], [13.780818100000026, 68.13426739999996], [13.762373200000045, 68.1335744], [13.7607366, 68.15414039999997], [13.747061599999967, 68.15406849999998], [13.744651899999983, 68.12099539999997], [13.71033420000003, 68.11027890000004], [13.7341098, 68.10797280000001], [13.734347500000045, 68.0867388], [13.710980799999973, 68.07900209999998], [13.633216, 68.08221570000005], [13.657365099999975, 68.09814719999999], [13.617406600000038, 68.10583819999997], [13.654978799999974, 68.11338650000003], [13.627992700000014, 68.12461389999996], [13.647823, 68.13247990000004], [13.604125199999984, 68.12333659999997], [13.647169299999963, 68.14394269999998], [13.5502263, 68.1267762], [13.581349400000043, 68.11841059999998], [13.550348800000013, 68.105939], [13.58760950000002, 68.09519260000005], [13.535478799999968, 68.0653318], [13.492992500000046, 68.05768930000004], [13.461511599999977, 68.08215039999997], [13.479957400000032, 68.12427210000001], [13.54226710000004, 68.14095839999997], [13.5334396, 68.15460560000001], [13.6197806, 68.17034140000001], [13.593707, 68.174649], [13.608803800000025, 68.18567729999997], [13.593211299999975, 68.18435369999996], [13.484015399999972, 68.14638950000001], [13.552475799999964, 68.17443780000002], [13.465103, 68.17598790000002], [13.537609, 68.19022850000003], [13.478427, 68.20455490000005], [13.66594910000003, 68.23757720000002], [13.602850400000023, 68.24343420000004], [13.648581500000013, 68.25329270000003], [13.509165499999988, 68.24682449999997], [13.580484900000013, 68.26842170000002], [13.5704502, 68.28705180000004], [13.684956, 68.3107209], [13.718443100000034, 68.29867520000005], [13.7297483, 68.27977260000003], [13.714397599999973, 68.27696819999998], [13.714247100000044, 68.27518460000003], [13.819735299999959, 68.25851950000005], [13.780842900000035, 68.24125969999997], [13.829060300000041, 68.24073559999995], [13.855106799999973, 68.25040280000002], [13.7354011, 68.2800933], [13.7664861, 68.29595109999998], [13.830034199999975, 68.28665250000005], [13.826283300000043, 68.30291549999997], [13.868225599999985, 68.30763429999996], [13.85244760000004, 68.310685], [13.891409899999974, 68.32892859999998], [13.863334699999964, 68.33655950000005], [13.8903647, 68.34398120000003], [13.908722, 68.32267019999996], [13.904832800000012, 68.34518530000001], [13.994634600000012, 68.33614419999996]]], [[[23.7978496, 70.74732050000001], [23.80334270000002, 70.71888580000002], [23.851407900000044, 70.7239866], [23.7854899, 70.69665370000003], [23.932432099999957, 70.71038149999998], [24.0446986, 70.68473349999998], [24.08864390000003, 70.65507259999995], [24.044012, 70.64779269999998], [24.105123400000018, 70.64847529999997], [24.097913599999977, 70.62969539999997], [24.1216029, 70.62764560000002], [24.1298427, 70.6030321], [24.003165900000024, 70.55056120000003], [23.996871499999962, 70.52535320000003], [23.891213400000023, 70.50549880000004], [23.772443699999958, 70.51000490000003], [23.678716599999984, 70.56159979999997], [23.695882700000027, 70.56913930000003], [23.6712338, 70.60110189999999], [23.593851499999975, 70.60234479999997], [23.674927800000024, 70.63568370000003], [23.61860790000001, 70.6404099], [23.695552399999965, 70.66808990000001], [23.65432639999996, 70.66684869999999], [23.62515820000002, 70.698356], [23.67082009999997, 70.74720729999999], [23.7978496, 70.74732050000001]]], [[[20.794633200000035, 70.21584079999997], [20.8092328, 70.1878853], [20.747218700000026, 70.0971795], [20.791028, 70.0701446], [20.7888436, 70.0506112], [20.6772281, 70.04428330000002], [20.6387675, 70.060668], [20.6137839, 70.03645849999998], [20.53621430000001, 70.0329409], [20.57152069999997, 70.07398419999998], [20.540745600000033, 70.11260860000003], [20.5481692, 70.07879939999995], [20.490702699999975, 70.06829220000003], [20.49495950000002, 70.0474829], [20.4360739, 70.047604], [20.365141600000026, 70.08467530000003], [20.373276799999985, 70.14347319999999], [20.408699300000045, 70.17706439999996], [20.5142963, 70.19242430000004], [20.53816639999997, 70.22369790000002], [20.70133630000004, 70.2373939], [20.794633200000035, 70.21584079999997]]], [[[22.712315299999975, 70.33464849999999], [22.733333, 70.346667], [22.727315400000037, 70.38339], [22.77755429999997, 70.39144459999996], [22.8025735, 70.37864059999997], [22.7893284, 70.34792679999995], [22.8094297, 70.32366210000002], [22.829164400000025, 70.3286062], [22.81559580000001, 70.34025350000003], [22.894453900000023, 70.32744730000003], [22.86938230000002, 70.31237629999997], [22.957098799999965, 70.32980780000003], [22.909798900000023, 70.29095320000003], [22.977988, 70.29210519999997], [23.00616969999998, 70.2455479], [22.56841059999999, 70.26181540000003], [22.398482300000012, 70.29637649999997], [22.4111596, 70.30448390000002], [22.340250199999968, 70.3376876], [22.408891700000023, 70.35959910000001], [22.475691, 70.3255739], [22.472438399999973, 70.34799], [22.435453599999967, 70.36365370000003], [22.506485099999974, 70.3745929], [22.529588700000037, 70.35521259999999], [22.550987800000023, 70.36307830000003], [22.538557599999965, 70.38210159999998], [22.570833, 70.384722], [22.58786679999998, 70.3498736], [22.596183500000034, 70.38427470000002], [22.628668699999977, 70.38747309999998], [22.65483880000001, 70.35612540000001], [22.653426799999977, 70.39052420000002], [22.685687, 70.392927], [22.712315299999975, 70.33464849999999]]], [[[19.66909060000004, 70.22646760000003], [19.732734300000022, 70.22814440000003], [19.76223190000004, 70.15949380000002], [19.816266200000033, 70.17421420000004], [19.838619900000044, 70.2107101], [19.91333430000004, 70.1919096], [19.926307, 70.17868859999997], [19.8913043, 70.16261489999998], [19.955021600000023, 70.1326174], [19.98056140000004, 70.131356], [19.9617938, 70.14948009999998], [19.97603020000003, 70.15276210000002], [20.010181100000036, 70.13170990000005], [19.960945900000016, 70.12794630000005], [20.1281154, 70.10203420000003], [19.994869599999966, 70.0832527], [20.008002800000014, 70.07055], [19.96508, 70.05196339999998], [19.743076299999963, 70.0565935], [19.68373509999999, 70.09743670000005], [19.718109500000015, 70.10350680000002], [19.651452, 70.150591], [19.67075960000002, 70.16190219999999], [19.593546300000032, 70.204542], [19.51733560000004, 70.2151112], [19.50008840000004, 70.24039589999997], [19.51344369999999, 70.24619990000004], [19.49157629999998, 70.24535190000005], [19.5203031, 70.25474149999997], [19.54872630000002, 70.24637140000002], [19.58294209999998, 70.28485089999997], [19.628610400000014, 70.28637409999997], [19.669458, 70.26020649999997], [19.66909060000004, 70.22646760000003]]], [[[5.7087752, 60.69457920000002], [5.734474299999958, 60.674639800000016], [5.695692699999965, 60.53442130000003], [5.708405, 60.470904], [5.668338, 60.478752], [5.609096, 60.438704], [5.531629399999959, 60.42864540000002], [5.427517100000022, 60.488885300000014], [5.42901680000003, 60.50483639999998], [5.343493099999973, 60.5319231], [5.428249, 60.563088], [5.488631399999976, 60.526228199999984], [5.438319, 60.569048], [5.457696, 60.587894], [5.476594400000034, 60.574879700000025], [5.483763, 60.602005], [5.523254399999965, 60.5898026], [5.503793, 60.611872], [5.550435, 60.602285], [5.5911173, 60.6216336], [5.641409199999957, 60.68706329999996], [5.610659, 60.683818], [5.62086730000002, 60.697764], [5.651275499999974, 60.70887579999996], [5.6725827, 60.68159949999997], [5.7087752, 60.69457920000002]]], [[[7.962519, 63.466405], [8.115845, 63.464109], [8.214998, 63.372089], [8.119764, 63.336489], [8.150446, 63.338466], [8.14662, 63.333071], [8.04901, 63.324268], [8.105247, 63.309028], [8.082109, 63.303381], [7.993404, 63.303422], [7.988318, 63.318734], [8.024253, 63.324357], [7.91981, 63.340231], [7.863961, 63.327135], [7.810434, 63.334757], [7.904043, 63.3506], [7.845161, 63.356019], [7.910053, 63.372389], [7.817288, 63.355023], [7.766584, 63.368408], [7.841369299999966, 63.38951050000004], [7.799967, 63.387879], [7.794688, 63.404974], [7.809954, 63.394614], [7.827266, 63.40371], [7.788784, 63.409656], [7.852742799999989, 63.42548480000002], [7.841929, 63.436318], [7.910829, 63.427138], [7.896862, 63.433938], [7.928296, 63.448758], [7.927232, 63.436559], [7.948235, 63.429552], [7.947861, 63.46067], [7.988243, 63.450474], [7.962519, 63.466405]]], [[[16.434011100000024, 68.5088212], [16.51601779999996, 68.47027519999996], [16.428021400000038, 68.46395829999999], [16.4666372, 68.44241169999997], [16.4188076, 68.42266280000001], [16.26523130000004, 68.42263190000003], [16.15261779999997, 68.3871785], [16.07353229999997, 68.41115650000002], [16.14108369999998, 68.44470960000002], [16.250671199999967, 68.4486274], [16.118155599999962, 68.44951779999995], [16.1288851, 68.47266850000001], [16.163566600000024, 68.4758963], [16.14646980000003, 68.49552409999998], [16.232794500000015, 68.54520810000001], [16.388209599999982, 68.5540757], [16.460569899999978, 68.52661960000005], [16.434011100000024, 68.5088212]]], [[[13.071748699999986, 68.1114024], [13.190891900000047, 68.09097289999995], [13.1211695, 68.0594322], [13.16214560000002, 68.0683032], [13.168960200000047, 68.058636], [13.04910260000003, 68.032735], [13.082046800000025, 68.0160325], [13.162609500000034, 68.0447097], [13.159740100000029, 68.02250150000003], [13.178360599999973, 68.01773579999998], [13.162777, 68.00459559999997], [13.1862272, 68.0000863], [13.167042099999971, 67.9913774], [13.1870881, 67.9758823], [13.1344343, 67.94403760000004], [13.101611, 67.96979720000003], [13.0701001, 67.95052220000002], [13.0145917, 67.9935674], [13.027172299999968, 67.95936659999995], [12.985173699999986, 67.97126369999997], [13.0083775, 67.958811], [12.9761859, 67.94092589999997], [13.102690799999973, 67.93650549999998], [13.082019100000043, 67.91459419999998], [13.0417255, 67.92000520000005], [13.076837300000022, 67.91308120000002], [13.0283502, 67.89957019999999], [13.031711500000021, 67.8818951], [12.899878700000023, 67.864235], [12.872883400000013, 67.82843330000004], [12.79769160000004, 67.83523540000002], [12.8465524, 67.8466288], [12.8284862, 67.85917770000002], [12.851794500000025, 67.86082780000004], [12.8421471, 67.89088880000004], [12.864319400000014, 67.89190830000001], [12.844286199999978, 67.900775], [12.899661399999985, 67.9214881], [12.884886299999977, 67.93593859999997], [12.915804600000037, 67.94498659999995], [12.9052413, 67.96717389999996], [12.969974, 67.98142079999997], [12.95845480000002, 68.02998179999999], [12.99086159999996, 68.02046659999998], [12.986283300000046, 68.03638330000003], [13.046984, 68.07512769999995], [13.097703, 68.07849370000002], [13.071748699999986, 68.1114024]]], [[[5.318239600000018, 59.981861600000016], [5.499951500000021, 59.9110931], [5.529348599999983, 59.872012], [5.542478600000033, 59.78841580000002], [5.507123899999987, 59.78738169999998], [5.5185027, 59.77538440000004], [5.489037, 59.75054760000001], [5.4505017, 59.746472099999956], [5.336701399999976, 59.78457439999997], [5.341098299999979, 59.80768860000002], [5.363467400000021, 59.792263799999986], [5.3584305, 59.831552500000015], [5.347705499999988, 59.84405510000003], [5.348114900000022, 59.81016549999997], [5.323589099999969, 59.81576689999998], [5.285278799999981, 59.87186060000001], [5.30752550000002, 59.8884141], [5.290054499999973, 59.9050343], [5.288376499999957, 59.882206099999976], [5.274315699999987, 59.8878893], [5.28139230000002, 59.9193327], [5.3148001, 59.917821099999976], [5.3087049, 59.9320812], [5.32966140000004, 59.93055769999999], [5.324756099999982, 59.95564470000002], [5.310422700000016, 59.95214760000004], [5.287204200000039, 59.962499], [5.318239600000018, 59.981861600000016]]], [[[19.7545551, 69.8738], [19.438183200000015, 69.8342471], [19.405910900000013, 69.8396316], [19.520962500000017, 69.91949340000002], [19.681084100000025, 69.95656620000003], [19.7727512, 70.0069848], [19.881069600000046, 69.9787349], [19.785797500000047, 69.9244182], [19.7545551, 69.8738]]], [[[5.705438100000015, 60.05285379999997], [5.7038953, 59.99905320000004], [5.620500400000038, 59.93885869999998], [5.6664749, 59.92846610000003], [5.67108159999996, 59.90452539999998], [5.6487167, 59.89826640000001], [5.65469009999997, 59.91631250000003], [5.62358, 59.90873490000003], [5.611097399999986, 59.93141030000001], [5.5492677, 59.887512], [5.502519200000021, 59.977582800000015], [5.477145399999971, 59.940692800000036], [5.3743016, 59.98718439999998], [5.3970834, 59.984563], [5.401134199999968, 60.00256579999997], [5.434815, 59.99969], [5.4360476, 59.98283459999997], [5.491089399999959, 59.991428], [5.462887300000018, 60.02318740000002], [5.486714700000016, 60.05213630000002], [5.564627299999957, 60.044944100000016], [5.535326300000042, 60.0559982], [5.603282200000036, 60.06971139999998], [5.628357099999958, 60.05127259999997], [5.673152100000033, 60.08036590000002], [5.705438100000015, 60.05285379999997]]], [[[12.930439900000025, 66.01514], [12.85703, 65.98369], [12.68652990000001, 65.95972010000003], [12.47212, 65.85683], [12.427774899999978, 65.8602934], [12.535759899999977, 65.89675], [12.38973, 65.88065009999998], [12.404550100000012, 65.90099], [12.380210099999967, 65.89418], [12.406201699999976, 65.92257220000003], [12.4616791, 65.9275988], [12.448767399999983, 65.94010690000002], [12.48311, 65.9741899], [12.602450099999963, 66.02023], [12.7220867, 66.034741], [12.614967500000041, 65.9803258], [12.9145599, 66.04023990000005], [12.890419899999973, 66.02021990000003], [12.930439900000025, 66.01514]]], [[[6.003037099999963, 62.42175809999998], [6.032125499999962, 62.36906339999998], [6.086407400000015, 62.35438289999998], [6.064712599999988, 62.346418500000034], [6.113680099999973, 62.350121199999975], [5.970078500000019, 62.295177599999974], [5.9123587, 62.2497708], [5.807025300000012, 62.2497548], [5.867785100000033, 62.275670400000024], [5.831157, 62.2827882], [5.8484089, 62.2919287], [5.8286659, 62.30234519999998], [5.85058429999996, 62.30806930000002], [5.770867200000017, 62.297490699999955], [5.794117100000017, 62.319226700000016], [5.761738899999957, 62.32506129999996], [5.863446499999968, 62.3215096], [5.845128800000031, 62.343338], [5.810396200000033, 62.34090009999996], [5.841051, 62.404969], [5.87825, 62.418797], [6.003037099999963, 62.42175809999998]]], [[[29.94060970000001, 69.901859], [29.98850320000004, 69.8817345], [29.96241070000003, 69.86879980000003], [29.994339699999962, 69.87500230000005], [30.00309440000002, 69.86058590000005], [29.9852416, 69.85502940000002], [30.0199172, 69.8477564], [29.949879400000047, 69.82758], [30.0176856, 69.81603349999997], [30.075878800000023, 69.83710849999997], [30.093903300000036, 69.81609269999998], [29.876751599999963, 69.76729070000002], [29.815983499999966, 69.79719009999997], [29.85357740000001, 69.75897780000001], [29.6978805, 69.75541410000002], [29.739937500000014, 69.80193220000002], [29.794697500000012, 69.81247939999999], [29.810490400000035, 69.87996309999998], [29.79761569999997, 69.90486719999998], [29.94060970000001, 69.901859]]], [[[17.358811, 68.923802], [17.4873316, 68.87590250000002], [17.21948820000001, 68.79540049999999], [17.18441780000004, 68.80585750000002], [17.170624299999982, 68.84994210000002], [17.0977, 68.9084739], [17.121712199999962, 68.92771829999997], [17.170615499999965, 68.91872170000005], [17.21528739999998, 68.87903849999998], [17.28701490000002, 68.85842560000003], [17.30821709999997, 68.85941840000001], [17.189105, 68.9137392], [17.2456384, 68.93054159999997], [17.358811, 68.923802]]], [[[7.6678192, 63.10946360000001], [7.652421399999975, 63.10429139999999], [7.677999699999981, 63.067844], [7.658241799999987, 63.05524910000003], [7.674545700000012, 63.05663910000002], [7.6717461, 63.0265951], [7.728342, 63.008125], [7.714827, 62.995467], [7.504619, 62.935962], [7.481577, 62.95821970000003], [7.353812, 62.981491], [7.466386899999987, 63.022676300000036], [7.4086696, 63.0226092], [7.4674123, 63.0429996], [7.426884899999985, 63.05168879999997], [7.48372, 63.057652], [7.4414367, 63.05353710000004], [7.4199376, 63.0575845], [7.514029, 63.082534], [7.53149, 63.077599], [7.483613, 63.059697], [7.521968, 63.053962], [7.486287, 63.040793], [7.565455, 63.046734], [7.551993, 63.034061], [7.58297590000001, 63.01283710000004], [7.594187200000023, 63.023026], [7.574481, 63.035057], [7.590308, 63.039821], [7.566406, 63.050326], [7.643644300000018, 63.0733019], [7.6020606, 63.07437890000001], [7.629101, 63.095718], [7.597577300000035, 63.10544170000004], [7.575072400000037, 63.096953], [7.560622, 63.10430130000001], [7.6678192, 63.10946360000001]]], [[[4.988127799999974, 60.45807559999997], [5.005771, 60.412989], [5.049732199999978, 60.39906029999996], [5.028429, 60.373172], [5.051997199999979, 60.3940187], [5.067359800000014, 60.3678137], [5.1335218, 60.333341599999976], [5.132126099999978, 60.272943], [5.069226500000012, 60.285498], [5.152654899999986, 60.232353], [5.170903299999962, 60.2015789], [5.144768600000015, 60.215281900000036], [5.152098100000012, 60.18422160000004], [5.098934400000021, 60.172633], [5.067244, 60.243302], [5.044811299999962, 60.24019709999998], [5.05731140000003, 60.21756959999996], [5.0392383, 60.202592699999954], [5.0228919, 60.2231799], [4.98021940000004, 60.23033380000003], [4.994452399999959, 60.26804229999997], [4.95518, 60.257443700000024], [4.948126300000032, 60.27549429999998], [4.9655169, 60.2755998], [4.947321399999959, 60.28455], [4.96813340000004, 60.293459400000046], [4.94763010000001, 60.302980900000044], [4.993022400000035, 60.28391449999998], [5.044102700000041, 60.29388440000004], [5.0603402, 60.2742291], [5.0666457, 60.318397899999965], [5.047188, 60.29404349999997], [5.01545630000002, 60.302465], [4.963583399999981, 60.3864917], [4.98968510000004, 60.388483], [4.95648190000002, 60.418832], [4.9689455, 60.44544810000002], [4.99994549999998, 60.423885], [4.988127799999974, 60.45807559999997]]], [[[5.294162599999973, 59.37590640000002], [5.2782038, 59.336382], [5.325307500000042, 59.31131030000002], [5.28725, 59.30676], [5.314403599999972, 59.2898506], [5.28468289999997, 59.2830728], [5.330192, 59.27164349999997], [5.311613, 59.163973], [5.297782, 59.139894], [5.194021, 59.145786], [5.165896, 59.205401], [5.195974500000021, 59.24818339999999], [5.179798, 59.282488], [5.210501, 59.285299], [5.212246, 59.304471], [5.254830099999962, 59.28163089999997], [5.270203900000036, 59.28186150000004], [5.2749545, 59.286752], [5.218725, 59.305295800000025], [5.229451300000031, 59.3146679], [5.200899, 59.31985290000002], [5.1866224, 59.35489560000001], [5.22542069999996, 59.344755800000016], [5.209412, 59.361101], [5.2567552, 59.365928700000026], [5.215866600000018, 59.38681810000003], [5.238329099999971, 59.412593199999975], [5.294162599999973, 59.37590640000002]]], [[[8.7982257, 63.7906817], [8.822468299999974, 63.802797399999974], [8.810153200000025, 63.7626258], [8.841718499999972, 63.74612840000003], [8.842716699999963, 63.7138053], [8.795107, 63.689100399999965], [8.49012910000002, 63.66154780000003], [8.464420900000013, 63.6682921], [8.527983400000027, 63.676389300000025], [8.574658499999964, 63.686077500000046], [8.434487199999973, 63.670054900000025], [8.480605600000034, 63.68871470000003], [8.441025300000037, 63.67672589999999], [8.396013200000029, 63.6791543], [8.310436700000045, 63.661347300000045], [8.328764600000026, 63.67001359999998], [8.2897991, 63.67138319999997], [8.338441900000037, 63.680922400000014], [8.279766099999962, 63.68092519999998], [8.574417199999983, 63.70615249999999], [8.599547599999967, 63.721122699999974], [8.570187200000023, 63.715514600000034], [8.560338699999969, 63.715344100000046], [8.789694599999963, 63.7765282], [8.745200900000038, 63.7715259], [8.771952, 63.78615869999996], [8.772673, 63.80457570000003], [8.7982257, 63.7906817]]], [[[12.5868618, 66.228189], [12.6314026, 66.18895680000001], [12.615603299999979, 66.1628395], [12.629211200000046, 66.15678259999996], [12.551792799999962, 66.13018620000001], [12.5848427, 66.12369860000004], [12.622255100000036, 66.14808620000002], [12.650548900000015, 66.13613970000002], [12.595550099999976, 66.11337989999998], [12.653005399999962, 66.12293090000001], [12.667336299999988, 66.10319719999998], [12.471354400000024, 66.03927619999997], [12.298167299999974, 66.019255], [12.329271499999962, 66.03316949999999], [12.310536599999967, 66.0392229], [12.469864600000037, 66.08919069999997], [12.334751599999972, 66.07139990000003], [12.3554525, 66.08531960000005], [12.328324899999977, 66.0863979], [12.4842066, 66.10774629999997], [12.501776399999965, 66.12024679999998], [12.481614500000028, 66.11663119999996], [12.47954920000003, 66.12509950000003], [12.5879277, 66.16551409999997], [12.492903, 66.17803130000003], [12.4253063, 66.15332250000002], [12.504496300000035, 66.19336670000003], [12.45018910000002, 66.18940020000002], [12.552912, 66.20205359999999], [12.583460300000016, 66.21841189999998], [12.548554, 66.21841540000001], [12.5868618, 66.228189]]], [[[11.074538, 64.652304], [11.164877, 64.617492], [11.245426, 64.618336], [11.286203, 64.582145], [11.271752, 64.540918], [11.371347, 64.551375], [11.454247, 64.524173], [11.401848, 64.472197], [11.390136, 64.487484], [11.310077, 64.48096], [11.280642, 64.512123], [11.193502, 64.506666], [11.133339, 64.56499], [11.190496, 64.587691], [11.231343, 64.570192], [11.226885, 64.584843], [11.19981, 64.592413], [11.093931, 64.586406], [11.035252, 64.597972], [11.027003, 64.619193], [11.074538, 64.652304]]], [[[4.930784899999962, 61.9084743], [5.2439512, 61.86604760000004], [5.25740849999996, 61.83646449999996], [5.1245478, 61.825393900000044], [5.16356720000004, 61.84723750000004], [5.14052159999998, 61.866083099999955], [5.1499844, 61.8418194], [5.0963579, 61.81436840000004], [4.960696, 61.77523750000001], [4.942155, 61.79827830000003], [4.951502, 61.77511249999997], [4.926237, 61.7685593], [4.90495, 61.817482], [4.95832119999997, 61.809182699999965], [4.946534200000018, 61.82459749999997], [5.00194, 61.8364015], [4.818109600000019, 61.85536450000003], [4.926418900000028, 61.882175299999965], [4.899580899999977, 61.89534430000004], [4.930784899999962, 61.9084743]]], [[[8.4504326, 63.28349219999997], [8.484443100000027, 63.238613499999985], [8.5032122, 63.22576749999998], [8.546742299999964, 63.223849], [8.579529, 63.18231360000003], [8.477978299999988, 63.15751460000002], [8.356781800000034, 63.161022700000025], [8.261852499999977, 63.21624819999999], [8.255600799999984, 63.23424139999999], [8.2891905, 63.24534929999997], [8.241224700000037, 63.26459829999996], [8.3313578, 63.25383269999997], [8.3759104, 63.270557900000036], [8.385973599999973, 63.2174623], [8.4092518, 63.205458], [8.386380299999962, 63.26987850000004], [8.4504326, 63.28349219999997]]], [[[16.3017936, 68.99340729999997], [16.567366100000026, 68.94383920000003], [16.5626222, 68.96291669999995], [16.598723299999985, 68.97046989999998], [16.627674800000026, 68.9293193], [16.6505015, 68.93504440000004], [16.614323799999987, 68.91909950000004], [16.6445031, 68.89767870000004], [16.564891900000035, 68.87466910000003], [16.4683721, 68.88156830000004], [16.347948, 68.93890970000001], [16.2527293, 68.95543870000002], [16.3017936, 68.99340729999997]]], [[[5.7519442, 62.30305110000004], [5.7318019, 62.282171799999986], [5.847431300000027, 62.2781626], [5.801799399999984, 62.26463640000003], [5.7860327, 62.24575489999998], [5.811572800000041, 62.2279477], [5.7640795, 62.2033408], [5.600988599999978, 62.1874807], [5.52815740000001, 62.22969020000003], [5.648863499999978, 62.2185066], [5.5339346, 62.24597990000004], [5.529128299999963, 62.258797299999976], [5.580837400000037, 62.25770239999998], [5.549925200000038, 62.268877600000025], [5.559318, 62.29322409999999], [5.7519442, 62.30305110000004]]], [[[17.044944, 68.8644001], [17.18342140000002, 68.77388910000003], [17.1172803, 68.74882739999995], [16.824524799999963, 68.72854589999999], [16.86122360000002, 68.77063709999999], [16.91956, 68.77599220000005], [16.950657599999964, 68.8239321], [17.00849849999997, 68.858816], [17.044944, 68.8644001]]], [[[13.32126690000004, 68.16979559999997], [13.4608752, 68.1395899], [13.417781800000018, 68.13085910000004], [13.4433554, 68.12340869999998], [13.403068200000035, 68.0949204], [13.422342399999977, 68.08876560000002], [13.3864517, 68.06283970000003], [13.401711499999958, 68.05624560000004], [13.392133900000026, 68.03168959999998], [13.3647615, 68.02908830000004], [13.354119099999973, 68.04970959999997], [13.358004099999988, 68.02737109999998], [13.26101949999996, 67.9993413], [13.262846300000032, 68.0406607], [13.238311300000017, 68.06133209999999], [13.240041800000025, 68.03983980000002], [13.209194, 67.99826969999997], [13.165586, 68.0447354], [13.194909899999963, 68.07768450000003], [13.2388693, 68.07383490000002], [13.218601299999989, 68.08788680000005], [13.238160599999983, 68.1059674], [13.308643299999968, 68.109653], [13.3258662, 68.10267289999999], [13.294150699999975, 68.07976069999995], [13.3461189, 68.07400680000003], [13.3406626, 68.11785249999998], [13.295790799999963, 68.13077339999997], [13.32126690000004, 68.16979559999997]]], [[[14.67238, 68.58699], [14.911028100000024, 68.57129240000005], [14.91101, 68.56198], [15.00254010000004, 68.54923009999999], [14.9014999, 68.49973], [14.721898700000025, 68.49224], [14.707059899999987, 68.5027], [14.72434, 68.51422989999996], [14.6105, 68.56537989999997], [14.67238, 68.58699]]], [[[11.990652, 65.707731], [11.938251, 65.705935], [12.007026599999971, 65.70809039999997], [12.0345449, 65.67633390000002], [12.0137, 65.68234990000005], [12.00551, 65.67797], [11.990505, 65.679582], [11.973549, 65.677866], [11.975142, 65.675532], [12.036914699999969, 65.66738680000003], [11.945563, 65.603679], [11.889511, 65.586585], [11.906834, 65.608775], [11.863619, 65.592961], [11.882342, 65.600029], [11.849812, 65.596803], [11.884178, 65.610998], [11.743059, 65.611178], [11.810643, 65.686588], [11.8553932, 65.69408919999996], [11.843529, 65.70338], [11.952357, 65.709757], [11.936844, 65.715431], [11.990652, 65.707731]]], [[[24.03695859999997, 71.00989949999999], [24.212808499999984, 70.99737739999998], [24.059772400000035, 70.98981059999997], [24.07008930000003, 70.97960319999997], [24.04095829999997, 70.970177], [24.0467176, 70.96247380000004], [24.229181500000042, 70.9615416], [24.143388700000013, 70.95070320000002], [24.21857609999998, 70.95013589999998], [24.135129800000033, 70.9399307], [24.164106, 70.93521120000003], [24.146120199999977, 70.92914490000001], [24.0148576, 70.9146458], [23.921937199999977, 70.93340870000002], [24.01098620000004, 70.9477027], [23.889878, 70.95167839999998], [24.030075, 70.98972389999999], [23.88129609999996, 70.983231], [23.83916180000003, 70.99725729999999], [23.94208139999996, 70.99980029999998], [23.8784808, 71.00374279999996], [23.95796859999997, 71.01099710000004], [23.888771899999984, 71.02311139999998], [23.98674740000002, 71.036204], [24.063016799999982, 71.02827149999999], [24.03695859999997, 71.00989949999999]]], [[[14.302389599999966, 67.18717420000003], [14.20727510000004, 67.10056209999998], [14.2128908, 67.06529340000003], [14.2425793, 67.057904], [14.197741800000042, 67.00590519999999], [14.161811200000042, 67.01217289999998], [14.125240600000023, 67.071489], [14.0078454, 67.0919597], [14.0679137, 67.16169289999996], [14.154881099999962, 67.1218541], [14.200571100000015, 67.13726190000003], [14.230422900000029, 67.18614460000002], [14.2755128, 67.1989518], [14.302389599999966, 67.18717420000003]]], [[[19.248399699999986, 70.2321232], [19.223165700000045, 70.21549680000003], [19.255327599999973, 70.17623860000003], [19.1974797, 70.11657620000004], [19.111812100000037, 70.10552409999995], [18.979952899999986, 70.1511538], [19.04458910000002, 70.172789], [19.10576129999997, 70.14985869999995], [19.093430400000045, 70.19286879999996], [19.162569200000036, 70.20045810000005], [19.101028300000046, 70.20538820000003], [19.11997369999996, 70.22111660000004], [19.083908500000014, 70.24060119999999], [19.149871200000025, 70.23858619999997], [19.19954420000003, 70.26348619999999], [19.248399699999986, 70.2321232]]], [[[11.089371, 64.976627], [11.166887, 64.978976], [10.939968, 64.915584], [10.829312, 64.857124], [10.713218, 64.856588], [10.74837, 64.87933], [10.656852, 64.859145], [10.718876, 64.898091], [10.686314, 64.887847], [10.683064, 64.89364], [10.726896, 64.901068], [10.739928, 64.888382], [10.780326, 64.898392], [10.752908, 64.907415], [10.805823, 64.928271], [11.113621, 64.985368], [11.089371, 64.976627]]], [[[20.91212, 69.9905073], [21.072439, 69.99539329999996], [20.938323, 69.9721739], [20.965867299999964, 69.96105020000005], [20.838895800000024, 69.92229640000004], [20.773861, 69.9417502], [20.71282510000001, 70.01076810000004], [20.787253699999987, 70.0391723], [20.849845399999968, 70.03267139999998], [20.91212, 69.9905073]]], [[[4.931234, 61.199302], [4.923798, 61.181748], [4.933953, 61.178788], [4.942153, 61.135416], [4.949894300000034, 61.1259147], [4.954261, 61.125772], [4.941314, 61.190712], [4.972063, 61.173631], [4.98442, 61.184712], [4.94818, 61.203154], [4.998368, 61.199864], [5.020923, 61.108923], [4.951383, 61.087677], [4.920261, 61.053827], [4.8976458, 61.10926709999996], [4.864138300000031, 61.07844309999998], [4.86238320000003, 61.05041419999998], [4.829936900000019, 61.05036789999997], [4.832049600000031, 61.1414798], [4.805283599999987, 61.154985200000034], [4.844016600000044, 61.165213199999954], [4.857689, 61.148375], [4.863105099999986, 61.14776510000003], [4.852716099999975, 61.178364100000046], [4.867212099999984, 61.19045009999996], [4.9139364, 61.11060840000001], [4.8830982, 61.210936199999985], [4.931234, 61.199302]]], [[[18.781916899999974, 70.10893950000002], [18.8132941, 70.05475180000003], [18.90862619999998, 70.115162], [18.910450899999965, 70.09139610000003], [18.98610420000002, 70.07501410000002], [18.917097500000036, 70.04508029999997], [18.76534609999998, 70.02725649999995], [18.71062760000004, 69.98451939999998], [18.65846950000003, 70.0067971], [18.716894200000024, 70.02973060000002], [18.650502599999964, 70.03833320000003], [18.6731303, 70.07134969999996], [18.714964400000046, 70.07481430000001], [18.706807100000034, 70.1165736], [18.781916899999974, 70.10893950000002]]], [[[6.475546700000011, 62.50421470000001], [6.7252005, 62.49055210000004], [6.535687399999967, 62.435055899999966], [6.3923261, 62.418329599999986], [6.395461, 62.43098739999996], [6.341577299999978, 62.43274210000001], [6.356337, 62.45789750000002], [6.220474599999969, 62.46413660000004], [6.475546700000011, 62.50421470000001]]], [[[20.73653929999997, 69.8330406], [20.56249680000002, 69.7875367], [20.531082300000026, 69.80542779999998], [20.516962100000026, 69.85013], [20.5786607, 69.9057005], [20.7386575, 69.91054110000005], [20.68885, 69.8609986], [20.73653929999997, 69.8330406]]], [[[12.01136439999997, 65.12293080000003], [11.908189, 65.094335], [12.01072, 65.1017], [11.951527, 65.07331360000002], [11.781103, 65.016648], [11.73971, 65.026114], [11.858234, 65.11526], [11.987429, 65.167511], [12.035092800000037, 65.1515797], [12.01136439999997, 65.12293080000003]]], [[[4.972855599999958, 60.72088860000003], [4.9423582, 60.73488779999997], [5.039732, 60.71098810000003], [5.052190100000042, 60.68736519999999], [5.11864, 60.636327300000026], [5.0729974, 60.679626699999986], [5.183512800000022, 60.619347799999964], [5.2287307, 60.5660737], [5.14576160000002, 60.610479], [4.996347099999964, 60.638762], [5.0096078, 60.651005], [4.909857899999958, 60.691235500000026], [4.926748300000016, 60.6896722], [4.901384, 60.704344500000026], [4.930984499999957, 60.69078079999998], [4.889726200000032, 60.71604180000002], [4.931925900000044, 60.70399880000002], [4.874452299999964, 60.7396747], [4.972855599999958, 60.72088860000003]]], [[[5.240367499999964, 59.82428010000004], [5.276066800000011, 59.817696500000025], [5.2436548, 59.821189500000024], [5.2604641, 59.79463650000002], [5.28267219999996, 59.81211970000001], [5.3037746, 59.801689499999966], [5.3178884, 59.76449359999999], [5.348046100000014, 59.756636799999974], [5.349748299999989, 59.72445110000003], [5.343336900000017, 59.729912], [5.314109299999958, 59.73909180000002], [5.318728300000041, 59.7464843], [5.300375899999986, 59.73200339999999], [5.315686499999982, 59.7253277], [5.2774246, 59.72711750000003], [5.267426700000021, 59.74938850000003], [5.236410500000032, 59.7458125], [5.224875399999961, 59.73764470000001], [5.247434700000019, 59.758052599999964], [5.199223800000018, 59.749468399999984], [5.200506800000037, 59.77053909999997], [5.175638900000012, 59.7489394], [5.175363799999987, 59.77350279999997], [5.157292700000026, 59.760104900000044], [5.166785300000031, 59.79093909999998], [5.1328971, 59.74949629999998], [5.112006199999962, 59.7649027], [5.121571799999968, 59.76690869999997], [5.123564299999982, 59.77645320000001], [5.1171732, 59.76934539999997], [5.105450500000041, 59.769721], [5.132247499999986, 59.78722860000002], [5.107623900000013, 59.784115], [5.126742799999983, 59.8073718], [5.154755100000029, 59.80734310000003], [5.1488571, 59.83016040000003], [5.174871799999957, 59.807142], [5.1615626, 59.8373243], [5.205373600000017, 59.8137298], [5.154014, 59.876449600000015], [5.187746099999989, 59.872886100000045], [5.240367499999964, 59.82428010000004]]], [[[8.159563800000024, 63.20787680000003], [8.1874014, 63.15548350000001], [7.953889400000035, 63.144334], [7.973136799999979, 63.15459969999998], [7.908468, 63.17422239999998], [8.025906200000032, 63.202845], [8.103905200000016, 63.23571370000004], [8.159563800000024, 63.20787680000003]]], [[[15.095460100000025, 67.98044010000001], [15.129040099999958, 67.95537], [15.24395, 67.94782], [15.21863, 67.93175009999997], [15.26098, 67.94882], [15.24718, 67.93197009999997], [15.322720099999977, 67.93822990000001], [15.168860099999982, 67.91034], [14.957639899999965, 67.91528], [14.975630099999982, 67.93088010000002], [14.949435300000037, 67.94928], [14.9885301, 67.95439], [14.95414, 67.96768010000001], [15.05080990000003, 67.96717], [15.0993, 68.00218], [15.1272, 67.99295], [15.095460100000025, 67.98044010000001]]], [[[4.961693600000027, 60.56232330000001], [5.037609799999986, 60.52577130000002], [5.028598600000022, 60.51846379999998], [5.0486772, 60.50659510000001], [5.040084800000043, 60.53136559999997], [5.220040899999988, 60.48891330000002], [5.24517, 60.415484800000016], [5.168336500000036, 60.391112399999955], [5.139848499999976, 60.42485850000004], [5.1722928, 60.44032660000001], [5.1098823, 60.43970119999996], [5.10660660000004, 60.4527913], [5.094042199999981, 60.457259799999974], [5.078997699999976, 60.45601769999996], [5.1240745, 60.4694986], [5.07326910000001, 60.46430760000002], [5.094047399999967, 60.495], [5.02830350000003, 60.50148350000003], [4.961693600000027, 60.56232330000001]]], [[[4.945509499999966, 60.6157458], [5.150408, 60.59164949999997], [5.218911, 60.556752400000036], [5.249280399999966, 60.5151161], [5.049004100000042, 60.54106439999999], [5.025759, 60.55187150000004], [5.0552254, 60.56582239999998], [5.020890599999971, 60.5551343], [4.993099500000019, 60.568265200000035], [5.014630900000027, 60.579314100000026], [4.945509499999966, 60.6157458]]], [[[15.79159, 68.02931], [15.87547, 68.02697], [15.93903, 67.99518], [15.84915010000001, 67.97943], [15.72369, 68.0191401], [15.6837299, 68.00589], [15.72612, 67.99855], [15.63546010000001, 67.98666], [15.52446, 67.98935010000004], [15.461479899999976, 68.00896], [15.67644, 68.03660010000002], [15.79159, 68.02931]]], [[[11.243553, 64.920532], [11.253362, 64.900939], [11.309462, 64.908779], [11.150971, 64.825956], [11.11607, 64.832853], [11.134977, 64.843967], [11.086134, 64.826496], [11.101461, 64.845853], [11.077725, 64.842093], [11.10356, 64.857336], [11.059469, 64.854883], [11.141112, 64.894664], [11.091943, 64.893573], [11.111455, 64.896623], [11.147141400000017, 64.925859], [11.243553, 64.920532]]], [[[6.9359169, 62.7202199], [6.894171900000034, 62.69617439999998], [6.689047499999988, 62.66228380000002], [6.657265200000028, 62.682679600000036], [6.697964599999983, 62.69906880000001], [6.67548720000004, 62.71858540000002], [6.701469, 62.72349779999996], [6.677009, 62.729621], [6.70487639999997, 62.739378499999965], [6.741337299999971, 62.73562489999998], [6.7292249, 62.711483899999976], [6.769682799999964, 62.73382430000004], [6.921659099999976, 62.749775900000046], [6.9359169, 62.7202199]]], [[[17.548151099999988, 69.08115630000003], [17.530042500000032, 69.04493920000004], [17.462466700000046, 69.0301187], [17.41415270000004, 68.994147], [17.342295700000033, 68.99933890000004], [17.4026361, 69.0751274], [17.588885399999988, 69.09621269999995], [17.548151099999988, 69.08115630000003]]], [[[11.112187, 64.959549], [11.234679, 64.93704], [11.138968400000039, 64.92618320000004], [11.063858, 64.888592], [11.038372, 64.901862], [10.86226, 64.837912], [10.827399, 64.846659], [10.921117, 64.896386], [11.080454, 64.931853], [11.112187, 64.959549]]], [[[21.677980200000025, 70.36899119999997], [21.713932500000045, 70.39190519999997], [21.81196, 70.34337979999997], [21.758992600000028, 70.27799340000004], [21.69831619999998, 70.25856639999998], [21.67535289999998, 70.28255340000004], [21.691476199999983, 70.34597270000002], [21.677980200000025, 70.36899119999997]]], [[[7.900030100000043, 63.099467299999986], [7.893289199999986, 63.0663225], [7.8136683, 63.0232685], [7.696151499999958, 63.03744570000001], [7.701561899999975, 63.06413749999996], [7.726779900000013, 63.05327659999998], [7.705781799999988, 63.07149189999998], [7.715789399999972, 63.08433970000004], [7.900030100000043, 63.099467299999986]]], [[[11.790789, 65.120882], [11.643867, 65.063922], [11.6014186, 65.0406513], [11.511997, 65.050842], [11.544042, 65.062839], [11.525268, 65.066227], [11.543807, 65.073078], [11.5286, 65.085362], [11.57327, 65.108143], [11.790789, 65.120882]]], [[[8.626761300000018, 63.386753], [8.70721120000002, 63.33865579999996], [8.5596693, 63.314847799999974], [8.573947400000014, 63.3277273], [8.5482476, 63.3440117], [8.516449699999983, 63.33944819999998], [8.550781899999981, 63.323834200000015], [8.534105, 63.32084109999999], [8.445467300000042, 63.33883609999996], [8.525121400000012, 63.347671300000016], [8.4916671, 63.356877200000014], [8.51813259999996, 63.38227439999996], [8.626761300000018, 63.386753]]], [[[11.452914, 64.935399], [11.5401021, 64.887308], [11.571864600000016, 64.88672129999998], [11.53672339999996, 64.87484520000002], [11.295249499999983, 64.853044], [11.279288, 64.858584], [11.452914, 64.935399]]], [[[4.984634400000031, 62.0339974], [5.087289600000021, 62.00345849999999], [5.081394200000021, 62.017333], [5.125367699999982, 62.034530200000034], [5.151694, 62.001670600000026], [5.118201700000013, 61.9272091], [5.013442600000028, 61.940552799999956], [5.067576199999978, 61.970221], [4.986693599999969, 61.99406119999996], [5.00193080000002, 61.99714869999998], [4.984634400000031, 62.0339974]]], [[[5.240033899999984, 59.743772], [5.237860199999988, 59.67372730000003], [5.197647, 59.646729299999976], [5.2415315, 59.665835], [5.225791199999973, 59.6462282], [5.248252900000038, 59.62751339999998], [5.208567, 59.60221830000004], [5.249352299999964, 59.6024412], [5.183350099999972, 59.574393499999964], [5.197413900000013, 59.595748899999975], [5.171243400000035, 59.593537699999985], [5.1865687, 59.61279270000003], [5.1644737, 59.615995], [5.186237400000037, 59.629084899999974], [5.1509677, 59.653528299999955], [5.1827611, 59.70162759999996], [5.1655321, 59.71481739999999], [5.206491300000037, 59.74259680000004], [5.229656799999981, 59.72654540000003], [5.240033899999984, 59.743772]]], [[[11.297774, 64.680474], [11.356321, 64.680321], [11.346541, 64.619067], [11.323593, 64.598192], [11.260245, 64.638835], [11.17638, 64.634593], [11.161258, 64.646968], [11.20049, 64.656112], [11.154758, 64.659088], [11.33028, 64.6902], [11.297774, 64.680474]]], [[[19.569293700000024, 70.09852229999998], [19.4263106, 70.10087030000001], [19.3300209, 70.12727669999997], [19.408302700000025, 70.167131], [19.577018400000036, 70.11692089999995], [19.569293700000024, 70.09852229999998]]], [[[6.2409833, 62.44070989999998], [6.366667500000011, 62.41973830000001], [6.165136, 62.39465759999997], [6.054839799999966, 62.437184200000026], [6.2409833, 62.44070989999998]]], [[[14.23574080000003, 68.32345179999997], [14.271898199999967, 68.28610580000002], [14.206243300000022, 68.25703710000005], [14.132467200000033, 68.28452], [14.156862699999962, 68.30803049999997], [14.071821, 68.300255], [14.053391500000046, 68.32318859999997], [14.10660650000002, 68.3231246], [14.078626399999973, 68.33554690000003], [14.07953569999998, 68.342751], [14.081800400000045, 68.34442140000004], [14.0867936, 68.34557559999998], [14.153105, 68.34569670000005], [14.23574080000003, 68.32345179999997]]], [[[12.877830100000033, 66.28455], [12.89122, 66.24611009999998], [12.811929900000042, 66.20943989999998], [12.848279900000016, 66.23631010000003], [12.77673, 66.21355989999998], [12.74316, 66.22764009999996], [12.75518, 66.24573], [12.6989, 66.24721010000005], [12.82438989999999, 66.30376], [12.877830100000033, 66.28455]]], [[[24.694332, 71.11256810000003], [24.852099599999967, 71.1036786], [24.799942300000023, 71.08538649999997], [24.8395684, 71.07740549999998], [24.765014699999966, 71.06668049999996], [24.797168, 71.0526733], [24.7666123, 71.0280216], [24.6043923, 71.06582309999999], [24.652137600000025, 71.0913037], [24.73296669999996, 71.06905350000002], [24.755179500000036, 71.08627219999998], [24.694332, 71.11256810000003]]], [[[6.094471, 59.250639], [5.931098, 59.226504], [5.923273, 59.272265], [6.05147, 59.29692], [6.101674, 59.271799], [6.094471, 59.250639]]], [[[6.864812900000027, 62.8348495], [6.968842300000032, 62.84969050000003], [6.95116929999997, 62.83408130000002], [6.963978300000017, 62.825856799999954], [6.889460799999968, 62.81567510000004], [6.919252, 62.812069], [6.901397, 62.803615], [6.9272833, 62.7944834], [6.9150941, 62.77399170000003], [6.765714100000041, 62.806700099999965], [6.8182923, 62.82320149999999], [6.763059699999973, 62.84412440000001], [6.772257700000027, 62.84836450000001], [6.864812900000027, 62.8348495]]], [[[20.826360399999967, 70.0684476], [20.768357699999985, 70.111785], [20.83476510000002, 70.155831], [20.928519, 70.10018570000004], [20.878461699999985, 70.0700191], [20.826360399999967, 70.0684476]]], [[[5.199469099999975, 60.12311979999997], [5.258210599999979, 60.097077600000034], [5.246991699999958, 60.0668305], [5.269229, 60.06413410000001], [5.263184300000011, 60.088426600000034], [5.30120559999998, 60.06717960000002], [5.304294500000028, 60.032547499999986], [5.274501299999978, 59.99667669999996], [5.214362299999985, 60.009867], [5.182412099999988, 60.041081800000015], [5.209294399999974, 60.051517], [5.20102210000004, 60.06822459999997], [5.184138, 60.054060499999984], [5.200700900000021, 60.069715499999965], [5.198682, 60.08044650000003], [5.220594599999972, 60.0408249], [5.257564499999988, 60.04903789999999], [5.2048732, 60.10156130000003], [5.199469099999975, 60.12311979999997]]], [[[14.939644300000033, 68.30342480000002], [14.963891699999966, 68.28889969999999], [14.881083100000026, 68.27813929999998], [14.9373015, 68.2736589], [14.86492650000002, 68.22340880000003], [14.797128799999971, 68.23829860000002], [14.846983700000017, 68.28945329999996], [14.939644300000033, 68.30342480000002]]], [[[6.039331500000044, 60.108761499999986], [5.969458699999985, 60.069398600000035], [5.9772306, 60.09191530000003], [5.94383260000002, 60.104675500000035], [5.9318558, 60.14069869999997], [6.037727400000014, 60.160793200000015], [6.061056299999978, 60.14852060000003], [6.039331500000044, 60.108761499999986]]], [[[14.96778, 68.93032], [15.00258, 68.88917], [14.961859, 68.87351549999997], [14.8341107, 68.88416060000003], [14.864545799999963, 68.93383179999998], [14.96778, 68.93032]]], [[[11.358964, 64.638571], [11.389191, 64.612498], [11.393458, 64.6068], [11.399342, 64.605936], [11.403656, 64.609872], [11.393055, 64.629323], [11.499835, 64.56150450000003], [11.426031, 64.550997], [11.438148, 64.540177], [11.343101, 64.561806], [11.38403, 64.594414], [11.358964, 64.638571]]], [[[10.38587710000003, 59.265418300000036], [10.444367200000016, 59.22359459999996], [10.4585429, 59.22127250000003], [10.452063, 59.198694], [10.467672, 59.190327], [10.4379617, 59.1638], [10.391815400000027, 59.178324], [10.371091, 59.164248], [10.359786, 59.187149], [10.3857972, 59.231501899999984], [10.38587710000003, 59.265418300000036]]], [[[13.18342, 66.28433], [12.99828, 66.23192], [12.9196771, 66.22835609999996], [12.98787, 66.27501990000003], [13.18342, 66.28433]]], [[[8.230204, 63.229799800000016], [8.325002599999975, 63.16576259999999], [8.203399799999977, 63.15678250000002], [8.17757210000003, 63.19983540000001], [8.191109200000012, 63.20647490000003], [8.159185800000012, 63.21312370000002], [8.230204, 63.229799800000016]]], [[[4.907154800000034, 61.37971450000003], [5.00933379999997, 61.37909750000004], [5.0328792, 61.326766899999974], [4.954342600000027, 61.31206570000004], [4.878722699999981, 61.347708300000015], [4.917523300000036, 61.36958420000001], [4.907154800000034, 61.37971450000003]]], [[[5.58822910000003, 59.14023679999997], [5.762733700000021, 59.122157500000036], [5.784164300000038, 59.081379], [5.739304400000011, 59.07052450000004], [5.7013331, 59.09878490000001], [5.565571900000043, 59.121540100000026], [5.599818299999958, 59.124021900000024], [5.5835464, 59.133954500000016], [5.58822910000003, 59.14023679999997]]], [[[14.3864199, 67.4233], [14.424989899999986, 67.42421], [14.370280099999967, 67.39204], [14.2147201, 67.37474], [14.34878, 67.43747010000004], [14.40612, 67.4335999], [14.3864199, 67.4233]]], [[[14.485550100000012, 67.20710009999998], [14.370209100000043, 67.1837335], [14.352388500000025, 67.20853690000003], [14.49675, 67.23870989999998], [14.51062, 67.23863], [14.48238, 67.23164], [14.614796399999964, 67.22662350000003], [14.485550100000012, 67.20710009999998]]], [[[5.719180099999987, 59.8176177], [5.80157560000003, 59.789988], [5.842770699999965, 59.7560854], [5.78968209999997, 59.761471200000024], [5.77848970000001, 59.72865880000001], [5.744102800000016, 59.7221397], [5.74933390000003, 59.75660339999996], [5.732335199999982, 59.76285629999997], [5.753636799999983, 59.7805536], [5.665561, 59.782757900000036], [5.628498099999989, 59.812126], [5.697193499999974, 59.790137600000016], [5.719180099999987, 59.8176177]]], [[[5.3552509, 60.079781299999965], [5.4199522, 60.06644249999996], [5.430724700000033, 60.04954590000001], [5.442949100000027, 60.047505899999976], [5.438615899999965, 60.0134906], [5.373118099999962, 60.01529440000003], [5.3857735, 60.002412800000016], [5.360259, 59.995492400000025], [5.339588, 60.022125], [5.3552509, 60.079781299999965]]], [[[4.7023559, 61.09659690000003], [4.715540200000023, 61.0353066], [4.7427209, 61.031876799999985], [4.708628500000044, 60.981769], [4.713570899999974, 61.02516720000003], [4.688758900000044, 60.99216590000002], [4.660606899999985, 60.999886500000045], [4.672187800000026, 61.01345939999997], [4.643145899999967, 61.0352552], [4.654303900000011, 61.030088199999966], [4.664996900000039, 61.04445720000003], [4.641404400000026, 61.058992700000026], [4.7023559, 61.09659690000003]]], [[[15.22517, 68.04524], [15.30206989999996, 67.97124989999998], [15.189009899999984, 67.96693], [15.159290099999968, 68.00033], [15.22362, 68.02659010000002], [15.22517, 68.04524]]], [[[5.000322700000014, 60.94628819999998], [5.0394691, 60.8475298], [4.981736100000033, 60.847112799999955], [4.953089099999962, 60.9430058], [5.000322700000014, 60.94628819999998]]], [[[19.013885799999986, 69.6935766], [18.928833300000015, 69.63123730000004], [18.89622940000002, 69.64603949999997], [18.90716619999997, 69.68923920000005], [19.01136170000004, 69.71463260000003], [19.013885799999986, 69.6935766]]], [[[11.23298279999998, 63.80707289999997], [11.151887599999966, 63.801519600000034], [11.037452900000023, 63.744319500000024], [10.998559, 63.747267200000024], [11.053200700000044, 63.8002215], [11.23298279999998, 63.80707289999997]]], [[[20.289038100000024, 70.2649902], [20.217781500000044, 70.21525980000004], [20.1666878, 70.30847569999999], [20.198120399999976, 70.3089426], [20.289038100000024, 70.2649902]]], [[[5.388432, 59.246566], [5.472104, 59.200961], [5.447187, 59.159696], [5.420894, 59.182722], [5.373643, 59.199212], [5.388432, 59.246566]]], [[[13.34637839999997, 66.787113], [13.480608399999984, 66.77519490000002], [13.419224099999983, 66.75414689999995], [13.256122, 66.75013789999998], [13.34637839999997, 66.787113]]], [[[16.306938200000044, 68.04167330000003], [16.257868799999976, 68.05396110000002], [16.17366880000002, 68.06085250000001], [16.27310580000001, 68.09566260000003], [16.33007879999997, 68.07750860000004], [16.306938200000044, 68.04167330000003]]], [[[11.03285110000003, 59.09681579999998], [11.038357399999988, 59.06758], [11.0828339, 59.071533899999984], [11.070139, 59.08520939999996], [11.0897459, 59.07160909999999], [11.037491099999986, 59.044869700000014], [11.061421900000013, 59.04614659999997], [11.056864799999989, 59.0283963], [10.9882809, 59.03043359999999], [11.003952899999959, 59.058779899999955], [10.986255600000018, 59.08106269999996], [11.03285110000003, 59.09681579999998]]], [[[9.046362399999962, 63.66134959999997], [9.180581200000027, 63.64507839999999], [9.07967220000001, 63.610986499999974], [9.012915600000037, 63.620829], [9.065479699999978, 63.63683050000003], [9.035109399999962, 63.6407966], [9.057092799999976, 63.65075479999999], [9.033752, 63.65424329999997], [9.046362399999962, 63.66134959999997]]], [[[21.699430499999984, 69.99175449999998], [21.61427730000003, 70.009927], [21.54782559999997, 70.017798], [21.6272421, 70.0446041], [21.734758300000024, 70.012305], [21.699430499999984, 69.99175449999998]]], [[[24.076621, 71.05254109999997], [24.110369600000038, 71.0502473], [23.96042860000003, 71.04546069999998], [23.93842439999998, 71.07030449999996], [23.991186400000043, 71.07221839999997], [24.0161618, 71.0521175], [24.006248399999986, 71.06220659999998], [24.05299179999998, 71.05706940000002], [24.0586909, 71.05930660000003], [24.01032529999998, 71.08435880000002], [24.159286700000028, 71.0747168], [24.076621, 71.05254109999997]]], [[[13.00056, 66.38312], [13.04657, 66.43511990000003], [13.122789099999977, 66.40842770000005], [13.094080100000017, 66.39042990000003], [13.00056, 66.38312]]], [[[13.576173499999978, 66.83906440000004], [13.351917100000033, 66.81132960000004], [13.3324873, 66.81692379999998], [13.420386, 66.84592470000003], [13.576173499999978, 66.83906440000004]]], [[[10.893683, 64.985634], [10.970776, 64.990392], [10.93637540000001, 64.9790673], [10.945861, 64.98023], [10.959899, 64.969814], [10.827438, 64.944635], [10.795361, 64.96114], [10.81756, 64.979969], [10.815919, 64.979437], [10.808047, 64.979149], [10.807529, 64.980435], [10.80383, 64.979328], [10.803925, 64.980734], [10.819758, 64.982588], [10.830397, 64.979133], [10.845235, 64.984066], [10.818268, 64.987339], [10.911418, 64.997048], [10.893683, 64.985634]]], [[[8.949441, 58.512388], [8.866142, 58.468362900000045], [8.8959894, 58.4658312], [8.874021600000036, 58.448650800000024], [8.787174299999977, 58.43668070000002], [8.780434, 58.45954860000003], [8.949441, 58.512388]]], [[[18.59136929999996, 69.8468751], [18.572841699999977, 69.82216790000003], [18.43315, 69.83449989999995], [18.499911100000045, 69.86325559999996], [18.59136929999996, 69.8468751]]], [[[4.903176, 60.8093567], [4.9848627, 60.747709199999974], [4.958560400000044, 60.75200069999996], [4.991124500000032, 60.732262], [4.897091300000044, 60.755611], [4.912786399999968, 60.767868399999955], [4.855718699999988, 60.7887842], [4.870843100000032, 60.805192], [4.929390799999988, 60.7804025], [4.903176, 60.8093567]]], [[[6.378366300000037, 62.49246519999997], [6.22512660000003, 62.5014772], [6.1646715, 62.491634299999966], [6.282439, 62.517505], [6.460719, 62.518301], [6.378366300000037, 62.49246519999997]]], [[[12.124762500000031, 65.4677876], [12.2052131, 65.478069], [12.122207, 65.44060439999998], [12.107268699999963, 65.4159828], [12.155569799999967, 65.43816390000002], [12.120150800000019, 65.40583719999997], [12.1020308, 65.41451060000004], [12.10382729999997, 65.39254110000002], [12.064489499999965, 65.38236910000002], [12.092455800000025, 65.39093320000003], [12.070922500000037, 65.39563639999997], [12.09144, 65.4127], [12.087729699999961, 65.42207209999997], [12.08264, 65.41177], [12.06034, 65.4023801], [12.040110100000035, 65.40198], [12.03743, 65.42036], [12.108932499999959, 65.44710289999996], [12.089658699999962, 65.4303146], [12.101333799999981, 65.42812190000004], [12.149048200000024, 65.4684683], [12.1009916, 65.4484505], [12.124762500000031, 65.4677876]]], [[[18.83728979999997, 70.19371210000001], [18.8996931, 70.1782296], [18.8814487, 70.14166480000003], [18.77866190000004, 70.161068], [18.83728979999997, 70.19371210000001]]], [[[10.404157800000014, 59.16832220000002], [10.445078, 59.145528], [10.412846, 59.137179], [10.436639, 59.12847], [10.419605, 59.119954], [10.417055, 59.106415], [10.419521, 59.093845], [10.407744, 59.097813], [10.425373, 59.073046], [10.4063775, 59.053428], [10.374640699999983, 59.157699799999975], [10.404157800000014, 59.16832220000002]]], [[[5.817869, 59.198533], [5.88028, 59.16681940000002], [5.841452, 59.139887], [5.7720682, 59.154436499999974], [5.773573600000036, 59.17655], [5.8086128, 59.16555849999997], [5.817869, 59.198533]]], [[[4.856686, 60.932883899999965], [4.841381, 60.913646], [4.902111, 60.905123], [4.927362, 60.870722], [4.899552, 60.866511], [4.931388, 60.854796], [4.876761, 60.862736], [4.87291, 60.895551], [4.829237, 60.89436], [4.824762, 60.907986], [4.843869, 60.905253], [4.8191679, 60.93140110000002], [4.856686, 60.932883899999965]]], [[[5.165460500000018, 60.01493739999998], [5.222497, 59.98855079999997], [5.173252099999969, 59.971432599999986], [5.099187700000018, 59.987851099999986], [5.165460500000018, 60.01493739999998]]], [[[12.9633602, 66.17900590000002], [12.881720100000017, 66.1627], [12.8480501, 66.16468], [12.924500700000042, 66.21081860000001], [12.963441499999973, 66.21349089999995], [12.9633602, 66.17900590000002]]], [[[12.654544, 67.6853288], [12.7095113, 67.68416870000003], [12.711266099999975, 67.678102], [12.696024800000028, 67.67301359999996], [12.7275668, 67.65338129999996], [12.695587099999962, 67.6603419], [12.7156419, 67.65122350000004], [12.699146400000028, 67.63889360000003], [12.6668374, 67.67074060000002], [12.654263499999963, 67.650519], [12.596275899999988, 67.65261660000003], [12.596515700000023, 67.6305365], [12.559581, 67.64384450000004], [12.654544, 67.6853288]]], [[[12.752825899999976, 66.18241759999995], [12.7275614, 66.1770401], [12.720847500000044, 66.16538690000002], [12.725380300000012, 66.15691760000003], [12.73164280000001, 66.17595], [12.80353689999998, 66.16446769999999], [12.80477710000001, 66.14970840000004], [12.68233, 66.14438009999998], [12.705089900000011, 66.15828009999997], [12.67543, 66.17139009999995], [12.69622, 66.17925], [12.670519899999967, 66.17669], [12.68968, 66.1868924], [12.752825899999976, 66.18241759999995]]], [[[24.95335839999997, 71.04821379999996], [25.05498190000004, 71.03722780000003], [24.998127600000043, 70.99899560000001], [24.95456, 70.99965070000003], [24.993790500000014, 71.0086157], [24.925720900000027, 71.02634730000003], [24.95335839999997, 71.04821379999996]]], [[[4.7997436, 61.124099600000015], [4.79736119999996, 61.082032799999986], [4.815023600000034, 61.09983860000002], [4.828005199999973, 61.071336], [4.817606200000023, 61.04408770000001], [4.789464600000025, 61.072544], [4.779704700000019, 61.021464800000025], [4.756631499999985, 61.04372080000003], [4.762642100000013, 61.0563839], [4.751397399999989, 61.09927349999998], [4.78589159999998, 61.09894560000003], [4.783823600000025, 61.12328659999998], [4.7997436, 61.124099600000015]]], [[[6.125137800000035, 62.58848129999998], [6.1383914, 62.5279615], [6.09376610000003, 62.55312939999998], [6.0233011, 62.5351578], [6.039785500000038, 62.54258550000004], [6.007138799999966, 62.5521226], [6.1015848, 62.57106979999997], [6.07721120000002, 62.5879298], [6.125137800000035, 62.58848129999998]]], [[[16.5819776, 68.99247239999998], [16.4754568, 68.98078989999998], [16.4399598, 68.99603709999997], [16.54022, 69.02078009999995], [16.531353199999966, 69.00109949999997], [16.5819776, 68.99247239999998]]], [[[7.3855787, 62.662467799999966], [7.27349770000003, 62.64757149999996], [7.2207897, 62.6640568], [7.2615777, 62.6801771], [7.3855787, 62.662467799999966]]], [[[25.8702019, 70.70915739999995], [25.881667, 70.686111], [25.836213, 70.6664656], [25.777504799999985, 70.68328070000004], [25.8702019, 70.70915739999995]]], [[[7.9478541, 63.0203756], [7.9921714, 63.022220900000015], [7.954559200000032, 62.998069700000045], [7.880520800000012, 62.989259600000025], [7.902329200000024, 62.9932516], [7.8849916, 63.0240092], [7.911819600000024, 63.03996769999996], [7.965650299999959, 63.037504], [7.9478541, 63.0203756]]], [[[12.6658101, 66.59757], [12.64428990000004, 66.5938], [12.68559, 66.59237], [12.671820099999987, 66.55405009999996], [12.60696, 66.55384009999999], [12.6457299, 66.57182], [12.60542, 66.58655989999998], [12.638480100000017, 66.6075301], [12.6658101, 66.59757]]], [[[12.4527255, 65.72481789999996], [12.35577240000001, 65.65367460000003], [12.30321, 65.65615], [12.4527255, 65.72481789999996]]], [[[10.675438800000038, 59.48652050000004], [10.6459452, 59.43835570000003], [10.65286, 59.429900399999966], [10.5868754, 59.42185790000004], [10.634322300000033, 59.4656167], [10.647956599999976, 59.5110711], [10.675438800000038, 59.48652050000004]]], [[[5.009433599999968, 60.9935215], [4.981915300000027, 60.99217719999997], [5.021738100000016, 60.990463899999966], [5.036447, 60.9727899], [4.932207, 60.972521], [4.920053, 60.998034], [4.957467, 61.015028], [4.971849600000033, 60.98929340000002], [4.973154, 61.01288], [4.992808, 61.01515], [5.009433599999968, 60.9935215]]], [[[5.9816824, 58.449972699999975], [5.974881499999961, 58.4085281], [5.926102899999973, 58.456582700000034], [5.904972099999982, 58.45181740000002], [5.903820900000033, 58.42623239999999], [5.874671100000016, 58.4271], [5.893079399999989, 58.433292499999986], [5.890235799999987, 58.45506409999997], [5.929496900000041, 58.46531329999996], [5.9816824, 58.449972699999975]]], [[[12.91438, 66.44159], [12.89218010000004, 66.43183], [12.88613, 66.39005], [12.885399499999984, 66.40181839999995], [12.829572100000043, 66.42527579999998], [12.850314100000016, 66.4509272], [12.90726, 66.45787], [12.91438, 66.44159]]], [[[25.3375097, 70.27617820000003], [25.32824, 70.26203760000004], [25.230393, 70.24324570000003], [25.27571160000004, 70.28857220000003], [25.3131338, 70.2980654], [25.3375097, 70.27617820000003]]], [[[9.987764600000016, 64.03658080000002], [9.9268803, 64.049368], [9.949925, 64.053027], [9.9413568, 64.07275329999996], [9.9861908, 64.0818813], [10.052246499999985, 64.0514114], [9.987764600000016, 64.03658080000002]]], [[[4.846802100000035, 61.811278800000025], [4.902434, 61.77903540000001], [4.896452799999972, 61.77284109999997], [4.846416, 61.74678949999998], [4.854305400000024, 61.768538599999964], [4.7900729, 61.79116909999996], [4.846802100000035, 61.811278800000025]]], [[[9.885353, 64.051132], [9.956046600000047, 64.01403989999997], [9.88655, 63.9969], [9.874117, 64.009253], [9.8942185, 64.01980720000003], [9.840431, 64.032727], [9.880127, 64.033515], [9.885353, 64.051132]]], [[[20.97658589999998, 70.03161719999999], [21.0068735, 70.02774380000004], [20.929841, 70.00504379999998], [20.9144816, 70.0191181], [20.9803089, 70.06174359999999], [21.017184300000014, 70.04255420000004], [20.97658589999998, 70.03161719999999]]], [[[12.956109, 66.40753489999999], [12.902759900000028, 66.39718009999996], [12.90291, 66.43351], [12.948915200000034, 66.44676309999998], [12.91352010000002, 66.45565], [12.9763275, 66.46671959999998], [12.956109, 66.40753489999999]]], [[[5.136356699999988, 60.39510870000003], [5.164557900000032, 60.36386140000002], [5.133425899999965, 60.37003009999998], [5.162993800000026, 60.34904169999996], [5.147159599999961, 60.33270120000002], [5.119492300000038, 60.37289770000002], [5.077999, 60.378808100000015], [5.136356699999988, 60.39510870000003]]], [[[13.870735199999974, 67.07148009999997], [13.757533099999964, 67.04443290000003], [13.7481699, 67.04574270000005], [13.774340900000027, 67.05807369999998], [13.749132499999984, 67.06768209999997], [13.767466799999962, 67.07995020000003], [13.870735199999974, 67.07148009999997]]], [[[6.100992, 59.229784], [6.0168089, 59.18147010000004], [5.99019, 59.205181], [6.100992, 59.229784]]], [[[12.488323, 65.8026384], [12.491327100000028, 65.7825047], [12.46131030000004, 65.76310079999999], [12.3740317, 65.74517260000005], [12.40486959999998, 65.77715859999998], [12.488323, 65.8026384]]], [[[6.2253055, 62.6823239], [6.333018, 62.677781], [6.349638, 62.65970929999999], [6.326669, 62.64937360000003], [6.2253055, 62.6823239]]], [[[5.100621099999957, 61.126561300000034], [5.029694, 61.1217239], [5.02187, 61.173408], [5.05888, 61.163892], [5.100621099999957, 61.126561300000034]]], [[[5.73892939999998, 62.3257231], [5.705117, 62.32022449999997], [5.655147900000012, 62.3236651], [5.692554099999979, 62.34248850000002], [5.672839600000023, 62.36447759999998], [5.7206853, 62.36762780000004], [5.74522, 62.3644091], [5.725730600000011, 62.334304400000015], [5.73892939999998, 62.3257231]]], [[[8.663584100000032, 63.64016309999999], [8.864130600000019, 63.660372799999976], [8.834270600000037, 63.6433545], [8.703638900000032, 63.6288779], [8.663584100000032, 63.64016309999999]]], [[[6.482230200000027, 62.78550020000003], [6.488421700000012, 62.74834939999997], [6.468565, 62.729093], [6.4159357, 62.74463409999996], [6.448942699999959, 62.754158799999956], [6.413856099999981, 62.76773230000002], [6.482230200000027, 62.78550020000003]]], [[[12.8725001, 66.55051009999998], [12.8522, 66.54767], [12.88603, 66.53483009999998], [12.860079899999977, 66.52322], [12.81326989999998, 66.5158], [12.79397, 66.53458], [12.8532, 66.5658501], [12.8725001, 66.55051009999998]]], [[[21.4649607, 70.3393537], [21.394796900000014, 70.332537], [21.425435500000024, 70.34413989999997], [21.38275620000003, 70.35517140000003], [21.4361911, 70.3903705], [21.455758, 70.36231569999998], [21.441641300000015, 70.34703750000001], [21.4649607, 70.3393537]]], [[[5.554733299999958, 62.37513369999997], [5.606495299999969, 62.34024849999996], [5.52868, 62.330567800000026], [5.497027700000045, 62.365368399999966], [5.554733299999958, 62.37513369999997]]], [[[7.8672153, 63.12335760000004], [7.8484211, 63.1077567], [7.7438089, 63.111021300000026], [7.838875, 63.13841749999999], [7.8672153, 63.12335760000004]]], [[[16.18194259999999, 68.34469910000001], [16.089808900000047, 68.33267069999998], [16.036733100000045, 68.3343765], [16.097417400000037, 68.35804760000002], [16.18194259999999, 68.34469910000001]]], [[[6.63844880000004, 62.6802693], [6.666054800000042, 62.66204790000004], [6.5581637, 62.65148769999998], [6.5977258, 62.68802440000004], [6.649273799999976, 62.70527680000003], [6.63844880000004, 62.6802693]]], [[[4.857290199999985, 61.711146], [4.899139599999968, 61.6581034], [4.864703100000044, 61.65477649999998], [4.826936600000019, 61.68232229999998], [4.8668644, 61.697491700000015], [4.857290199999985, 61.711146]]], [[[16.698676599999974, 68.9723186], [16.763430499999977, 68.9575757], [16.673654200000044, 68.92866470000001], [16.648564200000028, 68.95889440000003], [16.698676599999974, 68.9723186]]], [[[10.921349899999978, 59.1042251], [10.855330499999983, 59.0701429], [10.828517599999966, 59.09617259999996], [10.858297, 59.08973680000001], [10.916060500000025, 59.1255835], [10.921349899999978, 59.1042251]]], [[[6.166655099999984, 62.6871629], [6.240627100000017, 62.664573700000034], [6.278546199999967, 62.6329643], [6.159414100000026, 62.66679279999997], [6.166655099999984, 62.6871629]]], [[[8.474068400000045, 63.3122256], [8.406148700000026, 63.3016339], [8.357902400000027, 63.3084032], [8.432179800000016, 63.333839199999964], [8.474068400000045, 63.3122256]]], [[[20.62419550000001, 69.98060979999997], [20.645922699999964, 69.98908670000004], [20.684772, 69.96532719999998], [20.678502700000024, 69.94905889999997], [20.62075149999998, 69.94588559999995], [20.62419550000001, 69.98060979999997]]], [[[12.5109097, 65.8582903], [12.458360599999963, 65.82146380000003], [12.43644460000002, 65.82163780000005], [12.44712320000001, 65.82615179999996], [12.456065699999975, 65.83546780000002], [12.38759559999998, 65.820679], [12.401373900000024, 65.8555768], [12.426062500000047, 65.85927439999998], [12.40769230000003, 65.832031], [12.5109097, 65.8582903]]], [[[8.5330433, 63.58706950000003], [8.626773300000034, 63.57678939999997], [8.569856600000024, 63.55766469999996], [8.498052300000024, 63.56603669999997], [8.5330433, 63.58706950000003]]], [[[15.085847799999975, 68.28532990000004], [15.013550300000023, 68.265118], [14.980470900000032, 68.2739561], [15.023848, 68.299242], [15.085847799999975, 68.28532990000004]]], [[[5.155269, 59.843574], [5.110853900000011, 59.82671650000001], [5.07768350000004, 59.86435420000004], [5.127044299999971, 59.865531], [5.155269, 59.843574]]], [[[6.212551399999965, 62.623909300000044], [6.226142, 62.601447], [6.213726400000018, 62.5935967], [6.1262924, 62.633431899999955], [6.212551399999965, 62.623909300000044]]], [[[5.620871199999987, 59.854661900000025], [5.581288599999978, 59.81582179999999], [5.556689, 59.867106400000026], [5.5936271, 59.87691], [5.620871199999987, 59.854661900000025]]], [[[6.636632300000022, 58.21825079999997], [6.583856, 58.204384], [6.56080480000003, 58.2404672], [6.61202970000001, 58.23766380000003], [6.636632300000022, 58.21825079999997]]], [[[18.17039340000004, 69.66926520000001], [18.097232300000044, 69.64350810000005], [18.063269100000024, 69.64894490000003], [18.1441384, 69.66591510000003], [18.073611, 69.67221239999998], [18.102373900000025, 69.68273979999998], [18.17039340000004, 69.66926520000001]]], [[[20.06207910000002, 70.15959309999998], [20.018352699999987, 70.15318180000001], [19.9408776, 70.16463939999998], [19.98656529999996, 70.1830943], [20.06207910000002, 70.15959309999998]]], [[[18.25241910000004, 69.7314], [18.16196680000004, 69.73997490000005], [18.15992519999996, 69.74929440000003], [18.2222611, 69.76316379999997], [18.25241910000004, 69.7314]]], [[[12.376212499999962, 65.9334802], [12.29743, 65.8957999], [12.299309900000011, 65.87793], [12.29085990000003, 65.86908], [12.2343, 65.83697009999997], [12.25099, 65.87656009999996], [12.332989899999959, 65.92099], [12.304318, 65.92577149999997], [12.376212499999962, 65.9334802]]], [[[4.850943200000012, 60.61419720000004], [4.838732099999964, 60.58147649999997], [4.794205299999964, 60.58841790000001], [4.79086, 60.62203919999999], [4.846302299999982, 60.619285400000045], [4.841367300000043, 60.63536980000003], [4.850943200000012, 60.61419720000004]]], [[[24.712285300000026, 70.999248], [24.60951720000002, 70.99572930000004], [24.54164280000002, 71.01034550000004], [24.712285300000026, 70.999248]]], [[[18.8158425, 70.08914190000003], [18.7933505, 70.13321819999997], [18.848532600000013, 70.13144670000003], [18.847562500000038, 70.09162690000002], [18.8158425, 70.08914190000003]]], [[[14.826298500000036, 68.21700460000002], [14.782185100000046, 68.1933712], [14.711504899999973, 68.19713859999997], [14.740805300000016, 68.22082539999997], [14.826298500000036, 68.21700460000002]]], [[[11.275507, 64.486104], [11.26039590000001, 64.47448139999999], [11.292213, 64.473051], [11.190012, 64.455675], [11.221848, 64.468246], [11.202893, 64.479533], [11.217737, 64.490695], [11.275507, 64.486104]]], [[[5.473813299999962, 62.2668517], [5.487992699999976, 62.25146769999997], [5.44968, 62.25614789999997], [5.491168400000012, 62.23664820000002], [5.38924540000003, 62.25797580000004], [5.473813299999962, 62.2668517]]], [[[21.736949500000048, 69.92519020000002], [21.62973060000002, 69.9251676], [21.624024499999962, 69.92706719999998], [21.6830261, 69.94468420000003], [21.736949500000048, 69.92519020000002]]], [[[15.84758009999996, 68.1597999], [15.815057400000022, 68.15320280000002], [15.83424010000003, 68.14248], [15.811039899999969, 68.1362001], [15.83747010000003, 68.13684], [15.826003899999975, 68.1238661], [15.74595, 68.13804], [15.78782, 68.15907], [15.82095, 68.16401990000001], [15.84758009999996, 68.1597999]]], [[[9.42871759999997, 63.65352829999996], [9.458460799999969, 63.6427705], [9.40974849999996, 63.64825730000002], [9.429406500000038, 63.656445], [9.406581600000031, 63.663054399999986], [9.3927144, 63.6474273], [9.354824499999982, 63.653209], [9.418914500000032, 63.69141530000001], [9.438031500000022, 63.6760735], [9.42871759999997, 63.65352829999996]]], [[[6.0423183, 62.48387559999998], [6.0315195, 62.4636799], [5.933919799999975, 62.466151500000045], [5.96222860000004, 62.491859], [6.0423183, 62.48387559999998]]], [[[5.333229, 59.316442], [5.3816085, 59.316816100000025], [5.3634166, 59.29144229999997], [5.382265, 59.283549], [5.352962, 59.268591], [5.333229, 59.316442]]], [[[13.04188, 66.60105], [12.997910099999977, 66.60383], [12.986790099999968, 66.61390990000004], [13.021690099999962, 66.62023990000002], [12.99132, 66.61755010000005], [13.020590099999986, 66.64209], [13.06044, 66.64349], [13.04188, 66.60105]]], [[[19.038158300000042, 70.09845679999998], [18.98545509999996, 70.08530340000004], [18.9516751, 70.12803469999999], [18.999373799999987, 70.12771579999998], [19.038158300000042, 70.09845679999998]]], [[[13.10612010000003, 66.70112440000001], [13.074252700000045, 66.6554028], [13.0333686, 66.67184869999997], [13.10612010000003, 66.70112440000001]]], [[[5.606150899999983, 59.094635599999975], [5.706055300000012, 59.06381610000001], [5.620964900000013, 59.0735726], [5.606150899999983, 59.094635599999975]]], [[[5.326021499999966, 59.73135330000002], [5.3957438, 59.70424350000004], [5.339146100000013, 59.6777898], [5.297995600000037, 59.67497919999997], [5.347230899999976, 59.698565800000026], [5.329946800000029, 59.70029449999997], [5.342054699999975, 59.71253880000001], [5.326021499999966, 59.73135330000002]]], [[[12.387793900000045, 66.01503969999996], [12.318741900000042, 65.9857833], [12.336317300000022, 65.991076], [12.348046800000013, 65.98794450000004], [12.345297, 65.98363579999996], [12.292868200000019, 65.9685521], [12.297481900000019, 65.998325], [12.275084300000017, 65.99640349999997], [12.2963921, 66.00389260000003], [12.2656108, 65.99919320000004], [12.26992020000004, 66.00804529999998], [12.280794699999987, 66.00963120000002], [12.387793900000045, 66.01503969999996]]], [[[5.332971, 61.89187380000004], [5.272258699999965, 61.86841789999996], [5.187647600000011, 61.88048750000002], [5.332971, 61.89187380000004]]], [[[19.85375, 70.01925], [19.97825, 70.004], [19.91325, 69.995], [19.85375, 70.01925]]], [[[12.5652201, 65.79744], [12.57731, 65.82142989999998], [12.517548599999962, 65.78638059999999], [12.544712299999961, 65.80489449999999], [12.527939500000041, 65.818312], [12.57954, 65.83909119999997], [12.580330100000015, 65.81251010000003], [12.5652201, 65.79744]]], [[[5.097627599999987, 61.575891699999985], [5.173470900000043, 61.54614890000002], [5.056243599999965, 61.56952020000003], [5.097627599999987, 61.575891699999985]]], [[[19.71065289999998, 70.238055], [19.76713950000002, 70.26262780000002], [19.7802417, 70.24275449999998], [19.74123720000003, 70.22249880000001], [19.73361440000001, 70.23375290000001], [19.71065289999998, 70.238055]]], [[[12.036144, 65.21639539999995], [12.013972700000043, 65.2028672], [11.9641167, 65.21398269999999], [12.014935400000027, 65.24078109999996], [12.036144, 65.21639539999995]]], [[[4.715126800000013, 61.32064790000003], [4.78050179999998, 61.29037589999998], [4.706810800000016, 61.28517990000003], [4.6867618, 61.3030889], [4.715126800000013, 61.32064790000003]]], [[[15.12947, 67.66701], [15.00983, 67.63792010000003], [15.0535, 67.65453], [15.0333499, 67.65811], [15.12947, 67.66701]]], [[[5.662343799999968, 59.7453529], [5.727293199999982, 59.70486209999998], [5.6448705, 59.72929440000002], [5.662343799999968, 59.7453529]]], [[[5.050973700000027, 61.49962049999996], [5.1686656, 61.488632799999976], [5.050950100000028, 61.477827299999966], [5.050973700000027, 61.49962049999996]]], [[[12.12727, 65.68262], [12.079069900000029, 65.66417], [12.0352491, 65.67450140000001], [12.101, 65.69543009999997], [12.12727, 65.68262]]], [[[5.162364299999988, 60.139880200000015], [5.14117639999998, 60.134012099999964], [5.163940800000043, 60.1186794], [5.146205200000042, 60.11137529999998], [5.180016700000033, 60.10285859999998], [5.136468, 60.093762900000044], [5.141463800000045, 60.11958890000003], [5.110402499999966, 60.1420193], [5.162364299999988, 60.139880200000015]]], [[[6.313805, 62.70553850000001], [6.43228379999996, 62.69957189999998], [6.3977126, 62.687472799999966], [6.313805, 62.70553850000001]]], [[[12.300208400000013, 65.13227869999997], [12.4613645, 65.13000639999998], [12.397406, 65.11178349999999], [12.300208400000013, 65.13227869999997]]], [[[5.006435, 61.916106], [5.078237, 61.914273], [5.123511, 61.901809], [5.041322, 61.897934], [5.006435, 61.916106]]], [[[4.952241, 60.904149], [4.935484, 60.896457], [4.958588, 60.887676], [4.934771, 60.889045], [4.898841399999986, 60.93670180000002], [4.924250600000034, 60.937916100000045], [4.952241, 60.904149]]], [[[16.1972105, 68.73953640000002], [16.060731900000015, 68.77674760000002], [16.0727275, 68.79087850000002], [16.1972105, 68.73953640000002]]], [[[5.9480359, 59.1377243], [5.9332405, 59.126081800000016], [5.8947476, 59.1179696], [5.889855799999987, 59.11049650000003], [5.874986900000033, 59.12513539999996], [5.902639399999975, 59.12808319999997], [5.898506499999966, 59.14768190000002], [5.923357800000039, 59.15980259999996], [5.9480359, 59.1377243]]], [[[7.869733800000022, 62.98322939999997], [7.8093529, 62.965327], [7.78158080000002, 62.97565709999996], [7.840556300000022, 62.99924949999996], [7.869733800000022, 62.98322939999997]]], [[[13.680818600000034, 66.8555673], [13.657805199999974, 66.8356226], [13.610814300000019, 66.84378239999997], [13.667442200000025, 66.86795439999996], [13.680818600000034, 66.8555673]]], [[[12.885630099999968, 66.377], [12.79935010000004, 66.38654989999998], [12.879654299999977, 66.4008047], [12.885630099999968, 66.377]]], [[[12.3491801, 66.17586989999998], [12.30133, 66.12616989999997], [12.256839900000017, 66.12001], [12.31911, 66.16717010000002], [12.3491801, 66.17586989999998]]], [[[12.18151, 65.64064009999998], [12.154290100000043, 65.60327009999999], [12.12648, 65.59457], [12.126070100000042, 65.61785010000001], [12.16294, 65.64029009999997], [12.1490801, 65.64234], [12.18151, 65.64064009999998]]], [[[4.870885499999988, 60.55966440000001], [4.916501499999958, 60.52361629999997], [4.876794400000039, 60.53544489999999], [4.876718299999959, 60.52298629999998], [4.8562245, 60.51535560000002], [4.87015690000001, 60.5281949], [4.851154700000015, 60.54481680000004], [4.870885499999988, 60.55966440000001]]], [[[21.280718200000038, 70.0390768], [21.226700700000013, 70.02576120000005], [21.193385499999962, 70.0439944], [21.252625900000034, 70.05385239999995], [21.280718200000038, 70.0390768]]], [[[13.06612, 66.57475990000002], [12.994570100000026, 66.55749], [13.03648009999996, 66.58794], [13.06612, 66.57475990000002]]], [[[23.286193499999964, 70.14013540000005], [23.19497340000003, 70.12911779999999], [23.166600099999958, 70.14742839999995], [23.286193499999964, 70.14013540000005]]], [[[4.8449779, 61.61354990000002], [4.890858800000041, 61.5919227], [4.787392299999981, 61.5852695], [4.8547399, 61.601301299999975], [4.8449779, 61.61354990000002]]], [[[14.027904500000044, 67.28411819999998], [13.99113, 67.2689301], [13.91483, 67.26076], [13.9594, 67.26898], [13.9225501, 67.27257], [13.955350099999976, 67.28609], [14.027904500000044, 67.28411819999998]]], [[[12.154734500000043, 65.4886064], [12.073175500000023, 65.4653188], [12.1578363, 65.500962], [12.154734500000043, 65.4886064]]], [[[14.8414499, 68.81523], [14.857359900000034, 68.81422], [14.82461, 68.8003901], [14.7877, 68.81951989999997], [14.84874, 68.83492], [14.8414499, 68.81523]]], [[[5.2569967, 62.0051419], [5.266989, 62.0280193], [5.3178035, 62.0176873], [5.304767900000028, 61.997574300000025], [5.2569967, 62.0051419]]], [[[13.9358168, 67.10776980000003], [13.8500479, 67.1136905], [13.8476713, 67.1023841], [13.82997690000003, 67.10583850000002], [13.848435800000015, 67.1250959], [13.9358168, 67.10776980000003]]], [[[10.9545788, 59.079803100000014], [10.967285500000013, 59.046135899999975], [10.944657400000036, 59.030201699999985], [10.914815, 59.0554507], [10.9545788, 59.079803100000014]]], [[[9.438682, 63.822464], [9.438652, 63.802003], [9.38379, 63.788347], [9.402085, 63.81413], [9.382395, 63.813416], [9.438682, 63.822464]]], [[[11.345829, 64.928424], [11.280086, 64.917675], [11.367787, 64.94829], [11.345829, 64.928424]]], [[[8.75490910000003, 63.7906655], [8.6958625, 63.7670699], [8.710279799999986, 63.76587140000004], [8.6633058, 63.76541669999999], [8.761528100000037, 63.807373300000044], [8.739955399999987, 63.78971280000004], [8.75490910000003, 63.7906655]]], [[[9.2371561, 58.738075], [9.11695320000001, 58.728607300000036], [9.093119, 58.737868], [9.2371561, 58.738075]]], [[[5.622107300000033, 59.87588070000002], [5.577858699999959, 59.888489], [5.605241699999985, 59.9204911], [5.63048589999997, 59.90157], [5.622107300000033, 59.87588070000002]]], [[[5.673407700000043, 62.34480940000003], [5.6431744, 62.31744790000001], [5.595109800000019, 62.32838149999996], [5.673407700000043, 62.34480940000003]]], [[[8.218597599999965, 63.31171209999996], [8.12876459999996, 63.28154240000002], [8.102262, 63.2784129], [8.189940600000044, 63.30278529999996], [8.178323500000028, 63.311382599999966], [8.2050318, 63.3243869], [8.218597599999965, 63.31171209999996]]], [[[14.71905659999997, 67.2393942], [14.626592599999967, 67.22678350000002], [14.6122001, 67.24325010000001], [14.65447139999998, 67.2374361], [14.71905659999997, 67.2393942]]], [[[21.30682220000002, 70.12020909999997], [21.37021239999999, 70.09882039999997], [21.291604399999976, 70.11059429999999], [21.30682220000002, 70.12020909999997]]], [[[5.423147699999985, 62.20051810000003], [5.402770199999972, 62.194083], [5.3403021, 62.2147119], [5.3903121, 62.222678899999984], [5.423147699999985, 62.20051810000003]]], [[[4.979066, 60.6414], [4.945940700000028, 60.6617099], [4.990759600000038, 60.640069], [4.994867500000021, 60.6324509], [4.938797, 60.639174], [4.892898, 60.674129], [4.979066, 60.6414]]], [[[10.933151299999967, 59.0808646], [10.904231, 59.058391], [10.9141698, 59.07022319999998], [10.8859283, 59.07160220000004], [10.940784500000046, 59.10605350000003], [10.933151299999967, 59.0808646]]], [[[4.9251745, 61.5413739], [4.995297399999975, 61.513085899999965], [4.9679344, 61.4999442], [4.917164600000023, 61.52927750000002], [4.9251745, 61.5413739]]], [[[8.3908432, 58.210856799999966], [8.356631600000041, 58.19279179999997], [8.326225099999961, 58.20789180000004], [8.37537429999997, 58.22882639999997], [8.3908432, 58.210856799999966]]], [[[5.055778, 60.21161739999997], [5.0856674, 60.174633], [5.06953419999998, 60.1615198], [5.070314699999988, 60.1667324], [5.0410213, 60.176342], [5.055778, 60.21161739999997]]], [[[15.27486, 68.94697], [15.30045, 68.94692989999996], [15.264519200000027, 68.93077530000004], [15.2206457, 68.94378990000004], [15.2978399, 68.96380010000004], [15.27486, 68.94697]]], [[[5.099306100000044, 60.00957620000003], [5.074730499999957, 59.98192769999998], [5.044848, 59.994073300000025], [5.080870899999978, 60.00969540000004], [5.029069299999977, 60.01561110000003], [5.099306100000044, 60.00957620000003]]], [[[8.992969, 58.551049], [8.921091200000019, 58.5103955], [8.901378600000042, 58.5252274], [8.992969, 58.551049]]], [[[13.126239900000037, 66.63405], [13.11229, 66.58042990000003], [13.08996010000001, 66.61161], [13.126239900000037, 66.63405]]], [[[8.7752164, 58.42912160000003], [8.74448419999998, 58.4159618], [8.7146243, 58.43686459999996], [8.769939500000023, 58.4552759], [8.7752164, 58.42912160000003]]], [[[12.261478300000018, 65.99327779999999], [12.27397389999998, 65.9622199], [12.2159552, 65.9626159], [12.261478300000018, 65.99327779999999]]], [[[4.962666100000023, 60.474906], [4.933983400000018, 60.45816970000003], [4.93235070000002, 60.49654379999997], [4.957816599999964, 60.49736], [4.962666100000023, 60.474906]]], [[[9.51235359999998, 58.87187469999996], [9.517535199999983, 58.868994500000035], [9.51622529999996, 58.86012], [9.537035900000014, 58.86121190000003], [9.5207923, 58.8586976], [9.532667399999962, 58.85111629999996], [9.510891200000039, 58.84374120000001], [9.5011073, 58.84593379999997], [9.518653300000036, 58.8532775], [9.514061299999966, 58.8578603], [9.455920500000015, 58.85313210000004], [9.4842132, 58.84512530000004], [9.4841232, 58.8399153], [9.435678400000015, 58.859593399999966], [9.51235359999998, 58.87187469999996]]], [[[4.7201804, 60.779082], [4.7440078, 60.775416900000046], [4.727829100000024, 60.7751865], [4.746916200000028, 60.761145], [4.716563, 60.750479], [4.693424100000042, 60.771693199999966], [4.72647770000003, 60.77674719999998], [4.69027359999996, 60.778337800000045], [4.7201804, 60.779082]]], [[[6.128896800000016, 62.494562500000036], [6.098746099999962, 62.5072922], [6.0812557, 62.507734], [6.119492899999978, 62.53123389999996], [6.14123070000001, 62.523156], [6.128896800000016, 62.494562500000036]]], [[[4.8355863, 60.63456690000003], [4.7971331, 60.62432979999998], [4.80513859999998, 60.639297], [4.7898109, 60.6301943], [4.7849675, 60.64985119999998], [4.7939514, 60.658668599999984], [4.803412200000045, 60.659697700000045], [4.805055799999968, 60.661309800000026], [4.8355863, 60.63456690000003]]], [[[5.445261, 59.251399], [5.501212, 59.230363], [5.503175, 59.216242], [5.472313699999964, 59.215674500000034], [5.445261, 59.251399]]], [[[9.105834700000036, 63.67302679999999], [9.062784299999981, 63.662579799999975], [9.033855, 63.67568210000004], [9.0648874, 63.68344019999997], [9.105834700000036, 63.67302679999999]]], [[[5.581040200000031, 62.41338939999997], [5.667078, 62.40010520000004], [5.633655699999961, 62.3881615], [5.6336572, 62.3832042], [5.631961400000018, 62.381836399999976], [5.628080399999979, 62.38121860000002], [5.581040200000031, 62.41338939999997]]], [[[5.0710964, 61.612776499999974], [5.1418689, 61.60281420000001], [5.053075, 61.5930017], [5.084678900000016, 61.6062168], [5.0710964, 61.612776499999974]]], [[[4.8648572, 60.5694456], [4.850885400000026, 60.5468246], [4.826332400000032, 60.55327530000002], [4.8400732, 60.57417770000003], [4.8648572, 60.5694456]]], [[[18.569472099999974, 70.04086929999998], [18.53437779999998, 70.02330830000004], [18.513641500000034, 70.0372917], [18.525161, 70.05236650000003], [18.569472099999974, 70.04086929999998]]], [[[4.87576390000004, 61.078511300000024], [4.905302900000018, 61.046873300000016], [4.868933899999982, 61.04328629999996], [4.87576390000004, 61.078511300000024]]], [[[23.076511400000022, 70.8350492], [22.998686599999974, 70.83423539999998], [22.980233, 70.84631320000003], [23.06357459999997, 70.845845], [23.076511400000022, 70.8350492]]], [[[12.61219, 66.36562990000002], [12.55616, 66.33892010000001], [12.511079900000045, 66.33743], [12.58374, 66.3698], [12.61219, 66.36562990000002]]], [[[14.803410100000015, 68.80163990000003], [14.7619, 68.78650989999996], [14.72103010000001, 68.78184990000004], [14.78140010000002, 68.81337], [14.803410100000015, 68.80163990000003]]], [[[14.78886009999998, 68.84686990000003], [14.76021, 68.81283009999997], [14.731849899999961, 68.82046], [14.760138400000034, 68.827684], [14.745189899999978, 68.82891], [14.76960810000001, 68.83885320000002], [14.747979300000026, 68.84153079999996], [14.759667, 68.8515422], [14.78886009999998, 68.84686990000003]]], [[[13.64338930000002, 66.88619230000005], [13.577189, 66.86404580000004], [13.569878899999988, 66.87811550000004], [13.64338930000002, 66.88619230000005]]], [[[5.37399140000001, 60.16980949999996], [5.3501048, 60.141586], [5.325300700000012, 60.1532455], [5.350057, 60.1807355], [5.37399140000001, 60.16980949999996]]], [[[7.761995, 63.12330009999999], [7.71700129999997, 63.10636839999998], [7.688684799999978, 63.11462979999999], [7.710798400000018, 63.131952899999966], [7.761995, 63.12330009999999]]], [[[24.308924399999988, 70.88412020000003], [24.219760099999977, 70.85685509999998], [24.18003860000002, 70.85420879999997], [24.308924399999988, 70.88412020000003]]], [[[5.049428, 61.173377], [5.024378, 61.183609], [5.018854, 61.20084], [5.066795, 61.195765], [5.049428, 61.173377]]], [[[5.21710420000001, 59.903197100000035], [5.268660300000038, 59.8523708], [5.2085368, 59.89949609999997], [5.21710420000001, 59.903197100000035]]], [[[15.97068780000004, 68.84716940000003], [16.03729239999996, 68.8619075], [15.962448, 68.82386580000002], [15.97068780000004, 68.84716940000003]]], [[[5.950973400000036, 59.96239260000004], [5.85488730000001, 59.9575724], [5.9608519, 59.976119299999986], [5.950973400000036, 59.96239260000004]]], [[[11.709076500000016, 65.06212209999997], [11.679636, 65.042813], [11.647529300000038, 65.03877630000002], [11.66230549999996, 65.06526219999998], [11.709076500000016, 65.06212209999997]]], [[[5.030124499999976, 60.761736800000044], [5.001337699999974, 60.75967220000001], [4.944432300000011, 60.79944360000001], [4.9917928, 60.784869700000044], [5.030124499999976, 60.761736800000044]]], [[[27.1687012, 70.7797352], [27.191179199999983, 70.80483750000005], [27.212875500000045, 70.79239920000003], [27.198120800000037, 70.777324], [27.1687012, 70.7797352]]], [[[18.965944900000032, 70.16032069999997], [18.948644200000043, 70.1866915], [18.986335, 70.1924152], [18.99096920000003, 70.16545780000001], [18.965944900000032, 70.16032069999997]]], [[[12.3159269, 66.371271], [12.3805539, 66.367723], [12.30480190000003, 66.35528879999998], [12.3159269, 66.371271]]], [[[4.727599600000042, 61.226499899999965], [4.791635599999976, 61.1949579], [4.7407456, 61.1953649], [4.773345600000022, 61.19980490000002], [4.737387599999975, 61.201805900000025], [4.727599600000042, 61.226499899999965]]], [[[11.107526, 65.023062], [11.150333, 64.998531], [11.088702, 64.999022], [11.107526, 65.023062]]], [[[19.340753, 70.0602893], [19.38153290000002, 70.07803690000001], [19.39449280000003, 70.06135320000001], [19.340753, 70.0602893]]], [[[10.681182, 64.53579], [10.758065, 64.516219], [10.669525, 64.520063], [10.688017, 64.521387], [10.681182, 64.53579]]], [[[21.80221, 69.92647650000005], [21.8419938, 69.88168970000002], [21.78010840000002, 69.92511190000002], [21.80221, 69.92647650000005]]], [[[6.256496599999982, 62.478700199999956], [6.2260194, 62.46804680000001], [6.150476, 62.4753612], [6.186504700000016, 62.48255619999997], [6.256496599999982, 62.478700199999956]]], [[[4.900421, 59.29685], [4.868322, 59.29565], [4.853939, 59.307248], [4.901148, 59.318856], [4.900421, 59.29685]]], [[[4.893076599999956, 61.56879079999998], [4.801574100000016, 61.55710150000003], [4.78438830000003, 61.559554], [4.825465200000044, 61.57339340000004], [4.893076599999956, 61.56879079999998]]], [[[7.603353699999959, 63.0639318], [7.572966300000038, 63.0567731], [7.58702769999997, 63.063336], [7.556162699999968, 63.063758], [7.5553289, 63.0838745], [7.58761990000003, 63.0882638], [7.603353699999959, 63.0639318]]], [[[12.192943299999982, 66.0043625], [12.25923729999996, 66.00021959999997], [12.263389499999967, 65.99597189999996], [12.203003300000038, 65.97786140000002], [12.2280153, 65.99918140000004], [12.192943299999982, 66.0043625]]], [[[11.464825, 64.956697], [11.399554, 64.939083], [11.394907, 64.947857], [11.464825, 64.956697]]], [[[6.567717, 58.220467], [6.5312362, 58.21569269999996], [6.520799599999959, 58.24402090000004], [6.56016490000002, 58.2404963], [6.567717, 58.220467]]], [[[7.994901099999984, 58.09268589999997], [8.0257909, 58.07807089999998], [8.001189, 58.08027220000004], [8.0008857, 58.0622549], [7.961768500000032, 58.068984600000014], [7.995230100000027, 58.07627330000001], [7.994901099999984, 58.09268589999997]]], [[[26.629356799999982, 70.4439089], [26.549019300000044, 70.4232127], [26.574081900000014, 70.44103570000003], [26.629356799999982, 70.4439089]]], [[[31.062150600000017, 70.40293489999996], [31.13156760000002, 70.3653451], [31.094073, 70.36356470000004], [31.062150600000017, 70.40293489999996]]], [[[10.789889, 64.544231], [10.84795, 64.51499], [10.773957, 64.518586], [10.793034, 64.524239], [10.773039, 64.5319], [10.789889, 64.544231]]], [[[5.091230200000018, 60.14209429999998], [5.041046899999978, 60.11628910000003], [5.037780800000013, 60.13426219999997], [5.091230200000018, 60.14209429999998]]], [[[7.496650399999959, 57.991677399999986], [7.551764400000026, 57.9938524], [7.534717399999979, 57.974455400000025], [7.496650399999959, 57.991677399999986]]], [[[5.054525199999981, 61.60341780000004], [5.011031500000017, 61.5782277], [4.992187699999983, 61.586487400000046], [5.054525199999981, 61.60341780000004]]], [[[13.964875300000013, 67.02247489999998], [13.905541300000014, 67.0133624], [13.9454049, 67.02469489999999], [13.931586, 67.03119840000004], [13.960152, 67.05966640000004], [13.964875300000013, 67.02247489999998]]], [[[16.95706490000004, 68.48040749999996], [16.90345010000003, 68.47648289999995], [16.97309440000001, 68.49388660000002], [16.95706490000004, 68.48040749999996]]], [[[8.207989899999978, 63.2379782], [8.192512699999964, 63.22474339999998], [8.1488312, 63.236943199999985], [8.1760195, 63.2496166], [8.207989899999978, 63.2379782]]], [[[14.000944500000024, 67.144787], [13.941045299999978, 67.12084040000005], [13.929700600000029, 67.12450390000004], [13.96697659999997, 67.15479040000004], [14.000944500000024, 67.144787]]], [[[15.136199900000037, 67.60948989999996], [15.15603, 67.61765], [15.182850100000046, 67.61660990000003], [15.21056989999996, 67.6037999], [15.136199900000037, 67.60948989999996]]], [[[5.884000099999986, 59.2703953], [5.867003, 59.24719730000002], [5.842055799999967, 59.26753070000002], [5.862290299999961, 59.280634699999965], [5.884000099999986, 59.2703953]]], [[[12.62631, 66.35791], [12.587029899999958, 66.33557], [12.5389999, 66.31894990000004], [12.62631, 66.35791]]], [[[11.246784, 64.836691], [11.176124, 64.81011], [11.153053, 64.814413], [11.246784, 64.836691]]], [[[7.3500259, 62.7311778], [7.2615928, 62.715064799999965], [7.195927800000023, 62.706901100000046], [7.305253800000044, 62.72698459999998], [7.263171399999967, 62.72981739999997], [7.295145800000013, 62.73690659999998], [7.3500259, 62.7311778]]], [[[5.777277, 59.048228600000016], [5.706539700000034, 59.03148920000002], [5.682149900000043, 59.0442759], [5.777277, 59.048228600000016]]], [[[20.34750780000001, 69.65548479999998], [20.345616, 69.68339210000003], [20.381048499999977, 69.67316429999995], [20.34750780000001, 69.65548479999998]]], [[[9.5345625, 58.905886800000026], [9.4818946, 58.8903096], [9.48027109999996, 58.896836], [9.5006832, 58.9157688], [9.552702599999986, 58.90773769999996], [9.5345625, 58.905886800000026]]], [[[5.748073099999983, 59.00490149999998], [5.737983, 58.983083], [5.7106861, 58.9914267], [5.714090599999965, 59.00631360000003], [5.748073099999983, 59.00490149999998]]], [[[18.76467340000001, 69.66258110000004], [18.802364600000022, 69.66253319999998], [18.834116200000018, 69.66830379999996], [18.79726089999998, 69.64690789999997], [18.76467340000001, 69.66258110000004]]], [[[12.141154300000046, 67.52904989999998], [12.11227429999997, 67.5084247], [12.064374799999978, 67.511149], [12.09782, 67.53363490000001], [12.141154300000046, 67.52904989999998]]], [[[23.323457100000034, 70.56811980000005], [23.41755360000002, 70.580401], [23.352987500000012, 70.567982], [23.323457100000034, 70.56811980000005]]], [[[9.169015, 63.49720350000004], [9.09992730000002, 63.480931], [9.097674400000043, 63.4926193], [9.159128799999982, 63.50382819999999], [9.169015, 63.49720350000004]]], [[[9.554349800000029, 58.9038565], [9.4995906, 58.87244279999998], [9.482011900000021, 58.877161100000016], [9.488871899999985, 58.8907915], [9.554349800000029, 58.9038565]]], [[[9.377019700000023, 63.5862631], [9.291554199999986, 63.56627289999997], [9.31678669999998, 63.58337560000001], [9.370740299999959, 63.589270300000045], [9.377019700000023, 63.5862631]]], [[[30.11119010000003, 69.7813001], [30.1376, 69.80475010000004], [30.172929900000046, 69.78420989999996], [30.11119010000003, 69.7813001]]], [[[4.744338800000024, 61.0456451], [4.727442800000036, 61.08265370000002], [4.741762799999959, 61.09321870000003], [4.756315799999976, 61.064878700000044], [4.744338800000024, 61.0456451]]], [[[10.5482118, 59.71615540000003], [10.599957800000027, 59.6741982], [10.567729400000015, 59.68317279999996], [10.5482118, 59.71615540000003]]], [[[4.92967470000003, 60.334831299999955], [4.922983800000024, 60.34204179999997], [4.950056, 60.34359929999996], [4.920500800000015, 60.347218], [4.948056899999974, 60.35441229999997], [4.9249802, 60.35570450000004], [4.973053900000023, 60.357903800000024], [4.974881100000038, 60.35007339999997], [4.92967470000003, 60.334831299999955]]], [[[8.115023, 63.305508], [8.03053, 63.281552], [8.023381, 63.28291], [8.115023, 63.305508]]], [[[12.513769900000039, 66.03967989999998], [12.530549900000022, 66.04839], [12.58596, 66.0482399], [12.555770099999975, 66.03485], [12.513769900000039, 66.03967989999998]]], [[[5.840605100000017, 59.265860300000014], [5.789684, 59.244973300000034], [5.792818799999976, 59.262228299999975], [5.840605100000017, 59.265860300000014]]], [[[4.8181191, 60.932508800000015], [4.821188, 60.909826], [4.79059, 60.907804], [4.810347, 60.913299], [4.776308, 60.934484], [4.8181191, 60.932508800000015]]], [[[21.34208080000002, 70.31125879999996], [21.394990699999973, 70.31335290000004], [21.39001329999999, 70.300236], [21.34208080000002, 70.31125879999996]]], [[[8.9309689, 63.736075899999975], [8.880003099999966, 63.718112], [8.8701062, 63.73233980000003], [8.9309689, 63.736075899999975]]], [[[10.851261, 64.572637], [10.797049, 64.562691], [10.786945, 64.571896], [10.851261, 64.572637]]], [[[5.962293, 59.177137], [5.934776, 59.19953], [5.9197, 59.204224], [5.951494, 59.208115], [5.973042, 59.191745], [5.962293, 59.177137]]], [[[5.967548, 58.979971], [5.948000399999986, 58.97461340000002], [5.9009254, 58.98882119999998], [5.918381300000041, 58.9973297], [5.967548, 58.979971]]], [[[12.3690069, 65.1954379], [12.3405969, 65.1732881], [12.324879199999984, 65.19332680000004], [12.3690069, 65.1954379]]], [[[5.679052700000019, 59.758603200000046], [5.7255652, 59.732519], [5.668492699999982, 59.75411180000004], [5.679052700000019, 59.758603200000046]]], [[[5.231340799999961, 60.25192889999998], [5.2757822, 60.2654032], [5.2859189, 60.2587261], [5.2634127, 60.242223], [5.231340799999961, 60.25192889999998]]], [[[5.656204, 59.350458], [5.61941, 59.341473], [5.636614, 59.372621], [5.656204, 59.350458]]], [[[12.3993, 66.14383990000005], [12.3714, 66.13864], [12.3408501, 66.12865], [12.35081, 66.14827010000005], [12.3993, 66.14383990000005]]], [[[13.4431955, 66.7976309], [13.505929400000017, 66.78325020000003], [13.398678800000031, 66.7876907], [13.4431955, 66.7976309]]], [[[10.800644, 64.851079], [10.725009, 64.843534], [10.722403, 64.840366], [10.717071, 64.841579], [10.715683, 64.838653], [10.705483, 64.838899], [10.711261, 64.835251], [10.699917, 64.836404], [10.711894, 64.84522], [10.800644, 64.851079]]], [[[5.40676, 59.17599139999997], [5.385195, 59.17792540000003], [5.40716, 59.164798], [5.391756, 59.158425], [5.373093, 59.191285], [5.40676, 59.17599139999997]]], [[[6.679585, 58.23118259999996], [6.656342599999986, 58.19819060000001], [6.652651400000019, 58.22460950000002], [6.679585, 58.23118259999996]]], [[[12.2802591, 65.96170859999998], [12.19888210000002, 65.92014219999996], [12.210668900000044, 65.94663260000003], [12.2802591, 65.96170859999998]]], [[[11.113776, 59.022653900000044], [11.0799999, 58.9946224], [11.058110799999966, 59.0154645], [11.113776, 59.022653900000044]]], [[[8.901761099999982, 63.77489709999996], [8.830599100000013, 63.762146500000036], [8.827487200000016, 63.7678654], [8.901761099999982, 63.77489709999996]]], [[[8.513322200000028, 63.260952400000015], [8.532190599999966, 63.232672700000045], [8.511051299999982, 63.22960360000004], [8.48530869999997, 63.2514586], [8.513322200000028, 63.260952400000015]]], [[[6.085918299999959, 62.456842], [6.171273, 62.46246270000001], [6.104165899999957, 62.45349080000001], [6.085918299999959, 62.456842]]], [[[11.330197, 64.800481], [11.292265, 64.784952], [11.244101, 64.786456], [11.293112, 64.794918], [11.265842, 64.795336], [11.279268, 64.801528], [11.330197, 64.800481]]], [[[10.367667, 59.14800439999998], [10.334379500000047, 59.14166449999997], [10.34779840000002, 59.16913250000001], [10.367667, 59.14800439999998]]], [[[12.305427099999978, 66.04014569999997], [12.264122899999986, 66.0075119], [12.25878, 66.0116459], [12.28889740000001, 66.02833239999998], [12.26307670000002, 66.02705509999998], [12.2556352, 66.01484720000002], [12.244395300000011, 66.01714069999998], [12.276499300000033, 66.04000619999998], [12.305427099999978, 66.04014569999997]]], [[[5.675613500000031, 62.37454950000004], [5.627224300000021, 62.36072489999999], [5.611484899999985, 62.37038689999997], [5.675613500000031, 62.37454950000004]]], [[[7.384919399999989, 57.99440540000001], [7.3318664, 57.9947454], [7.348653400000037, 58.01237439999996], [7.325371399999957, 58.020264399999974], [7.3755504, 58.00964840000001], [7.384919399999989, 57.99440540000001]]], [[[5.175307500000036, 60.337286499999976], [5.18378650000002, 60.301931], [5.161036299999976, 60.30413910000004], [5.175307500000036, 60.337286499999976]]], [[[9.461863, 63.823671], [9.510657, 63.832203], [9.516299, 63.823998], [9.483093, 63.812348], [9.461863, 63.823671]]], [[[12.90038, 66.57774009999996], [12.90968, 66.59706], [12.94339, 66.59391], [12.92807, 66.57708009999998], [12.90038, 66.57774009999996]]], [[[5.860105400000014, 59.11094090000003], [5.818260400000041, 59.103188], [5.794044499999961, 59.11736709999998], [5.860105400000014, 59.11094090000003]]], [[[8.423604599999978, 63.582900300000034], [8.389065, 63.566788900000034], [8.3642516, 63.582871], [8.423604599999978, 63.582900300000034]]], [[[5.568387, 60.690524], [5.601421, 60.659932], [5.580217, 60.642677], [5.585588, 60.667407], [5.568387, 60.690524]]], [[[4.794152899999981, 61.3216652], [4.75924590000003, 61.311629199999985], [4.749617900000013, 61.3299232], [4.794152899999981, 61.3216652]]], [[[4.861561100000044, 60.9910548], [4.825843099999959, 60.974650799999964], [4.8115581, 60.982777800000044], [4.861561100000044, 60.9910548]]], [[[5.299671699999985, 59.92264], [5.25722, 59.957563599999986], [5.286802700000036, 59.946947], [5.299671699999985, 59.92264]]], [[[10.7921912, 59.2070037], [10.7644887, 59.1975629], [10.7622453, 59.23000290000003], [10.7921912, 59.2070037]]], [[[7.9437556, 63.155677900000015], [7.907820299999967, 63.15137], [7.875909600000041, 63.1600198], [7.915301399999985, 63.168127199999965], [7.9437556, 63.155677900000015]]], [[[16.514078099999963, 69.03646769999997], [16.557059399999986, 69.02227610000001], [16.496308100000046, 69.02461909999998], [16.514078099999963, 69.03646769999997]]], [[[11.063679, 65.01165], [11.035172, 65.006669], [11.016746, 65.006919], [11.024441, 65.012699], [11.034324, 65.015378], [11.063469, 65.01677], [11.03795, 65.02326], [11.079234, 65.024994], [11.063679, 65.01165]]], [[[8.9178739, 63.440095900000046], [8.95090970000003, 63.43905259999997], [8.875718800000042, 63.4393794], [8.946498800000024, 63.455252199999975], [8.9178739, 63.440095900000046]]], [[[15.1802861, 68.49205329999995], [15.203867299999963, 68.48072310000005], [15.134781, 68.4804068], [15.1802861, 68.49205329999995]]], [[[4.834167400000021, 61.3357392], [4.8272789, 61.353721], [4.8605804, 61.3589269], [4.8619824, 61.34662249999997], [4.834167400000021, 61.3357392]]], [[[11.268322, 64.849797], [11.225481, 64.840722], [11.195647, 64.836048], [11.268322, 64.849797]]], [[[5.8428516, 58.96376759999996], [5.825910900000041, 58.937669800000045], [5.8032875, 58.953590299999966], [5.8428516, 58.96376759999996]]], [[[11.346238, 64.459917], [11.310569, 64.444618], [11.299907, 64.451693], [11.332841, 64.462689], [11.340494, 64.462056], [11.346238, 64.459917]]], [[[8.996886, 58.552073], [8.96836329999997, 58.55197180000003], [8.973599, 58.585345], [8.995659, 58.568966], [8.996886, 58.552073]]], [[[8.502791, 63.85068060000004], [8.4882622, 63.831782], [8.4335782, 63.8436], [8.47624219999996, 63.85527], [8.483012200000028, 63.833809], [8.477387200000019, 63.856041], [8.502791, 63.85068060000004]]], [[[13.442657200000042, 66.92946679999999], [13.4727081, 66.91707369999999], [13.4268738, 66.90542290000002], [13.430667700000033, 66.92432620000001], [13.442657200000042, 66.92946679999999]]], [[[5.046568499999958, 60.771931], [4.9968413, 60.782148300000024], [4.9921503, 60.7909203], [5.046568499999958, 60.771931]]], [[[10.425343, 59.08431], [10.439891399999969, 59.07757480000003], [10.441604, 59.098465], [10.451636, 59.094514], [10.450525, 59.062272], [10.425343, 59.08431]]], [[[12.021567200000028, 66.49587740000004], [12.035587, 66.50403220000001], [11.99970039999998, 66.5060833], [12.064919800000041, 66.5058107], [12.028440600000035, 66.49120140000004], [12.021567200000028, 66.49587740000004]]], [[[14.29794029999998, 67.28053379999997], [14.283545299999979, 67.28169409999997], [14.356406, 67.30364319999998], [14.314864, 67.28341839999999], [14.29794029999998, 67.28053379999997]]], [[[14.019277, 67.16215440000005], [13.993273099999982, 67.15035260000003], [13.969368399999983, 67.15669460000004], [14.019277, 67.16215440000005]]], [[[4.813596, 61.636287399999986], [4.787009500000016, 61.634943], [4.773410399999966, 61.643571599999966], [4.7951698, 61.66016529999999], [4.813596, 61.636287399999986]]], [[[11.708032100000022, 65.6660415], [11.726699, 65.679413], [11.756011, 65.66797850000005], [11.729254799999978, 65.65964190000003], [11.708032100000022, 65.6660415]]], [[[8.33490739999998, 63.43417130000003], [8.313069500000013, 63.44556], [8.292492500000014, 63.4468807], [8.3519358, 63.451448899999974], [8.33490739999998, 63.43417130000003]]], [[[9.08496660000002, 58.60045420000003], [9.050085299999976, 58.579295600000044], [9.02788160000003, 58.58148820000001], [9.042560499999984, 58.5969973], [9.08496660000002, 58.60045420000003]]], [[[5.055628, 59.88621390000003], [5.075872500000033, 59.9052438], [5.090738600000021, 59.899367800000014], [5.078891199999957, 59.88347230000003], [5.055628, 59.88621390000003]]], [[[19.2123233, 70.27214390000002], [19.165656300000023, 70.27408820000004], [19.2137113, 70.27714459999997], [19.2123233, 70.27214390000002]]], [[[22.925754, 70.7485794], [22.93411729999997, 70.76444449999995], [22.962862199999968, 70.76376920000004], [22.9614629, 70.750314], [22.925754, 70.7485794]]], [[[10.280066, 64.281348], [10.294242, 64.294909], [10.261709, 64.291868], [10.309743, 64.298864], [10.280066, 64.281348]]], [[[14.695085900000016, 68.15764150000003], [14.654009500000043, 68.15953239999997], [14.707104699999963, 68.16638969999998], [14.695085900000016, 68.15764150000003]]], [[[11.6423, 65.020575], [11.682142, 65.022552], [11.618233800000045, 65.0117617], [11.6423, 65.020575]]], [[[15.495050099999986, 67.98407], [15.4561301, 67.98009], [15.43296, 67.97939], [15.495050099999986, 67.98407]]], [[[16.7187709, 68.8993228], [16.69452549999997, 68.88205770000003], [16.6768557, 68.8851263], [16.685791700000042, 68.89871589999997], [16.7187709, 68.8993228]]], [[[10.277449600000011, 64.2455173], [10.276877, 64.265923], [10.313290499999962, 64.2639592], [10.3081373, 64.2528436], [10.277449600000011, 64.2455173]]], [[[12.98688, 66.69602010000001], [12.92526, 66.67987], [12.97297, 66.69363], [12.95953, 66.6949101], [12.98688, 66.69602010000001]]], [[[5.262196800000018, 59.8939585], [5.234079900000021, 59.900424599999965], [5.223199699999958, 59.9219391], [5.251692499999971, 59.91089309999998], [5.262196800000018, 59.8939585]]], [[[9.03800029999997, 58.596571799999964], [9.008367599999966, 58.5666509], [8.9954006, 58.57388469999999], [9.003352, 58.591709299999984], [9.03800029999997, 58.596571799999964]]], [[[12.5379801, 66.3877599], [12.577090099999989, 66.38581], [12.524070099999985, 66.36719989999999], [12.5379801, 66.3877599]]], [[[10.506867499999984, 59.87587860000002], [10.545912600000019, 59.870048299999986], [10.512502, 59.85814039999998], [10.506867499999984, 59.87587860000002]]], [[[13.2336653, 66.81090719999999], [13.211148600000012, 66.795797], [13.186329799999964, 66.80239190000002], [13.2336653, 66.81090719999999]]], [[[5.850551299999983, 62.2310703], [5.877640500000036, 62.24657809999997], [5.910807800000017, 62.24919629999997], [5.889596, 62.23635789999998], [5.85857209999998, 62.2288139], [5.850551299999983, 62.2310703]]], [[[12.120903500000036, 65.49706310000002], [12.0894348, 65.49474580000005], [12.160819099999976, 65.532073], [12.120903500000036, 65.49706310000002]]], [[[16.7310211, 68.87615109999999], [16.676925099999963, 68.86849040000004], [16.6832107, 68.8744594], [16.7310211, 68.87615109999999]]], [[[9.545435700000017, 58.833692099999965], [9.570642600000024, 58.8581651], [9.6156135, 58.88527], [9.6088174, 58.8690691], [9.570154699999978, 58.84302870000003], [9.545435700000017, 58.833692099999965]]], [[[6.041761, 62.49725509999998], [6.018697, 62.511998799999965], [6.070747499999984, 62.50901320000003], [6.041761, 62.49725509999998]]], [[[18.15817750000004, 69.67925280000003], [18.157636200000017, 69.70276660000002], [18.181349900000022, 69.6825833], [18.15817750000004, 69.67925280000003]]], [[[10.70401219999997, 59.25247369999996], [10.705518, 59.212639], [10.684065, 59.22815], [10.70401219999997, 59.25247369999996]]], [[[10.683138, 64.885197], [10.624493, 64.861037], [10.655707, 64.879622], [10.683138, 64.885197]]], [[[9.9366241, 63.91880219999998], [9.916802299999961, 63.93469840000002], [9.963635, 63.934254], [9.9366241, 63.91880219999998]]], [[[10.442848, 64.332145], [10.397929, 64.330279], [10.390959, 64.338275], [10.442848, 64.332145]]], [[[18.0501361, 69.74001660000003], [18.087969400000038, 69.74435269999998], [18.1017027, 69.73606940000002], [18.0928446, 69.7302639], [18.0501361, 69.74001660000003]]], [[[10.039617, 64.180304], [10.033186, 64.180861], [10.002238, 64.168416], [10.023378, 64.185279], [10.008893, 64.190239], [10.039617, 64.180304]]], [[[6.000898899999973, 58.982607700000045], [5.985858799999976, 58.96799230000001], [5.969624500000025, 58.9782339], [5.979678, 58.99253939999996], [6.000898899999973, 58.982607700000045]]], [[[4.843941, 61.203375], [4.824086800000037, 61.205787799999975], [4.820163499999962, 61.219095], [4.843602499999976, 61.22115], [4.843941, 61.203375]]], [[[5.668415399999981, 59.04441030000002], [5.6400518, 59.03172960000001], [5.6251, 59.05269217129029], [5.668415399999981, 59.04441030000002]]], [[[5.168266099999984, 60.672953], [5.103853, 60.69184149999999], [5.089404, 60.703631099999974], [5.1382075, 60.68842779999998], [5.168266099999984, 60.672953]]], [[[18.00559089999998, 69.64201739999999], [17.987924800000044, 69.64020839999996], [17.999973, 69.6305101], [17.95202170000001, 69.6407477], [18.00559089999998, 69.64201739999999]]], [[[5.056762299999983, 60.69630679999997], [5.111348299999973, 60.6709844], [5.074184900000022, 60.68124790000001], [5.056762299999983, 60.69630679999997]]], [[[4.973955, 60.957839], [4.934152, 60.952529], [4.928817, 60.96873], [4.957212, 60.968065], [4.973955, 60.957839]]], [[[5.1311528, 59.87845180000003], [5.1037, 59.87427649999998], [5.09476759999996, 59.88561290000004], [5.1200543, 59.893956199999984], [5.1311528, 59.87845180000003]]], [[[6.018891, 58.91906], [5.999659, 58.908642], [5.982613, 58.923379], [6.018891, 58.91906]]], [[[5.476552300000014, 62.321408200000036], [5.496808600000035, 62.34182669999998], [5.515430199999981, 62.32827519999996], [5.476552300000014, 62.321408200000036]]], [[[15.0245131, 68.349966], [15.0095524, 68.36041059999997], [15.045607199999967, 68.36645519999996], [15.0245131, 68.349966]]], [[[4.91962, 60.49374260000001], [4.909249, 60.510884900000036], [4.892729600000022, 60.5146597], [4.924220600000039, 60.51219860000002], [4.91962, 60.49374260000001]]], [[[5.140016, 59.381972], [5.155623, 59.390676], [5.178063, 59.380575], [5.140016, 59.381972]]], [[[16.6313134, 68.72916179999996], [16.669783100000025, 68.72871559999999], [16.63531030000003, 68.7223844], [16.6313134, 68.72916179999996]]], [[[4.767274300000034, 61.55482580000003], [4.733588100000018, 61.553243], [4.733225699999965, 61.559319200000026], [4.7627546, 61.57064430000004], [4.767274300000034, 61.55482580000003]]], [[[12.349478199999965, 65.84069279999997], [12.332391600000015, 65.84661189999997], [12.3548898, 65.86667530000003], [12.349478199999965, 65.84069279999997]]], [[[13.472595600000027, 66.73971119999996], [13.550396799999987, 66.74253740000003], [13.506258900000013, 66.73749630000002], [13.472595600000027, 66.73971119999996]]], [[[12.093326400000027, 66.49312470000001], [12.0710713, 66.48671919999998], [12.0863604, 66.49254850000003], [12.060703, 66.48944820000001], [12.1052898, 66.50452390000002], [12.0777804, 66.49323350000003], [12.093326400000027, 66.49312470000001]]], [[[9.438855299999972, 58.867732], [9.455007300000041, 58.8837916], [9.473631, 58.87289730000001], [9.438855299999972, 58.867732]]], [[[14.70665, 67.80892989999997], [14.653320100000023, 67.80192989999996], [14.71492990000003, 67.8214801], [14.70665, 67.80892989999997]]], [[[18.158549900000033, 69.7692722], [18.1267002, 69.75910829999997], [18.12026410000003, 69.77102489999999], [18.158549900000033, 69.7692722]]], [[[9.0765558, 63.97328629999998], [9.04687679999998, 63.9789264], [9.095503800000037, 63.981715500000014], [9.0765558, 63.97328629999998]]], [[[10.871289, 64.595665], [10.886846, 64.613886], [10.900732, 64.599382], [10.871289, 64.595665]]], [[[23.46124, 70.65423610000002], [23.407404400000043, 70.65423610000002], [23.4630753, 70.6572758], [23.46124, 70.65423610000002]]], [[[12.326118500000028, 65.81122239999998], [12.31957, 65.82762010000003], [12.34506, 65.83472], [12.346630100000034, 65.83168], [12.326118500000028, 65.81122239999998]]], [[[11.106633199999983, 59.03032460000003], [11.08011210000004, 59.02487719999997], [11.07933360000002, 59.029798700000036], [11.107475400000034, 59.05358720000001], [11.106633199999983, 59.03032460000003]]], [[[5.259098299999975, 59.84461059999998], [5.253507300000026, 59.831055099999986], [5.220535300000039, 59.848135], [5.248284199999963, 59.83976970000001], [5.2369811, 59.855452499999984], [5.259098299999975, 59.84461059999998]]], [[[12.96572, 66.4862599], [12.92548, 66.48497], [12.96733010000002, 66.4901201], [12.96572, 66.4862599]]], [[[10.368986, 64.317506], [10.348789, 64.326391], [10.391338, 64.322412], [10.368986, 64.317506]]], [[[10.564713100000024, 59.85894439999998], [10.554094400000015, 59.870716700000045], [10.59015280000002, 59.8666521], [10.564713100000024, 59.85894439999998]]], [[[5.039714200000022, 60.9757902], [5.046201200000032, 60.978379199999985], [5.09054, 60.970447900000025], [5.039714200000022, 60.9757902]]], [[[14.488185500000018, 67.18754120000003], [14.49287, 67.20380989999998], [14.51798, 67.20056010000003], [14.5174799, 67.19289010000001], [14.488185500000018, 67.18754120000003]]], [[[11.069922, 64.982911], [11.034105, 64.980716], [11.016888, 64.976729], [11.041456, 64.989954], [11.069922, 64.982911]]], [[[12.63821, 66.35562010000004], [12.64989, 66.36467], [12.63207, 66.35084010000004], [12.6261599, 66.3829799], [12.63821, 66.35562010000004]]], [[[8.7161271, 63.801826500000026], [8.68307810000004, 63.78248879999998], [8.672650500000033, 63.785233699999985], [8.7161271, 63.801826500000026]]], [[[9.103541, 58.61695010000004], [9.05403779999998, 58.60879329999998], [9.1254731, 58.627697200000014], [9.103541, 58.61695010000004]]], [[[25.84244729999996, 70.76710679999997], [25.85907460000001, 70.76206709999998], [25.804869600000014, 70.758451], [25.84244729999996, 70.76710679999997]]], [[[12.88957, 66.48551], [12.8597, 66.4828001], [12.899750100000041, 66.49397], [12.915180099999969, 66.48943], [12.85899, 66.47613990000004], [12.88957, 66.48551]]], [[[11.059799, 64.882764], [11.026097, 64.858923], [11.041545, 64.872271], [11.01851, 64.870027], [11.059799, 64.882764]]], [[[10.724949, 64.936391], [10.738396, 64.953118], [10.764578, 64.952043], [10.756035, 64.9414], [10.732065, 64.934518], [10.724949, 64.936391]]], [[[8.346569100000044, 63.52709910000004], [8.321675, 63.513559700000044], [8.304009900000041, 63.5101284], [8.346569100000044, 63.52709910000004]]], [[[8.5486084, 63.1436733], [8.496583, 63.14467410000003], [8.555629200000036, 63.14797859999997], [8.5486084, 63.1436733]]], [[[26.8657345, 70.511599], [26.90144010000004, 70.51274430000002], [26.84273190000004, 70.50827709999997], [26.8657345, 70.511599]]], [[[5.015293599999969, 60.744641900000026], [4.980498200000016, 60.75361519999996], [4.97210910000001, 60.76811270000001], [5.015293599999969, 60.744641900000026]]], [[[5.847385399999959, 59.94238440000002], [5.791458400000037, 59.9334883], [5.856010500000041, 59.9540901], [5.847385399999959, 59.94238440000002]]], [[[4.795644, 60.937967400000026], [4.838628, 60.94798], [4.852708, 60.935516], [4.818722, 60.9340319], [4.795644, 60.937967400000026]]], [[[8.680040499999974, 63.800091299999984], [8.62833620000003, 63.7786623], [8.625528200000042, 63.7843042], [8.680040499999974, 63.800091299999984]]], [[[9.820323799999976, 59.03280620000001], [9.819706699999987, 59.010845099999976], [9.802154, 59.029254], [9.820323799999976, 59.03280620000001]]], [[[11.171383, 64.751207], [11.122318, 64.736694], [11.139903, 64.747059], [11.110545, 64.743131], [11.117936, 64.749549], [11.171383, 64.751207]]], [[[12.97529, 66.6483], [12.97085, 66.65156010000003], [13.0323178, 66.65081239999998], [12.97529, 66.6483]]], [[[12.03794, 65.39682010000004], [12.00326, 65.3859], [11.999471, 65.39194269999999], [12.01952, 65.40491], [12.03794, 65.39682010000004]]], [[[16.4901395, 69.03829249999997], [16.480795500000035, 69.05115960000002], [16.516991499999968, 69.04696519999999], [16.4901395, 69.03829249999997]]], [[[4.8201006, 61.13165880000001], [4.805174600000027, 61.12981180000004], [4.793058600000032, 61.14481679999998], [4.8201006, 61.13165880000001]]], [[[10.5134747, 59.377871900000024], [10.537502100000019, 59.38636740000004], [10.53377019999997, 59.36643530000002], [10.5134747, 59.377871900000024]]], [[[9.763141, 63.872783], [9.702361, 63.854674], [9.72009, 63.867888], [9.763141, 63.872783]]], [[[13.91653, 67.42799], [13.85924, 67.40151], [13.85281, 67.39686], [13.856439899999963, 67.4043], [13.91653, 67.42799]]], [[[4.7928886, 61.13852260000002], [4.761494600000015, 61.12613859999997], [4.7606926, 61.13075559999997], [4.787390600000018, 61.13961960000002], [4.776498600000044, 61.14833559999998], [4.7928886, 61.13852260000002]]], [[[12.39428, 66.16806990000005], [12.3530801, 66.1567499], [12.390789900000044, 66.17735], [12.39428, 66.16806990000005]]], [[[11.130721900000019, 59.09812150000001], [11.127954099999982, 59.122138300000046], [11.146056100000013, 59.1181349], [11.130721900000019, 59.09812150000001]]], [[[4.943718, 61.264132], [4.97108549999996, 61.2774979], [4.975282500000032, 61.2638716], [4.943718, 61.264132]]], [[[5.485463699999981, 59.26715319999997], [5.459185200000038, 59.25903049999997], [5.462350199999987, 59.272253800000016], [5.472429699999969, 59.27295629999997], [5.485463699999981, 59.26715319999997]]], [[[13.867899900000037, 67.3870001], [13.892990099999981, 67.40481990000004], [13.92799, 67.4099099], [13.867899900000037, 67.3870001]]], [[[5.393250300000018, 59.07370180000003], [5.417622599999982, 59.0574975], [5.388951300000032, 59.0603079], [5.393250300000018, 59.07370180000003]]], [[[4.640967799999961, 61.29518709999998], [4.63505510000004, 61.282485], [4.621385800000043, 61.27703909999996], [4.612122800000028, 61.2980921], [4.640967799999961, 61.29518709999998]]], [[[10.430926, 59.092952], [10.422282, 59.088439], [10.426064, 59.119628], [10.430926, 59.092952]]], [[[4.982791599999969, 60.32503160000003], [4.9647462, 60.3187043], [4.946256699999973, 60.33078569999998], [4.982791599999969, 60.32503160000003]]], [[[11.737974, 65.139002], [11.719356, 65.129361], [11.697307, 65.121698], [11.683751, 65.122837], [11.713015, 65.138688], [11.737974, 65.139002]]], [[[5.59331439999997, 59.097699099999964], [5.570699, 59.087331699999964], [5.562337500000035, 59.0976245], [5.59331439999997, 59.097699099999964]]], [[[4.717100900000014, 61.1199559], [4.7242939, 61.096574899999986], [4.702733900000021, 61.1134829], [4.717100900000014, 61.1199559]]], [[[14.647870100000016, 67.55777009999998], [14.69326990000004, 67.56452], [14.6491001, 67.56494], [14.663120099999972, 67.56727], [14.71001, 67.5643], [14.647870100000016, 67.55777009999998]]], [[[5.732556099999963, 59.92539920000003], [5.705484, 59.9273052], [5.727635300000044, 59.937540900000016], [5.732556099999963, 59.92539920000003]]], [[[10.930455, 64.548086], [10.892875, 64.55062], [10.889616, 64.55936], [10.930455, 64.548086]]], [[[10.639720800000042, 63.56476249999997], [10.583459, 63.5636658], [10.6255388, 63.58013920000002], [10.609984199999968, 63.58376870000003], [10.64074709999996, 63.58424029999997], [10.624454399999973, 63.57643009999999], [10.639720800000042, 63.56476249999997]]], [[[5.264453899999987, 59.6656738], [5.239677299999967, 59.6661269], [5.2557053, 59.67376380000003], [5.239337700000023, 59.67785250000003], [5.2546458, 59.6867651], [5.264453899999987, 59.6656738]]], [[[9.344577199999971, 63.6499821], [9.332619700000034, 63.63205240000001], [9.312052599999966, 63.6351889], [9.344577199999971, 63.6499821]]], [[[5.020588400000014, 60.222591], [5.008176200000024, 60.21563639999997], [4.9790155, 60.22796130000002], [5.020588400000014, 60.222591]]], [[[5.165323400000043, 61.5759852], [5.145072, 61.57411990000002], [5.102784, 61.577134200000025], [5.165323400000043, 61.5759852]]], [[[6.218938200000034, 62.5518533], [6.2353928, 62.57128410000002], [6.262388200000023, 62.5744387], [6.236768399999958, 62.54973990000002], [6.218938200000034, 62.5518533]]], [[[13.450751099999959, 66.9366687], [13.4164193, 66.92316630000005], [13.406708599999973, 66.928785], [13.450751099999959, 66.9366687]]], [[[5.266243, 59.698167], [5.250192899999972, 59.706054], [5.259475199999985, 59.72007780000003], [5.275003599999971, 59.72293689999998], [5.266243, 59.698167]]], [[[25.302475800000025, 71.14370350000002], [25.344498599999966, 71.14895810000003], [25.352869399999967, 71.13893229999995], [25.302475800000025, 71.14370350000002]]], [[[14.9599675, 68.56418260000002], [14.919283499999981, 68.57095380000001], [14.987823199999962, 68.569488], [14.9599675, 68.56418260000002]]], [[[5.271073400000036, 60.5343544], [5.258349800000039, 60.54303160000004], [5.23026830000004, 60.548872399999965], [5.264982, 60.546556], [5.271073400000036, 60.5343544]]], [[[18.699212300000024, 69.5480046], [18.743942100000034, 69.55342380000003], [18.74995780000004, 69.5498253], [18.699212300000024, 69.5480046]]], [[[17.886527600000047, 69.61892790000003], [17.9147052, 69.62501489999998], [17.931887599999975, 69.61326310000001], [17.923093300000016, 69.60938549999999], [17.886527600000047, 69.61892790000003]]], [[[26.777843900000043, 70.5014599], [26.735786900000026, 70.50002739999995], [26.729435400000035, 70.50558489999997], [26.777843900000043, 70.5014599]]], [[[10.459308, 59.22229], [10.446779, 59.244828], [10.4666219, 59.2240265], [10.459308, 59.22229]]], [[[12.319278500000031, 65.20056849999996], [12.312884100000044, 65.21894289999997], [12.3347959, 65.20541509999997], [12.319278500000031, 65.20056849999996]]], [[[4.870758699999977, 60.836075799999975], [4.896782, 60.81449279999996], [4.855631699999984, 60.83175450000001], [4.870758699999977, 60.836075799999975]]], [[[14.56946, 67.38094], [14.51674, 67.36110990000003], [14.5403, 67.3777899], [14.56946, 67.38094]]], [[[10.745549, 64.50153], [10.699178, 64.500282], [10.698373, 64.506431], [10.745549, 64.50153]]], [[[8.44120030000004, 63.5715826], [8.402332600000028, 63.5677332], [8.44337930000003, 63.574775500000044], [8.44120030000004, 63.5715826]]], [[[10.871533199999984, 59.10998340000003], [10.840416500000028, 59.109047], [10.876607800000016, 59.118157800000034], [10.871533199999984, 59.10998340000003]]], [[[16.353284500000044, 68.20314139999998], [16.382696900000028, 68.20545860000003], [16.32387209999997, 68.1951283], [16.353284500000044, 68.20314139999998]]], [[[6.517462, 62.641665], [6.550828, 62.655177], [6.560302, 62.65016279999996], [6.517462, 62.641665]]], [[[11.055969399999977, 58.98702729999997], [11.03462980000003, 58.9918721], [11.041297200000045, 59.00535830000003], [11.056947399999984, 59.004567399999964], [11.055969399999977, 58.98702729999997]]], [[[5.091098200000021, 59.813782199999984], [5.064510499999985, 59.819872599999954], [5.062994699999978, 59.8268333], [5.091098200000021, 59.813782199999984]]], [[[15.457709899999973, 68.02559009999996], [15.4073, 68.0309599], [15.40328, 68.03545], [15.44562, 68.03584990000003], [15.457709899999973, 68.02559009999996]]], [[[5.164546299999961, 60.24120580000004], [5.197583700000029, 60.2292407], [5.185907800000033, 60.2258121], [5.164546299999961, 60.24120580000004]]], [[[16.539521700000016, 69.05062180000002], [16.521971199999964, 69.06565919999997], [16.5518812, 69.06244570000001], [16.539521700000016, 69.05062180000002]]], [[[6.894917399999988, 58.0769055], [6.879412, 58.05846219999998], [6.846630700000022, 58.0784855], [6.882438800000012, 58.0710938], [6.894917399999988, 58.0769055]]], [[[4.6883612, 61.28931739999997], [4.672159299999977, 61.289691899999966], [4.663446199999987, 61.30258839999997], [4.682463199999964, 61.304914400000044], [4.6883612, 61.28931739999997]]], [[[5.417058600000034, 59.2741664], [5.392149599999984, 59.27565140000003], [5.393528600000041, 59.288171300000045], [5.417058600000034, 59.2741664]]], [[[13.593524200000019, 66.82721829999998], [13.567235899999975, 66.82995820000002], [13.625259099999965, 66.83380780000005], [13.593524200000019, 66.82721829999998]]], [[[7.978105, 63.293848], [8.035623, 63.290668], [8.008843, 63.284345], [7.978105, 63.293848]]], [[[10.81581, 64.986729], [10.812049, 64.984729], [10.793654, 64.980729], [10.787888300000038, 64.98279319999999], [10.777195, 64.978497], [10.76706, 64.980535], [10.81581, 64.986729]]], [[[9.782508, 63.880864], [9.812054, 63.899373], [9.81739, 63.893204], [9.782508, 63.880864]]], [[[10.983118, 64.855153], [10.987949, 64.871717], [11.017998, 64.879243], [11.011463, 64.868331], [10.983118, 64.855153]]], [[[12.56997, 66.38033], [12.580660099999964, 66.37525], [12.57128, 66.36679], [12.547339900000033, 66.3638499], [12.56997, 66.38033]]], [[[5.3150329, 62.04086580000004], [5.297234300000019, 62.055324900000016], [5.3239576, 62.05227269999999], [5.3150329, 62.04086580000004]]], [[[10.658692, 64.468768], [10.652962, 64.481878], [10.684584, 64.47052], [10.681123, 64.467234], [10.658692, 64.468768]]], [[[12.74866619999997, 67.75284380000002], [12.765450400000034, 67.74057989999996], [12.739090800000042, 67.74367269999998], [12.74866619999997, 67.75284380000002]]], [[[7.0248535, 58.026105899999955], [7.002951799999989, 58.014840099999965], [7.003431, 58.0283393], [7.0248535, 58.026105899999955]]], [[[10.828844, 64.584429], [10.799903, 64.578901], [10.776742, 64.579693], [10.807786, 64.590061], [10.828844, 64.584429]]], [[[4.8903494, 60.4976081], [4.877186200000038, 60.49633310000003], [4.890042199999977, 60.50629829999997], [4.868124900000014, 60.51120980000001], [4.891986700000016, 60.51441760000004], [4.8903494, 60.4976081]]], [[[25.276451, 70.9249111], [25.303573499999988, 70.91301430000001], [25.27061460000002, 70.9193003], [25.276451, 70.9249111]]], [[[24.98476510000003, 70.2242259], [25.00879770000004, 70.23374880000003], [25.036950199999964, 70.23479369999997], [25.01291760000004, 70.22399350000005], [24.98476510000003, 70.2242259]]], [[[12.313582099999977, 65.2376461], [12.362269, 65.24998330000001], [12.3726867, 65.24755310000002], [12.313582099999977, 65.2376461]]], [[[5.1049906, 60.1012453], [5.111245399999985, 60.0787093], [5.086575, 60.09529509999999], [5.1049906, 60.1012453]]], [[[27.882704699999984, 70.66637140000002], [27.9371268, 70.67516870000004], [27.94124, 70.67340470000002], [27.92076379999997, 70.66561859999999], [27.882704699999984, 70.66637140000002]]], [[[4.816934, 60.86279], [4.786639, 60.865371], [4.776853, 60.87817], [4.816934, 60.86279]]], [[[4.9803616, 60.57930140000004], [4.941741, 60.57699030000004], [4.9553331, 60.5821735], [4.9803616, 60.57930140000004]]], [[[9.180598799999974, 63.993654700000036], [9.150060800000025, 64.00212980000005], [9.169046800000014, 64.01003789999996], [9.180598799999974, 63.993654700000036]]], [[[12.89289, 66.36278], [12.85594990000003, 66.36611], [12.87356, 66.37274009999999], [12.89289, 66.36278]]], [[[13.944130100000041, 67.42075], [13.97466, 67.43757009999996], [13.9907399, 67.4353699], [13.944130100000041, 67.42075]]], [[[5.1433707, 59.7335097], [5.123040499999986, 59.7290441], [5.1486243, 59.754154700000036], [5.1433707, 59.7335097]]], [[[9.56759869999997, 58.883491], [9.5658804, 58.88176359999998], [9.528377099999986, 58.874283499999954], [9.531579800000035, 58.87874030000003], [9.566416500000031, 58.89348750000004], [9.542813699999964, 58.88163369999998], [9.56759869999997, 58.883491]]], [[[24.9813319, 70.20714330000003], [25.00330460000002, 70.21109560000002], [25.01703750000004, 70.2135364], [24.9813319, 70.20714330000003]]], [[[8.727292500000038, 63.777973600000045], [8.7554316, 63.77741789999999], [8.713459099999964, 63.76704240000003], [8.727292500000038, 63.777973600000045]]], [[[10.705288100000022, 64.54511749999998], [10.662896, 64.547765], [10.71038, 64.551315], [10.705288100000022, 64.54511749999998]]], [[[13.418412200000041, 66.90279789999998], [13.382996800000036, 66.90210150000001], [13.424790700000045, 66.913009], [13.418412200000041, 66.90279789999998]]], [[[10.79808, 64.974665], [10.785379, 64.965353], [10.751576, 64.974707], [10.765777, 64.9794], [10.79808, 64.974665]]], [[[17.406511700000028, 69.1417672], [17.432660100000042, 69.1486556], [17.450771300000035, 69.1450951], [17.441852299999972, 69.13886439999997], [17.406511700000028, 69.1417672]]], [[[4.922520200000035, 60.43735249999996], [4.907744599999985, 60.444911799999964], [4.906269300000043, 60.4559527], [4.9241461, 60.45387509999996], [4.922520200000035, 60.43735249999996]]], [[[10.255973, 64.243445], [10.234138, 64.254758], [10.274656, 64.253387], [10.255973, 64.243445]]], [[[9.500278800000018, 63.64462189999996], [9.551056699999961, 63.6504255], [9.555622299999978, 63.64734940000004], [9.5266856, 63.63711820000003], [9.500278800000018, 63.64462189999996]]], [[[8.266329699999963, 63.5002902], [8.2527133, 63.484460699999964], [8.23627539999998, 63.49624810000004], [8.266329699999963, 63.5002902]]], [[[5.138249500000013, 59.880297200000044], [5.148109, 59.8933584], [5.1616657, 59.87984009999997], [5.138249500000013, 59.880297200000044]]], [[[18.428725199999963, 69.82716390000004], [18.400561, 69.84044430000002], [18.41592759999997, 69.84734440000001], [18.428725199999963, 69.82716390000004]]], [[[10.662692, 64.817385], [10.641054, 64.821974], [10.668677, 64.826782], [10.662692, 64.817385]]], [[[25.16020309999998, 70.2195789], [25.21204480000001, 70.230962], [25.1698161, 70.21562819999997], [25.16020309999998, 70.2195789]]], [[[11.15624860000002, 59.14865250000004], [11.125682, 59.136682], [11.143730499999972, 59.1534932], [11.15624860000002, 59.14865250000004]]], [[[6.3365571, 62.43310290000002], [6.313281600000019, 62.44358009999996], [6.341915499999983, 62.438296300000026], [6.3365571, 62.43310290000002]]], [[[5.607548, 59.09765939999997], [5.578326, 59.09909110000003], [5.564861399999964, 59.10342350000003], [5.600425700000033, 59.10830269999997], [5.607548, 59.09765939999997]]], [[[5.352077200000037, 59.73283509999997], [5.369079700000045, 59.73893930000001], [5.384294, 59.72596670000002], [5.374063, 59.72077680000004], [5.352077200000037, 59.73283509999997]]], [[[8.291789500000023, 63.51326689999998], [8.280334700000024, 63.51507119999996], [8.320159700000017, 63.5240931], [8.315962500000017, 63.51853940000004], [8.291789500000023, 63.51326689999998]]], [[[9.735923, 59.04334], [9.719278300000035, 59.057179699999985], [9.74905020000001, 59.04760219999997], [9.735923, 59.04334]]], [[[28.729825700000045, 70.13254179999996], [28.778378299999986, 70.13808610000004], [28.81525549999997, 70.1344778], [28.748820100000017, 70.12900560000003], [28.729825700000045, 70.13254179999996]]], [[[12.2488199, 66.23758], [12.27777, 66.25152], [12.28924, 66.25108], [12.2488199, 66.23758]]], [[[5.68049770000003, 59.04854249999997], [5.638783400000035, 59.05468489999998], [5.677511400000034, 59.05895120000001], [5.68049770000003, 59.04854249999997]]], [[[8.572099200000038, 63.745858], [8.584900200000044, 63.759067], [8.603163199999985, 63.754387], [8.5907672, 63.752818], [8.572099200000038, 63.745858]]], [[[5.104914199999987, 61.626919800000024], [5.0770292, 61.63252770000004], [5.117908199999976, 61.62569520000004], [5.104914199999987, 61.626919800000024]]], [[[9.4196902, 63.5512298], [9.426425200000011, 63.540541], [9.4014715, 63.54510859999996], [9.4196902, 63.5512298]]], [[[23.67988, 70.9150033], [23.698652400000043, 70.92379920000002], [23.71304459999999, 70.91520789999997], [23.67988, 70.9150033]]], [[[10.105043, 64.2031], [10.112981, 64.196133], [10.070162, 64.196709], [10.105043, 64.2031]]], [[[6.5962552, 62.812668], [6.577165599999967, 62.8265755], [6.599249200000012, 62.82398030000004], [6.5962552, 62.812668]]], [[[7.423802400000023, 63.05043580000004], [7.416132099999983, 63.0353136], [7.399690400000013, 63.036829199999985], [7.3928137, 63.043416500000035], [7.423802400000023, 63.05043580000004]]], [[[12.38769150000001, 66.00174709999996], [12.416359500000041, 66.01396260000001], [12.426232, 66.01132330000004], [12.402123599999971, 65.99873309999998], [12.38769150000001, 66.00174709999996]]], [[[8.3913561, 63.674122799999985], [8.42391, 63.6768539], [8.4375221, 63.675464100000035], [8.3913561, 63.674122799999985]]], [[[5.118657, 60.34406620000004], [5.09501510000001, 60.355234599999974], [5.094593300000016, 60.365377699999975], [5.118657, 60.34406620000004]]], [[[7.2676804, 58.02589339999996], [7.251764400000015, 58.040526400000026], [7.267606400000014, 58.0473994], [7.2676804, 58.02589339999996]]], [[[11.786943900000036, 64.77816280000005], [11.7411928, 64.7887337], [11.797363199999978, 64.7806043], [11.786943900000036, 64.77816280000005]]], [[[6.401905, 62.761532], [6.366954, 62.74642], [6.355047, 62.7485], [6.401905, 62.761532]]], [[[6.930804, 62.679343], [6.882007, 62.668762], [6.870768, 62.670255], [6.930804, 62.679343]]], [[[5.087712500000018, 59.429149], [5.08093, 59.449492], [5.094088, 59.437130299999986], [5.087712500000018, 59.429149]]], [[[11.9239762, 67.46153939999998], [11.94422390000003, 67.45724740000004], [11.925361, 67.45215560000001], [11.9239762, 67.46153939999998]]], [[[10.944587, 59.145408], [10.95201189999997, 59.13009379999997], [10.940517599999989, 59.13081170000004], [10.944587, 59.145408]]], [[[12.495733899999962, 66.13686550000003], [12.474943100000036, 66.14059079999997], [12.51636, 66.14871010000005], [12.495733899999962, 66.13686550000003]]], [[[10.896621600000046, 59.0443241], [10.870059700000013, 59.045487100000024], [10.875472400000042, 59.0560368], [10.896621600000046, 59.0443241]]], [[[9.367588, 63.787622], [9.35779, 63.790204], [9.380517, 63.802935], [9.367588, 63.787622]]], [[[9.063958200000032, 63.504114], [9.114097900000017, 63.52402770000002], [9.109518199999988, 63.51347480000003], [9.063958200000032, 63.504114]]], [[[5.181766, 59.902539], [5.210048099999986, 59.8789055], [5.179065799999959, 59.8986818], [5.181766, 59.902539]]], [[[18.54052510000004, 69.9674111], [18.512549700000026, 69.9655389], [18.5027777, 69.97134159999997], [18.5259472, 69.97864720000003], [18.54052510000004, 69.9674111]]], [[[9.753177, 63.933965], [9.768241, 63.910867], [9.757292, 63.914121], [9.753177, 63.933965]]], [[[4.824204600000014, 60.559779899999974], [4.795798900000014, 60.5522488], [4.825527599999967, 60.56770429999999], [4.824204600000014, 60.559779899999974]]], [[[5.879471199999985, 59.2401723], [5.894759800000026, 59.24161540000002], [5.9012507, 59.237917], [5.8930968, 59.22570509999997], [5.879471199999985, 59.2401723]]], [[[5.082919099999982, 60.438680499999975], [5.088105, 60.45572870000003], [5.1002095, 60.44714540000003], [5.082919099999982, 60.438680499999975]]], [[[12.629939900000032, 65.86984], [12.59357990000003, 65.85085], [12.62345, 65.88253], [12.629939900000032, 65.86984]]], [[[10.549706400000037, 59.855976700000014], [10.524287900000019, 59.8570608], [10.556034699999973, 59.86527640000004], [10.549706400000037, 59.855976700000014]]], [[[10.753792, 64.477386], [10.709888, 64.48174], [10.745609, 64.483878], [10.753792, 64.477386]]], [[[5.195269300000026, 61.135321], [5.166144300000019, 61.146796], [5.195751300000028, 61.146063], [5.195269300000026, 61.135321]]], [[[11.657026, 64.797294], [11.646368, 64.804905], [11.693613, 64.803032], [11.657026, 64.797294]]], [[[5.385647, 60.13972680000003], [5.363591900000019, 60.13850860000004], [5.35196259999997, 60.13585820000004], [5.370432100000032, 60.14505440000003], [5.385647, 60.13972680000003]]], [[[5.294165200000011, 59.6823134], [5.300767200000033, 59.69810640000003], [5.31948219999998, 59.68911730000003], [5.294165200000011, 59.6823134]]], [[[25.095315099999983, 70.23723159999999], [25.10733139999999, 70.2357225], [25.06716259999997, 70.22190249999997], [25.095315099999983, 70.23723159999999]]], [[[10.889755, 64.518425], [10.873033, 64.508406], [10.852913, 64.518126], [10.889755, 64.518425]]], [[[5.793215799999961, 59.233886], [5.8405845, 59.22289039999996], [5.8053816, 59.2241801], [5.793215799999961, 59.233886]]], [[[5.522393699999983, 58.9229555], [5.5048011, 58.90927580000004], [5.492886599999979, 58.918588299999975], [5.522393699999983, 58.9229555]]], [[[5.447753099999963, 62.21977309999998], [5.471723900000013, 62.22228870000003], [5.476282299999967, 62.212166399999965], [5.467887899999967, 62.20927469999998], [5.447753099999963, 62.21977309999998]]], [[[10.69955, 64.821061], [10.724309, 64.823205], [10.734388, 64.82117], [10.711746, 64.814525], [10.69955, 64.821061]]], [[[14.31355, 68.60916990000003], [14.3334, 68.61282009999996], [14.319670099999971, 68.61534], [14.34775, 68.62515], [14.33838989999996, 68.60951990000002], [14.31355, 68.60916990000003]]], [[[8.480838699999959, 63.573925399999965], [8.462545700000023, 63.5875705], [8.4921867, 63.58163189999998], [8.480838699999959, 63.573925399999965]]], [[[4.855323499999974, 61.6335319], [4.836481700000016, 61.62507450000002], [4.843485499999977, 61.63982070000004], [4.855323499999974, 61.6335319]]], [[[7.961329600000044, 63.20192570000004], [8.018733899999985, 63.2084013], [7.9537817, 63.199457099999975], [7.961329600000044, 63.20192570000004]]], [[[8.7871058, 63.805085899999966], [8.8023402, 63.817215500000025], [8.814109, 63.811548299999984], [8.806612499999988, 63.804099], [8.7871058, 63.805085899999966]]], [[[5.131963700000041, 61.613027], [5.122817700000025, 61.61756140000002], [5.179839400000018, 61.61684719999999], [5.131963700000041, 61.613027]]], [[[11.023301, 64.837727], [11.03142, 64.825848], [11.018512, 64.82193], [11.023301, 64.837727]]], [[[13.488718199999973, 66.8792465], [13.4312943, 66.8718741], [13.463324200000027, 66.88055540000003], [13.488718199999973, 66.8792465]]], [[[11.49007879999997, 64.79906309999997], [11.532243600000026, 64.80620550000003], [11.540322500000034, 64.80151479999996], [11.49007879999997, 64.79906309999997]]], [[[13.01321, 66.58151009999996], [12.98836990000003, 66.5786401], [12.98021, 66.56830010000004], [12.98843, 66.5858], [13.01321, 66.58151009999996]]], [[[8.62578890000003, 63.62690110000003], [8.663194200000012, 63.6340253], [8.665468299999967, 63.629563], [8.62578890000003, 63.62690110000003]]], [[[5.2075857, 60.23389750000002], [5.2215921, 60.25035580000003], [5.2224069, 60.2399955], [5.2075857, 60.23389750000002]]], [[[12.273748, 65.45954549999998], [12.3068981, 65.47182210000003], [12.312398, 65.47807580000001], [12.3266076, 65.48362489999995], [12.297822799999981, 65.46321510000003], [12.273748, 65.45954549999998]]], [[[11.990252500000032, 66.03616429999998], [12.0273753, 66.05776849999997], [12.035692800000032, 66.05651689999998], [11.990252500000032, 66.03616429999998]]], [[[6.651710599999982, 62.7771366], [6.628497600000015, 62.78442589999996], [6.659908599999985, 62.78648689999996], [6.651710599999982, 62.7771366]]], [[[8.715771200000043, 63.815014], [8.701224500000015, 63.820148], [8.701622199999969, 63.811916], [8.688400200000034, 63.803704], [8.684920200000045, 63.804464], [8.698601200000033, 63.823931], [8.715771200000043, 63.815014]]], [[[5.4246046, 60.14389090000004], [5.4032342, 60.15127380000001], [5.421510699999986, 60.15483790000003], [5.4246046, 60.14389090000004]]], [[[10.283715500000024, 64.2117883], [10.2363093, 64.2226796], [10.270070900000029, 64.22064619999998], [10.283715500000024, 64.2117883]]], [[[11.301123, 64.895859], [11.3228685, 64.8976771], [11.290858, 64.881434], [11.301123, 64.895859]]], [[[8.403464100000035, 62.90088819999998], [8.3878901, 62.91893360000004], [8.41307550000001, 62.90203840000002], [8.403464100000035, 62.90088819999998]]], [[[5.1096235, 59.8968998], [5.096507500000035, 59.907286700000014], [5.120878200000044, 59.90282929999998], [5.1096235, 59.8968998]]], [[[5.683836300000044, 59.93380709999999], [5.685566400000019, 59.90598929999996], [5.675031099999982, 59.9273902], [5.683836300000044, 59.93380709999999]]], [[[5.164179, 61.886076], [5.114445, 61.888385], [5.145106, 61.892517], [5.164179, 61.886076]]], [[[5.037603099999965, 60.1755529], [5.048089400000032, 60.16748520000002], [5.030086, 60.162149300000046], [5.037603099999965, 60.1755529]]], [[[5.817250300000042, 59.03960289999998], [5.823557900000042, 59.05377720000001], [5.835141899999984, 59.03954470000004], [5.817250300000042, 59.03960289999998]]], [[[5.101970100000019, 60.06551849999998], [5.081860499999967, 60.05956150000004], [5.079121, 60.06937339999999], [5.101970100000019, 60.06551849999998]]], [[[10.409393, 64.369945], [10.426128, 64.362365], [10.390248, 64.359257], [10.409393, 64.369945]]], [[[12.15770650000001, 66.00666740000001], [12.137879399999974, 66.008846], [12.170366100000042, 66.0149982], [12.15770650000001, 66.00666740000001]]], [[[8.35910590000004, 63.531686299999976], [8.38805069999997, 63.54174950000003], [8.3934504, 63.5390784], [8.35910590000004, 63.531686299999976]]], [[[12.08031, 65.69169989999997], [12.03617, 65.67856990000001], [12.06131, 65.69491990000003], [12.08031, 65.69169989999997]]], [[[5.876678799999956, 58.4415506], [5.869249499999961, 58.444859899999976], [5.887316, 58.44504029999998], [5.876678799999956, 58.4415506]]], [[[7.6126504, 57.98403339999999], [7.6040004, 57.9895714], [7.568861400000037, 57.99430240000002], [7.597024400000029, 57.99538340000002], [7.6126504, 57.98403339999999]]], [[[13.13739, 66.74275989999997], [13.15283, 66.75252990000001], [13.1684401, 66.7517], [13.168149899999971, 66.74683010000003], [13.13739, 66.74275989999997]]], [[[6.521453, 62.800165], [6.518189, 62.799084], [6.51095819999996, 62.8003854], [6.480447200000027, 62.792345899999965], [6.4893694, 62.80314250000004], [6.521453, 62.800165]]], [[[10.107896099999959, 59.01094440000002], [10.082621300000017, 59.00996550000003], [10.1047321, 59.02068119999998], [10.107896099999959, 59.01094440000002]]], [[[9.1022048, 63.982733500000045], [9.12492680000001, 63.98527349999997], [9.127523800000036, 63.98015539999998], [9.116722800000042, 63.97313130000003], [9.1022048, 63.982733500000045]]], [[[9.780425, 59.023499], [9.762596, 59.025397], [9.766442, 59.030877], [9.780425, 59.023499]]], [[[4.880516, 60.939979], [4.851173, 60.946528], [4.868133, 60.948598], [4.880516, 60.939979]]], [[[4.878512800000022, 61.19940440000001], [4.860672100000029, 61.2041716], [4.855496800000013, 61.219449300000036], [4.878512800000022, 61.19940440000001]]], [[[5.310540199999968, 61.359628299999954], [5.324747199999956, 61.364249400000034], [5.351949200000016, 61.36429340000004], [5.348326799999969, 61.358733299999976], [5.3110742, 61.35603530000003], [5.310540199999968, 61.359628299999954]]], [[[10.8311704, 64.61071629999998], [10.807921299999968, 64.60076949999997], [10.784121, 64.592395], [10.8311704, 64.61071629999998]]], [[[4.91729479999996, 60.96009770000003], [4.903274799999989, 60.9457067], [4.8953538, 60.9629667], [4.91729479999996, 60.96009770000003]]], [[[5.552139600000027, 60.0702247], [5.587531799999978, 60.0751348], [5.576333299999957, 60.069751800000034], [5.552139600000027, 60.0702247]]], [[[9.038871899999966, 63.46277389999998], [9.054750299999958, 63.4646719], [9.066217900000039, 63.45838620000003], [9.049754300000034, 63.453722599999985], [9.038871899999966, 63.46277389999998]]], [[[5.391213599999988, 60.16296749999997], [5.3821582, 60.1487713], [5.374611200000045, 60.16576939999999], [5.391213599999988, 60.16296749999997]]], [[[6.257241399999968, 62.547959], [6.257776800000036, 62.564045], [6.271318699999972, 62.55731940000001], [6.257241399999968, 62.547959]]], [[[12.02753, 65.45342989999997], [12.05143, 65.45979], [12.061269900000028, 65.46535], [12.049690099999989, 65.45336], [12.02753, 65.45342989999997]]], [[[5.752288, 59.681869], [5.739271, 59.668186], [5.721178, 59.682262], [5.736833400000018, 59.6779927], [5.752288, 59.681869]]], [[[9.166351400000018, 63.66427909999997], [9.14485089999999, 63.66307679999997], [9.141393900000038, 63.6695931], [9.154549, 63.674704100000035], [9.166351400000018, 63.66427909999997]]], [[[5.27446, 61.837458], [5.288393, 61.850024], [5.291024, 61.845373], [5.27446, 61.837458]]], [[[8.64208, 63.864510800000026], [8.663437499999981, 63.8582586], [8.6423379, 63.86183089999998], [8.64208, 63.864510800000026]]], [[[9.852647, 64.01245], [9.874543, 64.013599], [9.867524, 64.00341], [9.852647, 64.01245]]], [[[7.9523518, 63.088231399999984], [7.978344600000019, 63.102228], [7.980271600000032, 63.09348240000004], [7.9523518, 63.088231399999984]]], [[[5.20468159999996, 60.143243799999965], [5.211289, 60.1551306], [5.216736499999962, 60.14230349999997], [5.20468159999996, 60.143243799999965]]], [[[5.589459300000032, 60.6861728], [5.604804499999959, 60.678972], [5.602570799999972, 60.671373600000045], [5.589459300000032, 60.6861728]]], [[[9.380034299999963, 63.59026449999997], [9.399113400000015, 63.58662019999998], [9.378383, 63.5844307], [9.380034299999963, 63.59026449999997]]], [[[4.877026200000033, 60.70544729999997], [4.864503799999985, 60.71354], [4.901399800000016, 60.704601], [4.877026200000033, 60.70544729999997]]], [[[4.683408899999963, 61.09325090000003], [4.6955609, 61.1079429], [4.705896899999983, 61.103461899999964], [4.683408899999963, 61.09325090000003]]], [[[6.915280699999981, 58.04275160000002], [6.926519699999977, 58.04970169999998], [6.933788700000031, 58.039980599999986], [6.915280699999981, 58.04275160000002]]], [[[5.679544500000032, 59.27489230000001], [5.665131, 59.272431], [5.675733800000037, 59.28544929999998], [5.679544500000032, 59.27489230000001]]], [[[10.458514, 59.197853], [10.476313, 59.205588], [10.469638, 59.195424], [10.458514, 59.197853]]], [[[4.9897425, 60.317615499999974], [4.974973599999965, 60.30527169999996], [4.971184900000013, 60.313919699999985], [4.9897425, 60.317615499999974]]], [[[4.7944354, 60.675031800000035], [4.811459199999989, 60.6672799], [4.807058799999963, 60.66120140000003], [4.803954599999981, 60.661835900000035], [4.792210500000026, 60.658993400000035], [4.7944354, 60.675031800000035]]], [[[4.840248600000029, 60.788675800000014], [4.822887700000033, 60.787588800000044], [4.808739700000041, 60.80304679999998], [4.840248600000029, 60.788675800000014]]], [[[4.9688576, 60.450182200000036], [4.951652700000041, 60.44962270000001], [4.951825699999967, 60.45373339999996], [4.9688576, 60.450182200000036]]], [[[10.474167, 59.080437], [10.46365, 59.072876], [10.457517, 59.086512], [10.474167, 59.080437]]], [[[5.803565800000031, 59.0892622], [5.82000690000004, 59.084517], [5.827672, 59.079438500000045], [5.81115270000001, 59.07809569999996], [5.803565800000031, 59.0892622]]], [[[5.929985, 59.172748], [5.943009, 59.15888], [5.930293, 59.167619], [5.929985, 59.172748]]], [[[7.408777799999976, 62.6654942], [7.4336467, 62.677303500000015], [7.443943, 62.67327080000003], [7.408777799999976, 62.6654942]]], [[[7.764685700000017, 63.01924489999998], [7.746609499999989, 63.0192108], [7.786773499999965, 63.02061620000002], [7.764685700000017, 63.01924489999998]]], [[[8.298754, 58.185128], [8.290621, 58.167676], [8.284133, 58.177111], [8.298754, 58.185128]]], [[[5.209472300000039, 59.9327], [5.195224300000033, 59.924915300000045], [5.184112299999976, 59.93721020000001], [5.209472300000039, 59.9327]]], [[[5.981977, 59.165418], [5.990807, 59.160861], [5.961165, 59.164101], [5.981977, 59.165418]]], [[[5.96292920000001, 59.32967080000003], [5.95445990000003, 59.339202100000044], [5.983603900000011, 59.33899680000002], [5.96292920000001, 59.32967080000003]]], [[[8.723789, 58.406385], [8.7315214, 58.421654899999965], [8.74191390000003, 58.41215919999997], [8.723789, 58.406385]]], [[[5.197447300000023, 62.00741719999997], [5.184620500000014, 62.01880630000004], [5.20941530000003, 62.01903570000001], [5.197447300000023, 62.00741719999997]]], [[[5.228781899999978, 60.79411889999998], [5.212504899999958, 60.78593990000004], [5.2110819, 60.79569090000002], [5.228781899999978, 60.79411889999998]]], [[[8.471457, 58.2561], [8.4419673, 58.25253919999999], [8.437861, 58.261588], [8.471457, 58.2561]]], [[[10.417179, 64.372044], [10.455701, 64.374481], [10.457805, 64.3696], [10.432912, 64.367926], [10.417179, 64.372044]]], [[[4.816055, 60.948926], [4.788905, 60.952744], [4.826419, 60.955312], [4.816055, 60.948926]]], [[[9.753440099999967, 59.02349879999996], [9.74033, 59.040372], [9.766113, 59.030839], [9.753440099999967, 59.02349879999996]]], [[[8.14232, 63.467851], [8.129796, 63.465985], [8.099334, 63.470913], [8.118381, 63.474612], [8.14232, 63.467851]]], [[[5.2593252, 59.93528550000001], [5.249703900000013, 59.9264132], [5.244686900000039, 59.93832140000003], [5.2593252, 59.93528550000001]]], [[[8.490944, 58.251827], [8.516266, 58.24655], [8.495872, 58.246727], [8.490944, 58.251827]]], [[[8.395020699999977, 58.2293905], [8.379587799999987, 58.23910650000003], [8.396271, 58.236568], [8.395020699999977, 58.2293905]]], [[[6.553497, 62.514838], [6.579763, 62.515296], [6.593028, 62.512198], [6.574007, 62.507773], [6.553497, 62.514838]]], [[[5.149337899999983, 60.2899304], [5.157329, 60.301389], [5.167322399999973, 60.30032439999998], [5.167284799999971, 60.292096399999984], [5.149337899999983, 60.2899304]]], [[[10.361879100000039, 59.10861780000002], [10.36123539999998, 59.128045599999965], [10.366299400000024, 59.12282630000004], [10.361879100000039, 59.10861780000002]]], [[[8.328051, 58.186566], [8.306386, 58.179026], [8.299436, 58.187436], [8.328051, 58.186566]]], [[[10.5602967, 59.20758480000002], [10.547278, 59.218586], [10.564812100000044, 59.21153779999998], [10.5602967, 59.20758480000002]]], [[[5.073422800000026, 60.48249610000001], [5.061669099999987, 60.474818900000024], [5.060174, 60.488067], [5.073422800000026, 60.48249610000001]]], [[[9.017596900000035, 58.600689], [9.03472639999998, 58.61016189999998], [9.0401465, 58.607244299999984], [9.017596900000035, 58.600689]]], [[[6.515147, 58.219199], [6.50364, 58.23101], [6.524918, 58.230919], [6.515147, 58.219199]]], [[[5.196791600000038, 59.9013717], [5.1702682, 59.90792909999997], [5.1681299, 59.91505379999998], [5.17853659999996, 59.91742159999996], [5.196791600000038, 59.9013717]]], [[[5.0830804, 59.850541499999984], [5.061693100000019, 59.84782889999999], [5.059353399999965, 59.85394949999997], [5.0830804, 59.850541499999984]]], [[[5.183325, 60.056066599999966], [5.177314800000032, 60.0685587], [5.195093599999966, 60.078862299999955], [5.183325, 60.056066599999966]]], [[[5.4413385, 60.07514079999997], [5.4268394, 60.065443], [5.426935400000032, 60.08183709999998], [5.43756839999998, 60.07873540000003], [5.4413385, 60.07514079999997]]], [[[5.096425299999984, 60.694929599999966], [5.05276640000003, 60.71468119999997], [5.080267499999968, 60.7083311], [5.096425299999984, 60.694929599999966]]]]}}]}