{"type": "FeatureCollection", "bbox": [25.6654487, 35.8076804, 44.8176638, 42.1048008], "features": [{"type": "Feature", "properties": {"iso3": "TUR", "source": "geoBoundaries", "territoryExtent": "full"}, "geometry": {"type": "MultiPolygon", "coordinates": [[[[26.4376679, 38.1881071], [26.4394811, 38.1832507], [26.4374628, 38.1833878], [26.4376679, 38.1881071]]], [[[26.4322042, 38.1985386], [26.4334468, 38.1934553], [26.4280736, 38.1950374], [26.4322042, 38.1985386]]], [[[26.4478984, 38.1965386], [26.4423656, 38.1998259], [26.4523112, 38.2009752], [26.4478984, 38.1965386]]], [[[26.210581, 38.2907216], [26.2080749, 38.2948636], [26.209164, 38.2979132], [26.210581, 38.2907216]]], [[[26.6792613, 38.3302703], [26.6742223, 38.3322164], [26.6780681, 38.3337719], [26.6792613, 38.3302703]]], [[[26.4460997, 38.3644553], [26.4541159, 38.3683236], [26.4579187, 38.3626426], [26.4528343, 38.3597527], [26.4460997, 38.3644553]]], [[[26.4664837, 38.3758638], [26.4615557, 38.3743872], [26.4658795, 38.3821321], [26.4664837, 38.3758638]]], [[[26.4479929, 38.3879208], [26.448798, 38.39015], [26.44995, 38.3861871], [26.4479929, 38.3879208]]], [[[26.4491929, 38.3952822], [26.4482125, 38.39167], [26.446922, 38.3915058], [26.4491929, 38.3952822]]], [[[26.4651843, 38.3871317], [26.4643348, 38.4023706], [26.4680804, 38.3910356], [26.4651843, 38.3871317]]], [[[26.4928476, 38.4048496], [26.4900817, 38.4035097], [26.4903332, 38.4055129], [26.4928476, 38.4048496]]], [[[26.3155107, 38.4167893], [26.3117599, 38.4148369], [26.3086112, 38.4175991], [26.3099407, 38.4187662], [26.3155107, 38.4167893]]], [[[26.3105831, 38.4193908], [26.308794, 38.4200786], [26.3076913, 38.4235482], [26.3105831, 38.4193908]]], [[[26.3430566, 38.4213686], [26.3436003, 38.4234428], [26.3447138, 38.4217697], [26.3430566, 38.4213686]]], [[[26.3860641, 38.433378], [26.3883416, 38.4223683], [26.3729267, 38.4273294], [26.3746765, 38.432486], [26.3841754, 38.4357495], [26.3883138, 38.4332475], [26.3860641, 38.433378]]], [[[26.3675722, 38.4364785], [26.3734255, 38.4349048], [26.368099, 38.4274863], [26.3674603, 38.4284878], [26.3675722, 38.4364785]]], [[[26.3502255, 38.4546669], [26.3598325, 38.4563484], [26.3595727, 38.4492083], [26.3626922, 38.4473427], [26.3605239, 38.439861], [26.357817, 38.4409964], [26.3585406, 38.4350367], [26.3555853, 38.4340247], [26.3579849, 38.429126], [26.3540397, 38.4254371], [26.3492738, 38.4276772], [26.3509474, 38.4324073], [26.3459722, 38.4276012], [26.3404238, 38.4301355], [26.3388, 38.4233855], [26.335162, 38.4290161], [26.3350596, 38.423117], [26.3323748, 38.422532], [26.3275304, 38.4276785], [26.3297294, 38.4339904], [26.3254188, 38.4406689], [26.343298, 38.447393], [26.3502255, 38.4546669]]], [[[26.7278993, 38.5315111], [26.7281593, 38.5218631], [26.7344347, 38.5149578], [26.7307936, 38.5110781], [26.7308272, 38.496746], [26.7354058, 38.492557], [26.7447873, 38.4925765], [26.7408946, 38.4898973], [26.7492841, 38.4812486], [26.7417455, 38.4590301], [26.7210989, 38.4609352], [26.7283558, 38.4702695], [26.7260445, 38.473176], [26.7235358, 38.4716126], [26.7052835, 38.4790707], [26.7019457, 38.4749597], [26.6951124, 38.4788944], [26.6929201, 38.4959664], [26.6953682, 38.519906], [26.7028181, 38.5219342], [26.7018701, 38.5322516], [26.7066689, 38.5363663], [26.6977257, 38.5471606], [26.704345, 38.5410123], [26.705214, 38.5433692], [26.7147613, 38.5414466], [26.7211205, 38.5336375], [26.7278993, 38.5315111]]], [[[26.5109665, 38.6586893], [26.5186147, 38.6633418], [26.5197701, 38.6587297], [26.5109665, 38.6586893]]], [[[26.7252377, 38.6767263], [26.7294386, 38.6729626], [26.7272553, 38.6709366], [26.7238033, 38.6750363], [26.7252377, 38.6767263]]], [[[26.7122492, 38.6739092], [26.7140025, 38.6769803], [26.718362, 38.677724], [26.7181951, 38.67636], [26.7122492, 38.6739092]]], [[[26.7081051, 38.7025513], [26.7177278, 38.6930626], [26.7245811, 38.6930635], [26.7218933, 38.6866014], [26.7271451, 38.6837798], [26.7235378, 38.6837346], [26.7100575, 38.6930847], [26.7081051, 38.7025513]]], [[[26.7337833, 38.7321809], [26.7325136, 38.7325409], [26.7335527, 38.7340681], [26.7337833, 38.7321809]]], [[[26.7224041, 39.2231569], [26.7207355, 39.2261533], [26.728067, 39.2221483], [26.7224041, 39.2231569]]], [[[26.593834, 39.298395], [26.591333, 39.302239], [26.600252, 39.303297], [26.60045, 39.297391], [26.595854, 39.291982], [26.603172, 39.283533], [26.590781, 39.28349], [26.587509, 39.277956], [26.576769, 39.278046], [26.592214, 39.29274], [26.593834, 39.298395]]], [[[26.5296883, 39.3220181], [26.529397, 39.32088], [26.5253013, 39.3214549], [26.5296883, 39.3220181]]], [[[26.6595741, 39.324445], [26.6585044, 39.3232501], [26.6566118, 39.3242067], [26.6595741, 39.324445]]], [[[26.5307271, 39.32538], [26.531312, 39.331289], [26.5390091, 39.3316069], [26.5430128, 39.3255365], [26.5371912, 39.322183], [26.5307271, 39.32538]]], [[[26.6130854, 39.3359458], [26.6010782, 39.3335075], [26.5958397, 39.3366193], [26.6025571, 39.3427635], [26.6102887, 39.3402898], [26.6130854, 39.3359458]]], [[[26.573302, 39.3352289], [26.5774548, 39.3445536], [26.5796033, 39.3395032], [26.5755951, 39.3346036], [26.573302, 39.3352289]]], [[[26.6952354, 39.3491736], [26.6987148, 39.3421576], [26.6834625, 39.345394], [26.6834379, 39.3467238], [26.6952354, 39.3491736]]], [[[26.5915361, 39.3459687], [26.5860102, 39.3436812], [26.5864145, 39.349245], [26.5995582, 39.3489015], [26.6016354, 39.3442377], [26.5915361, 39.3459687]]], [[[26.6639587, 39.3514171], [26.6676455, 39.3537075], [26.6734488, 39.3540488], [26.6639587, 39.3514171]]], [[[26.6755115, 39.341044], [26.6754902, 39.3435601], [26.6840374, 39.3438276], [26.6833327, 39.3383708], [26.6908419, 39.3333636], [26.6691691, 39.329379], [26.6554409, 39.3319889], [26.6481077, 39.3254461], [26.622817, 39.3268111], [26.623076, 39.330852], [26.6133501, 39.3395871], [26.6156811, 39.3536507], [26.6082932, 39.351861], [26.6112259, 39.3575185], [26.6237574, 39.3568742], [26.6206843, 39.3647569], [26.6136364, 39.3697314], [26.6180686, 39.3733946], [26.617186, 39.380139], [26.5987166, 39.3864288], [26.614618, 39.395796], [26.6169549, 39.3932969], [26.6294829, 39.3947178], [26.6292447, 39.3885122], [26.6366606, 39.3909014], [26.6399758, 39.3878868], [26.6456326, 39.3888869], [26.6432417, 39.3855912], [26.645608, 39.3836004], [26.6702668, 39.3899042], [26.6640943, 39.386358], [26.6682106, 39.3832813], [26.6629871, 39.381565], [26.6612698, 39.3754969], [26.6222569, 39.3802063], [26.6233501, 39.3698403], [26.6328021, 39.3575854], [26.64467925, 39.363153612], [26.6534264, 39.3633706], [26.6565992, 39.358717], [26.6518971, 39.353947], [26.6595702, 39.3434322], [26.6641548, 39.3392492], [26.6755115, 39.341044]]], [[[26.6938119, 39.3709986], [26.6984425, 39.3706964], [26.6963353, 39.36778], [26.6938119, 39.3709986]]], [[[26.706027, 39.382066], [26.7095349, 39.379354], [26.70747, 39.3730284], [26.7028472, 39.3747692], [26.706027, 39.382066]]], [[[26.7272456, 39.3774338], [26.7252235, 39.3786882], [26.7276195, 39.3788261], [26.7272456, 39.3774338]]], [[[26.5706685, 39.3786077], [26.568352, 39.384334], [26.5715974, 39.3850838], [26.574984, 39.382047], [26.5706685, 39.3786077]]], [[[26.5931077, 39.3701318], [26.5887532, 39.3681883], [26.5844361, 39.3718554], [26.5893443, 39.3756784], [26.5763907, 39.3827929], [26.576282, 39.3906106], [26.5805871, 39.3919543], [26.5845579, 39.3866631], [26.589301, 39.3971031], [26.6025724, 39.3950797], [26.5942674, 39.3853422], [26.5956516, 39.3772863], [26.5919106, 39.3777374], [26.5909529, 39.3733303], [26.5931077, 39.3701318]]], [[[26.7120572, 39.4099622], [26.711054, 39.406604], [26.706402, 39.4057291], [26.70658, 39.408005], [26.7120572, 39.4099622]]], [[[26.0748638, 39.834259], [26.0746134, 39.8284762], [26.0776132, 39.8285525], [26.0800858, 39.8215182], [26.0740017, 39.8210625], [26.0767617, 39.8158211], [26.0735442, 39.8131421], [26.079748, 39.8067159], [26.077968, 39.802549], [26.0830233, 39.800997], [26.0732698, 39.793253], [26.067156, 39.793545], [26.0667964, 39.7900381], [26.0618755, 39.7914955], [26.0612213, 39.7874442], [26.0604702, 39.7913047], [26.0528368, 39.7872803], [26.0456509, 39.7966111], [26.024732, 39.804109], [26.0212907, 39.8081462], [26.0033462, 39.8127033], [26.0042455, 39.8165501], [25.9955996, 39.8208523], [25.990512, 39.822048], [25.9842255, 39.8181196], [25.974862, 39.821911], [25.9623599, 39.8386543], [25.9941364, 39.8415478], [25.9984597, 39.8447428], [26.0379657, 39.841538], [26.0513358, 39.8470982], [26.070587, 39.8397494], [26.070224, 39.8369559], [26.0738278, 39.8368636], [26.0767596, 39.8355927], [26.0719744, 39.8343117], [26.0748638, 39.834259]]], [[[26.095814, 39.842047], [26.095494, 39.841017], [26.094485, 39.84178], [26.095814, 39.842047]]], [[[26.0862359, 39.9202687], [26.0838968, 39.9175445], [26.0819995, 39.918395], [26.0862359, 39.9202687]]], [[[26.0773879, 39.9184678], [26.073083, 39.9181315], [26.0741649, 39.9198742], [26.0773879, 39.9184678]]], [[[26.0583468, 39.9358192], [26.060374, 39.9403029], [26.0739842, 39.9362643], [26.0794248, 39.9378319], [26.0686476, 39.9315942], [26.0583468, 39.9358192]]], [[[25.7928515, 40.2128155], [25.7983845, 40.2109316], [25.8242767, 40.2141016], [25.8423622, 40.210714], [25.852346, 40.218756], [25.8815386, 40.2306341], [25.8920138, 40.2297506], [25.8945527, 40.2316662], [25.892224, 40.2332204], [25.8978107, 40.2355248], [25.9140661, 40.2352434], [25.9279066, 40.2402496], [25.9392668, 40.2356289], [25.9455763, 40.2404396], [25.9490421, 40.2320133], [25.9554272, 40.2288028], [25.9490347, 40.2316797], [25.9476198, 40.2342626], [25.945814, 40.2338807], [25.9482652, 40.2262007], [25.9517173, 40.227813], [25.9533454, 40.2226403], [25.9703176, 40.2221749], [25.9763626, 40.2163914], [25.972984, 40.2104105], [25.9750151, 40.1883595], [25.9680434, 40.1808563], [25.973454, 40.172521], [25.9643711, 40.1642605], [25.964314, 40.157291], [25.969379, 40.154255], [25.9654421, 40.1513858], [25.966616, 40.148966], [25.9874335, 40.1438268], [25.991979, 40.153426], [26.006853, 40.154582], [26.0114447, 40.1629245], [26.0142657, 40.147967], [25.9980232, 40.1390538], [25.995292, 40.1331568], [25.977933, 40.130579], [25.972993, 40.1254], [25.957637, 40.123465], [25.937658, 40.1279132], [25.8587127, 40.1091774], [25.8531459, 40.1038942], [25.8381641, 40.0999949], [25.7994884, 40.1046537], [25.7926089, 40.0963693], [25.764173, 40.1002824], [25.7582302, 40.0987921], [25.7578136, 40.095549], [25.749751, 40.0969128], [25.7384842, 40.0914057], [25.730643, 40.093854], [25.7250195, 40.1068752], [25.7121571, 40.1105077], [25.7056961, 40.1164268], [25.6990688, 40.1149272], [25.7006414, 40.117062], [25.697412, 40.1188583], [25.6654487, 40.1249626], [25.6699511, 40.1417321], [25.667811, 40.1474654], [25.6711484, 40.1533394], [25.6904683, 40.1602217], [25.6999187, 40.1698498], [25.720751, 40.181173], [25.7496077, 40.1911197], [25.7928515, 40.2128155]]], [[[27.1989841, 36.9928029], [27.1967178, 36.9921018], [27.1970955, 36.9934001], [27.1989841, 36.9928029]]], [[[27.1802022, 37.005454], [27.1828842, 37.005456], [27.1814941, 37.0045144], [27.1802022, 37.005454]]], [[[27.2033899, 37.046502], [27.200844, 37.046913], [27.1987798, 37.0497487], [27.204379, 37.050633], [27.2033899, 37.046502]]], [[[27.1510933, 37.0501389], [27.1503469, 37.0493975], [27.1494671, 37.0502579], [27.1510933, 37.0501389]]], [[[27.2138861, 37.089086], [27.214366, 37.0846083], [27.2076333, 37.0805863], [27.2050026, 37.0831508], [27.2089163, 37.0890528], [27.2138861, 37.089086]]], [[[27.18719, 37.488417], [27.18916, 37.502543], [27.190757, 37.496632], [27.18719, 37.488417]]], [[[27.188887, 37.522324], [27.187699, 37.498692], [27.180718, 37.478152], [27.186138, 37.519503], [27.187262, 37.517189], [27.188887, 37.522324]]], [[[27.194338, 37.509985], [27.192724, 37.509217], [27.192084, 37.511016], [27.194338, 37.509985]]], [[[27.184081, 37.535176], [27.185685, 37.531577], [27.18778, 37.531317], [27.189212, 37.523351], [27.184081, 37.535176]]], [[[27.186653, 37.531833], [27.192153, 37.537989], [27.195055, 37.53747], [27.192797, 37.537474], [27.186653, 37.531833]]], [[[27.185108, 37.559065], [27.184138, 37.558553], [27.182851, 37.559839], [27.185108, 37.559065]]], [[[27.160317, 37.585432], [27.175109, 37.561135], [27.170275, 37.563968], [27.171061, 37.554976], [27.166358, 37.543937], [27.169463, 37.561914], [27.160317, 37.585432]]], [[[27.159998, 37.587102], [27.159028, 37.586333], [27.158387, 37.588389], [27.159998, 37.587102]]], [[[27.155807, 37.589677], [27.140824, 37.605109], [27.139063, 37.612817], [27.143565, 37.60305], [27.155807, 37.589677]]], [[[27.199742, 37.601427], [27.201035, 37.601939], [27.198778, 37.603227], [27.199742, 37.601427]]], [[[27.199106, 37.605025], [27.199425, 37.60374], [27.198135, 37.604256], [27.199106, 37.605025]]], [[[27.0060533, 37.6532511], [27.0024046, 37.6489443], [26.9998772, 37.6495342], [27.001324, 37.6520044], [27.0060533, 37.6532511]]], [[[27.0114907, 37.6524473], [27.0090433, 37.6530331], [27.0155887, 37.654533], [27.0114907, 37.6524473]]], [[[27.0158492, 37.6916092], [27.0169172, 37.6929213], [27.01734, 37.690862], [27.0158492, 37.6916092]]], [[[27.0829401, 38.0142152], [27.0825764, 38.0132816], [27.0813718, 38.0133073], [27.0829401, 38.0142152]]], [[[26.8846817, 38.0223624], [26.8819492, 38.0204913], [26.8803173, 38.0210344], [26.8810684, 38.0238154], [26.8846817, 38.0223624]]], [[[26.8663266, 38.0285], [26.8643079, 38.029047], [26.8669269, 38.0314514], [26.8663266, 38.0285]]], [[[26.8300532, 38.1268139], [26.8320073, 38.1241071], [26.8299825, 38.1242371], [26.8300532, 38.1268139]]], [[[26.8054377, 38.1639857], [26.8007032, 38.1580105], [26.80143, 38.161704], [26.8054377, 38.1639857]]], [[[26.76894, 38.2007556], [26.7716121, 38.1992344], [26.7701464, 38.1982532], [26.76894, 38.2007556]]], [[[26.7857252, 38.3768266], [26.7919241, 38.3752488], [26.7830935, 38.3671692], [26.7857252, 38.3768266]]], [[[26.7893824, 38.3998452], [26.7917554, 38.3961461], [26.7855848, 38.3931379], [26.7839523, 38.3948496], [26.7893824, 38.3998452]]], [[[26.7552131, 38.3979791], [26.7495158, 38.4000099], [26.7538367, 38.4005181], [26.7552131, 38.3979791]]], [[[26.7703367, 38.4044971], [26.7683281, 38.4104333], [26.7734232, 38.4088593], [26.7703367, 38.4044971]]], [[[26.7988923, 38.4071057], [26.793507, 38.4067805], [26.7921533, 38.4100416], [26.7957575, 38.415427], [26.7988923, 38.4071057]]], [[[26.7854676, 38.4155249], [26.781567, 38.4155178], [26.780973, 38.4175762], [26.7822161, 38.4184974], [26.7854676, 38.4155249]]], [[[26.9766287, 38.4448253], [26.9754914, 38.4430527], [26.9749657, 38.4448925], [26.9766287, 38.4448253]]], [[[26.7757274, 38.4407372], [26.7641055, 38.4354828], [26.7607934, 38.4381626], [26.7581688, 38.4415647], [26.7598459, 38.4537204], [26.7710317, 38.4543442], [26.7757274, 38.4407372]]], [[[27.032674, 38.4626618], [27.031571, 38.464663], [27.036708, 38.4636766], [27.032674, 38.4626618]]], [[[26.8765343, 38.8519209], [26.8831003, 38.8558843], [26.887265, 38.854137], [26.8862678, 38.8469383], [26.8765974, 38.8479968], [26.8765343, 38.8519209]]], [[[26.8940467, 38.8663098], [26.892492, 38.8623734], [26.8915491, 38.8642914], [26.8940467, 38.8663098]]], [[[27.0335554, 38.8796224], [27.032083, 38.879199], [27.0326668, 38.8807257], [27.0335554, 38.8796224]]], [[[26.9117893, 38.8911344], [26.9100657, 38.889496], [26.909519, 38.8905565], [26.9117893, 38.8911344]]], [[[26.8386241, 38.9015051], [26.8329385, 38.9046777], [26.8328303, 38.9087962], [26.8388986, 38.9038507], [26.8386241, 38.9015051]]], [[[26.8219115, 38.9114784], [26.8066837, 38.9175894], [26.8111939, 38.9186059], [26.8094953, 38.9222054], [26.812443, 38.9230983], [26.8073844, 38.923907], [26.8076022, 38.9262629], [26.8252462, 38.9225263], [26.8219115, 38.9114784]]], [[[26.8075145, 38.9212403], [26.8047893, 38.9209664], [26.8060917, 38.9216023], [26.8075145, 38.9212403]]], [[[27.0241492, 38.9222876], [27.0221767, 38.9236796], [27.0279879, 38.9199947], [27.0213982, 38.9220992], [27.0241492, 38.9222876]]], [[[26.7987485, 39.0109982], [26.795445, 38.9966128], [26.7915033, 38.9972907], [26.7927525, 39.0081493], [26.7987485, 39.0109982]]], [[[26.7598783, 39.3749157], [26.7681029, 39.3794671], [26.7698872, 39.3786133], [26.7611776, 39.3718217], [26.7598783, 39.3749157]]], [[[26.7409298, 40.6139998], [26.7370521, 40.6116903], [26.7321791, 40.6162738], [26.7397242, 40.618485], [26.7409298, 40.6139998]]], [[[26.7582278, 40.6206119], [26.754813, 40.6211216], [26.7575084, 40.6214874], [26.7582278, 40.6206119]]], [[[27.5097149, 36.654532], [27.5079861, 36.6594063], [27.5096285, 36.6628916], [27.512121, 36.6616204], [27.5097149, 36.654532]]], [[[28.0137079, 36.6666662], [28.0122069, 36.6703628], [28.0143209, 36.6700237], [28.0137079, 36.6666662]]], [[[27.9881305, 36.7046235], [27.9895135, 36.7019068], [27.9877288, 36.7023963], [27.9881305, 36.7046235]]], [[[27.9978143, 36.7083915], [27.994819, 36.708807], [27.9974769, 36.7103666], [27.9978143, 36.7083915]]], [[[28.001989, 36.720308], [28.004973, 36.716686], [28.003806, 36.712842], [28.000051, 36.718526], [28.001989, 36.720308]]], [[[28.01704, 36.724291], [28.03303, 36.726722], [28.031799, 36.718255], [28.014957, 36.711463], [28.012335, 36.718422], [28.017142, 36.719923], [28.01704, 36.724291]]], [[[27.412094, 36.7385313], [27.4039804, 36.7422424], [27.4142092, 36.73749], [27.412094, 36.7385313]]], [[[27.7734057, 36.7522927], [27.7728979, 36.7554957], [27.7761823, 36.7566129], [27.775536, 36.753563], [27.7734057, 36.7522927]]], [[[27.458369, 36.7742522], [27.4629638, 36.7739472], [27.4648356, 36.7710867], [27.458369, 36.7742522]]], [[[28.0283922, 36.86718], [28.022434, 36.866058], [28.018624, 36.868146], [28.0254471, 36.8688752], [28.0283922, 36.86718]]], [[[28.0361, 36.883666], [28.034494, 36.883166], [28.033883, 36.885227], [28.0361, 36.883666]]], [[[27.3063606, 36.9517458], [27.3053032, 36.9505809], [27.3047169, 36.9522035], [27.3063606, 36.9517458]]], [[[27.5874631, 36.9786816], [27.6000853, 36.9754989], [27.5964904, 36.9734508], [27.5975431, 36.969854], [27.6024016, 36.9670081], [27.5956077, 36.9702906], [27.5916386, 36.9686594], [27.5921986, 36.9721979], [27.5885718, 36.9732811], [27.5874631, 36.9786816]]], [[[27.4928668, 36.9675515], [27.4869157, 36.9602539], [27.4796098, 36.9627334], [27.4769287, 36.9579118], [27.467331, 36.966136], [27.4569507, 36.9647125], [27.451664, 36.9707608], [27.4452483, 36.9704757], [27.444839, 36.980096], [27.436716, 36.9874737], [27.425369, 36.9898163], [27.423954, 36.996101], [27.4321364, 36.9957775], [27.4500871, 36.9862565], [27.4835775, 36.9770812], [27.4928668, 36.9675515]]], [[[27.579462, 36.9788929], [27.5817374, 36.9783913], [27.5774296, 36.9775229], [27.579462, 36.9788929]]], [[[27.231567, 36.9867449], [27.2323198, 36.9828389], [27.2297222, 36.9833804], [27.231567, 36.9867449]]], [[[27.3790273, 36.9948995], [27.3840523, 37.0019227], [27.3869059, 37.0011587], [27.3847179, 36.9901417], [27.3790273, 36.9948995]]], [[[27.2074912, 36.998828], [27.2165728, 37.006136], [27.2160146, 37.0097691], [27.2199599, 37.0131867], [27.223174, 37.011035], [27.2240167, 37.0084151], [27.2170436, 37.005482], [27.2154605, 36.9990253], [27.2074912, 36.998828]]], [[[27.2123256, 37.0056543], [27.211265, 37.0050931], [27.210682, 37.0061856], [27.2123256, 37.0056543]]], [[[27.362038, 37.008894], [27.3591618, 37.0063968], [27.356366, 37.009254], [27.359503, 37.0104699], [27.362038, 37.008894]]], [[[27.2365827, 37.0864507], [27.2320097, 37.0893602], [27.2415692, 37.0879588], [27.2365827, 37.0864507]]], [[[27.472127, 37.1232077], [27.475224, 37.1221623], [27.4693636, 37.1183654], [27.472127, 37.1232077]]], [[[27.4813383, 37.1306638], [27.4804117, 37.1251923], [27.4767968, 37.126817], [27.4813383, 37.1306638]]], [[[27.3947044, 37.1395491], [27.3853853, 37.1375255], [27.3877533, 37.1403132], [27.3947044, 37.1395491]]], [[[27.278454, 37.1427394], [27.2798901, 37.1424944], [27.279508, 37.1415903], [27.278454, 37.1427394]]], [[[27.5324966, 37.1613309], [27.5350862, 37.1517459], [27.5308704, 37.1509663], [27.5323353, 37.1481001], [27.5285243, 37.141465], [27.5207672, 37.1420488], [27.5170047, 37.150726], [27.5080777, 37.1489296], [27.501039, 37.1408366], [27.490068, 37.141512], [27.4978267, 37.1519443], [27.4948975, 37.1571918], [27.500608, 37.158294], [27.5070045, 37.1524945], [27.5201089, 37.1626658], [27.5308295, 37.1619904], [27.5325707, 37.1652629], [27.5365511, 37.1615718], [27.5324966, 37.1613309]]], [[[27.3622325, 37.1745103], [27.3778835, 37.1668465], [27.3783659, 37.1635006], [27.368861, 37.1620626], [27.3622325, 37.1745103]]], [[[27.3542408, 37.1729046], [27.3548155, 37.1764947], [27.359142, 37.175892], [27.3597252, 37.1743136], [27.3542408, 37.1729046]]], [[[27.5476338, 37.2531684], [27.5514321, 37.2530278], [27.5638624, 37.2457425], [27.5497636, 37.2503559], [27.5476338, 37.2531684]]], [[[27.3639702, 37.2811284], [27.3664454, 37.2844175], [27.370031, 37.2844701], [27.3689984, 37.2826522], [27.3639702, 37.2811284]]], [[[27.3319674, 37.3231367], [27.3262164, 37.3255876], [27.3274042, 37.3306839], [27.3339316, 37.329636], [27.3319674, 37.3231367]]], [[[27.4115746, 37.413273], [27.4103271, 37.4090035], [27.4078324, 37.4103995], [27.4115746, 37.413273]]], [[[27.7902088, 40.3774017], [27.7875991, 40.3741981], [27.7823813, 40.372793], [27.7815865, 40.3755444], [27.7902088, 40.3774017]]], [[[27.5654884, 40.469817], [27.569743, 40.4665869], [27.5643169, 40.4652332], [27.5612603, 40.4685168], [27.5654884, 40.469817]]], [[[27.6497132, 40.4878154], [27.634423, 40.4751353], [27.6326881, 40.4692843], [27.6405174, 40.4653069], [27.6380387, 40.4606486], [27.643575, 40.457337], [27.6472763, 40.4586344], [27.6465574, 40.4540403], [27.6502562, 40.4528116], [27.6635747, 40.4667281], [27.668007, 40.4624177], [27.662782, 40.4512136], [27.6664946, 40.4459042], [27.6560468, 40.445747], [27.6535481, 40.4508466], [27.6282719, 40.4580725], [27.6254568, 40.4617893], [27.6117257, 40.4577495], [27.6062516, 40.4607546], [27.5963034, 40.4585553], [27.5777677, 40.4630716], [27.583304, 40.4768251], [27.5826597, 40.4827314], [27.5972586, 40.478343], [27.6078335, 40.4811045], [27.608625, 40.4870806], [27.598365, 40.5089767], [27.6066383, 40.5066847], [27.6213593, 40.5108853], [27.6189038, 40.5052921], [27.623937, 40.5035336], [27.6212146, 40.5010046], [27.62298735, 40.498442558], [27.6336842, 40.4950856], [27.6399181, 40.4991321], [27.6423692, 40.494756], [27.6511959, 40.4928001], [27.6497132, 40.4878154]]], [[[27.589783, 40.494469], [27.5891174, 40.4930699], [27.5878901, 40.4947326], [27.589783, 40.494469]]], [[[27.4783992, 40.4943974], [27.4940465, 40.505382], [27.4971934, 40.5210714], [27.5117894, 40.5331244], [27.507809, 40.5380759], [27.5108546, 40.5343883], [27.5130942, 40.5365991], [27.5083387, 40.5392439], [27.5140967, 40.5366337], [27.5171283, 40.5384831], [27.5277445, 40.5277312], [27.5335796, 40.5294356], [27.5395046, 40.5213038], [27.553025, 40.5215062], [27.52685, 40.505897], [27.5274038, 40.4984987], [27.5263108, 40.5024565], [27.5236587, 40.5014414], [27.5325255, 40.4920859], [27.5384096, 40.4926754], [27.5369243, 40.4884151], [27.5037655, 40.4796041], [27.4971411, 40.4707246], [27.4901053, 40.4677474], [27.4868626, 40.4693046], [27.4903002, 40.4813658], [27.4812645, 40.4863354], [27.4783992, 40.4943974]]], [[[27.5868, 40.5066368], [27.5822723, 40.5008111], [27.5819698, 40.4941789], [27.5717527, 40.4982346], [27.5771033, 40.5049388], [27.5768613, 40.517563], [27.583188, 40.5218104], [27.586385, 40.5174399], [27.5807682, 40.5075701], [27.5868, 40.5066368]]], [[[27.5827464, 40.5282212], [27.5876567, 40.5264289], [27.5874006, 40.5242875], [27.5843569, 40.5223844], [27.5811656, 40.5259053], [27.5827464, 40.5282212]]], [[[27.4676864, 40.5477677], [27.497715, 40.5537904], [27.5049124, 40.552487], [27.5069082, 40.5479638], [27.5014745, 40.5498328], [27.4939838, 40.5462997], [27.487258, 40.5471734], [27.4677383, 40.5369886], [27.4653094, 40.539406], [27.4676864, 40.5477677]]], [[[27.6053335, 40.6605236], [27.6068712, 40.6562414], [27.6120498, 40.6555438], [27.6170644, 40.6602607], [27.6222507, 40.6588455], [27.6252553, 40.6646851], [27.6331753, 40.6656501], [27.6345534, 40.6684285], [27.6391988, 40.6664938], [27.6402101, 40.6623195], [27.6440088, 40.6633902], [27.6418627, 40.65701], [27.6585694, 40.6633405], [27.6587772, 40.6585529], [27.6627756, 40.6574629], [27.6588389, 40.6564542], [27.6590428, 40.6530439], [27.6653174, 40.6565265], [27.6697809, 40.6552779], [27.6716634, 40.6581172], [27.6686034, 40.6601836], [27.6733139, 40.6617891], [27.6743623, 40.6532905], [27.6835941, 40.6488497], [27.6893811, 40.6492364], [27.6881636, 40.6511987], [27.6925533, 40.6536671], [27.7016982, 40.6497124], [27.7073898, 40.6515892], [27.715327, 40.6443188], [27.7305022, 40.6397759], [27.7345378, 40.6416034], [27.7376106, 40.6364084], [27.7343396, 40.6350145], [27.7355935, 40.6321958], [27.7438687, 40.6330057], [27.7385877, 40.626504], [27.7129739, 40.6138864], [27.7044359, 40.6158805], [27.6999159, 40.6099332], [27.6827149, 40.6036282], [27.6704435, 40.6054615], [27.6654001, 40.6016082], [27.6649128, 40.6041731], [27.6622786, 40.599634], [27.6656633, 40.5939229], [27.6637192, 40.5916964], [27.6360503, 40.5849282], [27.6323411, 40.579771], [27.6233007, 40.5816769], [27.6198621, 40.5771451], [27.6113427, 40.5789017], [27.6077487, 40.5747979], [27.6054271, 40.5778604], [27.588104, 40.5811519], [27.5751875, 40.57527], [27.5684809, 40.5773306], [27.5599099, 40.5856656], [27.5608541, 40.5837677], [27.5522678, 40.5841051], [27.5474765, 40.5921846], [27.5298464, 40.5968685], [27.5308994, 40.6016829], [27.5278197, 40.6060323], [27.5330392, 40.6074397], [27.5304687, 40.6073716], [27.5352124, 40.6180837], [27.5296018, 40.6228316], [27.5309756, 40.6264264], [27.5250844, 40.6296029], [27.5283114, 40.6322049], [27.5245029, 40.6344271], [27.5308262, 40.640288], [27.5263603, 40.6416968], [27.5339657, 40.6474044], [27.5434138, 40.6482712], [27.5494427, 40.6565902], [27.5535638, 40.6538427], [27.5515026, 40.6498716], [27.5574751, 40.6499427], [27.5492046, 40.644585], [27.5583589, 40.642098], [27.5709256, 40.6455797], [27.570972, 40.6505895], [27.5746057, 40.6520093], [27.572211, 40.6531097], [27.6053335, 40.6605236]]], [[[27.7562727, 40.6318976], [27.758496, 40.633157], [27.7590517, 40.632145], [27.7562727, 40.6318976]]], [[[27.4856989, 40.6405892], [27.4878077, 40.6369699], [27.4801831, 40.6423432], [27.4846935, 40.6469491], [27.4892415, 40.6465071], [27.4856989, 40.6405892]]], [[[27.61696, 40.66148], [27.6166623, 40.6602637], [27.6146775, 40.6615211], [27.61696, 40.66148]]], [[[27.6764969, 40.6587614], [27.677588, 40.663956], [27.680273, 40.662785], [27.6764969, 40.6587614]]], [[[26.2273694, 40.0524407], [26.2167438, 40.0488445], [26.2127838, 40.052634], [26.2048409, 40.053277], [26.1881928, 40.0409642], [26.1818743, 40.0441025], [26.1752383, 40.0430167], [26.1665793, 40.0514341], [26.1820769, 40.0700496], [26.1868629, 40.0807692], [26.209619, 40.1036874], [26.2124435, 40.1160929], [26.221995, 40.127469], [26.2361476, 40.1547174], [26.2497249, 40.1655328], [26.252436, 40.173118], [26.270794, 40.19352], [26.2711773, 40.19917], [26.268015, 40.1999678], [26.2668364, 40.2019306], [26.2688153, 40.2001507], [26.2706568, 40.2023069], [26.2655177, 40.2038321], [26.2786113, 40.2161303], [26.2766365, 40.2390067], [26.281984, 40.243659], [26.278524, 40.253908], [26.2691927, 40.2646392], [26.2284218, 40.2891446], [26.237729, 40.290749], [26.2463885, 40.2993419], [26.245742, 40.308903], [26.2358011, 40.3170096], [26.2150352, 40.3161273], [26.2634408, 40.3461711], [26.2953373, 40.3518603], [26.3003092, 40.3595326], [26.311732, 40.366573], [26.3211665, 40.3683356], [26.3225788, 40.3629646], [26.3316452, 40.3634974], [26.337762, 40.37305], [26.3625655, 40.3845842], [26.3667452, 40.3922273], [26.3908157, 40.4014379], [26.3972061, 40.4093974], [26.4126603, 40.4108035], [26.4378376, 40.4319872], [26.4560441, 40.4409948], [26.492064, 40.446903], [26.5106487, 40.4559084], [26.5108862, 40.4585576], [26.5274641, 40.4638936], [26.5492272, 40.4795611], [26.5629092, 40.4807146], [26.5892597, 40.4965944], [26.6254259, 40.5080912], [26.6361526, 40.5101562], [26.6442017, 40.5065497], [26.6937961, 40.5070245], [26.7041805, 40.510435], [26.710719, 40.516152], [26.7188987, 40.5375638], [26.7339422, 40.5449546], [26.7364755, 40.5509244], [26.7470566, 40.5580661], [26.7444426, 40.5506675], [26.7493374, 40.5464163], [26.7713721, 40.5459027], [26.7981728, 40.5562319], [26.8360792, 40.5819841], [26.8390973, 40.5886106], [26.831237, 40.619606], [26.8191349, 40.6457535], [26.809422, 40.648842], [26.8048438, 40.6528882], [26.8074269, 40.653973], [26.7901155, 40.6569525], [26.7580595, 40.652494], [26.743034, 40.643706], [26.7121369, 40.6432896], [26.7018457, 40.6379824], [26.644528, 40.6384355], [26.6210997, 40.6348929], [26.6113232, 40.6378419], [26.5974446, 40.629519], [26.589618, 40.6308324], [26.5647352, 40.6102371], [26.5595899, 40.6117939], [26.5449756, 40.6016053], [26.5416617, 40.6033375], [26.5438618, 40.6013667], [26.5331009, 40.5918759], [26.5206681, 40.597685], [26.5067756, 40.5965437], [26.47886, 40.6123398], [26.4584673, 40.6164689], [26.4407801, 40.6134949], [26.4303346, 40.6029881], [26.4144718, 40.5990443], [26.3739404, 40.6081181], [26.3722225, 40.6064274], [26.3779115, 40.6045716], [26.358463, 40.606265], [26.328604, 40.594028], [26.304386, 40.590804], [26.2317997, 40.5984664], [26.1760621, 40.5939601], [26.1587548, 40.5895711], [26.1232453, 40.5942015], [26.1263018, 40.5912274], [26.0925802, 40.6060026], [26.0686684, 40.6250157], [26.0608068, 40.6398079], [26.0657313, 40.6502849], [26.0640657, 40.6772065], [26.0579342, 40.6896199], [26.0497629, 40.6955362], [26.0488028, 40.699222], [26.0504508, 40.6952181], [26.0548228, 40.6956386], [26.0511097, 40.6982011], [26.0545144, 40.6988557], [26.0536884, 40.7094108], [26.036337, 40.7298687], [26.0736331, 40.7274653], [26.085595, 40.7313895], [26.0882086, 40.7354352], [26.1250403, 40.7427437], [26.1284691, 40.754886], [26.1268763, 40.771221], [26.1298574, 40.7776991], [26.1414193, 40.78641], [26.1414377, 40.7931152], [26.156352, 40.808773], [26.1641233, 40.807486], [26.1744106, 40.8175753], [26.1803136, 40.8125143], [26.1809564, 40.8202927], [26.1935627, 40.8255091], [26.2030083, 40.8202283], [26.2046391, 40.8222418], [26.1998326, 40.8263012], [26.2011844, 40.8311883], [26.2079865, 40.8266503], [26.2105861, 40.8368703], [26.2199813, 40.8341188], [26.213155, 40.8397357], [26.2164376, 40.841151], [26.2160812, 40.8469445], [26.2060639, 40.8458452], [26.2042215, 40.8508331], [26.2058364, 40.855108], [26.2147215, 40.8534399], [26.2133522, 40.8592539], [26.2069893, 40.8603922], [26.2069846, 40.8666116], [26.222981, 40.866562], [26.2226255, 40.8902921], [26.2292071, 40.8917128], [26.2298233, 40.8870388], [26.2246037, 40.8866616], [26.2268824, 40.8825074], [26.2337923, 40.8862046], [26.2498423, 40.8814893], [26.2532824, 40.9048932], [26.2615824, 40.9152405], [26.2650304, 40.9025663], [26.2759499, 40.8940745], [26.2926399, 40.894032], [26.301881, 40.9034194], [26.2851048, 40.922686], [26.2853617, 40.9307247], [26.2925157, 40.9331224], [26.303879, 40.9274223], [26.3273344, 40.9440049], [26.3523923, 40.9423769], [26.3590086, 40.9452656], [26.3592706, 40.9490789], [26.3486781, 40.9640015], [26.3271634, 40.9773717], [26.3254612, 40.9845786], [26.3282025, 40.9909993], [26.3450347, 40.9896342], [26.3579108, 40.9996375], [26.3665656, 41.0204045], [26.3600924, 41.0262408], [26.3461509, 41.0300685], [26.3400252, 41.0399089], [26.3271914, 41.0414135], [26.3298362, 41.0508466], [26.3124342, 41.0715079], [26.3108299, 41.081651], [26.3177708, 41.0891469], [26.3311686, 41.0960216], [26.3353707, 41.1083962], [26.3260371, 41.1113995], [26.3067435, 41.1085916], [26.3029776, 41.1134885], [26.3072602, 41.1193895], [26.3225235, 41.1240862], [26.3211311, 41.1347175], [26.3335744, 41.1383345], [26.3367846, 41.1434189], [26.331756, 41.1523429], [26.3147565, 41.1593234], [26.3066406, 41.1746324], [26.3111757, 41.1828698], [26.3215628, 41.1840838], [26.3231462, 41.1887547], [26.3192099, 41.2007882], [26.3240969, 41.2126235], [26.3310246, 41.2188258], [26.3172679, 41.2373458], [26.323744, 41.2539305], [26.336246, 41.255402], [26.3422866, 41.2595626], [26.3488544, 41.2580254], [26.3572025, 41.2494523], [26.3795402, 41.2523101], [26.3927436, 41.2497576], [26.4074099, 41.2541536], [26.4117336, 41.2621222], [26.4353786, 41.278513], [26.4623114, 41.2828068], [26.4650901, 41.300657], [26.48713, 41.3046298], [26.4908176, 41.3182247], [26.4979464, 41.3282615], [26.5137867, 41.3282734], [26.5189471, 41.3397352], [26.5280302, 41.3364456], [26.5440996, 41.3421827], [26.5601944, 41.3352916], [26.5692209, 41.3246941], [26.5838115, 41.3221488], [26.6159636, 41.335564], [26.6265625, 41.3460018], [26.6355754, 41.3850899], [26.6301434, 41.4008598], [26.6295399, 41.4175201], [26.6131557, 41.4241543], [26.6110948, 41.4346175], [26.6133625, 41.461467], [26.597687, 41.479867], [26.604767, 41.4908281], [26.6035433, 41.5012375], [26.5910838, 41.5265753], [26.5985086, 41.5453573], [26.5906227, 41.5556915], [26.5939643, 41.5657808], [26.5871803, 41.5705548], [26.5997071, 41.5823627], [26.5951397, 41.5967176], [26.5951733, 41.6101905], [26.5681448, 41.6103053], [26.5294976, 41.6216127], [26.4884409, 41.6540762], [26.4863088, 41.6598113], [26.4948964, 41.6609728], [26.4918052, 41.6728877], [26.4705013, 41.6695301], [26.4560898, 41.6745404], [26.4505456, 41.6820438], [26.4413649, 41.6863912], [26.4284821, 41.6808714], [26.3862005, 41.6909709], [26.3763593, 41.6968404], [26.3713832, 41.7077676], [26.3580724, 41.7081095], [26.3574429, 41.714517], [26.328995, 41.7373981], [26.3295112, 41.7519036], [26.3400253, 41.7755435], [26.3689366, 41.8207514], [26.5386729, 41.8235294], [26.5524843, 41.8482266], [26.5641198, 41.8546595], [26.565551, 41.8666002], [26.5685954, 41.8691824], [26.5739509, 41.8676736], [26.5810391, 41.8736505], [26.5794124, 41.8780687], [26.5704972, 41.8805015], [26.5669452, 41.8858106], [26.5765364, 41.8925635], [26.5776504, 41.8981604], [26.5843395, 41.9033968], [26.5705743, 41.9126111], [26.5613052, 41.9257452], [26.5866084, 41.9477863], [26.6185979, 41.9657061], [26.6231985, 41.979441], [26.6365472, 41.9730152], [26.6579175, 41.9701698], [26.6681391, 41.9645509], [26.6739218, 41.9693115], [26.7037364, 41.965203], [26.7132873, 41.968561], [26.7291238, 41.9608241], [26.7509259, 41.9583235], [26.7550708, 41.9600923], [26.7592003, 41.9702743], [26.7632231, 41.9693822], [26.7732665, 41.9794339], [26.7789431, 41.9789238], [26.7872347, 41.9896576], [26.7916488, 41.9903835], [26.7947744, 41.9834983], [26.8103686, 41.9755933], [26.8287617, 41.9737707], [26.8329396, 41.9691757], [26.8472433, 41.9698183], [26.8480889, 41.9806011], [26.8522573, 41.9840104], [26.856536, 41.9821056], [26.8710308, 41.9910748], [26.9020098, 41.9859852], [26.9133308, 41.995456], [26.9215376, 41.9950266], [26.9237766, 41.9994214], [26.9313745, 42.0028017], [26.9655868, 41.9964779], [26.9719725, 42.0089214], [26.9851445, 42.019874], [26.9808524, 42.0272021], [26.9823069, 42.0377597], [27.0075071, 42.03844], [27.0221718, 42.0553951], [27.025852, 42.0557761], [27.0282914, 42.0632855], [27.0224982, 42.0671513], [27.0212593, 42.0746699], [27.0242978, 42.0816641], [27.0322289, 42.0793551], [27.0399791, 42.084436], [27.0488506, 42.0838118], [27.0605503, 42.0897989], [27.107222, 42.086111], [27.128889, 42.069444], [27.150278, 42.068611], [27.1538576, 42.0720581], [27.1590906, 42.0654227], [27.1635644, 42.0646118], [27.1836495, 42.0700294], [27.1848758, 42.0638865], [27.200863, 42.0593794], [27.2069945, 42.0608679], [27.2031601, 42.0706303], [27.1982209, 42.0735484], [27.2005542, 42.081453], [27.2164015, 42.0851323], [27.2213113, 42.098155], [27.2306457, 42.0991556], [27.2392148, 42.1048008], [27.2507444, 42.0988935], [27.2620886, 42.0996507], [27.2706222, 42.1043297], [27.2720924, 42.0978394], [27.2829439, 42.0950268], [27.293666, 42.0971656], [27.2999687, 42.0865527], [27.3118537, 42.086862], [27.3167018, 42.0786737], [27.3263303, 42.0800491], [27.3263852, 42.072312], [27.3357281, 42.0670331], [27.3360775, 42.0598428], [27.3642949, 42.0580781], [27.3723365, 42.0468671], [27.3763121, 42.0460686], [27.3755614, 42.0380926], [27.3805873, 42.0351313], [27.3838873, 42.0215038], [27.3916766, 42.0185463], [27.3945783, 42.0051897], [27.4026485, 42.0060744], [27.4132037, 41.999822], [27.4145221, 41.9908076], [27.420379, 41.9884736], [27.4326681, 41.9913064], [27.4389006, 41.9761192], [27.4461478, 41.9738262], [27.4470587, 41.9670657], [27.4639182, 41.9686222], [27.4678974, 41.965325], [27.4677216, 41.9584506], [27.4892984, 41.9541343], [27.4898604, 41.951474], [27.4963964, 41.9544272], [27.5030901, 41.9518825], [27.5044481, 41.9578437], [27.5107947, 41.9581813], [27.5295839, 41.9373469], [27.531394, 41.9277128], [27.5405164, 41.916179], [27.5480654, 41.914584], [27.560005, 41.9051269], [27.5722841, 41.9049128], [27.5716432, 41.9126179], [27.5622038, 41.9123998], [27.5612528, 41.9152127], [27.5657935, 41.9192365], [27.5765893, 41.9196741], [27.5747839, 41.9233147], [27.566526, 41.9238054], [27.5744101, 41.9325816], [27.5743385, 41.9374709], [27.5876365, 41.9365513], [27.5847911, 41.9321403], [27.5887617, 41.9313915], [27.6041967, 41.9474373], [27.6094763, 41.9448477], [27.6078954, 41.9393068], [27.6126099, 41.9385165], [27.6252179, 41.9486007], [27.623345, 41.9506641], [27.6296323, 41.9498498], [27.6198274, 41.9555051], [27.6220261, 41.9588561], [27.6334148, 41.954607], [27.6384804, 41.9594264], [27.6391643, 41.9547028], [27.6425788, 41.9541336], [27.6518752, 41.9622391], [27.658693, 41.9608085], [27.6555802, 41.9581881], [27.6586687, 41.9566815], [27.6673292, 41.9621844], [27.6721426, 41.9563956], [27.6733697, 41.9628435], [27.6814326, 41.963987], [27.6841538, 41.9715765], [27.697732, 41.9738854], [27.7033614, 41.9700625], [27.7025219, 41.9759835], [27.6956501, 41.9756436], [27.6964779, 41.9780777], [27.7327071, 41.9736548], [27.7375304, 41.9798394], [27.7485414, 41.9724945], [27.7433351, 41.96783], [27.7504253, 41.9700712], [27.7664136, 41.9676751], [27.7705859, 41.9596915], [27.7759408, 41.9659498], [27.7846046, 41.9636137], [27.7861328, 41.9606353], [27.7784866, 41.9537295], [27.790537, 41.9540817], [27.7929647, 41.9480539], [27.8015173, 41.9532504], [27.815841, 41.9426114], [27.8176084, 41.9451484], [27.8141158, 41.9540991], [27.8262561, 41.9479411], [27.8360475, 41.9480284], [27.8372675, 41.9547778], [27.8336345, 41.9615757], [27.8260627, 41.9591678], [27.8202856, 41.9626103], [27.8260779, 41.9742506], [27.818849, 41.9756527], [27.8186094, 41.9866092], [27.8311171, 41.9987805], [27.8452282, 41.9906313], [27.8522664, 42.0016484], [27.8568959, 41.9997356], [27.8511272, 41.9948238], [27.8552094, 41.9909214], [27.8613197, 41.9945849], [27.8580909, 42.0009439], [27.8619015, 42.0065211], [27.8682718, 41.9997142], [27.8771696, 41.9998969], [27.8790201, 41.9946146], [27.8848464, 41.9960789], [27.8998969, 41.9918689], [27.90004, 41.981769], [27.9118216, 41.9727468], [27.9166034, 41.9730005], [27.9216534, 41.9827238], [27.9250741, 41.9763186], [27.931148, 41.9785043], [27.9335752, 41.9848802], [27.94378, 41.9772299], [27.956632, 41.9813796], [27.9572162, 41.9762019], [27.9760137, 41.9840781], [27.9760647, 41.9899752], [27.9930408, 41.980487], [28.0098276, 41.9787799], [28.0291247, 41.983062], [28.0265692, 41.9797797], [28.0284834, 41.9739083], [28.0436641, 41.9613354], [28.039735, 41.9588271], [28.049423, 41.94501], [28.0421116, 41.9340649], [28.046701, 41.925783], [28.0439259, 41.9140477], [28.057202, 41.88513], [28.043393, 41.880893], [28.0315038, 41.8869318], [28.0261746, 41.8850318], [28.0203993, 41.886544], [28.0290796, 41.8873262], [28.0247907, 41.889882], [28.0224163, 41.8878785], [28.0227576, 41.8916687], [28.0148861, 41.8948339], [27.996765, 41.886441], [27.982094, 41.870524], [27.979761, 41.863998], [27.9785661, 41.8431324], [27.983288, 41.825208], [28.00871, 41.783146], [28.024052, 41.766582], [28.033581, 41.762133], [28.037909, 41.754136], [28.041671, 41.753589], [28.039879, 41.748727], [28.044368, 41.740216], [28.039504, 41.736153], [28.047177, 41.723248], [28.061247, 41.714135], [28.067358, 41.700473], [28.0812876, 41.6906461], [28.088243, 41.689753], [28.093253, 41.682261], [28.099381, 41.680149], [28.105161, 41.667772], [28.090878, 41.663288], [28.088567, 41.658175], [28.0944936, 41.6380532], [28.1028298, 41.6312567], [28.098238, 41.633055], [28.0970161, 41.6311426], [28.101184, 41.6317656], [28.1008707, 41.628819], [28.114019, 41.6162725], [28.12658, 41.610063], [28.129545, 41.603616], [28.133998, 41.603957], [28.143631, 41.597573], [28.1467995, 41.5916776], [28.1440838, 41.5881439], [28.1473977, 41.5839572], [28.153747, 41.579887], [28.165353, 41.578872], [28.167997, 41.573839], [28.182654, 41.571508], [28.182598, 41.568428], [28.186671, 41.566846], [28.181317, 41.56382], [28.188063, 41.558874], [28.186432, 41.553756], [28.1930134, 41.5524765], [28.1925174, 41.5481903], [28.200004, 41.548482], [28.1990551, 41.5453919], [28.2060456, 41.5384533], [28.2218805, 41.5292694], [28.219097, 41.528001], [28.2204801, 41.5246505], [28.2322508, 41.5236242], [28.2325524, 41.5201904], [28.2599641, 41.5072705], [28.2619335, 41.5023343], [28.2722594, 41.4962483], [28.514653, 41.39896], [28.55763, 41.385551], [28.5776236, 41.3742546], [28.6307621, 41.3527927], [28.656326, 41.3492546], [28.6736498, 41.3428418], [28.6834163, 41.3483364], [28.6878857, 41.3451427], [28.6838539, 41.3446378], [28.6862673, 41.3414002], [28.7275525, 41.3262187], [28.7519045, 41.3288534], [28.7627832, 41.323086], [28.7695797, 41.3244876], [28.7742725, 41.317475], [28.7852863, 41.3126192], [28.7806861, 41.3119733], [28.7817872, 41.3083276], [28.7892221, 41.3072114], [28.7888333, 41.3141542], [28.7896424, 41.3048625], [28.8039297, 41.3034165], [28.8199482, 41.2923052], [28.8454995, 41.2872734], [28.873718, 41.2770398], [28.9218496, 41.2719151], [28.942895, 41.263018], [28.9546304, 41.2622894], [28.9675868, 41.2542765], [29.0098367, 41.2459802], [29.0331396, 41.2461746], [29.0385659, 41.2519328], [29.0380783, 41.2565238], [29.0442044, 41.2536161], [29.0495152, 41.2570239], [29.060696, 41.255065], [29.0645631, 41.2506727], [29.0674454, 41.2535514], [29.0721832, 41.2516658], [29.0723515, 41.2478941], [29.0779629, 41.2545597], [29.0796924, 41.248828], [29.0845326, 41.2499212], [29.0846954, 41.2455969], [29.0902025, 41.2477958], [29.0916072, 41.2436662], [29.0973274, 41.2436768], [29.0977209, 41.2401907], [29.1029407, 41.2413982], [29.1070209, 41.2396657], [29.1061682, 41.2371882], [29.1121806, 41.2377734], [29.1090465, 41.2353499], [29.1162318, 41.2339606], [29.1148414, 41.2287642], [29.1133322, 41.234073], [29.1139531, 41.2296367], [29.106375, 41.2211217], [29.106774, 41.2168432], [29.1117815, 41.2141634], [29.1053432, 41.2064101], [29.091431, 41.2003617], [29.0771461, 41.1856358], [29.0727073, 41.1750224], [29.0363909, 41.1567372], [29.0530526, 41.1463555], [29.0579745, 41.1396613], [29.0542289, 41.1385837], [29.0610878, 41.1357071], [29.071899, 41.1234103], [29.0617587, 41.1131254], [29.0571567, 41.1149429], [29.0543508, 41.1137722], [29.0593579, 41.1093226], [29.0528552, 41.0976946], [29.0572087, 41.0907802], [29.0568053, 41.083166], [29.0444285, 41.0777378], [29.0464561, 41.067989], [29.036575, 41.0593926], [29.032807, 41.0497099], [28.996765, 41.0374816], [28.9884679, 41.0281607], [28.9711077, 41.0219526], [28.9656802, 41.0311348], [28.9524144, 41.0348895], [28.9490976, 41.0413772], [28.9402744, 41.0472249], [28.9393575, 41.0514597], [28.948351, 41.057072], [28.948473, 41.0644383], [28.943802, 41.0647797], [28.9468586, 41.0571961], [28.9387232, 41.0550792], [28.9356772, 41.0521701], [28.9350919, 41.0500462], [28.9389855, 41.0435022], [28.9662921, 41.0194711], [28.9866872, 41.0173559], [28.9854959, 41.0057868], [28.9783348, 41.0010699], [28.9537443, 41.0021298], [28.9537328, 40.9992127], [28.9610048, 40.998198], [28.9474042, 40.9962443], [28.9371837, 41.0012678], [28.929591, 40.9909443], [28.911879, 40.9857133], [28.9018184, 40.9790688], [28.892128, 40.9812125], [28.8915841, 40.977898], [28.8919669, 40.9892626], [28.8909251, 40.9778954], [28.8893064, 40.9797162], [28.8768248, 40.9742093], [28.8784905, 40.9723512], [28.8743754, 40.9691816], [28.8796786, 40.972385], [28.8753294, 40.9688394], [28.8662014, 40.969507], [28.8754237, 40.967409], [28.8663055, 40.9675607], [28.8657074, 40.9736455], [28.851804, 40.9743891], [28.8492666, 40.9721332], [28.8519273, 40.9700999], [28.8467292, 40.9707034], [28.8388671, 40.9570331], [28.8300143, 40.9546665], [28.8255309, 40.9571789], [28.8226555, 40.9569845], [28.8235782, 40.9545213], [28.8107024, 40.9560035], [28.7762656, 40.9760465], [28.7728539, 40.9805419], [28.7756661, 40.9819856], [28.7752159, 40.9838491], [28.7717828, 40.9891872], [28.7701733, 40.9898045], [28.7753451, 40.9824219], [28.7693569, 40.981859], [28.7747685, 40.9770363], [28.7682876, 40.9799345], [28.7675753, 40.9846402], [28.7628687, 40.9802298], [28.752456, 40.9797339], [28.7411826, 40.970249], [28.7282443, 40.9715577], [28.7250377, 40.968936], [28.7149727, 40.9716873], [28.7179875, 40.9693057], [28.7121725, 40.9726918], [28.6972687, 40.973393], [28.6847543, 40.9687607], [28.6845484, 40.9628532], [28.6837407, 40.966814], [28.6819245, 40.962927], [28.6799975, 40.9664911], [28.6798761, 40.9633137], [28.6785826, 40.9679023], [28.6766082, 40.9613096], [28.6758802, 40.9648256], [28.6745822, 40.9613981], [28.6690516, 40.9632077], [28.6718844, 40.9571644], [28.6579755, 40.9636321], [28.6540697, 40.9630832], [28.6575415, 40.96057], [28.6521354, 40.9628109], [28.620747, 40.960717], [28.5981499, 40.9666225], [28.600309, 40.9641053], [28.5963766, 40.9642065], [28.6019964, 40.9631571], [28.6002579, 40.9620733], [28.5959456, 40.9641644], [28.5991382, 40.9688347], [28.5948521, 40.9735744], [28.599046, 40.980659], [28.596178, 40.988144], [28.599613, 41.0091537], [28.5878063, 41.0169219], [28.5744757, 41.0165403], [28.5722843, 41.0241558], [28.5629883, 41.0254899], [28.5632902, 41.0222846], [28.5717684, 41.0184978], [28.5635095, 41.0166981], [28.5629224, 41.0137166], [28.5653656, 41.0139892], [28.5531652, 41.0085993], [28.5414947, 40.984499], [28.5075581, 40.9997776], [28.5101008, 40.9969375], [28.5074943, 40.9993266], [28.5070881, 41.0031716], [28.4815651, 41.0135146], [28.4693899, 41.0230056], [28.413225, 41.043545], [28.34062, 41.058276], [28.313134, 41.057566], [28.283739, 41.063288], [28.259981, 41.062523], [28.240387, 41.0701096], [28.2387546, 41.0722948], [28.2402434, 41.0709016], [28.2430234, 41.0723072], [28.2406576, 41.0720577], [28.2430434, 41.0727666], [28.2399412, 41.0734851], [28.2413578, 41.0754122], [28.2280792, 41.0778643], [28.219812, 41.0771591], [28.2114892, 41.0704116], [28.1680341, 41.0728861], [28.1306271, 41.0660845], [28.1228512, 41.05965], [28.113769, 41.061206], [28.073668, 41.056452], [28.0431453, 41.0420816], [28.0245237, 41.0392336], [27.9902515, 41.0180898], [27.9832445, 41.0055364], [27.9847409, 40.9926489], [27.9790985, 40.9834884], [27.967446, 40.9835227], [27.9591342, 40.9799675], [27.9615068, 40.9779887], [27.9563947, 40.9762548], [27.9570393, 40.9706106], [27.9677137, 40.9698108], [27.9552915, 40.9640733], [27.938401, 40.964953], [27.931929, 40.962311], [27.92998, 40.968231], [27.923573, 40.970208], [27.8778487, 40.9659904], [27.864641, 40.9699453], [27.855714, 40.9827941], [27.8421417, 40.9915742], [27.770624, 41.012409], [27.7612073, 41.0115306], [27.7629154, 41.0103063], [27.7626947, 41.005181], [27.7626677, 41.0102526], [27.761058, 41.010331], [27.7609591, 41.0133194], [27.7568758, 41.0139035], [27.7284133, 41.011367], [27.7015201, 41.0029839], [27.6806862, 41.0037692], [27.6149708, 40.9903992], [27.6060146, 40.9856641], [27.5976584, 40.9865708], [27.5852544, 40.9827597], [27.5777773, 40.9845782], [27.5507099, 40.9772906], [27.5292292, 40.978252], [27.5260619, 40.9748792], [27.5226405, 40.9738384], [27.5258527, 40.9767962], [27.5162528, 40.9750504], [27.5164985, 40.9726342], [27.5156061, 40.9756332], [27.5121216, 40.9744731], [27.5030661, 40.9654601], [27.5074807, 40.9625324], [27.5106764, 40.9642481], [27.5077662, 40.9619782], [27.5028524, 40.9651849], [27.5049489, 40.9614649], [27.4993514, 40.961938], [27.4811316, 40.9253436], [27.4704039, 40.9140786], [27.4694988, 40.9035307], [27.4669792, 40.9023101], [27.4730517, 40.9028115], [27.4684948, 40.8944873], [27.4646347, 40.896451], [27.4624775, 40.8940914], [27.4598183, 40.8694589], [27.4621572, 40.8655986], [27.4601377, 40.8667745], [27.455455, 40.846051], [27.4201536, 40.8204724], [27.3927676, 40.8069629], [27.3642368, 40.7796072], [27.3438446, 40.7655264], [27.3361243, 40.7563354], [27.3313648, 40.7351024], [27.3244149, 40.7291513], [27.3188827, 40.7207638], [27.3185329, 40.7143061], [27.310789, 40.7090354], [27.3090668, 40.7027257], [27.2675238, 40.6798295], [27.267796, 40.6769766], [27.265157, 40.6749349], [27.2661655, 40.678592], [27.2514204, 40.6721101], [27.2410672, 40.660275], [27.2297409, 40.6596424], [27.1885841, 40.6404018], [27.1783362, 40.6274487], [27.1171099, 40.6083845], [27.1102188, 40.6078758], [27.1123662, 40.6081586], [27.1098543, 40.6101319], [27.0656592, 40.605112], [27.0428311, 40.5982965], [27.00148, 40.5693466], [26.9956214, 40.5559255], [26.9768435, 40.5557546], [26.9000446, 40.5364663], [26.8539139, 40.5109932], [26.792375, 40.493091], [26.777264, 40.485873], [26.740307, 40.477323], [26.7146871, 40.45674], [26.6953154, 40.4514427], [26.692891, 40.441903], [26.7001126, 40.4198562], [26.6810529, 40.4175403], [26.6795974, 40.4126435], [26.6826694, 40.4097562], [26.6752234, 40.4036836], [26.6570072, 40.4096416], [26.6579032, 40.4070901], [26.6518971, 40.4042166], [26.6405168, 40.4022742], [26.6385545, 40.3904003], [26.6332975, 40.390663], [26.6260315, 40.3841548], [26.6328183, 40.3643401], [26.6196304, 40.3488484], [26.593663, 40.3290318], [26.5914355, 40.322153], [26.5861606, 40.31926], [26.5740929, 40.3199665], [26.5673628, 40.3078631], [26.5538617, 40.3050741], [26.5487574, 40.2998873], [26.5125863, 40.2903851], [26.4929431, 40.2776537], [26.4938612, 40.2700674], [26.479423, 40.2549432], [26.4508742, 40.2364314], [26.4351706, 40.2291522], [26.4316481, 40.2315752], [26.427866, 40.2296292], [26.4236325, 40.2211503], [26.3989899, 40.2167364], [26.3750389, 40.2037327], [26.3594368, 40.204305], [26.3574872, 40.2012313], [26.3614492, 40.1959922], [26.3580232, 40.1912029], [26.3624146, 40.1842451], [26.3595622, 40.185138], [26.3604365, 40.1826625], [26.3727589, 40.1664533], [26.3812197, 40.1440607], [26.3470717, 40.1265367], [26.32819, 40.1062183], [26.312399644, 40.100247616], [26.309312, 40.093102], [26.2973084, 40.0857442], [26.231977, 40.060226], [26.2273694, 40.0524407]]], [[[28.1225398, 36.5974052], [28.1289954, 36.5999141], [28.1290533, 36.5959844], [28.1225398, 36.5974052]]], [[[28.0534336, 36.6134391], [28.0558491, 36.6191334], [28.0573516, 36.6171488], [28.0534336, 36.6134391]]], [[[28.0514971, 36.6248498], [28.0526046, 36.6268971], [28.0534384, 36.623891], [28.0514971, 36.6248498]]], [[[28.0615598, 36.6422957], [28.0623214, 36.6475315], [28.0689552, 36.6483953], [28.0648372, 36.6399191], [28.0578268, 36.6354048], [28.0530247, 36.6421691], [28.0615598, 36.6422957]]], [[[28.0532528, 36.6466906], [28.0504433, 36.649709], [28.060541, 36.6481976], [28.0532528, 36.6466906]]], [[[28.1474177, 36.6505447], [28.1459538, 36.6501137], [28.1462761, 36.6522902], [28.1474177, 36.6505447]]], [[[28.0333392, 36.6585831], [28.027637, 36.6602447], [28.0358272, 36.6705194], [28.0435532, 36.6607508], [28.0424818, 36.6563961], [28.0461245, 36.6555366], [28.0417199, 36.6498923], [28.037101, 36.6506659], [28.0333392, 36.6585831]]], [[[28.8891569, 36.6706813], [28.8923168, 36.6667577], [28.898558, 36.669948], [28.9075539, 36.6651097], [28.9091078, 36.6545108], [28.9067243, 36.6512735], [28.8864021, 36.6684875], [28.8891569, 36.6706813]]], [[[29.0368402, 36.6671419], [29.0330933, 36.6679763], [29.036981, 36.6683123], [29.0368402, 36.6671419]]], [[[28.9154305, 36.6820936], [28.9195748, 36.676899], [28.9239595, 36.6788207], [28.9394384, 36.6746481], [28.9327401, 36.6690546], [28.9264159, 36.6708124], [28.9262379, 36.6645244], [28.9161578, 36.6547341], [28.9127137, 36.6562862], [28.9092821, 36.6713833], [28.9118442, 36.6774914], [28.9139349, 36.6743401], [28.9177209, 36.6754173], [28.9121162, 36.6792076], [28.9154305, 36.6820936]]], [[[28.9059312, 36.6693087], [28.9064531, 36.6678367], [28.9046754, 36.6689368], [28.9059312, 36.6693087]]], [[[29.0327116, 36.6686945], [29.0293468, 36.6706661], [29.0321177, 36.6716438], [29.0327116, 36.6686945]]], [[[28.042128, 36.6727357], [28.0415767, 36.6687558], [28.0394796, 36.6694033], [28.0406611, 36.6727752], [28.042128, 36.6727357]]], [[[28.0431186, 36.6820285], [28.0432872, 36.6834195], [28.0451823, 36.6835097], [28.0431186, 36.6820285]]], [[[28.6918771, 36.691402], [28.6931199, 36.6947078], [28.6994423, 36.6943395], [28.6918771, 36.691402]]], [[[29.005986, 36.698373], [29.013087, 36.6952472], [29.0099275, 36.6922808], [29.006503, 36.69374], [29.005986, 36.698373]]], [[[28.930778, 36.6967352], [28.933679, 36.6963903], [28.9328851, 36.694231], [28.930778, 36.6967352]]], [[[28.9285998, 36.699919], [28.9299342, 36.6966286], [28.9257896, 36.6935948], [28.92403, 36.699469], [28.9285998, 36.699919]]], [[[28.66943, 36.6999262], [28.6689799, 36.6985098], [28.6679358, 36.6995525], [28.66943, 36.6999262]]], [[[28.9347415, 36.7106192], [28.9353831, 36.7049011], [28.9324294, 36.6985486], [28.9347415, 36.7106192]]], [[[28.9328921, 36.707912], [28.9299084, 36.7093398], [28.9324211, 36.7120758], [28.9312784, 36.7103591], [28.9328921, 36.707912]]], [[[28.2429136, 36.7142152], [28.2486557, 36.7140614], [28.2470603, 36.7124686], [28.2429136, 36.7142152]]], [[[28.9394282, 36.736915], [28.9504883, 36.7261251], [28.9445248, 36.7252364], [28.9394275, 36.7176336], [28.9360687, 36.7189613], [28.9335456, 36.7238215], [28.9367739, 36.7230936], [28.936338, 36.7341803], [28.9394282, 36.736915]]], [[[28.060281, 36.7270643], [28.0447493, 36.7252946], [28.0531091, 36.7301348], [28.0461036, 36.7342213], [28.0645841, 36.7347654], [28.060281, 36.7270643]]], [[[28.0570648, 36.7615692], [28.0599834, 36.7610081], [28.0574182, 36.7594231], [28.0570648, 36.7615692]]], [[[28.4415949, 36.770918], [28.431653, 36.7702833], [28.4308732, 36.771082], [28.4367837, 36.7747681], [28.436435, 36.7776534], [28.4428516, 36.7793136], [28.4402331, 36.7773312], [28.4436222, 36.7739062], [28.4415949, 36.770918]]], [[[28.1208078, 36.8022493], [28.1207654, 36.8046814], [28.1217021, 36.80324], [28.1229327, 36.8039044], [28.1208078, 36.8022493]]], [[[28.2588657, 36.8101458], [28.2611996, 36.8062442], [28.2590999, 36.7991699], [28.2530019, 36.8045502], [28.243881, 36.8050737], [28.2437038, 36.8086335], [28.2529679, 36.8067541], [28.2588657, 36.8101458]]], [[[28.2865479, 36.820978], [28.2886624, 36.8202955], [28.2783929, 36.820067], [28.2865479, 36.820978]]], [[[28.4462165, 36.8631723], [28.4450612, 36.8623576], [28.4449075, 36.865217], [28.4462165, 36.8631723]]], [[[28.0389157, 36.8720275], [28.032893, 36.8683181], [28.0345452, 36.8708107], [28.0389157, 36.8720275]]], [[[28.0423075, 36.8732096], [28.0414438, 36.8760933], [28.0440938, 36.8766254], [28.045174, 36.8749696], [28.0423075, 36.8732096]]], [[[28.157282, 36.934955], [28.153607, 36.935248], [28.156514, 36.937018], [28.157282, 36.934955]]], [[[28.156634, 36.944981], [28.154058, 36.943978], [28.154078, 36.945263], [28.156634, 36.944981]]], [[[28.200063, 36.959064], [28.194914, 36.957318], [28.189159, 36.957761], [28.196619, 36.96398], [28.200063, 36.959064]]], [[[28.2055746, 36.9959604], [28.2045955, 36.9917981], [28.210655, 36.991198], [28.2007719, 36.9913314], [28.2055746, 36.9959604]]], [[[28.2093605, 36.9990902], [28.2085679, 36.9971445], [28.2050253, 36.9989448], [28.2093605, 36.9990902]]], [[[28.2386164, 37.0016758], [28.2398199, 37.0032291], [28.2422841, 37.001645], [28.2386164, 37.0016758]]], [[[28.0931177, 40.4502226], [28.086043, 40.4525786], [28.0918139, 40.455404], [28.0931177, 40.4502226]]], [[[28.0701744, 40.4587283], [28.0750078, 40.4608895], [28.0773071, 40.4541838], [28.0627179, 40.4581895], [28.0664622, 40.4628873], [28.0701744, 40.4587283]]], [[[28.1056, 40.468605], [28.098495, 40.465848], [28.0971219, 40.4691225], [28.1056, 40.468605]]], [[[28.5182159, 40.5653629], [28.554275, 40.565368], [28.550032, 40.556567], [28.5397942, 40.5547084], [28.5356368, 40.5490611], [28.545268, 40.5265236], [28.5419678, 40.5163049], [28.5264305, 40.511474], [28.5244671, 40.5083144], [28.5160107, 40.521638], [28.5244226, 40.5348577], [28.5270489, 40.5502118], [28.5248341, 40.5602553], [28.5182159, 40.5653629]]], [[[28.9955846, 40.8656127], [28.9935086, 40.8631537], [28.9901862, 40.8662562], [28.9955846, 40.8656127]]], [[[28.9732026, 40.877094], [28.9742098, 40.8746515], [28.9695302, 40.8740664], [28.9694443, 40.8756313], [28.9732026, 40.877094]]], [[[28.9365908, 41.0512181], [28.9374403, 41.0533662], [28.9384705, 41.0524802], [28.9365908, 41.0512181]]], [[[28.941672, 41.0549527], [28.940157, 41.053642], [28.9398609, 41.0550239], [28.941672, 41.0549527]]], [[[33.5323599, 36.1250927], [33.5337244, 36.1207472], [33.5294032, 36.1203501], [33.5323599, 36.1250927]]], [[[33.5298904, 36.1289259], [33.5322423, 36.1251945], [33.530176, 36.1263139], [33.5298904, 36.1289259]]], [[[29.7661047, 36.1322589], [29.7476683, 36.1306174], [29.7492802, 36.1261995], [29.7381819, 36.1225149], [29.7552869, 36.1409289], [29.7661047, 36.1322589]]], [[[29.6507793, 36.13285], [29.6518594, 36.1310654], [29.6496412, 36.1313145], [29.6507793, 36.13285]]], [[[29.659904, 36.130619], [29.6548856, 36.1339309], [29.662947, 36.136331], [29.659904, 36.130619]]], [[[29.6233192, 36.1508051], [29.6237321, 36.1530612], [29.6264026, 36.15172], [29.6233192, 36.1508051]]], [[[33.692864, 36.161245], [33.6976578, 36.1595746], [33.691904, 36.1603642], [33.692864, 36.161245]]], [[[29.6261746, 36.1623205], [29.6251697, 36.1604327], [29.6241509, 36.1617547], [29.6261746, 36.1623205]]], [[[29.8765762, 36.1662119], [29.8752532, 36.1656633], [29.8756601, 36.1670812], [29.8765762, 36.1662119]]], [[[29.8379982, 36.1696754], [29.8350642, 36.1691397], [29.8367007, 36.1708593], [29.8379982, 36.1696754]]], [[[29.836813, 36.172148], [29.8325441, 36.1689814], [29.8316317, 36.1703631], [29.836813, 36.172148]]], [[[29.8868807, 36.1833094], [29.8940511, 36.1802104], [29.880699, 36.170038], [29.8771357, 36.1719698], [29.8818335, 36.1777494], [29.8743833, 36.173753], [29.8699127, 36.1753026], [29.8631455, 36.1713011], [29.8414765, 36.1682937], [29.8414283, 36.1708872], [29.869697, 36.1845758], [29.893867, 36.1883185], [29.9046051, 36.1956758], [29.9160049, 36.196122], [29.9040704, 36.1924004], [29.8976451, 36.1834438], [29.8868807, 36.1833094]]], [[[30.4034634, 36.1816187], [30.4057112, 36.18542], [30.4031587, 36.1922779], [30.4072097, 36.1922514], [30.4077861, 36.1755441], [30.4034634, 36.1816187]]], [[[29.5465455, 36.1850701], [29.5499733, 36.1845606], [29.5490942, 36.183181], [29.5465455, 36.1850701]]], [[[29.9134539, 36.1909433], [29.9120795, 36.1884949], [29.9097719, 36.189134], [29.9134539, 36.1909433]]], [[[33.7833616, 36.1963006], [33.7744429, 36.1826532], [33.7613008, 36.1794217], [33.7578261, 36.1815301], [33.7573785, 36.1846171], [33.7789755, 36.2005624], [33.7833616, 36.1963006]]], [[[30.4044693, 36.2024086], [30.4035535, 36.197644], [30.3995098, 36.1975276], [30.400425, 36.200142], [30.4044693, 36.2024086]]], [[[29.439578, 36.204027], [29.4362448, 36.1994018], [29.4354745, 36.2039247], [29.439578, 36.204027]]], [[[29.899444, 36.2050551], [29.903562, 36.203937], [29.901736, 36.2019641], [29.899444, 36.2050551]]], [[[29.8958499, 36.2090008], [29.9019387, 36.2124651], [29.9071164, 36.2119808], [29.9017301, 36.207372], [29.8958499, 36.2090008]]], [[[29.3664063, 36.2195441], [29.347183, 36.209215], [29.3480359, 36.2140102], [29.3664063, 36.2195441]]], [[[29.4429233, 36.2125757], [29.4440702, 36.2171265], [29.4527055, 36.2203941], [29.4484014, 36.2149013], [29.4429233, 36.2125757]]], [[[29.3680957, 36.2221598], [29.3733871, 36.2245516], [29.3740395, 36.2210866], [29.3714381, 36.2198811], [29.3680957, 36.2221598]]], [[[30.480723, 36.231144], [30.470394, 36.236834], [30.470611, 36.239921], [30.474755, 36.239238], [30.480723, 36.231144]]], [[[33.828786, 36.2676031], [33.8264021, 36.2649278], [33.8259258, 36.2676083], [33.828786, 36.2676031]]], [[[30.5499388, 36.4590675], [30.5491172, 36.4567089], [30.5477692, 36.4583923], [30.5499388, 36.4590675]]], [[[30.5533961, 36.4608127], [30.5529533, 36.4578488], [30.5507761, 36.460441], [30.5533961, 36.4608127]]], [[[29.0618811, 36.5402637], [29.0602536, 36.5396713], [29.0598163, 36.541601], [29.0618811, 36.5402637]]], [[[29.0759014, 36.5542073], [29.0700959, 36.5515296], [29.0637661, 36.5547168], [29.0759014, 36.5542073]]], [[[29.0976922, 36.6465348], [29.0980568, 36.6521678], [29.1069505, 36.6534963], [29.0995758, 36.6491669], [29.0976922, 36.6465348]]], [[[29.0460375, 36.6649179], [29.0498713, 36.6606051], [29.0538463, 36.6609582], [29.0527314, 36.6567116], [29.0434611, 36.6521958], [29.0409904, 36.6613016], [29.0460375, 36.6649179]]], [[[30.588881, 36.803871], [30.5905878, 36.8025374], [30.589305, 36.800541], [30.588881, 36.803871]]], [[[36.1752154, 35.8688322], [36.1703774, 35.8504537], [36.1733711, 35.8355287], [36.170098, 35.8273194], [36.1628654, 35.8241782], [36.165637, 35.8151506], [36.1539433, 35.8076804], [36.1395037, 35.8155798], [36.1397635, 35.8336977], [36.1356757, 35.8413098], [36.1128557, 35.8620061], [36.0907144, 35.8653669], [36.081757, 35.8718949], [36.0683505, 35.8692689], [36.0476216, 35.8800386], [36.0391485, 35.8776641], [36.0290455, 35.8825193], [35.9995216, 35.8800336], [35.9983442, 35.8839003], [36.0178887, 35.9210181], [36.0065396, 35.94081], [35.9759434, 35.9389374], [35.9735247, 35.9341408], [35.959668, 35.9274995], [35.9487534, 35.9295], [35.931439, 35.9205373], [35.9228491, 35.9219057], [35.9177629, 35.9287314], [35.918795, 35.947873], [35.9223084, 35.9551086], [35.92958, 35.957627], [35.9285299, 35.9607167], [35.9578234, 35.9823525], [35.9598082, 35.9924008], [35.978584, 36.004836], [35.98163, 36.010154], [35.979641, 36.016111], [35.9234093, 36.1174629], [35.9180968, 36.1245848], [35.9143303, 36.1244031], [35.9112054, 36.1272972], [35.9166876, 36.1255323], [35.9133764, 36.1267795], [35.909875, 36.139058], [35.9041141, 36.1430954], [35.899063, 36.154988], [35.8734198, 36.1798743], [35.839439, 36.231675], [35.790921, 36.280335], [35.780465, 36.298558], [35.784683, 36.305652], [35.7801962, 36.3218766], [35.785124, 36.322465], [35.787744, 36.32921], [35.806658, 36.338784], [35.813578, 36.345813], [35.816822, 36.352158], [35.8155719, 36.3605192], [35.8189499, 36.3623876], [35.817535, 36.35869], [35.831111, 36.365304], [35.854634, 36.370266], [35.860517, 36.383481], [35.8608005, 36.3958049], [35.86942, 36.40099], [35.880618, 36.416002], [35.8856696, 36.4164937], [35.8875213, 36.4125953], [35.8952588, 36.4156752], [35.900155, 36.42439], [35.901803, 36.438732], [35.9093675, 36.4445287], [35.913095, 36.443208], [35.923798, 36.448854], [35.931841, 36.459829], [35.941693, 36.459714], [35.9517247, 36.4655369], [35.982797, 36.474489], [35.998531, 36.494897], [36.0103566, 36.5009109], [36.0288045, 36.5184582], [36.0369071, 36.5337413], [36.095751, 36.557716], [36.1357638, 36.579967], [36.1490254, 36.5909796], [36.1622873, 36.5958066], [36.1737261, 36.5918782], [36.1757286, 36.5919947], [36.1757923, 36.5940391], [36.1790777, 36.5958584], [36.1758212, 36.593593], [36.1790493, 36.5919189], [36.1859135, 36.6034842], [36.1802152, 36.5932667], [36.1892426, 36.5932113], [36.1929084, 36.6074053], [36.196443, 36.608029], [36.197872, 36.630151], [36.2117106, 36.6417845], [36.2153232, 36.6597098], [36.2119564, 36.6719541], [36.2083362, 36.6786494], [36.1992487, 36.6769015], [36.2068273, 36.682548], [36.2032759, 36.6819647], [36.2021639, 36.6861415], [36.19818, 36.6851259], [36.2029292, 36.6875475], [36.1929264, 36.7051516], [36.1961567, 36.7175672], [36.1941059, 36.7214303], [36.1837748, 36.7239356], [36.2001063, 36.720188], [36.202285, 36.7225118], [36.1987024, 36.7222978], [36.2021403, 36.7269674], [36.2004775, 36.7296247], [36.1968985, 36.727996], [36.1967682, 36.7324128], [36.1871804, 36.726621], [36.1954368, 36.7330668], [36.190283, 36.7448133], [36.1915932, 36.7528916], [36.197601, 36.761503], [36.2030315, 36.7617325], [36.205661, 36.765322], [36.206333, 36.773778], [36.2011068, 36.7827582], [36.1870499, 36.7802659], [36.2042456, 36.7840042], [36.2034798, 36.787477], [36.176279, 36.8205213], [36.1709352, 36.8192722], [36.1698609, 36.8197122], [36.1674126, 36.8222721], [36.170498, 36.8195522], [36.1743829, 36.8211122], [36.1724092, 36.8236821], [36.1695112, 36.8218322], [36.1722094, 36.824572], [36.1570984, 36.845206], [36.1519456, 36.846445], [36.1543753, 36.8482214], [36.150517, 36.852827], [36.1233063, 36.8771286], [36.0641777, 36.9102942], [36.0271712, 36.9256575], [36.0070408, 36.9306382], [35.9952604, 36.9232583], [35.9965389, 36.9216557], [35.9880176, 36.919725], [35.9898306, 36.9167627], [35.9841448, 36.9186888], [35.9816151, 36.915173], [35.9832219, 36.9113079], [35.9800784, 36.9139632], [35.972513, 36.9071958], [35.9739315, 36.9055038], [35.9633598, 36.9036889], [35.953707, 36.891272], [35.9377299, 36.8868034], [35.936445, 36.8810706], [35.940831, 36.8823443], [35.9373241, 36.8798474], [35.9231916, 36.8766439], [35.9179403, 36.8721528], [35.9329104, 36.8553043], [35.9328889, 36.8513724], [35.9326744, 36.8552098], [35.9184041, 36.8682537], [35.9142533, 36.8665231], [35.8988636, 36.8464979], [35.900765, 36.8438864], [35.8980886, 36.8390446], [35.9064646, 36.8342361], [35.8972631, 36.8392436], [35.8861308, 36.8372614], [35.8692088, 36.8191763], [35.8500441, 36.8104619], [35.8456211, 36.7979481], [35.7960986, 36.7743265], [35.7914419, 36.7670373], [35.7956713, 36.7663186], [35.755838, 36.7699873], [35.711007, 36.7589081], [35.7048025, 36.7597432], [35.6983499, 36.7673116], [35.666729, 36.766948], [35.641783, 36.756332], [35.636319, 36.745923], [35.628054, 36.746876], [35.615186, 36.725071], [35.61546, 36.733155], [35.610362, 36.733396], [35.606302, 36.72655], [35.602829, 36.727654], [35.599726, 36.720787], [35.59453, 36.718075], [35.593926, 36.709612], [35.599258, 36.706927], [35.59539, 36.705728], [35.599456, 36.703327], [35.597156, 36.701323], [35.601919, 36.700705], [35.606533, 36.705098], [35.611412, 36.698442], [35.61091, 36.707186], [35.6060818, 36.709695], [35.609476, 36.710468], [35.607117, 36.71292], [35.610541, 36.710404], [35.611615, 36.713848], [35.61406, 36.710712], [35.61582, 36.715554], [35.615535, 36.702461], [35.622331, 36.700641], [35.623846, 36.707672], [35.62616, 36.700686], [35.630155, 36.696231], [35.636381, 36.701101], [35.645616, 36.70064], [35.66087, 36.708262], [35.671083, 36.708418], [35.657904, 36.705503], [35.644369, 36.698315], [35.665917, 36.706608], [35.6930391, 36.709543], [35.7020012, 36.7093041], [35.693546, 36.709108], [35.693926, 36.704821], [35.670719, 36.697896], [35.677593, 36.69376], [35.6971997, 36.7059327], [35.7115993, 36.7060839], [35.7229189, 36.7172408], [35.7226615, 36.722712], [35.7245432, 36.7184147], [35.7146352, 36.7064994], [35.653693, 36.675803], [35.6445751, 36.6683497], [35.6378952, 36.6566572], [35.636889, 36.627247], [35.6292771, 36.6099234], [35.6197841, 36.6007333], [35.580539, 36.585844], [35.5680012, 36.5657708], [35.5580141, 36.5651334], [35.53183, 36.576743], [35.4988939, 36.5856446], [35.4561234, 36.5914883], [35.4217098, 36.5906596], [35.4077857, 36.5856246], [35.4045054, 36.5794675], [35.4086711, 36.5738247], [35.3864729, 36.5634749], [35.3836912, 36.5579372], [35.3792258, 36.557619], [35.3850449, 36.5575587], [35.3827944, 36.5557805], [35.3601758, 36.5505393], [35.3544014, 36.5445453], [35.3480861, 36.5446079], [35.3391955, 36.5388127], [35.3374595, 36.5470656], [35.3252397, 36.5573357], [35.2152233, 36.6106187], [35.1082817, 36.6577051], [35.1072906, 36.6607776], [35.0862324, 36.6716092], [35.0190427, 36.7034771], [34.974934, 36.719056], [34.9082959, 36.72934], [34.87271, 36.76682], [34.833975, 36.789387], [34.781031, 36.806375], [34.746646, 36.811509], [34.723958, 36.811327], [34.6965853, 36.8055157], [34.6925482, 36.8076857], [34.6969137, 36.8045778], [34.6898916, 36.8080863], [34.6627394, 36.8061293], [34.6612283, 36.801924], [34.6503601, 36.7963196], [34.6426271, 36.7870271], [34.6503095, 36.7963632], [34.6608622, 36.8018783], [34.6605477, 36.8059709], [34.6554764, 36.8033493], [34.6578927, 36.805954], [34.6542662, 36.8083788], [34.6519599, 36.8038143], [34.6499771, 36.8060867], [34.6492276, 36.7991906], [34.6443956, 36.8042734], [34.6381765, 36.7956759], [34.6362719, 36.7998796], [34.6242318, 36.7899182], [34.6281281, 36.7901386], [34.6353134, 36.7840528], [34.6420842, 36.784704], [34.6353364, 36.7838474], [34.6305381, 36.7877977], [34.6245391, 36.7870536], [34.6073169, 36.7800088], [34.5764418, 36.774716], [34.5678267, 36.7694095], [34.5703767, 36.7675799], [34.5754268, 36.7709102], [34.5707373, 36.7673869], [34.5636436, 36.7689362], [34.5494217, 36.7572903], [34.5495052, 36.7511731], [34.5414719, 36.7382825], [34.5136979, 36.730525], [34.5034288, 36.7223217], [34.4737874, 36.7091229], [34.443464, 36.684431], [34.4297052, 36.6638018], [34.4032554, 36.6557524], [34.3612429, 36.6368458], [34.3304834, 36.6164511], [34.321678, 36.6052774], [34.3267927, 36.6073008], [34.3236584, 36.6041541], [34.2995668, 36.5972924], [34.263999, 36.574459], [34.2538349, 36.5634757], [34.2578217, 36.5644124], [34.2524716, 36.562844], [34.2426066, 36.5518154], [34.2336078, 36.5338257], [34.2280468, 36.5326586], [34.2303011, 36.5304791], [34.2275793, 36.5279308], [34.2322219, 36.5311294], [34.2296962, 36.5275301], [34.206409, 36.5168403], [34.1954249, 36.5021059], [34.1830763, 36.495298], [34.17743, 36.4843106], [34.1784863, 36.480503], [34.1701551, 36.4756687], [34.167782, 36.467022], [34.1487474, 36.463129], [34.1411657, 36.4568416], [34.1328021, 36.4594152], [34.131986, 36.455291], [34.1348488, 36.4534916], [34.128634, 36.454424], [34.1263248, 36.4463666], [34.1215995, 36.4510262], [34.120557, 36.445636], [34.1166895, 36.4474688], [34.1137505, 36.4438633], [34.12018, 36.441529], [34.118539, 36.437948], [34.111223, 36.437759], [34.111323, 36.433647], [34.115278, 36.4316872], [34.110419, 36.425948], [34.1043589, 36.4222919], [34.0990989, 36.4263125], [34.0979847, 36.4207342], [34.0905404, 36.4199837], [34.0926284, 36.4175265], [34.0901195, 36.4154145], [34.0870328, 36.4175397], [34.0827495, 36.4151156], [34.0777068, 36.3973407], [34.0788, 36.33503], [34.074317, 36.320682], [34.0432427, 36.2929452], [34.0352592, 36.2991037], [34.0200154, 36.3005716], [34.020627, 36.305994], [34.014971, 36.31041], [34.018482, 36.311922], [34.015173, 36.313748], [34.013367, 36.309139], [34.0195676, 36.300034], [34.0172286, 36.3029896], [34.019118, 36.299712], [34.0011464, 36.2883528], [33.9781898, 36.2660554], [33.9704362, 36.2548347], [33.964943, 36.2341247], [33.9564904, 36.233867], [33.9511178, 36.2407162], [33.9476751, 36.2515128], [33.9511983, 36.2647033], [33.9349866, 36.2891077], [33.903186, 36.3107526], [33.9015621, 36.3110817], [33.8985863, 36.3069762], [33.897261, 36.3065962], [33.8896432, 36.309192], [33.8978122, 36.3067828], [33.9013159, 36.3113377], [33.894211, 36.3135483], [33.8925613, 36.3105873], [33.8928567, 36.314055], [33.8838901, 36.3171976], [33.8778995, 36.3159512], [33.8825247, 36.3144775], [33.8687697, 36.3163399], [33.8547341, 36.3053888], [33.847483, 36.292959], [33.8393811, 36.2920986], [33.83265, 36.285869], [33.8336343, 36.2805334], [33.8415646, 36.2837713], [33.8357494, 36.2805383], [33.8366402, 36.2762561], [33.842781, 36.2779379], [33.841432, 36.276172], [33.8365626, 36.2738066], [33.8221789, 36.2769019], [33.8130037, 36.2734564], [33.8156839, 36.2739121], [33.81548, 36.267488], [33.822055, 36.2641597], [33.818542, 36.2567699], [33.8081789, 36.2540762], [33.8107397, 36.2504159], [33.804911, 36.24238], [33.808696, 36.240299], [33.80202, 36.238802], [33.796872, 36.231642], [33.783157, 36.223768], [33.77236, 36.222167], [33.752291, 36.21266], [33.748113, 36.206777], [33.736981, 36.202992], [33.735675, 36.198889], [33.725186, 36.19587], [33.723244, 36.191514], [33.695489, 36.17138], [33.6872245, 36.1594425], [33.695753, 36.1570743], [33.6919554, 36.1549353], [33.69928, 36.152344], [33.699841, 36.144119], [33.698694, 36.139757], [33.689783, 36.135055], [33.6825102, 36.1340006], [33.6858364, 36.1376918], [33.6832503, 36.1384208], [33.6778097, 36.1359513], [33.6728488, 36.1450868], [33.676953, 36.153243], [33.6834272, 36.1578316], [33.67635, 36.156844], [33.67606, 36.159929], [33.671314, 36.160726], [33.660211, 36.159246], [33.659883, 36.1839765], [33.653245, 36.1808651], [33.6576163, 36.1834842], [33.6547858, 36.1874055], [33.659548, 36.1847092], [33.6613904, 36.1868141], [33.6472093, 36.1942071], [33.638593, 36.189426], [33.614461, 36.184027], [33.6094723, 36.1855869], [33.592852, 36.176557], [33.582252, 36.157338], [33.578143, 36.158771], [33.5732532, 36.1543664], [33.575662, 36.144523], [33.567842, 36.136338], [33.564047, 36.137127], [33.566065, 36.131464], [33.561465, 36.130458], [33.561116, 36.125835], [33.539264, 36.126063], [33.536593, 36.129288], [33.538052, 36.134163], [33.5352156, 36.1340248], [33.544112, 36.1371616], [33.5421984, 36.1404572], [33.5169351, 36.143857], [33.511856, 36.148667], [33.4990659, 36.1491011], [33.473587, 36.159487], [33.4602654, 36.1596889], [33.4474009, 36.1532926], [33.4432613, 36.1555587], [33.441524, 36.14869], [33.432957, 36.14628], [33.429178, 36.150404], [33.4137005, 36.1384867], [33.4037637, 36.1371612], [33.4045098, 36.1306722], [33.3989692, 36.1275049], [33.3968253, 36.1296945], [33.393884, 36.12496], [33.389198, 36.138079], [33.383508, 36.140538], [33.376213, 36.138763], [33.3734552, 36.1421249], [33.365128, 36.139183], [33.357694, 36.141518], [33.36006, 36.1481703], [33.3509153, 36.1546041], [33.3482603, 36.1515566], [33.3435417, 36.1528023], [33.3423659, 36.1496092], [33.336355, 36.151601], [33.3270569, 36.1474946], [33.3236027, 36.1451764], [33.3252598, 36.1436686], [33.303645, 36.131517], [33.296041, 36.131022], [33.2982327, 36.1332136], [33.2952327, 36.1356917], [33.2893295, 36.132615], [33.2891668, 36.1294563], [33.2813701, 36.1316383], [33.2705666, 36.1286519], [33.265836, 36.1321504], [33.2550778, 36.1326876], [33.2439954, 36.1293369], [33.2343762, 36.1303105], [33.2312086, 36.1267851], [33.224175, 36.1300419], [33.1956001, 36.1278327], [33.1610226, 36.1383815], [33.1459744, 36.1381398], [33.1311997, 36.1345612], [33.1242227, 36.1295313], [33.1100669, 36.1098313], [33.109283, 36.10346], [33.097719, 36.09756], [33.099931, 36.094732], [33.093917, 36.095764], [33.095335, 36.090367], [33.092007, 36.086259], [33.087893, 36.087804], [33.0858974, 36.0827233], [33.0889976, 36.078768], [33.0811661, 36.0699562], [33.0781637, 36.0705995], [33.0823314, 36.0751795], [33.082443, 36.0807192], [33.0700057, 36.0823468], [33.0710107, 36.0872857], [33.0654795, 36.0913607], [33.0528188, 36.090669], [33.0543449, 36.0933261], [33.0509698, 36.0954013], [33.0284531, 36.0963191], [33.0236031, 36.0906425], [33.0156933, 36.0965093], [33.0038254, 36.0951051], [33.0004735, 36.0992877], [32.9906121, 36.0960353], [32.9476139, 36.1034215], [32.9395718, 36.1004306], [32.9406832, 36.0977739], [32.9375613, 36.0993439], [32.9386995, 36.0954747], [32.9423173, 36.0976623], [32.9392806, 36.0951228], [32.9356526, 36.0964531], [32.930557, 36.088843], [32.9209713, 36.0855788], [32.907133, 36.086386], [32.869368, 36.0710553], [32.836726, 36.0425058], [32.8136682, 36.0334414], [32.8029936, 36.0167224], [32.7911692, 36.0254897], [32.772758, 36.02942], [32.7355563, 36.0318397], [32.729397, 36.03614], [32.709152, 36.035579], [32.6860344, 36.0430638], [32.6803019, 36.0403071], [32.6670048, 36.0443708], [32.642281, 36.061864], [32.619445, 36.072457], [32.5926642, 36.0791839], [32.581693, 36.0902107], [32.5644795, 36.1004578], [32.554095, 36.098954], [32.549692, 36.093798], [32.520868, 36.096128], [32.511945, 36.105599], [32.501499, 36.105042], [32.49576, 36.111313], [32.488489, 36.109355], [32.488558, 36.1135605], [32.482123, 36.114467], [32.478592, 36.121646], [32.467795, 36.125967], [32.460452, 36.134541], [32.441737, 36.138182], [32.4401789, 36.1427598], [32.4365748, 36.1420687], [32.4214057, 36.1532638], [32.4161964, 36.1535203], [32.412729, 36.16271], [32.389591, 36.163622], [32.388905, 36.170299], [32.3798346, 36.1729647], [32.374525, 36.185384], [32.351514, 36.208386], [32.339083, 36.216283], [32.3328613, 36.2162065], [32.3294547, 36.2219388], [32.3204847, 36.2231408], [32.2953286, 36.2351445], [32.2970886, 36.2368275], [32.285629, 36.2542716], [32.2755804, 36.2629789], [32.2782652, 36.2623426], [32.2771396, 36.2663363], [32.2782469, 36.26311], [32.2801797, 36.2645136], [32.2740078, 36.2837452], [32.2765246, 36.2855989], [32.2750915, 36.2888119], [32.2541731, 36.3086594], [32.249109, 36.3075544], [32.2421523, 36.3177232], [32.2336822, 36.3189135], [32.226676, 36.329175], [32.2138281, 36.338909], [32.1938786, 36.3695557], [32.193643, 36.376232], [32.16524, 36.41766], [32.1489588, 36.4315028], [32.1345223, 36.4374756], [32.1235378, 36.4504449], [32.1174366, 36.4661351], [32.0770053, 36.5042636], [32.0262349, 36.5384977], [32.0054655, 36.5428175], [31.998928, 36.5393306], [31.9994491, 36.5368014], [32.0046646, 36.5389484], [31.9984038, 36.5358532], [32.0000765, 36.5306524], [31.9856813, 36.5272755], [31.9884547, 36.5299769], [31.9886304, 36.5410372], [31.9610956, 36.5586793], [31.9530211, 36.5574655], [31.9478998, 36.5602591], [31.9471603, 36.5581732], [31.9516941, 36.5574306], [31.9481998, 36.5569412], [31.9189234, 36.5635734], [31.8641872, 36.5856888], [31.830173, 36.595029], [31.8159363, 36.5937048], [31.7872483, 36.6069074], [31.7773925, 36.603562], [31.7708224, 36.6069646], [31.7753794, 36.608288], [31.7740182, 36.614675], [31.7620637, 36.6241972], [31.7585757, 36.62284], [31.7544445, 36.6260642], [31.7545133, 36.6305907], [31.7486873, 36.6358942], [31.7402631, 36.6371407], [31.7355131, 36.6416774], [31.7258304, 36.6379172], [31.724973, 36.6403697], [31.701979, 36.642816], [31.6858475, 36.6493909], [31.672162, 36.644092], [31.6731065, 36.6485793], [31.6641328, 36.6492012], [31.6528505, 36.6611941], [31.635837, 36.6720396], [31.601718, 36.686768], [31.585377, 36.69942], [31.559793, 36.711316], [31.476153, 36.743233], [31.4386608, 36.7535553], [31.417216, 36.755489], [31.393373, 36.765959], [31.3862325, 36.7635996], [31.3827422, 36.7667637], [31.3914808, 36.7720429], [31.388477, 36.77861], [31.362771, 36.7970925], [31.3378973, 36.8040518], [31.3396005, 36.8043532], [31.3405715, 36.8065163], [31.338672, 36.8045196], [31.326965, 36.809742], [31.2932829, 36.8165049], [31.2681091, 36.8192826], [31.2692859, 36.8173231], [31.2653984, 36.8169342], [31.2599537, 36.8203401], [31.2465497, 36.8212998], [31.247231, 36.821916], [31.2467697, 36.8246218], [31.2449361, 36.8212038], [31.221926, 36.8206905], [31.2011493, 36.8273757], [31.0800172, 36.8412536], [31.0604189, 36.8493689], [31.008039, 36.8573404], [30.9445573, 36.8548983], [30.9474383, 36.857119], [30.9231072, 36.8539303], [30.9213793, 36.8514287], [30.920737, 36.8539628], [30.8778252, 36.8527489], [30.80179, 36.8476358], [30.7992806, 36.8452892], [30.7953677, 36.850826], [30.7890934, 36.8528173], [30.7579557, 36.8453808], [30.7446354, 36.8547115], [30.740427, 36.853341], [30.730711, 36.85765], [30.7154886, 36.8730171], [30.707503, 36.8748], [30.7031028, 36.8846169], [30.6990094, 36.8853276], [30.6788007, 36.8838989], [30.668049, 36.87904], [30.622297, 36.849717], [30.6139843, 36.8415521], [30.6128093, 36.8345016], [30.6130984, 36.8381547], [30.6108596, 36.8361156], [30.6057902, 36.839352], [30.6044198, 36.8375649], [30.6085622, 36.8345911], [30.6052177, 36.8301397], [30.6099757, 36.8287853], [30.6169258, 36.8337445], [30.6103712, 36.8283828], [30.6042306, 36.8294604], [30.596586, 36.823034], [30.5824625, 36.8051025], [30.583634, 36.802513], [30.5783394, 36.8004353], [30.5807051, 36.7987291], [30.5849392, 36.8017858], [30.580755, 36.7984353], [30.5777798, 36.7999336], [30.5748797, 36.7950698], [30.573108, 36.7651178], [30.5678852, 36.7514182], [30.5704125, 36.7453076], [30.5618516, 36.7270026], [30.5643612, 36.7268213], [30.5653804, 36.7180498], [30.5753174, 36.7043138], [30.573268, 36.6980921], [30.5750756, 36.6993246], [30.5700999, 36.6756714], [30.5546303, 36.6477953], [30.5564122, 36.6436336], [30.5605524, 36.6439469], [30.5558849, 36.6328755], [30.560577, 36.6111219], [30.5684505, 36.601732], [30.5724431, 36.6012611], [30.5706651, 36.599988], [30.5741189, 36.6008063], [30.572133, 36.6023693], [30.5779981, 36.6006218], [30.5750075, 36.599753], [30.576934, 36.5961652], [30.5892574, 36.5988636], [30.5923025, 36.5912727], [30.5853421, 36.5849703], [30.5885183, 36.5793099], [30.5577129, 36.5410676], [30.5605891, 36.5371226], [30.556878, 36.5348106], [30.565645, 36.533182], [30.5512531, 36.5273409], [30.555011, 36.522176], [30.55269, 36.520074], [30.548908, 36.523977], [30.5411951, 36.5217523], [30.544039, 36.51021], [30.5280806, 36.4920266], [30.5215295, 36.4818332], [30.5226209, 36.4790301], [30.5164575, 36.479345], [30.5169707, 36.4756173], [30.5211804, 36.4741491], [30.5154583, 36.4740245], [30.5171321, 36.4700663], [30.5065279, 36.467644], [30.5113092, 36.4622226], [30.5099075, 36.4593197], [30.5173366, 36.4565743], [30.5114334, 36.4544441], [30.509278, 36.4401776], [30.4971895, 36.4359773], [30.4894786, 36.4393541], [30.4875543, 36.4357229], [30.4836203, 36.437276], [30.4804769, 36.4337901], [30.4873102, 36.4302783], [30.4863919, 36.4262636], [30.491674, 36.4218032], [30.4864119, 36.4205808], [30.4766686, 36.3953366], [30.485754, 36.3922723], [30.4852209, 36.3817827], [30.4935822, 36.3746626], [30.498251, 36.3648416], [30.5021197, 36.364651], [30.5010475, 36.3693821], [30.5048856, 36.369927], [30.5083054, 36.360319], [30.5036688, 36.3616926], [30.5023012, 36.3554888], [30.5050501, 36.3529465], [30.508457, 36.356049], [30.5101341, 36.3451792], [30.5208825, 36.3410945], [30.5273778, 36.3437261], [30.5291243, 36.3346755], [30.5171674, 36.3296649], [30.5085576, 36.3324421], [30.5066077, 36.3236286], [30.5015203, 36.3232791], [30.4967862, 36.3274649], [30.490666, 36.3238902], [30.4876935, 36.3165083], [30.4668195, 36.3141436], [30.465835, 36.304293], [30.4712835, 36.2968699], [30.4824847, 36.3012854], [30.4881951, 36.2992189], [30.4842923, 36.2879857], [30.4875465, 36.2793239], [30.463114, 36.265833], [30.4605293, 36.2570399], [30.4508809, 36.2580641], [30.4521799, 36.2511656], [30.4476489, 36.2529654], [30.4377954, 36.2454278], [30.4339221, 36.2415414], [30.4358771, 36.2365196], [30.4333907, 36.2320411], [30.4273798, 36.228263], [30.4211184, 36.2288977], [30.419754, 36.2211826], [30.4166284, 36.2223049], [30.4141849, 36.2153241], [30.4045646, 36.209746], [30.4026198, 36.2160689], [30.4053336, 36.2284499], [30.4011056, 36.2326713], [30.4074231, 36.2406497], [30.3986973, 36.2466023], [30.4047177, 36.255276], [30.4091558, 36.2552377], [30.4137605, 36.2644277], [30.4087497, 36.2745924], [30.3957166, 36.273545], [30.3920647, 36.2791948], [30.3872189, 36.2779507], [30.3868184, 36.2741697], [30.3812409, 36.2763821], [30.3693733, 36.2693019], [30.3208369, 36.3003538], [30.2945089, 36.3113049], [30.2737601, 36.315591], [30.2741675, 36.3182003], [30.2727626, 36.314379], [30.1911589, 36.3146873], [30.1719, 36.310924], [30.1496277, 36.3015672], [30.1471111, 36.2966833], [30.1520025, 36.2948441], [30.1486588, 36.2956658], [30.1501167, 36.2922811], [30.1534077, 36.2946653], [30.1493806, 36.2893713], [30.1524199, 36.2867715], [30.1525799, 36.2746065], [30.1486326, 36.2749268], [30.1512188, 36.272646], [30.1418265, 36.2663263], [30.1400406, 36.2712683], [30.143735, 36.2763156], [30.1388119, 36.2788499], [30.1280442, 36.2622301], [30.1212522, 36.2630592], [30.1198462, 36.2509702], [30.1175051, 36.251992], [30.1143718, 36.2469362], [30.1092041, 36.2499543], [30.1047425, 36.246344], [30.0850064, 36.2500076], [30.0795464, 36.2565629], [30.0698061, 36.2602128], [30.0715172, 36.2580389], [30.0509582, 36.2544954], [29.9915546, 36.224711], [29.986367, 36.2200774], [29.9887186, 36.2184301], [29.9869961, 36.214031], [29.9819111, 36.2142016], [29.9887728, 36.2135366], [29.9837146, 36.2117406], [29.9794436, 36.215049], [29.9813974, 36.2180841], [29.9765894, 36.2207259], [29.964152, 36.2193635], [29.9510903, 36.2222865], [29.9455631, 36.2197292], [29.9404078, 36.2232798], [29.945169, 36.2241837], [29.9415966, 36.2289608], [29.9222434, 36.2340844], [29.9236887, 36.2308727], [29.9208152, 36.2291908], [29.9029076, 36.2253363], [29.9063478, 36.2252496], [29.9034312, 36.2188323], [29.9065922, 36.2195407], [29.9073329, 36.2162038], [29.8881807, 36.2123222], [29.894009, 36.206993], [29.8897189, 36.2046471], [29.8957453, 36.2060668], [29.8977669, 36.2024378], [29.8878589, 36.2003137], [29.8898202, 36.1975889], [29.8846865, 36.1952703], [29.8869239, 36.1939265], [29.8692993, 36.1932424], [29.8574617, 36.1889823], [29.8572754, 36.1922872], [29.8538451, 36.1922773], [29.8638761, 36.196707], [29.8486371, 36.1972189], [29.8278185, 36.1886341], [29.8316413, 36.1858793], [29.8437298, 36.1922058], [29.8500198, 36.1921397], [29.8374965, 36.1873359], [29.8311691, 36.1776244], [29.8215951, 36.183328], [29.8231604, 36.1757796], [29.8151646, 36.1760146], [29.8161536, 36.1734924], [29.80079, 36.165805], [29.7999168, 36.1626774], [29.811873, 36.1673102], [29.8293554, 36.1677505], [29.8231518, 36.1618336], [29.8164938, 36.162346], [29.8178803, 36.1594383], [29.8107907, 36.1566956], [29.8108088, 36.1535134], [29.7943847, 36.147106], [29.7930952, 36.1433746], [29.7847784, 36.1443237], [29.7807385, 36.1412523], [29.7839464, 36.1403917], [29.7770686, 36.1371212], [29.7566664, 36.142258], [29.7706491, 36.1532774], [29.7876317, 36.1591938], [29.7715601, 36.1605583], [29.7556494, 36.1545246], [29.7464213, 36.1624947], [29.7456435, 36.1591533], [29.7362234, 36.156432], [29.7292802, 36.1633891], [29.7210604, 36.1634356], [29.7132981, 36.1570431], [29.7097535, 36.1485672], [29.7002595, 36.1486238], [29.7003476, 36.1444551], [29.6936713, 36.1484902], [29.693238, 36.143033], [29.6839977, 36.1309698], [29.6779107, 36.1438553], [29.6796158, 36.1469155], [29.6758023, 36.1492029], [29.678131, 36.1535688], [29.66774, 36.1519203], [29.6651422, 36.1464521], [29.655216, 36.147663], [29.6526141, 36.1504648], [29.6576806, 36.1529252], [29.6508831, 36.1604626], [29.6443027, 36.1593186], [29.6418289, 36.1654196], [29.6312578, 36.1693032], [29.6413371, 36.1832359], [29.6402945, 36.1786835], [29.6435546, 36.174077], [29.6512121, 36.1738348], [29.6515888, 36.1917436], [29.6439896, 36.1975042], [29.6247206, 36.1998569], [29.6124489, 36.1972644], [29.6092948, 36.1878295], [29.5962937, 36.1880659], [29.5899907, 36.1843276], [29.584318, 36.1863211], [29.5856211, 36.1906646], [29.603595, 36.1969279], [29.6115797, 36.2038413], [29.6315298, 36.2010604], [29.6344202, 36.2028146], [29.6314845, 36.2050982], [29.6111593, 36.2084523], [29.5856866, 36.2010593], [29.573599, 36.20263], [29.5702566, 36.2051518], [29.5717341, 36.2088039], [29.5679338, 36.2099014], [29.477631, 36.2118626], [29.4595501, 36.2214419], [29.454098, 36.2206948], [29.455356, 36.2256039], [29.4512156, 36.2279305], [29.4303308, 36.2325614], [29.4235813, 36.2318932], [29.4127338, 36.2243889], [29.4047481, 36.243703], [29.408779, 36.243567], [29.4152339, 36.2517024], [29.4175644, 36.2596776], [29.4140982, 36.2631147], [29.4147658, 36.260973], [29.4088536, 36.2624944], [29.4013598, 36.2583747], [29.3923277, 36.2650264], [29.3870679, 36.2612136], [29.3695759, 36.2632486], [29.3681572, 36.2594719], [29.3734463, 36.2564286], [29.3748236, 36.2511735], [29.3690824, 36.2382425], [29.3531325, 36.2301202], [29.3302077, 36.2479679], [29.3138173, 36.2468929], [29.3140686, 36.250706], [29.2629985, 36.2913412], [29.2494987, 36.308349], [29.2261015, 36.3281213], [29.2134887, 36.327095], [29.2078212, 36.3235622], [29.210439, 36.3282169], [29.1948945, 36.3366279], [29.1866374, 36.3346147], [29.1826057, 36.3376399], [29.1829429, 36.3433196], [29.1752538, 36.3452407], [29.1649209, 36.3415408], [29.1607134, 36.3472985], [29.1647729, 36.3551633], [29.1610422, 36.3537566], [29.1540542, 36.3574311], [29.1512265, 36.3545842], [29.1395154, 36.3589378], [29.1384631, 36.3644941], [29.1435337, 36.3660682], [29.1407211, 36.3693565], [29.1475513, 36.3784166], [29.118896, 36.3758239], [29.1255984, 36.3829953], [29.1215363, 36.3835026], [29.1210674, 36.3922062], [29.1112853, 36.3911018], [29.1093538, 36.3860667], [29.1010958, 36.3877365], [29.1029001, 36.404257], [29.1112043, 36.4055], [29.114298, 36.412646], [29.1321386, 36.415454], [29.1300591, 36.4209324], [29.1176359, 36.4255197], [29.134276, 36.428474], [29.1289697, 36.4375982], [29.1315644, 36.4396585], [29.129916, 36.4448296], [29.1257022, 36.445875], [29.1213263, 36.4422077], [29.1244429, 36.4499718], [29.1202914, 36.4549424], [29.1255281, 36.4603101], [29.1140894, 36.4627484], [29.1120847, 36.4674271], [29.1038374, 36.469208], [29.1009902, 36.474872], [29.111566, 36.4849901], [29.1153347, 36.4967746], [29.1218294, 36.495135], [29.1267986, 36.4981907], [29.1186976, 36.5052037], [29.1236261, 36.5199912], [29.1264216, 36.5207399], [29.1266467, 36.5408343], [29.1180645, 36.5485076], [29.1106757, 36.5489988], [29.1177193, 36.5512994], [29.1113242, 36.5549316], [29.1034237, 36.5540222], [29.1098941, 36.548435], [29.1126251, 36.5478638], [29.1097819, 36.5466914], [29.1109331, 36.5434462], [29.1056218, 36.5474212], [29.1021223, 36.545477], [29.0938416, 36.5478979], [29.0965163, 36.5510184], [29.0900435, 36.5568309], [29.0882754, 36.5664233], [29.0820416, 36.5639878], [29.0811099, 36.5581901], [29.0611957, 36.5588595], [29.0603679, 36.5564562], [29.0490092, 36.5589457], [29.0508594, 36.5470947], [29.0571822, 36.5434968], [29.051358, 36.5414763], [29.0527276, 36.539136], [29.0470201, 36.5414308], [29.0404503, 36.5385929], [29.0340832, 36.5444175], [29.0319345, 36.5391597], [29.0266728, 36.5385104], [29.0085945, 36.5440133], [29.015812, 36.5489631], [29.0263148, 36.5469603], [29.0325466, 36.5532193], [29.0474264, 36.5586459], [29.0443878, 36.5614119], [29.0464292, 36.5657908], [29.0307171, 36.5692063], [29.0341527, 36.5717952], [29.0345296, 36.5786152], [29.0231321, 36.5824653], [29.0228547, 36.5875156], [29.0292189, 36.5884107], [29.0300626, 36.5915002], [29.0278251, 36.6011301], [29.0313232, 36.6028916], [29.0314102, 36.60813], [29.0368326, 36.6094774], [29.035264, 36.6131491], [29.0407127, 36.6195815], [29.0449398, 36.6215198], [29.053334, 36.6133447], [29.061694, 36.6182454], [29.0753286, 36.6140984], [29.0724282, 36.6215034], [29.0796825, 36.6216534], [29.073877, 36.6280525], [29.0776497, 36.6277091], [29.0793002, 36.6320983], [29.0736833, 36.6421191], [29.077436, 36.6458921], [29.0860007, 36.6419578], [29.0910562, 36.644716], [29.0968808, 36.6379946], [29.1014289, 36.6411162], [29.0983081, 36.6367379], [29.1017166, 36.6342741], [29.1006817, 36.6310552], [29.0929743, 36.631498], [29.0885085, 36.620361], [29.1157052, 36.6253277], [29.1214187, 36.6357312], [29.1219977, 36.6477409], [29.1171095, 36.6536265], [29.1140297, 36.6531368], [29.1163588, 36.6542851], [29.1100676, 36.6525308], [29.1068739, 36.6644934], [29.0938568, 36.6778876], [29.0550301, 36.6820366], [29.0366522, 36.696122], [29.0333743, 36.6951327], [29.0330957, 36.7083315], [29.0281538, 36.7040738], [29.0235527, 36.7075824], [29.0201742, 36.7015094], [29.0141193, 36.7041552], [29.0140237, 36.7069592], [29.0219465, 36.7118207], [29.0197692, 36.7159014], [29.0088187, 36.7103793], [28.9994, 36.715052], [29.000193, 36.708745], [28.9961891, 36.7083481], [28.9880144, 36.7192998], [28.9808333, 36.7194388], [28.9795463, 36.7250883], [28.9712481, 36.7314064], [28.9648113, 36.7296733], [28.9647813, 36.722402], [28.960293, 36.733042], [28.9527462, 36.734881], [28.9425993, 36.7452603], [28.9446316, 36.7491371], [28.9414041, 36.7538035], [28.9287725, 36.7555152], [28.925887, 36.7520591], [28.9196015, 36.7518916], [28.9253174, 36.7478062], [28.9304009, 36.7508867], [28.9307298, 36.7464068], [28.9253932, 36.7455184], [28.9241645, 36.7414163], [28.9298924, 36.7348795], [28.919424, 36.7332074], [28.9224772, 36.7304769], [28.9196874, 36.7279215], [28.9139824, 36.7297591], [28.9084195, 36.7234267], [28.9139668, 36.7236324], [28.9093655, 36.7132105], [28.8983955, 36.7139789], [28.8913383, 36.7095099], [28.9089436, 36.7079034], [28.9062181, 36.7033061], [28.897505, 36.7023279], [28.9005135, 36.6980142], [28.8790614, 36.7011414], [28.876921, 36.6934465], [28.8707513, 36.6974263], [28.8636354, 36.6959421], [28.868474, 36.6920963], [28.8656286, 36.6888751], [28.8677377, 36.6862625], [28.8654645, 36.6802313], [28.8572523, 36.6758204], [28.8656064, 36.6744651], [28.8680777, 36.6705909], [28.8504088, 36.6621995], [28.8518249, 36.658285], [28.8574126, 36.6591589], [28.8567323, 36.6564048], [28.8659685, 36.6539734], [28.8494117, 36.6427958], [28.8545863, 36.6399508], [28.8648411, 36.6440235], [28.867595, 36.6422368], [28.8631367, 36.6408565], [28.871914, 36.6332637], [28.881579, 36.635141], [28.8771491, 36.6382238], [28.8792424, 36.6483701], [28.8880433, 36.6437767], [28.8926343, 36.6456829], [28.892964, 36.642425], [28.8975703, 36.6491205], [28.9041978, 36.650738], [28.908197, 36.6478645], [28.9036727, 36.6454117], [28.9065216, 36.6397758], [28.8977337, 36.6421223], [28.8867748, 36.6361049], [28.8853975, 36.6327775], [28.8916913, 36.6301571], [28.8801946, 36.6307848], [28.8781077, 36.6298254], [28.8819107, 36.6288481], [28.8814399, 36.6255637], [28.8734438, 36.624953], [28.8758243, 36.6213681], [28.867086, 36.6220738], [28.868978, 36.619427], [28.8651873, 36.6175964], [28.871783, 36.616814], [28.8666315, 36.6157975], [28.8679597, 36.60549], [28.875563, 36.601855], [28.8605302, 36.601171], [28.85773, 36.595583], [28.8460107, 36.5886032], [28.8448449, 36.5973822], [28.829917, 36.605005], [28.830862, 36.611285], [28.824994, 36.612402], [28.828244, 36.621857], [28.8244785, 36.6254548], [28.8362257, 36.6277173], [28.8427834, 36.6347304], [28.8521897, 36.6380026], [28.8424146, 36.6425531], [28.8307303, 36.6388555], [28.8310781, 36.6470284], [28.8189191, 36.6595206], [28.793873, 36.651408], [28.79856, 36.6662396], [28.807189, 36.668676], [28.7872786, 36.6861375], [28.7539335, 36.6987462], [28.723505, 36.705495], [28.6907074, 36.7001003], [28.6890566, 36.6970225], [28.6700307, 36.691739], [28.6692541, 36.695176], [28.6739767, 36.6975432], [28.6718303, 36.699298], [28.674396, 36.706582], [28.6669262, 36.7074156], [28.664455, 36.719052], [28.6562946, 36.7171375], [28.6486246, 36.7229483], [28.6446879, 36.7211195], [28.6464446, 36.7186867], [28.632779, 36.699967], [28.626055, 36.698775], [28.617551, 36.704029], [28.615677, 36.713559], [28.624201, 36.716783], [28.624303, 36.721662], [28.620481, 36.721971], [28.624769, 36.728592], [28.619047, 36.729698], [28.6197631, 36.7360351], [28.609991, 36.731619], [28.6071186, 36.7331774], [28.6115032, 36.7353757], [28.611596, 36.739689], [28.620395, 36.740726], [28.619333, 36.743309], [28.627539, 36.753987], [28.633459, 36.754676], [28.6330911, 36.7584134], [28.620249, 36.756526], [28.612007, 36.759336], [28.615055, 36.760065], [28.6125571, 36.7642203], [28.617202, 36.771083], [28.630361, 36.774243], [28.6296541, 36.7801708], [28.6206149, 36.7914834], [28.6034697, 36.8020038], [28.5941869, 36.799116], [28.5962479, 36.8067702], [28.587953, 36.815919], [28.5764443, 36.8181781], [28.5715552, 36.8162163], [28.5628896, 36.8197868], [28.5656831, 36.8251088], [28.5590428, 36.8315013], [28.5494335, 36.8304548], [28.5500384, 36.8220411], [28.5454177, 36.8192605], [28.5488744, 36.8144697], [28.5328694, 36.8105088], [28.5284499, 36.8065983], [28.530694, 36.804596], [28.529, 36.799737], [28.541853, 36.795461], [28.537511, 36.786012], [28.5296, 36.78971], [28.520649, 36.789311], [28.519265, 36.800119], [28.510627, 36.799458], [28.5027319, 36.7909447], [28.498783, 36.798194], [28.4895029, 36.7996404], [28.5025096, 36.8113869], [28.497723, 36.818496], [28.461355, 36.812148], [28.457087, 36.82299], [28.451671, 36.823827], [28.455447, 36.829175], [28.4505564, 36.8318], [28.4502888, 36.8369031], [28.456561, 36.837382], [28.456651, 36.8410169], [28.4509496, 36.8447402], [28.4548627, 36.8520548], [28.4655114, 36.8518485], [28.4683217, 36.8558775], [28.4684281, 36.8663769], [28.4541216, 36.869518], [28.4566372, 36.8719925], [28.462789, 36.870702], [28.458628, 36.8737296], [28.460789, 36.874837], [28.461448, 36.875856], [28.460398, 36.879466], [28.460635, 36.875096], [28.4548635, 36.8798111], [28.4456343, 36.8800782], [28.4440308, 36.8657547], [28.4388203, 36.8663773], [28.4328651, 36.8588995], [28.4273759, 36.8603231], [28.4198624, 36.8556814], [28.40749, 36.854158], [28.407392, 36.866233], [28.402929, 36.866928], [28.39675, 36.861221], [28.395317, 36.85276], [28.3881644, 36.8532382], [28.378916, 36.8473], [28.3874041, 36.8339462], [28.3944217, 36.8336842], [28.4048244, 36.8398228], [28.4173444, 36.8368374], [28.4241851, 36.8385778], [28.4267163, 36.8353534], [28.422434, 36.823923], [28.424397, 36.817734], [28.414177, 36.809379], [28.414722, 36.804234], [28.410832, 36.801198], [28.412039, 36.79733], [28.40676, 36.788144], [28.398564, 36.785286], [28.3912986, 36.789358], [28.3820418, 36.788111], [28.3827307, 36.7939001], [28.3777715, 36.7983285], [28.3655232, 36.7958822], [28.3535498, 36.8068486], [28.3377418, 36.8073414], [28.3099839, 36.8176465], [28.3057353, 36.8156216], [28.3014088, 36.8033022], [28.3120043, 36.7984583], [28.3133873, 36.7946229], [28.2936465, 36.7963905], [28.2860471, 36.7910007], [28.2833825, 36.7952444], [28.2741189, 36.7961031], [28.270197, 36.7983294], [28.274109, 36.8022434], [28.273377, 36.8061261], [28.2659017, 36.8139857], [28.2760067, 36.8146649], [28.280037, 36.8112399], [28.2940349, 36.8193103], [28.298168, 36.816738], [28.3008775, 36.819864], [28.3124952, 36.8174721], [28.3157819, 36.8263968], [28.295762, 36.8332655], [28.2944491, 36.8388068], [28.2844987, 36.8451888], [28.2844229, 36.8482084], [28.2798499, 36.848806], [28.2808653, 36.8528473], [28.2744956, 36.8495281], [28.2704718, 36.8530556], [28.2622531, 36.8486883], [28.2446014, 36.8320656], [28.2438618, 36.8179362], [28.2329153, 36.8051919], [28.2374446, 36.7999866], [28.2453955, 36.8007024], [28.2505336, 36.7927567], [28.2563669, 36.791557], [28.2520864, 36.7829595], [28.2554615, 36.7791794], [28.249611, 36.778082], [28.248729, 36.772953], [28.2678156, 36.7659157], [28.265387, 36.7614976], [28.271644, 36.75858], [28.267546, 36.7553568], [28.2688683, 36.7477565], [28.2749435, 36.7444639], [28.2859726, 36.7503912], [28.2927952, 36.7484141], [28.2958904, 36.7393284], [28.2999744, 36.7377456], [28.2925439, 36.7334312], [28.2941825, 36.7308515], [28.3034857, 36.7304075], [28.2920015, 36.7251647], [28.2900733, 36.7201607], [28.2831601, 36.7215431], [28.2821657, 36.7318807], [28.276636, 36.7366665], [28.2662785, 36.7303088], [28.2632483, 36.7334525], [28.2562091, 36.7318517], [28.2509254, 36.7299798], [28.251089, 36.7245212], [28.2470069, 36.7230112], [28.2475863, 36.7160419], [28.2383718, 36.7173901], [28.2384539, 36.7107644], [28.2244935, 36.7004129], [28.234163, 36.700914], [28.220545, 36.697201], [28.221596, 36.69308], [28.226516, 36.691488], [28.225195, 36.688675], [28.215994, 36.691853], [28.209563, 36.688578], [28.200029, 36.690858], [28.197726, 36.686386], [28.191676, 36.687088], [28.1762007, 36.6793637], [28.1634506, 36.6844034], [28.1650616, 36.6804695], [28.1573469, 36.6783129], [28.1545049, 36.6738955], [28.155709, 36.671001], [28.164293, 36.669248], [28.16329, 36.666174], [28.152061, 36.661659], [28.150376, 36.65551], [28.142488, 36.650447], [28.145903, 36.644249], [28.130436, 36.622045], [28.127249, 36.622075], [28.121016, 36.609802], [28.116536, 36.60856], [28.114984, 36.600353], [28.1082226, 36.5982339], [28.1054292, 36.5922245], [28.097798, 36.590493], [28.0953037, 36.5855167], [28.0928327, 36.5874759], [28.0886853, 36.5824222], [28.079757, 36.5882225], [28.0792106, 36.59595], [28.0659601, 36.5952227], [28.0515011, 36.5783381], [28.048494, 36.5798869], [28.0482861, 36.5852822], [28.0434906, 36.5762589], [28.0506903, 36.5769993], [28.0498152, 36.5721005], [28.0403079, 36.5707235], [28.0349474, 36.5628703], [28.0244006, 36.5611782], [28.0276862, 36.5680822], [28.0100125, 36.5764255], [28.0126782, 36.5672813], [28.0182094, 36.5652407], [28.013971, 36.563359], [28.0048029, 36.5665431], [28.0040271, 36.5630005], [27.9975646, 36.5684608], [27.9901309, 36.559704], [27.9871827, 36.5615826], [27.9836273, 36.5547902], [27.9787373, 36.5536008], [27.9814483, 36.5674271], [27.965744, 36.578019], [27.9655733, 36.581093], [27.9794089, 36.5865554], [27.9565189, 36.6010366], [27.9631609, 36.6070806], [27.9744023, 36.6083385], [27.9728581, 36.6118527], [27.979201, 36.609382], [27.983376, 36.611916], [27.9899002, 36.606462], [28.0134513, 36.6067502], [28.031683, 36.602002], [28.0450487, 36.6043964], [28.049614, 36.608397], [28.0640548, 36.6049675], [28.0638234, 36.6125793], [28.0688499, 36.6130099], [28.0778836, 36.620433], [28.080167, 36.62842], [28.0954343, 36.6408004], [28.0952558, 36.6460165], [28.0876465, 36.6509299], [28.0818481, 36.6611267], [28.0730694, 36.6602318], [28.0689231, 36.6487762], [28.0619507, 36.6511139], [28.0680493, 36.6565279], [28.0609435, 36.658014], [28.054382, 36.654343], [28.0528381, 36.6582227], [28.0615302, 36.6589841], [28.0595335, 36.6605449], [28.0729935, 36.6755618], [28.0482821, 36.6746083], [28.0522381, 36.6838934], [28.0416154, 36.6936473], [28.0337165, 36.6866308], [28.0405707, 36.6820559], [28.0375269, 36.6770871], [28.0403249, 36.6746226], [28.027903, 36.672776], [28.0240139, 36.6683216], [28.0148115, 36.6723239], [28.007468, 36.6689564], [28.0016883, 36.675256], [27.9930442, 36.6705962], [27.9868742, 36.6753472], [27.975237, 36.674157], [27.9702359, 36.6787504], [27.9642085, 36.6756166], [27.9642411, 36.6835732], [27.972622, 36.6849436], [27.9773998, 36.6936108], [27.9802294, 36.6895468], [27.9777016, 36.683173], [27.9811036, 36.6832019], [27.9864513, 36.687136], [27.9812427, 36.6938839], [27.9861489, 36.697518], [27.9899839, 36.6981154], [27.9884586, 36.6938045], [27.9908806, 36.6937464], [27.997062, 36.697227], [27.9974416, 36.7020754], [28.0073164, 36.7054752], [28.0095128, 36.6977796], [28.0173969, 36.7083597], [28.0272009, 36.7049777], [28.0354138, 36.7082075], [28.0434331, 36.7028098], [28.0444072, 36.715827], [28.0625774, 36.7230907], [28.0883292, 36.7283335], [28.0886692, 36.7228938], [28.0975099, 36.7268861], [28.0853848, 36.717979], [28.0892663, 36.708171], [28.0954841, 36.708212], [28.097844, 36.7048314], [28.1134951, 36.7164107], [28.115769, 36.721094], [28.1125572, 36.7238207], [28.1135805, 36.7279539], [28.1287865, 36.7248953], [28.1303958, 36.7274223], [28.126621, 36.732039], [28.122468, 36.731821], [28.122509, 36.734647], [28.105938, 36.736471], [28.092933, 36.742244], [28.088444, 36.740872], [28.0843682, 36.7480456], [28.0944163, 36.7579508], [28.0926886, 36.7632157], [28.0999598, 36.7685417], [28.1093125, 36.7624425], [28.1144678, 36.7641003], [28.1094154, 36.7708323], [28.1123663, 36.7707587], [28.1125327, 36.7747211], [28.1214906, 36.7659674], [28.1200709, 36.7622203], [28.1275986, 36.7567381], [28.1268887, 36.7541209], [28.1314985, 36.7530228], [28.1333659, 36.7575585], [28.129972, 36.7595424], [28.1301077, 36.7695219], [28.1221071, 36.7739403], [28.1252181, 36.776861], [28.1223362, 36.7797731], [28.124391, 36.7853152], [28.1315652, 36.7935758], [28.1249825, 36.8003499], [28.1279717, 36.8055521], [28.1254059, 36.8024656], [28.1254765, 36.8060609], [28.1207147, 36.8048145], [28.1197399, 36.8031014], [28.102418, 36.802786], [28.090479, 36.794418], [28.080594, 36.795665], [28.081825, 36.792314], [28.073626, 36.788535], [28.081879, 36.784864], [28.078233, 36.775391], [28.072929, 36.77287], [28.070731, 36.775587], [28.064973, 36.774868], [28.062591, 36.764228], [28.049511, 36.765115], [28.054195, 36.760816], [28.0508387, 36.7596376], [28.0430498, 36.7651526], [28.0462922, 36.7661149], [28.0392634, 36.7729505], [28.0454211, 36.7798774], [28.0445449, 36.7828991], [28.0492959, 36.7838676], [28.050377, 36.7872894], [28.0413153, 36.7830015], [28.0387483, 36.7749428], [28.031006, 36.766304], [28.022722, 36.76766], [28.021054, 36.762279], [28.015905, 36.75924], [28.011751, 36.759019], [28.00768, 36.76509], [27.999952, 36.760146], [27.98395, 36.757197], [27.975713, 36.762274], [27.973079, 36.756002], [27.965029, 36.750543], [27.962176, 36.752237], [27.96617, 36.752461], [27.967859, 36.759898], [27.955263, 36.761155], [27.94722, 36.75621], [27.94782, 36.753123], [27.943357, 36.753672], [27.943639, 36.750587], [27.93855, 36.752168], [27.937192, 36.7455], [27.930453, 36.742598], [27.921192, 36.742285], [27.925375, 36.745078], [27.919533, 36.750519], [27.919428, 36.755015], [27.91524, 36.751836], [27.9110945, 36.7556018], [27.8942233, 36.7563919], [27.8912483, 36.7521924], [27.8986587, 36.7474857], [27.897875, 36.741178], [27.8915, 36.741997], [27.8870774, 36.74708], [27.8850017, 36.7504112], [27.8892125, 36.7518465], [27.8888158, 36.755456], [27.8760369, 36.7576619], [27.868582, 36.747818], [27.871098, 36.74446], [27.86025, 36.745053], [27.861179, 36.742477], [27.858299, 36.741855], [27.856747, 36.745849], [27.849113, 36.748344], [27.8364755, 36.7450909], [27.833874, 36.756159], [27.8077416, 36.7642468], [27.7957108, 36.7553154], [27.7905325, 36.7606742], [27.7805156, 36.7556809], [27.779301, 36.758584], [27.7517713, 36.763515], [27.72632, 36.760975], [27.7127695, 36.7532152], [27.7011909, 36.7401926], [27.7007197, 36.7342757], [27.6912298, 36.7311257], [27.6865071, 36.7256231], [27.6916847, 36.7229478], [27.6870686, 36.7215453], [27.6876002, 36.7192643], [27.6957085, 36.7179946], [27.696175, 36.711185], [27.6908872, 36.7026268], [27.6809505, 36.7044508], [27.6756889, 36.7007578], [27.679614, 36.696894], [27.6751894, 36.6933984], [27.6775229, 36.6886193], [27.6715315, 36.6829651], [27.6715905, 36.6701139], [27.675064, 36.6643007], [27.671475, 36.659686], [27.67911, 36.657588], [27.668919, 36.659187], [27.65908, 36.664637], [27.651735, 36.663393], [27.639396, 36.675278], [27.634606, 36.674533], [27.634261, 36.671452], [27.627564, 36.671487], [27.617698, 36.674108], [27.6155122, 36.6795816], [27.606927, 36.683413], [27.597639, 36.678578], [27.5956972, 36.6825047], [27.582973, 36.679549], [27.5742269, 36.6851814], [27.5605065, 36.6722532], [27.5615971, 36.6791587], [27.5545702, 36.6819037], [27.5427417, 36.6740941], [27.5348096, 36.676025], [27.5326668, 36.6710027], [27.5242341, 36.6777574], [27.5162565, 36.6779565], [27.502639, 36.6697541], [27.4991158, 36.6632787], [27.4902666, 36.6617082], [27.4920447, 36.658441], [27.4839982, 36.6568878], [27.4776983, 36.647393], [27.4762821, 36.6550088], [27.4683374, 36.6524494], [27.4703924, 36.6547125], [27.4672728, 36.656978], [27.4698427, 36.6588927], [27.4683063, 36.6617447], [27.4589603, 36.6590549], [27.4587434, 36.6618569], [27.4382335, 36.6622421], [27.4235526, 36.670577], [27.4173654, 36.6688938], [27.4136184, 36.6637186], [27.4112337, 36.6659953], [27.4050977, 36.6627864], [27.4065125, 36.6689234], [27.4017027, 36.6693667], [27.4051326, 36.6774371], [27.4022237, 36.6804137], [27.3876872, 36.6807182], [27.3853043, 36.6847361], [27.3744504, 36.6857293], [27.3771044, 36.6829945], [27.3741772, 36.6805885], [27.3633021, 36.6846896], [27.3633774, 36.6882848], [27.3724077, 36.6856024], [27.3705498, 36.6870686], [27.3734876, 36.6902721], [27.3704761, 36.6913247], [27.3718775, 36.697354], [27.3614782, 36.7041796], [27.3637473, 36.7054221], [27.3615345, 36.7091604], [27.3649224, 36.7104233], [27.3768159, 36.7040315], [27.3810198, 36.706394], [27.3827902, 36.7030933], [27.38873, 36.7068677], [27.3955762, 36.7007335], [27.4070251, 36.70437], [27.421917, 36.713501], [27.423733, 36.7201924], [27.4210036, 36.7216954], [27.4241395, 36.7267002], [27.416593, 36.732275], [27.4200025, 36.7406967], [27.4237474, 36.7371663], [27.4279585, 36.7486048], [27.4402757, 36.7490445], [27.44715, 36.744881], [27.4522449, 36.7470523], [27.45468, 36.749606], [27.452955, 36.754751], [27.4643703, 36.7600129], [27.4644021, 36.7626271], [27.4757842, 36.7583513], [27.4732254, 36.7571916], [27.475918, 36.750679], [27.4829935, 36.7507699], [27.488419, 36.7546601], [27.5036576, 36.7494475], [27.536282, 36.753891], [27.539501, 36.757601], [27.573232, 36.763738], [27.581726, 36.767936], [27.608836, 36.76369], [27.6171255, 36.7724543], [27.6163681, 36.7687075], [27.6200984, 36.7712445], [27.6284636, 36.7823392], [27.6245405, 36.7871198], [27.6276755, 36.7911794], [27.622493, 36.794064], [27.623957, 36.797396], [27.628938, 36.800967], [27.642197, 36.801153], [27.640843, 36.811051], [27.6632381, 36.8021541], [27.6814261, 36.7996111], [27.6815391, 36.7944721], [27.6908951, 36.7868381], [27.7131421, 36.7871811], [27.7207811, 36.7843092], [27.7722735, 36.7889558], [27.780791, 36.795442], [27.7835924, 36.8032046], [27.7920682, 36.8015165], [27.81628, 36.813316], [27.8399621, 36.8104878], [27.8579063, 36.804152], [27.8788393, 36.8050974], [27.8939066, 36.8104312], [27.8936419, 36.8068944], [27.902161, 36.8073], [27.9038491, 36.810076], [27.9116401, 36.8067699], [27.9203518, 36.7973846], [27.937526, 36.7985189], [27.940419, 36.8014525], [27.9436997, 36.7978659], [27.9560135, 36.797387], [27.9589681, 36.8000334], [27.974235, 36.7952894], [27.991421, 36.8009619], [27.9898489, 36.7980653], [28.0007592, 36.795397], [28.0060595, 36.7985534], [28.0069335, 36.7921664], [28.012877, 36.796004], [28.014409, 36.79111], [28.011832, 36.789462], [28.016152, 36.790068], [28.0169943, 36.7941257], [28.0226779, 36.7888202], [28.0228522, 36.7925902], [28.024385, 36.7902795], [28.0277366, 36.7923503], [28.0323771, 36.7870676], [28.0353683, 36.7900579], [28.0316159, 36.7923259], [28.0321249, 36.7956169], [28.045299, 36.795981], [28.042009, 36.800634], [28.060063, 36.800988], [28.055966, 36.816696], [28.063822, 36.818681], [28.064699, 36.824325], [28.051297, 36.825729], [28.055145, 36.826723], [28.0512795, 36.8293197], [28.0578304, 36.8358799], [28.046867, 36.828979], [28.035084, 36.832037], [28.022556, 36.827264], [28.017131, 36.827825], [28.018766, 36.830637], [28.014639, 36.832727], [28.002522, 36.834885], [28.0332434, 36.8390791], [28.0269912, 36.8383013], [28.017359, 36.845036], [28.012245, 36.845079], [28.018022, 36.846828], [28.012299, 36.849189], [28.014594, 36.853537], [28.001475, 36.852621], [28.016403, 36.857375], [28.015046, 36.863552], [28.018573, 36.864293], [28.022953, 36.857062], [28.030298, 36.856485], [28.036744, 36.860282], [28.03681, 36.865163], [28.042861, 36.86344], [28.046442, 36.868161], [28.05376, 36.865528], [28.059241, 36.868819], [28.046463, 36.869703], [28.047781, 36.872517], [28.0563638, 36.8717355], [28.0541727, 36.8748343], [28.059226, 36.879352], [28.0585114, 36.8839147], [28.0512071, 36.8798394], [28.0409, 36.883881], [28.045169, 36.892065], [28.05127, 36.893809], [28.05132, 36.897405], [28.031814, 36.897833], [28.026772, 36.903529], [28.015124, 36.905684], [28.031316, 36.908371], [28.035766, 36.906277], [28.044139, 36.910314], [28.040936, 36.910085], [28.039448, 36.918319], [28.023146, 36.919488], [28.026999, 36.920483], [28.027041, 36.923565], [28.020986, 36.925416], [28.041406, 36.921128], [28.049424, 36.92247], [28.050748, 36.92567], [28.05971, 36.925847], [28.060718, 36.929306], [28.072543, 36.928301], [28.069071, 36.931672], [28.053065, 36.931301], [28.043192, 36.934728], [28.061118, 36.935083], [28.072422, 36.942432], [28.097599, 36.935008], [28.0924487, 36.9306105], [28.09934, 36.933708], [28.0965329, 36.9408201], [28.1173306, 36.9322532], [28.123821, 36.9380303], [28.1344117, 36.9293568], [28.1389829, 36.9348417], [28.1384829, 36.9281997], [28.1458031, 36.9188859], [28.1506374, 36.9230321], [28.1485763, 36.92868], [28.15923, 36.926202], [28.1595879, 36.9212536], [28.1572327, 36.9248135], [28.1551681, 36.9230852], [28.1616688, 36.9169895], [28.1586006, 36.9137802], [28.1596119, 36.907669], [28.1672893, 36.9072829], [28.1644436, 36.913341], [28.1678004, 36.9134758], [28.173064, 36.920671], [28.1663499, 36.9195394], [28.1729103, 36.9267059], [28.1656976, 36.9315787], [28.1679446, 36.9356229], [28.1604792, 36.9335093], [28.1646673, 36.9386016], [28.170961, 36.9394783], [28.1581352, 36.9450328], [28.1685013, 36.9512192], [28.171753, 36.9503432], [28.1720164, 36.9458061], [28.1755623, 36.9457611], [28.1744647, 36.9519305], [28.1776281, 36.9476341], [28.1875518, 36.9478018], [28.185037, 36.9422957], [28.1894977, 36.9399023], [28.1936003, 36.9428266], [28.1928961, 36.9482312], [28.2023064, 36.9487983], [28.206626, 36.959126], [28.2007719, 36.9692347], [28.2162353, 36.9774824], [28.1966042, 36.9826501], [28.2150131, 36.985261], [28.2132145, 36.9938755], [28.2161713, 36.9954886], [28.2151105, 36.9986291], [28.2206727, 36.9997234], [28.2327902, 36.9916354], [28.2425559, 36.9922788], [28.2500573, 36.9889085], [28.2572562, 36.9955436], [28.2450041, 37.0029665], [28.2659506, 37.0111125], [28.26904, 37.0134227], [28.2676573, 37.0159165], [28.2996979, 37.0230457], [28.3058136, 37.0212071], [28.3103367, 37.0250833], [28.319342, 37.0224718], [28.326713, 37.02605], [28.3302141, 37.0344335], [28.3276157, 37.035064], [28.329327, 37.038223], [28.3259283, 37.0498288], [28.3282104, 37.0501203], [28.3288506, 37.0520604], [28.3240326, 37.0489182], [28.3226092, 37.0519851], [28.315478, 37.0491261], [28.3119335, 37.0515391], [28.2888278, 37.0472523], [28.2753703, 37.0496991], [28.2668411, 37.0447513], [28.2409278, 37.0385261], [28.2276647, 37.0416344], [28.1974562, 37.0401432], [28.186182, 37.034089], [28.1637213, 37.029054], [28.1010241, 37.0347822], [28.0977868, 37.0284538], [28.1134835, 37.0229667], [28.1111261, 37.0196397], [28.1155089, 37.0159215], [28.0994553, 37.0121237], [28.096799, 37.0145164], [28.1015055, 37.0201566], [28.0954792, 37.023477], [28.0903742, 37.0210977], [28.0916028, 37.0266116], [28.0886227, 37.0292491], [28.0832813, 37.0249382], [28.079685, 37.026115], [28.0782652, 37.0220598], [28.065719, 37.0255499], [28.0265667, 37.0218388], [28.004498, 37.0241174], [27.977825, 37.0321318], [27.9684884, 37.0206915], [27.9454321, 37.0162409], [27.9275423, 37.0304654], [27.9064992, 37.0232714], [27.8930454, 37.0286963], [27.8601288, 37.0193035], [27.8447273, 37.018915], [27.8346153, 37.0118874], [27.8212195, 37.012217], [27.7987925, 36.9950583], [27.8007465, 37.0022635], [27.7879559, 37.0061629], [27.7857612, 37.0019909], [27.7889787, 36.9986789], [27.7803557, 36.9940762], [27.7817356, 36.9924885], [27.779326, 36.9927684], [27.7766519, 36.9990632], [27.7753915, 36.992471], [27.7693711, 36.9941899], [27.7658747, 36.9917228], [27.7632649, 36.994287], [27.7584314, 36.9903465], [27.7568083, 36.9950808], [27.759461, 36.9993123], [27.7564151, 37.0009112], [27.7508654, 36.9964726], [27.7448748, 36.9979526], [27.7332795, 36.9931143], [27.7350267, 36.9986074], [27.7325216, 37.0015752], [27.7213373, 37.0027833], [27.706973, 36.9965334], [27.7019679, 36.9995771], [27.6971916, 36.9973558], [27.694014, 37.00215], [27.6851981, 37.0037227], [27.6630231, 36.9948193], [27.6482389, 36.9984808], [27.6416877, 36.9851628], [27.6476482, 36.9803669], [27.637788, 36.9808854], [27.6377934, 36.978012], [27.6162681, 36.9814088], [27.605206, 36.9914905], [27.5853016, 36.9954822], [27.5610107, 36.9881575], [27.5756011, 36.9842012], [27.569172, 36.9801809], [27.5648843, 36.9826866], [27.56549, 36.9772671], [27.5684308, 36.9766085], [27.5654311, 36.9749095], [27.5587304, 36.9855984], [27.5519519, 36.9821324], [27.545374, 36.9831481], [27.5490832, 36.987825], [27.5351684, 36.9882552], [27.5183871, 36.9950556], [27.5089379, 36.9906344], [27.5095501, 36.9861387], [27.5022995, 36.9871987], [27.502256, 36.9838175], [27.4893104, 36.98978], [27.4823252, 36.9864045], [27.4809713, 36.9933914], [27.4644951, 36.9983281], [27.463232, 37.003147], [27.4507204, 37.0108354], [27.4505461, 37.0162658], [27.4363345, 37.0239562], [27.4408287, 37.02726], [27.4377926, 37.0318201], [27.4244886, 37.0308869], [27.429689, 37.0341982], [27.4242084, 37.0361897], [27.4222812, 37.0337756], [27.4249738, 37.0321631], [27.4167941, 37.0281781], [27.4193208, 37.0220035], [27.4121843, 37.0212878], [27.4122998, 37.0170845], [27.408367, 37.0234409], [27.3999564, 37.0187112], [27.4077749, 37.0297479], [27.4017842, 37.0320756], [27.3959795, 37.029228], [27.3884538, 37.0186689], [27.3890817, 37.0064429], [27.384045, 37.0089808], [27.375923, 36.998703], [27.3744135, 37.0047302], [27.3795354, 37.0070728], [27.3790914, 37.0192526], [27.3846069, 37.0236526], [27.381947, 37.0266214], [27.3732242, 37.0267298], [27.374266, 37.0237894], [27.369948, 37.021586], [27.3664124, 37.0240631], [27.3635613, 37.0192132], [27.3594999, 37.0228986], [27.3476721, 37.0217738], [27.3323742, 37.0153279], [27.3278332, 37.0097488], [27.3299503, 37.0042099], [27.3390268, 37.0031412], [27.3406377, 36.9981702], [27.3308377, 36.999545], [27.331996, 36.988172], [27.3276207, 36.9883799], [27.3186154, 36.9776843], [27.312744, 36.979233], [27.3002943, 36.9728845], [27.3065913, 36.9621131], [27.3032861, 36.9571527], [27.2971712, 36.9606543], [27.2940093, 36.9682036], [27.2836174, 36.9654275], [27.2865893, 36.957313], [27.2793544, 36.9660732], [27.272761, 36.9617059], [27.263903, 36.9642589], [27.2609801, 36.9725212], [27.2550091, 36.9767775], [27.2595203, 36.9995941], [27.255933, 36.999082], [27.258394, 37.000125], [27.2559121, 37.0045795], [27.2548435, 36.9982706], [27.2541237, 37.003338], [27.2568289, 37.0052738], [27.2482135, 37.0249078], [27.2492028, 37.0317545], [27.2358505, 37.03524], [27.23009, 37.0401186], [27.2324166, 37.0479977], [27.2369553, 37.0515944], [27.2340615, 37.0570517], [27.2314642, 37.0579642], [27.2294875, 37.0534118], [27.2254912, 37.058444], [27.2306163, 37.0603526], [27.2299995, 37.0644878], [27.2388893, 37.066656], [27.2352309, 37.0772772], [27.2389833, 37.0828901], [27.2463539, 37.0800077], [27.2515739, 37.0815076], [27.2541135, 37.094123], [27.2641293, 37.0923087], [27.2700914, 37.0987965], [27.2828923, 37.1019648], [27.2818554, 37.106701], [27.2854274, 37.1029208], [27.2927534, 37.106689], [27.2931553, 37.1116337], [27.2895697, 37.1198627], [27.28074, 37.1208428], [27.2770176, 37.1174803], [27.2695728, 37.1187421], [27.2676805, 37.1134172], [27.2618119, 37.1154675], [27.2597277, 37.1121169], [27.2540077, 37.1116756], [27.2563917, 37.1242723], [27.2531267, 37.1287973], [27.2565155, 37.1299573], [27.2602518, 37.1207979], [27.264478, 37.1205177], [27.2613287, 37.1255215], [27.26506, 37.126043], [27.2637612, 37.1340276], [27.2713493, 37.1339125], [27.2739338, 37.1404092], [27.2805632, 37.1307507], [27.2843467, 37.1321681], [27.2830519, 37.1269554], [27.2898785, 37.1218697], [27.297496, 37.1237495], [27.2983708, 37.1179364], [27.303187, 37.1156684], [27.3071895, 37.1189974], [27.3029462, 37.1217178], [27.3054863, 37.1239463], [27.3130025, 37.1157246], [27.319259, 37.120772], [27.3173708, 37.1275959], [27.3096433, 37.1319092], [27.3119903, 37.1384288], [27.3199247, 37.1398335], [27.3175907, 37.1429296], [27.3209797, 37.1416669], [27.3213726, 37.1443171], [27.325758, 37.1417451], [27.3286435, 37.1460218], [27.3230919, 37.1591644], [27.3438764, 37.1504809], [27.3401964, 37.1331045], [27.3468835, 37.1306028], [27.3505573, 37.1345111], [27.3505693, 37.1441833], [27.3561341, 37.1470111], [27.3559193, 37.1415647], [27.3600072, 37.1414053], [27.36333, 37.145565], [27.3617523, 37.1553868], [27.3662253, 37.1563412], [27.368013, 37.151587], [27.377473, 37.150145], [27.3772934, 37.1420299], [27.389963, 37.144966], [27.376293, 37.1332384], [27.3863198, 37.1207388], [27.3956339, 37.1195647], [27.3997638, 37.13065], [27.4104087, 37.1348195], [27.4124323, 37.1326009], [27.4080146, 37.1312666], [27.4096759, 37.1283198], [27.4197765, 37.1280181], [27.413241, 37.117399], [27.421905, 37.117882], [27.4248009, 37.1237717], [27.431424, 37.12761], [27.435093, 37.124], [27.4298314, 37.1178349], [27.439708, 37.11756], [27.441615, 37.11447], [27.438879, 37.112939], [27.444298, 37.10701], [27.445203, 37.0999523], [27.4593923, 37.0963765], [27.4596948, 37.0927565], [27.4544269, 37.0882672], [27.4572243, 37.082524], [27.4705501, 37.080514], [27.4745045, 37.0822588], [27.4756882, 37.0884624], [27.4905014, 37.0943061], [27.4884072, 37.100832], [27.4984445, 37.1005468], [27.503488, 37.108443], [27.5116871, 37.1082904], [27.5314246, 37.1183295], [27.5372639, 37.1284088], [27.5463362, 37.1253901], [27.5718872, 37.1274334], [27.5768056, 37.1347946], [27.5812253, 37.1358532], [27.5802515, 37.1389867], [27.572245, 37.1394826], [27.5610401, 37.1351075], [27.5579733, 37.1370819], [27.5567733, 37.1336602], [27.5497479, 37.1359878], [27.5562052, 37.1368407], [27.5533159, 37.1424723], [27.5555821, 37.1520654], [27.5628734, 37.1533931], [27.5552267, 37.157779], [27.5493958, 37.1509031], [27.542936, 37.152585], [27.5395757, 37.1617083], [27.549938, 37.166682], [27.5404608, 37.1676388], [27.5423612, 37.1700346], [27.536985, 37.173421], [27.5442323, 37.1748767], [27.540546, 37.177515], [27.546375, 37.184425], [27.5259628, 37.1942595], [27.5427724, 37.1894706], [27.5442299, 37.1947793], [27.554766, 37.1930437], [27.5592169, 37.1949709], [27.5584132, 37.2006073], [27.5644983, 37.2020575], [27.5649547, 37.207635], [27.5701565, 37.2113011], [27.5808253, 37.2071059], [27.5979906, 37.1900251], [27.6010527, 37.1919548], [27.595267, 37.195621], [27.601053, 37.196362], [27.609329, 37.187201], [27.6148397, 37.1872901], [27.614173, 37.190515], [27.60329, 37.194939], [27.60796, 37.196713], [27.60428, 37.198273], [27.604628, 37.201611], [27.593371, 37.199484], [27.5860687, 37.2050626], [27.5869751, 37.2088352], [27.5754423, 37.2150874], [27.5872052, 37.2230398], [27.5885249, 37.2264062], [27.5857284, 37.2277037], [27.5863561, 37.2303861], [27.5858625, 37.227755], [27.5890622, 37.22796], [27.5910224, 37.2356788], [27.588813, 37.2374058], [27.5977378, 37.2383807], [27.5963438, 37.2405103], [27.6008829, 37.2440858], [27.5991034, 37.2462053], [27.6060469, 37.2501887], [27.6070507, 37.254074], [27.60371, 37.2532677], [27.610748, 37.2584048], [27.6208482, 37.2596568], [27.625797, 37.256734], [27.6263643, 37.2515612], [27.6378791, 37.2547771], [27.629817, 37.25697], [27.628249, 37.261602], [27.6238323, 37.2582701], [27.6187217, 37.260845], [27.609597, 37.260415], [27.613496, 37.265533], [27.608223, 37.269413], [27.6174323, 37.2736531], [27.6101383, 37.2751607], [27.6129976, 37.2794543], [27.6078307, 37.2816797], [27.6001515, 37.2754534], [27.6021595, 37.2855722], [27.5963786, 37.2874541], [27.587936, 37.285443], [27.5855497, 37.2816225], [27.5882056, 37.2757445], [27.5848557, 37.2739], [27.5828325, 37.2791984], [27.5806489, 37.2711792], [27.5564644, 37.2776281], [27.5549529, 37.27122], [27.5514589, 37.2711654], [27.5493672, 37.2640563], [27.5439372, 37.2628739], [27.54055, 37.2543635], [27.5517984, 37.2446098], [27.534294, 37.2509225], [27.5371123, 37.2447621], [27.5334745, 37.2453521], [27.5321168, 37.2407839], [27.5287868, 37.2438716], [27.5209286, 37.2394009], [27.5274817, 37.2294456], [27.5225779, 37.22709], [27.5140516, 37.2306249], [27.5107807, 37.2276546], [27.5104458, 37.2302192], [27.5050157, 37.2292263], [27.5069718, 37.2333256], [27.5007151, 37.2339355], [27.4982388, 37.2377934], [27.5103921, 37.2381837], [27.5223031, 37.2507629], [27.5142043, 37.2512025], [27.514721, 37.2541435], [27.5250324, 37.2574474], [27.517042, 37.261883], [27.517891, 37.268559], [27.522425, 37.27342], [27.519075, 37.277031], [27.511026, 37.275268], [27.510091, 37.279639], [27.506879, 37.280038], [27.498501, 37.27712], [27.494906, 37.268143], [27.493962, 37.27123], [27.485251, 37.266385], [27.476272, 37.269761], [27.479286, 37.263583], [27.476503, 37.255374], [27.466228, 37.256827], [27.456871, 37.250827], [27.454337, 37.257002], [27.462112, 37.266991], [27.471467, 37.272349], [27.471197, 37.280571], [27.473768, 37.280561], [27.475748, 37.288517], [27.487837, 37.293605], [27.488232, 37.304907], [27.492927, 37.309769], [27.492311, 37.313882], [27.497309, 37.315916], [27.49799, 37.321565], [27.49243, 37.33212], [27.4848419, 37.3285737], [27.4826333, 37.3332932], [27.486345, 37.336513], [27.48039, 37.336023], [27.4741377, 37.345425], [27.470136, 37.342744], [27.477782, 37.330639], [27.471122, 37.320133], [27.46565, 37.319641], [27.466915, 37.31604], [27.463385, 37.317338], [27.455939, 37.309403], [27.446603, 37.307897], [27.4433231, 37.3029037], [27.4319024, 37.3025884], [27.423444, 37.30734], [27.4123805, 37.3051319], [27.4049381, 37.3141068], [27.3989851, 37.3145633], [27.4010124, 37.3211675], [27.3886175, 37.322898], [27.3939548, 37.3261198], [27.3854555, 37.3281459], [27.3883972, 37.3312946], [27.382923, 37.339462], [27.386189, 37.348956], [27.382686, 37.356161], [27.391259, 37.364738], [27.405987, 37.3694122], [27.4129393, 37.3771709], [27.4136743, 37.3831733], [27.4205961, 37.3801543], [27.4324963, 37.3825259], [27.4316626, 37.3876485], [27.4297408, 37.3859103], [27.4302007, 37.4021432], [27.4161516, 37.4159082], [27.3761364, 37.405029], [27.3649367, 37.393244], [27.3650993, 37.382283], [27.3596805, 37.372842], [27.343002, 37.369255], [27.341448, 37.3736355], [27.3388182, 37.3706261], [27.3343481, 37.3730131], [27.338521, 37.374792], [27.3288261, 37.377944], [27.3305194, 37.3720134], [27.3183117, 37.3689945], [27.3208264, 37.3673369], [27.3202216, 37.3606973], [27.3302945, 37.3548304], [27.3334818, 37.348384], [27.3301901, 37.3428521], [27.3200843, 37.3441481], [27.3184329, 37.3419034], [27.3145745, 37.3460691], [27.3128781, 37.3412551], [27.3056265, 37.3489731], [27.3075977, 37.3536516], [27.2960187, 37.3498458], [27.2881674, 37.3560878], [27.2816622, 37.3562555], [27.2754469, 37.3535608], [27.2754681, 37.3489655], [27.2679652, 37.3434845], [27.2625826, 37.3430908], [27.2647726, 37.3397119], [27.2640959, 37.336937], [27.2630432, 37.3409623], [27.2630185, 37.3359713], [27.2584771, 37.3352654], [27.2621205, 37.3338665], [27.2656013, 37.3369006], [27.2634709, 37.3341206], [27.2608362, 37.3335192], [27.2583484, 37.3347558], [27.2578616, 37.3373511], [27.2352332, 37.3389683], [27.236055, 37.342158], [27.2300048, 37.3428071], [27.233293, 37.3501834], [27.2154492, 37.3455983], [27.2129534, 37.3484234], [27.220968, 37.354261], [27.208794, 37.3526755], [27.2084806, 37.3568881], [27.201917, 37.3509047], [27.192093, 37.3536814], [27.2028363, 37.3607399], [27.2076274, 37.3682326], [27.2043931, 37.3730528], [27.212097, 37.3768379], [27.2084886, 37.3807901], [27.2180638, 37.3932419], [27.2149846, 37.3958653], [27.2099852, 37.3938051], [27.2100492, 37.3990462], [27.2268664, 37.4008111], [27.2301973, 37.4056413], [27.220678, 37.4121994], [27.221956, 37.416685], [27.2185143, 37.4198379], [27.221075, 37.445715], [27.2204892, 37.451255], [27.2185717, 37.4522458], [27.21868, 37.452913], [27.223683, 37.455986], [27.222582, 37.464722], [27.227922, 37.472419], [27.22037, 37.479626], [27.227643, 37.486548], [27.215553, 37.486057], [27.201232, 37.49533], [27.200762, 37.500469], [27.207551, 37.506879], [27.201913, 37.508944], [27.206131, 37.518442], [27.199205, 37.52128], [27.200033, 37.529499], [27.197617, 37.530273], [27.19988, 37.532325], [27.195691, 37.533873], [27.210849, 37.532819], [27.202472, 37.53643], [27.195694, 37.535157], [27.191814, 37.531824], [27.198287, 37.540034], [27.19119, 37.539789], [27.192171, 37.544925], [27.196201, 37.544404], [27.187013, 37.546731], [27.188633, 37.549426], [27.17959, 37.545715], [27.181837, 37.540831], [27.179584, 37.543147], [27.175708, 37.541097], [27.176683, 37.544435], [27.171514, 37.541103], [27.17884, 37.548373], [27.175408, 37.551116], [27.173791, 37.549321], [27.174771, 37.554457], [27.179596, 37.548155], [27.187513, 37.553153], [27.185752, 37.55855], [27.208343, 37.55954], [27.19805, 37.572145], [27.213223, 37.57366], [27.213539, 37.571091], [27.217412, 37.57134], [27.213567, 37.581109], [27.218399, 37.577632], [27.222275, 37.578524], [27.218732, 37.5811], [27.227122, 37.580313], [27.226966, 37.582369], [27.219388, 37.584695], [27.2142113, 37.5932746], [27.2040011, 37.5981655], [27.2043241, 37.6029265], [27.2009537, 37.6041782], [27.2041052, 37.6102217], [27.189759, 37.6117099], [27.1794132, 37.6065344], [27.1721994, 37.6141328], [27.1514176, 37.6186576], [27.1464503, 37.6224236], [27.1422397, 37.6206174], [27.1315329, 37.6296279], [27.1293658, 37.6297254], [27.133115, 37.6236554], [27.124562, 37.6309248], [27.1040243, 37.632322], [27.0947232, 37.6394823], [27.05674, 37.640886], [27.0283555, 37.6511926], [27.0167561, 37.647461], [27.017331, 37.650403], [27.0130981, 37.6497356], [27.01927, 37.65477], [27.0064217, 37.6548234], [27.003047, 37.6594703], [27.00877, 37.66222], [27.0055459, 37.6683851], [27.0106854, 37.670088], [27.0152937, 37.6847971], [27.025743, 37.685465], [27.0250991, 37.6877169], [27.0306681, 37.6898202], [27.0364282, 37.6849258], [27.0445339, 37.6852837], [27.0476224, 37.6805963], [27.065219, 37.6862311], [27.1027544, 37.6811918], [27.1246761, 37.6897455], [27.1491898, 37.6926606], [27.1553382, 37.6975555], [27.189348, 37.704068], [27.1927628, 37.7076312], [27.2044216, 37.7076968], [27.2302853, 37.7217903], [27.2440685, 37.7348682], [27.2628843, 37.7721948], [27.2696689, 37.8101662], [27.2605693, 37.8235348], [27.2432982, 37.8250415], [27.2360312, 37.8399098], [27.2434961, 37.8466388], [27.2412679, 37.8597437], [27.2475668, 37.8591826], [27.2495707, 37.8612866], [27.2467707, 37.864111], [27.2538262, 37.8608641], [27.2539496, 37.8647143], [27.2557303, 37.861213], [27.2632992, 37.8663387], [27.2609996, 37.8683452], [27.2630552, 37.8728516], [27.2593052, 37.8674604], [27.2603599, 37.8729115], [27.266161, 37.8771868], [27.2639567, 37.8901514], [27.2726998, 37.8979415], [27.2688745, 37.9065317], [27.2710252, 37.9098199], [27.2643229, 37.9053767], [27.2616824, 37.9093914], [27.2636548, 37.9121791], [27.2608366, 37.9129719], [27.2660733, 37.9215777], [27.2755118, 37.922089], [27.276967, 37.9269411], [27.2719252, 37.948284], [27.254451, 37.974049], [27.2473247, 37.9813883], [27.2418828, 37.9801472], [27.2385472, 37.985731], [27.2313316, 37.9840624], [27.2161759, 37.9927945], [27.2054201, 37.9925657], [27.20281, 37.9889987], [27.1996616, 37.9914462], [27.1939199, 37.9884889], [27.1861278, 37.9905677], [27.1815137, 37.9858328], [27.175142, 37.986524], [27.1671853, 37.9812715], [27.1537677, 37.9865649], [27.1457483, 37.9832455], [27.1387586, 37.9888953], [27.1313574, 37.9871766], [27.125498, 37.993651], [27.118946, 37.9923095], [27.1151096, 38.00116], [27.1114936, 38.0008741], [27.1108704, 38.0059211], [27.0973863, 38.0165325], [27.0882495, 38.0176519], [27.084877, 38.013871], [27.0783583, 38.0163717], [27.0759366, 38.0124732], [27.070878, 38.0190048], [27.0729619, 38.0249906], [27.0680685, 38.0338826], [27.0635126, 38.0377699], [27.0606609, 38.0366137], [27.0464191, 38.0500532], [27.0178024, 38.0546451], [26.9796587, 38.0747767], [26.9698187, 38.0750371], [26.9678588, 38.0720217], [26.9604234, 38.0759485], [26.9398807, 38.0740538], [26.8975761, 38.0612079], [26.8835515, 38.0514708], [26.8821041, 38.0426756], [26.8718495, 38.0301752], [26.8649885, 38.0325553], [26.8679878, 38.0396976], [26.8573517, 38.0462059], [26.8558111, 38.0578443], [26.8458723, 38.0720047], [26.8511729, 38.1017439], [26.8405862, 38.1188746], [26.8333128, 38.1247963], [26.8367833, 38.1315356], [26.8332282, 38.1323679], [26.8303381, 38.139059], [26.8196849, 38.1438807], [26.8234519, 38.1486496], [26.8242955, 38.1583985], [26.7969109, 38.1730659], [26.7875252, 38.1702554], [26.7848768, 38.1639693], [26.7781179, 38.1661961], [26.7747343, 38.1616308], [26.7748011, 38.1705378], [26.7720274, 38.1712275], [26.7746486, 38.1743551], [26.7676398, 38.1757947], [26.7726909, 38.1825686], [26.7699118, 38.1860566], [26.7708448, 38.1911622], [26.7742437, 38.1919985], [26.7723967, 38.1969515], [26.7763549, 38.1993893], [26.7827763, 38.1957037], [26.7810321, 38.1948601], [26.7827682, 38.1907068], [26.7826304, 38.1947881], [26.7888643, 38.1992503], [26.7750403, 38.2045697], [26.7699525, 38.2143064], [26.7669901, 38.2137275], [26.7665248, 38.2171518], [26.7621742, 38.2150619], [26.7571887, 38.2220861], [26.7456203, 38.2194328], [26.7451589, 38.2129172], [26.7359272, 38.2163264], [26.7321946, 38.2127758], [26.7347223, 38.2087741], [26.7326001, 38.2073602], [26.7104304, 38.2122544], [26.7054576, 38.2113819], [26.7030114, 38.2072384], [26.6966385, 38.2114957], [26.6941038, 38.2055136], [26.6885467, 38.2067491], [26.686423, 38.2024391], [26.6835218, 38.2045284], [26.6869916, 38.2066308], [26.6855636, 38.2089242], [26.6784305, 38.2117782], [26.6745303, 38.2047125], [26.6597127, 38.2103572], [26.6563198, 38.2073698], [26.6535299, 38.2102719], [26.6503567, 38.2090758], [26.6499584, 38.2037798], [26.6452637, 38.2022478], [26.6358604, 38.2079421], [26.6390288, 38.2004776], [26.6314805, 38.1995962], [26.6282574, 38.1864455], [26.6327474, 38.1745808], [26.630508, 38.1684403], [26.633084, 38.1671975], [26.6284309, 38.1611937], [26.6235526, 38.1383869], [26.6104113, 38.1381463], [26.6077836, 38.1419708], [26.6068691, 38.1394978], [26.6014038, 38.147111], [26.6070688, 38.1348414], [26.6128122, 38.1352991], [26.6097758, 38.1267389], [26.6136241, 38.1105327], [26.6044609, 38.1032557], [26.5988611, 38.1072614], [26.5924128, 38.1031889], [26.5815526, 38.111534], [26.5858798, 38.1156061], [26.5835041, 38.1183429], [26.5856252, 38.1218139], [26.5714561, 38.1438707], [26.5624625, 38.143804], [26.5664502, 38.137865], [26.5644987, 38.1280699], [26.5666851, 38.1270327], [26.5605698, 38.1179912], [26.5524047, 38.1183558], [26.5524507, 38.1225815], [26.5437376, 38.1202502], [26.5458, 38.1277187], [26.5413551, 38.1303969], [26.5313162, 38.128117], [26.5295425, 38.1364635], [26.5327667, 38.1390661], [26.5215671, 38.1422692], [26.5238579, 38.1553469], [26.5124038, 38.1676218], [26.5157128, 38.1703567], [26.5202944, 38.1652204], [26.5169854, 38.1753259], [26.5233133, 38.1832687], [26.5205489, 38.1828625], [26.5182498, 38.1878529], [26.5069737, 38.1760596], [26.5010345, 38.1836628], [26.4967981, 38.1777051], [26.4863884, 38.1856713], [26.4925353, 38.1917848], [26.4908481, 38.1954136], [26.4856871, 38.1918203], [26.4715933, 38.1905984], [26.4635437, 38.1952891], [26.4582646, 38.1917204], [26.4570233, 38.1948539], [26.4620007, 38.2038695], [26.4586248, 38.2055134], [26.451752, 38.2015062], [26.4514768, 38.2090042], [26.4390059, 38.2129544], [26.4430643, 38.2184427], [26.41945, 38.2215394], [26.42935, 38.207144], [26.4303248, 38.1982999], [26.4148655, 38.2104431], [26.4111854, 38.209073], [26.4097896, 38.2136874], [26.3893055, 38.2240095], [26.3922175, 38.2297067], [26.389611, 38.2366005], [26.4021597, 38.2443448], [26.3998636, 38.2528941], [26.3916574, 38.2608344], [26.379278, 38.2612004], [26.3854102, 38.2552744], [26.3823923, 38.2552561], [26.3839269, 38.2530279], [26.3866469, 38.253458], [26.3862108, 38.2460537], [26.3793771, 38.2454352], [26.3737836, 38.2403773], [26.366577, 38.2276221], [26.3432622, 38.2292133], [26.3354171, 38.2258598], [26.3071095, 38.2407146], [26.3063341, 38.2465051], [26.3017055, 38.2489813], [26.3025087, 38.2557481], [26.2861857, 38.264953], [26.2603644, 38.2699192], [26.2488969, 38.2689447], [26.2414667, 38.2633529], [26.2323879, 38.2669354], [26.2303093, 38.2737165], [26.2334138, 38.2777662], [26.2339926, 38.2938229], [26.2429886, 38.2940901], [26.2432314, 38.289266], [26.2492115, 38.2852097], [26.2726352, 38.2904085], [26.2828528, 38.3009607], [26.2795116, 38.315117], [26.2812875, 38.3228956], [26.2835644, 38.3245326], [26.2870848, 38.3171232], [26.2940144, 38.3223423], [26.2925133, 38.3239952], [26.2962765, 38.3232012], [26.294199, 38.325059], [26.30334, 38.3208742], [26.2848683, 38.3450838], [26.2845404, 38.376778], [26.288661, 38.3674933], [26.3014828, 38.3552611], [26.304818, 38.3577147], [26.3019993, 38.3636821], [26.3095496, 38.3683647], [26.309575, 38.3751145], [26.3153119, 38.3766091], [26.3139508, 38.3644559], [26.3188368, 38.3617407], [26.311419, 38.3528139], [26.3186797, 38.3581909], [26.3244467, 38.3530232], [26.3215413, 38.3508352], [26.3231051, 38.3462892], [26.3166376, 38.3475387], [26.3173882, 38.3408803], [26.3120619, 38.3394336], [26.3184625, 38.3302742], [26.3382146, 38.3246237], [26.3446085, 38.3337025], [26.3438899, 38.319907], [26.3522772, 38.3144646], [26.3583624, 38.3140694], [26.3612, 38.3133393], [26.35792, 38.3111793], [26.363064, 38.3077652], [26.375297, 38.3088851], [26.381896, 38.3109858], [26.3852887, 38.3175607], [26.3832126, 38.3209121], [26.3885966, 38.332032], [26.3855374, 38.3314719], [26.3824701, 38.3383029], [26.3851785, 38.3493489], [26.3885196, 38.3448813], [26.3868185, 38.3373146], [26.3946088, 38.3427529], [26.4015793, 38.3347785], [26.3935911, 38.3249837], [26.3961501, 38.3204168], [26.3970956, 38.3239406], [26.4028242, 38.3234443], [26.401467, 38.3258544], [26.4086616, 38.3279033], [26.4091656, 38.3319465], [26.4229309, 38.3324333], [26.4251221, 38.3357389], [26.4188836, 38.3359892], [26.4200645, 38.3391283], [26.4242118, 38.3381732], [26.4240343, 38.3410901], [26.4303745, 38.3410481], [26.4351244, 38.3461378], [26.4393317, 38.3439576], [26.4444675, 38.3485498], [26.4508196, 38.3480449], [26.4513862, 38.3527773], [26.4618163, 38.3588393], [26.4628257, 38.3635787], [26.468013, 38.3648579], [26.4724132, 38.372664], [26.4832102, 38.3760496], [26.4756872, 38.3810058], [26.4731402, 38.3870415], [26.4757627, 38.4017969], [26.4670573, 38.4127877], [26.4597261, 38.4093081], [26.4618459, 38.4183021], [26.4528395, 38.4201645], [26.451026, 38.4279485], [26.4630934, 38.4239556], [26.469531, 38.4272213], [26.4834893, 38.4137332], [26.4848474, 38.4047285], [26.4913108, 38.4007074], [26.5032235, 38.4064595], [26.5014873, 38.4155717], [26.5066959, 38.4144538], [26.5116294, 38.4206426], [26.5098588, 38.4238007], [26.5158324, 38.4278139], [26.5149643, 38.4320691], [26.5057762, 38.4363848], [26.4955224, 38.4480243], [26.4757023, 38.4590831], [26.4705624, 38.4578043], [26.4645202, 38.4636528], [26.4351854, 38.4774815], [26.4192845, 38.4761325], [26.413483, 38.4690029], [26.4153319, 38.4621366], [26.4129764, 38.4578838], [26.4047824, 38.4566504], [26.401615, 38.4470721], [26.3959516, 38.447335], [26.3966659, 38.4449083], [26.3930596, 38.4474429], [26.3913209, 38.4633159], [26.4052989, 38.478478], [26.4051267, 38.4872099], [26.4120812, 38.4940209], [26.4066071, 38.498514], [26.4033795, 38.4974632], [26.4044898, 38.5015317], [26.4007887, 38.5055058], [26.3893069, 38.5056943], [26.3949273, 38.5083885], [26.3896081, 38.5169417], [26.3906496, 38.5210967], [26.3849345, 38.5231505], [26.3815279, 38.5191845], [26.3770278, 38.5239176], [26.3753992, 38.5306419], [26.3717243, 38.5308351], [26.3749512, 38.5415163], [26.3805232, 38.5233563], [26.3805865, 38.5445354], [26.3685974, 38.5558859], [26.3704851, 38.5597573], [26.3596163, 38.566658], [26.3628132, 38.5678286], [26.3598379, 38.5782645], [26.3631317, 38.5896716], [26.3592215, 38.5987319], [26.3601781, 38.6064853], [26.3549257, 38.6139581], [26.3578542, 38.6221164], [26.3532361, 38.6379849], [26.3606095, 38.6596254], [26.3697381, 38.6638568], [26.3980253, 38.6674279], [26.4171028, 38.6805814], [26.4274077, 38.6790667], [26.4354965, 38.6709812], [26.4543904, 38.6726577], [26.4652127, 38.6694394], [26.4754315, 38.6745427], [26.5012607, 38.6532132], [26.5133141, 38.6471255], [26.5173784, 38.651611], [26.5227859, 38.6499231], [26.5281332, 38.6439647], [26.5216751, 38.6404136], [26.5255844, 38.6339903], [26.5236142, 38.6296025], [26.533179, 38.6259385], [26.5305011, 38.6228709], [26.5358742, 38.6222722], [26.5485836, 38.6018988], [26.557203, 38.604577], [26.558839, 38.6007615], [26.5619436, 38.6020134], [26.5692071, 38.5589568], [26.5910913, 38.546767], [26.6047824, 38.5329612], [26.6144898, 38.5294385], [26.6246176, 38.5313385], [26.6228634, 38.5249991], [26.6278008, 38.5179195], [26.6260336, 38.5159886], [26.628892, 38.5174094], [26.6294895, 38.5153825], [26.6324529, 38.5153489], [26.6350557, 38.5113878], [26.6297951, 38.5152278], [26.6337189, 38.5114612], [26.6314899, 38.500221], [26.6401019, 38.47521], [26.6401413, 38.4657986], [26.6311017, 38.4632765], [26.6278699, 38.4692631], [26.6206181, 38.4726574], [26.6087156, 38.4693249], [26.5863161, 38.4693197], [26.5973484, 38.467811], [26.5884576, 38.4616409], [26.5974876, 38.4581308], [26.5983895, 38.4615175], [26.604026, 38.4514581], [26.5983968, 38.4462347], [26.6030612, 38.4410176], [26.599099, 38.4339535], [26.5905615, 38.4305137], [26.5876012, 38.4322292], [26.5840088, 38.4273615], [26.600874, 38.4157923], [26.6110015, 38.4226508], [26.6159668, 38.4152917], [26.6140526, 38.4110002], [26.6178123, 38.4075364], [26.6169549, 38.4034253], [26.6242462, 38.3985557], [26.6229012, 38.3923481], [26.628116, 38.3831621], [26.6397883, 38.3788399], [26.6443109, 38.3720756], [26.6450189, 38.3577293], [26.6405512, 38.3482383], [26.6437367, 38.3398549], [26.654475, 38.3349167], [26.651728, 38.3290456], [26.6534751, 38.3243621], [26.6521739, 38.3290219], [26.6560461, 38.3302796], [26.6744897, 38.3113133], [26.6923243, 38.3118924], [26.7015421, 38.3148289], [26.7037299, 38.3196865], [26.699873, 38.3227757], [26.700338, 38.3320822], [26.6934257, 38.3355197], [26.6955739, 38.3398697], [26.6922827, 38.3440912], [26.6804707, 38.3480111], [26.6730101, 38.346489], [26.6779984, 38.3601162], [26.6844382, 38.3504426], [26.6887179, 38.3514135], [26.6806066, 38.3660038], [26.6826344, 38.3737371], [26.6754562, 38.3823132], [26.6755334, 38.3921611], [26.6863417, 38.4028767], [26.682932, 38.4091239], [26.6865011, 38.4112218], [26.6858787, 38.4146295], [26.6941222, 38.4198449], [26.6912237, 38.4198449], [26.6966974, 38.425627], [26.705334, 38.429538], [26.706921, 38.434372], [26.713996, 38.42774], [26.7209057, 38.4265637], [26.7240696, 38.4290627], [26.7196224, 38.4367176], [26.7247554, 38.4358997], [26.7310728, 38.4305685], [26.7287869, 38.426523], [26.7325034, 38.4221328], [26.7319717, 38.4267039], [26.7354947, 38.4292969], [26.7403108, 38.4214947], [26.7349303, 38.4191564], [26.7350835, 38.4139784], [26.7413022, 38.4027933], [26.7493081, 38.4001795], [26.7500066, 38.391275], [26.7624158, 38.3840837], [26.7614755, 38.3741322], [26.7647745, 38.367992], [26.8031722, 38.3551417], [26.8105687, 38.3562485], [26.815574, 38.362616], [26.8350441, 38.3705779], [26.8833956, 38.3782143], [26.8773515, 38.3781547], [26.8792854, 38.3797866], [26.8857437, 38.3785583], [26.8839333, 38.3773768], [26.9230392, 38.3848599], [26.9329733, 38.3832342], [26.9804453, 38.396534], [26.9984393, 38.4079056], [27.0106629, 38.409003], [27.0174828, 38.4181065], [27.0219668, 38.4139673], [27.0344924, 38.4136195], [27.0354995, 38.4108067], [27.0485353, 38.4128734], [27.0459697, 38.4090626], [27.0530385, 38.405546], [27.0572685, 38.4061315], [27.058062, 38.4094986], [27.05715, 38.4135277], [27.0519102, 38.4130271], [27.060605, 38.415079], [27.0699194, 38.4045001], [27.088913, 38.3991703], [27.1019685, 38.4077482], [27.1195461, 38.4111918], [27.1487875, 38.4472236], [27.147462, 38.4422653], [27.1546223, 38.4474129], [27.1591842, 38.4455589], [27.1572408, 38.4426458], [27.1595131, 38.4408651], [27.1623974, 38.4465435], [27.1626544, 38.4417193], [27.1664463, 38.4398596], [27.1685875, 38.444462], [27.1657235, 38.448714], [27.1711751, 38.4471379], [27.1588968, 38.4670338], [27.1505023, 38.4635787], [27.1344896, 38.4650603], [27.1352412, 38.4625318], [27.1333395, 38.4647549], [27.1243846, 38.4553879], [27.1120793, 38.4486887], [27.0934278, 38.4533719], [27.078479, 38.4675301], [27.0676761, 38.4646438], [27.0652925, 38.4725738], [27.0594674, 38.4741327], [27.0594487, 38.4688238], [27.0563751, 38.4689504], [27.0587975, 38.4731882], [27.0535641, 38.472896], [27.0484104, 38.4713316], [27.0501302, 38.4684657], [27.0404503, 38.4655984], [27.0390072, 38.4591826], [27.039413, 38.466201], [27.037451, 38.46389], [27.033534, 38.469542], [27.032225, 38.46569], [27.029613, 38.468259], [27.024712, 38.466205], [27.0312406, 38.4633809], [27.022098, 38.464921], [27.01981, 38.461326], [27.016543, 38.461326], [27.01834, 38.465179], [27.015237, 38.465436], [27.01393, 38.461841], [27.009683, 38.461841], [27.013276, 38.460813], [27.010989, 38.457988], [27.009356, 38.461327], [26.9952294, 38.4581232], [26.9946562, 38.4536197], [26.9890423, 38.4506125], [26.9891775, 38.4582792], [26.9887448, 38.4547636], [26.9848775, 38.4568603], [26.9842554, 38.4483674], [26.9816592, 38.4527516], [26.9791871, 38.4523326], [26.9799167, 38.4486062], [26.9736431, 38.4549352], [26.9744707, 38.4514247], [26.9706242, 38.4535279], [26.9747242, 38.4470884], [26.972529, 38.4423959], [26.9768597, 38.4398062], [26.9722235, 38.4337818], [26.9685757, 38.4360762], [26.9716664, 38.437146], [26.9657634, 38.4480607], [26.9675424, 38.4500168], [26.9633375, 38.4472303], [26.9628703, 38.4430645], [26.9601928, 38.4457667], [26.9545863, 38.4439652], [26.9548379, 38.4404325], [26.9472952, 38.4299734], [26.9439432, 38.427929], [26.9516213, 38.4377019], [26.9520764, 38.4437323], [26.9472965, 38.446672], [26.9421243, 38.4445563], [26.9391414, 38.4507979], [26.9240071, 38.4548776], [26.9226657, 38.4676502], [26.9085476, 38.4867101], [26.9037066, 38.4871136], [26.9044347, 38.4892943], [26.8839571, 38.5038736], [26.8856823, 38.5063051], [26.8830362, 38.5084722], [26.8297247, 38.5253261], [26.813924, 38.5437275], [26.8337633, 38.5618937], [26.8322893, 38.5673795], [26.8368291, 38.5612713], [26.8306385, 38.5577675], [26.8404255, 38.5562922], [26.8381851, 38.5614557], [26.846793, 38.5601649], [26.8416636, 38.568094], [26.848149, 38.5752387], [26.8441988, 38.5818297], [26.8400128, 38.5804931], [26.8401897, 38.5876827], [26.8344708, 38.5880513], [26.8304616, 38.5780503], [26.8255681, 38.5879822], [26.8273369, 38.5909776], [26.8190828, 38.5868762], [26.8164749, 38.5882793], [26.8180022, 38.5903272], [26.8138945, 38.5903786], [26.8164886, 38.5945259], [26.8105339, 38.5952171], [26.8055225, 38.6021287], [26.8009524, 38.5994158], [26.8045662, 38.6031072], [26.8003834, 38.599527], [26.8035134, 38.6042413], [26.7997858, 38.6111342], [26.7938392, 38.6112085], [26.7948502, 38.6091551], [26.7793886, 38.6175304], [26.7753558, 38.6162794], [26.7746567, 38.6125596], [26.7699957, 38.6163524], [26.7566518, 38.6158693], [26.759134, 38.6194644], [26.7544876, 38.6283847], [26.7638579, 38.636333], [26.7704209, 38.6353551], [26.7661998, 38.640978], [26.7494504, 38.6345564], [26.7439107, 38.6372635], [26.7428539, 38.6454622], [26.7364885, 38.6446093], [26.7331048, 38.647621], [26.7334959, 38.653994], [26.7267975, 38.6548217], [26.7254969, 38.6501952], [26.7227025, 38.6525338], [26.7236826, 38.6560464], [26.731151, 38.6563544], [26.7343588, 38.6596359], [26.7346696, 38.6668619], [26.7410318, 38.6633751], [26.7453508, 38.6687367], [26.7448939, 38.6645291], [26.7489924, 38.6634931], [26.7533909, 38.6660349], [26.7506978, 38.6696036], [26.7548676, 38.6690323], [26.7535725, 38.6739029], [26.7466095, 38.6784404], [26.733407, 38.6751897], [26.7411778, 38.6816096], [26.7362052, 38.6835185], [26.7340553, 38.6861667], [26.736607, 38.6885928], [26.7287064, 38.6951864], [26.7332307, 38.7037915], [26.7283365, 38.7083436], [26.7285641, 38.7149157], [26.732567, 38.7190123], [26.7267747, 38.7209374], [26.7301531, 38.7234139], [26.7293893, 38.7274033], [26.7432518, 38.7325726], [26.7399129, 38.7414595], [26.758111, 38.7360314], [26.7639588, 38.7405926], [26.7673619, 38.7380577], [26.7686992, 38.7422302], [26.769483, 38.734772], [26.7716459, 38.7386906], [26.7793154, 38.7401387], [26.78076, 38.7364136], [26.7872441, 38.746969], [26.7966503, 38.746343], [26.8052064, 38.7513956], [26.8128172, 38.7513692], [26.823806, 38.7621704], [26.830841, 38.7613182], [26.8317118, 38.755989], [26.8378391, 38.7528046], [26.8324583, 38.7505311], [26.8366984, 38.7421898], [26.8574501, 38.752894], [26.8756086, 38.7358625], [26.8853329, 38.7322409], [26.8954775, 38.734114], [26.9009559, 38.7447048], [26.8966479, 38.7489995], [26.8978199, 38.7515186], [26.9071781, 38.75372], [26.9039878, 38.7591398], [26.9071517, 38.7604149], [26.9072629, 38.7664358], [26.9155923, 38.7631974], [26.9140807, 38.7674984], [26.9187965, 38.7619362], [26.9195276, 38.7655106], [26.919646, 38.7611122], [26.9216969, 38.7591907], [26.9216279, 38.7625478], [26.9246756, 38.7573038], [26.9240898, 38.7607814], [26.9278086, 38.7568709], [26.9269072, 38.7615804], [26.9295151, 38.7585074], [26.9295387, 38.7617496], [26.9300843, 38.7562718], [26.9393626, 38.7646428], [26.9387801, 38.7672068], [26.9303672, 38.7672644], [26.9380164, 38.7673701], [26.9283782, 38.7754329], [26.9332041, 38.7808467], [26.927008, 38.781086], [26.9251921, 38.7768059], [26.925201, 38.7800567], [26.9105309, 38.7940669], [26.9118282, 38.796338], [26.9049136, 38.8066724], [26.8948097, 38.8137689], [26.8925535, 38.8242078], [26.9140323, 38.817447], [26.9245412, 38.8278578], [26.9445312, 38.8360343], [26.9452494, 38.8167199], [26.9421285, 38.8165078], [26.942154, 38.8123466], [26.9553486, 38.8026861], [26.9734261, 38.8057792], [26.9839082, 38.8252348], [26.9769837, 38.8297279], [26.962396, 38.830386], [26.9704401, 38.8464239], [26.9793284, 38.8444177], [26.9767181, 38.8460116], [26.9790435, 38.8488029], [26.9869571, 38.8470832], [26.9907446, 38.8562692], [27.0025259, 38.8571075], [27.007602, 38.866875], [27.012037, 38.865976], [27.0259064, 38.8727453], [27.0193322, 38.8626494], [27.022875, 38.856857], [27.032729, 38.854928], [27.035524, 38.862247], [27.0437784, 38.8683588], [27.055458, 38.8696781], [27.0591178, 38.8660232], [27.063454, 38.871481], [27.060472, 38.8767309], [27.0655248, 38.876284], [27.0617595, 38.8895363], [27.0493965, 38.8938353], [27.0442057, 38.8908732], [27.0370009, 38.8953666], [27.0421411, 38.8985044], [27.0444796, 38.909685], [27.0573486, 38.9143484], [27.0537406, 38.9246234], [27.0473336, 38.9302764], [27.0525926, 38.9280904], [27.0530886, 38.9330984], [27.0435062, 38.9411547], [27.0355016, 38.9408104], [27.0272756, 38.9297684], [27.0197126, 38.9292564], [27.00814, 38.9229123], [27.0162508, 38.9238165], [27.0116757, 38.922678], [27.0122699, 38.9197656], [27.0094511, 38.9216616], [27.012238, 38.9175511], [27.0028582, 38.9176322], [27.0144696, 38.9148897], [27.0136028, 38.9178082], [27.0167973, 38.9179733], [27.0190592, 38.9133433], [26.9953416, 38.9160844], [26.9948351, 38.9122196], [26.9946712, 38.9161162], [26.9843587, 38.919759], [26.9564174, 38.9384586], [26.9505698, 38.9344302], [26.9465787, 38.9391828], [26.9364061, 38.9374358], [26.939536, 38.9262798], [26.9368833, 38.9263026], [26.9302483, 38.9301208], [26.9335107, 38.9292499], [26.92966, 38.9365678], [26.9191346, 38.939787], [26.8940804, 38.9303288], [26.8893618, 38.9243001], [26.8805038, 38.9222648], [26.8777909, 38.9159762], [26.8710505, 38.918692], [26.8590454, 38.9143495], [26.8525286, 38.9164857], [26.8571663, 38.9221863], [26.8505258, 38.9332386], [26.8303088, 38.9333134], [26.8214154, 38.9364503], [26.8122633, 38.9520366], [26.8076611, 38.9538466], [26.8021494, 38.9508813], [26.7964408, 38.9624871], [26.8005446, 38.9684382], [26.7961855, 38.9824175], [26.7992805, 38.9895722], [26.7971843, 38.9960399], [26.8010285, 38.9988013], [26.8015008, 39.0081914], [26.8084673, 39.0164822], [26.812238, 39.01517], [26.816507, 39.0254071], [26.8129656, 39.025447], [26.8114953, 39.0197719], [26.7992788, 39.0155831], [26.7993983, 39.0219031], [26.7954204, 39.0235166], [26.7991431, 39.0318292], [26.8051647, 39.0378164], [26.812015, 39.037], [26.813034, 39.0414724], [26.8200587, 39.036931], [26.8382234, 39.0448828], [26.8511389, 39.0573681], [26.858902, 39.056712], [26.8678578, 39.0639298], [26.8810645, 39.0641534], [26.8865539, 39.0679968], [26.8847855, 39.0716756], [26.8871501, 39.0709183], [26.8876599, 39.0753829], [26.8791562, 39.0944343], [26.8531862, 39.1204162], [26.8491525, 39.1294224], [26.8167173, 39.1548484], [26.7989415, 39.1612026], [26.7675982, 39.1661327], [26.7616642, 39.1798062], [26.7340882, 39.2062332], [26.7290433, 39.2152588], [26.7292311, 39.2198584], [26.7350647, 39.206717], [26.7371311, 39.2222368], [26.7403921, 39.2223731], [26.731438, 39.227144], [26.735715, 39.231519], [26.7345142, 39.2400093], [26.7216059, 39.2568628], [26.7039025, 39.2643878], [26.6387137, 39.2667435], [26.633662, 39.272043], [26.6137531, 39.2721842], [26.6085295, 39.2758961], [26.611445, 39.2825244], [26.62018, 39.285644], [26.626392, 39.298248], [26.622714, 39.30594], [26.625987, 39.312114], [26.635899, 39.313173], [26.6521928, 39.3233065], [26.653728, 39.31785], [26.657533, 39.31709], [26.65162, 39.309625], [26.6565549, 39.3040568], [26.65182, 39.302563], [26.644852, 39.307935], [26.641908, 39.301891], [26.634291, 39.304693], [26.630529, 39.296977], [26.639313, 39.292253], [26.6471086, 39.293606], [26.65118, 39.298324], [26.659142, 39.292184], [26.654547, 39.285879], [26.660159, 39.287051], [26.6594381, 39.2832742], [26.670772, 39.278864], [26.6736982, 39.2845144], [26.6667325, 39.2952181], [26.6608598, 39.2925471], [26.662064, 39.303236], [26.675243, 39.31239], [26.6897171, 39.3134626], [26.6903674, 39.3190582], [26.7027427, 39.3370742], [26.699952, 39.3419816], [26.7141125, 39.3410781], [26.7343018, 39.3517042], [26.736886, 39.35967], [26.747149, 39.357509], [26.765968, 39.3686863], [26.7755816, 39.3688263], [26.7878304, 39.3779851], [26.7917768, 39.3870418], [26.8036347, 39.3936437], [26.805916, 39.391472], [26.8095263, 39.4045528], [26.8074304, 39.406504], [26.8017322, 39.4031133], [26.8038645, 39.4183956], [26.7972275, 39.4253665], [26.7972793, 39.4318078], [26.8019578, 39.4355462], [26.8087021, 39.4337738], [26.812823, 39.439128], [26.8172275, 39.4320033], [26.833936, 39.4294814], [26.8378235, 39.4342244], [26.8545305, 39.4396334], [26.8570782, 39.4497997], [26.852631, 39.45669], [26.8575077, 39.4773163], [26.8834206, 39.4742073], [26.9164847, 39.4801449], [26.9269545, 39.4865632], [26.9241505, 39.483446], [26.9302446, 39.4849523], [26.9306992, 39.4907978], [26.9276714, 39.491066], [26.9323484, 39.4950076], [26.9318144, 39.5039714], [26.9408097, 39.5255428], [26.9394864, 39.5380508], [26.9419166, 39.5354283], [26.9398372, 39.5350453], [26.9433293, 39.534822], [26.9394314, 39.5387585], [26.9529759, 39.5502618], [26.9479848, 39.5631143], [26.9214895, 39.5839302], [26.892685, 39.584491], [26.8885134, 39.5821839], [26.8793426, 39.5855348], [26.872943, 39.581262], [26.866171, 39.565204], [26.851901, 39.566728], [26.8380234, 39.5575847], [26.8181536, 39.5682956], [26.8045761, 39.5662986], [26.7724908, 39.5714346], [26.7590643, 39.5635559], [26.728139, 39.567531], [26.6903973, 39.5552633], [26.6732068, 39.558298], [26.6585137, 39.5520967], [26.6326938, 39.555076], [26.6073165, 39.5435465], [26.5943006, 39.545094], [26.586625, 39.54015], [26.5573914, 39.535591], [26.5477281, 39.5309524], [26.5345357, 39.5333009], [26.5063599, 39.5265396], [26.4812922, 39.5265553], [26.470682, 39.521704], [26.4420283, 39.5170132], [26.4175142, 39.5013737], [26.407515, 39.502396], [26.3770105, 39.4965463], [26.3695654, 39.4880151], [26.3693018, 39.4808606], [26.3491236, 39.4879364], [26.32409, 39.4812557], [26.2886949, 39.4859831], [26.268817, 39.483888], [26.2551278, 39.4794567], [26.2415489, 39.4641823], [26.2353422, 39.4663251], [26.2355391, 39.4701503], [26.2299376, 39.4746126], [26.211313, 39.469902], [26.205113, 39.461514], [26.1502308, 39.4589576], [26.1362518, 39.4533278], [26.116406, 39.455352], [26.106049, 39.462207], [26.080465, 39.467913], [26.0640624, 39.4775748], [26.0665623, 39.4738378], [26.063613, 39.476896], [26.0633858, 39.4798213], [26.0696052, 39.50235], [26.0840327, 39.5117394], [26.080751, 39.521715], [26.08911, 39.528971], [26.0913332, 39.5471937], [26.0973783, 39.5605911], [26.0946051, 39.563497], [26.1015546, 39.5677436], [26.1042056, 39.5844792], [26.1381266, 39.6070084], [26.1499395, 39.6257056], [26.1633233, 39.6594136], [26.1646024, 39.6814966], [26.157184, 39.712833], [26.159107, 39.7189467], [26.1390817, 39.7583501], [26.1568017, 39.772615], [26.1541439, 39.7948035], [26.1563889, 39.8048711], [26.1632761, 39.8106961], [26.1630628, 39.8200512], [26.1598964, 39.8189746], [26.1632364, 39.8215479], [26.1341009, 39.8421458], [26.1429172, 39.8442911], [26.147095, 39.856815], [26.143544, 39.861154], [26.144969, 39.867071], [26.1554416, 39.8766298], [26.1548269, 39.8794202], [26.151563, 39.8780981], [26.1541949, 39.8821773], [26.1558052, 39.8800647], [26.1591816, 39.8835525], [26.1606798, 39.8955781], [26.150799, 39.907684], [26.1500772, 39.9150837], [26.158584, 39.925459], [26.1628574, 39.9378092], [26.160054, 39.941647], [26.1606824, 39.9446026], [26.1619605, 39.9412441], [26.1641861, 39.9449514], [26.1604145, 39.9457635], [26.164658, 39.947072], [26.166488, 39.961208], [26.1783419, 39.9900771], [26.198135, 40.008678], [26.2508185, 39.9984222], [26.2862979, 40.0041269], [26.2992063, 40.013732], [26.3211055, 40.017296], [26.3343189, 40.0284291], [26.3382413, 40.0428737], [26.3485796, 40.0465013], [26.34956, 40.0513828], [26.3561113, 40.0567656], [26.3582361, 40.074916], [26.3657924, 40.0827132], [26.3618603, 40.0924943], [26.3647936, 40.0982501], [26.3710177, 40.1045374], [26.3773678, 40.1016775], [26.3781577, 40.1039342], [26.3869648, 40.1019452], [26.3967817, 40.1043025], [26.4096053, 40.1178834], [26.4074904, 40.1293873], [26.3974851, 40.1432656], [26.4002003, 40.1508101], [26.4094209, 40.1560813], [26.4033906, 40.1631308], [26.4020307, 40.1759571], [26.4064738, 40.1787124], [26.405476, 40.1875772], [26.4084157, 40.1929075], [26.4012274, 40.1963301], [26.4147967, 40.200197], [26.442057, 40.193573], [26.44942, 40.193994], [26.4545668, 40.1990488], [26.465807, 40.196509], [26.4730944, 40.2022014], [26.4825584, 40.2000183], [26.515217, 40.217012], [26.524594, 40.217179], [26.5300921, 40.2265202], [26.5416311, 40.2341275], [26.5419067, 40.240991], [26.5502835, 40.2536043], [26.5586369, 40.2567918], [26.5565441, 40.2630293], [26.5632716, 40.2650512], [26.5703495, 40.2707123], [26.5799873, 40.2692594], [26.5700172, 40.2717335], [26.5645291, 40.2702874], [26.5620591, 40.2654556], [26.5650411, 40.2723365], [26.5687777, 40.2769486], [26.5866649, 40.2838169], [26.607107, 40.2813991], [26.61627, 40.294036], [26.624974, 40.296632], [26.6296189, 40.3050029], [26.6344415, 40.3065045], [26.6385585, 40.316504], [26.6516632, 40.3279567], [26.6837975, 40.3495481], [26.6890222, 40.349355], [26.6880417, 40.3519376], [26.6901198, 40.3546443], [26.6882265, 40.3515321], [26.69087, 40.3506563], [26.6930813, 40.3545165], [26.6900238, 40.3653594], [26.702283, 40.369521], [26.711626, 40.3759058], [26.7128579, 40.3800139], [26.7189914, 40.3805327], [26.7225504, 40.3851722], [26.7364598, 40.3907892], [26.7334237, 40.3927878], [26.7299336, 40.3914544], [26.7229061, 40.3896229], [26.715462, 40.389068], [26.7069622, 40.3848652], [26.7126358, 40.3847339], [26.7120064, 40.3868487], [26.7160266, 40.3819381], [26.7057085, 40.3845017], [26.7154899, 40.3893247], [26.7297277, 40.3915508], [26.7571144, 40.4037936], [26.7668577, 40.4021769], [26.7803227, 40.405984], [26.8186083, 40.395475], [26.8400241, 40.4006121], [26.8844915, 40.3959912], [26.9129896, 40.4059168], [26.930183, 40.3918603], [26.9516911, 40.3837841], [26.981412, 40.386336], [26.991486, 40.384026], [26.9935, 40.387364], [27.0166489, 40.3885059], [27.019357, 40.391855], [27.03346, 40.389798], [27.040849, 40.392877], [27.0434289, 40.4006225], [27.0539486, 40.4088225], [27.0451791, 40.4129307], [27.0392446, 40.4119784], [27.0452659, 40.4132719], [27.0551793, 40.4087931], [27.062864, 40.413794], [27.0667013, 40.4216733], [27.0615497, 40.4291108], [27.07346, 40.426882], [27.078671, 40.430217], [27.078509, 40.435095], [27.085231, 40.435861], [27.090279, 40.442147], [27.108091, 40.442517], [27.1187714, 40.4467042], [27.121594, 40.4510948], [27.1354985, 40.4486449], [27.1367806, 40.4510008], [27.1369839, 40.448379], [27.142479, 40.4499979], [27.1420399, 40.4529212], [27.1455177, 40.4486122], [27.1447755, 40.4546133], [27.1402927, 40.4558756], [27.1425959, 40.4560502], [27.1452123, 40.4546402], [27.1472241, 40.4483555], [27.1552359, 40.4519008], [27.1889247, 40.433568], [27.2056455, 40.4345889], [27.2111603, 40.4433663], [27.231444, 40.447985], [27.24357, 40.455406], [27.2602378, 40.4580844], [27.269652, 40.463564], [27.274898, 40.472282], [27.2859406, 40.4750178], [27.289818, 40.462745], [27.315455, 40.445732], [27.320392, 40.423637], [27.3296392, 40.4195979], [27.3321766, 40.4235511], [27.3298162, 40.4192303], [27.32556, 40.415663], [27.3339129, 40.4106209], [27.314474, 40.4091519], [27.309438, 40.4012472], [27.3082292, 40.4034302], [27.3046238, 40.4013858], [27.3076635, 40.3910031], [27.3168309, 40.3788152], [27.342591, 40.362464], [27.4317351, 40.3251006], [27.4919459, 40.3078523], [27.5324316, 40.3021138], [27.5606616, 40.3057794], [27.602712, 40.322887], [27.6089996, 40.3160958], [27.603386, 40.323268], [27.63294, 40.326834], [27.634039, 40.318868], [27.63185, 40.317853], [27.634202, 40.318225], [27.63505, 40.319376], [27.634948, 40.326309], [27.6613821, 40.3112254], [27.6727269, 40.3108772], [27.676365, 40.307972], [27.712665, 40.315457], [27.72601, 40.308698], [27.7576773, 40.3059795], [27.782743, 40.313207], [27.790401, 40.322784], [27.8244868, 40.3464037], [27.8613896, 40.3600276], [27.865092, 40.366155], [27.87286, 40.3665372], [27.8799586, 40.374909], [27.8752939, 40.3819472], [27.8644458, 40.3831248], [27.8207862, 40.4003084], [27.8097409, 40.3910641], [27.8018824, 40.3893362], [27.8058228, 40.3871808], [27.8024157, 40.3876665], [27.801184, 40.383562], [27.79559, 40.3840739], [27.7937254, 40.3869117], [27.7968864, 40.3904157], [27.7904137, 40.3959095], [27.7872766, 40.3942578], [27.7887099, 40.4003003], [27.7851587, 40.4075456], [27.745797, 40.430405], [27.7552482, 40.4421779], [27.7505471, 40.4503975], [27.740373, 40.4561747], [27.7317311, 40.4538502], [27.7175054, 40.4559575], [27.7084349, 40.4672608], [27.697409, 40.4726187], [27.6870517, 40.4726061], [27.6887505, 40.4804043], [27.684204, 40.4849398], [27.688326, 40.4892995], [27.6822765, 40.4943857], [27.684029, 40.502165], [27.6935798, 40.5034128], [27.6946446, 40.5063202], [27.6923514, 40.5058226], [27.7016485, 40.5151929], [27.7124077, 40.5170171], [27.7184678, 40.5226561], [27.7222718, 40.520065], [27.7271856, 40.5243875], [27.7250344, 40.5196328], [27.7328719, 40.5178956], [27.7369595, 40.5259492], [27.7407914, 40.5172436], [27.7483728, 40.5177702], [27.7471699, 40.5253065], [27.7535785, 40.5282221], [27.7529315, 40.521674], [27.7633391, 40.524695], [27.7639244, 40.5203528], [27.767686, 40.523335], [27.7726698, 40.5203366], [27.7772282, 40.5261423], [27.779601, 40.520817], [27.7747668, 40.5119348], [27.7833971, 40.506302], [27.7923065, 40.5072184], [27.7944641, 40.5197501], [27.8052932, 40.5130372], [27.8120216, 40.5183548], [27.8150945, 40.5161821], [27.8145244, 40.5189967], [27.8181583, 40.5197057], [27.8256121, 40.5137339], [27.8286055, 40.517917], [27.8300525, 40.5111518], [27.8379297, 40.5096958], [27.8430557, 40.5163381], [27.8487465, 40.513356], [27.853056, 40.51619], [27.8567339, 40.513956], [27.870554, 40.516444], [27.876548, 40.511777], [27.878262, 40.514204], [27.891369, 40.513204], [27.892329, 40.509474], [27.896379, 40.51047], [27.9015161, 40.5061333], [27.905102, 40.508733], [27.9110294, 40.5062749], [27.91183, 40.508809], [27.919896, 40.508231], [27.92826, 40.504954], [27.927886, 40.502262], [27.935303, 40.503486], [27.949002, 40.496955], [27.9562662, 40.4999778], [27.9580808, 40.4954749], [27.9700487, 40.4935097], [27.9714705, 40.4906025], [27.9749681, 40.4931508], [27.9874039, 40.4877443], [27.9897286, 40.4908679], [27.993925, 40.487206], [28.0102798, 40.489042], [28.0112859, 40.4863849], [28.022499, 40.486572], [28.032499, 40.480835], [28.034633, 40.477478], [28.0285036, 40.4719579], [28.0305689, 40.4698497], [28.0299863, 40.4654182], [28.0286272, 40.4701988], [28.0272592, 40.4631553], [28.0230669, 40.4607983], [28.0263237, 40.4579041], [28.0244967, 40.453371], [28.011475, 40.446616], [28.0059547, 40.4398469], [28.0017237, 40.439463], [28.0053943, 40.4401028], [28.0046191, 40.442413], [27.998953, 40.44069], [27.9708041, 40.4229277], [27.9598148, 40.4250394], [27.9519103, 40.4226824], [27.9460837, 40.4134132], [27.9377184, 40.413166], [27.9349905, 40.4101696], [27.9259116, 40.4115937], [27.9189039, 40.4069729], [27.917872, 40.4016767], [27.908108, 40.4014232], [27.905757, 40.394858], [27.8967832, 40.3906204], [27.8977337, 40.3831794], [27.9018745, 40.3789322], [27.9130377, 40.3836182], [27.910137, 40.3806569], [27.919206, 40.371387], [27.9224085, 40.3720784], [27.927872, 40.3627413], [27.9576552, 40.3562697], [27.952479, 40.3547543], [27.9581593, 40.3548205], [27.9606401, 40.3516896], [27.9630712, 40.354458], [27.9634673, 40.3510168], [27.9689095, 40.3567021], [27.9583384, 40.35863], [27.9686911, 40.3570079], [27.9790973, 40.3617097], [27.9724853, 40.3617265], [27.9835239, 40.3617839], [27.9870045, 40.3662245], [27.9980159, 40.3659697], [28.0085441, 40.3707004], [28.0495149, 40.3741889], [28.0614147, 40.3818375], [28.074595, 40.379418], [28.088787, 40.385063], [28.1125554, 40.3875954], [28.1123594, 40.3899385], [28.121723, 40.38693], [28.125134, 40.390107], [28.133168, 40.388616], [28.146716, 40.395543], [28.151044, 40.393317], [28.186394, 40.398481], [28.221978, 40.397724], [28.245226, 40.401841], [28.28277, 40.398093], [28.2863015, 40.4003044], [28.2886539, 40.3989299], [28.2854367, 40.397876], [28.2891949, 40.3973536], [28.2902249, 40.3999892], [28.2860665, 40.4016104], [28.2904899, 40.4001448], [28.2911168, 40.3973388], [28.297168, 40.395878], [28.3404283, 40.4016344], [28.3717218, 40.3983991], [28.3670798, 40.4018398], [28.3776508, 40.3976937], [28.4088846, 40.3939697], [28.5103057, 40.3957942], [28.5805812, 40.3735983], [28.6574239, 40.361007], [28.676073, 40.3648665], [28.6784829, 40.368147], [28.6755769, 40.3684425], [28.6756414, 40.374605], [28.7228309, 40.3776511], [28.727341, 40.382806], [28.734376, 40.382187], [28.752705, 40.389869], [28.777691, 40.394381], [28.8148833, 40.391066], [28.8293717, 40.3837295], [28.8477306, 40.3808222], [28.8693427, 40.3847756], [28.8796685, 40.3816439], [28.9154256, 40.3600712], [28.929678, 40.3554619], [28.9604266, 40.359149], [28.9850943, 40.3562516], [29.0260859, 40.3619267], [29.031997, 40.365272], [29.051711, 40.362357], [29.0600178, 40.3653486], [29.0682168, 40.3741269], [29.0701652, 40.3859961], [29.0674272, 40.3902563], [29.0787654, 40.4077217], [29.0828579, 40.4094015], [29.0758184, 40.4139038], [29.08255, 40.4121407], [29.0801802, 40.417821], [29.086179, 40.4143998], [29.0887301, 40.4153241], [29.0860319, 40.4192509], [29.1055443, 40.4151804], [29.1356278, 40.423093], [29.1514136, 40.4221548], [29.15577, 40.4244258], [29.1508817, 40.436653], [29.1382565, 40.4414626], [29.1215196, 40.4554096], [29.082121, 40.477856], [29.0260174, 40.4792351], [29.0168322, 40.4705465], [29.0028913, 40.4703149], [28.9820596, 40.4641194], [28.9751546, 40.4562294], [28.9669047, 40.4622507], [28.921764, 40.466514], [28.8852513, 40.4782915], [28.8538858, 40.5063309], [28.8399876, 40.5093701], [28.8258817, 40.5079083], [28.8202796, 40.5120479], [28.7808798, 40.5182047], [28.7804612, 40.5344694], [28.7886033, 40.5402378], [28.7936245, 40.5518241], [28.8184617, 40.5653142], [28.8346462, 40.5661007], [28.8843977, 40.5806878], [28.9213058, 40.5956912], [28.950867, 40.612364], [28.965952, 40.6335801], [28.99667, 40.645854], [29.013808, 40.644144], [29.0536368, 40.6481548], [29.0677033, 40.6440406], [29.0789452, 40.646333], [29.1045319, 40.6432642], [29.1312994, 40.6501727], [29.1290519, 40.6481574], [29.1362655, 40.6486586], [29.1443809, 40.6551135], [29.1438722, 40.6610925], [29.1712137, 40.6551965], [29.2230124, 40.6568418], [29.245671, 40.6611432], [29.2420236, 40.6574961], [29.2470327, 40.6606184], [29.2590149, 40.6575244], [29.2739825, 40.6619016], [29.2807063, 40.6599612], [29.3121416, 40.6692139], [29.342643, 40.6734187], [29.3694154, 40.696335], [29.3819745, 40.7014825], [29.3934927, 40.7021205], [29.426948, 40.6882947], [29.4570239, 40.6954495], [29.4558903, 40.6982034], [29.4614134, 40.6986668], [29.4601278, 40.7019973], [29.4651606, 40.7003717], [29.4694325, 40.7085853], [29.4661931, 40.7104881], [29.4728397, 40.7088592], [29.4669674, 40.7123909], [29.4707295, 40.7116278], [29.4847727, 40.7246], [29.4918462, 40.7273248], [29.4983549, 40.7249555], [29.5021886, 40.7325285], [29.5062235, 40.7326026], [29.5055266, 40.729918], [29.5109641, 40.7349753], [29.5137807, 40.7430872], [29.520365, 40.721693], [29.5336947, 40.7126002], [29.5399369, 40.7033129], [29.5455543, 40.7014831], [29.5458634, 40.6970169], [29.556965, 40.686454], [29.5853611, 40.688445], [29.618613, 40.6964563], [29.6441752, 40.6957911], [29.6656632, 40.705153], [29.6789022, 40.7029364], [29.7510925, 40.7177862], [29.7734816, 40.7186301], [29.8128113, 40.7303646], [29.8079954, 40.7249935], [29.8196961, 40.7264978], [29.8320463, 40.7218598], [29.8471207, 40.729384], [29.8679849, 40.728397], [29.873179, 40.7242109], [29.8708688, 40.7192138], [29.8778481, 40.7237157], [29.871754, 40.716003], [29.8856066, 40.7175193], [29.8876488, 40.7143731], [29.8979563, 40.7175437], [29.9048255, 40.7140474], [29.9161412, 40.7142402], [29.9209531, 40.7178686], [29.929183, 40.7177906], [29.9284889, 40.7207912], [29.9302161, 40.7182311], [29.9362881, 40.7192448], [29.9411275, 40.7298329], [29.9382608, 40.7348908], [29.9416702, 40.7353639], [29.9385755, 40.7357018], [29.9421009, 40.7477955], [29.9373682, 40.7556177], [29.9262051, 40.7597879], [29.8679854, 40.7582757], [29.8549777, 40.7521728], [29.8556438, 40.7495987], [29.843066, 40.752622], [29.8315526, 40.7472142], [29.8222464, 40.7501229], [29.8030783, 40.7486321], [29.7967501, 40.7434469], [29.7884279, 40.7454619], [29.7831788, 40.7406974], [29.7692948, 40.7428935], [29.7555168, 40.7500179], [29.7595381, 40.7505025], [29.756999, 40.7566078], [29.7512695, 40.7612297], [29.7449271, 40.7587813], [29.7420087, 40.7619582], [29.7486577, 40.7639476], [29.7328906, 40.7719431], [29.7246837, 40.7686716], [29.7142087, 40.7746873], [29.7094558, 40.7720445], [29.7117639, 40.7751465], [29.6848537, 40.7784644], [29.636425, 40.775614], [29.6173967, 40.7836904], [29.5716552, 40.7665535], [29.551871, 40.772126], [29.5446691, 40.7694413], [29.5457334, 40.7674705], [29.5439204, 40.7690689], [29.5443254, 40.7666916], [29.5434549, 40.7702181], [29.5406714, 40.7676552], [29.5422286, 40.7694971], [29.5388991, 40.769462], [29.5362314, 40.7681198], [29.5393277, 40.7654529], [29.5345142, 40.7669835], [29.5336208, 40.7636136], [29.5282609, 40.7636136], [29.5275237, 40.7666222], [29.5228142, 40.7641194], [29.5230574, 40.7689078], [29.5158875, 40.7668824], [29.5033791, 40.7795396], [29.4904631, 40.7806186], [29.4685772, 40.7715813], [29.4498723, 40.7683034], [29.4394375, 40.7715452], [29.4269751, 40.7690744], [29.3920969, 40.7535704], [29.3864807, 40.7543259], [29.3875918, 40.7520131], [29.3859369, 40.7547944], [29.3724566, 40.7573136], [29.3537858, 40.7556949], [29.3492751, 40.7674736], [29.353763, 40.770306], [29.353251, 40.7743743], [29.348742, 40.7843164], [29.3437088, 40.787476], [29.3404855, 40.7848691], [29.3336675, 40.7863053], [29.3361939, 40.7879594], [29.3333872, 40.7902631], [29.3373006, 40.7899374], [29.3370222, 40.7928723], [29.3481096, 40.7911266], [29.3495677, 40.7952973], [29.3447611, 40.7969258], [29.3476268, 40.8009976], [29.3436561, 40.8015308], [29.3470249, 40.8016323], [29.3403419, 40.8104829], [29.3293492, 40.8167528], [29.3183512, 40.8172728], [29.3204992, 40.8136723], [29.315915, 40.8160857], [29.3145318, 40.8136351], [29.317904, 40.8128509], [29.3090298, 40.8113965], [29.2977916, 40.8163925], [29.2932895, 40.8141017], [29.2973987, 40.8117144], [29.2758812, 40.8139807], [29.2620772, 40.809947], [29.265518, 40.8095056], [29.263601, 40.8050142], [29.2571419, 40.8027042], [29.2586727, 40.8079769], [29.2545791, 40.8145617], [29.2660688, 40.818945], [29.2619533, 40.816441], [29.2673703, 40.8150613], [29.2797519, 40.8265149], [29.2776769, 40.8317446], [29.2716835, 40.8318091], [29.2673451, 40.8339973], [29.2641047, 40.8372414], [29.2694294, 40.8364939], [29.2627038, 40.8399621], [29.26776, 40.8496677], [29.2712694, 40.8506284], [29.2674499, 40.8422982], [29.271124, 40.837296], [29.2822243, 40.8342689], [29.2802702, 40.8356843], [29.2832261, 40.8415175], [29.29125, 40.8450182], [29.2871148, 40.8548126], [29.2717328, 40.8578036], [29.267389, 40.8539272], [29.2604118, 40.8550431], [29.2524295, 40.8592108], [29.2592703, 40.8570556], [29.2650608, 40.8599773], [29.2566315, 40.8644421], [29.2560516, 40.8594834], [29.2546783, 40.8625344], [29.2585419, 40.8671392], [29.2371889, 40.8750705], [29.2335452, 40.8708387], [29.2398534, 40.867784], [29.2279633, 40.8707637], [29.203694, 40.883273], [29.1883241, 40.8869955], [29.1793876, 40.8856849], [29.1567365, 40.8997791], [29.1434073, 40.9020554], [29.12795, 40.9190219], [29.121708, 40.9195664], [29.1192871, 40.9224474], [29.1227824, 40.9241725], [29.1192281, 40.9225383], [29.1133454, 40.9292491], [29.1163459, 40.9333423], [29.112425, 40.9301087], [29.1072369, 40.9426079], [29.1031176, 40.9439792], [29.1019277, 40.939234], [29.1028249, 40.9442668], [29.0948141, 40.952004], [29.0905122, 40.9513392], [29.0944763, 40.9499656], [29.0888455, 40.9515854], [29.087152, 40.954606], [29.0810735, 40.9534818], [29.0704035, 40.9587437], [29.0688242, 40.9624402], [29.057713, 40.9631233], [29.0487679, 40.969206], [29.0418253, 40.9656082], [29.0375274, 40.9688528], [29.0322368, 40.9667588], [29.0337097, 40.9738673], [29.03394, 40.9710125], [29.038295, 40.9709443], [29.0352416, 40.973844], [29.0346921, 40.9764643], [29.0384006, 40.9748491], [29.0387687, 40.9777421], [29.0361235, 40.9768791], [29.0382057, 40.978535], [29.033681, 40.9822174], [29.0213613, 40.9788905], [29.0148423, 40.9925657], [29.0203633, 40.9911], [29.0239404, 40.994583], [29.0175343, 40.9961371], [29.0103433, 41.0026696], [29.0133872, 41.0025344], [29.01244, 41.0044517], [29.0066612, 41.0073035], [29.0103569, 41.0072237], [29.0068601, 41.0109525], [29.009829, 41.0092283], [29.0111505, 41.0129903], [29.0063581, 41.0217987], [29.0085609, 41.0252224], [29.0523163, 41.0485662], [29.0524193, 41.0615024], [29.0570112, 41.0667895], [29.0554577, 41.0735386], [29.0636545, 41.0763791], [29.0662404, 41.0811042], [29.066174, 41.1027446], [29.0732839, 41.1070073], [29.0814671, 41.1071107], [29.087773, 41.115046], [29.0965997, 41.118429], [29.0976119, 41.1253604], [29.0913667, 41.1344033], [29.0781771, 41.1389197], [29.0834657, 41.1404397], [29.0711649, 41.1431569], [29.0779089, 41.1544962], [29.0724157, 41.1611886], [29.0734935, 41.1645956], [29.0866851, 41.1700517], [29.0871223, 41.1786616], [29.1125844, 41.1829603], [29.1186179, 41.1877689], [29.1180584, 41.2002838], [29.131043, 41.2031409], [29.1297348, 41.207401], [29.1253889, 41.2048244], [29.1300433, 41.2084203], [29.149902, 41.2130388], [29.1540356, 41.2196045], [29.162021, 41.2174759], [29.1654468, 41.224459], [29.1975679, 41.220317], [29.2000788, 41.2240472], [29.2041751, 41.2214633], [29.2141563, 41.2234775], [29.2168493, 41.2260131], [29.2150599, 41.2313093], [29.2413709, 41.2278775], [29.2563501, 41.2353335], [29.2579198, 41.2304698], [29.2654311, 41.2312144], [29.2676521, 41.2280226], [29.2707237, 41.2296151], [29.3189659, 41.2166314], [29.357277, 41.2107767], [29.3785821, 41.211458], [29.389526, 41.214952], [29.4406337, 41.1997609], [29.564, 41.173591], [29.5970588, 41.1712486], [29.6036279, 41.1752737], [29.6017797, 41.1778726], [29.6091688, 41.1780773], [29.6062951, 41.1810738], [29.5997669, 41.1786711], [29.6073666, 41.1821487], [29.6182182, 41.1775718], [29.6243445, 41.1796632], [29.6248821, 41.1753131], [29.6332644, 41.1742966], [29.6358632, 41.1707224], [29.6449479, 41.1720272], [29.6486, 41.1680229], [29.6600519, 41.1650923], [29.668351, 41.166599], [29.679027, 41.16186], [29.703225, 41.163861], [29.7061267, 41.1596767], [29.7332976, 41.1552224], [29.7524221, 41.1614498], [29.7559956, 41.157202], [29.7671387, 41.1605486], [29.7765919, 41.1586798], [29.7766622, 41.1560293], [29.7799272, 41.1584345], [29.7894583, 41.1553865], [29.7893527, 41.1517287], [29.7961644, 41.153657], [29.8195434, 41.1434023], [29.8459815, 41.1386417], [29.8553413, 41.1393114], [29.852181, 41.1419106], [29.8613244, 41.1436207], [29.8743451, 41.1420189], [29.8757039, 41.1388151], [29.884338, 41.142267], [29.900341, 41.143276], [29.9076442, 41.1406601], [29.911212, 41.143387], [29.938949, 41.141013], [29.943226, 41.137952], [29.970501, 41.14046], [29.9793834, 41.1345234], [29.9840146, 41.1365897], [29.9904277, 41.1343972], [29.9960116, 41.1388086], [30.0016396, 41.1352343], [29.9993196, 41.138895], [30.0052034, 41.136191], [30.0169114, 41.1387099], [30.0207063, 41.1345935], [30.025888, 41.139853], [30.0432452, 41.1373215], [30.0464755, 41.1338901], [30.048404, 41.137481], [30.055152, 41.138424], [30.074027, 41.1339], [30.076845, 41.139234], [30.082588, 41.139893], [30.093894, 41.137612], [30.099207, 41.140313], [30.098856, 41.13671], [30.1022232, 41.1355022], [30.102361, 41.138082], [30.1055996, 41.1369341], [30.110354, 41.14162], [30.118766, 41.143371], [30.1550959, 41.1387847], [30.178716, 41.14691], [30.178102, 41.153312], [30.1901673, 41.145777], [30.197072, 41.152941], [30.195749, 41.1578275], [30.1909501, 41.1586309], [30.1924603, 41.161464], [30.2063944, 41.1608849], [30.2059708, 41.1640211], [30.2217176, 41.1594032], [30.2273096, 41.1654711], [30.219967, 41.1753696], [30.2333638, 41.1780466], [30.2307162, 41.1838585], [30.224573, 41.186784], [30.243582, 41.1868008], [30.2559402, 41.1910974], [30.262915, 41.20028], [30.2631522, 41.207562], [30.2707639, 41.209732], [30.2946282, 41.2005414], [30.317902, 41.197852], [30.330355, 41.200838], [30.3328608, 41.194911], [30.3423028, 41.1913742], [30.349085, 41.1928038], [30.3523045, 41.1853448], [30.378017, 41.1752626], [30.4761366, 41.1496269], [30.5527781, 41.1375463], [30.6497731, 41.1280438], [30.6690697, 41.1217421], [30.6749303, 41.1262094], [30.6841349, 41.124341], [30.6745195, 41.1257349], [30.671641, 41.1204384], [30.6802373, 41.1193433], [30.6816656, 41.1153366], [30.7569734, 41.0858506], [30.8880725, 41.0747682], [31.01227, 41.072803], [31.0208912, 41.0768422], [31.0709862, 41.0779998], [31.0918499, 41.0864797], [31.1229729, 41.0901205], [31.1197105, 41.0923665], [31.1424748, 41.0907503], [31.2349718, 41.1012125], [31.2974158, 41.1170741], [31.3398932, 41.1369564], [31.3425407, 41.1392653], [31.3412366, 41.1433609], [31.3456851, 41.1455076], [31.3458564, 41.1545664], [31.3810445, 41.1788122], [31.3837456, 41.1936929], [31.3874305, 41.1963215], [31.3840649, 41.1931781], [31.3864272, 41.191421], [31.3867555, 41.1945508], [31.3889993, 41.1934252], [31.4076555, 41.2103705], [31.4098607, 41.2197246], [31.4023119, 41.2229383], [31.4002358, 41.2301435], [31.4024805, 41.2306952], [31.3984977, 41.2348793], [31.3983842, 41.2388266], [31.399834, 41.233743], [31.4038866, 41.2403437], [31.3986462, 41.2430298], [31.3946373, 41.2393717], [31.3980261, 41.2431874], [31.4034562, 41.2438098], [31.4057894, 41.2479929], [31.4024531, 41.2515823], [31.4065628, 41.263515], [31.4031261, 41.2733272], [31.4071016, 41.2634193], [31.4133423, 41.2654711], [31.4105668, 41.2710101], [31.4177026, 41.2623591], [31.4196924, 41.2675594], [31.4146633, 41.2687922], [31.4208702, 41.26934], [31.4206991, 41.2748133], [31.4136705, 41.2834648], [31.4135239, 41.2808816], [31.4087058, 41.2819583], [31.4121948, 41.2846442], [31.4066662, 41.2895429], [31.3996028, 41.2870091], [31.4010014, 41.2802859], [31.3991617, 41.2874975], [31.3956909, 41.2872533], [31.3925277, 41.2928921], [31.3923826, 41.3051666], [31.4008855, 41.3158781], [31.4223394, 41.3161406], [31.437046, 41.327206], [31.4661073, 41.3274699], [31.4712543, 41.3373764], [31.4786284, 41.3399316], [31.4875752, 41.3492801], [31.5026323, 41.3552251], [31.531373, 41.3642503], [31.542757, 41.3628877], [31.5600874, 41.3721224], [31.5889824, 41.3718625], [31.5938663, 41.3784964], [31.6052901, 41.3764486], [31.618792, 41.3815224], [31.628241, 41.3903343], [31.636904, 41.3920966], [31.6435713, 41.3990258], [31.6739619, 41.4099228], [31.6827909, 41.4080248], [31.7050569, 41.4221667], [31.720525, 41.424406], [31.7220638, 41.4306112], [31.7334875, 41.4364038], [31.7412415, 41.438257], [31.7448627, 41.4353561], [31.7476035, 41.4354351], [31.7416581, 41.4385804], [31.7515101, 41.4417236], [31.7522619, 41.4514745], [31.755759, 41.454699], [31.7767254, 41.4539036], [31.7812599, 41.4571946], [31.7868846, 41.4527656], [31.7873482, 41.4611606], [31.7848484, 41.4590756], [31.7791563, 41.4585923], [31.7846349, 41.4593278], [31.7881612, 41.4653268], [31.7993303, 41.4671564], [31.8031237, 41.4715274], [31.8015827, 41.4736055], [31.8140647, 41.4761379], [31.8291055, 41.484922], [31.8307336, 41.4907955], [31.8423944, 41.4955895], [31.846123, 41.4990199], [31.8404093, 41.4970474], [31.8441128, 41.4996871], [31.8614899, 41.5047589], [31.8954265, 41.5213], [31.8959058, 41.518961], [31.9008757, 41.5203033], [31.8954842, 41.5232469], [31.9041529, 41.5207057], [31.9032539, 41.5177111], [31.9050335, 41.5205958], [31.9021348, 41.5256574], [31.907868, 41.5229722], [31.9099045, 41.527285], [31.9014743, 41.528583], [31.9211594, 41.5283524], [31.9577207, 41.5369145], [31.9669582, 41.5422565], [31.9952573, 41.5469189], [32.017932, 41.5602272], [32.0194497, 41.5641448], [32.0222661, 41.5634407], [32.0211995, 41.566299], [32.0173863, 41.5636545], [32.0203769, 41.5665441], [32.0273968, 41.5688025], [32.0290395, 41.5743214], [32.1412295, 41.6015599], [32.1554454, 41.6101832], [32.1538194, 41.6129798], [32.1604209, 41.6172045], [32.1609807, 41.62113], [32.1690393, 41.6220599], [32.17947, 41.631344], [32.1814708, 41.6373656], [32.1736331, 41.640305], [32.191508, 41.64624], [32.1945676, 41.6537837], [32.2124593, 41.6586524], [32.226648, 41.669713], [32.230007, 41.675127], [32.2237446, 41.6801888], [32.2262314, 41.6818985], [32.2240188, 41.6849532], [32.2378779, 41.6841153], [32.2316991, 41.6888504], [32.2232449, 41.6874911], [32.248118, 41.692959], [32.2655741, 41.7088503], [32.284172, 41.7200663], [32.3012818, 41.7226217], [32.3040088, 41.7255656], [32.3111114, 41.7227455], [32.3214759, 41.725091], [32.3290904, 41.7201532], [32.3340758, 41.7216385], [32.3344457, 41.7238224], [32.3385739, 41.7252129], [32.3354775, 41.7214687], [32.3406247, 41.722972], [32.3432447, 41.7257204], [32.3393895, 41.7315036], [32.347036, 41.732839], [32.3478125, 41.7357704], [32.3553718, 41.7334595], [32.3622846, 41.7358897], [32.3650265, 41.7441402], [32.3713582, 41.7458701], [32.373448, 41.7435983], [32.3858659, 41.7505969], [32.3982414, 41.7478264], [32.3881493, 41.7487084], [32.3902177, 41.7426705], [32.3958936, 41.742637], [32.3956621, 41.7454415], [32.4043105, 41.7384823], [32.416204, 41.739115], [32.424278, 41.756098], [32.430396, 41.762033], [32.453936, 41.775752], [32.4639875, 41.7733829], [32.4849007, 41.7813102], [32.486326, 41.7859539], [32.500567, 41.7937993], [32.5000541, 41.8020652], [32.5037084, 41.798438], [32.51043, 41.8056157], [32.5229736, 41.8055513], [32.537383, 41.8100021], [32.5444511, 41.8060715], [32.5500537, 41.8109621], [32.5724308, 41.8112172], [32.577815, 41.815549], [32.5775721, 41.8260701], [32.580323, 41.8269607], [32.6165661, 41.8314448], [32.6206189, 41.8280672], [32.625763, 41.831245], [32.677477, 41.830237], [32.6846778, 41.8368813], [32.7085912, 41.8380382], [32.716643, 41.84819], [32.7265453, 41.8479882], [32.7211756, 41.8457423], [32.7254928, 41.8447257], [32.7348459, 41.8487767], [32.766591, 41.849202], [32.7774385, 41.8562526], [32.7759009, 41.8591487], [32.816525, 41.85571], [32.8299, 41.861762], [32.8578812, 41.8608752], [32.8598446, 41.8585905], [32.8629238, 41.859837], [32.8594744, 41.8614991], [32.861529, 41.8630686], [32.8728369, 41.8677552], [32.8958718, 41.8689017], [32.935896, 41.8822867], [32.9386546, 41.8773717], [32.9364593, 41.8815718], [32.9814935, 41.895565], [32.9807747, 41.8992226], [32.9829098, 41.8982004], [32.98412, 41.898432], [32.9827059, 41.8986277], [32.9800173, 41.9002687], [32.9856331, 41.8993178], [32.9856697, 41.9019581], [32.9818298, 41.9034415], [32.9775693, 41.9003589], [32.9855586, 41.9092569], [33.0059285, 41.9115702], [33.0115056, 41.916081], [33.0206677, 41.9170129], [33.0270914, 41.9212637], [33.028336, 41.9275699], [33.1214183, 41.9491021], [33.141353, 41.9484155], [33.1488954, 41.9529796], [33.1650959, 41.9542642], [33.1792152, 41.9667501], [33.1898368, 41.9679467], [33.2128608, 41.9795364], [33.2284191, 41.9800693], [33.2649325, 41.9905411], [33.2783949, 41.9997839], [33.3378268, 42.0194855], [33.3596579, 42.0169228], [33.3567074, 42.0195492], [33.3647594, 42.0156835], [33.3909484, 42.0162616], [33.3978591, 42.011598], [33.4044466, 42.0138619], [33.4183287, 42.0077563], [33.4428328, 42.0121076], [33.455879, 42.0109916], [33.4650431, 42.0058689], [33.515405, 42.002811], [33.583416, 41.988624], [33.6218323, 41.9876715], [33.6170335, 41.9877288], [33.6183738, 41.9856416], [33.7398425, 41.977542], [33.7543142, 41.9779939], [33.7643826, 41.9813866], [33.7772907, 41.9820021], [33.7647511, 41.9810589], [33.7716594, 41.9758149], [33.7838892, 41.9731244], [33.7979108, 41.9767294], [33.8295283, 41.9723954], [33.8920437, 41.9759534], [33.8946821, 41.9750124], [33.8891379, 41.9733424], [33.8990515, 41.97149], [33.9442645, 41.9737698], [33.963426, 41.976567], [33.9672566, 41.9797702], [33.9628641, 41.9793854], [33.970371, 41.980872], [33.984448, 41.979083], [34.0250121, 41.9825032], [34.0196416, 41.9797912], [34.0954792, 41.9792889], [34.1687249, 41.9663193], [34.1733501, 41.9647865], [34.1679095, 41.9656971], [34.167931, 41.9618997], [34.1713749, 41.9640218], [34.170361, 41.9617558], [34.1744344, 41.9593179], [34.2792842, 41.9475946], [34.2804599, 41.9441257], [34.298924, 41.9407243], [34.3244981, 41.9426733], [34.3383403, 41.9510452], [34.3496847, 41.9502981], [34.3449, 41.9473107], [34.347925, 41.9463935], [34.3480311, 41.9489704], [34.348294, 41.9462055], [34.356304, 41.945773], [34.3763698, 41.9523765], [34.394959, 41.952497], [34.420651, 41.963605], [34.435496, 41.966115], [34.44092, 41.962582], [34.4757958, 41.9657278], [34.4901481, 41.9765532], [34.5088875, 41.9662066], [34.5027112, 41.9683359], [34.4992073, 41.9656691], [34.5019265, 41.9611218], [34.5058825, 41.9646195], [34.5031584, 41.9608082], [34.5072583, 41.958633], [34.5579484, 41.946685], [34.5902309, 41.9501512], [34.5911971, 41.94777], [34.5951061, 41.9494139], [34.6041935, 41.9468682], [34.6027474, 41.9451256], [34.623005, 41.941542], [34.6590833, 41.9410785], [34.694647, 41.946539], [34.6981801, 41.9436649], [34.717939, 41.943241], [34.7656174, 41.9535279], [34.7779758, 41.9512759], [34.7906419, 41.9558916], [34.800442, 41.955067], [34.827607, 41.967087], [34.874949, 41.998151], [34.9099334, 42.0270636], [34.9239887, 42.0474491], [34.948648, 42.073411], [34.9496627, 42.0764384], [34.9459048, 42.0802734], [34.9495025, 42.0891971], [34.9424587, 42.0937806], [34.944436, 42.0980451], [34.9561424, 42.0941671], [34.96675, 42.096203], [34.974874, 42.091443], [34.989099, 42.094534], [35.011341, 42.089526], [35.016621, 42.093027], [35.023118, 42.080593], [35.0434726, 42.0684971], [35.0429067, 42.060824], [35.037327, 42.0609145], [35.0515415, 42.0602675], [35.0477689, 42.0533212], [35.0404827, 42.0528978], [35.0398476, 42.049352], [35.0434403, 42.0513425], [35.047896, 42.047556], [35.0439821, 42.0451452], [35.0466868, 42.0398948], [35.0717011, 42.028819], [35.0968836, 42.023662], [35.1271938, 42.02367], [35.1457759, 42.0282844], [35.1417863, 42.0265661], [35.1443209, 42.0265988], [35.1710072, 42.0407713], [35.189546, 42.040961], [35.192757, 42.039232], [35.192065, 42.034112], [35.196529, 42.033769], [35.199413, 42.027554], [35.2102261, 42.0196274], [35.2109288, 42.0172038], [35.2045157, 42.0124654], [35.1947518, 42.0164675], [35.1679023, 42.0176573], [35.1519272, 42.0235194], [35.1521304, 42.0211628], [35.1437331, 42.0216084], [35.1481546, 42.0242361], [35.1410629, 42.0236769], [35.1331838, 42.0164024], [35.1217139, 42.0137274], [35.1129599, 42.0027401], [35.1053644, 41.9753762], [35.0979491, 41.9718862], [35.095375, 41.9665659], [35.091828, 41.943324], [35.0921608, 41.9337973], [35.0949806, 41.9310978], [35.0933449, 41.9265622], [35.0943561, 41.9314391], [35.0897506, 41.9326097], [35.0893148, 41.9272548], [35.092143, 41.9276342], [35.0892643, 41.9232349], [35.106975, 41.891712], [35.125114, 41.879314], [35.127888, 41.869766], [35.125985, 41.864154], [35.131889, 41.855831], [35.149778, 41.841508], [35.1574582, 41.8400997], [35.159573, 41.831699], [35.1739427, 41.8187187], [35.1876413, 41.8148059], [35.2073292, 41.8020623], [35.2067916, 41.8002293], [35.2039891, 41.798035], [35.2056636, 41.8016155], [35.1963925, 41.8001571], [35.2015304, 41.7971218], [35.1950441, 41.7986526], [35.1928596, 41.7945227], [35.20953, 41.766715], [35.228446, 41.754278], [35.265048, 41.73752], [35.263019, 41.7293825], [35.2803188, 41.7145675], [35.3934199, 41.6856532], [35.4150034, 41.6836538], [35.4218345, 41.6741208], [35.4717643, 41.6463513], [35.5019816, 41.6409354], [35.5104208, 41.6428116], [35.5002368, 41.6397927], [35.509068, 41.636836], [35.5091645, 41.6402308], [35.5120961, 41.6358559], [35.5545489, 41.6319227], [35.647101, 41.640411], [35.6672139, 41.6451681], [35.6670229, 41.6479277], [35.6706431, 41.6495929], [35.6675595, 41.6455419], [35.752227, 41.666431], [35.849349, 41.695376], [35.856299, 41.689942], [35.851093, 41.696103], [35.9486821, 41.7317112], [35.9555222, 41.7379389], [35.9551776, 41.7352362], [35.9572918, 41.7368197], [35.9771242, 41.7274633], [35.9758189, 41.7249847], [35.987709, 41.7176609], [36.0369715, 41.6966031], [36.0670609, 41.6800106], [36.1168, 41.6207536], [36.123419, 41.582405], [36.132532, 41.554143], [36.131586, 41.536922], [36.119137, 41.4961071], [36.1242978, 41.4757186], [36.136539, 41.4661326], [36.1278108, 41.4691313], [36.1297122, 41.4652777], [36.1334153, 41.4663972], [36.1311492, 41.462175], [36.208637, 41.389434], [36.2335088, 41.3718223], [36.2374774, 41.3639992], [36.2315729, 41.3725722], [36.2307798, 41.3664002], [36.2416904, 41.3538206], [36.2893677, 41.3324142], [36.3059395, 41.3283689], [36.3089057, 41.3316511], [36.3187879, 41.3295329], [36.315054, 41.3259501], [36.3174328, 41.324351], [36.3319385, 41.3238774], [36.3285073, 41.3216486], [36.3314868, 41.3228576], [36.3419795, 41.3173432], [36.3356886, 41.3200268], [36.333412, 41.3179892], [36.3375314, 41.3180322], [36.3372127, 41.3144062], [36.3383451, 41.3148239], [36.3556856, 41.3098279], [36.3450516, 41.3124819], [36.3436933, 41.3104754], [36.3401831, 41.3133914], [36.3423137, 41.3037079], [36.3373347, 41.3058326], [36.3368705, 41.2953979], [36.3475549, 41.2868452], [36.3509853, 41.3079823], [36.3481129, 41.2877361], [36.3499647, 41.2826117], [36.374292, 41.2735564], [36.3676424, 41.2732975], [36.3735655, 41.2707668], [36.3780879, 41.2725571], [36.3845785, 41.2713122], [36.374976, 41.2703672], [36.3811337, 41.2671493], [36.3828807, 41.2702983], [36.3809772, 41.266064], [36.3853059, 41.2561742], [36.3943251, 41.2517062], [36.4405087, 41.245015], [36.4439377, 41.2453206], [36.4444875, 41.2523776], [36.4445299, 41.2463971], [36.4506582, 41.2449675], [36.4570997, 41.2454889], [36.4565657, 41.2503937], [36.4572584, 41.2455121], [36.4736769, 41.2474524], [36.4748621, 41.2480258], [36.4740285, 41.2504827], [36.4751466, 41.2517978], [36.4896093, 41.2561361], [36.4745154, 41.2500624], [36.4765266, 41.2476677], [36.4897364, 41.2496143], [36.4888053, 41.2528456], [36.4916737, 41.2482355], [36.4901596, 41.2521668], [36.5384835, 41.2717779], [36.5615286, 41.2863288], [36.5766502, 41.3094274], [36.6019831, 41.3343615], [36.6217918, 41.3661961], [36.6412265, 41.3772593], [36.6624566, 41.3822704], [36.6839348, 41.3685103], [36.7969534, 41.3556828], [36.8800553, 41.3359643], [36.9416857, 41.3054493], [37.0020366, 41.2817598], [37.0155765, 41.2724713], [37.0247206, 41.2599434], [37.0263365, 41.210607], [37.0293325, 41.2015817], [37.0344413, 41.1973264], [37.0268657, 41.2000737], [37.0257434, 41.1969886], [37.0313909, 41.1977552], [37.0284598, 41.1942857], [37.0336759, 41.1870689], [37.0476118, 41.1779601], [37.086681, 41.162114], [37.148208, 41.148488], [37.207422, 41.144034], [37.293305, 41.1452261], [37.2950639, 41.1409546], [37.2876753, 41.1328478], [37.2920119, 41.1246891], [37.3173842, 41.1160405], [37.3309223, 41.1145406], [37.3385804, 41.1177432], [37.3489084, 41.1167712], [37.3383681, 41.1173705], [37.3353999, 41.1136495], [37.3449664, 41.1111666], [37.3454655, 41.1148564], [37.3473829, 41.1100416], [37.3845594, 41.1073937], [37.3961721, 41.103465], [37.4174549, 41.0863728], [37.4220014, 41.0792732], [37.442999, 41.076606], [37.4791581, 41.0625194], [37.481436, 41.050036], [37.4933142, 41.0465037], [37.4866554, 41.0466744], [37.4874125, 41.04248], [37.4914552, 41.0450918], [37.4886686, 41.0412723], [37.4919636, 41.0379094], [37.5101699, 41.0278221], [37.5401366, 41.0216987], [37.5761688, 41.0302471], [37.599146, 41.040359], [37.61273, 41.0515801], [37.6085486, 41.0512183], [37.6126501, 41.053302], [37.6172423, 41.0706784], [37.6292898, 41.0809652], [37.6255606, 41.0807538], [37.6355594, 41.0857277], [37.63906, 41.094364], [37.654521, 41.109949], [37.654879, 41.117398], [37.668332, 41.123587], [37.672432, 41.1287671], [37.676051, 41.12804], [37.6831417, 41.1365662], [37.682966, 41.130302], [37.695134, 41.124536], [37.695666, 41.1193253], [37.7044276, 41.114162], [37.7281141, 41.116669], [37.7316572, 41.1142553], [37.751503, 41.1198256], [37.7666988, 41.1172785], [37.7624177, 41.1159952], [37.77242, 41.112806], [37.786615, 41.1161912], [37.787161, 41.1057018], [37.7806785, 41.0967335], [37.7814568, 41.0898251], [37.7724477, 41.0723341], [37.783893, 41.052084], [37.799861, 41.041213], [37.8024691, 41.0298816], [37.8092197, 41.0253151], [37.8442841, 41.0181056], [37.8509035, 41.0202631], [37.8567212, 41.0201364], [37.849189, 41.0180921], [37.865413, 41.015048], [37.870929, 41.009583], [37.872637, 40.998818], [37.8794082, 40.9973457], [37.8759239, 40.9892351], [37.8815233, 40.9861744], [37.9040311, 40.9841774], [37.9280791, 40.9863038], [38.0013351, 40.980608], [38.0472407, 40.9708841], [38.0430335, 40.9706558], [38.0452571, 40.9689634], [38.0739615, 40.9648834], [38.0579474, 40.9713031], [38.073712, 40.9717954], [38.1073836, 40.9663612], [38.1076462, 40.9637972], [38.114516, 40.9621411], [38.0984731, 40.9625138], [38.1243292, 40.9572331], [38.1198128, 40.9568815], [38.1241617, 40.9539194], [38.1504068, 40.9539194], [38.1516875, 40.9508767], [38.161121, 40.949932], [38.164209, 40.946745], [38.1879844, 40.9440786], [38.181185, 40.943015], [38.1899147, 40.9389983], [38.2176818, 40.9384294], [38.2418351, 40.9410691], [38.2535558, 40.9454939], [38.2513564, 40.9435323], [38.2830075, 40.9456219], [38.2913256, 40.937343], [38.308356, 40.93357], [38.3097427, 40.9288761], [38.3244414, 40.9199685], [38.3601723, 40.909032], [38.3727151, 40.9120778], [38.3852096, 40.9224177], [38.3747407, 40.918217], [38.3759406, 40.9205462], [38.3898991, 40.9249629], [38.4017689, 40.9155], [38.4205405, 40.9165041], [38.4297038, 40.9123033], [38.4346004, 40.9152637], [38.458036, 40.914868], [38.4716908, 40.9186669], [38.4807045, 40.9138688], [38.5124917, 40.9188213], [38.5353585, 40.9184647], [38.5657922, 40.9326803], [38.5790903, 40.9429621], [38.587282, 40.9445847], [38.5948568, 40.9535417], [38.6111406, 40.9627693], [38.610878, 40.966191], [38.62003, 40.9673983], [38.6250664, 40.9734835], [38.6338696, 40.9703756], [38.64377, 40.9735829], [38.6613644, 40.9554403], [38.6749212, 40.9491378], [38.6869694, 40.9469705], [38.715176, 40.9506674], [38.7597419, 40.9763265], [38.7816259, 40.9926874], [38.7913034, 40.9949476], [38.7925504, 41.0011579], [38.8034397, 41.0008331], [38.8172148, 41.0114044], [38.824967, 41.0110255], [38.8174615, 41.0110853], [38.8161313, 41.007961], [38.8255308, 41.0043114], [38.8475803, 41.0109989], [38.8714478, 41.0111668], [38.919693, 41.0399948], [38.9344926, 41.0435628], [38.9435397, 41.0380214], [38.9505783, 41.0380546], [38.9481645, 41.0370446], [38.9887532, 41.0373222], [38.9987058, 41.0400741], [39.0092766, 41.037007], [39.0020843, 41.0364815], [39.0088455, 41.0323863], [39.0532174, 41.0368066], [39.0663791, 41.0437566], [39.0645875, 41.0412816], [39.1169958, 41.0515752], [39.1628226, 41.0793437], [39.1753963, 41.0768144], [39.171221, 41.0760676], [39.1778452, 41.0736693], [39.2046946, 41.0749218], [39.2227555, 41.0661624], [39.2159266, 41.066116], [39.2179832, 41.0638896], [39.2194597, 41.0658841], [39.2180711, 41.062942], [39.2251987, 41.0571434], [39.2506773, 41.0481299], [39.2656604, 41.0483979], [39.2660658, 41.0512423], [39.2715295, 41.0522989], [39.2660394, 41.0491622], [39.290344, 41.0517008], [39.3500222, 41.0710352], [39.3711526, 41.0837593], [39.3667894, 41.0798784], [39.3706789, 41.0797186], [39.3705542, 41.0821994], [39.3827463, 41.0864654], [39.4020318, 41.1009244], [39.419173, 41.1076502], [39.4320192, 41.1044658], [39.4267037, 41.1054156], [39.4305471, 41.1006995], [39.4580853, 41.099836], [39.4859446, 41.0927753], [39.4947861, 41.0843708], [39.5083004, 41.0785733], [39.5042415, 41.0783949], [39.5297942, 41.0575297], [39.5412446, 41.0526745], [39.5374572, 41.0521739], [39.5563502, 41.0399469], [39.5687023, 41.0262408], [39.564863, 41.0276956], [39.5668002, 41.0247261], [39.6181075, 41.0131249], [39.6148066, 41.0126553], [39.6573651, 40.9964964], [39.6603649, 40.9965616], [39.6590791, 40.9972385], [39.662011, 40.9973355], [39.6653719, 41.0001595], [39.6724578, 41.0021881], [39.667267, 41.0005227], [39.6684452, 40.9982153], [39.6837818, 41.0010414], [39.7073433, 41.0117598], [39.7040489, 41.0086122], [39.7231265, 41.0130054], [39.7332959, 41.0083086], [39.7500749, 41.0070849], [39.7374249, 41.0076873], [39.7359524, 41.0042886], [39.7455567, 41.0041014], [39.7445924, 41.000865], [39.747929, 41.0039837], [39.7569927, 41.002562], [39.7619057, 41.0050904], [39.7664014, 41.0046466], [39.760692, 41.0031162], [39.7674197, 41.0017631], [39.7832339, 41.0031294], [39.7866369, 41.0009815], [39.7804401, 41.0018551], [39.8116767, 40.9876856], [39.8294579, 40.985143], [39.8346451, 40.9805767], [39.8348496, 40.9725856], [39.8430632, 40.9694732], [39.8491226, 40.9625052], [39.8503561, 40.9631934], [39.8583615, 40.9610659], [39.8524931, 40.9623599], [39.852161, 40.9600018], [39.872812, 40.9549405], [39.9318326, 40.9553042], [39.9679707, 40.9606586], [39.9751546, 40.9648394], [39.9799987, 40.9618502], [39.9919916, 40.96472], [40.007711, 40.956923], [40.0309996, 40.9595826], [40.0474177, 40.9551045], [40.0558879, 40.9456168], [40.0515476, 40.9468511], [40.054208, 40.9418694], [40.0671632, 40.9376526], [40.0748811, 40.9265806], [40.0955016, 40.9172332], [40.1258382, 40.9125339], [40.1833943, 40.914553], [40.1824717, 40.9215286], [40.1991416, 40.9263195], [40.1826889, 40.9210564], [40.1839852, 40.9169236], [40.1982347, 40.9213319], [40.197773, 40.9242686], [40.2060291, 40.9255571], [40.2014184, 40.9222357], [40.2066986, 40.922004], [40.229441, 40.9277956], [40.24985, 40.9369162], [40.2797357, 40.9574237], [40.2769017, 40.9531696], [40.283133, 40.9547649], [40.3118958, 40.9725433], [40.361155, 41.0164013], [40.3612072, 41.0135511], [40.3802603, 41.0247956], [40.4217542, 41.025247], [40.4211263, 41.0271994], [40.4561359, 41.0327224], [40.4654299, 41.031672], [40.4953545, 41.0414311], [40.493799, 41.0398048], [40.5096551, 41.0413084], [40.5198175, 41.038957], [40.5066421, 41.0400802], [40.5135128, 41.0378404], [40.5119976, 41.0361721], [40.5191208, 41.0314294], [40.5144968, 41.0314688], [40.5218181, 41.0280543], [40.5423542, 41.0272908], [40.576821, 41.04718], [40.6014999, 41.047771], [40.6109308, 41.055172], [40.6089627, 41.0510415], [40.6247693, 41.0608819], [40.6249114, 41.0587089], [40.6292947, 41.0609055], [40.6281871, 41.0591557], [40.6475429, 41.0692163], [40.6683283, 41.073228], [40.6820158, 41.0799666], [40.6853788, 41.0795398], [40.681554, 41.0794084], [40.6822771, 41.0767682], [40.691617, 41.0771885], [40.7183996, 41.0870066], [40.7189833, 41.0888387], [40.7222505, 41.0923386], [40.7207607, 41.0880048], [40.7394753, 41.1038942], [40.7419671, 41.1093431], [40.74276, 41.1072292], [40.7628046, 41.1333418], [40.798572, 41.1598172], [40.8128047, 41.165378], [40.8088787, 41.1629592], [40.815111, 41.1625616], [40.8306224, 41.1695878], [40.8280502, 41.1772682], [40.8616316, 41.1862649], [40.8636422, 41.1774186], [40.8743547, 41.1829489], [40.8812569, 41.181053], [40.8971763, 41.1842727], [40.913129, 41.1821408], [40.9061227, 41.1816313], [40.9168256, 41.1766224], [40.9306767, 41.1765806], [40.9592178, 41.1889591], [40.9931473, 41.1992554], [40.9861512, 41.1949948], [40.9925643, 41.1941839], [40.9917251, 41.1965302], [40.993059, 41.1943102], [41.0339405, 41.2103807], [41.064791, 41.2185889], [41.0799673, 41.2316216], [41.1246247, 41.2566867], [41.1245452, 41.2594231], [41.1272575, 41.2616214], [41.1256672, 41.2572712], [41.1527128, 41.2830383], [41.1616607, 41.2868055], [41.158681, 41.284427], [41.1778775, 41.2872841], [41.2198526, 41.3058323], [41.2429668, 41.320112], [41.2584226, 41.3377325], [41.2694139, 41.3438299], [41.3087325, 41.3554039], [41.342166, 41.3728271], [41.3602318, 41.3776114], [41.3798818, 41.3770743], [41.4019178, 41.3816076], [41.4277875, 41.40449], [41.424421, 41.4117912], [41.4294422, 41.4204477], [41.4248233, 41.4115125], [41.4273378, 41.4079927], [41.427562, 41.4106603], [41.4294378, 41.4094028], [41.4292209, 41.4063372], [41.430932, 41.4097865], [41.4293986, 41.4110285], [41.4339504, 41.413627], [41.4299127, 41.4154424], [41.4362348, 41.4155885], [41.4546189, 41.441914], [41.4633348, 41.4508363], [41.4695923, 41.4526931], [41.473426, 41.460627], [41.521864, 41.4822875], [41.5368674, 41.5096026], [41.5423796, 41.5118719], [41.5470851, 41.5206665], [41.576302, 41.518317], [41.585204, 41.508705], [41.620516, 41.500581], [41.635406, 41.486733], [41.666903, 41.482684], [41.709758, 41.496232], [41.7144289, 41.4928796], [41.7153, 41.485272], [41.707818, 41.474495], [41.752828, 41.470545], [41.773277, 41.460958], [41.775875, 41.463729], [41.78688, 41.461247], [41.789443, 41.449355], [41.805968, 41.445791], [41.814921, 41.434218], [41.823607, 41.430572], [41.84494, 41.440488], [41.847343, 41.448603], [41.881394, 41.460353], [41.887779, 41.471747], [41.894624, 41.474813], [41.892625, 41.479744], [41.910075, 41.494516], [41.911428, 41.499309], [41.925104, 41.507244], [41.936783, 41.509842], [41.955316, 41.5233], [41.962682, 41.524546], [41.973304, 41.521214], [41.984769, 41.521973], [41.991097, 41.516742], [41.99448, 41.504775], [42.027002, 41.499996], [42.031218, 41.495578], [42.04066, 41.493946], [42.08479, 41.510166], [42.101973, 41.50685], [42.11206, 41.51122], [42.127287, 41.505337], [42.137205, 41.508054], [42.148939, 41.505464], [42.17823, 41.514602], [42.196404, 41.506586], [42.205382, 41.490924], [42.211332, 41.495414], [42.225908, 41.498785], [42.262769, 41.49162], [42.284952, 41.492769], [42.304111, 41.482518], [42.313454, 41.481594], [42.329555, 41.467906], [42.344783, 41.471689], [42.367769, 41.464883], [42.3814, 41.467618], [42.384983, 41.463172], [42.399614, 41.466751], [42.424929, 41.453155], [42.43324, 41.444332], [42.448301, 41.438447], [42.472873, 41.435623], [42.489646, 41.440335], [42.492137, 41.445106], [42.520234, 41.436706], [42.52445, 41.444114], [42.520686, 41.447188], [42.521334, 41.453308], [42.516791, 41.457646], [42.518659, 41.459698], [42.513316, 41.465871], [42.512774, 41.472079], [42.526439, 41.47972], [42.532349, 41.49064], [42.544911, 41.493013], [42.549521, 41.498988], [42.55519, 41.498697], [42.560005, 41.506529], [42.572898, 41.509911], [42.564778, 41.525278], [42.580754, 41.543211], [42.573749, 41.557961], [42.576574, 41.565475], [42.591309, 41.573697], [42.600945, 41.584851], [42.6928954, 41.600207], [42.713653, 41.595541], [42.740135, 41.596111], [42.752686, 41.585564], [42.7692368, 41.5851104], [42.7746387, 41.578535], [42.780882, 41.576896], [42.783286, 41.583163], [42.793404, 41.588342], [42.8219744, 41.5874715], [42.8265845, 41.5927041], [42.8394223, 41.5896833], [42.833724, 41.579454], [42.834997, 41.572343], [42.8293295, 41.5577655], [42.82095, 41.555402], [42.816916, 41.539593], [42.7976299, 41.5171566], [42.804119, 41.507609], [42.8011303, 41.501715], [42.80239, 41.495777], [42.822804, 41.487441], [42.830394, 41.478712], [42.851401, 41.470554], [42.858424, 41.473338], [42.863313, 41.492958], [42.875751, 41.502307], [42.900942, 41.5003], [42.896989, 41.487102], [42.89941, 41.478982], [42.926494, 41.472613], [42.931771, 41.469187], [42.929584, 41.467227], [42.931803, 41.464357], [42.936054, 41.464525], [42.943265, 41.457611], [42.967043, 41.451539], [42.971399, 41.441474], [42.967367, 41.43436], [42.989095, 41.4245173], [42.9902526, 41.4114247], [43.003645, 41.406719], [43.006273, 41.398258], [43.012084, 41.394928], [43.021633, 41.379462], [43.018652, 41.375661], [43.03252, 41.370816], [43.042722, 41.376845], [43.055365, 41.372302], [43.060552, 41.366324], [43.096154, 41.357131], [43.108759, 41.349472], [43.1354266, 41.3187299], [43.1594162, 41.3160935], [43.1661991, 41.3084169], [43.1831532, 41.3046148], [43.1986739, 41.3086032], [43.2043793, 41.3055176], [43.2125941, 41.3062313], [43.214916, 41.299446], [43.212062, 41.297343], [43.211935, 41.289806], [43.186427, 41.281345], [43.1789592, 41.2723916], [43.162534, 41.270676], [43.1510179, 41.2619195], [43.127956, 41.253476], [43.153266, 41.245698], [43.176653, 41.254578], [43.194366, 41.253988], [43.2014832, 41.2335088], [43.237638, 41.184119], [43.229621, 41.1723443], [43.293921, 41.189621], [43.309994, 41.19091], [43.330236, 41.200884], [43.367357, 41.203384], [43.382807, 41.200669], [43.4116, 41.186982], [43.44848, 41.176399], [43.474145, 41.123038], [43.4586328, 41.1197223], [43.4563093, 41.109098], [43.4471395, 41.0988144], [43.4493929, 41.0877544], [43.4565482, 41.0843359], [43.4587173, 41.0748439], [43.471514, 41.0675026], [43.468408, 41.0306149], [43.4840989, 41.0161629], [43.5071142, 41.0119329], [43.519853, 41.014141], [43.553685, 40.99585], [43.564625, 40.992509], [43.577764, 40.993311], [43.636492, 40.959778], [43.671597, 40.936657], [43.676128, 40.930283], [43.669498, 40.913643], [43.681211, 40.903583], [43.676542, 40.898274], [43.673852, 40.886669], [43.675701, 40.871454], [43.680594, 40.865701], [43.6770061, 40.8475169], [43.7066042, 40.8209072], [43.7232378, 40.7918182], [43.7302724, 40.7659084], [43.7452474, 40.7406981], [43.7476806, 40.7265921], [43.7353107, 40.7126749], [43.7408857, 40.711544], [43.741637, 40.7053584], [43.7467311, 40.7032077], [43.7433055, 40.6925243], [43.7476956, 40.6840283], [43.7466845, 40.6758043], [43.7393345, 40.6651113], [43.7264215, 40.6647494], [43.7048335, 40.6203114], [43.6864896, 40.5929984], [43.6662263, 40.5743523], [43.6670115, 40.5677166], [43.6433979, 40.5617375], [43.6427998, 40.5520946], [43.6510594, 40.537809], [43.6499291, 40.5312524], [43.6443488, 40.53153], [43.6420284, 40.5373366], [43.6366283, 40.5345856], [43.634655, 40.5399324], [43.628445, 40.5378776], [43.6315916, 40.5301107], [43.6387508, 40.5250341], [43.6343707, 40.519285], [43.6253836, 40.519038], [43.6275487, 40.5233718], [43.6191699, 40.5251387], [43.6108883, 40.5138283], [43.6048953, 40.5164505], [43.5886171, 40.5065826], [43.5712828, 40.5040062], [43.5681625, 40.4981607], [43.5701527, 40.4948748], [43.5572175, 40.4939732], [43.5596881, 40.4902153], [43.5569177, 40.4880073], [43.5579638, 40.4817504], [43.542128, 40.4768947], [43.548737, 40.4729528], [43.5470097, 40.4671823], [43.5547734, 40.4650608], [43.5583906, 40.4601138], [43.5718162, 40.459358], [43.5845455, 40.4491717], [43.5852157, 40.4454342], [43.5924845, 40.4463313], [43.5971078, 40.4402973], [43.6064469, 40.4372668], [43.6125923, 40.4266038], [43.6197206, 40.4215067], [43.6187141, 40.4157011], [43.6134768, 40.4149962], [43.6200149, 40.3978481], [43.617821, 40.390096], [43.6116961, 40.3896394], [43.6050863, 40.3812278], [43.6065884, 40.3743188], [43.5991917, 40.3716788], [43.5949971, 40.3617347], [43.5969388, 40.3546999], [43.590814, 40.3451289], [43.6142491, 40.3141324], [43.6273866, 40.3037406], [43.6261302, 40.2995709], [43.6355912, 40.2937817], [43.6316264, 40.2829425], [43.6396126, 40.2792895], [43.6409417, 40.2724221], [43.6531219, 40.2689517], [43.6640621, 40.2699288], [43.67232, 40.2652708], [43.6773941, 40.2576865], [43.6828082, 40.2573388], [43.6784237, 40.2536455], [43.6819352, 40.2506763], [43.676895, 40.24813], [43.6843116, 40.2402013], [43.6793005, 40.2402814], [43.6825978, 40.2362184], [43.6769532, 40.2327381], [43.6837106, 40.2266454], [43.6760979, 40.2249534], [43.6577286, 40.2283086], [43.6531003, 40.2248851], [43.6633822, 40.2177786], [43.6617666, 40.2136104], [43.6653788, 40.2141228], [43.6728907, 40.2059064], [43.6944476, 40.1930417], [43.7010575, 40.1778128], [43.7128425, 40.1718953], [43.7140442, 40.1613354], [43.6701265, 40.1569212], [43.650799, 40.1456994], [43.6531557, 40.1401397], [43.6485021, 40.1317797], [43.6542082, 40.1237396], [43.6564983, 40.1125141], [43.6758435, 40.1070377], [43.6782543, 40.0960637], [43.6957408, 40.0955717], [43.7008646, 40.0870834], [43.713842, 40.0808004], [43.7220827, 40.0817354], [43.7277497, 40.0780902], [43.7427031, 40.0833315], [43.7518424, 40.0785911], [43.7608058, 40.0837717], [43.7671118, 40.0836433], [43.7692457, 40.0793505], [43.7871319, 40.0692501], [43.7981729, 40.0690636], [43.8084593, 40.0618027], [43.8234983, 40.0599787], [43.825289, 40.0477285], [43.8586747, 40.0427479], [43.8639486, 40.0360008], [43.8758982, 40.0349505], [43.8779582, 40.030613], [43.8994158, 40.0210172], [43.9289416, 40.0246979], [43.9594973, 40.0162844], [43.9769753, 40.0222227], [43.9870525, 40.0281183], [43.9868252, 40.0310684], [43.9940875, 40.0318344], [44.0090803, 40.0241972], [44.0225783, 40.0286783], [44.0564716, 40.0274629], [44.0858298, 40.034378], [44.1070671, 40.0299268], [44.1159565, 40.0347837], [44.1230008, 40.0340994], [44.1333329, 40.0278572], [44.1389163, 40.0327781], [44.1565436, 40.0304296], [44.1651919, 40.0323381], [44.1730506, 40.0272854], [44.1880004, 40.0305916], [44.1901406, 40.0390648], [44.2063658, 40.0390722], [44.213662, 40.0335806], [44.2206512, 40.0426737], [44.2307368, 40.0426021], [44.2356016, 40.0474993], [44.2419285, 40.0461265], [44.2483806, 40.049075], [44.2639631, 40.0466216], [44.2743686, 40.049423], [44.2850707, 40.0434819], [44.2938676, 40.0440843], [44.2966423, 40.0363743], [44.314038, 40.0393001], [44.3266643, 40.030862], [44.3356255, 40.0326889], [44.3396391, 40.0279202], [44.3518267, 40.0272172], [44.3599119, 40.017309], [44.3788254, 40.0041575], [44.3919553, 40.0051141], [44.4185919, 40.00039], [44.428348, 39.9895267], [44.4495348, 39.9808252], [44.4536638, 39.971435], [44.4657656, 39.9726967], [44.4813505, 39.9662875], [44.4910599, 39.9577997], [44.4937409, 39.949579], [44.5005822, 39.9453265], [44.5023813, 39.9354997], [44.5157438, 39.9296609], [44.5209252, 39.9203306], [44.5351045, 39.9218014], [44.5421047, 39.9098934], [44.5532982, 39.9024731], [44.5504054, 39.8852163], [44.5628681, 39.8751142], [44.5650831, 39.8697827], [44.577386, 39.8619688], [44.5832374, 39.8641186], [44.5919514, 39.859107], [44.5957143, 39.8439645], [44.5882157, 39.8332502], [44.5945362, 39.8244407], [44.6033746, 39.8217095], [44.6124411, 39.8290919], [44.6171957, 39.8281936], [44.6198416, 39.8213899], [44.6118525, 39.8145852], [44.6290159, 39.8132678], [44.6328447, 39.8065684], [44.6421474, 39.8050536], [44.6563957, 39.7923225], [44.6694291, 39.7925111], [44.6774044, 39.7878065], [44.6815542, 39.7958315], [44.6932518, 39.7940702], [44.6965636, 39.7893689], [44.6867463, 39.7833909], [44.6873476, 39.7720251], [44.7107641, 39.7699858], [44.7227183, 39.7420096], [44.7296566, 39.7411931], [44.7371554, 39.7461305], [44.7443519, 39.7436689], [44.7425605, 39.7335998], [44.7488025, 39.7236135], [44.7475578, 39.7164325], [44.7697787, 39.7130157], [44.7635589, 39.7030201], [44.7802859, 39.7009164], [44.78008, 39.6950374], [44.7880822, 39.6913749], [44.7844607, 39.6857417], [44.8023465, 39.6833796], [44.7939527, 39.6702698], [44.7961487, 39.6684259], [44.8058468, 39.6725999], [44.7990979, 39.6578956], [44.8059744, 39.65503], [44.8156415, 39.6562747], [44.8176638, 39.6516661], [44.8149591, 39.6426718], [44.8072867, 39.6377279], [44.8093804, 39.627336], [44.8046981, 39.6295888], [44.8033121, 39.642378], [44.79853, 39.648869], [44.7876, 39.651141], [44.786471, 39.6550697], [44.7625019, 39.6661279], [44.7615364, 39.6705152], [44.7548046, 39.6707841], [44.7587451, 39.6753964], [44.7498632, 39.686988], [44.741841, 39.6937338], [44.7342854, 39.6938319], [44.7256387, 39.7050265], [44.7170449, 39.7090962], [44.7150829, 39.7142776], [44.7022622, 39.7100961], [44.6885267, 39.7131868], [44.6892609, 39.7176223], [44.6684425, 39.7144881], [44.6612937, 39.7185134], [44.6537709, 39.7270845], [44.6478404, 39.7273554], [44.6394338, 39.7407073], [44.6304987, 39.7442788], [44.6324344, 39.7558674], [44.6216702, 39.7661607], [44.614695, 39.7824624], [44.5850062, 39.7655254], [44.4671974, 39.6841019], [44.4822345, 39.6707317], [44.4871135, 39.6437168], [44.480148, 39.610424], [44.465403, 39.600059], [44.441672, 39.573276], [44.422106, 39.567573], [44.424394, 39.56547], [44.416204, 39.55644], [44.426242, 39.544404], [44.425076, 39.532328], [44.435906, 39.52095], [44.43284, 39.517041], [44.433358, 39.509085], [44.440367, 39.505069], [44.4329948, 39.4925182], [44.4175827, 39.4851502], [44.4084339, 39.4711492], [44.4203218, 39.4648206], [44.4250838, 39.4462016], [44.4328572, 39.4427251], [44.4219571, 39.4116039], [44.3770211, 39.4116375], [44.37429, 39.4073724], [44.3336473, 39.3878721], [44.3187427, 39.3916194], [44.294908, 39.3765039], [44.2847201, 39.3838238], [44.2769566, 39.3834319], [44.2649383, 39.3991911], [44.2461664, 39.3976305], [44.2331536, 39.4163292], [44.2233876, 39.4179696], [44.1941947, 39.4119248], [44.1908085, 39.4024348], [44.1494387, 39.3999788], [44.1301405, 39.3896441], [44.1246393, 39.3906465], [44.1327798, 39.3987149], [44.1301049, 39.4054092], [44.1174275, 39.4019447], [44.0969923, 39.4121726], [44.0843952, 39.4077966], [44.0710893, 39.4123425], [44.0513157, 39.4040585], [44.0579604, 39.3861475], [44.0544011, 39.3889311], [44.0427039, 39.3841626], [44.0318908, 39.3717259], [44.0377009, 39.3612643], [44.0565238, 39.3554892], [44.0577828, 39.3431906], [44.0732183, 39.3356242], [44.0797056, 39.3249882], [44.0767137, 39.3079177], [44.0812513, 39.2941275], [44.1014094, 39.2894732], [44.1080596, 39.2842966], [44.1001975, 39.2764647], [44.0937966, 39.2755803], [44.0915587, 39.2628142], [44.0843065, 39.2560217], [44.089445, 39.247049], [44.1032307, 39.2425733], [44.1023816, 39.2313926], [44.0987108, 39.2278631], [44.100648, 39.2252757], [44.0940514, 39.216368], [44.0972566, 39.2044917], [44.1081411, 39.2011741], [44.1158881, 39.1887227], [44.1336574, 39.182713], [44.144875, 39.1854963], [44.1663807, 39.1776245], [44.1902139, 39.1581882], [44.1903645, 39.1531692], [44.2010388, 39.1402004], [44.2135655, 39.1303045], [44.2075924, 39.1140854], [44.2228335, 39.102561], [44.22591, 39.0950499], [44.2123189, 39.0878149], [44.2057823, 39.0899555], [44.1982417, 39.0868192], [44.1908665, 39.0745913], [44.205512, 39.0554679], [44.1959068, 39.0461699], [44.1947723, 39.0405005], [44.211677, 39.0209503], [44.1916459, 39.0091419], [44.1809525, 39.0106834], [44.1736556, 39.0003331], [44.1717941, 38.9917907], [44.1730001, 38.9882801], [44.1894753, 38.9816243], [44.1873353, 38.9778634], [44.1914252, 38.9746819], [44.1864425, 38.971967], [44.1884266, 38.9675811], [44.1802595, 38.9560676], [44.2002417, 38.9480087], [44.1897152, 38.9340273], [44.1957626, 38.9307797], [44.199469, 38.9215112], [44.2138758, 38.9207128], [44.2188309, 38.9167755], [44.2202203, 38.9042982], [44.2101228, 38.8979001], [44.2113518, 38.8905571], [44.2454553, 38.8702175], [44.2410992, 38.8584455], [44.245308, 38.8506821], [44.2569929, 38.8469492], [44.2666064, 38.8527613], [44.27748, 38.8542313], [44.2820406, 38.847847], [44.3009879, 38.8408017], [44.2950267, 38.8263251], [44.3021981, 38.8241669], [44.3060656, 38.815769], [44.3148195, 38.8087951], [44.3031487, 38.8029532], [44.300227, 38.7914997], [44.2864982, 38.7831041], [44.2899882, 38.779509], [44.2890161, 38.7717856], [44.292505, 38.7641949], [44.2863845, 38.7525111], [44.277137, 38.7461335], [44.2801473, 38.7329247], [44.2694928, 38.7254647], [44.2691063, 38.7219717], [44.2540673, 38.718334], [44.2608988, 38.7147018], [44.2612371, 38.7041787], [44.2714288, 38.7026035], [44.269405, 38.6972487], [44.2735923, 38.6899112], [44.2718366, 38.684796], [44.2826414, 38.674969], [44.2792605, 38.6571906], [44.2693126, 38.6508529], [44.2721185, 38.6462477], [44.3068138, 38.6357953], [44.3216199, 38.6240924], [44.3222742, 38.6095996], [44.3167174, 38.6068434], [44.320678, 38.6008058], [44.3176394, 38.5986565], [44.321783, 38.5937353], [44.3249447, 38.5774874], [44.3174009, 38.5743174], [44.3127907, 38.5617214], [44.3163089, 38.5490348], [44.3093356, 38.5302464], [44.3147281, 38.5186098], [44.3133674, 38.5150921], [44.3197075, 38.5125041], [44.3254601, 38.502081], [44.3199259, 38.4967157], [44.3226619, 38.4831586], [44.3116946, 38.4763474], [44.3137012, 38.465112], [44.3088961, 38.4508763], [44.3019383, 38.4472285], [44.3052696, 38.4409624], [44.3174565, 38.4324044], [44.3160531, 38.4189069], [44.3198318, 38.4086056], [44.3138492, 38.4044728], [44.3107323, 38.3952057], [44.299987, 38.3941676], [44.3194361, 38.3728423], [44.3300158, 38.369103], [44.3424523, 38.3718987], [44.3511501, 38.3691678], [44.3556943, 38.3747547], [44.3619279, 38.3752561], [44.3796451, 38.3585915], [44.3998451, 38.3672677], [44.4161169, 38.3691999], [44.4395946, 38.3834674], [44.4493712, 38.3854921], [44.4625568, 38.3653337], [44.4627198, 38.3594066], [44.4727777, 38.3556011], [44.4904477, 38.3578647], [44.4990194, 38.3509064], [44.4933408, 38.3473579], [44.4954973, 38.3437118], [44.5069312, 38.3460892], [44.5125314, 38.3412598], [44.5103614, 38.3353408], [44.4975509, 38.3337116], [44.4994221, 38.3232448], [44.4964051, 38.3172983], [44.4988619, 38.3117152], [44.492951, 38.3036964], [44.4782878, 38.302652], [44.473474, 38.2953126], [44.4491621, 38.283338], [44.4339559, 38.2691525], [44.4225323, 38.2680027], [44.4111819, 38.2559697], [44.4022685, 38.2520003], [44.3986824, 38.2385345], [44.405316, 38.2336446], [44.4117396, 38.2195101], [44.3980254, 38.1984635], [44.4008788, 38.194572], [44.396911, 38.189168], [44.4001524, 38.1796829], [44.3972184, 38.1715538], [44.3911827, 38.1677279], [44.394711, 38.1601149], [44.3926934, 38.1464431], [44.3686252, 38.1356841], [44.3511809, 38.1349942], [44.3495126, 38.1316841], [44.3596171, 38.1228582], [44.3587591, 38.1143004], [44.3645086, 38.1039085], [44.3517701, 38.1048418], [44.3293645, 38.098353], [44.3313906, 38.0897769], [44.3285769, 38.0786286], [44.3215799, 38.078638], [44.311362, 38.0728943], [44.312443, 38.0681178], [44.3199941, 38.069029], [44.3211099, 38.0632898], [44.3026244, 38.0547443], [44.3051212, 38.0476467], [44.3088646, 38.0463001], [44.3013231, 38.0325345], [44.2867384, 38.0211755], [44.2745049, 38.0160998], [44.2691715, 38.0082248], [44.2680798, 37.9937114], [44.254392, 37.9794769], [44.2557674, 37.9755899], [44.2407127, 37.9650564], [44.2406054, 37.9555238], [44.2486542, 37.9510362], [44.251232, 37.9433704], [44.2460126, 37.9370968], [44.2459051, 37.9313962], [44.234637, 37.9269538], [44.2343149, 37.9199198], [44.2293834, 37.9178066], [44.2305583, 37.9115624], [44.2243172, 37.9070057], [44.232465, 37.9002434], [44.2227458, 37.8882392], [44.2385502, 37.8841326], [44.2441613, 37.8757569], [44.2517196, 37.8757813], [44.2578993, 37.8700504], [44.2673977, 37.8673051], [44.2844905, 37.8731084], [44.2929042, 37.866908], [44.3047168, 37.8679322], [44.3193365, 37.8770837], [44.331565, 37.8749123], [44.3571214, 37.8633178], [44.388189, 37.862511], [44.402986, 37.852173], [44.404986, 37.847003], [44.403777, 37.840287], [44.396797, 37.837895], [44.392935, 37.831319], [44.3944467, 37.8230608], [44.4148019, 37.8156397], [44.4163517, 37.8085692], [44.4237529, 37.799449], [44.4341642, 37.799634], [44.4483769, 37.8065854], [44.4499409, 37.785845], [44.4434252, 37.7767146], [44.4449506, 37.7709171], [44.4524826, 37.7666873], [44.4727237, 37.7638062], [44.4802692, 37.7717443], [44.4939492, 37.7704602], [44.4979236, 37.773743], [44.5177444, 37.7767431], [44.5193388, 37.780246], [44.527361, 37.7827882], [44.5545718, 37.7806258], [44.5685997, 37.7688077], [44.5870796, 37.7640076], [44.5947731, 37.7478413], [44.6206225, 37.7270202], [44.6241474, 37.7102333], [44.6304124, 37.7063482], [44.6280768, 37.7021432], [44.6172028, 37.6904321], [44.5910324, 37.6757111], [44.589563, 37.671031], [44.574348, 37.665861], [44.574395, 37.658371], [44.56816, 37.644762], [44.5715627, 37.6383411], [44.5809446, 37.6373944], [44.5932365, 37.617728], [44.6001412, 37.6167702], [44.614409, 37.602176], [44.6107332, 37.5882625], [44.5989035, 37.580766], [44.6128461, 37.5713523], [44.607941, 37.57], [44.613664, 37.566483], [44.6127572, 37.5619157], [44.602922, 37.5600387], [44.6012501, 37.5560898], [44.605947, 37.550492], [44.612873, 37.548935], [44.613059, 37.545595], [44.607144, 37.539474], [44.601474, 37.524249], [44.601454, 37.514202], [44.5850189, 37.5073768], [44.582373, 37.4840103], [44.5875512, 37.4598877], [44.5862519, 37.451861], [44.5798293, 37.4476059], [44.5894703, 37.4388465], [44.6190122, 37.4371387], [44.630891, 37.431615], [44.636612, 37.424298], [44.636392, 37.41644], [44.6559968, 37.4022666], [44.6533641, 37.3928092], [44.6573683, 37.3859048], [44.6824285, 37.3822521], [44.69267, 37.3842643], [44.7214731, 37.3756933], [44.7240689, 37.355904], [44.732776, 37.3463923], [44.732434, 37.342232], [44.751713, 37.331357], [44.770635, 37.328406], [44.799184, 37.310113], [44.814586, 37.27806], [44.803749, 37.270785], [44.798799, 37.258646], [44.786257, 37.255943], [44.7683538, 37.2446406], [44.7575679, 37.2283412], [44.762648, 37.2234991], [44.760459, 37.211916], [44.76805, 37.192626], [44.766125, 37.183106], [44.784992, 37.1671], [44.7843055, 37.1438498], [44.7729152, 37.1511602], [44.7693221, 37.1636089], [44.759577, 37.1669203], [44.7533131, 37.163059], [44.7179218, 37.175623], [44.7000199, 37.1718525], [44.6942469, 37.1771382], [44.6744018, 37.1711364], [44.6613638, 37.1816472], [44.6494031, 37.1854102], [44.6474451, 37.1895432], [44.6404241, 37.1875022], [44.6372488, 37.1928251], [44.6347716, 37.1891925], [44.6267979, 37.189762], [44.6220458, 37.1876235], [44.6202026, 37.1807455], [44.6005444, 37.1710445], [44.6008165, 37.1668379], [44.5760575, 37.1635133], [44.5594821, 37.1497958], [44.5584691, 37.1395397], [44.5496931, 37.1343356], [44.5525272, 37.1247631], [44.5445426, 37.1207003], [44.5334728, 37.1251676], [44.5311947, 37.1213942], [44.525555, 37.1218439], [44.5245348, 37.1161217], [44.5140297, 37.1127535], [44.5169772, 37.1022933], [44.4914351, 37.0877421], [44.4831377, 37.0881917], [44.4781702, 37.0800179], [44.4712211, 37.078758], [44.4667891, 37.074089], [44.4484561, 37.0712969], [44.4415391, 37.0651559], [44.4344871, 37.0660699], [44.419749, 37.0610199], [44.4144081, 37.0524157], [44.4001711, 37.0516547], [44.3995046, 37.056495], [44.3933881, 37.0498777], [44.3831811, 37.0591158], [44.3586021, 37.0522637], [44.3556501, 37.0463812], [44.3491749, 37.0443819], [44.3494849, 37.040228], [44.3673331, 37.0246436], [44.3513684, 37.0201673], [44.3297735, 36.9979829], [44.32924, 36.9881768], [44.3148074, 36.984447], [44.3055197, 36.9714611], [44.3120711, 36.966327], [44.3095259, 36.962863], [44.2896361, 36.9756309], [44.2680561, 36.9758519], [44.2662401, 36.98052], [44.2510911, 36.982849], [44.2565081, 36.9923671], [44.2468101, 37.0011202], [44.2434561, 37.0100433], [44.2360781, 37.0103473], [44.2288331, 37.0196754], [44.2307517, 37.0242052], [44.2273503, 37.0292363], [44.2182942, 37.0354399], [44.2269683, 37.0350001], [44.2328505, 37.0385917], [44.2347592, 37.0418914], [44.2293922, 37.0530454], [44.2187942, 37.0598395], [44.2123542, 37.0691675], [44.1967922, 37.0760625], [44.1938412, 37.0798135], [44.1951822, 37.0931985], [44.1851202, 37.0978625], [44.1859252, 37.1072926], [44.1982682, 37.1156066], [44.2049719, 37.131238], [44.2141207, 37.1378295], [44.2227314, 37.1589462], [44.2336625, 37.1613811], [44.2459555, 37.1573935], [44.2562111, 37.1582885], [44.2779897, 37.166997], [44.2808669, 37.1904987], [44.2756029, 37.1966546], [44.2711062, 37.1944348], [44.2657922, 37.1978428], [44.2647452, 37.2038678], [44.2718312, 37.2122058], [44.2691742, 37.2168308], [44.2716702, 37.2215169], [44.2683682, 37.2443999], [44.2506752, 37.2503139], [44.2418899, 37.270016], [44.2290282, 37.282356], [44.2097952, 37.280609], [44.197766, 37.289475], [44.172346, 37.297701], [44.163773, 37.303843], [44.15289, 37.302096], [44.1409578, 37.3141359], [44.1270719, 37.3186098], [44.125738, 37.3228684], [44.100559, 37.31545], [44.088036, 37.317197], [44.068579, 37.313478], [44.0620107, 37.3208683], [44.0412873, 37.3221916], [44.040402, 37.325705], [44.033767, 37.323395], [44.031754, 37.326156], [44.0236232, 37.3175648], [44.021542, 37.327959], [44.018485, 37.32779], [43.99806, 37.308914], [43.993066, 37.298828], [43.968168, 37.292292], [43.95475, 37.292179], [43.957806, 37.2715], [43.944239, 37.268458], [43.947071, 37.258259], [43.942781, 37.249807], [43.930882, 37.246259], [43.93844, 37.242385], [43.926103, 37.237997], [43.919411, 37.224773], [43.895464, 37.219533], [43.885708, 37.224712], [43.854262, 37.224408], [43.843377, 37.216546], [43.840071, 37.201799], [43.830395, 37.193085], [43.828218, 37.200275], [43.8152712, 37.2117199], [43.810318, 37.223798], [43.789677, 37.2291], [43.776373, 37.228125], [43.747508, 37.235133], [43.741622, 37.230136], [43.721142, 37.235986], [43.703322, 37.231233], [43.689132, 37.235255], [43.677843, 37.227028], [43.652042, 37.223311], [43.651111, 37.225525], [43.642527, 37.217217], [43.620515, 37.221483], [43.618096, 37.230319], [43.609953, 37.238241], [43.595843, 37.232635], [43.584474, 37.238424], [43.578099, 37.250037], [43.56595, 37.257579], [43.556003, 37.251448], [43.5237836, 37.2476384], [43.513385, 37.239574], [43.50684, 37.243051], [43.498498, 37.242385], [43.486436, 37.2503], [43.47462, 37.25306], [43.476223, 37.263087], [43.459189, 37.271143], [43.41599, 37.282551], [43.408088, 37.292889], [43.404138, 37.291621], [43.389378, 37.298494], [43.389378, 37.305846], [43.372269, 37.307705], [43.369213, 37.312944], [43.371077, 37.317676], [43.361088, 37.327591], [43.327318, 37.326182], [43.316845, 37.316183], [43.317665, 37.30624], [43.301488, 37.303705], [43.288443, 37.312155], [43.269173, 37.314408], [43.269248, 37.328886], [43.250276, 37.330154], [43.2420756, 37.3451343], [43.2348488, 37.3481155], [43.208418, 37.347223], [43.1872091, 37.3595131], [43.1622487, 37.3577042], [43.1611755, 37.3623544], [43.1526696, 37.3657682], [43.1469378, 37.3728965], [43.1363823, 37.3700458], [43.132099, 37.372731], [43.1118153, 37.3723216], [43.1039406, 37.3675079], [43.0717848, 37.3665019], [43.060057, 37.356922], [43.034427, 37.354045], [43.029518, 37.356975], [43.022714, 37.355927], [43.020954, 37.344066], [43.010143, 37.332355], [42.98778, 37.326093], [42.973196, 37.326093], [42.959152, 37.312218], [42.949822, 37.318328], [42.928368, 37.322223], [42.9218, 37.327417], [42.897551, 37.328715], [42.881182, 37.338745], [42.871954, 37.337651], [42.864544, 37.344397], [42.8513992, 37.3481259], [42.8353479, 37.3425108], [42.826802, 37.34909], [42.827105, 37.35385], [42.822053, 37.360137], [42.825892, 37.361537], [42.8243848, 37.3710545], [42.7936634, 37.3806687], [42.7796214, 37.375359], [42.7734673, 37.3650521], [42.7567216, 37.3498126], [42.7462118, 37.347593], [42.7406516, 37.3389579], [42.7333262, 37.3362198], [42.7352888, 37.3184959], [42.7254779, 37.3192237], [42.7241094, 37.313284], [42.7132057, 37.3083582], [42.6879197, 37.3083068], [42.6933349, 37.3016931], [42.6907886, 37.2944067], [42.696141, 37.2955486], [42.6975793, 37.2916888], [42.6814429, 37.2811931], [42.68524, 37.2788038], [42.682862, 37.2708725], [42.6757079, 37.2698545], [42.6752875, 37.2737677], [42.6609594, 37.2719592], [42.6603474, 37.2678181], [42.6537914, 37.2666526], [42.6582139, 37.2631218], [42.6500294, 37.2552437], [42.6551016, 37.246285], [42.6475006, 37.2423207], [42.642732, 37.2329355], [42.6367767, 37.2328154], [42.6338713, 37.2260929], [42.6289039, 37.2239329], [42.6299552, 37.2194804], [42.6229666, 37.2164298], [42.6175644, 37.2184916], [42.6178998, 37.2153383], [42.6127064, 37.214627], [42.6186023, 37.2067021], [42.6174562, 37.2019327], [42.6103404, 37.2003803], [42.6011356, 37.189842], [42.601132, 37.1809427], [42.5859297, 37.1698818], [42.5808296, 37.1617335], [42.5788336, 37.1458548], [42.5709777, 37.1436214], [42.562848, 37.1476834], [42.5490196, 37.1488215], [42.5336208, 37.1419321], [42.5259905, 37.1438669], [42.4948916, 37.1366185], [42.4878639, 37.1379973], [42.4839476, 37.1347917], [42.4640588, 37.1421592], [42.4603535, 37.1334303], [42.4480603, 37.1369078], [42.4364137, 37.1302302], [42.4351795, 37.1264138], [42.4124414, 37.1214395], [42.4035582, 37.1131232], [42.384335, 37.1107523], [42.3807274, 37.1148872], [42.3709554, 37.1123572], [42.3630534, 37.1152802], [42.360667, 37.1084654], [42.3515054, 37.1052646], [42.3550566, 37.1235944], [42.3525269, 37.1303173], [42.3298462, 37.1575368], [42.3310112, 37.1642802], [42.3206053, 37.1853955], [42.3377265, 37.2098341], [42.3474349, 37.213331], [42.3475056, 37.2167177], [42.3398672, 37.2213783], [42.3427238, 37.2324391], [42.3159007, 37.2470167], [42.3111716, 37.2564448], [42.3054522, 37.2602522], [42.2925184, 37.2611411], [42.2841238, 37.2814702], [42.2810714, 37.2823826], [42.2693174, 37.27331], [42.2607846, 37.2713146], [42.2342986, 37.2831846], [42.2219217, 37.2779931], [42.2116324, 37.2773369], [42.2048316, 37.2805189], [42.2089815, 37.285998], [42.206966, 37.2911319], [42.2258935, 37.3134665], [42.2221127, 37.3180603], [42.2069512, 37.3184589], [42.1965228, 37.3118505], [42.1901135, 37.3013269], [42.1902251, 37.2945741], [42.1837353, 37.2864236], [42.1046658, 37.230078], [42.0939664, 37.2204676], [42.0891379, 37.2079916], [42.0792085, 37.2077548], [42.0552491, 37.1977289], [42.0349184, 37.1820479], [42.0026644, 37.1814659], [41.9888812, 37.1727384], [41.9667418, 37.1664033], [41.9653897, 37.1615273], [41.9520821, 37.1577349], [41.9299215, 37.1587179], [41.874227, 37.1449069], [41.8070752, 37.1345251], [41.7942375, 37.1284094], [41.6942184, 37.1143952], [41.659615, 37.1185226], [41.643084, 37.1162784], [41.6357937, 37.114559], [41.6303004, 37.1088272], [41.6170237, 37.1103488], [41.6030636, 37.1072145], [41.5515482, 37.0862039], [41.523542, 37.0836341], [41.5175457, 37.0779472], [41.3875082, 37.0792559], [41.3705902, 37.0754487], [41.3477474, 37.0791607], [41.265687, 37.0796389], [41.2292269, 37.0728832], [41.2214245, 37.0697477], [41.222821, 37.0675819], [41.2180554, 37.0618831], [41.1981582, 37.0638689], [41.1981737, 37.0802425], [41.1727184, 37.0902281], [41.1678624, 37.0881383], [41.1680729, 37.0925497], [41.1635811, 37.0947431], [41.1448851, 37.0977271], [41.1061238, 37.0947921], [41.1064493, 37.0975179], [41.0939742, 37.1011142], [41.0890283, 37.0996105], [41.0875092, 37.1020906], [41.0127047, 37.1157112], [40.9811202, 37.1162631], [40.915454, 37.1313202], [40.8727364, 37.1287744], [40.8494355, 37.1223755], [40.8427949, 37.1105093], [40.8346239, 37.1065489], [40.82144, 37.1111493], [40.8116643, 37.1256048], [40.798198, 37.1190191], [40.7758599, 37.1224573], [40.7652951, 37.1273994], [40.7536277, 37.1101418], [40.7419683, 37.111046], [40.7117729, 37.1040503], [40.6960685, 37.1039552], [40.6776753, 37.0921055], [40.618736, 37.0644799], [40.5883265, 37.0615532], [40.5309101, 37.0283835], [40.4191106, 37.0162703], [40.419546, 37.0118956], [40.4160701, 37.0117121], [40.4153428, 37.0157543], [40.4121452, 37.0147303], [40.3983833, 37.0077839], [40.3830693, 36.9914056], [40.3792011, 36.9796666], [40.3573529, 36.963048], [40.3382928, 36.9582132], [40.3072408, 36.9396534], [40.2667186, 36.9218312], [40.2377877, 36.9149057], [40.1828902, 36.8776922], [40.1446284, 36.8696259], [40.1107449, 36.8675319], [40.0622753, 36.8561105], [40.0523273, 36.8426299], [40.0311682, 36.8267086], [39.9991406, 36.8225446], [39.9305835, 36.7973563], [39.8608939, 36.7786197], [39.8207742, 36.7567011], [39.7117255, 36.7502328], [39.6404607, 36.7248201], [39.5960718, 36.7231902], [39.4912328, 36.7003474], [39.3611952, 36.692043], [39.212182, 36.6691026], [39.1286029, 36.6867844], [39.0652855, 36.7051555], [39.0205754, 36.7107218], [38.8906568, 36.7007281], [38.7392713, 36.7081478], [38.6912139, 36.7347935], [38.6367863, 36.7787849], [38.5963558, 36.8043763], [38.5911843, 36.8134661], [38.5897146, 36.8253214], [38.5683515, 36.8257643], [38.55441, 36.8448105], [38.390712, 36.9023268], [38.3395291, 36.9000645], [38.2654794, 36.9146603], [38.2420287, 36.924099], [38.2141992, 36.9083111], [38.1679546, 36.9106222], [38.1639651, 36.9078003], [38.1611675, 36.8987508], [38.1433374, 36.8937058], [38.1337142, 36.8950523], [38.1223679, 36.8903611], [38.1120471, 36.8809467], [38.0978557, 36.8762784], [38.0794411, 36.8762027], [38.0660152, 36.8637865], [38.0457415, 36.8645651], [38.0292321, 36.854078], [38.0316244, 36.8369221], [38.0184769, 36.8259766], [37.9940077, 36.8320481], [37.9635, 36.8207962], [37.9407121, 36.8185642], [37.9249165, 36.8109384], [37.9035013, 36.7917964], [37.8776629, 36.7876064], [37.8259216, 36.7683653], [37.7997093, 36.7632778], [37.7833776, 36.749622], [37.7278733, 36.751785], [37.7027913, 36.757683], [37.6827436, 36.7439893], [37.6581789, 36.7490486], [37.6220349, 36.7247781], [37.495281, 36.6736435], [37.4885709, 36.6671475], [37.4871195, 36.6497775], [37.474147, 36.6330137], [37.4440988, 36.6326929], [37.4252358, 36.6440478], [37.4062055, 36.6439165], [37.3759368, 36.6533928], [37.3154311, 36.6652899], [37.2782423, 36.669913], [37.2778734, 36.664369], [37.275089, 36.6637724], [37.2167621, 36.6753158], [37.1625607, 36.6568669], [37.1549294, 36.6611865], [37.142075, 36.6773217], [37.1246715, 36.6656086], [37.1143923, 36.6720569], [37.1061921, 36.671548], [37.0989495, 36.6486668], [37.0862072, 36.6342149], [37.0571081, 36.6454482], [37.0575469, 36.6548772], [37.0349438, 36.6646672], [37.020742, 36.6661586], [37.020094, 36.6836104], [37.0161792, 36.6852375], [37.0159875, 36.6955194], [37.0401841, 36.7032076], [37.0409582, 36.7105339], [37.0466986, 36.7153916], [37.0465514, 36.7262012], [37.0429345, 36.7334067], [37.0369836, 36.7362604], [37.0150022, 36.7369448], [36.9927304, 36.7421558], [36.9993215, 36.7490087], [36.9932127, 36.7594807], [36.9967501, 36.7608232], [36.9975347, 36.7655706], [36.9814705, 36.7618046], [36.9555181, 36.7698092], [36.9458708, 36.776907], [36.93396, 36.7738511], [36.9348258, 36.7796629], [36.9285486, 36.7788187], [36.9289861, 36.7820107], [36.9239179, 36.7863175], [36.9173981, 36.7859368], [36.9035133, 36.7776036], [36.8845209, 36.7771317], [36.8370817, 36.7901145], [36.7893356, 36.7980245], [36.7467432, 36.8208435], [36.7382961, 36.8188448], [36.7155009, 36.8276726], [36.6851866, 36.8252455], [36.6698448, 36.8290154], [36.6651945, 36.8267665], [36.6715284, 36.8210339], [36.6668885, 36.8132054], [36.6713619, 36.8100883], [36.6685779, 36.8054484], [36.6717188, 36.7995473], [36.6671978, 36.8003088], [36.6620582, 36.7931228], [36.6459492, 36.7864365], [36.6394533, 36.7739919], [36.6403337, 36.7695185], [36.6346468, 36.7711604], [36.6348372, 36.7677815], [36.6280081, 36.7668535], [36.6289837, 36.7628322], [36.6129461, 36.7455336], [36.6187044, 36.7282111], [36.6254145, 36.7205254], [36.6304827, 36.7197878], [36.6287457, 36.7053921], [36.6193945, 36.694042], [36.6131841, 36.6912343], [36.6081158, 36.6770051], [36.5892467, 36.6689387], [36.587938, 36.6618003], [36.5736284, 36.6591335], [36.5779205, 36.6079293], [36.5914358, 36.5855386], [36.5826811, 36.5683884], [36.5723692, 36.528412], [36.544193, 36.5018539], [36.5481603, 36.4974212], [36.5492197, 36.4891278], [36.5436812, 36.484279], [36.5554827, 36.4738463], [36.553307, 36.4674794], [36.5619724, 36.4637385], [36.5551966, 36.4449838], [36.5603124, 36.438821], [36.5661897, 36.4373696], [36.5637151, 36.4268761], [36.5663325, 36.4189763], [36.5755172, 36.416121], [36.5862724, 36.3916601], [36.6059505, 36.392255], [36.6059505, 36.3777879], [36.6023099, 36.3731003], [36.5968372, 36.3724817], [36.6186568, 36.3574911], [36.5991928, 36.3495675], [36.6052129, 36.3273195], [36.6054306, 36.3328641], [36.6092667, 36.3324272], [36.6090438, 36.3356238], [36.6135172, 36.3377653], [36.6182761, 36.3347434], [36.6273894, 36.3370515], [36.6261283, 36.3430477], [36.6297451, 36.3448085], [36.6366819, 36.3421597], [36.6417775, 36.3356988], [36.6572517, 36.3375988], [36.6651101, 36.3260385], [36.6574896, 36.3173972], [36.6577514, 36.3123527], [36.6545867, 36.3121623], [36.6563229, 36.2981058], [36.6951271, 36.2950137], [36.6956328, 36.2884928], [36.6866534, 36.2817452], [36.6830268, 36.2822334], [36.6791396, 36.2712817], [36.6922527, 36.2578518], [36.6949134, 36.2452455], [36.6906057, 36.240621], [36.6810401, 36.239164], [36.6820645, 36.2322976], [36.6639732, 36.2351499], [36.6651022, 36.2288941], [36.656075, 36.2289332], [36.6314505, 36.2388313], [36.6229164, 36.2382157], [36.6236535, 36.2333776], [36.6292657, 36.2323438], [36.6252781, 36.2276176], [36.6255735, 36.22363], [36.6282319, 36.2237777], [36.6246873, 36.2143254], [36.5812661, 36.2276176], [36.5621322, 36.2373199], [36.5598017, 36.2340872], [36.5617597, 36.230511], [36.5537624, 36.2240635], [36.5339615, 36.2452718], [36.5259767, 36.2421408], [36.5024222, 36.2422648], [36.5002528, 36.2306711], [36.5033686, 36.2261449], [36.4996516, 36.2234887], [36.492651, 36.2266148], [36.4912193, 36.2308504], [36.4834186, 36.2329655], [36.4865118, 36.2184304], [36.4764777, 36.2142511], [36.4718901, 36.2078741], [36.473411, 36.2014664], [36.4651011, 36.1969439], [36.4559245, 36.2027436], [36.4570158, 36.2078262], [36.4300097, 36.2074053], [36.3949725, 36.2253355], [36.3892289, 36.2181203], [36.3830775, 36.2174834], [36.3835643, 36.2131063], [36.3870226, 36.2158203], [36.3910088, 36.2140857], [36.3878994, 36.2069039], [36.3925038, 36.2103908], [36.3970499, 36.2017187], [36.3923495, 36.2042475], [36.3910841, 36.1966136], [36.394824, 36.1950056], [36.3933453, 36.1983269], [36.3960881, 36.1997195], [36.3953957, 36.1967836], [36.4001765, 36.1937091], [36.3965311, 36.1881781], [36.3892715, 36.1875988], [36.3871271, 36.1833588], [36.3822688, 36.1855467], [36.3868934, 36.189034], [36.3811518, 36.1882294], [36.3801524, 36.1824585], [36.3773836, 36.1839272], [36.3724039, 36.1783116], [36.3678161, 36.1795572], [36.3741046, 36.1705643], [36.3701692, 36.1714113], [36.3654448, 36.1670259], [36.3690203, 36.1658944], [36.3674555, 36.159689], [36.3807102, 36.1553463], [36.3761068, 36.152732], [36.378522, 36.1474811], [36.3836227, 36.149405], [36.3891101, 36.1460314], [36.3822194, 36.1345366], [36.3845791, 36.1309144], [36.3750661, 36.1285079], [36.3782565, 36.125387], [36.3715327, 36.122244], [36.3777377, 36.1225888], [36.3800533, 36.1157402], [36.3747693, 36.1188612], [36.370471, 36.1166714], [36.374577, 36.1144554], [36.3750801, 36.1095075], [36.3818204, 36.1087202], [36.3751185, 36.1056754], [36.3755086, 36.1028446], [36.379254, 36.1020441], [36.3813234, 36.1051739], [36.3861856, 36.1023779], [36.385316, 36.0944362], [36.3807287, 36.0994061], [36.3770974, 36.0982373], [36.3903299, 36.0820629], [36.3862877, 36.0745109], [36.3786654, 36.0721776], [36.3814064, 36.0590561], [36.3790488, 36.0570029], [36.3873157, 36.0523008], [36.3861401, 36.0492435], [36.3790796, 36.0484038], [36.3800053, 36.0448952], [36.3900438, 36.0401756], [36.380852, 36.0380809], [36.3775339, 36.0315629], [36.3797447, 36.0290739], [36.3714774, 36.0246753], [36.3734214, 36.0223126], [36.369599, 36.0194505], [36.3762142, 36.0191813], [36.3762168, 36.0115926], [36.3662799, 36.0016971], [36.3392161, 35.9884675], [36.3323168, 35.9895522], [36.3142862, 36.0050401], [36.3000394, 36.0109569], [36.2903164, 36.0105524], [36.2864475, 36.0087238], [36.2854538, 35.9913682], [36.2919346, 35.9709881], [36.2989096, 35.962779], [36.2944899, 35.9564188], [36.2768201, 35.94949], [36.2569224, 35.9627018], [36.2336882, 35.959502], [36.1997892, 35.949293], [36.1758733, 35.9215549], [36.1729947, 35.8914238], [36.1691399, 35.8835716], [36.1752154, 35.8688322]]], [[[29.2758449, 40.7927181], [29.2752976, 40.7910404], [29.2728698, 40.7907129], [29.2731038, 40.792023], [29.2758449, 40.7927181]]], [[[29.1122384, 40.8194836], [29.1135211, 40.8204596], [29.1136622, 40.8179982], [29.1122384, 40.8194836]]], [[[29.1482073, 40.8479863], [29.1407615, 40.8501126], [29.1431648, 40.8556959], [29.1482073, 40.8479863]]], [[[29.1130359, 40.8596926], [29.1072404, 40.8609224], [29.114538, 40.8622029], [29.1155649, 40.8708345], [29.1342776, 40.8750223], [29.1390508, 40.8697963], [29.1261615, 40.8573416], [29.1240097, 40.8376379], [29.1099393, 40.8421409], [29.1146815, 40.8463786], [29.1103288, 40.8533873], [29.1130359, 40.8596926]]], [[[29.104149, 40.8740088], [29.0871631, 40.8680701], [29.0883712, 40.8704138], [29.0852795, 40.8716466], [29.0833432, 40.8674753], [29.0751706, 40.86854], [29.0760326, 40.8740419], [29.0902898, 40.8804123], [29.0888287, 40.8831549], [29.0971943, 40.8846562], [29.104149, 40.8740088]]], [[[29.0574181, 40.8840861], [29.0563275, 40.8867464], [29.0695375, 40.8845879], [29.0723717, 40.87893], [29.0639407, 40.8739492], [29.0562805, 40.8752222], [29.0522687, 40.8782188], [29.0574181, 40.8840861]]], [[[29.0764298, 40.8811756], [29.0787213, 40.8847683], [29.0780789, 40.8825625], [29.0764298, 40.8811756]]], [[[29.0511921, 40.9144667], [29.0572806, 40.9066356], [29.054019, 40.9032461], [29.0455111, 40.9025649], [29.0391703, 40.9118411], [29.0511921, 40.9144667]]], [[[38.4370758, 40.9307079], [38.4372233, 40.9283856], [38.4352828, 40.9293129], [38.4370758, 40.9307079]]], [[[30.2638351, 41.2169981], [30.260798, 41.211823], [30.2610807, 41.2151774], [30.2577524, 41.2156369], [30.2554545, 41.2115623], [30.2576339, 41.2172489], [30.2638351, 41.2169981]]], [[[29.2282003, 41.2341496], [29.226905, 41.2337091], [29.2270846, 41.2348666], [29.2282003, 41.2341496]]], [[[32.3849452, 41.7509699], [32.3817053, 41.749963], [32.3801338, 41.7511809], [32.3839555, 41.7538436], [32.3849452, 41.7509699]]], [[[32.3890775, 41.7548384], [32.3884316, 41.7520249], [32.3875549, 41.7535513], [32.3890775, 41.7548384]]]]}}]}