{"type": "FeatureCollection", "bbox": [-124.73318940099995, 24.897358453000038, -66.94989435299993, 49.384366439000075], "features": [{"type": "Feature", "properties": {"iso3": "USA", "source": "geoBoundaries", "territoryExtent": "metropolitan"}, "geometry": {"type": "Polygon", "coordinates": [[[-124.67633442599998, 48.29514838700004], [-124.66592342599995, 48.299329389000036], [-124.65895543299996, 48.331062391000046], [-124.72703745299998, 48.371106385000076], [-124.73184345599998, 48.38116238500004], [-124.72585445699997, 48.38601738600005], [-124.65325844699998, 48.39069639400003], [-124.63940444399998, 48.38552939500005], [-124.62383243699998, 48.369105396000066], [-124.61030543499999, 48.36672839800008], [-124.59074843299999, 48.37360940000008], [-124.57287942899995, 48.366233402000034], [-124.56485642799998, 48.36792640300007], [-124.53883642, 48.34989840500003], [-124.51059741399996, 48.34324140800004], [-124.39560838299997, 48.28877741900004], [-124.38088937899994, 48.28470442100007], [-124.36136637699997, 48.28758742300005], [-124.34242737199997, 48.277700425000035], [-124.29916136299994, 48.26824442900005], [-124.29570836, 48.25928742900004], [-124.27203235499996, 48.25441543200003], [-124.25512435399997, 48.25897743400003], [-124.25089735499995, 48.26477843400005], [-124.23859735199994, 48.26247643600004], [-124.10178831999997, 48.216888449000066], [-124.10723031699996, 48.20008744800003], [-124.07213930899997, 48.189908451000065], [-124.05074930199999, 48.17775245300004], [-123.98104728899995, 48.16476646000007], [-123.88008327199998, 48.16062647200005], [-123.85883626699996, 48.15427847400008], [-123.778137255, 48.15547148300004], [-123.72875124999996, 48.16280548900005], [-123.71836524699995, 48.15871849000007], [-123.70275824699996, 48.16678849200008], [-123.65142323599997, 48.156957497000064], [-123.63698223199998, 48.15032449900008], [-123.64112323199998, 48.14613249800004], [-123.62883422799996, 48.13928449900004], [-123.59085422099997, 48.134954503000074], [-123.55114621899997, 48.15138750800003], [-123.50725020799996, 48.13181251200007], [-123.44014319999997, 48.142019520000076], [-123.44198719599996, 48.124264519000064], [-123.42468319099999, 48.11807052100005], [-123.33271417599997, 48.112975531000075], [-123.28828017099994, 48.121041536000064], [-123.26893216699995, 48.11609953800007], [-123.239144163, 48.11822254200007], [-123.21720516099998, 48.12720854500003], [-123.16441516299994, 48.16589955200004], [-123.13346016099996, 48.177281556000025], [-123.14324415699997, 48.15663855400004], [-123.11649415099998, 48.15021355700003], [-123.085169141, 48.12714255900005], [-123.06622513599996, 48.12047456100004], [-123.03874212199997, 48.08114356200008], [-122.97942811599995, 48.095945570000026], [-122.94613411199998, 48.09855757400004], [-122.91795710499997, 48.09154057600006], [-122.92686609999998, 48.06459857400006], [-122.87765608799998, 48.04703057900008], [-122.86097107899997, 48.02133057900005], [-122.875837075, 47.99604857600008], [-122.85086907099998, 47.99590457900007], [-122.83947207099999, 48.001773581000066], [-122.82749707999994, 48.04677358400005], [-122.84928808499996, 48.05381358200003], [-122.85774208999999, 48.06577958200006], [-122.87827009499995, 48.07607758000006], [-122.882028102, 48.10078458100003], [-122.87629710399995, 48.110882582000045], [-122.83318810299994, 48.134411588000034], [-122.76046309299994, 48.14324559700003], [-122.748926085, 48.11703159600006], [-122.77848108699999, 48.10614059300008], [-122.80141408599997, 48.08756658900006], [-122.76666307, 48.044295591000036], [-122.74230506699996, 48.04932959400003], [-122.73928607199997, 48.06915859500003], [-122.74836007399995, 48.07210259400006], [-122.733272076, 48.09123759700003], [-122.69848007399997, 48.10310760100003], [-122.68725507099998, 48.10166760300007], [-122.692235069, 48.08708660100007], [-122.68227905599997, 48.04272860000003], [-122.66895705099995, 48.03203160100003], [-122.66988304799997, 48.017222600000025], [-122.68691304799995, 48.00831059800004], [-122.70185505199998, 48.01611159700008], [-122.723389054, 48.00810059400004], [-122.71809704799995, 47.98774459400005], [-122.701309042, 47.97298459500007], [-122.678815037, 47.967935597000064], [-122.67623003399996, 47.95874859700007], [-122.68446503099995, 47.939598595000064], [-122.65773702499996, 47.93116159700003], [-122.65107802099999, 47.92099059800006], [-122.65510001799998, 47.90506359600005], [-122.64650901399995, 47.89477659700003], [-122.61035600599996, 47.88734860000005], [-122.63187200699997, 47.87482059700005], [-122.636375005, 47.86619159600008], [-122.69377501499997, 47.86800759000005], [-122.68161700899998, 47.85041059100007], [-122.68375700599995, 47.83877859000006], [-122.68861100499998, 47.83144358900006], [-122.74807600699995, 47.800551581000036], [-122.758512995, 47.74604157700003], [-122.78169698899995, 47.70392557200006], [-122.81194398799994, 47.67986656800008], [-122.83215399499994, 47.69551656600004], [-122.79063401199994, 47.792602576000036], [-122.81263102699995, 47.84003457600005], [-122.82019302699996, 47.83590957500007], [-122.81504201899997, 47.80749857400008], [-122.84562701699997, 47.777479569000036], [-122.88047700799996, 47.720648562000065], [-122.896539, 47.67484355800008], [-122.97245499699994, 47.614905547000035], [-123.10650098099995, 47.45817552400007], [-123.15599496399994, 47.35575051300003], [-123.14018395999994, 47.34750151500003], [-123.11131295899997, 47.362624519000065], [-123.07211294999996, 47.351598522000074], [-123.03028094299998, 47.350954527000056], [-122.98393394199996, 47.37462053300004], [-122.91144093399998, 47.38910454200004], [-122.87792793399996, 47.410984547000055], [-122.87246193599998, 47.42352954800003], [-122.90122093999997, 47.42159954500005], [-122.97750994599994, 47.39616553500008], [-123.01316794699994, 47.37864453000003], [-123.05690095199998, 47.36850452500005], [-123.11548096299998, 47.37609251900005], [-123.12024896699995, 47.391495519000046], [-122.96729898899997, 47.58569054600008], [-122.91711798999995, 47.620748553000055], [-122.85662598699997, 47.64962056100006], [-122.80451297999997, 47.65336856700003], [-122.75420097699998, 47.67161757400004], [-122.74017398999996, 47.73623357800005], [-122.72270098999996, 47.748832581000045], [-122.714815994, 47.76818158300006], [-122.690576992, 47.77837758600003], [-122.68202999599998, 47.80088758800008], [-122.64812299699997, 47.825128593000045], [-122.62320699599996, 47.83620459600007], [-122.60811999799995, 47.85673359900005], [-122.57368699299997, 47.85758760300007], [-122.57311299699995, 47.87408660400007], [-122.58825000899998, 47.91292860400006], [-122.59624301199995, 47.92021560400008], [-122.61671601599994, 47.925144602000046], [-122.620331019, 47.93155860200005], [-122.61703701999994, 47.93899260200004], [-122.603876018, 47.940483604000065], [-122.57894601099997, 47.925844606000055], [-122.54908700399994, 47.919077609000055], [-122.52760799799995, 47.905887611000026], [-122.51400098899995, 47.88081261100007], [-122.506136976, 47.83175060900004], [-122.48254396799996, 47.81551661100008], [-122.48522896599997, 47.804133610000065], [-122.49536096599996, 47.797045609000065], [-122.49547296299994, 47.786697608000054], [-122.47141695399995, 47.76597061000007], [-122.47034795199994, 47.75711460900004], [-122.47185895099994, 47.74982460900003], [-122.48850595199997, 47.74361060700005], [-122.55446896299998, 47.745709599000065], [-122.54317595299995, 47.71094659900007], [-122.53095494899998, 47.704819600000064], [-122.511210947, 47.70872060200003], [-122.50461894399996, 47.699141602000054], [-122.50872393699996, 47.670848601000046], [-122.518291934, 47.65132559800003], [-122.493219926, 47.63512760000003], [-122.50037192299999, 47.61782159900008], [-122.49825491799999, 47.59824759800006], [-122.49394791499998, 47.588968598000065], [-122.47910391199997, 47.58365959900004], [-122.51838191599995, 47.57408559400005], [-122.54313291499994, 47.55633159100006], [-122.54662590799995, 47.52355558900007], [-122.52306490399997, 47.52400559100005], [-122.494896897, 47.510270594000076], [-122.53052889299994, 47.469046588000026], [-122.53190388299998, 47.428832585000066], [-122.55115087799999, 47.394461582000076], [-122.53705887099994, 47.37590158200004], [-122.57599986599996, 47.32642557500003], [-122.54753585199995, 47.285349576000044], [-122.57822584999997, 47.25480957100007], [-122.59050184499995, 47.22775756800007], [-122.60255384499999, 47.21751156700003], [-122.614250847, 47.22087756600007], [-122.668585867, 47.27045256200006], [-122.697392875, 47.28397456000005], [-122.67127088499996, 47.34377956600008], [-122.632477887, 47.376399572000025], [-122.671500891, 47.366881567000064], [-122.72575289099996, 47.330475559000035], [-122.74526488599997, 47.297163555000054], [-122.74963588199995, 47.276413554000044], [-122.71813887099995, 47.250050556000076], [-122.72483886799995, 47.235891554000034], [-122.67988585999996, 47.23119155900008], [-122.64873385199996, 47.215650562000064], [-122.64181484799997, 47.20501856200008], [-122.65728984799995, 47.19352855900007], [-122.67773084999999, 47.19110555700007], [-122.67551283899996, 47.14196955500006], [-122.70244883899994, 47.123872551000034], [-122.76381785799998, 47.166129546000036], [-122.77163385999995, 47.16711454600005], [-122.843303892, 47.25747054300007], [-122.84234389399995, 47.26756854300004], [-122.816647892, 47.27646254600006], [-122.79903989199994, 47.28931154900005], [-122.79666090399996, 47.34165955200007], [-122.80462990899997, 47.35684055200005], [-122.82188291299997, 47.36307455000008], [-122.82235890299995, 47.31976854800007], [-122.845874902, 47.298410544000035], [-122.86374689799999, 47.270226541000056], [-122.85618588799997, 47.23379354000008], [-122.83831287999999, 47.20835854100005], [-122.859954873, 47.16557953600005], [-122.85206087199998, 47.16436453700004], [-122.81425286899997, 47.17948754200006], [-122.77507084999996, 47.12311954300003], [-122.72145183699996, 47.10318454800006], [-122.67814482999995, 47.103871552000044], [-122.65064883199994, 47.13245255700008], [-122.63618383099998, 47.135579559000064], [-122.64065283499997, 47.14912755900008], [-122.63589883699996, 47.16396456000007], [-122.59084383399994, 47.17811256600004], [-122.58053183899995, 47.21042156900006], [-122.56197184399997, 47.244104572000026], [-122.52760084999994, 47.29153657900008], [-122.547422859, 47.317739578000044], [-122.53335285699995, 47.31662557900006], [-122.47166683799998, 47.277326584000036], [-122.44421483099995, 47.266728586000056], [-122.42961982899999, 47.26971258800006], [-122.40921383099999, 47.288561591000075], [-122.42424983499996, 47.297526590000075], [-122.44464983899996, 47.30042658800005], [-122.44302283999997, 47.30633858900006], [-122.42354983999996, 47.31912659100004], [-122.33694883099997, 47.34142660200007], [-122.32484783099994, 47.34852660400003], [-122.32844884399998, 47.40062660600006], [-122.34804985099998, 47.41592660500004], [-122.35514985799995, 47.44192660500005], [-122.38315086499995, 47.45052660300007], [-122.36805086399994, 47.459226605000026], [-122.36135086799999, 47.48142660700006], [-122.39655288199998, 47.51522560500007], [-122.39835289099994, 47.55012560600005], [-122.40985389699995, 47.56892560600005], [-122.42115390099997, 47.57602560500004], [-122.38715389999999, 47.595725610000045], [-122.37018189399998, 47.58309261100004], [-122.34295189199997, 47.59122561500004], [-122.33952789299997, 47.599118615000066], [-122.34495189599994, 47.60912561500004], [-122.36783390399995, 47.62421861400003], [-122.41465991499996, 47.639771609000036], [-122.42985592199994, 47.65892460900005], [-122.39326292599998, 47.70160761500006], [-122.38045492599997, 47.70912461700004], [-122.37315492999994, 47.729224619000036], [-122.382655936, 47.74912461800005], [-122.38025593799995, 47.75852461900007], [-122.39705794599996, 47.779724618000046], [-122.39495895099998, 47.80332362000007], [-122.33596495399996, 47.85231162900004], [-122.32955995699996, 47.869423631000075], [-122.33355795999995, 47.88025163100008], [-122.32856096399996, 47.897922632000075], [-122.31076196699996, 47.925122636000026], [-122.30706297299997, 47.94912263700007], [-122.24902196599999, 47.95951264400003], [-122.23006096599994, 47.970922647000066], [-122.22636096599996, 47.97642264800004], [-122.23240596999995, 47.987718647000065], [-122.22499397599995, 48.01663165000008], [-122.23177597999995, 48.02988165000005], [-122.281101993, 48.04979864500007], [-122.32613401099997, 48.09288264200006], [-122.34325601499995, 48.097636641000065], [-122.36509302599995, 48.12582764000007], [-122.364759032, 48.15130964100007], [-122.37026803599997, 48.16481464100008], [-122.36205904099995, 48.187573643000064], [-122.37250704399997, 48.19302764200006], [-122.39613605699998, 48.22923864200004], [-122.43378206399996, 48.23655563800003], [-122.44962006599997, 48.23260363600008], [-122.45363306499996, 48.22683563500004], [-122.44206605899996, 48.209355635000065], [-122.45494505799996, 48.19664463300006], [-122.47855005999998, 48.18809263000003], [-122.47902305699995, 48.17570863000003], [-122.44239803899995, 48.130846631000054], [-122.37949601899999, 48.08738963600007], [-122.35839000699997, 48.05613863700006], [-122.37712901099997, 48.05757363500004], [-122.40070702099996, 48.085260634000065], [-122.42371802999997, 48.102946632000055], [-122.44967503599997, 48.114046630000075], [-122.467515043, 48.13035862900006], [-122.49000104499999, 48.120622626000056], [-122.51204605099997, 48.13393662400006], [-122.53723506799997, 48.18375062300004], [-122.538931075, 48.20968862500007], [-122.53101108299995, 48.24982662700006], [-122.50380108099995, 48.25705063100003], [-122.48094007599997, 48.25171163300007], [-122.46397707799997, 48.27054663600006], [-122.40653106399998, 48.25183564200006], [-122.39534306299998, 48.25719264300005], [-122.39207306599997, 48.269633644000066], [-122.37170806699999, 48.28784464700004], [-122.40873308299996, 48.32641864500005], [-122.44269309099997, 48.33793964200004], [-122.47554410199996, 48.35991763900006], [-122.50745210899998, 48.364671636000026], [-122.53346711799998, 48.383414634000076], [-122.53946412199997, 48.39719563400007], [-122.55455112699997, 48.406045633000076], [-122.55841813299998, 48.426763633000064], [-122.55123613499995, 48.43947063500008], [-122.557313137, 48.44444363400004], [-122.57526913899994, 48.443338632000064], [-122.58162213699995, 48.42924963100006], [-122.61267013899999, 48.41833362700004], [-122.65482014399998, 48.411071622000065], [-122.674173151, 48.424731620000045], [-122.67894315499996, 48.43947162000006], [-122.67708715599997, 48.44406462100005], [-122.66726415399995, 48.44250862200005], [-122.65485915499994, 48.454092624000054], [-122.65776815999999, 48.47294562400003], [-122.66463816299995, 48.478133624000066], [-122.68913616599997, 48.47685462100003], [-122.70061816299994, 48.45763761900008], [-122.71233716699999, 48.46414861800008], [-122.71299617099999, 48.47879561800005], [-122.70165917399999, 48.49762762000006], [-122.68453617399996, 48.50912862300004], [-122.67140116999997, 48.50398562400005], [-122.606976165, 48.522157632000074], [-122.59996616299998, 48.52095163300004], [-122.59848416099999, 48.51217463300003], [-122.56808615499995, 48.508215636000045], [-122.556849151, 48.49881763700006], [-122.53737013899996, 48.466754637000065], [-122.50073613199999, 48.460892641000044], [-122.47184712999996, 48.47072964500006], [-122.46968513099995, 48.47498064600006], [-122.48351613699998, 48.49243564500006], [-122.48530314699997, 48.52811164600007], [-122.49847815599998, 48.556211646000065], [-122.50444315899995, 48.56478064600003], [-122.53199316499996, 48.56864964300007], [-122.53480216699995, 48.575965643000075], [-122.49591916099996, 48.57593264800005], [-122.47844615399998, 48.55930864900006], [-122.44457515099998, 48.57012065300006], [-122.43307415199996, 48.58161465500007], [-122.42528615499998, 48.59952765700007], [-122.44871716499995, 48.622629655000026], [-122.46426516799994, 48.62572265400007], [-122.50032318199999, 48.65616865100003], [-122.51918719999998, 48.71310065200004], [-122.49531620199997, 48.73733365500004], [-122.49041620499997, 48.751133657000025], [-122.51091720999995, 48.75773365500004], [-122.53581821899996, 48.776133653000045], [-122.56751322499997, 48.77919064900004], [-122.59685922699998, 48.77149764600006], [-122.63716122499994, 48.73571363900004], [-122.62630221899997, 48.72093564000005], [-122.61257721499999, 48.71493764100006], [-122.605748211, 48.701071641000055], [-122.61518421, 48.693844640000066], [-122.630437213, 48.696630638000045], [-122.67348722999998, 48.73308763500006], [-122.64745823599998, 48.774003640000046], [-122.64679223899998, 48.78501664000004], [-122.65654324099995, 48.78497463900004], [-122.68026124899995, 48.802755638000065], [-122.693698252, 48.80448063600005], [-122.69869025099996, 48.80052763500004], [-122.69931824799994, 48.789068635000035], [-122.709830249, 48.78621063300005], [-122.709184258, 48.817834635000054], [-122.71708826699995, 48.84719563500005], [-122.79319029099997, 48.89293262900003], [-122.75130428899996, 48.91124463500006], [-122.74538629099999, 48.92123263600007], [-122.74661129299994, 48.93073663600006], [-122.76611129899999, 48.941960634000054], [-122.78755429999995, 48.93170763100005], [-122.82164630799997, 48.94137462800006], [-122.81724131099998, 48.95597562900008], [-122.77429131399998, 48.99104363600003], [-122.75633331199998, 48.996886638000035], [-122.75803531399998, 49.00236263800008], [-121.75126714799995, 48.99740475300007], [-121.34531008099998, 49.00084879900004], [-95.15371994499998, 48.998911391000036], [-95.153323017, 49.384366439000075], [-95.12647600699995, 49.369447439000055], [-95.05841298399997, 49.35317844200006], [-95.01442397099999, 49.35641344600003], [-94.98891696599998, 49.36890545000006], [-94.957473957, 49.37019445300007], [-94.85425391799998, 49.32416245600007], [-94.81623090599999, 49.32099545800003], [-94.82429990599996, 49.308842456000036], [-94.82516890399995, 49.294291454000074], [-94.79725288099996, 49.21429244700005], [-94.79753587699997, 49.197799445000044], [-94.77323185599994, 49.12074143700005], [-94.75022984499998, 49.099771436000026], [-94.68307778599996, 48.88393741500005], [-94.68422578399998, 48.872407414000065], [-94.69253578599995, 48.86895841200004], [-94.69305278299998, 48.85340041000006], [-94.68568977799998, 48.84012740900005], [-94.70197678199997, 48.83178640700004], [-94.70429278099994, 48.82429240600004], [-94.69498277499997, 48.809214405000034], [-94.69432077199997, 48.78936040200006], [-94.69089776799996, 48.778074401000026], [-94.65177375299999, 48.75592140200007], [-94.64509174899996, 48.74415140100007], [-94.61901873999994, 48.73738240200004], [-94.58715872699997, 48.717607402000056], [-94.54907771499995, 48.71466140500007], [-94.53306570799998, 48.70127040400007], [-94.45234068299999, 48.692452409000055], [-94.43870967899994, 48.694897411000056], [-94.41619967599996, 48.710956415000055], [-94.38422966599995, 48.71181441700003], [-94.34276665299996, 48.70339042000006], [-94.30845464399994, 48.710247423000055], [-94.29074563799998, 48.70775542400003], [-94.26054962699999, 48.69638942500006], [-94.25117762199994, 48.683522424000046], [-94.25458561899995, 48.66138342100004], [-94.25019961699996, 48.65633142100006], [-94.22428460799995, 48.64953542200004], [-94.00694154299998, 48.64320143800006], [-93.944229523, 48.632302442000025], [-93.91153851299998, 48.63468144500007], [-93.84076249099996, 48.62855644900003], [-93.82265248299996, 48.609075448000056], [-93.80677147199998, 48.57762444600007], [-93.81120946699997, 48.54239344100006], [-93.81826146699996, 48.530054439000025], [-93.79446245799994, 48.51602943900008], [-93.65666041699996, 48.51573944900008], [-93.64309941399995, 48.51830245100007], [-93.62887341199996, 48.531218453000065], [-93.61062640499995, 48.52166945400006], [-93.59438740099995, 48.52880145600005], [-93.54719938699998, 48.52869245900007], [-93.46751236599994, 48.54567246800008], [-93.45668336599994, 48.561842471000034], [-93.46431637299997, 48.59180047400008], [-93.43850236599997, 48.59338847600003], [-93.40527735899997, 48.60935248100003], [-93.39503035499996, 48.60331148100005], [-93.37116434799998, 48.605093483000076], [-93.36214034699998, 48.613840485000026], [-93.35414334399997, 48.61235848500007], [-93.34819134499998, 48.62642248700007], [-93.25486231999997, 48.64279249700007], [-93.20740630599994, 48.64248250000003], [-93.17810329399998, 48.62334750000008], [-93.08844626799998, 48.627605508000045], [-92.98497123599998, 48.62373951500007], [-92.95488422899996, 48.63150151800005], [-92.95012822699994, 48.63042751900008], [-92.94984722299995, 48.608277516000044], [-92.92962221699997, 48.60688251700003], [-92.90995520899997, 48.596321517000035], [-92.72805414499999, 48.53929852400006], [-92.65788912499994, 48.54627153000007], [-92.63493911799998, 48.542881531000035], [-92.62554911099994, 48.517557529000044], [-92.63147111099994, 48.50679852700006], [-92.62724510899994, 48.503391527000076], [-92.69883212899998, 48.494900520000044], [-92.71257012699994, 48.46302151500004], [-92.68800611699999, 48.44389751400007], [-92.656035106, 48.436717516000044], [-92.50729306299996, 48.447883528000034], [-92.47559304899994, 48.41880152700003], [-92.45633304199998, 48.414212528000064], [-92.45639703999996, 48.40114252600006], [-92.47675804099998, 48.371768521000035], [-92.46995603599999, 48.35184451900005], [-92.43783301899998, 48.30984751600005], [-92.41629300999995, 48.29547151500003], [-92.36918198399997, 48.22027650900003], [-92.33683897599997, 48.23539151300008], [-92.26974995799998, 48.24824952000006], [-92.27371396099994, 48.25675552100006], [-92.29454896999994, 48.27156852100006], [-92.30145897499995, 48.28861652300003], [-92.29453497599997, 48.306462526000075], [-92.30631698099995, 48.31645052600004], [-92.30456898099999, 48.32298552700007], [-92.29541997899997, 48.32396552800003], [-92.28900197999997, 48.34299953100003], [-92.26228797399995, 48.35494153500008], [-92.21699095899999, 48.345122537000066], [-92.20681095599997, 48.34560453800003], [-92.20369195599994, 48.352071539000065], [-92.19357895199994, 48.34862153900008], [-92.17842594799998, 48.35188954100005], [-92.17736194899999, 48.35723654100008], [-92.14505694099995, 48.36565954500003], [-92.14359093899998, 48.356129544000055], [-92.08352091999996, 48.35387354800008], [-92.07796891899994, 48.358261549000076], [-92.055235913, 48.359221551000076], [-92.04574190799997, 48.347909550000054], [-92.04656990599995, 48.33474854800005], [-92.03087989999995, 48.32583254800005], [-92.00014088999995, 48.32136355000006], [-92.01298788999998, 48.297399546000065], [-92.00658488199997, 48.26542954200005], [-91.98955287599995, 48.260222543000054], [-91.97691086999998, 48.24463454100004], [-91.970247869, 48.253602543000056], [-91.95443986399994, 48.25168654400005], [-91.952216863, 48.244402543000035], [-91.95769086399997, 48.242691543000035], [-91.95780586199999, 48.23299754100003], [-91.94184585699998, 48.23061054200008], [-91.91577985099997, 48.23887954500003], [-91.89347784399996, 48.23770754700007], [-91.86788983299994, 48.21910354600004], [-91.86438982999994, 48.20703954500004], [-91.81577981599997, 48.21175654900003], [-91.79181780699997, 48.202500549000035], [-91.78901880599994, 48.19655754900003], [-91.75664479699998, 48.20503055200004], [-91.74908279399995, 48.19885255200006], [-91.74193979199998, 48.19913055300003], [-91.74232079299998, 48.20449955300006], [-91.71493878399997, 48.19913855500005], [-91.71161878099997, 48.18910855400003], [-91.72459178199995, 48.17066555000008], [-91.70532577599994, 48.170783552000046], [-91.70853077399994, 48.152709549000065], [-91.69818176899997, 48.14165154800003], [-91.71199376899995, 48.114721544000076], [-91.68285276099994, 48.12212654700005], [-91.68763076099998, 48.11170654500006], [-91.66521575399997, 48.10701954600006], [-91.65326875099998, 48.11414554800007], [-91.64018274399996, 48.09693454600006], [-91.55927972199999, 48.10827655400004], [-91.55296971899998, 48.10302055400007], [-91.56975372299996, 48.093356551000056], [-91.57547871999998, 48.06630254700008], [-91.57567971699996, 48.048799545000065], [-91.56726171399998, 48.04372754500008], [-91.48865369399994, 48.06807355400008], [-91.45033768299999, 48.06881455700005], [-91.43888467599999, 48.04998755500003], [-91.42964967299997, 48.04861655500008], [-91.39113566299994, 48.057083559000034], [-91.37087965899997, 48.06941856200007], [-91.34016664999996, 48.07324456500004], [-91.33259664699995, 48.069339565000064], [-91.26638762899995, 48.078721571000074], [-91.21443561699994, 48.10294857800005], [-91.19046861299995, 48.12489958300006], [-91.17618860899995, 48.125819584000055], [-91.13774060099996, 48.14915859000007], [-91.13858760199997, 48.15585259100004], [-91.12005459799997, 48.160420593000026], [-91.08273858999996, 48.18076459800005], [-91.02421557299994, 48.19008060400006], [-90.97696256399996, 48.219460611000045], [-90.91497854699998, 48.23061161700008], [-90.88548753999999, 48.24579262200007], [-90.87511453599996, 48.23779262100004], [-90.84735952799997, 48.24445162400008], [-90.83918352499995, 48.23951962400008], [-90.83632051399996, 48.17697161600006], [-90.83259651199995, 48.17377361600006], [-90.82112251099994, 48.184717618000036], [-90.81770550899995, 48.179577617000064], [-90.80421450499995, 48.17784161800006], [-90.79660349899996, 48.159381616000076], [-90.777924494, 48.16380961800007], [-90.77803849199995, 48.14873161600008], [-90.79797749599999, 48.136902613000075], [-90.78810849299998, 48.13508961400004], [-90.78992649199995, 48.12991061300005], [-90.76911748399993, 48.11659361200003], [-90.76163247899996, 48.098291611000036], [-90.75161547499994, 48.09097661000004], [-90.64160344299995, 48.10352362000003], [-90.62689343999995, 48.11185462200007], [-90.59146742999997, 48.117554625000025], [-90.57990442799996, 48.12393062700005], [-90.55929742099994, 48.121691628000065], [-90.55585241899996, 48.11707762800006], [-90.56977042199998, 48.10695962500006], [-90.55684541599999, 48.09601662500006], [-90.48708439499995, 48.099090630000035], [-90.46771939099995, 48.108826633000035], [-90.43845638, 48.09875563400004], [-90.40322637099996, 48.10512263700008], [-90.37454935999995, 48.09095063700005], [-90.34424135099994, 48.094455640000035], [-90.31239334299994, 48.10530864400005], [-90.28934433499995, 48.099001644000055], [-90.143769293, 48.11264965700008], [-90.11626628299996, 48.10431165700004], [-90.07388026899997, 48.10114666000004], [-90.02360225099994, 48.08471666100007], [-90.01506424599995, 48.06719665900005], [-90.00845324399995, 48.068404660000056], [-89.99785923899998, 48.057575659000065], [-89.99305723299994, 48.02841265600006], [-89.977187228, 48.023509656000044], [-89.96826222299995, 48.01449065600008], [-89.95461221899996, 48.01152465600006], [-89.95059721799998, 48.015909657000066], [-89.93449621299999, 48.01563665800006], [-89.91534820399994, 47.994874657000025], [-89.89742119799996, 47.98760765700007], [-89.87125218899996, 47.98595365800003], [-89.84625118299994, 47.992725661000065], [-89.84219018299996, 48.002781663000064], [-89.83183217899995, 47.999408663000054], [-89.81980917799996, 48.01510766600006], [-89.79775117099996, 48.01451366800006], [-89.76397416199995, 48.022977671000035], [-89.72317114899994, 48.02048967400003], [-89.72405114799994, 48.01368367300006], [-89.71710914699997, 48.01718067400003], [-89.71591314499994, 48.009254673000044], [-89.70253514099994, 48.00633367300003], [-89.67380513299997, 48.01151867600004], [-89.66713512999996, 48.00742967600007], [-89.65705812699997, 48.00996267700003], [-89.65107212399994, 48.00363367600005], [-89.63800211999995, 48.003788677000045], [-89.63718012099997, 48.00931667800006], [-89.61787411499995, 48.01095568000005], [-89.61035811399995, 48.01778868100007], [-89.60782811199994, 48.00657468000003], [-89.58101410199998, 47.99590768000007], [-89.56429509799995, 48.002938682000035], [-89.48923307599995, 48.01453668900007], [-89.49535107599996, 48.00236468700007], [-89.54152808899994, 47.99284968200004], [-89.55156209099994, 47.987313681000046], [-89.55502208999997, 47.97485767900008], [-89.57232209499995, 47.96724667700005], [-89.58823709899997, 47.966208675000075], [-89.61141910899994, 47.98073967600004], [-89.62456611299996, 47.983161675000076], [-89.64013611599995, 47.96793867200006], [-89.63955211299998, 47.953598670000076], [-89.69762612899996, 47.94129666400005], [-89.79354615099999, 47.891366651000055], [-89.85396716699995, 47.87400564400008], [-89.92365618599996, 47.862070638000034], [-89.93085118799996, 47.85773163600004], [-89.92752718599996, 47.85083363600006], [-89.933906187, 47.846768635000046], [-89.97430319699998, 47.830522630000075], [-90.07203222299995, 47.81111362000007], [-90.07556622299995, 47.803311619000056], [-90.16079724799994, 47.79281561100004], [-90.18764325399997, 47.77813860700007], [-90.248801271, 47.772771602000034], [-90.32345329099996, 47.75377959400004], [-90.33269329299998, 47.746395593000045], [-90.43771932199996, 47.73162058300005], [-90.45837232699995, 47.72140858000006], [-90.53711234799994, 47.703063572000076], [-90.55129835099996, 47.69027457000004], [-90.73593439599995, 47.62435154700006], [-90.86827742599996, 47.556908529000054], [-90.90750143399998, 47.53288152300007], [-90.91425443399999, 47.52264752100007], [-90.93907943999994, 47.51454051800005], [-91.03295246, 47.45824450300006], [-91.04565346399994, 47.45653350200007], [-91.09757647299995, 47.41389649300004], [-91.12813847999996, 47.39962748800008], [-91.17004448699998, 47.36627448100006], [-91.18877948899996, 47.34009047600006], [-91.23866549799999, 47.304984467000054], [-91.26251950099999, 47.27929846200004], [-91.28848550699996, 47.26596845800003], [-91.32602651399998, 47.239001452000025], [-91.35781051899994, 47.206751445000066], [-91.41881253199995, 47.17216043600007], [-91.477358542, 47.125675425000054], [-91.49790954799994, 47.12258742400007], [-91.51880055199996, 47.10812942000007], [-91.57382456499994, 47.08992541400005], [-91.59151556699999, 47.06869240900005], [-91.62683157499998, 47.049961404000044], [-91.64457157699997, 47.026499400000034], [-91.66648458099996, 47.014305396000054], [-91.70465659099995, 47.00525439200004], [-91.78068260499998, 46.94588937900005], [-91.88324562899999, 46.90573636600004], [-91.91499163499998, 46.88384436100006], [-92.09409667299997, 46.78784733400005], [-92.08829666999998, 46.77364733300004], [-92.06449765799994, 46.74544733100004], [-92.02579664199999, 46.71084732800006], [-91.96189661799997, 46.682547329000045], [-91.94299561299994, 46.67994733000006], [-91.88697059799995, 46.69021933500005], [-91.79013956999995, 46.694683343000065], [-91.59069151899996, 46.75433936500008], [-91.51108449599997, 46.75746137100003], [-91.49243649199997, 46.766671374000055], [-91.44933447999995, 46.77331137800007], [-91.41180647199997, 46.78964838300004], [-91.368826459, 46.793844387000036], [-91.33825745399997, 46.81771239200003], [-91.30230244499995, 46.830351396000026], [-91.25671243299996, 46.83689540100005], [-91.23274042899999, 46.860043406000045], [-91.21165442399996, 46.86683240800005], [-91.20011441799994, 46.85402540700005], [-91.17829940999997, 46.844267407000075], [-91.16760840699999, 46.84476840800005], [-91.14017240299995, 46.87320941400003], [-91.13334440099999, 46.87034941400003], [-91.13495539999997, 46.85899441200007], [-91.10549739099997, 46.85762841400003], [-91.09657238799997, 46.86153841500004], [-91.09092338999994, 46.88267841900006], [-91.06822738199998, 46.87831742000003], [-91.05299837799998, 46.88133342100008], [-91.03989737599994, 46.88923842300005], [-91.03452537599998, 46.90306142600008], [-90.99515636599995, 46.91758543000003], [-90.96842636199995, 46.94391843600005], [-90.92181834699994, 46.93133043700004], [-90.87962833799997, 46.958096444000034], [-90.85588133099998, 46.96224044600007], [-90.83772332499996, 46.95744644700005], [-90.78561330499997, 46.926439446000074], [-90.75455929199995, 46.89827844400003], [-90.75103828899995, 46.887971443000026], [-90.77017729299996, 46.87630444000007], [-90.79894329399997, 46.82315143100004], [-90.82570329899994, 46.80386642600007], [-90.83561429999997, 46.78976742300006], [-90.85653830599995, 46.78889342200006], [-90.86354930699997, 46.78057342000005], [-90.859452305, 46.77399342000007], [-90.86234030499998, 46.76814341800008], [-90.88502830999994, 46.756349415000045], [-90.87040329999996, 46.72330141200007], [-90.85271129199998, 46.69959040900005], [-90.85383629099994, 46.693465408000066], [-90.88587629699998, 46.670382403000076], [-90.91128830399998, 46.66309140000004], [-90.92449430199997, 46.62542539400005], [-90.95148330599994, 46.59704138800004], [-90.94193730199999, 46.58842738700008], [-90.90982229199994, 46.58271138900005], [-90.87316128299994, 46.60123139400008], [-90.79478226299995, 46.62494940300007], [-90.75529425499997, 46.646297409000056], [-90.75650225799995, 46.66459941100004], [-90.74809725599994, 46.66982541200008], [-90.73726725599994, 46.69227541600003], [-90.55814818699997, 46.586392414000045], [-90.53796917999995, 46.581089414000076], [-90.50591617199996, 46.58962241800003], [-90.43760314699995, 46.56150041800004], [-90.41814314199996, 46.56610242000005], [-90.32763312099996, 46.60775243200004], [-90.30661611399995, 46.60274943300004], [-90.16403307699994, 46.64552344900005], [-90.10070205999995, 46.65514045500004], [-90.02839904099994, 46.674398462000056], [-89.91847301699994, 46.740332479000074], [-89.84865900399996, 46.795719492000046], [-89.79066998999997, 46.81847749900004], [-89.67338195599996, 46.83323750900007], [-89.63494494299994, 46.81949651000008], [-89.61933593799995, 46.81889851100004], [-89.51394490899997, 46.841843521000044], [-89.47154689599995, 46.83736752400006], [-89.41516087999997, 46.84399152800006], [-89.22792083199994, 46.91296255100008], [-89.20151782699998, 46.93115755500003], [-89.16825082199995, 46.96554456300004], [-89.12870481399995, 46.99260756900003], [-89.11834581099998, 46.994228570000075], [-89.10628380599996, 46.98648857000006], [-89.08674879999995, 46.98530657100008], [-89.02893678399994, 47.00114857700004], [-89.02300078199994, 46.99512857700006], [-88.99842377399995, 46.99532257800007], [-88.97280876699995, 47.002104581000026], [-88.94405176099997, 47.02013758600003], [-88.92449875799997, 47.04216459000003], [-88.90371275799998, 47.086169598000026], [-88.88914675599995, 47.10058360100004], [-88.84818274499997, 47.11507360600007], [-88.81484073899998, 47.14140761200008], [-88.76435772599996, 47.15577061700003], [-88.72969471899995, 47.18584262400003], [-88.67240170599996, 47.21914563200005], [-88.57400367999998, 47.24599764300007], [-88.50078666399997, 47.29351165500003], [-88.47773965999994, 47.31346865900008], [-88.45926865799998, 47.339911664000056], [-88.41867964999994, 47.371196671000064], [-88.32408962599999, 47.40355068200006], [-88.28520161599994, 47.42240068700005], [-88.23916760299994, 47.42997769200008], [-88.21843059899999, 47.44159369500005], [-88.21782859899997, 47.44874669600006], [-88.18182658899997, 47.457665699000074], [-88.04933254999997, 47.46979371000003], [-88.048083551, 47.474981711000055], [-88.04029754799996, 47.47600771100008], [-87.97894052999999, 47.47942871600003], [-87.80119047399995, 47.47330972700007], [-87.75674545799995, 47.46072572800006], [-87.71594844199996, 47.439824728000076], [-87.71242743599998, 47.40140872200004], [-87.75138644799995, 47.40507472000007], [-87.81537746499998, 47.384798713000066], [-87.85670647999996, 47.39539571200004], [-87.95706450999995, 47.387268704000064], [-87.96560450999993, 47.36865370100003], [-87.93879349799994, 47.346785700000055], [-87.94336649799999, 47.33590769800003], [-87.96861050499996, 47.33259069600007], [-88.01648451699998, 47.306283689000054], [-88.06009652899996, 47.295804684000075], [-88.09685753499997, 47.26135967700003], [-88.11746254099995, 47.255182674000025], [-88.16306554899995, 47.21628666600003], [-88.21236756299999, 47.20943166200004], [-88.22899356699997, 47.19905065900008], [-88.24201256799995, 47.174775655000076], [-88.24266656499998, 47.15843465200004], [-88.23217055999999, 47.14598365100005], [-88.24763456399995, 47.13598964900007], [-88.26297856999997, 47.14518264900005], [-88.28170757499998, 47.138220647000026], [-88.28904657599998, 47.12969764500008], [-88.28835357299994, 47.114555643000074], [-88.29763157399998, 47.09851364000008], [-88.34995858699995, 47.07638563300003], [-88.36763058399998, 47.01922162400007], [-88.41115159199995, 46.97799261500006], [-88.44390760099998, 46.97225961200007], [-88.45541059799996, 46.92332960400006], [-88.47586559899997, 46.886050597000064], [-88.48375459399995, 46.83173558900006], [-88.46235558099994, 46.786719584000025], [-88.48210558599999, 46.78263058200008], [-88.49707958799996, 46.76472457800003], [-88.49648558699994, 46.75650257700005], [-88.47640157999996, 46.74949957700005], [-88.45501057499996, 46.75935158000004], [-88.43384157299994, 46.793510586000025], [-88.38546856399995, 46.83437559600003], [-88.38205856399998, 46.84544559700004], [-88.40405057099997, 46.847806596000055], [-88.38973356999998, 46.86710860000005], [-88.37268756499998, 46.872285602000034], [-88.36877356199994, 46.857321600000034], [-88.34951155599998, 46.86060860200007], [-88.24444353399997, 46.92962061900005], [-88.14369450799995, 46.96667363100005], [-88.13288250399995, 46.96221263100006], [-88.15012050699994, 46.94363862700004], [-88.21200652099998, 46.90904061800006], [-88.24266752699998, 46.88508561200007], [-88.28283553199998, 46.83202060200006], [-88.28342953099997, 46.82299560100006], [-88.267703526, 46.821709601000066], [-88.24195452299995, 46.860063609000065], [-88.17520350899997, 46.90458862000003], [-88.08187648199998, 46.92046662800004], [-88.00430445699999, 46.90699063100004], [-87.90034542499995, 46.909694638000076], [-87.87454441499995, 46.89258663800007], [-87.84620140499999, 46.88391363800008], [-87.81680039699995, 46.89116264100005], [-87.77693638199997, 46.87673464200003], [-87.77681038099996, 46.86683164000004], [-87.76599537699997, 46.86132464000008], [-87.74102036999994, 46.86525564200008], [-87.73433136399996, 46.83696363800004], [-87.72736435999997, 46.827664637000055], [-87.69459634999998, 46.827190640000026], [-87.68570434799994, 46.83253864100004], [-87.68717034999997, 46.84175064200008], [-87.68067434799997, 46.84250464300004], [-87.67454734499995, 46.836972642000035], [-87.67202134199994, 46.82042364000006], [-87.65151633499994, 46.81241964000003], [-87.63330632899994, 46.81211564100005], [-87.60799431799995, 46.78841663900005], [-87.59531331299996, 46.78295863900007], [-87.58275130199996, 46.730535632000056], [-87.52331427799999, 46.68849663000003], [-87.52445027699997, 46.677594628000065], [-87.50303126699998, 46.647505625000065], [-87.46797125399996, 46.63563162600008], [-87.46411424999997, 46.61481962300007], [-87.45137424499995, 46.60593162200007], [-87.41117323199995, 46.60167762400005], [-87.40328122899996, 46.59522362400003], [-87.38396722199997, 46.59307862500003], [-87.38165521999997, 46.58006762300005], [-87.39283422199998, 46.570860621000065], [-87.37561921399998, 46.54714861800005], [-87.39030621799998, 46.54258561700004], [-87.39399121799994, 46.53319161500008], [-87.36677320599995, 46.50731161300007], [-87.31076118599998, 46.492025614000056], [-87.25873816999996, 46.48826361700003], [-87.20241015299996, 46.49083562100003], [-87.17507114499995, 46.497556624000026], [-87.12744612999995, 46.49402262600006], [-87.10756512399996, 46.496132628000055], [-87.07728511699997, 46.515347632000044], [-87.00873009799994, 46.532731639000076], [-86.97696408799999, 46.526589640000054], [-86.96454008199998, 46.51655764000003], [-86.94698607299995, 46.484575636000045], [-86.94708307099995, 46.47207263400003], [-86.92773106399994, 46.46457463400003], [-86.90374805699997, 46.466146636000076], [-86.88910005099996, 46.458507636000036], [-86.88392504799998, 46.44152263400008], [-86.85011703599997, 46.43412263500005], [-86.81603202599996, 46.43790063700004], [-86.80356302599995, 46.466677642000036], [-86.78791102299994, 46.47773764500005], [-86.76852201699995, 46.47908064600006], [-86.73593500599998, 46.47523964800007], [-86.71057899399995, 46.444916645000035], [-86.69814498999995, 46.43863264500004], [-86.68641798799996, 46.45497364800008], [-86.68382499299997, 46.49808765500006], [-86.701935, 46.51157965500005], [-86.70933100699995, 46.54392266000008], [-86.67818799899999, 46.56104766400006], [-86.67093299699997, 46.55649766400006], [-86.65287099199998, 46.560563666000064], [-86.62738597999999, 46.53371866300006], [-86.63211497799995, 46.50887365900007], [-86.64639897999996, 46.48578465500003], [-86.62744697299996, 46.47754865500008], [-86.60939896899998, 46.49298465800007], [-86.60904496599994, 46.47024765500004], [-86.58617395799996, 46.463332655000045], [-86.55773695199997, 46.487442661000046], [-86.49505993799994, 46.52488267000007], [-86.46931193299997, 46.55143067600005], [-86.43717292299993, 46.54896867800005], [-86.34989589899999, 46.57804368700005], [-86.16168685299994, 46.669483713000034], [-86.13830084599994, 46.67294371500003], [-86.11986783799995, 46.657264714000064], [-86.09984883099997, 46.65462371400008], [-85.87791376699994, 46.690922734000026], [-85.75061172499994, 46.67737673900007], [-85.66875869999996, 46.68041274500007], [-85.58735067299995, 46.67463574900006], [-85.50951564899998, 46.67579475400004], [-85.36981060999994, 46.71376276800004], [-85.25686557899996, 46.75338878100007], [-85.17304755399994, 46.76364278700004], [-85.06356151899996, 46.75786479300007], [-84.98950249699999, 46.77241180000004], [-84.95401448599995, 46.771370802000035], [-85.00762149699995, 46.72834779200008], [-85.02751849999999, 46.69745978600008], [-85.03706149099997, 46.60100377100008], [-85.02549647999996, 46.54640576300005], [-85.04553948499995, 46.53770276100005], [-85.05613848699994, 46.52652875800004], [-85.04985248299994, 46.503971755000066], [-85.02560347199994, 46.48303675300008], [-84.96946945399998, 46.47629875600006], [-84.93715044499999, 46.489260760000036], [-84.93443744299998, 46.480323758000054], [-84.92193643799999, 46.469970757000056], [-84.89342842799994, 46.465414758000065], [-84.86145341899999, 46.46993876100004], [-84.84391241099996, 46.44866975900004], [-84.82949640599998, 46.44407975900003], [-84.76915638799994, 46.45353176400005], [-84.67842836299997, 46.48770277500006], [-84.65388535499994, 46.48225877500005], [-84.63102534799998, 46.48487677700007], [-84.60795033699998, 46.456755774000044], [-84.59187933099997, 46.445332773000075], [-84.60423033299998, 46.43178277000004], [-84.59626832799995, 46.41515276800004], [-84.58331432399996, 46.413513769000076], [-84.55150131499994, 46.418530771000064], [-84.50372430199997, 46.43919877700006], [-84.47185329099995, 46.43429777800003], [-84.45553228899996, 46.45390578200005], [-84.45526128999995, 46.46279378400004], [-84.46332729299996, 46.46744378400007], [-84.44515428999995, 46.48902478900004], [-84.42027928299996, 46.501085792000026], [-84.39473027499997, 46.499250793000044], [-84.37397326999996, 46.509106796000026], [-84.34360425999995, 46.507721797000045], [-84.29302124199995, 46.49281179800005], [-84.27581923599996, 46.49282979900005], [-84.25443923099994, 46.500829801000066], [-84.22613622599994, 46.53392880800004], [-84.19373421599994, 46.53992881100004], [-84.17743320899996, 46.52692881000007], [-84.12893019399996, 46.530127813000036], [-84.11123018599994, 46.50412781000006], [-84.14617718599999, 46.41852879500004], [-84.13891117799994, 46.37222978800003], [-84.10625216199998, 46.32197178200005], [-84.11963416499998, 46.31502178000005], [-84.11556815899996, 46.26823377300008], [-84.09777115099996, 46.256520773000034], [-84.11818015499995, 46.23397676800005], [-84.13465715999996, 46.23214876700007], [-84.14715516299998, 46.224192765000055], [-84.159490168, 46.23324176500006], [-84.21949918699994, 46.23200076200004], [-84.24916919299994, 46.20646975600005], [-84.24523818999995, 46.192579754000064], [-84.25142918999995, 46.17589675100004], [-84.22100617899997, 46.16307075100008], [-84.19667417199997, 46.16615875300005], [-84.17730316799998, 46.18400175700003], [-84.12502715099998, 46.18021775900007], [-84.11494614699996, 46.174122759000056], [-84.09582313799996, 46.14774175600007], [-84.06038812599996, 46.146146757000054], [-84.02654111399994, 46.13165675700003], [-84.03104111399995, 46.12319475600003], [-84.03870111699996, 46.12562875500004], [-84.06133412299994, 46.113490752000075], [-84.07174612399996, 46.092449748000035], [-84.02786610499999, 46.05479274500004], [-83.98953109099995, 46.03283174400008], [-83.96381308199994, 46.02784174400006], [-83.94393807599994, 46.031473746000074], [-83.93118006999998, 46.01787974500007], [-83.90858806299997, 46.01147974500003], [-83.90054005899998, 45.99892674300003], [-83.86823804799997, 45.995083745000045], [-83.84540404399996, 46.02568775100008], [-83.83015103899999, 46.02233275100008], [-83.81820703299996, 46.00243374900003], [-83.79406002399998, 45.995809749000045], [-83.77644101999994, 46.00421075100007], [-83.76528201799994, 46.01837175400004], [-83.76523801999997, 46.03194375600003], [-83.77379002499998, 46.051479759000074], [-83.79656003199995, 46.056696758000044], [-83.81252503899998, 46.07347776000006], [-83.82404104699998, 46.103646764000075], [-83.81241504399998, 46.10860676600004], [-83.77182602899995, 46.09100776500003], [-83.72817001499999, 46.090965768000046], [-83.71979601299995, 46.10103977000006], [-83.70386600799998, 46.10337477100006], [-83.66116599499998, 46.100266773000044], [-83.63498498699994, 46.10396177500007], [-83.59861697399998, 46.09009377500007], [-83.58131996799995, 46.08962177600006], [-83.57257896299996, 46.06990377300008], [-83.55406395599994, 46.05889077300003], [-83.54720695199995, 46.04787677100006], [-83.54084994699997, 46.02125576700007], [-83.53291794399996, 46.011336766000056], [-83.48064392499998, 45.996172767000076], [-83.47322592099994, 45.98443076500007], [-83.48881392499999, 45.968748762000075], [-83.51062792699997, 45.92933275400003], [-83.52635193099997, 45.918644752000034], [-83.56184294099995, 45.912570749000054], [-83.63221896599998, 45.93229574800006], [-83.65766497499999, 45.945471749000035], [-83.68769998399995, 45.935397745000046], [-83.74278300199995, 45.93801074300006], [-83.76885900899998, 45.93207774000007], [-83.80104501999995, 45.93759073900003], [-83.80815202299993, 45.94570174000006], [-83.83551003099996, 45.941851738000025], [-83.84087403399997, 45.95273474000004], [-83.88106004899998, 45.96819374000006], [-83.91084305799995, 45.96562173800004], [-83.92126205999995, 45.95808373600005], [-83.98514608199997, 45.96714173400005], [-84.01757009099998, 45.95905473000005], [-84.08007611199997, 45.970830729000056], [-84.09039611499998, 45.96726472800003], [-84.11117912299994, 45.97868372800008], [-84.17225514099994, 45.96608072300006], [-84.23817916099995, 45.96760371900007], [-84.25495716499995, 45.95607671600004], [-84.33002618899997, 45.95625571200003], [-84.37643420099994, 45.93197070600007], [-84.42869421999995, 45.95837970700006], [-84.44314322699995, 45.977871709000055], [-84.46313323299995, 45.96893370600003], [-84.48044123899996, 45.97777270700004], [-84.48401424099995, 45.988258708000046], [-84.50720624899998, 45.99117770700008], [-84.51412825099999, 45.987250706000054], [-84.51407624899997, 45.97130070400004], [-84.53239725399999, 45.96945670300005], [-84.53343125899994, 46.00572870800005], [-84.54441026499995, 46.02286871000007], [-84.56389627199997, 46.03246771100004], [-84.60906828499998, 46.02642670700004], [-84.65657230299996, 46.05266270800007], [-84.67584030899997, 46.04601770600004], [-84.69274031199996, 46.027027702000055], [-84.68525930299995, 45.973462694000034], [-84.72304431399994, 45.96728769100008], [-84.73885431599996, 45.94580068700003], [-84.73304631299999, 45.932845685000075], [-84.71361930499995, 45.92037468400008], [-84.71325630499996, 45.91605568400007], [-84.73400730999998, 45.90703468100003], [-84.72128130199997, 45.87391667700007], [-84.70118829399996, 45.853100674000075], [-84.72084129899997, 45.84811567300005], [-84.72573929899994, 45.837053671000035], [-84.74699030599999, 45.835605669000074], [-84.83140133699999, 45.87204667000003], [-84.84224834299994, 45.89820267300007], [-84.91748937099999, 45.930678674000035], [-84.93713937999996, 45.95595767700007], [-84.973561395, 45.98614267900007], [-85.01399541099994, 46.01078268100008], [-85.10290444099996, 46.032496679000076], [-85.14084045499999, 46.04960967900007], [-85.19752847199999, 46.04488667500004], [-85.22251648199995, 46.060697676000075], [-85.26639049599999, 46.06578767500008], [-85.33591652099994, 46.09260367500008], [-85.35621952799994, 46.09209467300008], [-85.38139953399997, 46.08205267000005], [-85.39383753999994, 46.095473672000026], [-85.41206954599994, 46.10144567100008], [-85.44193755499998, 46.095801669000025], [-85.44699555499994, 46.08517266700005], [-85.480608567, 46.096387667000045], [-85.50010557299998, 46.09694866500007], [-85.54086358399996, 46.07958966000007], [-85.60379059699994, 46.030371649000074], [-85.61771459899995, 46.008466645000055], [-85.66397160799994, 45.96702163600003], [-85.697208618, 45.96016663200004], [-85.81044765599995, 45.98009562900006], [-85.84240966399994, 45.965255625000054], [-85.89320167999995, 45.96726162200008], [-85.92274268699998, 45.94829561700004], [-85.92602268599995, 45.93211261400006], [-85.91026967899995, 45.92212061400005], [-85.91377467999996, 45.919447613000045], [-85.99887371099999, 45.95097661300008], [-86.07207273499995, 45.965321611000036], [-86.12357275099998, 45.96475660800007], [-86.15942076099998, 45.95377360400005], [-86.20826077699996, 45.96298660200006], [-86.22055177999994, 45.95889160100006], [-86.23361878299994, 45.94581059800004], [-86.25477378999994, 45.948648597000044], [-86.27801279599998, 45.94206559500003], [-86.32423780599999, 45.90608858600007], [-86.33263080199998, 45.85182157700007], [-86.34913980499994, 45.834168574000046], [-86.35506780299994, 45.805363569000065], [-86.35166380099997, 45.798140568000065], [-86.36992380499998, 45.78926256500006], [-86.41597681999997, 45.793801563000045], [-86.428428823, 45.78559556100004], [-86.42829982199999, 45.77562856000003], [-86.43966682399997, 45.760677557000065], [-86.47905583499994, 45.75742455400007], [-86.486033836, 45.746616552000035], [-86.50422184299998, 45.75423855200006], [-86.51457584599996, 45.752345551000076], [-86.52517184499999, 45.720805545000076], [-86.53726384699996, 45.70836954300006], [-86.57063285799995, 45.71642054200004], [-86.58094186099999, 45.71192854100008], [-86.58585286199997, 45.70493053900003], [-86.58753385699998, 45.66646453300007], [-86.61131186499995, 45.669741532000046], [-86.62794386899998, 45.65930153000005], [-86.61689885899995, 45.60680452200006], [-86.63322986599997, 45.61825752300007], [-86.64844486999993, 45.616000522000036], [-86.68721388399996, 45.63426152200003], [-86.69528088799996, 45.648183524000046], [-86.70804389199998, 45.64921052300008], [-86.71819689899996, 45.67732852700004], [-86.70518989699997, 45.690909530000056], [-86.68910789099994, 45.687870530000055], [-86.67618988799995, 45.69187053200005], [-86.66568288599996, 45.702225534000036], [-86.67148588999999, 45.72053853600005], [-86.66276788799996, 45.72897253800005], [-86.64732488399994, 45.73262654000007], [-86.63314388199996, 45.74766254300005], [-86.631023885, 45.78202754800003], [-86.61734188099996, 45.78354655000004], [-86.59766687399997, 45.77539354900006], [-86.58339686999994, 45.77825055100004], [-86.57687486899994, 45.78851055300004], [-86.58176487199995, 45.79480555300006], [-86.57686387099994, 45.801481555000066], [-86.55722086599997, 45.80818055700007], [-86.55519186799995, 45.83170456100004], [-86.53883686399996, 45.840091563000044], [-86.52822986299998, 45.856982566000056], [-86.52957886599995, 45.87498256900005], [-86.54146987099995, 45.890242571000044], [-86.56772487999996, 45.900508571000046], [-86.58330988499995, 45.89879256900008], [-86.60329888799998, 45.876634565000074], [-86.62574189399999, 45.86830356200005], [-86.63317389599996, 45.86007656000004], [-86.63248389299997, 45.84331755800008], [-86.64600389599997, 45.83389655600007], [-86.72111892099997, 45.84543955300006], [-86.74964393299996, 45.86780455400003], [-86.78208594199998, 45.86020355100004], [-86.78226493799997, 45.82995854700005], [-86.77723093599997, 45.82719154600005], [-86.77328493299996, 45.811393544000055], [-86.80148193699995, 45.78003553800005], [-86.82152894199999, 45.770364535000056], [-86.82181994099994, 45.75717253300007], [-86.83866394399996, 45.74183953000005], [-86.83875194199999, 45.722315527000035], [-86.87039794999998, 45.710095523000064], [-86.89534795799995, 45.711472521000076], [-86.92106596399998, 45.697876518000044], [-86.94416397099997, 45.69584151600003], [-86.96428097399996, 45.67276951100007], [-86.96977097799999, 45.691903514000046], [-86.98135498199997, 45.69647151400005], [-86.98459398399996, 45.70582051500003], [-86.97522998799997, 45.753138523000075], [-86.98844399899997, 45.810629531000075], [-87.00508600699999, 45.83172653300005], [-87.01890801199994, 45.83889453300003], [-87.03144101499998, 45.83724653200005], [-87.03984801799999, 45.83425353100006], [-87.05744501999999, 45.81249152700008], [-87.05813301599994, 45.77916052200004], [-87.06430801599998, 45.75883651800007], [-87.05291401099998, 45.74799151700006], [-87.07044801199999, 45.71878751200006], [-87.05953900799994, 45.708505511000055], [-87.09546101799998, 45.701047507000055], [-87.11164402099996, 45.68591350400004], [-87.17224703699998, 45.66179649700007], [-87.19685804099998, 45.63628349100003], [-87.26349405099995, 45.55204047400008], [-87.30612805399994, 45.47552146000004], [-87.33315305899998, 45.447216454000056], [-87.32775505499995, 45.425315451000074], [-87.35951806099996, 45.39983744500006], [-87.36437406099998, 45.38854044300007], [-87.39250606699994, 45.36903643800008], [-87.39997906699995, 45.34933043400008], [-87.43169007299997, 45.31639142700004], [-87.43891407199999, 45.29341342300006], [-87.54897009299998, 45.191599401000076], [-87.58565710099998, 45.166402394000045], [-87.60080210299998, 45.146850390000054], [-87.61202510399994, 45.12338538600005], [-87.61007910199999, 45.114149385000076], [-87.58715309199994, 45.08950338200003], [-87.61040109699996, 45.07562537900003], [-87.62575409799996, 45.04516537300003], [-87.63030409099997, 44.97687336200005], [-87.76687813099994, 44.965262352000025], [-87.81953114599997, 44.951117346000046], [-87.83903414899999, 44.93172634200005], [-87.84272514799994, 44.91208533900004], [-87.82775714099995, 44.891237337000064], [-87.83277014099997, 44.88094733500003], [-87.84833014499998, 44.87044833200008], [-87.86624314599999, 44.84048932600007], [-87.90114315499994, 44.82737332200003], [-87.94145915899998, 44.75608830800007], [-87.96472016399997, 44.74357830500003], [-87.98350016699999, 44.720204300000034], [-87.99011616299998, 44.66846329200007], [-88.00209116599996, 44.66404329000005], [-88.00977216499996, 44.63708928500006], [-87.99872215799996, 44.60929628200006], [-88.00194915899993, 44.603917281000065], [-88.01240116199995, 44.60244628000004], [-88.02710916299998, 44.579000275000055], [-88.03610916599996, 44.57680027400005], [-88.04242016599994, 44.56659727200008], [-88.00552415199996, 44.539224270000034], [-87.97070813999994, 44.530300271000044], [-87.94380713199996, 44.52970127300006], [-87.92900712899996, 44.53600127400006], [-87.89889412399998, 44.57414328200008], [-87.90118512599997, 44.58455328400004], [-87.86689011899995, 44.60844229000003], [-87.80882510399994, 44.636346298000035], [-87.77516609499997, 44.63928930000003], [-87.75603708999995, 44.64913730300003], [-87.74841508999998, 44.66713030600005], [-87.71978608399996, 44.69325431200008], [-87.72089508799996, 44.724556317000065], [-87.61006906899996, 44.83839234200008], [-87.58131206199994, 44.851799345000074], [-87.55029405199997, 44.85129834700007], [-87.53100504699995, 44.857445349000045], [-87.51514804399994, 44.86960435200007], [-87.47849503199996, 44.86358035400008], [-87.43709002299994, 44.89272636100003], [-87.42033301699996, 44.88760436100006], [-87.41995701599996, 44.87594835900006], [-87.41002101099997, 44.86199835700006], [-87.38482700399999, 44.86554036000007], [-87.38540200699998, 44.88997236300003], [-87.40620501499995, 44.90449836400006], [-87.40501101499996, 44.911814366000044], [-87.36029401099995, 44.987651380000045], [-87.32212300499998, 45.03420939000006], [-87.26488299299996, 45.081369401000075], [-87.25745499599998, 45.121652408000045], [-87.24031399299997, 45.13789441100005], [-87.24292999499994, 45.14938541300006], [-87.23822999599997, 45.16726741600007], [-87.22197699199995, 45.17504741800008], [-87.21437598799997, 45.165743417000044], [-87.19521898199997, 45.16311841800007], [-87.17507397699995, 45.173058421000064], [-87.16317497499995, 45.18533942300007], [-87.13303596699996, 45.19285142600006], [-87.11997796199995, 45.19111142700007], [-87.12282496699999, 45.223005432000036], [-87.10874896699994, 45.25701143800006], [-87.07832195899994, 45.26573144100007], [-87.05763295599996, 45.292846446000055], [-87.04390095099996, 45.284775446000026], [-87.01704194399997, 45.29926245000007], [-86.99411793699994, 45.29806945100006], [-86.98336093299997, 45.29537645100004], [-86.97036092699994, 45.27846345000006], [-86.98440392999998, 45.26437444600003], [-86.98267492799994, 45.24912544400007], [-86.97302792399995, 45.246407444000056], [-86.98597892399994, 45.215880439000045], [-87.00281192899996, 45.21178143700007], [-87.00754593199997, 45.222135438000066], [-87.03255193899997, 45.22228243700005], [-87.04091494099998, 45.21154343500007], [-87.04523093599994, 45.15840942600005], [-87.02885292899998, 45.14637842500008], [-87.04575393299996, 45.13499542200003], [-87.05434793399996, 45.11997642000006], [-87.04821892799998, 45.08913241500005], [-87.07955793499997, 45.07079141000003], [-87.08187193499998, 45.059111408000035], [-87.09164493699996, 45.055153407000034], [-87.12116194699996, 45.05831940600007], [-87.13938994699998, 45.01257339800003], [-87.16353495299995, 45.004898395000055], [-87.18941295699994, 44.96864038800004], [-87.18838095399997, 44.94808538400008], [-87.17524594899999, 44.939761384000064], [-87.17170594699996, 44.931484383000054], [-87.21598295699994, 44.90660537600007], [-87.21720095699999, 44.897847375000026], [-87.20629095199996, 44.88593637400004], [-87.20455094999994, 44.87560137200006], [-87.26744696599997, 44.84685936400007], [-87.28256696699998, 44.81473735800006], [-87.30482997199994, 44.80461135500008], [-87.31375697299995, 44.79377435300006], [-87.320402974, 44.78497135100008], [-87.31898797199995, 44.77134334900006], [-87.35379497499997, 44.70192333600005], [-87.40163498099997, 44.631199321000054], [-87.43749898899995, 44.60507931500007], [-87.46809899199997, 44.551933305000034], [-87.51797098799995, 44.39436427700008], [-87.51760298599999, 44.37570427400004], [-87.54538798799996, 44.32139326300006], [-87.54116098299994, 44.29315125900007], [-87.50842496599995, 44.229677251000055], [-87.51290896299997, 44.192816245000074], [-87.53994596799998, 44.15969823800003], [-87.56318697299997, 44.14420323400003], [-87.60088798299995, 44.13170323000003], [-87.64658899299997, 44.10470222300006], [-87.65518899299997, 44.08190221800004], [-87.65608898999994, 44.05180221400008], [-87.68336699499997, 44.020147207000036], [-87.69892599299999, 43.965944197000056], [-87.71904699599997, 43.937789191000036], [-87.73602299399994, 43.873729180000055], [-87.72870398899994, 43.85253217700006], [-87.72641298399998, 43.81045317000007], [-87.70025697099999, 43.767358165000076], [-87.70989096999995, 43.735803159000056], [-87.70269096299995, 43.68760415200006], [-87.79014097499999, 43.563062126000034], [-87.79761397299995, 43.527318120000075], [-87.79324496799995, 43.492791115000045], [-87.80780496899996, 43.46114410900003], [-87.87250997899997, 43.38018609200003], [-87.88239797899996, 43.352107086000046], [-87.88921297599995, 43.30766007900007], [-87.91179297699995, 43.250414068000055], [-87.89629196599998, 43.19711606000004], [-87.88109095899995, 43.17061705700007], [-87.90029096099994, 43.13731805000003], [-87.90049095999996, 43.125918048000074], [-87.87608994999994, 43.099019045000034], [-87.86648994399997, 43.07442004200004], [-87.87018994399995, 43.06442004000007], [-87.89508994899995, 43.04232103500004], [-87.89578994599998, 43.01582203000004], [-87.88768894199995, 43.000522028000034], [-87.85718793099994, 42.97802302600007], [-87.84518692599994, 42.962023024000075], [-87.84778591899999, 42.88922401200006], [-87.82328390599997, 42.83532600400008], [-87.76668088299994, 42.78490399900005], [-87.78217988399996, 42.747726992000025], [-87.77863288099996, 42.727306989000056], [-87.78237987999995, 42.70822698600006], [-87.80307988299995, 42.675426979000065], [-87.81967988099996, 42.615827968000076], [-87.81087887599995, 42.58732796400005], [-87.81227886999994, 42.52982795400004], [-87.79807685999998, 42.47172894500005], [-87.80537585299999, 42.38472893000005], [-87.81653485399994, 42.363823926000066], [-87.82376085599998, 42.36187892500004], [-87.83099185499998, 42.33032491900008], [-87.83477485299994, 42.30152991400007], [-87.82857484799996, 42.26992990900004], [-87.80007183299995, 42.20803190000004], [-87.74166780799999, 42.128234890000044], [-87.71096579599998, 42.09533588600004], [-87.68236478499995, 42.07573688400004], [-87.67146777999994, 42.058341882000036], [-87.66898777599994, 42.029149877000066], [-87.63095875599998, 41.933139863000065], [-87.62405775099995, 41.90423985800004], [-87.61166474599997, 41.89222385700003], [-87.61625674499999, 41.868940853000026], [-87.60945574099998, 41.84524084900005], [-87.56065171799997, 41.766041838000035], [-87.53075070799997, 41.74824283700008], [-87.52404970199996, 41.70834283000005], [-87.52054970099994, 41.709942831000035], [-87.50534869499995, 41.69154282800008], [-87.47074768299996, 41.67284282700007], [-87.44972767799999, 41.68422183000007], [-87.41582166799998, 41.68819083300008], [-87.40057266199995, 41.677611832000025], [-87.42115766699999, 41.65952382800003], [-87.43894667199999, 41.65434282600006], [-87.42344566599996, 41.64284282500006], [-87.36544464699995, 41.62954382500004], [-87.27844262099995, 41.619743828000026], [-87.18765659499996, 41.62966083500004], [-87.16063058799995, 41.637273838000056], [-87.160789589, 41.64539283900007], [-87.12584057899994, 41.65030984200007], [-87.12032757699995, 41.64570884200003], [-87.02789355199997, 41.674668852000025], [-86.93483552799995, 41.70964586300005], [-86.90913552199999, 41.72694586700004], [-86.82483349999995, 41.76024787800003], [-86.67936046499995, 41.84480090000005], [-86.61944745199997, 41.893834912000045], [-86.59790444799995, 41.91829891700007], [-86.55642644399995, 42.00004993400006], [-86.50132743599994, 42.08454795100005], [-86.48522843399996, 42.11824695800004], [-86.40415141799997, 42.19638697600004], [-86.35622340899994, 42.25417398800005], [-86.29717340199994, 42.35821500900005], [-86.28497440199999, 42.401822018000075], [-86.26157839999996, 42.443902026000046], [-86.22561840399999, 42.59477305400003], [-86.22905540899995, 42.63770106100003], [-86.21602540799995, 42.664421066000045], [-86.20683941099998, 42.71943207600003], [-86.21074242599997, 42.85913610000006], [-86.22631044399998, 42.98829212100003], [-86.25465146299996, 43.08341713500005], [-86.28076147599995, 43.136023142000056], [-86.40783753599999, 43.33844416900007], [-86.43512954999994, 43.396710177000045], [-86.47928157599995, 43.515343194000025], [-86.52951259999998, 43.593470205000074], [-86.53850260499996, 43.61750920800006], [-86.54079260899994, 43.644601212000055], [-86.52918460899997, 43.677897218000055], [-86.46155959599997, 43.74669323400008], [-86.44512859399998, 43.77157223900008], [-86.43104859399995, 43.81598324700008], [-86.43392059899998, 43.85561625300005], [-86.46314162099998, 43.97098427000003], [-86.50883264199996, 44.03276327800006], [-86.51470764599998, 44.058127282000044], [-86.50045864399993, 44.075615285000026], [-86.44688863099998, 44.10597829300008], [-86.42111362599996, 44.12948829900006], [-86.36285261699999, 44.20812131500003], [-86.34379861599996, 44.249616323000055], [-86.32729261199995, 44.26306532600006], [-86.30026960899994, 44.308205335000025], [-86.26871560399996, 44.34533234300005], [-86.24808860599995, 44.42095435600004], [-86.25184861099996, 44.451640361000045], [-86.24891961299994, 44.483012366000025], [-86.23874861199994, 44.50169037000006], [-86.22070261399995, 44.56675038100008], [-86.22545561899994, 44.59459838500004], [-86.25903463699996, 44.663662395000074], [-86.25500163899994, 44.69194339900008], [-86.23248763399994, 44.70605840300004], [-86.17220661699997, 44.72063140900008], [-86.16027361399995, 44.72819741100005], [-86.12113060199994, 44.72798041300007], [-86.08919159399994, 44.741504417000044], [-86.07351159199999, 44.76981142200003], [-86.07175159599996, 44.80472542800004], [-86.06597159599994, 44.82153043100004], [-86.07247360499997, 44.88479644100005], [-86.06675060599997, 44.905693445000054], [-86.03833759799994, 44.91570444800004], [-86.02151859199995, 44.90278244700005], [-85.99254058299994, 44.90003444800004], [-85.98022457999997, 44.906144450000056], [-85.96717457799997, 44.92949245400007], [-85.93160557199997, 44.96879646300005], [-85.89763156099997, 44.96202246300004], [-85.86985754899996, 44.93903946100005], [-85.83615553899995, 44.94026446400005], [-85.80740853099996, 44.94982246700005], [-85.78044452599994, 44.97794047300005], [-85.77140052799996, 45.01518947900007], [-85.74644952399996, 45.05123748700004], [-85.69572051199998, 45.07646949400004], [-85.68110150899997, 45.092701497000064], [-85.67486650999996, 45.11622450100003], [-85.65602950799996, 45.14579650700006], [-85.61864450099995, 45.18677951600006], [-85.60696849599998, 45.178485515000034], [-85.58599148999997, 45.18038951700004], [-85.56465948499994, 45.192554520000044], [-85.55107748299997, 45.21075052300006], [-85.54050247899994, 45.21017752400007], [-85.52673947299996, 45.18932452100006], [-85.53146647299997, 45.17725551900003], [-85.55218447799996, 45.16736051600003], [-85.56390547999996, 45.15436951400005], [-85.59980649099998, 45.14929451100005], [-85.61432449299997, 45.12757050600004], [-85.58320347599994, 45.071312499000044], [-85.57335847299998, 45.06839049900003], [-85.56607146999994, 45.05920949800003], [-85.56613546799997, 45.04364149600008], [-85.57398146999998, 45.043369495000036], [-85.57980247299997, 45.05515349700005], [-85.59005947599996, 45.052152496000076], [-85.59718647699998, 45.040555494000046], [-85.59965747599995, 45.02175749000003], [-85.62983448299997, 45.002491486000054], [-85.64932348599996, 44.97408248000005], [-85.63351847999996, 44.96685148000006], [-85.60430647399994, 44.99099148500005], [-85.60203946499996, 44.92675147500006], [-85.62550247199994, 44.92111547300004], [-85.64546147399994, 44.883653466000055], [-85.65236047199994, 44.849100460000045], [-85.65144046999995, 44.83163245700007], [-85.63700546099994, 44.790086451000036], [-85.64078645999996, 44.775569449000045], [-85.62798745499998, 44.76751644800004], [-85.59357644499994, 44.76879145000004], [-85.58172244599996, 44.80779245700006], [-85.54589644099997, 44.86403246800006], [-85.53293643799998, 44.873198470000034], [-85.53065443899999, 44.88977147300005], [-85.55952944799998, 44.888121471000034], [-85.56451445, 44.89525447200003], [-85.53355844399994, 44.92577047900005], [-85.52021044399999, 44.960355485000036], [-85.52003944599994, 44.97400448700006], [-85.49260543899999, 44.98984249200004], [-85.47520943399996, 44.991061493000075], [-85.46494942699996, 44.961070488000075], [-85.48574543299998, 44.953634486000055], [-85.49249542999996, 44.90822847800007], [-85.48862942799997, 44.90171547800003], [-85.50218742699997, 44.85581046900006], [-85.50862242799997, 44.84788046800003], [-85.53992943599997, 44.83417446400006], [-85.55589943899997, 44.81826446000008], [-85.56049343699993, 44.789687455000035], [-85.57657143899996, 44.76021645000003], [-85.55433143, 44.74875244900005], [-85.52722142199997, 44.748243451000064], [-85.50478041699995, 44.76809045500005], [-85.50925642099998, 44.78734245800007], [-85.49959641999999, 44.803846461000035], [-85.46292141099997, 44.82507546700003], [-85.46045041099995, 44.83567546900008], [-85.42580940599998, 44.88165447800003], [-85.42300840699994, 44.89502748000007], [-85.40617840299996, 44.91178148400007], [-85.39580540199995, 44.93102648800004], [-85.37829140499997, 44.99859550000008], [-85.38066441099994, 45.04632750700006], [-85.36641740899995, 45.06903151100005], [-85.36691341499994, 45.11694651900007], [-85.37695342099994, 45.142889523000065], [-85.380469426, 45.180884529000025], [-85.38673142899995, 45.189505530000076], [-85.38859843499995, 45.235248537000075], [-85.37159843399996, 45.27084254300007], [-85.30765141899997, 45.313148554000065], [-85.26300140599994, 45.319515557000045], [-85.25219840399996, 45.33087156000005], [-85.19670938999997, 45.36064956800004], [-85.14365637499998, 45.37037757200005], [-85.03281833899996, 45.361259577000055], [-84.95912431799997, 45.375981584000044], [-84.91585530699996, 45.39312358900003], [-84.91296130799998, 45.40978459200005], [-84.92201131199994, 45.42192259300003], [-84.98095833099995, 45.42939059100007], [-84.99498033499998, 45.423408590000065], [-85.04094135099996, 45.43670958900003], [-85.08839136999995, 45.47693659300006], [-85.11548438599993, 45.53941460100003], [-85.11864239099998, 45.57518360600005], [-85.07953338399994, 45.61709161500005], [-85.07491538399995, 45.629250617000025], [-85.06149338099993, 45.63951362000006], [-85.00703136599998, 45.656368626000074], [-84.94376135299996, 45.71029863800004], [-84.94213035399997, 45.72846864100006], [-84.95084535799998, 45.73690164200008], [-85.01451438099997, 45.76033764200008], [-85.00741537899995, 45.763176642000076], [-84.93831735699996, 45.75990064600006], [-84.91040334699994, 45.75001864600006], [-84.86698133399995, 45.752074649000065], [-84.84098632499996, 45.74475964900006], [-84.80664731399997, 45.74617965200008], [-84.78882630899994, 45.75229165300004], [-84.78137830799994, 45.76108865500004], [-84.77980530799994, 45.769658657000036], [-84.79315831399998, 45.78047165800007], [-84.77277030799996, 45.78930966000007], [-84.75157630099994, 45.782741660000056], [-84.73407029599997, 45.78821366200003], [-84.72619729399997, 45.786913663000064], [-84.71600128799997, 45.76618266000003], [-84.68197227599995, 45.756205660000035], [-84.67955127399995, 45.74910365900007], [-84.64482726199998, 45.739998660000026], [-84.55550122999995, 45.70227665900006], [-84.46168519499997, 45.65241265700007], [-84.44235318899996, 45.65477965800005], [-84.42750018599997, 45.669209661000025], [-84.41364718199998, 45.66943566200007], [-84.37640816799995, 45.65557366200005], [-84.32954215499996, 45.664388666000036], [-84.27024313399994, 45.64479866600004], [-84.21527311499995, 45.63477566800003], [-84.12887207999995, 45.56229266100007], [-84.12231407299998, 45.52379665500007], [-84.10924306699997, 45.50517965300003], [-84.09591006199997, 45.49730665300007], [-84.05614304899996, 45.48935765400006], [-84.02881804099997, 45.49723365600005], [-83.99835503099996, 45.491166657000065], [-83.93926601199996, 45.49319766100007], [-83.90947700199996, 45.48579266100006], [-83.84154797499997, 45.43529565700004], [-83.80662696199994, 45.41916765600007], [-83.77317595199997, 45.417310658000076], [-83.75557394499998, 45.41104265800004], [-83.72181993499998, 45.41331266000003], [-83.69732092499999, 45.39624765900004], [-83.59927788999994, 45.35256965700006], [-83.57036587999994, 45.34720665800006], [-83.53831087099996, 45.358175661000075], [-83.51472186199999, 45.346468661000074], [-83.49670885799998, 45.357544664000045], [-83.48883085499995, 45.35588066400004], [-83.42239382699995, 45.29078365700008], [-83.38827881499998, 45.27692465700005], [-83.38174781199996, 45.268991656000026], [-83.38803881199993, 45.254984653000065], [-83.41257381899999, 45.245815650000054], [-83.41241481799995, 45.23891364900004], [-83.381651805, 45.203365645000076], [-83.36368279499999, 45.16647764000004], [-83.34868878999998, 45.16152464000004], [-83.33782678499995, 45.14712863800003], [-83.31612277699998, 45.14196663900003], [-83.31844677599997, 45.12893863600004], [-83.30788476999999, 45.09910163200004], [-83.29827976599995, 45.09049163100008], [-83.291350761, 45.06260562700004], [-83.26590074899997, 45.026852623000025], [-83.27151074999995, 45.02342562200005], [-83.28797875599997, 45.026470621000044], [-83.34026177399994, 45.04155362100005], [-83.35761377999995, 45.05062162100006], [-83.36747478499996, 45.06227662300006], [-83.39925979599997, 45.070372622000036], [-83.43380280499997, 45.057624618000034], [-83.45417280899994, 45.031888613000035], [-83.44634680399997, 45.01666361100007], [-83.43125879899998, 45.00800661100004], [-83.45001780299998, 44.990227607000065], [-83.44372279699996, 44.95225560100005], [-83.43303679099995, 44.932898598000065], [-83.40460078099994, 44.91876959700005], [-83.39396477599996, 44.903064595000046], [-83.35281976099998, 44.88617259500006], [-83.32050775, 44.880579596000075], [-83.32124574699998, 44.85297059100003], [-83.30065273899999, 44.82983958800003], [-83.29552273299998, 44.79340558300004], [-83.29730472899996, 44.74614257500008], [-83.29066972499999, 44.72927357200007], [-83.27339771799996, 44.713909571000045], [-83.28944671599999, 44.65297656000007], [-83.30750871899994, 44.62982455500003], [-83.31452171899997, 44.60873355100006], [-83.30847570999998, 44.53991054000005], [-83.31828371099994, 44.514424535000046], [-83.31761470699996, 44.48606653100006], [-83.32682870599996, 44.44441952300008], [-83.32165269999996, 44.40451051700006], [-83.33376170099996, 44.37249451100007], [-83.33253769699996, 44.340472506000026], [-83.34374269899996, 44.329771503000075], [-83.36431670599995, 44.33259850300004], [-83.37361170799994, 44.32779250100003], [-83.41430571799998, 44.294551494000075], [-83.42969371999999, 44.269716489000075], [-83.44273572399999, 44.265369487000044], [-83.44580972499995, 44.27338648800003], [-83.46305373099995, 44.278846488000056], [-83.50039674299995, 44.276618486000075], [-83.53771475099995, 44.248179479000044], [-83.54910075299995, 44.227290475000075], [-83.56774875099995, 44.15590746200007], [-83.56771874699996, 44.11966045600008], [-83.57307574699996, 44.10130645300006], [-83.59136575099996, 44.07924544800005], [-83.58409474599995, 44.056756445000076], [-83.65012076599999, 44.05241244000007], [-83.67965877399996, 44.036373436000076], [-83.68789677499996, 44.02071743300007], [-83.68011276899995, 43.994204429000035], [-83.69321877299996, 43.98877842700006], [-83.72792078499998, 44.00151642800006], [-83.74678378999994, 43.98881542500004], [-83.76377879399996, 43.98516642300007], [-83.82908181499994, 43.98910342000005], [-83.84828081999996, 43.98160241800008], [-83.86941082499999, 43.96072741300003], [-83.87769882699996, 43.95924341300008], [-83.89091682699996, 43.92332240600007], [-83.90739283199997, 43.91807040400005], [-83.92937982399997, 43.77709937900005], [-83.94543082799999, 43.75995437500006], [-83.95479683099995, 43.760940375000075], [-83.95435182899996, 43.75065537300003], [-83.93930182099996, 43.71537736800008], [-83.90948380799995, 43.67263036300005], [-83.89708280299999, 43.66403036200006], [-83.85208078699998, 43.644930361000036], [-83.83010278299997, 43.671847367000055], [-83.81789877899996, 43.673797368000066], [-83.80055277099996, 43.641394363000074], [-83.73100974699997, 43.62337736400008], [-83.68335572899997, 43.59059236100006], [-83.64785071999995, 43.60426836500005], [-83.53985169699996, 43.70864838800003], [-83.51675669099996, 43.718298391000076], [-83.49796468399995, 43.70745339000007], [-83.48000067899994, 43.716020393000065], [-83.47229567799997, 43.72901139500004], [-83.48833868399998, 43.74369439700007], [-83.49579268999997, 43.77219640100003], [-83.46445268399998, 43.81062341000006], [-83.46314468499997, 43.82665841200003], [-83.44864668199995, 43.84448841600005], [-83.44929268399994, 43.85926641900005], [-83.43261468099996, 43.88528142400003], [-83.41405167499994, 43.877034423000055], [-83.42344767599997, 43.855535419000034], [-83.41748767199994, 43.84197541700007], [-83.34791165299998, 43.86860342600005], [-83.33179265099994, 43.893909431000054], [-83.40111967399997, 43.909159430000045], [-83.40715067699995, 43.919815431000075], [-83.31866064899998, 43.91762843500004], [-83.28231463999998, 43.93803944100006], [-83.26153463699995, 43.97353344800007], [-83.22709762699998, 43.98101145100003], [-83.18062261299997, 43.98211745400005], [-83.10782459199999, 44.00325346100004], [-83.06603057899997, 44.00337446300006], [-83.04658157399996, 44.01571846600007], [-83.02460857099999, 44.04518247200008], [-82.99073255999997, 44.04885447500004], [-82.96744355499999, 44.066146479000054], [-82.94737254799998, 44.062195479000025], [-82.91598053899997, 44.07051148200003], [-82.88983552899998, 44.05096048000007], [-82.79320949599997, 44.023255481000035], [-82.78320249099994, 44.00937447900003], [-82.76502248599996, 44.006853480000075], [-82.74625947899995, 43.99604547900003], [-82.70984346199998, 43.94823447200008], [-82.67864644599996, 43.88373846300004], [-82.65545443699995, 43.867891462000046], [-82.64317043199998, 43.85247646000005], [-82.64778843299996, 43.842692458000045], [-82.63364542699998, 43.831232457000056], [-82.612228411, 43.73977944200004], [-82.59791539199995, 43.59002441700005], [-82.58565838399994, 43.543977410000025], [-82.53952135899993, 43.437547394000035], [-82.53679834999997, 43.34851837900004], [-82.53013234699995, 43.33381337600008], [-82.53240034499999, 43.30577837200008], [-82.52309033399996, 43.22536935800008], [-82.50888532699997, 43.19675635400006], [-82.48604631099994, 43.10249433900003], [-82.47105730499999, 43.087589337000054], [-82.42277228199998, 43.007964325000046], [-82.41594127999997, 43.005563325000026], [-82.42455428199997, 42.99340132300006], [-82.41296927699995, 42.97704932000005], [-82.42860727899995, 42.952009315000055], [-82.45503128499996, 42.92687430900003], [-82.46991628599994, 42.88746730200006], [-82.46896528199994, 42.85232229600007], [-82.48204928199993, 42.80863728700007], [-82.46748727399995, 42.76191828000003], [-82.51053727799996, 42.665180261000046], [-82.50993927499997, 42.637302256000055], [-82.51878627599996, 42.61389625100003], [-82.57738428999994, 42.56708624000004], [-82.58978329199994, 42.550686237000036], [-82.60707229699995, 42.54885123500003], [-82.62491130399997, 42.55723723600005], [-82.64092030799998, 42.55498123500007], [-82.68642131899998, 42.518605226000034], [-82.68331732099995, 42.55550123300003], [-82.69270532499996, 42.55795223300004], [-82.68104032299993, 42.57470323600006], [-82.68951832599998, 42.58876823800006], [-82.70252232999997, 42.586251237000056], [-82.71115533299997, 42.59089223800004], [-82.71304633499994, 42.59791223900004], [-82.67939532499997, 42.61228924300008], [-82.68984032999998, 42.62715624500004], [-82.66463232199999, 42.62768624600005], [-82.66812032399997, 42.639200248000066], [-82.65289432099996, 42.65058525100005], [-82.64039531599997, 42.64181625000003], [-82.63092631299997, 42.642118251000056], [-82.62382531199995, 42.65397225300006], [-82.62600131399995, 42.667881255000054], [-82.64148331899997, 42.67510325600006], [-82.65324532299996, 42.67224025500008], [-82.67429133099995, 42.68705725600006], [-82.70096833899999, 42.68955625500007], [-82.70613933999994, 42.68358625400003], [-82.72637034599995, 42.68277625300004], [-82.75332135399998, 42.66974024900003], [-82.76558735599997, 42.65573324600007], [-82.79732236599995, 42.65404024400004], [-82.81352236899994, 42.64084124100003], [-82.81902136899998, 42.61634123700003], [-82.78902135799996, 42.603442236000035], [-82.78241835299997, 42.56484222900008], [-82.79671935799996, 42.571042230000046], [-82.83422036899998, 42.56785722700005], [-82.84592037199997, 42.56064222600003], [-82.87442037699998, 42.52354321800004], [-82.88232037799997, 42.50104321300006], [-82.88391937599994, 42.47184420800005], [-82.87035136999998, 42.45089620500005], [-82.89401737099996, 42.38944519300003], [-82.91911837799995, 42.37444518900003], [-82.92881937899995, 42.35944518600007], [-82.92397437699998, 42.352076185000044], [-82.988623395, 42.33244717800005], [-83.06412541699996, 42.31774617200006], [-83.09652542499998, 42.29014616500007], [-83.12802642999998, 42.23884715500003], [-83.13392742599996, 42.174748143000045], [-83.12132741699997, 42.12575013500003], [-83.13351541799994, 42.08815112700006], [-83.15762842499998, 42.085550126000044], [-83.16876342699999, 42.07360912300004], [-83.18860243299997, 42.06643912100003], [-83.18824442899995, 42.03133711500004], [-83.18147942599995, 42.01930911300008], [-83.18725042699998, 42.00758111000005], [-83.20865143299994, 42.00504810900003], [-83.20938343299997, 41.995744107000064], [-83.21690143399996, 41.98856910600006], [-83.22850643799995, 41.987299105000034], [-83.24920844299999, 41.97241010100004], [-83.25729644299997, 41.950753097000074], [-83.26952544599999, 41.93905009400004], [-83.295986455, 41.94475009400003], [-83.31586345999995, 41.93590109100006], [-83.32602846199995, 41.92496908900006], [-83.34156146299995, 41.879964080000036], [-83.36619146899994, 41.86551307600007], [-83.37244947199997, 41.87448507700003], [-83.38195947399998, 41.870885076000036], [-83.40960047899995, 41.83033306800007], [-83.43961648699997, 41.81317006300003], [-83.44336848599994, 41.78912605900007], [-83.42408047599997, 41.74074605100003], [-83.45190148299997, 41.734494048000045], [-83.45563048399998, 41.72745304700004], [-83.44603647899999, 41.706855044000065], [-83.40953546699996, 41.69125504300007], [-83.35707744999996, 41.687771045000034], [-83.34182144599998, 41.693526047000034], [-83.33798144599996, 41.70341804900005], [-83.32682944199996, 41.701570049000054], [-83.23166440799997, 41.64422604300006], [-83.14589137999997, 41.61791204300005], [-83.10393236699997, 41.61356604400004], [-83.08604036099996, 41.60668804300008], [-83.06659735399995, 41.59534804200007], [-83.02807633799995, 41.55566403700004], [-82.96964631799995, 41.524237034000066], [-82.93437330599994, 41.514361034000046], [-82.89773229599996, 41.519249037000066], [-82.87523328999998, 41.52969204000004], [-82.85677428499997, 41.54827004400005], [-82.85953528899995, 41.576379049000025], [-82.85296128699997, 41.58333505100006], [-82.83410528199994, 41.58759505200004], [-82.78550026299996, 41.54068304600003], [-82.74991125299994, 41.54647804900003], [-82.71788224199997, 41.541938050000056], [-82.71093923999996, 41.536656049000044], [-82.71163623899997, 41.52720904700004], [-82.72191824199996, 41.51668504500003], [-82.71390823799999, 41.50170504300007], [-82.68792522899997, 41.492332042000044], [-82.61695620199998, 41.42843303400008], [-82.55808418099997, 41.40001303200006], [-82.49910316199998, 41.38154903100008], [-82.46060314999994, 41.38632403400004], [-82.36178812399999, 41.42665204600007], [-82.29158410199994, 41.42845005000004], [-82.25468209099995, 41.43444905200005], [-82.19337907499994, 41.46454806100007], [-82.18477807299996, 41.474048063000055], [-82.16537706699995, 41.47444806400006], [-82.01197002399994, 41.515647079000075], [-81.96491600799999, 41.50545407900006], [-81.93786599899994, 41.49145107800007], [-81.87736397899994, 41.48345307900007], [-81.79416095499994, 41.49665608600003], [-81.73875893699994, 41.48855808700006], [-81.66485491799995, 41.53145809800003], [-81.63365590899997, 41.54046610100005], [-81.59975089999995, 41.560657106000065], [-81.52974588299998, 41.61455611900004], [-81.48864387199995, 41.631356124000035], [-81.44264886099995, 41.67326313400008], [-81.35323283799994, 41.72775114800004], [-81.28692881999996, 41.76025115700003], [-81.24867580799997, 41.76129915900003], [-81.01049374199994, 41.85397018700007], [-80.90034570899996, 41.868920195000044], [-80.81494668499994, 41.89770220400004], [-80.80079768199994, 41.909643207000045], [-80.78468567699997, 41.91153320800004], [-80.78205567599997, 41.90664320800005], [-80.72081965799998, 41.91975221300004], [-80.58188561699995, 41.95761822600008], [-80.32997954499996, 42.036176252000075], [-80.16588749999994, 42.105865272000074], [-80.15408749699998, 42.114765274000035], [-80.13621649399994, 42.14994528200003], [-80.11737148899994, 42.16634928500008], [-80.07739147699994, 42.17127028800007], [-80.07338447599994, 42.168666288000054], [-80.08003147799997, 42.16363328700004], [-80.07198447399998, 42.15536528500007], [-80.07878447599995, 42.15146528400004], [-80.06108346999997, 42.14486528400005], [-79.93132743399997, 42.20674530100007], [-79.71782837399996, 42.284719325000026], [-79.54626532599997, 42.36342534700003], [-79.47479730699996, 42.40429935800006], [-79.45353630099999, 42.41116536000004], [-79.40546128899996, 42.45328937000005], [-79.35199227499999, 42.48892837900007], [-79.33148626899998, 42.489084380000065], [-79.317743265, 42.49989238200004], [-79.24289224399996, 42.53176539100008], [-79.14872621599994, 42.55368039900003], [-79.11136420899999, 42.61336641200006], [-79.07876420099996, 42.64006641800006], [-79.06376319699996, 42.64476642000005], [-79.06226419799998, 42.668366424000055], [-79.04886319599996, 42.68916642800008], [-79.01886318699997, 42.70156643200005], [-78.99116217899996, 42.70536643400004], [-78.94416116599996, 42.731966441000054], [-78.91816015799998, 42.73726644300007], [-78.86855914499995, 42.770266451000055], [-78.85135814199998, 42.79176645600006], [-78.86365914699996, 42.81306645900003], [-78.86565914899995, 42.826766461000034], [-78.85945914799998, 42.84136646400003], [-78.86559515099998, 42.852366466000035], [-78.87223015299998, 42.85331446600003], [-78.89165816199994, 42.88485347100004], [-78.91246116899998, 42.88656547000005], [-78.90576116799997, 42.899965473000066], [-78.90566216999997, 42.92336547700006], [-78.91886217599995, 42.94686548100003], [-78.93236318099997, 42.955865482000036], [-78.96176418999994, 42.95776448100003], [-79.01156620799998, 42.98526448300004], [-79.01996721199998, 42.994764485000076], [-79.02092321399994, 43.01429548800007], [-79.00516721199995, 43.04706449500003], [-79.01053321499995, 43.06439749800006], [-79.07447023599997, 43.07786349700007], [-79.06028423399994, 43.10509450300003], [-79.06252123599995, 43.12019050500004], [-79.04236923199994, 43.14366351000007], [-79.05307023699999, 43.173663515000044], [-79.05074723899997, 43.19742552000008], [-79.05587124399995, 43.238562527000056], [-79.07047225099996, 43.26246253000005], [-78.97186922099996, 43.28126253800008], [-78.836264181, 43.318463551000036], [-78.69685913799998, 43.34126356100006], [-78.63434911899998, 43.35763256700005], [-78.48886007399994, 43.37477157600006], [-78.47310206899994, 43.37082057600003], [-78.37022403699996, 43.37651358200003], [-78.23361199199996, 43.36907858700005], [-78.10451195099995, 43.37563659400007], [-78.02361192499995, 43.366583596000055], [-77.97644090999995, 43.36916759800005], [-77.87533787599995, 43.34966859900004], [-77.79738384999996, 43.33986560100004], [-77.76023383799998, 43.341169603000026], [-77.71413182199996, 43.32356960100003], [-77.70143181599997, 43.30826959900003], [-77.65376179899994, 43.27949259600007], [-77.62831778999998, 43.27131159600003], [-77.57722577099997, 43.24327159300003], [-77.55102476199994, 43.23577159300004], [-77.53418675699999, 43.23457759300004], [-77.50092274699995, 43.250371597000026], [-77.39101771399999, 43.276371607000044], [-77.34109469799995, 43.280669610000075], [-77.26417967299994, 43.277371612000024], [-77.11186862499994, 43.28795362100004], [-77.03387759899994, 43.27122662100004], [-76.98844758399997, 43.27450862400008], [-76.95840457399999, 43.27001362400006], [-76.90429055899995, 43.291824630000065], [-76.87739954999995, 43.292934632000026], [-76.84167753899999, 43.30540763500005], [-76.79471052499997, 43.309640638000076], [-76.76902751699998, 43.31846064100006], [-76.73104150699999, 43.34342964700005], [-76.69836249599996, 43.344444648000035], [-76.66962648899994, 43.36653465400008], [-76.63077647999995, 43.41336466400003], [-76.52200144899996, 43.46862567800008], [-76.48696443799997, 43.475358681000046], [-76.47250043499997, 43.49278968400006], [-76.41758341899998, 43.52129369200003], [-76.36885140399994, 43.525830695000025], [-76.34549439499995, 43.51344569300005], [-76.29710537899996, 43.51287869500004], [-76.23583636099994, 43.529264701000045], [-76.21796035599994, 43.54516470400006], [-76.20985535499995, 43.56014470700006], [-76.19914035399995, 43.60046271500005], [-76.19659835799996, 43.649769724000066], [-76.20543836599995, 43.71875973600004], [-76.22927037999995, 43.80414375000004], [-76.29906640599995, 43.83851175400008], [-76.29676040599998, 43.857087757000045], [-76.26029139699995, 43.881891763000056], [-76.22826338599998, 43.88665376500006], [-76.21376338299996, 43.900242768000055], [-76.20892438099997, 43.890580767000074], [-76.22049038199998, 43.86446176100003], [-76.20266437599997, 43.86291876200005], [-76.15315736199994, 43.890519769000036], [-76.14550835999995, 43.88868976900005], [-76.12728735399998, 43.89789777100003], [-76.12819835599998, 43.91678977500004], [-76.13666535999994, 43.93460077700007], [-76.16955537299998, 43.958721780000076], [-76.20025138399996, 43.96793978100004], [-76.20782138699997, 43.97531578200005], [-76.27199540699996, 43.96077477600005], [-76.28364141099996, 43.962656776000074], [-76.26870440799996, 43.98728678100008], [-76.26967440899995, 44.001156784000045], [-76.28193041399999, 44.00918578500006], [-76.29648941799996, 44.00849778400004], [-76.30767642299998, 44.02528578600004], [-76.32129942799997, 44.03121678700006], [-76.37556244599995, 44.03154478500005], [-76.38334044899995, 44.03736978500007], [-76.38139044899998, 44.047118787000045], [-76.37008144599997, 44.052037788000064], [-76.36183844499999, 44.072729793000065], [-76.36080044599998, 44.087652795000054], [-76.37070844999994, 44.100507797000034], [-76.35568144799998, 44.133266803000026], [-76.31264943899998, 44.19905281700005], [-76.24548941799998, 44.20367782100004], [-76.20677940599995, 44.21455182400007], [-76.16426739399998, 44.23961183000006], [-76.16183539599996, 44.28078583800004], [-76.13088638799996, 44.29664384200004], [-76.09735337699993, 44.299555844000054], [-76.04523036199998, 44.33173285100003], [-76.00100034899998, 44.347542856000075], [-75.97018733899995, 44.34284385700005], [-75.91298732199994, 44.36809286300007], [-75.82083229699998, 44.43225287800004], [-75.80778029599998, 44.47165288600007], [-75.76623228599993, 44.51585989500006], [-75.50590521599997, 44.70508993900006], [-75.42394519299995, 44.75633795200008], [-75.41388718999997, 44.768898954000065], [-75.37234917799998, 44.783118958000045], [-75.34652917099999, 44.805571963000034], [-75.33374616699996, 44.80638696400007], [-75.30648915999996, 44.82615296800003], [-75.30763216099996, 44.836821970000074], [-75.28313815399997, 44.84916497300003], [-75.14296011099998, 44.90024598800005], [-75.13397910899994, 44.91184699000007], [-75.09666109799997, 44.92707599500005], [-75.06624708799995, 44.93018299600004], [-75.02712707699999, 44.94657700100004], [-75.00515707099999, 44.95841100400003], [-74.99275806799994, 44.97745800800004], [-74.97246506199997, 44.983411009000065], [-74.90795803999998, 44.98336801200003], [-74.88783903499996, 45.00005501600003], [-74.86192902699997, 45.00278001700008], [-74.82658001599998, 45.01585902100004], [-74.79315000399998, 45.00465602000003], [-74.76875099599994, 45.003902021000044], [-74.76021699199998, 44.99495502000008], [-74.73130298199999, 44.990431020000074], [-74.72257597999999, 44.99807102200003], [-74.70201997399994, 45.00333102400003], [-74.33518585099995, 44.991914036000026], [-74.14681578799997, 44.991509044000054], [-73.87459869799994, 45.00123205600005], [-73.05968642799996, 45.01587808900007], [-72.67477129899999, 45.015468103000046], [-72.55591325899996, 45.00831310600006], [-72.31007417599994, 45.003831115000025], [-71.50108890499996, 45.01338614500003], [-71.49114890299995, 45.04178315000007], [-71.50522290899994, 45.04880015100008], [-71.49773890699998, 45.05476015200003], [-71.49791790799998, 45.07059815500003], [-71.48914590499999, 45.072317155000064], [-71.48076990299995, 45.083565158000056], [-71.46744789899998, 45.086860159000025], [-71.44561389299997, 45.113376164000044], [-71.42882888799994, 45.12389016700007], [-71.42675588799995, 45.12968116800005], [-71.43721689199998, 45.142342169000074], [-71.42675088899995, 45.15326617200003], [-71.41485388799998, 45.184917178000035], [-71.39781088299998, 45.20356218200004], [-71.40326788599998, 45.21535718300004], [-71.41555388999996, 45.218010184000036], [-71.44388290099994, 45.23547118600004], [-71.44229890099996, 45.23855618600004], [-71.41713289199998, 45.23558418700003], [-71.40263888699997, 45.242598188000045], [-71.38491788099998, 45.23336018700007], [-71.37669187899996, 45.24492019000007], [-71.35725387299993, 45.25334519200004], [-71.36066487499994, 45.26984419400003], [-71.33639286699997, 45.273075196000036], [-71.29650985599994, 45.29919920200007], [-71.28439685199999, 45.30244320300005], [-71.28074084999997, 45.295197202000054], [-71.26493984399997, 45.293455202000075], [-71.26213684199996, 45.27610719900008], [-71.24449983599999, 45.26814819800006], [-71.23112282999995, 45.24972119500006], [-71.19827681899994, 45.25426619700005], [-71.18090581199993, 45.239867195000045], [-71.16284580699994, 45.25034119800006], [-71.14816580199994, 45.242421197000056], [-71.13399479699996, 45.24417619800005], [-71.10733978999997, 45.278621205000036], [-71.10569178999998, 45.28250720500006], [-71.11074379199994, 45.28458520600003], [-71.09777278899998, 45.30191520900007], [-71.05926577599996, 45.31376221200003], [-71.03056576699998, 45.31266121300007], [-71.00905075999998, 45.31903121500005], [-71.00240075799996, 45.32849121700008], [-71.01114476199996, 45.33468821800005], [-71.01081076199995, 45.34725922000007], [-70.98559575299998, 45.33219721800003], [-70.95082474099996, 45.33453922000007], [-70.93918873599995, 45.32018621800006], [-70.91790472799994, 45.311933217000046], [-70.91211172499999, 45.29620621400005], [-70.92170072799996, 45.27945421100003], [-70.89856571799999, 45.25851120800007], [-70.89848271699998, 45.24409720600005], [-70.88502971199995, 45.23488220400003], [-70.85704270199994, 45.22916920400007], [-70.83877069699997, 45.23756420600006], [-70.84831969999993, 45.24471620700007], [-70.84855470199994, 45.26333421100003], [-70.83904269899995, 45.26914121200008], [-70.82966169699995, 45.29037821600008], [-70.81233869199997, 45.302015219000054], [-70.80861369099995, 45.31161522000008], [-70.80832269199993, 45.325833223000075], [-70.81658569499996, 45.33056322400006], [-70.81982869699993, 45.340118225000026], [-70.81445069599994, 45.35655322800005], [-70.80274569299996, 45.36656523000005], [-70.82603370299995, 45.39841723500007], [-70.79802869599996, 45.42671524100007], [-70.78147168999993, 45.43116824200007], [-70.75397768099998, 45.42779824300004], [-70.72997267099998, 45.39936823800008], [-70.71228666399998, 45.390620237000064], [-70.67799565299998, 45.394371239000066], [-70.66116064699997, 45.38604823800006], [-70.66002964599994, 45.37791023700004], [-70.63466163699997, 45.383617239000046], [-70.63135463799995, 45.41634924500005], [-70.63549864099997, 45.42782624700004], [-70.64973964599994, 45.442780249000066], [-70.67490365599997, 45.452408250000076], [-70.69176266299996, 45.47124225200008], [-70.71704767199998, 45.48774125400007], [-70.72316767599995, 45.507615258000044], [-70.68760566599997, 45.549108266000076], [-70.68821466799994, 45.563990268000055], [-70.65928665899997, 45.586889273000054], [-70.64468765599997, 45.60709227700005], [-70.59225263899998, 45.62987428300005], [-70.55840062999994, 45.666680291000034], [-70.52583161899997, 45.66656029200004], [-70.46986960299995, 45.701648300000045], [-70.43887859199998, 45.70439630100003], [-70.40040457999999, 45.71984330500004], [-70.38355257599994, 45.73487830800008], [-70.38850157799999, 45.749726311000074], [-70.40654858499994, 45.76182231200005], [-70.41767459099998, 45.79457931700006], [-70.39590758399999, 45.798894319000055], [-70.39662058499994, 45.80849532000008], [-70.38791658299994, 45.81905232300005], [-70.34244056899996, 45.85220133000007], [-70.30616255799998, 45.859749332000035], [-70.25911754399993, 45.89076433900004], [-70.25389754299994, 45.906533342000046], [-70.26331354699994, 45.92384134500003], [-70.24017754099998, 45.94373834900006], [-70.26541055099995, 45.96270135100008], [-70.31693656799996, 45.963465350000035], [-70.30746356599997, 45.98255035300008], [-70.28457155899997, 45.99539335600008], [-70.30303456599995, 45.99898535600005], [-70.31759657199996, 46.01950135900006], [-70.27833456099995, 46.05702836700004], [-70.28417656399995, 46.06276736800004], [-70.31060957299997, 46.06455336700003], [-70.28455456599994, 46.09872237400003], [-70.25241355499998, 46.10063437500003], [-70.25506955699996, 46.11020937700005], [-70.23794755399996, 46.14738738400007], [-70.27803456899994, 46.17501038700004], [-70.29273657499994, 46.191608390000056], [-70.27205456999997, 46.20984239300003], [-70.24842156499994, 46.267081404000066], [-70.23268256099993, 46.28443740800003], [-70.20571955299994, 46.299874411000076], [-70.20311955299996, 46.31438941400006], [-70.20873355599997, 46.32897041600006], [-70.19141255099998, 46.34808142000003], [-70.17470954599997, 46.35848142200007], [-70.14852953699994, 46.358932423000056], [-70.12973453199999, 46.369393425000055], [-70.12545953099993, 46.38136142800005], [-70.11044052599993, 46.386119429000075], [-70.09628652299995, 46.409439433000045], [-70.05643350999998, 46.41557043600005], [-69.99708650799994, 46.69523948500006], [-69.22442029299998, 47.45969563700004], [-69.20388628599994, 47.45221263600007], [-69.17841227699995, 47.45662463800005], [-69.14643926499997, 47.44886963700003], [-69.08250824099997, 47.423985635000065], [-69.06119223499996, 47.43306163800003], [-69.04270222799994, 47.426660637000055], [-69.03688222399995, 47.40798663400005], [-69.04540322599996, 47.391919631000064], [-69.03928022399998, 47.38506163000005], [-69.05388522799996, 47.37788762900004], [-69.05462822399994, 47.315920618000064], [-69.04911822199995, 47.306480617000034], [-69.05274822199993, 47.294412615000056], [-69.04707621799997, 47.26709861100005], [-69.05073721899998, 47.25733960900004], [-69.03345621199998, 47.240993607000064], [-68.96643318699995, 47.21272160400008], [-68.96113018399996, 47.20559160300007], [-68.95335018199995, 47.206758603000026], [-68.95039718099997, 47.20248560300007], [-68.94248417799997, 47.20639560400008], [-68.90242516199999, 47.17884860000004], [-68.85751914699995, 47.19095960400006], [-68.81215713299997, 47.21547060900008], [-68.76448711699999, 47.22234061200004], [-68.71786710199996, 47.240928616000076], [-68.70531409799997, 47.23807561600006], [-68.68766209199998, 47.24422461800003], [-68.66195708199996, 47.23633661700006], [-68.61974906799998, 47.24322762000003], [-68.59542706099995, 47.257707623000044], [-68.59872606299996, 47.26988862500008], [-68.57855105699997, 47.28756062800005], [-68.55174704699994, 47.28223562800008], [-68.51798203599998, 47.296101631000056], [-68.47485102099995, 47.29754363300003], [-68.44884401099995, 47.282556631000034], [-68.42886100399994, 47.28196363200004], [-68.41313999899995, 47.28849763300008], [-68.37867798699995, 47.287570634000076], [-68.37631898699993, 47.29426663500004], [-68.38494298999996, 47.302932637000026], [-68.38130798899994, 47.30917063800007], [-68.38428099199996, 47.32695264100005], [-68.37026498799997, 47.35106164500007], [-68.33623597699994, 47.35980464700003], [-68.30377796499994, 47.35553364800006], [-68.28410095899994, 47.36039864900005], [-68.26513795199998, 47.35255264800003], [-68.23460394099993, 47.35504465000008], [-68.21455093299994, 47.33964664800004], [-68.15514991099997, 47.32542964700008], [-68.15230190999995, 47.30988764500006], [-68.13705890299997, 47.29607764300005], [-68.08289588299994, 47.27193064000005], [-68.07406087899994, 47.25977363900006], [-68.01972385899995, 47.23804563700003], [-67.99017084699994, 47.21105163300007], [-67.95566883399994, 47.199551632000066], [-67.93586782499995, 47.16485262700007], [-67.92576782099997, 47.15425262500003], [-67.91036681499997, 47.14815262500008], [-67.89216580699997, 47.12865262200006], [-67.88865780499998, 47.111673619000044], [-67.88130180199994, 47.10392261800007], [-67.82082777999995, 47.08352761700007], [-67.79051476799998, 47.06793061500008], [-67.78109469799995, 45.94304142400006], [-67.77762569699996, 45.93421642200008], [-67.75042168599998, 45.91790742000006], [-67.76500169099995, 45.90980041800003], [-67.76874469099994, 45.897960416000046], [-67.78534369699997, 45.89565741500007], [-67.80390770299994, 45.88290441200007], [-67.80367770199996, 45.869388410000056], [-67.79651369899995, 45.85997040900003], [-67.75506768199995, 45.823679404000075], [-67.78008169099996, 45.81820340200005], [-67.80198869699996, 45.80355539900006], [-67.80659769899995, 45.794732397000075], [-67.80630769599998, 45.755414390000055], [-67.79308269099994, 45.75056839000007], [-67.78189168599994, 45.73119838700006], [-67.80983269599994, 45.72928338600008], [-67.80314769199998, 45.69613638000004], [-67.81789169699994, 45.69371437900003], [-67.80331269099997, 45.67789537700003], [-67.76864767899997, 45.67759037800005], [-67.75424467299996, 45.66780037600006], [-67.72040066099999, 45.66253137600006], [-67.71805566099994, 45.66799537700007], [-67.73371966699995, 45.68424238000006], [-67.73460466799997, 45.68899638100004], [-67.72764766499995, 45.68847738100004], [-67.71046365899997, 45.67938138000005], [-67.67541664399994, 45.63096837200004], [-67.64580963299994, 45.61360637000007], [-67.64023763099993, 45.61618737100008], [-67.64420563299996, 45.623229372000026], [-67.63974063199998, 45.62478037200003], [-67.60617161899995, 45.60654237000006], [-67.56135860299997, 45.594915369000034], [-67.54611959799996, 45.59806837000008], [-67.51857958799997, 45.58793436900004], [-67.49944358099998, 45.587023369000065], [-67.48845157799997, 45.59465237100005], [-67.48979257899998, 45.60118937200008], [-67.45540556699996, 45.60467437400007], [-67.42971555699995, 45.58378237100004], [-67.42097555299995, 45.550038365000034], [-67.42539855399997, 45.54080436300006], [-67.43223555599997, 45.541032363000056], [-67.43504355599998, 45.52879236100006], [-67.41646154799997, 45.50215635700005], [-67.46288156499998, 45.508700357000066], [-67.47041556699997, 45.50531635600004], [-67.47073156699997, 45.50007635500003], [-67.50377057699995, 45.48853135200005], [-67.48235256899994, 45.46083434800005], [-67.48432756899996, 45.45196434600007], [-67.47336556399995, 45.425337342000034], [-67.43000054699996, 45.392974337000055], [-67.41874654199995, 45.37726933500005], [-67.43428054699996, 45.36544733200003], [-67.42779654399993, 45.35548033100008], [-67.43499554599998, 45.34014232800007], [-67.45628755199994, 45.326449325000056], [-67.45226654999993, 45.316848323000045], [-67.46055355199996, 45.30038832000008], [-67.46647855399993, 45.29382631900006], [-67.48568255999999, 45.291442318000065], [-67.48933256099997, 45.28129131600008], [-67.46356954999999, 45.24410631000006], [-67.45347254699993, 45.24113631000006], [-67.43997954099996, 45.227056308000044], [-67.42888853599999, 45.19322230200004], [-67.40713852799996, 45.179434300000025], [-67.40462852599995, 45.15993529700006], [-67.38363451799995, 45.152268296000045], [-67.34558450399999, 45.126401292000025], [-67.29617348799997, 45.14796129700005], [-67.29436248799993, 45.15351529800006], [-67.30256749099993, 45.16135730000008], [-67.29923748999994, 45.16894630100006], [-67.29141648799998, 45.17145930200007], [-67.29060248799993, 45.18759830500005], [-67.28361848599997, 45.19203130600005], [-67.24669647299999, 45.18077430500006], [-67.24229247099998, 45.17224930300006], [-67.22732346499998, 45.16366130200004], [-67.20393245799994, 45.17141630400005], [-67.15791844099994, 45.16101330300006], [-67.11241342299996, 45.112332296000034], [-67.09078541399998, 45.06873028900003], [-67.10589841899997, 45.06579528800006], [-67.11768742199996, 45.05673928600004], [-67.08207340899997, 45.02961728200006], [-67.06827340199999, 45.00102327700006], [-67.05460939699998, 44.986773275000076], [-67.03347338699996, 44.939932267000074], [-66.98446536899996, 44.91256626400008], [-66.99035036999999, 44.88256025800007], [-66.97814136399995, 44.85697225400003], [-66.99652236999998, 44.84466325100004], [-66.98240236299995, 44.81147524600004], [-66.96646735799999, 44.819072247000065], [-66.94989435299993, 44.817428248000056], [-66.96106735599994, 44.80727824500008], [-66.98620636399994, 44.80175824400004], [-67.02614937599998, 44.76820823700007], [-67.04334938199997, 44.765080236000074], [-67.05515938599996, 44.771451237000065], [-67.06223838799997, 44.76955223600004], [-67.07343839099997, 44.74196623100005], [-67.09893039899998, 44.74132023000004], [-67.10395639999996, 44.71745322600003], [-67.12879140699994, 44.69543022100004], [-67.13920841099997, 44.69385822000004], [-67.15447841399998, 44.66812321500004], [-67.16985641899998, 44.66211421400004], [-67.18661142499997, 44.66265921300004], [-67.19206742599994, 44.655524212000046], [-67.18942642499997, 44.64554221000003], [-67.23427443999998, 44.637210208000056], [-67.24637244299998, 44.626393205000056], [-67.27514045299995, 44.62344220400007], [-67.26166744699998, 44.60460720100008], [-67.31493746499996, 44.598224198000025], [-67.32296946799994, 44.60940320000003], [-67.31074446499997, 44.613221201000044], [-67.29366445999995, 44.63432520600003], [-67.29246145999997, 44.648464208000064], [-67.30962646699999, 44.65932521000008], [-67.30790846799994, 44.69130421500006], [-67.30014346499996, 44.69676121700007], [-67.29917546499996, 44.705714218000026], [-67.35596548399997, 44.699069216000055], [-67.37267248999996, 44.691633214000035], [-67.39644049799995, 44.693322213000044], [-67.40499749999998, 44.68166321100006], [-67.37401348899994, 44.662974209000026], [-67.36315748299995, 44.63183420300004], [-67.36826848499999, 44.62468120200003], [-67.37755348799993, 44.61976620100006], [-67.38870349199993, 44.62656320200006], [-67.40549149599997, 44.59424519500004], [-67.42836650399994, 44.60914519700003], [-67.45774651399995, 44.59802319500005], [-67.49079952399995, 44.575267190000034], [-67.49175052299995, 44.55613218600007], [-67.51840953199996, 44.55425018500006], [-67.53765253899996, 44.57154718800007], [-67.57505555099993, 44.560668185000054], [-67.56232054599997, 44.53944418100008], [-67.56815854699994, 44.53112618000006], [-67.52116752999996, 44.50991917700003], [-67.50920752599995, 44.49699517500005], [-67.54724253699999, 44.463075168000046], [-67.58772454999996, 44.447455164000075], [-67.59528555299994, 44.46220416600005], [-67.63480556799993, 44.487063170000056], [-67.64885057399994, 44.50669917300007], [-67.65690057799998, 44.535905178000064], [-67.69635359099993, 44.53380717700003], [-67.70264859299994, 44.52793117500005], [-67.69887159099994, 44.51575917300005], [-67.70348859199999, 44.504846171000054], [-67.71418959499994, 44.49524716900004], [-67.73398560199996, 44.496261169000036], [-67.74335260499998, 44.49742716900005], [-67.74294160599999, 44.52646217400007], [-67.75385361099995, 44.54367017700008], [-67.76728461599998, 44.54828717700008], [-67.78088061999995, 44.531160174000036], [-67.77647161699997, 44.51421817100004], [-67.79358862199996, 44.49478816700008], [-67.78241361699997, 44.47505416400003], [-67.79595462199995, 44.47618616300008], [-67.80618162599995, 44.48590716500007], [-67.82519563199997, 44.48285516400006], [-67.83793763499995, 44.46467916000006], [-67.83063363199994, 44.45666415900007], [-67.85510763899998, 44.41944315100005], [-67.86885564399995, 44.42468115200006], [-67.87850864699993, 44.43559415400006], [-67.88732264999999, 44.43307515300006], [-67.89957065199997, 44.39408714600006], [-67.91334565899996, 44.43013715200004], [-67.92131966199997, 44.43307515200007], [-67.93055366499993, 44.42887815100005], [-67.92761566299998, 44.421323150000035], [-67.93145266399995, 44.41185714800008], [-67.95573667199994, 44.41628714800004], [-67.96161267399998, 44.41250914700004], [-67.96161267399998, 44.39907914500003], [-67.97887567899994, 44.38704314200004], [-67.98566768099994, 44.38692614200005], [-68.00064568699997, 44.40663314500006], [-68.01071869099997, 44.40747314500004], [-68.01953269299997, 44.396980143000064], [-68.01398969099995, 44.390264142000035], [-68.03422269599997, 44.36046513600007], [-68.04429569899997, 44.357947135000074], [-68.04303669799998, 44.34367613200004], [-68.04933369899999, 44.33073913000004], [-68.06035570299997, 44.33199713000005], [-68.07606570899998, 44.347934132000034], [-68.09472471599997, 44.35145613200007], [-68.10328171899994, 44.35825413300006], [-68.10565772199993, 44.39562814000004], [-68.14054873299995, 44.37681313600007], [-68.14915373599996, 44.38696613700006], [-68.18195374699997, 44.385268136000036], [-68.18915474899995, 44.37384213400003], [-68.17468674299994, 44.34361312900006], [-68.17360774099996, 44.32840612600006], [-68.19192374599999, 44.306684122000036], [-68.22426075599998, 44.29024011800004], [-68.22948975699995, 44.266927113000065], [-68.20712174899995, 44.26352511300007], [-68.19306774299997, 44.239019109000026], [-68.19898474499996, 44.236707109000065], [-68.26666876799999, 44.23404210600006], [-68.29770377799997, 44.24258310700003], [-68.31758778399995, 44.22511010300008], [-68.33949779099999, 44.222902102000035], [-68.34313179299994, 44.22951410300004], [-68.37798180599998, 44.247572106000064], [-68.40126781399994, 44.25225310600007], [-68.41964982099995, 44.274621109000066], [-68.43094582599997, 44.29863311300005], [-68.43085282699997, 44.31261811600007], [-68.44572383299999, 44.324930118000054], [-68.45687883799997, 44.34429712100007], [-68.43539983199997, 44.36972712600004], [-68.39803481999996, 44.37620012800005], [-68.36756480999998, 44.39071913200007], [-68.36031780799993, 44.38968313200007], [-68.35908180799998, 44.40285613400005], [-68.37909981599995, 44.43005813900004], [-68.38767781899998, 44.43094513900007], [-68.39255881999998, 44.418079136000074], [-68.41641182699993, 44.39798213200004], [-68.42787383099994, 44.396809131000055], [-68.43390083299994, 44.40154313200003], [-68.42964783399998, 44.43914513900006], [-68.43928083799995, 44.44805214000007], [-68.45509484299998, 44.44750714000003], [-68.46381984499993, 44.436601137000025], [-68.45884884199995, 44.41215013300007], [-68.46410584299997, 44.39808713000008], [-68.46107184099998, 44.378513127000076], [-68.46610884299997, 44.37725412700007], [-68.47827984699995, 44.37809312600007], [-68.48331684899995, 44.38816612800008], [-68.47282384599998, 44.404115131000026], [-68.48037885099995, 44.43265613600005], [-68.48541485199996, 44.43433513600007], [-68.49464885499998, 44.42971813500003], [-68.49968585599999, 44.41418813200005], [-68.51451986099994, 44.413349132000064], [-68.52990486499993, 44.39907912900003], [-68.56096387599996, 44.40285612900004], [-68.56641987799998, 44.394462127000054], [-68.56474087599997, 44.385228125000026], [-68.55928487399996, 44.37431612300003], [-68.55005087099994, 44.37179712300008], [-68.54543386799998, 44.355009120000034], [-68.56320887299995, 44.33304811600004], [-68.56620287299995, 44.31301611200007], [-68.55623586899998, 44.300828110000054], [-68.53859486299996, 44.29991111100003], [-68.51981885399994, 44.260218104000046], [-68.52980185699994, 44.24960310200004], [-68.52347985399996, 44.23582809900006], [-68.52910285499996, 44.22178309700007], [-68.56461786699998, 44.211926094000034], [-68.56414286499995, 44.19165009000005], [-68.59863387599995, 44.17461108600003], [-68.61174287899996, 44.15525508200005], [-68.57887886799995, 44.14604508100007], [-68.60549887599996, 44.13547007900007], [-68.61088787699998, 44.12468307700004], [-68.62309888099998, 44.11941507500006], [-68.61785787799994, 44.09724707100003], [-68.58410086599997, 44.07159806800007], [-68.60474087099993, 44.03886606100008], [-68.60169586799998, 44.01252305600008], [-68.61708487299995, 44.01010605500005], [-68.63435487899994, 44.017612056000075], [-68.65703088599997, 44.00383205300005], [-68.66082488999996, 44.04790106100006], [-68.66938289399997, 44.07636806600004], [-68.64641388699994, 44.07992306700004], [-68.65126688999999, 44.101431071000036], [-68.65879389299994, 44.11022107300005], [-68.65763489299997, 44.12707107600005], [-68.68189890199994, 44.138221077000026], [-68.71853091599996, 44.16564308100004], [-68.71782891699996, 44.18709908500006], [-68.73166592199993, 44.202255087000026], [-68.73377392399993, 44.22101509100003], [-68.71122991699997, 44.23180409300005], [-68.67870390799999, 44.26471410000005], [-68.72455992499994, 44.28166910200008], [-68.74898393399997, 44.299416104000045], [-68.72565692699999, 44.32160010900003], [-68.74616393499997, 44.33115711000005], [-68.76202093999996, 44.32960610900005], [-68.79506294999999, 44.307869105000066], [-68.82719696099997, 44.31216910400008], [-68.82541896099997, 44.33455610800007], [-68.81481095899994, 44.36220311400007], [-68.82176696399995, 44.40894912200008], [-68.81532496299997, 44.42808912600003], [-68.80163395899996, 44.43481212700004], [-68.79951395899997, 44.448930130000065], [-68.78328295399996, 44.44714813000007], [-68.78589795499994, 44.46262013300003], [-68.77872795499997, 44.489895138000065], [-68.78565995799994, 44.51209914200007], [-68.79730596299999, 44.525826144000064], [-68.80586296599995, 44.52430114300006], [-68.80537696399995, 44.501524139000026], [-68.83462197299997, 44.48497413500007], [-68.82630296999997, 44.47157713300004], [-68.82915296999994, 44.46225113100007], [-68.88027098499998, 44.42812112400003], [-68.88649098799993, 44.430685124000036], [-68.89710399199998, 44.45065212700007], [-68.92161300099997, 44.45664912800004], [-68.93193400299998, 44.43869912400004], [-68.94658200799995, 44.42911712200004], [-68.99838402499995, 44.425595120000025], [-68.97881501599994, 44.38634911300005], [-68.96111100999997, 44.37508511200008], [-68.94816400399998, 44.35589110900003], [-68.95888900499995, 44.31436210100003], [-68.97900501099997, 44.29633609700005], [-69.00368201899994, 44.29459109600003], [-69.00507101899996, 44.27408009200008], [-69.04019302799998, 44.233682084000066], [-69.05454602899994, 44.17155107200006], [-69.07983503699995, 44.16096206900005], [-69.07566703399993, 44.13000006400006], [-69.08033103499997, 44.117833062000045], [-69.10086304099997, 44.10453805900005], [-69.10110704099998, 44.093610057000035], [-69.09200003699993, 44.08574305500008], [-69.05081402399998, 44.09489705800007], [-69.03187801599995, 44.07904505600004], [-69.04891702099997, 44.06251505200004], [-69.05062202199997, 44.06802605300004], [-69.06429902699995, 44.06992005300003], [-69.07980503099998, 44.05526505000006], [-69.04391201599998, 44.00634504200008], [-69.06715602299994, 43.99053803900006], [-69.07702802599994, 43.97366303500007], [-69.09499903199998, 43.97940003600007], [-69.13153604399997, 43.976098034000074], [-69.14622004899996, 43.981576035000046], [-69.17498005899995, 43.976958033000074], [-69.22019506999999, 43.91494602000006], [-69.24281207799999, 43.91882702000004], [-69.27394908799994, 43.91422401900007], [-69.28250108799995, 43.864588009000045], [-69.32103110099996, 43.85671700700004], [-69.31524509999997, 43.88284401200008], [-69.32293510399995, 43.90165301500008], [-69.31466610199993, 43.917294018000064], [-69.29607709699997, 43.93281302100007], [-69.30777610099994, 43.94346002300006], [-69.31537210399995, 43.94075202200003], [-69.32768910799996, 43.94582002300007], [-69.34057611199995, 43.93385502000007], [-69.34085411099994, 43.920405018000054], [-69.37166012099993, 43.914496016000044], [-69.38354412399997, 43.89565901200007], [-69.38471712499995, 43.90919201400004], [-69.36280211999997, 43.94618302200007], [-69.36670212199994, 43.96476402500008], [-69.39328813099996, 43.956429023000055], [-69.42822714199997, 43.957285022000065], [-69.42014613799995, 43.935894018000056], [-69.42727713999994, 43.91227001400006], [-69.48349815599994, 43.880289006000055], [-69.50329016099994, 43.83768199800005], [-69.51488916399995, 43.83130699600008], [-69.51326716399996, 43.844798999000034], [-69.52467316999997, 43.87564800400003], [-69.54945017899996, 43.88002100400007], [-69.54502817599996, 43.86125000100003], [-69.55260617699997, 43.84135599700005], [-69.57269718399994, 43.84402099700003], [-69.57852718499998, 43.82332499300003], [-69.58855118799994, 43.818368992000046], [-69.60592819399994, 43.81487099000003], [-69.60461619399996, 43.82580199200004], [-69.59237318999993, 43.83090399400004], [-69.58916718999996, 43.85130799800004], [-69.59470519199994, 43.85888699900005], [-69.60461619599994, 43.85801299800005], [-69.62108619899993, 43.826822992000075], [-69.63493220499998, 43.84591599500004], [-69.64979820999997, 43.83629599300008], [-69.65315020999998, 43.817202989000066], [-69.64861620699998, 43.79121498500007], [-69.65818920899994, 43.77917198200004], [-69.68557922099995, 43.82055498900007], [-69.70583822799995, 43.82303298900007], [-69.71487322999997, 43.81027298600003], [-69.71972322999994, 43.78669398200003], [-69.74101423599996, 43.76929697800006], [-69.75409123899993, 43.74387497300006], [-69.83532326499994, 43.721133966000025], [-69.82895526199997, 43.706788964000054], [-69.83347126299998, 43.70128996300008], [-69.85508127099996, 43.70475496300003], [-69.85559527199996, 43.73266896800004], [-69.85894727399995, 43.740539969000054], [-69.86867327699997, 43.74270996900003], [-69.86215527599995, 43.75897097200004], [-69.86973227999994, 43.77566497500004], [-69.88406628399997, 43.77804397500006], [-69.90316429099994, 43.772398974000055], [-69.92701129899996, 43.78018297400007], [-69.94853930499994, 43.76595697100004], [-69.95805630899997, 43.76779497100006], [-69.97184031199998, 43.75065096700007], [-69.98368531599994, 43.74440396600005], [-70.00127331999994, 43.710396959000036], [-70.03621233099994, 43.712629958000036], [-70.04667033499999, 43.72018895900004], [-70.07130434299995, 43.71378095800003], [-70.09192934899994, 43.69811995400005], [-70.08845534699998, 43.68146295100007], [-70.09603934899997, 43.67228494900007], [-70.11590835599998, 43.68298695000004], [-70.15172436799998, 43.68169794900007], [-70.16822737299998, 43.675144947000035], [-70.17666437499997, 43.65977694400004], [-70.20593438299994, 43.63364193900003], [-70.21708738499996, 43.59672593100004], [-70.21436938399995, 43.59045393000008], [-70.20112037899997, 43.586523930000055], [-70.19691137599995, 43.56515492600005], [-70.20612337899996, 43.557635925000056], [-70.21678238199996, 43.556882924000035], [-70.22784238499997, 43.53826992000006], [-70.24549939099995, 43.53964392000006], [-70.24433139099995, 43.55185792200007], [-70.26191739699993, 43.55369592200003], [-70.27249740099995, 43.562624923000044], [-70.30776441199998, 43.54432391900008], [-70.30740541099993, 43.52904091600004], [-70.32111641499995, 43.52727091500003], [-70.32879641899996, 43.540757918000054], [-70.35282642599998, 43.53586391600004], [-70.37912343299996, 43.507210910000026], [-70.38561543399999, 43.487039906000064], [-70.38023343099997, 43.464238902000034], [-70.36736442599994, 43.452272900000025], [-70.35754942299997, 43.45784190100005], [-70.32730341299998, 43.458529902000066], [-70.33283641399998, 43.44644090000003], [-70.34381341799997, 43.44012289900007], [-70.37051442599994, 43.434141897000075], [-70.38494942999995, 43.41884789300008], [-70.39089043099995, 43.40261589000005], [-70.42128244099996, 43.395785888000034], [-70.42767244299995, 43.38926288700003], [-70.41631143699993, 43.36106788200004], [-70.42853444099995, 43.354826880000076], [-70.44243844599998, 43.35649588000007], [-70.46597545199995, 43.340254876000074], [-70.48531245899994, 43.34639987700007], [-70.50131246399997, 43.34015287500006], [-70.51769546999998, 43.34404587500006], [-70.55385448099997, 43.32189487000005], [-70.56277948299999, 43.31062286800005], [-70.57004148399994, 43.28557486300008], [-70.58518448799998, 43.27012185900003], [-70.59390748899995, 43.24930385500005], [-70.59102248799996, 43.23785985300003], [-70.57578748199995, 43.22186785100007], [-70.60313548899995, 43.18205384200007], [-70.59042348299994, 43.166571840000074], [-70.59618548499998, 43.16347483900006], [-70.61110548999994, 43.168439840000076], [-70.62357949399996, 43.152915836000034], [-70.62251049199995, 43.13458183300003], [-70.63445549599999, 43.12761183100008], [-70.63835549599997, 43.11419082900005], [-70.65532250099994, 43.09801682500006], [-70.66595850299996, 43.07624282100005], [-70.71363051799995, 43.056014815000026], [-70.71893651799996, 43.03235881100005], [-70.73042652099997, 43.025400809000075], [-70.74996952599997, 42.99169780200003], [-70.76147452899994, 42.98668980100007], [-70.77172953099995, 42.96132979600003], [-70.79399653699994, 42.939898791000076], [-70.79815353799995, 42.92093478800007], [-70.81006954099996, 42.90955778500006], [-70.81698954099994, 42.87987277900004], [-70.81773153999995, 42.85062177400005], [-70.80522053199996, 42.78180676100004], [-70.77045351599998, 42.70483274800006], [-70.77867151799995, 42.693630745000064], [-70.74442750599997, 42.682100744000024], [-70.72884549999998, 42.66388574100006], [-70.68940248599995, 42.653327741000055], [-70.68259448399994, 42.65453374100008], [-70.68159448399996, 42.66235074300005], [-70.66354847899999, 42.677611746000025], [-70.63007746899996, 42.69270775000007], [-70.62003146499995, 42.68801474900005], [-70.62279146499998, 42.66088174400005], [-70.59547445599998, 42.66034474500003], [-70.59146945299995, 42.63982974100003], [-70.59401445399993, 42.63503874000003], [-70.61842046099997, 42.62864873800004], [-70.63563546499995, 42.60025173200006], [-70.65472747099994, 42.58224272800004], [-70.66802247499999, 42.58174072800006], [-70.67044247599995, 42.59225773000003], [-70.67881947899997, 42.594397730000026], [-70.69857448499994, 42.57740172600006], [-70.72968849499995, 42.57151872400004], [-70.73704449699994, 42.576871725000046], [-70.80409151899994, 42.56160372000005], [-70.82329152399996, 42.55150371700006], [-70.87138253999996, 42.54641271500003], [-70.86627953699997, 42.52262571000006], [-70.84209152899996, 42.51950371100003], [-70.83109152399999, 42.50360470800007], [-70.83599152499994, 42.490504705000035], [-70.85779153199996, 42.49030470400004], [-70.87969253899996, 42.47880470200005], [-70.89429254199996, 42.460904698000036], [-70.91769355099996, 42.46800469800007], [-70.92771355299993, 42.460900697000056], [-70.92718955199996, 42.43471469200006], [-70.90199254299995, 42.42030569000008], [-70.90569254399998, 42.41620568900004], [-70.93639355399995, 42.418105688000026], [-70.94361255799998, 42.45210069500007], [-70.95184756099997, 42.45263069400005], [-70.98299456999996, 42.424004688000025], [-70.98919556999994, 42.402606684000034], [-70.98033656699994, 42.391521682000075], [-70.97019556299995, 42.38804468200004], [-70.97222356299994, 42.377324679000026], [-70.95302255499996, 42.34398167400008], [-70.97992756499997, 42.35639067500006], [-71.00687757299994, 42.34704767300008], [-71.01568057499998, 42.32602766800005], [-71.01405257399995, 42.319167667000045], [-70.99783856799996, 42.32121366800004], [-70.98666756399996, 42.30627366500005], [-71.00356156899994, 42.295284663000075], [-71.00490056899997, 42.28272866000003], [-70.98909056199994, 42.26745765800007], [-70.96735155499994, 42.26817665900006], [-70.95621955199994, 42.27080266000007], [-70.95743255299993, 42.280077661000064], [-70.93527254699995, 42.302109666000035], [-70.88276452999997, 42.30886866900005], [-70.87087352499998, 42.28567666500004], [-70.85109351699998, 42.268278663000046], [-70.81174250399994, 42.262943663000044], [-70.77096448999998, 42.249205661000076], [-70.74723047999998, 42.22182465700007], [-70.72226947099995, 42.20796765500006], [-70.71430146699998, 42.16879164800008], [-70.66393144699998, 42.10834463800006], [-70.64016943799999, 42.088641635000045], [-70.63848043699994, 42.08158763300003], [-70.64734943899998, 42.07633963200004], [-70.64433743699993, 42.04590362600004], [-70.66936044499994, 42.03712462400006], [-70.67093444299996, 42.00779461800005], [-70.67879844599997, 42.00551861800005], [-70.69580945199993, 42.01335461900004], [-70.71220445699998, 42.00759461700005], [-70.71003445599996, 41.999552616000074], [-70.66247643799994, 41.96060060900004], [-70.64836543299998, 41.96168061000003], [-70.61649142199997, 41.940212607000035], [-70.58357241199997, 41.95001561000004], [-70.55294139999995, 41.929649607000044], [-70.54594939699996, 41.907166603000064], [-70.53208439099996, 41.889576600000055], [-70.52556738699997, 41.858738594000044], [-70.54206539099994, 41.83127158800005], [-70.54103038999995, 41.81576258500007], [-70.49404837299994, 41.773891579000065], [-70.47155236399993, 41.76157157700004], [-70.41247634399997, 41.74440557500003], [-70.29095730399996, 41.73432057700006], [-70.25920529199993, 41.71396257400005], [-70.21607327999993, 41.742989581000074], [-70.18925427099998, 41.751990584000055], [-70.12197824999998, 41.75884958700004], [-70.06431423199996, 41.77285359200005], [-70.02473421899998, 41.78737259600007], [-70.00846221499995, 41.80079459900003], [-70.00384221399997, 41.808528600000045], [-70.00901321899994, 41.87663361300008], [-70.00018821699996, 41.886946616000046], [-70.02433522499996, 41.89882861700005], [-70.03053722899995, 41.929162623000025], [-70.04499523399994, 41.93005762200005], [-70.05446423699993, 41.92737462200006], [-70.06901023899997, 41.884932613000046], [-70.07721224299996, 41.90203461600004], [-70.07400624399997, 41.93865862300004], [-70.07742124699996, 41.98550563200007], [-70.08377525099996, 42.012049637000075], [-70.09559525599997, 42.032840641000064], [-70.12304326599997, 42.051676644000054], [-70.15541527699997, 42.06241764500004], [-70.18681628699994, 42.050458641000034], [-70.19534528899999, 42.03417163800003], [-70.18629528499997, 42.02131663600005], [-70.19083428699997, 42.020036635000054], [-70.24538530699994, 42.063741642000025], [-70.22562630099998, 42.078609646000075], [-70.18930528899995, 42.08234564700007], [-70.11596826499994, 42.06764664700006], [-70.05853124399994, 42.04037164300007], [-70.03350123499996, 42.017744640000046], [-69.98608521499995, 41.94960562800003], [-69.96859820799995, 41.91170862100006], [-69.93595219199995, 41.80943060200008], [-69.92826118299996, 41.69170858000007], [-69.95777518899996, 41.620372565000025], [-69.98414619499994, 41.58079655700004], [-69.99095619499997, 41.54343154900005], [-70.00306219899994, 41.53776754800003], [-70.01360620299994, 41.55105455000006], [-69.99680519899994, 41.57018955400008], [-69.99221519899999, 41.60332756100007], [-69.97315319499995, 41.64697157000006], [-69.97571919599994, 41.653746571000056], [-70.00701120699995, 41.67158757400006], [-70.19106126599996, 41.64526756300006], [-70.24586728299994, 41.628487558000074], [-70.26542428899995, 41.609341554000025], [-70.26913029099995, 41.62575055700006], [-70.28132029499994, 41.635133558000064], [-70.31168730499996, 41.62741655600007], [-70.33806731399994, 41.636346557000024], [-70.35163431799998, 41.634695556000054], [-70.37915132599994, 41.61136955100005], [-70.43724634499995, 41.60533754800008], [-70.46127835099998, 41.57182854100006], [-70.48557135799996, 41.554252536000035], [-70.63360740499996, 41.538262529000065], [-70.65410441099993, 41.519033524000065], [-70.73430643499995, 41.486343516000034], [-70.75717144199996, 41.46992551200003], [-70.76086344299995, 41.460955510000076], [-70.79027045099997, 41.44634750600005], [-70.83586746599997, 41.44188550400003], [-70.86694647499996, 41.42238649900003], [-70.90276348699996, 41.421069498000065], [-70.94843150099996, 41.40920149400006], [-70.94986150199998, 41.41533149500003], [-70.92816549599996, 41.43127349900004], [-70.88030047999996, 41.43797750200008], [-70.85526547299997, 41.44890050400005], [-70.80218645599996, 41.46087250800008], [-70.74505343999994, 41.50097451800008], [-70.65865941399994, 41.54339352900007], [-70.65389941299998, 41.565168533000076], [-70.64094840999996, 41.577333536000026], [-70.65244941499998, 41.605218541000056], [-70.64000341199994, 41.624624545000074], [-70.65261441699994, 41.63783754700006], [-70.63763241299995, 41.654581551000035], [-70.64630841699994, 41.67844155600005], [-70.66147542199997, 41.681764556000076], [-70.64596241799995, 41.69380255900006], [-70.62544041099994, 41.69869956000008], [-70.62365241099997, 41.707406562000074], [-70.62652941299996, 41.71300356300003], [-70.64464141899998, 41.71898856300004], [-70.65659642199995, 41.71540956200005], [-70.71873944399994, 41.73574856400006], [-70.72633144599996, 41.73273956400004], [-70.72893344699997, 41.72344156200006], [-70.72130244399995, 41.71297656000007], [-70.71957544099996, 41.685010555000076], [-70.74439644999995, 41.69697555600004], [-70.75534745399995, 41.69433455500007], [-70.76236045399997, 41.66774355000007], [-70.75762245199996, 41.65427354700006], [-70.76546345399998, 41.64158354500006], [-70.77670945799997, 41.65076454600006], [-70.80911846899994, 41.65644554600004], [-70.81572947099994, 41.65280454500004], [-70.81635147099996, 41.64600354400005], [-70.80466446699995, 41.64116554300006], [-70.80106346499997, 41.62952154100003], [-70.81027946799998, 41.62488154000005], [-70.85251848199994, 41.626927539000064], [-70.85516248199997, 41.624153539000076], [-70.84322747699997, 41.59657353400007], [-70.85018147899996, 41.593537533000074], [-70.85344747899995, 41.58220353000007], [-70.86699548499996, 41.600483534000034], [-70.87266548799994, 41.62782453900007], [-70.88920949399994, 41.632912539000074], [-70.89456649499994, 41.62411853700007], [-70.91320250099994, 41.619274536000034], [-70.90452249799995, 41.61036953400003], [-70.90138149599994, 41.59251253100007], [-70.91081449899997, 41.59551453100005], [-70.92007450299997, 41.61081853400003], [-70.92972250599996, 41.60948753300005], [-70.92739350399995, 41.59407253000006], [-70.93133850499999, 41.58420852800003], [-70.93797850699997, 41.57742452700006], [-70.94879750999996, 41.57904652700006], [-70.93783050599995, 41.565247525000075], [-70.93154550299994, 41.54017752000004], [-70.94178550599997, 41.54012952000005], [-70.95329950799999, 41.515018514000076], [-70.96135451199996, 41.52970651700008], [-70.97922551799996, 41.53043551600007], [-70.98170851699996, 41.510078512000064], [-71.01935452999999, 41.50886551100007], [-71.04109553599994, 41.49467350800006], [-71.05841854199997, 41.50597550900005], [-71.08566355099998, 41.50930050900007], [-71.13686756699997, 41.493950504000054], [-71.14022456799995, 41.485863503000076], [-71.16734557599995, 41.47141349900005], [-71.17013157599996, 41.463982498000064], [-71.19302058299996, 41.45793949600005], [-71.19660758499998, 41.46476449700003], [-71.19016758399994, 41.484293501000025], [-71.20638258999998, 41.49922350300005], [-71.20078858899996, 41.51437950600007], [-71.21356359499998, 41.545826512000076], [-71.20778059599996, 41.600668523000024], [-71.21200459899995, 41.62299852700005], [-71.24070960799997, 41.61923352500003], [-71.24360060699996, 41.587516519000076], [-71.23613060399998, 41.574775517000035], [-71.23664260199996, 41.53586050900003], [-71.22798959899995, 41.528305508000074], [-71.24061460099995, 41.50056550200003], [-71.23675159899994, 41.48337749900003], [-71.24071059999994, 41.47488049700007], [-71.24670360199997, 41.471968497000034], [-71.24599260199994, 41.481310499000074], [-71.25269260399995, 41.485910499000056], [-71.28563961499998, 41.487813499000026], [-71.29511161799996, 41.48435849800006], [-71.30439461899994, 41.454510492000054], [-71.35109663399999, 41.45081048900005], [-71.36274363899997, 41.46038749100006], [-71.36152063899993, 41.46483949200007], [-71.34707063399998, 41.471238493000044], [-71.33599263099995, 41.46965549300006], [-71.32737962799996, 41.47639449500008], [-71.32782262899997, 41.48299349600006], [-71.34301363399999, 41.49562349800004], [-71.33069463099997, 41.50770750100003], [-71.33083163199996, 41.51837250300008], [-71.31307962699998, 41.534680507000076], [-71.30365262499998, 41.55993351200004], [-71.28514261999999, 41.577135516000055], [-71.27344561799998, 41.606998522000026], [-71.27523461899995, 41.61945252400005], [-71.25108261199995, 41.63878852900007], [-71.23323460699999, 41.64023853000003], [-71.21919060299996, 41.65367553300007], [-71.20498459799995, 41.65852753400003], [-71.19564059599998, 41.67509853800004], [-71.22479860799996, 41.710506544000054], [-71.24533561399994, 41.69486354000003], [-71.23535260899996, 41.67214253600008], [-71.25341661399995, 41.66060153300003], [-71.25469761399995, 41.64906753100007], [-71.28534662299995, 41.636861527000065], [-71.30139662899995, 41.649986530000035], [-71.30609563199994, 41.67258353400007], [-71.29311962899999, 41.688355537000064], [-71.29121762899996, 41.70267454000003], [-71.31482063799996, 41.723816543000055], [-71.33613164499997, 41.72496754300005], [-71.36013465399998, 41.74950254700008], [-71.36512565699996, 41.77751355200007], [-71.38128766299997, 41.78531155300004], [-71.39055766599995, 41.783716552000044], [-71.39083166599994, 41.778841552000074], [-71.38057466099997, 41.74595554600006], [-71.38105065999997, 41.727332542000056], [-71.36393765399998, 41.71739854100008], [-71.37298865399998, 41.67258353200003], [-71.37791065499994, 41.66665453000007], [-71.38988065999996, 41.671911531000035], [-71.39055165999997, 41.68410453300004], [-71.44133667699998, 41.68645453200003], [-71.44592367899997, 41.691152533000036], [-71.44931867999998, 41.68740953200006], [-71.44446867699997, 41.66441752800006], [-71.42545267099996, 41.670793530000026], [-71.40930266499998, 41.66265152900007], [-71.40377065899997, 41.58932951500003], [-71.44771267299996, 41.58040851100003], [-71.44256767099995, 41.56508350900003], [-71.41739866099994, 41.53454450300006], [-71.41493765899997, 41.51631150000003], [-71.42142565999995, 41.49863749600007], [-71.41840465799999, 41.472660491000056], [-71.43074466099995, 41.47064449100003], [-71.42793565999995, 41.45953748900007], [-71.43361266099998, 41.445003486000076], [-71.45584566699995, 41.43299448300007], [-71.45537166599996, 41.40797047800004], [-71.48329567299999, 41.371730470000045], [-71.52672468699996, 41.37664446900004], [-71.55538169599998, 41.37332446800008], [-71.62450571799997, 41.36087846300006], [-71.72074074799997, 41.331575454000074], [-71.78595776899994, 41.32574745100004], [-71.85743279099995, 41.306326445000025], [-71.86277279299998, 41.30979944500007], [-71.85956679199995, 41.32240844800003], [-71.86823579599996, 41.33094944900006], [-71.88630280199999, 41.33641845000005], [-71.91671081199996, 41.33222544800003], [-71.94565282099995, 41.337807448000035], [-71.97095582899993, 41.32453444500004], [-71.98219483299994, 41.32986944500004], [-71.98815383399995, 41.32058544300003], [-72.02189884499995, 41.31684644200004], [-72.08448786499997, 41.31964244000005], [-72.11182087299994, 41.299106435000056], [-72.13422187999998, 41.29940643500004], [-72.18412289799994, 41.32400543800003], [-72.20142290299998, 41.31570543600003], [-72.20402290299995, 41.29910543200003], [-72.21292490499997, 41.29137343000008], [-72.22527690999993, 41.299055431000056], [-72.24816191699995, 41.29949643100008], [-72.25132391799997, 41.290005429000075], [-72.26148791999998, 41.28293442700004], [-72.31776093799994, 41.277790424000045], [-72.33389494399995, 41.28292442500003], [-72.34864394799996, 41.27745442300005], [-72.34806894799993, 41.26970642200007], [-72.38662995999994, 41.26180641900004], [-72.39868896499996, 41.27818042200005], [-72.45192598199998, 41.27889342000003], [-72.47253998799994, 41.270111418000056], [-72.48569399199994, 41.270889417000035], [-72.50663499799998, 41.26010741500005], [-72.52941700599996, 41.26442941500005], [-72.54723601099994, 41.25050741100006], [-72.57113701999998, 41.268106414000044], [-72.61723803499996, 41.27200641300004], [-72.67234005299997, 41.267005410000024], [-72.69474505799997, 41.24497840500004], [-72.71059606399996, 41.24448840500003], [-72.71246106499996, 41.25417540700005], [-72.72244006799997, 41.25914640700006], [-72.76034207899994, 41.241243402000066], [-72.75747807999994, 41.26692140800003], [-72.78614308899995, 41.26480440600005], [-72.81873809899997, 41.25225240300006], [-72.84776810899996, 41.25669840200004], [-72.86134511199998, 41.24530540000006], [-72.89439312299999, 41.242416398000046], [-72.90407112599996, 41.24867439900004], [-72.89384612399994, 41.25990540200007], [-72.90548212799996, 41.270133403000045], [-72.90762212999994, 41.29620940800004], [-72.91308813199998, 41.29674540800005], [-72.92723013599993, 41.28201140500005], [-72.93856113899994, 41.280035404000046], [-72.92820713499998, 41.263733401000025], [-72.96204814499998, 41.25160539800004], [-73.01494915899997, 41.20430538700003], [-73.05065117099997, 41.21020538700003], [-73.05935117399997, 41.20670538600007], [-73.10549418699998, 41.172202377000076], [-73.11105318699998, 41.150805373000026], [-73.13025419299998, 41.14680537100003], [-73.17777520999994, 41.16670537400006], [-73.22829622499995, 41.14261036700003], [-73.23505922699997, 41.144004367000036], [-73.24795922999994, 41.12640436300006], [-73.26235923399997, 41.117504361000044], [-73.28676024299995, 41.12790436200004], [-73.33066125599998, 41.11000435700004], [-73.37229726899994, 41.104028355000025], [-73.35423226199998, 41.08564735200008], [-73.38722827099997, 41.05825534500008], [-73.42216628099999, 41.04757034200003], [-73.43506428599994, 41.056704343000035], [-73.45036529099997, 41.05710434300005], [-73.46824029599998, 41.05135534100003], [-73.47736529799994, 41.03600533800005], [-73.49332830399999, 41.04818134000004], [-73.51690431099996, 41.03874633700008], [-73.51676731099997, 41.02950533500007], [-73.52886731399997, 41.01640533200003], [-73.53278731599994, 41.03167833500004], [-73.55149532199994, 41.024344333000045], [-73.56766932599999, 41.01090533000007], [-73.57006932599995, 41.00160532800004], [-73.58396933099993, 41.000905327000055], [-73.58498933099997, 41.01054532900008], [-73.59570033499995, 41.016003330000046], [-73.64347934999995, 41.00217932600003], [-73.65733735299995, 40.98517932200008], [-73.65997335299994, 40.96840631800006], [-73.67807435799995, 40.96280631700006], [-73.68647435999998, 40.94520631300003], [-73.75677738099995, 40.91260730400006], [-73.77538438499994, 40.89203930000008], [-73.76717738199994, 40.886307299000066], [-73.77055338199995, 40.86033829400003], [-73.76512937999996, 40.85423629300004], [-73.76603337999995, 40.84496929100004], [-73.78031138399996, 40.84456829000004], [-73.78386838499995, 40.836803288000056], [-73.79225438899994, 40.85583329200006], [-73.79954439099998, 40.84803529000004], [-73.81281139499998, 40.84674528900007], [-73.81189039299994, 40.825371285000074], [-73.79733338799997, 40.81560528400007], [-73.78137038099999, 40.794915280000055], [-73.76830237799999, 40.800805282000056], [-73.75440137499999, 40.82684528800007], [-73.72827636799997, 40.85290829400003], [-73.72957636899997, 40.86650829600006], [-73.71367536399998, 40.87010729700006], [-73.67557435099997, 40.85700729600006], [-73.65587334499997, 40.86390729800007], [-73.65437334599994, 40.87820730100003], [-73.63377233999995, 40.89820630600008], [-73.61757233499998, 40.89790630600004], [-73.56997032099997, 40.91540631100003], [-73.54806931299998, 40.90870631100006], [-73.51500030299997, 40.91282931300003], [-73.49994229899994, 40.918174314000055], [-73.49176629699997, 40.94210531900006], [-73.48536629599994, 40.94640532000005], [-73.46370928799996, 40.93770531900003], [-73.43666527899995, 40.93490532000004], [-73.42986427699998, 40.929805319000025], [-73.42883727599997, 40.92151431700006], [-73.40607526899998, 40.920243318000075], [-73.40086326899996, 40.954005325000026], [-73.39286326599995, 40.95530532500004], [-73.37446325899998, 40.937605322000024], [-73.35276225199993, 40.92670532100004], [-73.33136124499998, 40.92960532200004], [-73.29506023299996, 40.92450532200007], [-73.22928621099999, 40.90512932100006], [-73.14899518599998, 40.92890632800004], [-73.14078618599996, 40.96618633600008], [-73.11036917599995, 40.971946338000066], [-73.08158316699996, 40.97306633900007], [-73.04370215399996, 40.96219333800008], [-72.99593213899993, 40.96650634100007], [-72.88825110399995, 40.96297034400004], [-72.82605808499994, 40.96980234700004], [-72.77410506799998, 40.96532234800003], [-72.70807004699998, 40.97785935300004], [-72.63556302399996, 40.981965356000046], [-72.58532800899997, 40.99759536100004], [-72.52154898999999, 41.03766037100007], [-72.47730697699996, 41.05222037500005], [-72.44524296899993, 41.086124383000026], [-72.41794595999994, 41.087963384000034], [-72.40262595499996, 41.096937386000036], [-72.35412394199994, 41.13996039600005], [-72.27878991899996, 41.15873040200006], [-72.26810091499993, 41.154154402000074], [-72.24534890799998, 41.16122540400005], [-72.23773190499998, 41.15644240300003], [-72.26512491299997, 41.128490397000064], [-72.30037492299994, 41.112282393000044], [-72.30004492399996, 41.132067396000025], [-72.30638192699996, 41.13784839700003], [-72.32663093299993, 41.13217039600005], [-72.33527193499998, 41.120282393000025], [-72.33517793399994, 41.10692539000007], [-72.31723892699995, 41.088667387000044], [-72.28037391499998, 41.08041038700003], [-72.27670991299993, 41.076730386000065], [-72.28309391499994, 41.06788238400003], [-72.27365791099999, 41.05154138200004], [-72.26051590599997, 41.04207338000003], [-72.22936489599994, 41.04436338200003], [-72.20185988699996, 41.03228338000008], [-72.19056388299998, 41.03258738100004], [-72.16289887499994, 41.05319538600003], [-72.15385787199995, 41.051867386000026], [-72.13729786599998, 41.039692384000034], [-72.13740986499994, 41.02391638100005], [-72.11636885699994, 40.99980437700003], [-72.10216085199994, 40.99151737500006], [-72.08303984599996, 40.99646137700006], [-72.07617584499997, 41.00910138000006], [-72.05158583699995, 41.00644538000006], [-72.05192883799998, 41.020514383000034], [-72.04746883599995, 41.022573383000065], [-72.03579283199997, 41.02076738300008], [-71.99926082199994, 41.03967738800003], [-71.96704081199994, 41.04778039100006], [-71.96107880999995, 41.054285392000054], [-71.95959581099999, 41.07124539600005], [-71.89925679199996, 41.080845400000044], [-71.88954378799997, 41.07570939900006], [-71.86447077999998, 41.07692640000005], [-71.85621477699993, 41.07060639900004], [-71.87391078199994, 41.05228639500007], [-71.90373679099997, 41.04017439100005], [-71.93568980099997, 41.03419038900006], [-72.11444885499998, 40.97209337100003], [-72.46999696299997, 40.84274833400008], [-72.86316508299996, 40.732970300000034], [-73.05496414099997, 40.66637928000006], [-73.23914119699998, 40.62510826600004], [-73.30639721899996, 40.62076426200008], [-73.32626322599998, 40.63310826400004], [-73.35146623399999, 40.630508263000024], [-73.41731225399997, 40.611136257000055], [-73.55909429799993, 40.58203524600003], [-73.61087431399994, 40.587711246000026], [-73.64090332399996, 40.58283124400003], [-73.77492936699997, 40.59076724000005], [-73.83440938499996, 40.577209236000044], [-73.94059241699995, 40.54290422500003], [-73.93156041599997, 40.57597023200003], [-73.99134743499997, 40.57035822900008], [-74.01202344199999, 40.574536229000046], [-74.00048743899998, 40.584093231000054], [-74.00328244099995, 40.59576223400006], [-74.03285745099998, 40.604429234000065], [-74.04241345499997, 40.624855238000066], [-74.03206745299997, 40.646487242000035], [-74.01827344899993, 40.65902724500006], [-74.02046845099994, 40.67877824900006], [-74.04728645999995, 40.69051125100003], [-74.06703046699994, 40.69107525000004], [-74.07159846699994, 40.67365324600007], [-74.06412446499996, 40.669769246000044], [-74.07152246599998, 40.660475244000054], [-74.08017846899997, 40.66305124400003], [-74.08680747099999, 40.651604242000076], [-74.06970146499998, 40.64122424000004], [-74.06759946299996, 40.623873237000055], [-74.05312645699996, 40.603686233000076], [-74.06231345899994, 40.590243230000056], [-74.13724247899995, 40.530084216000034], [-74.14442948199996, 40.535168217000034], [-74.21978850399995, 40.502611208000076], [-74.24668951199999, 40.496111205000034], [-74.26061251699997, 40.502444206000064], [-74.27082651999996, 40.48922420300005], [-74.26189051499995, 40.46471419900007], [-74.20978949799996, 40.447415197000055], [-74.20212949499995, 40.43894819600007], [-74.19390949199999, 40.441003196000054], [-74.18067448899995, 40.45798520000005], [-74.15709548099994, 40.447579199000074], [-74.13365947399996, 40.456786202000046], [-74.05898544799999, 40.422716198000046], [-74.00638443099996, 40.41111619700007], [-73.99850642799998, 40.410919197000055], [-73.99168342799999, 40.44291620400003], [-74.00367543199997, 40.44849720500008], [-74.00536443299995, 40.45963020700003], [-74.01933543799998, 40.47125220800007], [-74.01838443799994, 40.47794221000004], [-73.99794443199994, 40.47667621000005], [-73.98285642499997, 40.44857720500005], [-73.98225742299996, 40.42078720000006], [-73.97138241699997, 40.37171719000003], [-73.97744341499998, 40.299381176000054], [-74.03018242099995, 40.12282213900005], [-74.03131941999999, 40.10054913500005], [-74.06413642299998, 39.979165109000064], [-74.09690742099997, 39.763038065000046], [-74.14173443099997, 39.68944304900003], [-74.24050745499994, 39.55491901800008], [-74.27737146399994, 39.514072009000074], [-74.31103847499998, 39.50672300600007], [-74.31369047499999, 39.49388200300007], [-74.30218546999998, 39.47894300100006], [-74.30434447, 39.471452999000064], [-74.33480547799996, 39.43200899000004], [-74.36699148599996, 39.40202498300005], [-74.40669349699994, 39.37752397700007], [-74.41269349799995, 39.36082397300004], [-74.45989551199995, 39.34502396800008], [-74.52179852999996, 39.313823960000036], [-74.55115253799994, 39.29354695500007], [-74.56095854099993, 39.27868495100006], [-74.58100954599996, 39.270826949000025], [-74.61448255599998, 39.24466694300003], [-74.64659656399994, 39.212009935000026], [-74.65144456499996, 39.19858593200007], [-74.67143156999998, 39.179809928000054], [-74.71434257999994, 39.119811914000024], [-74.70441057599999, 39.10786591200008], [-74.70587757599998, 39.102944911000066], [-74.73831758499995, 39.074734904000024], [-74.77877859499995, 39.02308089200005], [-74.79272459699996, 38.991998885000044], [-74.81935560499994, 38.97940988200003], [-74.86445961699997, 38.94041787200007], [-74.88231062299997, 38.94176687200007], [-74.93357263799999, 38.92852686700007], [-74.96346464799996, 38.93120186700003], [-74.97199665099998, 38.94037786800004], [-74.94947164799999, 39.01564488500003], [-74.89778563699997, 39.09881890300005], [-74.88591563499995, 39.14363491300003], [-74.88716863699995, 39.15883291600005], [-74.90518264299999, 39.17495291800003], [-74.96238366199998, 39.19024592000005], [-75.02618068299995, 39.19362891800006], [-75.02638468399994, 39.21320392200005], [-75.03755568799994, 39.22167492300008], [-75.04848869099999, 39.21522992200005], [-75.11099870999993, 39.212466919000065], [-75.13666871699996, 39.18189091200003], [-75.16835272799995, 39.202562915000044], [-75.16397572699998, 39.21132791700006], [-75.17750773299997, 39.242753923000066], [-75.19186473799994, 39.245707923000055], [-75.20585874299996, 39.26262692600005], [-75.24164075499993, 39.27410492700005], [-75.25180775999996, 39.29992093200008], [-75.27163076599999, 39.30404893200006], [-75.28889977099993, 39.28956492800006], [-75.31520277999994, 39.31060093100007], [-75.33374478799993, 39.345342938000044], [-75.35555979499998, 39.347830937000026], [-75.36501779799994, 39.341395936000026], [-75.39003180699996, 39.35826693800004], [-75.39930581099998, 39.37949794200006], [-75.43180482199995, 39.39163294400004], [-75.46521383499999, 39.43893795200006], [-75.48357384099995, 39.44083195200005], [-75.50567384899995, 39.45293495300007], [-75.50838484999997, 39.459138954000025], [-75.53643285899994, 39.46056695400006], [-75.54436986299999, 39.47960995700004], [-75.54269486299995, 39.496575961000076], [-75.52714285799993, 39.50011996200004], [-75.52678885999995, 39.531447968000066], [-75.53401586299998, 39.54070997000008], [-75.51475785799994, 39.562619975000075], [-75.51273385899998, 39.57800797800007], [-75.55587187399993, 39.60583198200004], [-75.56193587599995, 39.60522398200004], [-75.57176087999994, 39.623591985000076], [-75.52674586799998, 39.655120993000025], [-75.51464486499998, 39.66862099600007], [-75.50974386399997, 39.686121], [-75.52974587099999, 39.692621], [-75.56224787899998, 39.656719992000035], [-75.58714888599997, 39.651019990000066], [-75.61315489299994, 39.62096798300007], [-75.61379489199999, 39.60619998000004], [-75.60358588799994, 39.58896797700004], [-75.56303587399998, 39.56224797300007], [-75.57036387399995, 39.52723096600005], [-75.56072986999999, 39.52047996500005], [-75.56693487099994, 39.50828096200007], [-75.57643787499995, 39.509202962000074], [-75.58773087699996, 39.49636095900007], [-75.59306987799994, 39.47919395500003], [-75.58990287599994, 39.46202995200008], [-75.57183186899994, 39.43890494800007], [-75.53851385699994, 39.41650994500003], [-75.51299784599996, 39.36616093600003], [-75.49415983899996, 39.354620934000025], [-75.49168983799996, 39.34397093200005], [-75.43902881999998, 39.313391928000044], [-75.43537581699997, 39.296683924000035], [-75.40296580499995, 39.254633917000035], [-75.40571780399995, 39.22384191100008], [-75.39301679899995, 39.204519907000076], [-75.39479179799997, 39.18836190400003], [-75.40826780199995, 39.17463290100005], [-75.41062680099998, 39.156253897000056], [-75.40203679299998, 39.06689287900008], [-75.38791578799999, 39.051181876000044], [-75.34576477299998, 39.02486487300007], [-75.31835576299994, 38.98819886600006], [-75.31160875899997, 38.96764486200004], [-75.31154375799997, 38.944640857000024], [-75.30255375499996, 38.93900985700003], [-75.31228375699999, 38.92460185300007], [-75.30407975399999, 38.913167851000026], [-75.19055371199994, 38.806868834000056], [-75.13402369299996, 38.78224983100006], [-75.10412268399995, 38.786243832000025], [-75.09854668299994, 38.80293383600008], [-75.093806681, 38.80381983600006], [-75.08947467999997, 38.79720583500006], [-75.06551166499997, 38.66103780800006], [-75.04894064799998, 38.45127076600005], [-75.06137164799998, 38.38947375200007], [-75.08551965199996, 38.324277738000035], [-75.09388965499994, 38.32343973800005], [-75.10294865699996, 38.31153273500007], [-75.15897166699995, 38.18424970700005], [-75.17739566999995, 38.13002169500004], [-75.21611867899998, 38.06179367900006], [-75.36477871399995, 37.86317363300003], [-75.38063971799994, 37.85170963000007], [-75.38605771999994, 37.85243163000007], [-75.39741972499996, 37.869464633000064], [-75.43900273799994, 37.86934263200004], [-75.45268274199998, 37.86351763000005], [-75.48927175099993, 37.83246462200003], [-75.52088275899996, 37.796694614000046], [-75.56295276899993, 37.73647660000006], [-75.61452877799996, 37.609303571000055], [-75.61286477599998, 37.57728756500006], [-75.60050577199996, 37.57389656500004], [-75.60216977199997, 37.567114563000075], [-75.67287878999997, 37.48370354300005], [-75.68630779299997, 37.47861154200007], [-75.68404979199994, 37.463237538000044], [-75.66444178599994, 37.464463539000064], [-75.65838078299998, 37.451822537000055], [-75.72074079899994, 37.373136518000024], [-75.73583080099996, 37.33543351000003], [-75.77881881199994, 37.297183500000074], [-75.78463581499994, 37.300983501000076], [-75.79844981899998, 37.29629249900006], [-75.79516581499996, 37.24710248900004], [-75.80990181799996, 37.21625648200006], [-75.81988382099996, 37.212470481000025], [-75.81738881899997, 37.19344447700007], [-75.89729983999996, 37.11804445800004], [-75.91578784499995, 37.11217645700003], [-75.91150984399997, 37.12288445900003], [-75.92779084999995, 37.130275460000064], [-75.95512385799998, 37.11975745700005], [-75.95298485599994, 37.10573145400008], [-75.94341885299997, 37.10066745300003], [-75.94240085199993, 37.089614451000045], [-75.95524285599998, 37.08383444900005], [-75.97187786099994, 37.08538344900006], [-75.97996186399996, 37.092177450000065], [-75.97000586299998, 37.128868458000056], [-75.97808486699995, 37.15734546400006], [-76.01307287999998, 37.205373473000066], [-76.01053688099995, 37.23158647900004], [-76.02575488699995, 37.25741448400004], [-76.01550888499997, 37.28088148900008], [-76.02347688799995, 37.289074490000075], [-76.01864688799998, 37.31782749600006], [-76.01425288699994, 37.33195050000006], [-75.98712388099995, 37.36855550800004], [-75.97997188099998, 37.404615516000035], [-75.98162588299994, 37.43412352200005], [-75.96087887799996, 37.46756953000005], [-75.96332787999995, 37.48179253300003], [-75.95896787899994, 37.50014053700005], [-75.94031987499994, 37.534589545000074], [-75.93730087499995, 37.551736548000065], [-75.94118387699996, 37.56384655100004], [-75.90958787099999, 37.62267856400007], [-75.86848285999997, 37.66823157500005], [-75.86835686099994, 37.687616579000064], [-75.85926385899995, 37.70311858300005], [-75.83768685299998, 37.71299258500005], [-75.82792385199997, 37.73799359100008], [-75.80304284499994, 37.76247159700006], [-75.81812685099999, 37.791705603000025], [-75.78460084199997, 37.806833607000044], [-75.74309882899996, 37.806663608000065], [-75.73588182699996, 37.81656861100004], [-75.71659182199994, 37.82670361300006], [-75.70911582099995, 37.84770761800007], [-75.68983881499997, 37.86182462200003], [-75.68529481499996, 37.87334862400007], [-75.68758581599997, 37.88634762700008], [-75.70962782399994, 37.900629629000036], [-75.75304983699993, 37.896612627000025], [-75.75879783899995, 37.89762262700003], [-75.75769583899995, 37.90391962800004], [-75.71206682599995, 37.93608963600008], [-75.70431982399998, 37.92901763500004], [-75.69394381999996, 37.93036963600008], [-75.66309681299998, 37.961202643000036], [-75.71315182899997, 37.97663064500006], [-75.73799883599997, 37.963533641000026], [-75.78381685099998, 37.97260164100004], [-75.83241586399998, 37.93332063100007], [-75.86072887199998, 37.91831762700008], [-75.88503387899993, 37.91172462500003], [-75.89831788399994, 37.92512162700007], [-75.89087288299999, 37.95485463400007], [-75.89895788699994, 37.974521638000056], [-75.87529888099994, 38.01197264600006], [-75.87319188199996, 38.034382651000044], [-75.85750887699999, 38.03878565200006], [-75.84792387399995, 38.034377652000046], [-75.82937686899999, 38.04315965400008], [-75.81291486499998, 38.05893965800004], [-75.81959286699998, 38.06682166000007], [-75.84426687499996, 38.07227966000005], [-75.85894587899998, 38.06733065800006], [-75.85888287899996, 38.06014265700003], [-75.87150488299994, 38.05887765600005], [-75.88051688699994, 38.07501865900008], [-75.86381188299998, 38.10097566500008], [-75.83756487499994, 38.113760669000044], [-75.82767587299998, 38.13344567300004], [-75.84386387899997, 38.144606675000034], [-75.86863788599999, 38.13438867200006], [-75.90035689599995, 38.14115767200008], [-75.93709090699997, 38.12421666700004], [-75.93848590699997, 38.109983664000026], [-75.94955891099994, 38.11813466600006], [-75.95961791499997, 38.137148669000055], [-75.94753591299997, 38.16828167600005], [-75.95156791499994, 38.17810067800008], [-75.94237691199999, 38.187073680000026], [-75.88807489599998, 38.20382068600003], [-75.87775289299998, 38.19829968500005], [-75.86410588899997, 38.20086568600004], [-75.84637888399999, 38.210484688000065], [-75.85139788599997, 38.22643969100005], [-75.87031989299999, 38.243439694000074], [-75.88343689699997, 38.244452694000074], [-75.88935789899995, 38.239507693000064], [-75.88567789699994, 38.231013691000044], [-75.89569089999998, 38.22856869000003], [-75.91729890899995, 38.26313369700006], [-75.90137490499995, 38.28603870200004], [-75.90315790599993, 38.29788470400007], [-75.88247990199994, 38.329121712000074], [-75.87165089799998, 38.332266713000024], [-75.86180189599997, 38.347577716000046], [-75.86358389699996, 38.359506718000034], [-75.91456691199994, 38.339282712000056], [-75.94082991799996, 38.29844370300003], [-75.93857891599998, 38.27233669800006], [-75.95490991999998, 38.26400569600003], [-75.95454391999994, 38.25290169300007], [-75.94069891499998, 38.24690969300008], [-75.94641591599998, 38.238897691000034], [-75.97221392399996, 38.23330768900007], [-75.96875092399995, 38.24591569100005], [-75.98427592999997, 38.26516269500007], [-75.98581693099999, 38.27647369700003], [-76.00737693899998, 38.30432570200003], [-76.01736594199997, 38.30911370300004], [-75.96929192799996, 38.32017170700004], [-75.96423892699994, 38.32429270800003], [-75.96194992699998, 38.34143871100008], [-75.97387793199994, 38.36585771600005], [-76.00228394099997, 38.37448471700003], [-76.01187094399995, 38.360589713000024], [-76.01668394399996, 38.332436707000056], [-76.04161995099997, 38.32214470400004], [-76.04958195299997, 38.309601702000066], [-76.05022195199996, 38.30410870000003], [-76.02748894399997, 38.28011569600005], [-76.04425294699996, 38.24938068900008], [-76.03204594199997, 38.21669168300008], [-76.05801194999998, 38.22708668400003], [-76.07489895699996, 38.252188689000036], [-76.09972196499996, 38.25365468800004], [-76.13551497499998, 38.23219268300005], [-76.14978897899994, 38.23450068300008], [-76.16549098499996, 38.24280468400008], [-76.23011200899998, 38.31978569700004], [-76.25766901799994, 38.32486269700007], [-76.26555002199996, 38.34093770000004], [-76.25000201799998, 38.362311705000025], [-76.27019702499996, 38.374598707000075], [-76.28227302999994, 38.39312571000005], [-76.28302203099997, 38.413519715000064], [-76.33156104999995, 38.47355572500004], [-76.33636205199997, 38.492242729000054], [-76.32725904999995, 38.500128731000075], [-76.26397003099999, 38.503459734000046], [-76.24730202699999, 38.52382573800003], [-76.24439802599994, 38.536973741000054], [-76.24888702799996, 38.53903074100003], [-76.27810803699998, 38.53247573900006], [-76.27964203899995, 38.557238744000074], [-76.29004504299996, 38.56916574600007], [-76.30832304799998, 38.57177674600007], [-76.26863503699997, 38.597760753000045], [-76.27959104199994, 38.609527755000045], [-76.23665202899997, 38.62860576000003], [-76.23118902699997, 38.614017757000056], [-76.21242901999995, 38.606745757000056], [-76.17006800899998, 38.62923276300006], [-76.16591300499994, 38.59869175700004], [-76.15108100099997, 38.59471875600008], [-76.13869899699995, 38.60175675800008], [-76.11112798799996, 38.58401575600004], [-76.08890498099998, 38.59023975800005], [-76.04104796399997, 38.55729675300006], [-76.02651395999999, 38.56682775500008], [-76.03471396399993, 38.58392275800003], [-76.05277696999997, 38.602406761000054], [-76.08522098199995, 38.62459976500003], [-76.11528699099995, 38.62339276400007], [-76.12764599599996, 38.635275765000074], [-76.14716000199996, 38.63684776500003], [-76.15561300599995, 38.65809076900007], [-76.17516101299998, 38.673243772000035], [-76.20033601999995, 38.670781770000076], [-76.23872703499995, 38.71285277700008], [-76.23868703599999, 38.735441782000066], [-76.25509504099995, 38.73648378200005], [-76.27027904499994, 38.72439277800004], [-76.27501704599996, 38.71272177600008], [-76.29850105399998, 38.71801277600008], [-76.29940305499997, 38.727402778000055], [-76.31614805999999, 38.72959377800004], [-76.32554806199994, 38.71770577500007], [-76.32784306199994, 38.703734772000075], [-76.32242005899997, 38.67931176700006], [-76.34034306399997, 38.67125276500008], [-76.34800006699999, 38.68624176800006], [-76.34130406899999, 38.751908782000044], [-76.33462106799993, 38.77291878600005], [-76.310083062, 38.796853792000036], [-76.30892406299995, 38.81335379500007], [-76.30089106099996, 38.82619779800007], [-76.27741305399996, 38.83142680000003], [-76.27157705299999, 38.85177880400005], [-76.26422305099999, 38.85157980500003], [-76.26581005099996, 38.84751980400006], [-76.24588804399997, 38.822239799000045], [-76.21933003499998, 38.812378798000054], [-76.19814002799995, 38.81444779900005], [-76.19343202699997, 38.82179480100007], [-76.19109202699997, 38.82966780300006], [-76.20260003199996, 38.86262380900007], [-76.20364003699996, 38.92838982200004], [-76.21384403999997, 38.937373824000076], [-76.23204004599995, 38.94252582400003], [-76.25015905199996, 38.93867482300004], [-76.24802504999997, 38.92379782000006], [-76.25639905299994, 38.918836818000045], [-76.26222805499998, 38.91998381800005], [-76.27308505899998, 38.941934823000054], [-76.29591306599997, 38.92867081900005], [-76.29943306599995, 38.91854981700004], [-76.29325606299994, 38.902575814000045], [-76.30842706799996, 38.89841181200006], [-76.31794907099999, 38.91131981500007], [-76.33610607699995, 38.90598481300003], [-76.33402107299997, 38.860245804000044], [-76.36114308099997, 38.851999801000034], [-76.36819708299998, 38.83613279800005], [-76.37508808499996, 38.839481798000065], [-76.37620408599997, 38.850468800000044], [-76.36468008399999, 38.87383880500005], [-76.36172908699996, 38.93918281900005], [-76.32268107799996, 38.99960983200003], [-76.32027607899994, 39.02302083700005], [-76.31176807699995, 39.035264840000025], [-76.30184907399996, 39.03965884100006], [-76.30284807399994, 39.025835838000035], [-76.29396406899997, 39.00395583400007], [-76.27748006299998, 38.98249983100004], [-76.25881505699994, 38.98367183100004], [-76.22927904799997, 38.97758783100005], [-76.21893104399999, 38.97054583000005], [-76.20236203899998, 38.973086831000046], [-76.16399002899993, 38.99954883800007], [-76.16361802899996, 39.01006484000004], [-76.18420903799995, 39.04627184700007], [-76.17528603599999, 39.05881285000004], [-76.15896203099999, 39.06549385200003], [-76.14517602799998, 39.09283185800007], [-76.18391004099993, 39.09635185700006], [-76.20338504599994, 39.08563385400004], [-76.21261804599999, 39.04116584500008], [-76.20066804099997, 39.01452784000003], [-76.20911604299994, 39.01001783900006], [-76.23176705099996, 39.01852583900006], [-76.24268905499997, 39.028933841000025], [-76.23111905299999, 39.061024848000045], [-76.23345905599996, 39.09139285400005], [-76.26089606699998, 39.143409864000034], [-76.27852907299996, 39.14577186300005], [-76.27463907299995, 39.165497868000045], [-76.25103406799997, 39.199221875000035], [-76.21934006199996, 39.262004889000025], [-76.21125505999998, 39.269819891000054], [-76.20303305699997, 39.269878891000076], [-76.18149805199994, 39.29180489600003], [-76.17678005099998, 39.30645489900007], [-76.18664905499998, 39.31548290100005], [-76.17042405099994, 39.33210190500006], [-76.13322703899996, 39.34049890800003], [-76.13495204099996, 39.35107791000007], [-76.11635803499996, 39.360932913000056], [-76.11052903399997, 39.37226491500007], [-76.04984801499995, 39.37065191700003], [-76.02299200599998, 39.361903916000074], [-76.00241, 39.367508918000055], [-76.00251700099994, 39.38503192200005], [-76.03557001199994, 39.386187921000044], [-76.04096401399994, 39.39424492200004], [-76.03500401199994, 39.40200192400005], [-76.00688200399998, 39.414534927000034], [-75.99739800199995, 39.43032193100004], [-75.98258699799999, 39.43529493200003], [-75.97674899699996, 39.44463493400008], [-75.99000700199997, 39.458653937000065], [-75.99827800399999, 39.45718993600008], [-76.00251500499996, 39.45021193500003], [-76.01231400799998, 39.45312293500007], [-75.99657200499996, 39.47666594000003], [-75.97605900199994, 39.52997595200003], [-75.96695699899993, 39.53865795400003], [-75.97033900099996, 39.557644957000036], [-75.99263500899997, 39.56310595800005], [-76.00634301199995, 39.55035995500003], [-76.06381302999995, 39.54661795200008], [-76.09607403999996, 39.53691994900004], [-76.117255044, 39.496075940000026], [-76.11393104199993, 39.48670893800005], [-76.09831703699996, 39.47612393600008], [-76.07197702799994, 39.47505493700004], [-76.06099102299999, 39.44772993200007], [-76.08117802899994, 39.43671992900005], [-76.10223403499998, 39.435666928000046], [-76.14637504699994, 39.40531792000007], [-76.15877605099996, 39.40631792000005], [-76.18007605599996, 39.37761691400004], [-76.19076905999998, 39.375931913000045], [-76.22416306899999, 39.35278790700005], [-76.23987907399999, 39.361415908000026], [-76.25052707899994, 39.379298911000035], [-76.24161407699995, 39.404004917000066], [-76.22462007299998, 39.42567292200005], [-76.23103707699994, 39.456417928000064], [-76.25159608299998, 39.44962792500007], [-76.25480508199996, 39.41190191800007], [-76.26906608599995, 39.403086915000074], [-76.26882808499994, 39.38866791300006], [-76.28570308899998, 39.36772390800007], [-76.26692708199994, 39.35614690600005], [-76.25658807799994, 39.338869903000045], [-76.27608008299995, 39.322915899000066], [-76.28174908399996, 39.29966789400004], [-76.29661108799996, 39.30114489400006], [-76.28962508699993, 39.31717489700003], [-76.29878009099997, 39.329215900000065], [-76.29568009099995, 39.35001590400003], [-76.32076109899998, 39.35816890500007], [-76.30590609499995, 39.36441690600003], [-76.30400509499998, 39.38150391000005], [-76.31529509899997, 39.38931091100005], [-76.35712611299994, 39.394086910000055], [-76.35926511299994, 39.381411908000075], [-76.34179610699994, 39.37415490700005], [-76.34334110599997, 39.358719904000054], [-76.33556510299996, 39.34228690100008], [-76.34766110699996, 39.34305890100006], [-76.35094710699997, 39.33114889800004], [-76.32918609899997, 39.31504389600008], [-76.33658410099997, 39.30511889300004], [-76.36439210999998, 39.31184789400004], [-76.38018111399998, 39.298600890000046], [-76.38490311399994, 39.27593588600007], [-76.34382809999994, 39.257263883000064], [-76.34999610199998, 39.24882988200005], [-76.41768312099998, 39.21981587300007], [-76.42528312299999, 39.20571587000006], [-76.44248412699994, 39.195415867000065], [-76.46348513499998, 39.20591586900008], [-76.49838614599997, 39.204815867000036], [-76.50098614699994, 39.20938386800003], [-76.49605014599996, 39.21918987000004], [-76.50318014899995, 39.232078873000034], [-76.51256915099998, 39.22848787100003], [-76.52088815499997, 39.241098874000045], [-76.53594515999998, 39.24148787300004], [-76.54530316299997, 39.25325887500003], [-76.57745517399997, 39.264564876000065], [-76.58648717699998, 39.26134487500008], [-76.55930316599995, 39.23335687100007], [-76.56450216699994, 39.22462186900003], [-76.55535116399994, 39.21697986800007], [-76.53428715699994, 39.21321586800008], [-76.53418715599997, 39.19061586300006], [-76.52578715199996, 39.17791586100003], [-76.50092814399994, 39.16129385800008], [-76.47598513599996, 39.16111685900006], [-76.42868311899997, 39.131716855000036], [-76.43298311999996, 39.11321685100006], [-76.42186211399996, 39.081449845000066], [-76.43893011799997, 39.052795839000055], [-76.40508310599995, 39.03321883600006], [-76.39408210099998, 39.01131883200003], [-76.42218310899995, 38.98901882700005], [-76.44898311699995, 38.98281882400005], [-76.45458311799996, 38.97451982200005], [-76.47420012399994, 38.97265482100005], [-76.47128312199999, 38.95651981800006], [-76.45028211499994, 38.94112081600008], [-76.46188211699996, 38.92402081200004], [-76.45948111499996, 38.90712080900005], [-76.46938211899999, 38.90762080800005], [-76.47576312099994, 38.91447681000005], [-76.49368212599995, 38.91002080800007], [-76.49068212399999, 38.88482180300008], [-76.51944413099994, 38.86314279800007], [-76.51694612999995, 38.851164795000045], [-76.50928712699994, 38.848395795000044], [-76.49658112399999, 38.85312279600004], [-76.48988012099994, 38.842822795000075], [-76.49888012199995, 38.81752378900006], [-76.51008012499994, 38.80122378500005], [-76.52468112899999, 38.79502378400008], [-76.53538113099995, 38.778123780000044], [-76.55988613799997, 38.76736877700006], [-76.55274513399996, 38.735357770000064], [-76.54447713099995, 38.72771276900005], [-76.52718212599996, 38.72706977000007], [-76.53240012499998, 38.678370760000064], [-76.51128011399999, 38.615752748000034], [-76.51750811199997, 38.53915673200004], [-76.50602510599998, 38.50461772500006], [-76.49270110099997, 38.482856721000076], [-76.41538607299998, 38.41468971000006], [-76.38623106199998, 38.38202070400007], [-76.38700406099997, 38.361274700000024], [-76.41922306799995, 38.32292369100003], [-76.45184207799997, 38.32110369000003], [-76.46824108399994, 38.32893469100003], [-76.47632308599998, 38.31355168700003], [-76.45279207699997, 38.29322068400006], [-76.43758107199994, 38.29266168400005], [-76.40289606299996, 38.31140968900007], [-76.37502505299994, 38.29942668800004], [-76.39417305799998, 38.278240683000035], [-76.39932205899999, 38.25929167900006], [-76.38524605199996, 38.21775867100007], [-76.32970703099994, 38.15519166000007], [-76.32013802699998, 38.138346657000056], [-76.33853703199998, 38.11947965200005], [-76.31947802099995, 38.043322637000074], [-76.32209502199998, 38.03651063600006], [-76.33281402599994, 38.049945638000054], [-76.35275203199996, 38.05318963800005], [-76.36123903499998, 38.05954963900007], [-76.39233704699996, 38.10290364700006], [-76.42121605699998, 38.10604664600004], [-76.43984306399994, 38.13894065300008], [-76.43544206299998, 38.146636654000076], [-76.43888806499996, 38.16084165700005], [-76.46966807399997, 38.15336565500007], [-76.46099207099996, 38.13542065100006], [-76.46980007199994, 38.11927164700006], [-76.46533206999999, 38.105837645000065], [-76.47326807299999, 38.10304264400003], [-76.49984408299997, 38.13719665000008], [-76.51482608799995, 38.14122665000008], [-76.52987009199995, 38.13409064800004], [-76.55295910199999, 38.18721665800007], [-76.59063911499999, 38.21421966300005], [-76.67346414199994, 38.23440866400006], [-76.74005716299996, 38.23523466200004], [-76.75228816599997, 38.22212865800003], [-76.79745418099998, 38.236925660000054], [-76.81192918599999, 38.25212266200003], [-76.80522618399993, 38.253655663000075], [-76.80234918499997, 38.28075066900004], [-76.81843319099994, 38.29592567100008], [-76.83269419699997, 38.33014667800006], [-76.84160720099999, 38.33676567900005], [-76.82710819699997, 38.34739168100003], [-76.85610520599994, 38.35857468300003], [-76.86989120899995, 38.33182467700004], [-76.85872020499994, 38.32483267600003], [-76.83480519499994, 38.27401966600007], [-76.84214119599994, 38.25449866200006], [-76.86429420399998, 38.26895266400004], [-76.92093422299996, 38.291575667000075], [-76.92217922399993, 38.311346671000024], [-76.92955622699998, 38.32109567200007], [-76.97549424299996, 38.34733467600006], [-76.98358424599996, 38.36300667900008], [-76.98828224999994, 38.39498268500006], [-77.01637326099996, 38.44557969500005], [-77.04419026999994, 38.44302369300004], [-77.07549127799996, 38.424717688000044], [-77.09107528199996, 38.40755368400005], [-77.12332729199994, 38.41065368300008], [-77.13673029499995, 38.39180667900007], [-77.20731431499996, 38.35987467000007], [-77.25017432999994, 38.38278867300005], [-77.26424033599994, 38.414289679000035], [-77.25996433599994, 38.43582868400006], [-77.27422234299996, 38.48177769200004], [-77.26360134199996, 38.51235169900008], [-77.23772633599998, 38.55187770800006], [-77.22111933099995, 38.55522470900007], [-77.18376932299998, 38.60070672000006], [-77.16967331899997, 38.606877722000036], [-77.14865331199996, 38.60560772200006], [-77.11054130099996, 38.62682772800008], [-77.10614429999998, 38.634254730000066], [-77.15750331699996, 38.636424728000065], [-77.17490432099999, 38.62422472500003], [-77.20200432899998, 38.61722472300005], [-77.21630533499996, 38.637824726000076], [-77.24670634399996, 38.63522472500006], [-77.24700534199997, 38.590625715000044], [-77.26443234599998, 38.58285271300008], [-77.26083234399994, 38.56533771000005], [-77.27660534799998, 38.547127706000026], [-77.28350534899994, 38.52522870100006], [-77.31033635499995, 38.49393369400008], [-77.32544235699999, 38.448857684000075], [-77.31072134999994, 38.397676674000024], [-77.31729035099994, 38.38358367100005], [-77.29607934399996, 38.369804669000075], [-77.27963533699995, 38.339451663000034], [-77.26529733199999, 38.33317266200004], [-77.24007432399998, 38.33160566300006], [-77.16269430099999, 38.34600166900003], [-77.13822629399994, 38.36792467400005], [-77.08481227799996, 38.36830467600004], [-77.06995827399999, 38.377902679000044], [-77.05603427099999, 38.39620768300006], [-77.04352826699994, 38.40055568400004], [-77.01182925599994, 38.374561680000056], [-77.01693425499997, 38.34170467300004], [-77.03068525799995, 38.31163066700003], [-76.99767224599998, 38.278054661000056], [-76.98137423999998, 38.27422166100007], [-76.96215223299998, 38.25649365800007], [-76.95741923099996, 38.23634865400004], [-76.96733723299997, 38.22719265200004], [-76.96231323099994, 38.214082649000034], [-76.91083421399998, 38.19708064800005], [-76.87527420099997, 38.172214644000064], [-76.83879718999998, 38.16348364300006], [-76.78844717399994, 38.16920664600008], [-76.76024316499996, 38.166588647000026], [-76.72172415199998, 38.13764264200006], [-76.70129914599994, 38.155725647000054], [-76.68489414099997, 38.15650464700008], [-76.66512913499997, 38.14764564600006], [-76.62947812399995, 38.15305764900006], [-76.61394111899995, 38.14859464800003], [-76.60093911299998, 38.110091641000054], [-76.54315709299993, 38.076978636000035], [-76.51654908199998, 38.02657362700006], [-76.46934506599996, 38.01355162600004], [-76.46254406299994, 37.99857962300007], [-76.41630104699993, 37.96683561800006], [-76.34385002399995, 37.947352616000046], [-76.26599999699994, 37.911387612000055], [-76.23672698699994, 37.88918160800006], [-76.25135998799993, 37.83307959600006], [-76.27517999499997, 37.812671591000026], [-76.28259399699994, 37.81411659100007], [-76.28490599799994, 37.82231559300004], [-76.29352700099997, 37.82272459200004], [-76.30748400499994, 37.81235759000003], [-76.31211000299999, 37.750529577000066], [-76.30491899899994, 37.72992057300007], [-76.31286000099993, 37.72034557000006], [-76.30006899599994, 37.69537156600006], [-76.302546996, 37.689007564000065], [-76.32481000299998, 37.676990561000025], [-76.33989400599995, 37.65597355600005], [-76.33256400299996, 37.64582455400006], [-76.29253598999998, 37.63610555400004], [-76.28037198499999, 37.613722549000045], [-76.30917599499998, 37.62189955000008], [-76.36232200999996, 37.61037554600006], [-76.38110801699997, 37.62701054900003], [-76.39923802299995, 37.62864354800007], [-76.47239404799996, 37.66577955300005], [-76.48957805299995, 37.66620855300005], [-76.49756605399995, 37.64706354900005], [-76.51018905799998, 37.642331547000026], [-76.53655006699995, 37.66358155100005], [-76.53723006999996, 37.69889955800005], [-76.58429108799999, 37.768897571000025], [-76.65141510999996, 37.796246574000065], [-76.68019912099999, 37.82566157900004], [-76.70160812699999, 37.822684578000064], [-76.72215813499997, 37.836687580000046], [-76.73839714099995, 37.865380585000025], [-76.74755414499998, 37.87587158700006], [-76.76571315099994, 37.87928158700004], [-76.76877415299998, 37.89913659100006], [-76.79848416299996, 37.92520159600008], [-76.83663117599997, 37.93420059600004], [-76.84625717899996, 37.94872759900005], [-76.85160518299995, 37.973182604000044], [-76.86800518799998, 37.983673605000035], [-76.90033019899994, 37.998659607000036], [-76.91827420499999, 37.99903360700006], [-76.92742520699994, 37.98180060300007], [-76.90496419899995, 37.97252660200007], [-76.88820819299997, 37.95191359800003], [-76.84618217799994, 37.91852059300004], [-76.80632716399998, 37.89660458900005], [-76.72386513199996, 37.78851057000003], [-76.68377711999995, 37.78139857000008], [-76.68337411899995, 37.765514567000025], [-76.67700411599998, 37.756107565000036], [-76.61971209799998, 37.74480256500004], [-76.61997209699996, 37.73127856200006], [-76.59721508899997, 37.71727656000007], [-76.59787008899997, 37.70292555700007], [-76.57959308099998, 37.67151555100003], [-76.58314508199999, 37.661993549000044], [-76.57405107799997, 37.64678854600004], [-76.54266806699997, 37.61686454100004], [-76.52719006199999, 37.61132254000006], [-76.43547603299999, 37.61281454400006], [-76.41078302399995, 37.58182253800004], [-76.38319001499997, 37.57306353700005], [-76.35783700699994, 37.57370653800007], [-76.30014598899999, 37.561741538000035], [-76.30276398899997, 37.55130253600004], [-76.33059999699998, 37.53639853100003], [-76.34899400199998, 37.53655553100003], [-76.36047600499995, 37.51924752700006], [-76.35268000199994, 37.504920524000056], [-76.32947199399996, 37.49492752300006], [-76.30695398699999, 37.497495524000044], [-76.29360098399997, 37.516506529000026], [-76.28104497999993, 37.50782852700007], [-76.26505797299995, 37.48137252200007], [-76.25241696699999, 37.44728151600003], [-76.24528496199997, 37.38684650300007], [-76.24846196199996, 37.37514250100003], [-76.26484896599999, 37.35740649600007], [-76.27555396699995, 37.30997148600005], [-76.28255696999997, 37.319114488000025], [-76.30858297799995, 37.329373489000034], [-76.33747798899998, 37.36402149500003], [-76.38711400599993, 37.38506849800007], [-76.39312700799996, 37.39807550000006], [-76.41516901499995, 37.40214050000003], [-76.41817801499997, 37.38507149700007], [-76.43752702099994, 37.379757495000035], [-76.44533502299998, 37.36646749200003], [-76.40639000899995, 37.332931486000064], [-76.38777200199996, 37.30767748200003], [-76.38107699799997, 37.28534747700007], [-76.34949098799996, 37.273970476000045], [-76.41717500799996, 37.263957471000026], [-76.42176700899995, 37.25520546900003], [-76.42914301199994, 37.253317469000024], [-76.47592902599996, 37.25055046700004], [-76.48284202799994, 37.25483846700007], [-76.49330403099998, 37.24947746600003], [-76.50364203399994, 37.233863462000045], [-76.47180102299995, 37.21602345900004], [-76.38979499799996, 37.222988464000025], [-76.39605399899995, 37.201094459000046], [-76.38928599599996, 37.19351045800005], [-76.39125399599999, 37.17989445500007], [-76.39966099699996, 37.160279450000075], [-76.38138099199995, 37.15571845000005], [-76.34865998199996, 37.17066245400008], [-76.33401897599998, 37.14423044900008], [-76.31108996899997, 37.13850244900004], [-76.29234596199996, 37.126622447000045], [-76.27126395399995, 37.08455143900005], [-76.30427395899994, 37.00138542000008], [-76.31500996299997, 37.001690420000045], [-76.31806696399997, 37.01385342200007], [-76.34066797099996, 37.01525342200006], [-76.34806797299996, 37.00675442000005], [-76.38336898299997, 36.993354416000045], [-76.41176999099997, 36.962854408000055], [-76.42887099599994, 36.969954409000024], [-76.45212000499998, 36.99817041400007], [-76.44823300399997, 37.00771241600006], [-76.46447300999995, 37.02755442000006], [-76.51824402799997, 37.055358424000076], [-76.52627503099995, 37.062954425000044], [-76.52620503199995, 37.07778042800004], [-76.53687703599996, 37.08394942900003], [-76.55506804099997, 37.07586642700005], [-76.56422104399996, 37.07751442700004], [-76.57950104999998, 37.09663443100004], [-76.61825406299994, 37.11935443400006], [-76.62478206499998, 37.12709843500005], [-76.62225406499994, 37.142153439000026], [-76.60447806099995, 37.16004144300007], [-76.62329406899994, 37.198745451000036], [-76.649871078, 37.22092145400006], [-76.68916808999995, 37.222873453000034], [-76.73095310299993, 37.21382045000007], [-76.74000210399998, 37.19538644600004], [-76.75047210699995, 37.19010544400004], [-76.78053411799993, 37.20934344700004], [-76.79353912299996, 37.23125545100004], [-76.82218013199997, 37.243649453000046], [-76.85842614399996, 37.241392451000024], [-76.87221114899995, 37.26275745500004], [-76.90762615899996, 37.242608450000034], [-76.93614716699994, 37.23882444800006], [-76.94838817099998, 37.230876446000025], [-76.90845715699999, 37.202674441000056], [-76.89092915099997, 37.19951344100008], [-76.86570614399994, 37.20903144400006], [-76.80251312399997, 37.19831544400006], [-76.79690712199994, 37.18941144300004], [-76.73728210099995, 37.14617143600003], [-76.71529709399994, 37.14804243700007], [-76.69673708999994, 37.174410443000056], [-76.69192008999994, 37.19573844800004], [-76.68561608799996, 37.19885844800007], [-76.66377607999993, 37.17388244400007], [-76.67147208099993, 37.15874644000007], [-76.67159007999999, 37.14206743700004], [-76.65689607399997, 37.10985043100004], [-76.66982407599994, 37.06426742100007], [-76.66256007199996, 37.045755417000066], [-76.64601506699995, 37.03623541600007], [-76.61212605599997, 37.03561141700004], [-76.58649304799997, 37.028747416000044], [-76.56292503899994, 37.003803412000025], [-76.52485502699994, 36.98384040900004], [-76.51336502199996, 36.96806440600005], [-76.50035701799999, 36.965219406000074], [-76.48756101299995, 36.952379403000066], [-76.48337100899994, 36.89624639200008], [-76.46991600399997, 36.88290538900003], [-76.454694, 36.884084390000055], [-76.453943, 36.89274739200005], [-76.44160699699995, 36.906123395000066], [-76.40750898599998, 36.89745139400003], [-76.38756897999997, 36.89955439600004], [-76.38586897999994, 36.923254401000065], [-76.35376697099997, 36.922754402000066], [-76.34943496799997, 36.89517539600007], [-76.318060958, 36.88519639500004], [-76.31413895699995, 36.902493399000036], [-76.32602296099998, 36.90372939900004], [-76.32828096199995, 36.915036401000066], [-76.32736696399996, 36.959454410000035], [-76.31586896099998, 36.95535841000003], [-76.29766495599995, 36.968154413000036], [-76.26796394599995, 36.96455441300003], [-76.22166193099997, 36.93955441000003], [-76.13955890399995, 36.92305440900003], [-76.09550988999996, 36.908824407000054], [-76.05815587899997, 36.91695441000007], [-76.03345587199993, 36.93195341400008], [-76.01375486599994, 36.93075341500003], [-75.99625385999997, 36.92205441400006], [-75.94955183699994, 36.76115738100003], [-75.87414680499995, 36.58386034600005], [-75.81873677599998, 36.35758629900005], [-75.77251175499998, 36.22944727300006], [-75.71831173299995, 36.11368125000007], [-75.65853870999996, 36.02043723200006], [-75.56979567499997, 35.86330820000006], [-75.53301365999994, 35.787384185000064], [-75.53642966099994, 35.78012518300005], [-75.54326066299996, 35.77969818300005], [-75.55201866599998, 35.79503718600006], [-75.56306266999997, 35.79927218700004], [-75.60125168499997, 35.86730920000008], [-75.62291069299994, 35.89232820500007], [-75.62332669399996, 35.90910020800004], [-75.64720670299994, 35.95433221800005], [-75.66707170999996, 35.97138822100004], [-75.67891071499997, 35.99393222500004], [-75.72366372899995, 36.00314622600007], [-75.72708573099999, 36.01051722700004], [-75.72261072999999, 36.03736923300005], [-75.73708973499998, 36.04079123300005], [-75.74051173599997, 36.04684623500003], [-75.73972173799996, 36.07527724100004], [-75.75893174699996, 36.15222225700006], [-75.79328776199998, 36.22643927200005], [-75.81158976799998, 36.24402127500008], [-75.80816676799998, 36.25955227800006], [-75.81448477099997, 36.28535128400006], [-75.83791477899996, 36.29456528500003], [-75.84528578199996, 36.305621287000065], [-75.84133678199998, 36.328524292000054], [-75.83185977899996, 36.33905429500004], [-75.83159677999998, 36.346425296000064], [-75.83620278199999, 36.36314230000005], [-75.85147178699998, 36.37946330300008], [-75.85147178899996, 36.41579231000003], [-75.86410779399995, 36.43053431300007], [-75.88832680199994, 36.44159031500004], [-75.89990980699997, 36.48213132300003], [-75.91307281199994, 36.486343324000075], [-75.92412881499996, 36.48213132200004], [-75.93547481899998, 36.49060832400005], [-75.96007082699998, 36.49503232400008], [-75.97254683099999, 36.49467832300007], [-75.97529483099999, 36.485542321000025], [-75.98979283599994, 36.493950323000035], [-75.98054183399995, 36.51278732700007], [-75.98622783599996, 36.525662330000046], [-76.02247684799994, 36.52709732900007], [-76.02639584799994, 36.516493326000045], [-76.04255785299995, 36.510572324000066], [-76.03195084799995, 36.482503319000045], [-76.01233883999998, 36.44746931200007], [-75.98005182999998, 36.435471310000025], [-75.96228682299994, 36.417247307000025], [-75.94067781699994, 36.41885730800004], [-75.92837081399995, 36.42859531100004], [-75.92360281199996, 36.42579531000007], [-75.91641080799997, 36.38901730300006], [-75.92333280899999, 36.36187029600006], [-75.89528679799997, 36.31962228800006], [-75.88215579199993, 36.284681281000076], [-75.86052178499995, 36.280614281000055], [-75.86735778599996, 36.25249027500007], [-75.86415578399993, 36.235529271000075], [-75.83836877399995, 36.20013626400004], [-75.83992577399994, 36.177117259000056], [-75.82391676799995, 36.15833925600003], [-75.82253276699998, 36.145964253000045], [-75.80037975799996, 36.112735247000046], [-75.79163875399996, 36.08227424100005], [-75.79397575399997, 36.071717238000076], [-75.83608576799998, 36.09262324100007], [-75.86779377999994, 36.12726924800006], [-75.86391577999996, 36.15923325500006], [-75.88298878699999, 36.18681426000006], [-75.91065979699994, 36.21216426500007], [-75.92234580199994, 36.24412927100008], [-75.94984181199999, 36.25787727300008], [-75.96462181599998, 36.25444027200007], [-75.94537380799994, 36.22247526600006], [-75.95602880999996, 36.19807226000006], [-75.93643780399998, 36.18088725700005], [-75.90500079299994, 36.16419525500004], [-75.93904880399998, 36.165525254000045], [-76.01698582899996, 36.18637425600008], [-76.02908783299995, 36.20204325900005], [-76.04383983799994, 36.21013326000008], [-76.05430984199995, 36.22916926400006], [-76.08148185099998, 36.23794226500007], [-76.13200686899995, 36.287780274000056], [-76.18470388599997, 36.29817327400008], [-76.18871888599995, 36.281249270000046], [-76.17137987999996, 36.265813268000045], [-76.14948787299994, 36.26390926800008], [-76.11585285999996, 36.21422625800005], [-76.08010784899994, 36.19944725600004], [-76.05992183999996, 36.15514724700006], [-76.06422584099994, 36.14378224500007], [-76.17894787499995, 36.123431237000034], [-76.20687488499993, 36.13752823900006], [-76.25406590199998, 36.18419724700004], [-76.27405290799999, 36.18895624800007], [-76.27699190899995, 36.18495924700005], [-76.24740289799996, 36.161830243000054], [-76.22852889099994, 36.130654237000044], [-76.19171687799997, 36.10720423300006], [-76.21660088499993, 36.09541622900008], [-76.26503890099997, 36.10489323000007], [-76.32992292199998, 36.13340323400007], [-76.37357293599996, 36.13821523300004], [-76.393501943, 36.163258238000026], [-76.44781396199994, 36.192521243000044], [-76.45606296399995, 36.18358424000007], [-76.37589393599995, 36.120427230000075], [-76.34641992699994, 36.12103023100008], [-76.33496692299997, 36.11091022900007], [-76.29873491099994, 36.10120722800008], [-76.30399991199994, 36.09278322600005], [-76.32347991799998, 36.08488622400006], [-76.35507092799998, 36.08646522300006], [-76.41087994399999, 36.078041219000056], [-76.42088294699994, 36.060667215000024], [-76.45141995499995, 36.039080209000076], [-76.45931795699994, 36.02433820600004], [-76.49196096599997, 36.01802020400004], [-76.51433697199997, 36.005647200000055], [-76.54750698299995, 36.00985920000005], [-76.58067599299994, 36.007227198000066], [-76.60384200099998, 36.03302520300008], [-76.61542500499996, 36.03776420400004], [-76.65333401699996, 36.03513120200006], [-76.67648602399998, 36.04361920300005], [-76.72144704299996, 36.14784522400004], [-76.71940304499998, 36.199448235000034], [-76.67546403499995, 36.266889251000066], [-76.69325504099999, 36.27836425300006], [-76.74443805399994, 36.21273223700007], [-76.75210205299999, 36.14733522300003], [-76.72299803999994, 36.06659220600005], [-76.67965902199995, 35.99195819200003], [-76.70019202699996, 35.964580185000045], [-76.69176802399994, 35.94457318100007], [-76.66754901599995, 35.93351617900004], [-76.52855297399998, 35.94404618600004], [-76.47379695799998, 35.960895192000066], [-76.46063395399995, 35.97037219400005], [-76.39824393599997, 35.98432419900007], [-76.38192192999998, 35.97168819700005], [-76.38139592899995, 35.962737195000045], [-76.36296792299999, 35.94220419100003], [-76.34032891599998, 35.94325719200003], [-76.31768890899997, 35.94694219400003], [-76.27240989599994, 35.972741201000076], [-76.21396787899994, 35.98800920600007], [-76.17658686799996, 35.99327420900005], [-76.06207283299995, 35.993011212000056], [-76.02416381999996, 35.97089820900004], [-76.01416081599996, 35.95720920600007], [-76.01995181699994, 35.934043201000065], [-76.01435481499993, 35.92075319800006], [-76.06320482599995, 35.85344018200004], [-76.05048681999995, 35.806696172000045], [-76.04681481499995, 35.717942153000024], [-76.03639480999993, 35.69035114800005], [-76.04636281199998, 35.65907414000003], [-76.04015180899995, 35.65131713900007], [-76.02986480599998, 35.649450139000066], [-76.01302280199997, 35.67007214400007], [-75.98690179899995, 35.76820116600004], [-75.98714980199998, 35.83697418100007], [-75.97783180199997, 35.89718819400008], [-75.96256379799996, 35.901400196000054], [-75.94782179399994, 35.92035420000008], [-75.92728778799994, 35.931937204000064], [-75.92676178899995, 35.940361205000045], [-75.94729479599994, 35.959842209000044], [-75.89938378199997, 35.977216214000066], [-75.84989176699997, 35.97616321600003], [-75.80935175299999, 35.959315213000025], [-75.80092774999997, 35.944573210000044], [-75.78249974399995, 35.93562220900003], [-75.77881474199995, 35.918248205000054], [-75.75196273199998, 35.87823419800003], [-75.74827772899994, 35.85243519200003], [-75.73458872399993, 35.83927319000003], [-75.72721772099999, 35.82271018600005], [-75.73935872299995, 35.77100117500004], [-75.72474471699996, 35.742899169000054], [-75.71350371099999, 35.69400015900004], [-75.74160671799996, 35.672080153000024], [-75.74216871799996, 35.65521914900006], [-75.72980371299997, 35.625992143000076], [-75.77813972599995, 35.59226913400005], [-75.77532972399996, 35.57934213200008], [-75.83715574299998, 35.570911128000034], [-75.85963775099998, 35.58664813100006], [-75.89504676099995, 35.573159127000054], [-75.91640476599997, 35.53831211800008], [-75.95012777599999, 35.531005116000074], [-75.96417977899995, 35.511333111000056], [-75.96305477799996, 35.49391010700003], [-75.98722378499997, 35.48435510400003], [-75.99565378699998, 35.47536210200008], [-75.99790278699999, 35.45344209700005], [-76.00970578999994, 35.44220109400004], [-76.01139178899996, 35.42309109000007], [-76.02094679199996, 35.41072608700006], [-76.05017280099997, 35.415785087000074], [-76.05972780399998, 35.410164086000066], [-76.06366280499998, 35.40510608400007], [-76.05972780199994, 35.38374808000003], [-76.06928280499994, 35.370820077000076], [-76.13279482299998, 35.34946207000007], [-76.14291182599999, 35.338783067000065], [-76.14291182499994, 35.32866706500005], [-76.14965682699994, 35.32641806400005], [-76.18225583799995, 35.33653506500008], [-76.20586184499996, 35.33653506500008], [-76.23508885399997, 35.35002406700005], [-76.25307385999997, 35.35002406600006], [-76.26543886299999, 35.343280064000055], [-76.30478287599993, 35.35564506600008], [-76.32726488299994, 35.35676906500004], [-76.34974688899996, 35.34552806200003], [-76.38796690199996, 35.35676906300006], [-76.39920790499997, 35.34890006100005], [-76.40820090799997, 35.350024061000056], [-76.43180691499998, 35.36239006300008], [-76.43630291699998, 35.37812706600005], [-76.44866792199997, 35.383748067000056], [-76.47227492799993, 35.371382064000045], [-76.48576393199994, 35.371382063000055], [-76.54029395099997, 35.41066407000005], [-76.58635096999996, 35.50896409000006], [-76.47670793599997, 35.51171409400007], [-76.45642893199994, 35.55055310300003], [-76.47120893699997, 35.557427104000055], [-76.48358193999997, 35.538179100000036], [-76.55679196199998, 35.52889909500004], [-76.60044297599995, 35.53852309600006], [-76.63446998499995, 35.51033908900007], [-76.60147397199995, 35.46084507900008], [-76.58018896199997, 35.387120064000044], [-76.60604296999998, 35.387120063000054], [-76.71008500399995, 35.42716206800003], [-76.75923601799997, 35.41891306500003], [-76.83089904199994, 35.44795606900004], [-76.94202407699999, 35.47353607100007], [-77.02459510399996, 35.51515207700004], [-77.02664010299998, 35.49057607100008], [-76.96666308299996, 35.43781706200008], [-76.89194005999997, 35.43365606400005], [-76.66402898599995, 35.34570305200003], [-76.50037693399997, 35.32192205200005], [-76.48239092799997, 35.31405305100003], [-76.46777792199998, 35.276958043000036], [-76.46777792099994, 35.26122004000007], [-76.47789492399994, 35.243235035000055], [-76.49025992699995, 35.23311803300004], [-76.49475692699997, 35.212884028000076], [-76.52173493499998, 35.192650023000056], [-76.53634793799995, 35.17466401900003], [-76.53972093899995, 35.16679501700003], [-76.53634793699996, 35.14206501100006], [-76.54646493899997, 35.12295500700003], [-76.55770594199998, 35.116211005000025], [-76.56894694399995, 35.097101], [-76.60042195299997, 35.067873993000035], [-76.63189696199998, 35.056632989000036], [-76.80142800899995, 34.964375964000055], [-76.98290606899997, 35.06061397900004], [-76.98978006999994, 35.045490975000064], [-76.97740606499997, 35.00493296700006], [-76.89354203699997, 34.95750195900007], [-76.76293299499997, 34.92038095500004], [-76.63507395999994, 34.98912297500004], [-76.58805694499995, 34.99143497700004], [-76.50262491999996, 35.00717298300003], [-76.49138391699995, 35.01728998500005], [-76.49025991699995, 35.03415098900007], [-76.47452291399998, 35.070122998000045], [-76.46346991099995, 35.07641799900006], [-76.43576390199996, 35.05794799600005], [-76.42546289599994, 35.001470984000036], [-76.39562688599995, 34.97518597900006], [-76.33204586599999, 34.970923980000066], [-76.32636286499996, 34.976251982000065], [-76.36436887899998, 35.034859993000055], [-76.28835585399997, 35.00573298900008], [-76.29652585499997, 34.976251983000054], [-76.27556884799998, 34.96097798000005], [-76.27769984799994, 34.94002097500004], [-76.34767486599998, 34.872177958000066], [-76.36827587299996, 34.872887957000046], [-76.38648087699994, 34.85541795300003], [-76.39857688199999, 34.86653395500008], [-76.41001088499996, 34.861463954000044], [-76.41214988399997, 34.83220494700004], [-76.41856688599995, 34.82674194600003], [-76.42403388799994, 34.832594947000075], [-76.42937788899997, 34.83023794600007], [-76.43686889099996, 34.818742943000075], [-76.44946589499995, 34.81483994200005], [-76.47253089999998, 34.770691931000044], [-76.50192690699998, 34.742694924000034], [-76.49842790599996, 34.73206092200007], [-76.51268790899996, 34.720339919000025], [-76.52471391099994, 34.681970910000075], [-76.58623793099997, 34.69881191200005], [-76.58242293299998, 34.76776392700003], [-76.60479794099996, 34.78748893100004], [-76.62060794499996, 34.78439593000007], [-76.61656894099997, 34.71406591400006], [-76.67362095799996, 34.714916913000025], [-76.67353895799994, 34.70757691100005], [-76.52330490999998, 34.65227790400007], [-76.44377788999998, 34.746437927000045], [-76.43973388899997, 34.75848693000006], [-76.32280985799997, 34.861166956000034], [-76.23367383399994, 34.925932973000045], [-76.09335079699997, 35.04871200500003], [-76.06990779099993, 35.075708012000064], [-76.04362278199994, 35.070024011000044], [-76.03593477999993, 35.05899400900006], [-76.13727080699994, 34.98786499000005], [-76.23308983299995, 34.905483969000045], [-76.31021185399999, 34.85231595500005], [-76.38680587399995, 34.78458593700003], [-76.49406990099999, 34.66197690700005], [-76.53594790999995, 34.58858388900006], [-76.55519791799998, 34.61599989500007], [-76.54934491699998, 34.645591901000046], [-76.67631395799998, 34.693157908000046], [-76.77004598699995, 34.69690590600004], [-76.81745500099998, 34.69372890300008], [-76.99026405299998, 34.669629893000035], [-77.13684509499996, 34.632932880000055], [-77.20916311599996, 34.60503887100003], [-77.32252614699996, 34.535580852000066], [-77.46292418699994, 34.47136083300006], [-77.55694521299995, 34.41722481800008], [-77.66167524099995, 34.34187479800005], [-77.74013826099997, 34.27255278000007], [-77.82921128299995, 34.162624753000046], [-77.87816329399999, 34.06796973000007], [-77.91553829999998, 33.971729708000055], [-77.94657030699994, 33.91226769300005], [-77.96017430799998, 33.85332168000008], [-77.97060831099998, 33.84452367700004], [-78.00997532399998, 33.86141268000006], [-78.01869132799999, 33.88829568600005], [-78.13695436399996, 33.912184687000035], [-78.27614940599994, 33.91237068300006], [-78.38396643799996, 33.901952677000054], [-78.50904447399995, 33.865521665000074], [-78.54108948299995, 33.851118660000054], [-78.58484349599996, 33.84428865700005], [-78.67226252099994, 33.81759364900006], [-78.71411853299998, 33.80014464300007], [-78.81293355999998, 33.74347862800005], [-78.93807859299994, 33.639832600000034], [-79.00735860999998, 33.56657158200005], [-79.02851861499994, 33.53337157400006], [-79.08459062899993, 33.48367556100004], [-79.14749864299995, 33.378249535000066], [-79.18032064699997, 33.25414750600004], [-79.17239664299996, 33.206583496000064], [-79.18787264599996, 33.17371848800008], [-79.23826465899998, 33.13706147800008], [-79.24609266099998, 33.12487147500008], [-79.29159367399996, 33.109779470000035], [-79.32991168399997, 33.089992464000034], [-79.33931568499997, 33.05034245500008], [-79.35996368999997, 33.006678445000034], [-79.40371470299993, 33.003909443000055], [-79.41651770599998, 33.006821443000035], [-79.42344970899995, 33.01509144400006], [-79.48350172599999, 33.00127143900005], [-79.48872972799995, 33.015838443000064], [-79.50692573499998, 33.032819446000076], [-79.52245173899996, 33.03535644600004], [-79.55756274899994, 33.02127544200005], [-79.58072775499994, 33.00645343700006], [-79.58659275599996, 32.99134043400005], [-79.60102275999998, 32.97928843100004], [-79.61761376399994, 32.95273242400003], [-79.60619675899994, 32.92595941900004], [-79.58589975299998, 32.92646741900006], [-79.57261674999995, 32.933891421000055], [-79.56976474899994, 32.92669842000004], [-79.57600874899998, 32.90624141500007], [-79.63115176499997, 32.888612409000075], [-79.69514378199995, 32.85040439900007], [-79.70295878399997, 32.83578739500007], [-79.71988178899994, 32.82580239200007], [-79.71676378699993, 32.813633390000064], [-79.72639178999998, 32.806002388000024], [-79.81102381399995, 32.776966378000054], [-79.81823981499997, 32.76635837600003], [-79.84852982399997, 32.755254372000024], [-79.86271182799999, 32.761534373000075], [-79.86342482899994, 32.77102837500007], [-79.88600383599999, 32.78791337800004], [-79.92320084699998, 32.781819376000044], [-79.92854884699994, 32.75423936900006], [-79.87911183299997, 32.75084037000005], [-79.86835482899994, 32.73485536700008], [-79.88709683299999, 32.70195335900007], [-79.88496383099994, 32.68440835500007], [-79.91568483999998, 32.66492135000004], [-79.97525085599995, 32.639543342000024], [-80.00080386199994, 32.605898334000074], [-80.03727887299993, 32.61024233300003], [-80.12137089699996, 32.59052932600002], [-80.14840890499994, 32.57848532300005], [-80.16728890999997, 32.55989131800004], [-80.17176690999997, 32.54612431500004], [-80.18337691299996, 32.53999531300008], [-80.20523292099995, 32.555553316000044], [-80.27768393999997, 32.51616730400008], [-80.33244095499998, 32.47811029400003], [-80.33835695699997, 32.47873629400004], [-80.34388595899998, 32.490801297000075], [-80.36395896499994, 32.496104297000045], [-80.39256397299994, 32.47533829200006], [-80.41348997799997, 32.47067829000002], [-80.42345698299994, 32.497995296000056], [-80.43940998799997, 32.503478296000026], [-80.45208099099995, 32.49729229500008], [-80.47207099699995, 32.49697029400005], [-80.48461999899996, 32.46098228500006], [-80.480158997, 32.44705428200007], [-80.45750498899997, 32.41027027500007], [-80.43296298199994, 32.41066527600003], [-80.42929397999995, 32.38967327100005], [-80.44545398299994, 32.35034126200003], [-80.45681698499999, 32.33689025800004], [-80.45519498399995, 32.326464256000065], [-80.46634498699996, 32.31917625400007], [-80.51787400199999, 32.29880224800007], [-80.54569100899994, 32.28208224300005], [-80.57109901599995, 32.273284240000066], [-80.59639702399994, 32.273555239000075], [-80.61828902999997, 32.26018923600003], [-80.63886003599998, 32.25562423400004], [-80.64646103799998, 32.26507823600008], [-80.64479703899997, 32.29150324200003], [-80.68853005199998, 32.30285524300007], [-80.71460406099999, 32.325662247000025], [-80.73364006599996, 32.319475245000035], [-80.73712106699998, 32.306035242000064], [-80.75345307199996, 32.30682824200005], [-80.76604107499998, 32.292614238000056], [-80.76126007299996, 32.28005023600008], [-80.73808606499995, 32.26417423300006], [-80.71779905899996, 32.26698023400007], [-80.67784804599995, 32.23641222800006], [-80.66916904299995, 32.216789224000024], [-80.68886004799998, 32.20097722000003], [-80.72146605599994, 32.160433210000065], [-80.74909406299997, 32.140143204000026], [-80.81250607999993, 32.109752195000056], [-80.82839708499995, 32.11322819600008], [-80.84443408999994, 32.109715194000046], [-80.90538110499995, 32.051949179000076], [-80.88552009899996, 32.03460617600007], [-80.85911408999993, 32.02369917400006], [-80.84313308599997, 32.024232175000066], [-80.84191608399993, 32.00264917000004], [-80.86281708899998, 31.969352162000064], [-80.89769009799994, 31.94907115600006], [-80.91121010199998, 31.943775154000036], [-80.92910410699994, 31.944970154000032], [-80.93028210799997, 31.95671115700003], [-80.94849411399997, 31.95723615600008], [-80.97239511999999, 31.941276152000057], [-80.97571711999996, 31.923608148000028], [-80.96849711799996, 31.915828146000024], [-80.93451110799998, 31.909186146000025], [-80.94729711099995, 31.89621614200007], [-80.99269312199993, 31.857647132000068], [-81.00032012499997, 31.85675013200006], [-81.01448112899999, 31.86748013400006], [-81.04155113799999, 31.876204135000023], [-81.06525814499997, 31.877101134000043], [-81.05907314199999, 31.850112128000035], [-81.07618114599995, 31.836138125000048], [-81.07581514599997, 31.829037123000035], [-81.03981113499998, 31.823006123000027], [-81.03687613299996, 31.812727121000023], [-81.06811914099995, 31.768741110000065], [-81.09740514899994, 31.753132105000077], [-81.13063715699997, 31.722698097000034], [-81.19278717599997, 31.73325109800004], [-81.20357517799994, 31.71945409400007], [-81.18630617299993, 31.701515091000033], [-81.16108716499997, 31.69140708900005], [-81.14937216199996, 31.69931009100003], [-81.13114015599996, 31.695780091000074], [-81.13641115699994, 31.67483808600008], [-81.13173115499995, 31.654490081000063], [-81.13349615399994, 31.623354074000076], [-81.16036715899997, 31.57044206100005], [-81.17308216299995, 31.55591405800004], [-81.17882516399999, 31.55553605700004], [-81.18611716699996, 31.56803806000005], [-81.20431817199994, 31.568189059000076], [-81.21453917499997, 31.55760705700004], [-81.24070218199995, 31.552319055000055], [-81.25422118599994, 31.55594605500005], [-81.26007918799996, 31.548286053000027], [-81.26390818799996, 31.532585049000033], [-81.258812187, 31.52906604900005], [-81.21795117399995, 31.527290050000033], [-81.19952116899998, 31.537602053000057], [-81.18159516399999, 31.52770305100006], [-81.17725716199999, 31.51708004900007], [-81.18964616499994, 31.503594045000057], [-81.20488616799997, 31.47313003800008], [-81.24691417899999, 31.42279002500004], [-81.27880118599995, 31.36722001100003], [-81.28292618499995, 31.326497002000053], [-81.26803018099997, 31.32422400200005], [-81.25482317599995, 31.315458], [-81.27469118099998, 31.289459993000037], [-81.27686517999996, 31.25473998500007], [-81.28913918299997, 31.225492978000034], [-81.28840618199996, 31.21107097500004], [-81.29336218299994, 31.206337974000064], [-81.31418618899994, 31.207943973000056], [-81.33903119599995, 31.18692396800003], [-81.35488319999996, 31.16720996300006], [-81.36824420199997, 31.136539955000046], [-81.39968021099997, 31.13411895400003], [-81.40373521099997, 31.107120947000055], [-81.40127020899996, 31.07278694000007], [-81.42047721299997, 31.016708926000035], [-81.45144722199996, 31.015520925000033], [-81.46930122599997, 30.99603392000006], [-81.49058923199993, 30.98495791700003], [-81.49365423199998, 30.977533915000038], [-81.47579222699994, 30.965981913000064], [-81.46681722399995, 30.970915914000045], [-81.45357121999996, 30.96557891300006], [-81.44739121799995, 30.95673791100006], [-81.42693221199994, 30.956620912000062], [-81.42011121099995, 30.974081916000046], [-81.40848720699995, 30.97772391700005], [-81.40341220499994, 30.95791991300007], [-81.40515620399998, 30.908208901000023], [-81.42858020799997, 30.836341884000035], [-81.44693021199998, 30.810395878000065], [-81.46006421399994, 30.76991786800005], [-81.45947321299997, 30.74198486100005], [-81.44937820899997, 30.71560685600008], [-81.42742320199994, 30.698025852000058], [-81.44310220199998, 30.600943829000073], [-81.44256719999998, 30.555194818000075], [-81.434067197, 30.522574811000027], [-81.44709019999993, 30.503684806000024], [-81.44011119699996, 30.497683805000065], [-81.42601319299996, 30.49674480500005], [-81.41081218799997, 30.482044802000075], [-81.40701118499999, 30.422045788000048], [-81.39742518099996, 30.40063178400004], [-81.39160917599997, 30.303446761000032], [-81.30898113899997, 29.96944568500004], [-81.29527113299997, 29.92861967600004], [-81.27044512399993, 29.883111666000048], [-81.25671411699994, 29.78469864300007], [-81.24092710999997, 29.73922363300005], [-81.16358408099995, 29.55529559100006], [-80.96617900899997, 29.147965500000055], [-80.94437900099996, 29.11086649200007], [-80.90727798899997, 29.06426748100006], [-80.87827797799997, 29.010568469000077], [-80.70972791999998, 28.75669741300004], [-80.57487087499999, 28.585171375000073], [-80.56097586899995, 28.53074136200007], [-80.52509685699994, 28.459459345000027], [-80.52673485699995, 28.45171034400005], [-80.56287986699994, 28.437784339000075], [-80.58781587299995, 28.410861332000025], [-80.60337687599997, 28.363988320000033], [-80.60687687599994, 28.33648931400006], [-80.60421687299998, 28.257738294000035], [-80.58997786599997, 28.177995275000058], [-80.566434857, 28.095635256000037], [-80.50887383599996, 27.970482227000048], [-80.38369779199996, 27.740050173000043], [-80.350555779, 27.628366147000065], [-80.33095877199997, 27.59754613900003], [-80.31175976499998, 27.524630122000076], [-80.30117276099998, 27.50031911600007], [-80.29317375799997, 27.50031911600007], [-80.25366774299994, 27.379795088000037], [-80.16147271099999, 27.192819043000043], [-80.15337770799994, 27.16931303800004], [-80.15955670899996, 27.163330036000048], [-80.09391168599996, 27.018592002000048], [-80.03136466099994, 26.79634394800007], [-80.03212266099996, 26.771534941000027], [-80.03746466199993, 26.766344940000067], [-80.03286465899998, 26.715246927000067], [-80.03886565699997, 26.569351891000053], [-80.06056665999995, 26.444656859000077], [-80.07986765999993, 26.264362813000048], [-80.08936766199997, 26.231863805000046], [-80.10956866399994, 26.087169768000024], [-80.11778066399995, 25.98637374200007], [-80.11968666099995, 25.84104770500005], [-80.12798966099996, 25.772249687000055], [-80.14400266499996, 25.740816679000034], [-80.15289866699999, 25.702859669000077], [-80.15497466699998, 25.665494660000036], [-80.16090566799994, 25.664901659000066], [-80.17691867299999, 25.685066664000033], [-80.16446367099996, 25.721837674000028], [-80.16624367199995, 25.728954676000058], [-80.18462867699998, 25.745561679000048], [-80.19767668099996, 25.744374679000032], [-80.24037869299997, 25.724210673000073], [-80.26706769899994, 25.651853654000035], [-80.30146670799996, 25.61330364300005], [-80.30561770899999, 25.593138638000028], [-80.30205970699996, 25.567636632000074], [-80.31392070999993, 25.53916862400007], [-80.32874871399997, 25.532644622000078], [-80.33942371599994, 25.49943161400006], [-80.33705171499997, 25.46562560500007], [-80.32815471199996, 25.443088599000077], [-80.32044470899996, 25.437157598000056], [-80.32637570999998, 25.422923594000054], [-80.32578270999994, 25.398014588000024], [-80.30680370399995, 25.38437358500005], [-80.33527171099996, 25.338705573000027], [-80.37411872199993, 25.317354566000063], [-80.37706672199994, 25.302194562000068], [-80.36591571899999, 25.285387558000025], [-80.33832771099998, 25.29008956000007], [-80.29019669699994, 25.31932056900007], [-80.20022867499995, 25.485374613000033], [-80.17602666899995, 25.52115862200003], [-80.17667066799999, 25.48590061300007], [-80.20383167399996, 25.414501595000047], [-80.32740770599997, 25.223816543000055], [-80.35818571299995, 25.153232525000078], [-80.40707872599995, 25.104353511000056], [-80.44884173799994, 25.073384502000067], [-80.57153677099996, 24.95373046900005], [-80.65769779399994, 24.897358453000038], [-80.66845779799996, 24.907928456000036], [-80.49674375099994, 25.04701549500004], [-80.46883174399994, 25.09203150700006], [-80.46112374299997, 25.16178052500004], [-80.44292473899998, 25.189285532000042], [-80.46455274599998, 25.209071537000057], [-80.49539675399996, 25.199812534000046], [-80.52162976199998, 25.22154253900004], [-80.54239376799995, 25.206383535000043], [-80.60977578799998, 25.200361532000045], [-80.66402880299995, 25.187266527000077], [-80.67762580699997, 25.16935052200006], [-80.70309781399999, 25.153562518000058], [-80.71303781699999, 25.15220051700004], [-80.72440981999995, 25.166339521000054], [-80.74350682599999, 25.163988520000032], [-80.74774882699995, 25.147445515000072], [-80.78512583799994, 25.168932520000055], [-80.79457884099998, 25.18237752300007], [-80.812135846, 25.18604352400007], [-80.82227084899995, 25.17424352100005], [-80.84893985699995, 25.17828152100003], [-80.87546286399999, 25.174325520000025], [-80.90006887099997, 25.162038516000052], [-80.90057987099993, 25.139673510000023], [-80.97176789099996, 25.133962507000035], [-80.99917889899996, 25.124226504000035], [-81.02299190599996, 25.129397505000043], [-81.05050791399998, 25.12827750400004], [-81.07986192299995, 25.118801501000064], [-81.12061893499998, 25.152306509000027], [-81.13356993899998, 25.156299510000053], [-81.14102694099995, 25.16387251200007], [-81.14673994399999, 25.193143519000046], [-81.17204695199996, 25.222280526000077], [-81.17090995199999, 25.24586153200005], [-81.14810594799997, 25.332797554000024], [-81.13391594399997, 25.34300055700004], [-81.12141293999997, 25.338754556000026], [-81.11726793899999, 25.35495756100005], [-81.12849494299996, 25.38051556700003], [-81.15051094999995, 25.387259568000047], [-81.14676794899998, 25.407581573000073], [-81.16865495699994, 25.463852587000076], [-81.20820396899995, 25.504941597000027], [-81.21015196999997, 25.516892600000062], [-81.20317796899997, 25.53416460400007], [-81.20932397099995, 25.548615608000034], [-81.22555997599994, 25.558474610000076], [-81.24052198099997, 25.599045620000027], [-81.27149199099995, 25.61434462300008], [-81.27282599199998, 25.637965629000064], [-81.28942699699996, 25.65796163400006], [-81.29033099799994, 25.687510641000074], [-81.31190200499998, 25.702915645000076], [-81.35055901599998, 25.689836640000067], [-81.35598901699996, 25.703530644000068], [-81.355251018, 25.728731650000043], [-81.38226002599998, 25.74947065500004], [-81.38381302699997, 25.776755662000028], [-81.41437903599996, 25.783532663000074], [-81.42399203999997, 25.79372466500007], [-81.46849205299998, 25.803324667000027], [-81.47224205399993, 25.816934670000023], [-81.54789707699996, 25.84961267600005], [-81.58248608799994, 25.87671668300004], [-81.61473809699999, 25.893981686000075], [-81.64455610599998, 25.89795768600004], [-81.65449610899998, 25.893583685000067], [-81.66382411099994, 25.88560968300004], [-81.67829011499998, 25.84530567300004], [-81.68480311699994, 25.847209673000066], [-81.71317512599995, 25.897572685000057], [-81.72708912999997, 25.90721168700003], [-81.73195313199994, 25.931510693000064], [-81.74972713799997, 25.960467700000038], [-81.74783713899996, 25.994277708000027], [-81.76244214299999, 26.006074711000053], [-81.80166615699994, 26.088231731000064], [-81.82067816599994, 26.236739767000074], [-81.83314517199994, 26.29452278100007], [-81.86898618399994, 26.378652802000033], [-81.90191319499996, 26.410863809000034], [-81.91171319799997, 26.427162813000052], [-81.96421521399998, 26.457961819000047], [-81.96951221599994, 26.47650982400006], [-82.00896422799997, 26.48405682500004], [-82.01368322899998, 26.490833826000028], [-82.00908322799995, 26.505207830000074], [-82.01530123099997, 26.528845836000073], [-82.04120823799997, 26.524804834000065], [-82.05808324399999, 26.548408839000047], [-82.06821724599996, 26.531097835000025], [-82.06715324499999, 26.513256831000035], [-82.05689524199994, 26.493752826000048], [-82.10567525599998, 26.483934822000037], [-82.11199925899996, 26.54085483600005], [-82.13787226899996, 26.63744586000007], [-82.181568283, 26.68171687000006], [-82.17984328299997, 26.69666587300003], [-82.17351928099998, 26.701840875000073], [-82.13902227199998, 26.702990876000058], [-82.12579826799998, 26.699540875000025], [-82.10625026099996, 26.667343868000046], [-82.09992525899997, 26.662743867000074], [-82.09302625699996, 26.665618868000024], [-82.08497725599995, 26.702415877000078], [-82.06657825199994, 26.742661887000054], [-82.06140425199999, 26.78923289900007], [-82.05507924999995, 26.802456902000074], [-82.05910425299999, 26.876625920000038], [-82.09072626299997, 26.88869892300005], [-82.09302626399995, 26.906522927000026], [-82.09015126399999, 26.923195931000066], [-82.06197925599997, 26.93124593400006], [-82.06312925699996, 26.950218939000024], [-82.07635226099995, 26.95826794000004], [-82.10797526999994, 26.957692939000026], [-82.11717427299999, 26.954243938000047], [-82.13729727799995, 26.926070931000027], [-82.16202028499998, 26.925495930000068], [-82.17524428799999, 26.916871928000035], [-82.156270281, 26.85190291200007], [-82.14707127599996, 26.78980789700006], [-82.15109627699997, 26.783483895000074], [-82.17294428399998, 26.778883894000046], [-82.17869328499995, 26.77255989200006], [-82.20886429399997, 26.76716889000005], [-82.23063929999995, 26.77101489000006], [-82.24989130499995, 26.762950888000034], [-82.25292530499996, 26.717698877000032], [-82.26746630899999, 26.720181877000073], [-82.26468530899996, 26.756840886000077], [-82.26950231199999, 26.784678893000034], [-82.28908931799998, 26.827788903000055], [-82.35165233899994, 26.90838892100004], [-82.445721371, 27.060638957000037], [-82.47702238199997, 27.141235976000075], [-82.53972240299998, 27.25433100200007], [-82.56975741299993, 27.279457007000076], [-82.56925141299996, 27.298593012000026], [-82.59763242299994, 27.33575902000007], [-82.64282443699994, 27.389725032000058], [-82.69182445299998, 27.437223042000028], [-82.71452446099994, 27.500420057000042], [-82.74575147199994, 27.538839066000037], [-82.70812445999996, 27.523519063000037], [-82.70303145799994, 27.497957057000065], [-82.68642445299997, 27.49722005700005], [-82.68362445299994, 27.513120061000052], [-82.67462445099994, 27.51961906300005], [-82.65072344399994, 27.523120064000068], [-82.63205643899994, 27.551913072000048], [-82.61202243399998, 27.571236077000037], [-82.61172043399995, 27.585288080000055], [-82.58463242699997, 27.596026084000073], [-82.57061042299995, 27.608887087000028], [-82.55854142099997, 27.638683095000033], [-82.51426840999994, 27.70559311200003], [-82.49489440499997, 27.718968116000042], [-82.47764139999998, 27.72300911700006], [-82.47713239999996, 27.735221120000062], [-82.48230840199994, 27.742654122000033], [-82.43198338799994, 27.76809712900007], [-82.43398438899999, 27.77409213100003], [-82.41906938499994, 27.79377213600003], [-82.41840438599996, 27.803192138000043], [-82.40286038099998, 27.812676141000054], [-82.39338637899994, 27.837524147000067], [-82.40261838399994, 27.88260715800004], [-82.41391838699997, 27.901406162000058], [-82.45159439799994, 27.90751116200005], [-82.46001940099995, 27.911605163000047], [-82.46208140199997, 27.920071165000024], [-82.47806640699997, 27.92768516700005], [-82.49112040999995, 27.914505163000058], [-82.48806040799997, 27.86357115100003], [-82.46884340099996, 27.843300147000036], [-82.47244340199995, 27.822564141000043], [-82.51119641299994, 27.82802014200007], [-82.55394942599997, 27.848467146000075], [-82.55292142599995, 27.862707149000073], [-82.53862142199995, 27.864906150000024], [-82.52992141999994, 27.87750615300007], [-82.54282142399995, 27.890606156000047], [-82.53132142099997, 27.90390516000008], [-82.53372142299997, 27.933004167000036], [-82.55392142999995, 27.96700317400007], [-82.57600643599994, 27.969429174000027], [-82.62568845199996, 28.000106180000046], [-82.64111245699996, 28.01677818400003], [-82.66963346499995, 28.03041618700007], [-82.69007447099995, 28.027478185000064], [-82.67924046699994, 28.00002717900003], [-82.70611747399994, 27.959862169000075], [-82.72052547799996, 27.955803167000056], [-82.72412547799996, 27.948103165000077], [-82.72012547699995, 27.936404163000077], [-82.68512446599993, 27.91630415900005], [-82.63422345099997, 27.903705157000047], [-82.63212344999994, 27.89110515400006], [-82.59844643899999, 27.85758714700006], [-82.58652243499995, 27.816708137000035], [-82.62272644399997, 27.77987312700003], [-82.63052344499994, 27.753910121000047], [-82.62572344299997, 27.72701111400005], [-82.63982344599998, 27.703912108000054], [-82.65252444999999, 27.70031210700006], [-82.67732445699994, 27.706212108000045], [-82.67925445699996, 27.694670105000057], [-82.69375146199997, 27.70022210600007], [-82.71363246699997, 27.69866610500003], [-82.71882546899997, 27.69201210400007], [-82.72162546899995, 27.663913097000034], [-82.71255846499997, 27.646652093000057], [-82.69809446099998, 27.638863091000076], [-82.70502046299998, 27.625315088000036], [-82.73307946999995, 27.61297708400008], [-82.74497847499998, 27.646852092000074], [-82.73802547499997, 27.706812107000076], [-82.74622647799998, 27.73131111200007], [-82.76092648199995, 27.745210115000077], [-82.77002648599995, 27.76790912100006], [-82.78312748999997, 27.783809124000072], [-82.82856450399998, 27.822259132000056], [-82.849129512, 27.863205142000027], [-82.84782951299997, 27.910204153000052], [-82.83139150999995, 27.96212216600003], [-82.82844651099998, 28.041460185000062], [-82.85419852299998, 28.165657214000078], [-82.85513952499997, 28.212671226000055], [-82.85043352399998, 28.217371227000058], [-82.83694151999998, 28.210183225000037], [-82.83117251499993, 28.133536207000077], [-82.81374550799995, 28.05679918900006], [-82.78272749899998, 28.055899190000048], [-82.78132750099996, 28.127596207000067], [-82.79072750399996, 28.152495213000066], [-82.80847750899994, 28.154808213000024], [-82.80510050899994, 28.172186217000046], [-82.79776550699995, 28.187794221000047], [-82.76264649799998, 28.219018229000028], [-82.76410649999997, 28.24435023600006], [-82.75907549899995, 28.254025238000054], [-82.74619149499995, 28.261197240000058], [-82.73279549199998, 28.291938248000065], [-82.73146349299998, 28.325080256000035], [-82.70611548699998, 28.368062267000028], [-82.70632548799995, 28.401330275000078], [-82.69743648599996, 28.420171279000044], [-82.67784248099997, 28.434372283000073], [-82.67479048099995, 28.441961285000048], [-82.68039948299997, 28.457199289000073], [-82.66505847899998, 28.484439296000062], [-82.66941948199997, 28.519884304000072], [-82.65669747899994, 28.544819310000037], [-82.66165348099997, 28.554148312000052], [-82.65414147999996, 28.590842321000025], [-82.66405848299996, 28.606589325000073], [-82.67466848799995, 28.647593334000078], [-82.66872548699996, 28.69566334600006], [-82.71237650099994, 28.72092635100006], [-82.69828449799996, 28.757015360000025], [-82.73024851099996, 28.850160381000023], [-82.68886750099995, 28.905614395000043], [-82.70262150599996, 28.93296040100006], [-82.72386451199998, 28.953511406000075], [-82.73575751699997, 28.97371441000007], [-82.73787551799995, 28.995708415000024], [-82.76055452399999, 28.993092414000046], [-82.76405852599999, 28.999712415000033], [-82.75351652399996, 29.026501422000024], [-82.75970752599994, 29.054197429000055], [-82.78333153399996, 29.064624430000038], [-82.78056153299997, 29.073585433000062], [-82.81692854399995, 29.07622043200007], [-82.82366254599998, 29.098907437000037], [-82.80116953999999, 29.10510843900005], [-82.79912054, 29.11065244100007], [-82.80570654199994, 29.129853445000037], [-82.80473954299998, 29.146629449000045], [-82.82707654999996, 29.158430451000072], [-82.97467959299996, 29.170915450000052], [-82.99165659799996, 29.180669452000075], [-83.01821560399998, 29.151422444000048], [-83.01907460399997, 29.14132944200003], [-83.03045660699996, 29.134028440000066], [-83.05321061399997, 29.130844438000054], [-83.05687061499998, 29.146268442000064], [-83.06825261899996, 29.15314044300004], [-83.06116561799996, 29.176118449000057], [-83.07898962399997, 29.19694945300006], [-83.08784262699999, 29.21642545800006], [-83.07473762399997, 29.24798046500007], [-83.07726862499999, 29.255336467000063], [-83.08901662899996, 29.266507469000032], [-83.10748063399996, 29.26889446900003], [-83.12803064099995, 29.282738472000062], [-83.16957965299997, 29.290360473000078], [-83.17826365699995, 29.327921481000033], [-83.175521657, 29.344695485000045], [-83.20070566499999, 29.373860491000073], [-83.20244966599995, 29.39442749600005], [-83.218078672, 29.420497502000046], [-83.24051267899995, 29.433183504000056], [-83.26396868599994, 29.43581150400007], [-83.27202268799994, 29.432261503000063], [-83.29475069499995, 29.43792850400007], [-83.311549701, 29.475671512000076], [-83.33113370599995, 29.47559951200003], [-83.35672571499998, 29.499906517000056], [-83.37029171899997, 29.499906516000067], [-83.37925772099999, 29.503563517000032], [-83.38397672299999, 29.51300051900006], [-83.400255728, 29.51724751900008], [-83.405259732, 29.578324533000057], [-83.39948373099998, 29.61296154200005], [-83.41277173699996, 29.668490554000073], [-83.43626274399998, 29.677394556000024], [-83.45535974999996, 29.676449555000033], [-83.48314675799998, 29.69048355700005], [-83.48357075899997, 29.698547559000076], [-83.49373176199998, 29.708393561000037], [-83.53764877499998, 29.723065563000034], [-83.54717577799994, 29.73222856500007], [-83.56602178499998, 29.76143957100004], [-83.58471979099994, 29.776085574000035], [-83.58190678999995, 29.792068578000055], [-83.58590279199996, 29.811759582000036], [-83.59549679599996, 29.827989586000058], [-83.61857180299995, 29.842341589000057], [-83.63798380999998, 29.88607859800004], [-83.68642682599994, 29.923740605000035], [-83.78873285699996, 29.97698761500004], [-83.82869386899995, 29.983192615000064], [-83.84543087399999, 29.998073618000035], [-83.93151389999997, 30.03907362500007], [-83.93343590099994, 30.046310626000036], [-83.99161091899998, 30.083925633000035], [-84.00071992299996, 30.09621463600007], [-84.02427792999998, 30.10327663700008], [-84.06299394099995, 30.101383635000047], [-84.08306094599999, 30.09229163300006], [-84.10273395199994, 30.093616632000078], [-84.11384395399995, 30.085483630000056], [-84.12489295799998, 30.09060663100007], [-84.16788496899994, 30.07142762500007], [-84.17915297299999, 30.073192625000047], [-84.198533979, 30.087942628000064], [-84.23701798999997, 30.08556562600006], [-84.24749499299998, 30.101145630000076], [-84.25644299599998, 30.103796630000033], [-84.272515, 30.092363627000054], [-84.27079599899997, 30.068099621000044], [-84.277172, 30.060268619000055], [-84.29784000599994, 30.05745661800006], [-84.36611902399994, 30.008667605000028], [-84.35999002099999, 29.984744599000067], [-84.34770401699996, 29.984128600000076], [-84.34304501599996, 29.975105598000027], [-84.33651501199995, 29.942513590000033], [-84.33595701099995, 29.912967584000057], [-84.34907001399995, 29.89681758000006], [-84.37894102299998, 29.893117578000044], [-84.42383803599995, 29.903001579000033], [-84.44365604199999, 29.913790581000058], [-84.45170904499997, 29.92909058400005], [-84.49456605599994, 29.913962579000042], [-84.51200006199997, 29.91657957900003], [-84.535877068, 29.910097577000045], [-84.60330708599997, 29.87612256700004], [-84.64796209799994, 29.847109559000046], [-84.65645409999996, 29.834282556000062], [-84.66973210299994, 29.828915554000048], [-84.69205710899996, 29.82906455400007], [-84.75559912599994, 29.788545543000055], [-84.86827515599998, 29.74245952900003], [-84.88178115999995, 29.733887526000046], [-84.88803516099995, 29.722411523000062], [-84.90178516499998, 29.73572852600006], [-84.87711515999996, 29.772893535000037], [-84.89399616499998, 29.785181538000074], [-84.90413416799998, 29.786284538000075], [-84.91511417099997, 29.78330853700004], [-84.93837417599997, 29.750216528000067], [-84.96401118299997, 29.74242752600003], [-84.96884518399997, 29.72708552200004], [-84.99326819099997, 29.71496651900003], [-85.03721620299996, 29.71107951600004], [-85.07212721299999, 29.719032517000073], [-85.12147722699996, 29.715859515000034], [-85.10041221999995, 29.68469550800006], [-85.07431221199994, 29.673986507000052], [-85.07005020999998, 29.64093549900008], [-85.01205619199999, 29.62244449700006], [-84.90153516299995, 29.667889510000066], [-84.79859113499998, 29.70207952100003], [-84.70188410999998, 29.774192541000048], [-84.69262310699997, 29.763044539000077], [-84.776958128, 29.69219652000004], [-84.87673515499995, 29.655763508000064], [-85.00445618899994, 29.598830492000047], [-85.04507819999998, 29.586996488000068], [-85.08423521299994, 29.615168493000056], [-85.14101422899995, 29.63404349600006], [-85.22161225399998, 29.677769503000036], [-85.29074427399996, 29.68408650300006], [-85.31921928199995, 29.681499501000076], [-85.34362328799995, 29.67200949800008], [-85.35261928999995, 29.659792495000033], [-85.38030729999997, 29.698490503000073], [-85.39787530599995, 29.740503512000032], [-85.41398731299995, 29.799870525000074], [-85.41655231599998, 29.84263353500006], [-85.40581931399998, 29.865822541000057], [-85.38705130899996, 29.87855154400006], [-85.38877830699994, 29.81750653000006], [-85.37808330099995, 29.753559516000053], [-85.366199296, 29.71021750600005], [-85.35669129299998, 29.69679850400007], [-85.34005428799998, 29.691637503000038], [-85.32341628399996, 29.697831505000067], [-85.30600227999997, 29.725207512000054], [-85.30133528099998, 29.797122528000045], [-85.30259528199997, 29.80809953100004], [-85.31455128599998, 29.82228453400006], [-85.31291528599996, 29.832278536000047], [-85.33665829299997, 29.84930053900007], [-85.36373530299994, 29.89892055000007], [-85.40505631599996, 29.938492557000075], [-85.42596032299997, 29.94989355900003], [-85.460492333, 29.959584560000053], [-85.48776834099993, 29.96123256000004], [-85.50915234699994, 29.971471562000033], [-85.57191136699998, 30.026445572000057], [-85.58824637299995, 30.05554857800007], [-85.60118237699999, 30.056347578000043], [-85.69681440499994, 30.096895584000038], [-85.77540942999997, 30.156295595000074], [-85.92260447499996, 30.238029609000023], [-86.08996752499996, 30.303574619000074], [-86.29870458599999, 30.363054626000064], [-86.41208061899994, 30.38035162600005], [-86.50615464499998, 30.382305623000036], [-86.63295768099994, 30.39630462200006], [-86.75091071399999, 30.391886618000058], [-86.90968375799997, 30.372428608000064], [-87.20625883899999, 30.320948587000032], [-87.26783185599999, 30.315485584000044], [-87.29542686399998, 30.32350858500007], [-87.55810193499997, 30.27444256600006], [-87.65689296099998, 30.24971455700006], [-87.800565, 30.229370548000077], [-87.96225804499994, 30.229527543000074], [-88.02840606299998, 30.22113753900004], [-88.02399606199998, 30.230395541000064], [-87.96685204699997, 30.235623544000077], [-87.94898404299994, 30.256569549000062], [-87.93604603899996, 30.26147455100005], [-87.90046502899997, 30.241536547000067], [-87.87934802299998, 30.238595547000045], [-87.81774800599999, 30.25429755300007], [-87.78775499799997, 30.25424955400007], [-87.76663099199999, 30.262358556000038], [-87.75526798999994, 30.27729756000008], [-87.75552099099997, 30.291222563000076], [-87.77276299599998, 30.311706567000044], [-87.80927100699995, 30.33270757100007], [-87.84513701899994, 30.377451579000024], [-87.86502202499997, 30.38345558000003], [-87.90634803699999, 30.409385584000063], [-87.92003604399997, 30.47065059700003], [-87.93336004799994, 30.48736260100003], [-87.90171604199998, 30.550884616000076], [-87.91496104799995, 30.58589862300005], [-87.91253504799994, 30.615800630000024], [-87.91935105099998, 30.636065634000033], [-87.93672205699994, 30.657437638000033], [-87.95599406199995, 30.65886763800006], [-87.98120106999994, 30.675095640000052], [-88.00840107799996, 30.684961642000076], [-88.02208108099995, 30.673878639000066], [-88.03459308399994, 30.653720634000024], [-88.06200309099995, 30.64489663100005], [-88.05960308899995, 30.619096625000054], [-88.05400308699996, 30.612496624000073], [-88.06490308899998, 30.58829761900006], [-88.08549809399995, 30.56326361200007], [-88.08279709199996, 30.52871860500005], [-88.10377309599994, 30.500908598000024], [-88.09687209299994, 30.471058592000077], [-88.10644209499998, 30.452743587000043], [-88.10727909199994, 30.377251571000045], [-88.13617809699997, 30.320734557000037], [-88.15578010299998, 30.327189558000043], [-88.19154711299996, 30.317007555000032], [-88.19836611499994, 30.338824559000045], [-88.18853211299995, 30.348129562000054], [-88.20007011699994, 30.362383564000027], [-88.26070013499998, 30.382386567000026], [-88.28264014099994, 30.382881566000037], [-88.29065414199994, 30.37074656300007], [-88.31161314799994, 30.368913562000046], [-88.33228215499997, 30.38844556600003], [-88.37467616599997, 30.38561356400004], [-88.39724117199995, 30.36769455900003], [-88.39398516999995, 30.34931255500004], [-88.40118617199994, 30.344387554000036], [-88.40993217399995, 30.34212055300003], [-88.41881617699994, 30.35391655500007], [-88.43389618099997, 30.354657555000074], [-88.44650018399994, 30.347758553000062], [-88.44663018399996, 30.337676551000072], [-88.45381518599999, 30.329631549000055], [-88.48012219199995, 30.318350546000033], [-88.50480719899997, 30.32147754500005], [-88.52249920499997, 30.340097549000063], [-88.53621920899997, 30.343304549000038], [-88.56777121699997, 30.329561545000047], [-88.58193422099998, 30.33106854500005], [-88.60001522699997, 30.356580550000047], [-88.61301123099997, 30.353969549000055], [-88.66382524499994, 30.362104549000037], [-88.70059225399996, 30.343694544000073], [-88.72889826199997, 30.34267654300004], [-88.74695026699999, 30.347627543000044], [-88.81162028699998, 30.384912549000035], [-88.81876728799995, 30.360595544000034], [-88.88483430699995, 30.392003548000048], [-88.92203631699994, 30.39380354800005], [-89.01633934299997, 30.38390354200004], [-89.08324236099998, 30.368102537000027], [-89.18684538699995, 30.331202525000037], [-89.29144941499999, 30.303301516000033], [-89.291849416, 30.328101521000065], [-89.28784941499998, 30.333201522000024], [-89.28156941299994, 30.331985522000025], [-89.27982341399996, 30.349795526000037], [-89.29250441799996, 30.365640529000075], [-89.31507242399994, 30.37541353100005], [-89.33594742999998, 30.37402153000005], [-89.35325343499994, 30.368800528000065], [-89.36612143699995, 30.352174524000077], [-89.33255142799999, 30.33790052200004], [-89.32235042399998, 30.31930151800003], [-89.329951425, 30.30290151400004], [-89.36575243399994, 30.284901509000065], [-89.38375243899998, 30.26780150500008], [-89.41935344799998, 30.25432550100004], [-89.43043344899996, 30.223223494000024], [-89.44747045299994, 30.205103489000066], [-89.44791545299995, 30.185357485000054], [-89.46128045599994, 30.174750482000036], [-89.46979745799996, 30.17628348200003], [-89.48021946199998, 30.19375648600004], [-89.50323646799995, 30.18305648200004], [-89.52281947299997, 30.183081482000034], [-89.53749847599994, 30.171750479000025], [-89.56283048299997, 30.16867247700003], [-89.58706748899993, 30.150653473000034], [-89.61754749799996, 30.156427473000065], [-89.64099450299994, 30.138617468000064], [-89.65699150699999, 30.118386463000036], [-89.67816851199996, 30.108291460000032], [-89.68371751199999, 30.07602345300006], [-89.72745852399999, 30.062666449000062], [-89.73155052399994, 30.04969644600004], [-89.71638251899998, 30.02622744100006], [-89.73332852299995, 30.022059440000078], [-89.76322153199999, 30.042113443000062], [-89.78253953799998, 30.045377443000064], [-89.81856654799998, 30.043333442000062], [-89.85756355599995, 30.00444443200007], [-89.84420755099995, 29.955650422000076], [-89.838505549, 29.945821420000073], [-89.81803554299995, 29.93415041800006], [-89.77546453099995, 29.937421420000078], [-89.74849752399996, 29.94583642300006], [-89.72793851899996, 29.958785426000077], [-89.71907251699997, 29.95370442500007], [-89.71291551499996, 29.94635442400005], [-89.74273252199998, 29.935899421000045], [-89.74627852299994, 29.928226419000055], [-89.74248452099994, 29.908175415000073], [-89.71116351099994, 29.879292409000072], [-89.69200950599998, 29.86872740800004], [-89.66057349699997, 29.862914407000062], [-89.63802149099996, 29.864070408000032], [-89.59813448099999, 29.881414413000073], [-89.59119947899995, 29.89702341700007], [-89.59235148, 29.91725842200003], [-89.57500247799999, 29.959460431000025], [-89.57443047799995, 29.983743437000044], [-89.58136548099998, 29.99472743900003], [-89.55129747299998, 30.005714442000055], [-89.50159246099997, 30.034042450000072], [-89.49406945899995, 30.04097745200005], [-89.49928046099996, 30.058898456000065], [-89.49348945999998, 30.072196459000054], [-89.48193145699997, 30.079133460000037], [-89.45895144999997, 30.063455458000078], [-89.41847043899998, 30.04975245600008], [-89.37238042599995, 30.05473445900003], [-89.36864242499996, 30.047261457000047], [-89.37238042499996, 30.036676455000077], [-89.42281843799998, 30.01550044800007], [-89.43279044099995, 30.008027447000075], [-89.43341643999997, 29.991210443000057], [-89.43279043999996, 29.978757440000038], [-89.40538543099996, 29.965677438000057], [-89.37923242399995, 29.963809439000045], [-89.37860642199996, 29.91959342900003], [-89.36802441899994, 29.91149642700003], [-89.33189940899996, 29.91585543000008], [-89.31545840499996, 29.92321343200007], [-89.27332039699996, 29.99382544900004], [-89.25053939099996, 30.002366451000057], [-89.24371138899994, 29.997241450000047], [-89.24997438899999, 29.97560244500005], [-89.21807637999996, 29.972755446000065], [-89.23118338199998, 29.92548943500003], [-89.24484838599994, 29.930045435000068], [-89.28014939499997, 29.924920433000068], [-89.31831140499997, 29.898154426000076], [-89.32229440499998, 29.887338424000063], [-89.31146740199995, 29.881641423000076], [-89.28925839599998, 29.880504423000048], [-89.24143038299997, 29.889615427000024], [-89.23630338199996, 29.88676842600006], [-89.23630338099997, 29.877086424000026], [-89.26990238999997, 29.860002419000068], [-89.38379441999996, 29.838933411000028], [-89.38322241999998, 29.830390409000074], [-89.37297641699996, 29.825265408000064], [-89.34563940899994, 29.820140408000043], [-89.34278640699995, 29.798501403000046], [-89.331975404, 29.79052940200006], [-89.31831139999997, 29.788820402000056], [-89.27730338999999, 29.807613408000066], [-89.27730338899994, 29.799640406000037], [-89.28413939099994, 29.79565440500005], [-89.28471138999998, 29.770026399000074], [-89.26933038599998, 29.76091739700007], [-89.27103938599998, 29.756360396000048], [-89.30520439499998, 29.756931395000038], [-89.337667405, 29.779140399000028], [-89.35418440999996, 29.781417399000077], [-89.36727641299996, 29.775153397000054], [-89.38606841899997, 29.788820400000077], [-89.39461342099997, 29.784833399000036], [-89.39916742199995, 29.77059739500004], [-89.42821242799994, 29.74155538800005], [-89.43025542799995, 29.712611382000034], [-89.39609541799996, 29.695725379000066], [-89.38779941499996, 29.679996376000076], [-89.40396141899998, 29.681813376000036], [-89.42421542499994, 29.697643379000056], [-89.43381342599997, 29.656370369000058], [-89.46556743499997, 29.65174336700005], [-89.47118743699997, 29.673163372000033], [-89.46760443699998, 29.699024378000047], [-89.48696644399996, 29.72592538300006], [-89.52489245399994, 29.72657138200003], [-89.51956845099994, 29.692220374000044], [-89.533765454, 29.670209369000077], [-89.51074044699999, 29.657478367000067], [-89.48792043999998, 29.630410362000077], [-89.48693643899998, 29.62045236000006], [-89.53520745399999, 29.648572364000074], [-89.58334146699997, 29.652839364000044], [-89.61083247399995, 29.63856536000003], [-89.64123348299995, 29.647966361000044], [-89.66569448899997, 29.64315035900006], [-89.60211446999995, 29.61030035400006], [-89.60259046899995, 29.582193348000033], [-89.63776647899994, 29.596660350000036], [-89.64911348299995, 29.613022353000076], [-89.67474149099996, 29.62663835500007], [-89.68449149299994, 29.624809354000035], [-89.68814649399997, 29.615060352000057], [-89.68449149199995, 29.60287235000004], [-89.67108748799996, 29.588248347000047], [-89.65036348299998, 29.586947347000034], [-89.64180747999995, 29.575578345000054], [-89.66367348499995, 29.564415342000075], [-89.68449149099996, 29.563268341000025], [-89.68109748899997, 29.53449233500004], [-89.65719748199996, 29.532314335000024], [-89.64020347599995, 29.503565329000025], [-89.60846546699997, 29.490444327000034], [-89.56961245699995, 29.494049329000063], [-89.57210745699996, 29.47522232500006], [-89.52843444399997, 29.454707322000047], [-89.53194844399997, 29.42568431500007], [-89.50855643599994, 29.386173307000035], [-89.48731342999997, 29.393351309000025], [-89.47714542799997, 29.41124631400004], [-89.45730842199998, 29.39315331000006], [-89.38000640099995, 29.39179031200007], [-89.35553339399996, 29.381574311000065], [-89.34030938999996, 29.381417311000064], [-89.33659438799998, 29.37823331100003], [-89.34762039099996, 29.365005308000036], [-89.33858738799995, 29.355450306000023], [-89.31992738299994, 29.36268530800004], [-89.31209038199995, 29.388043314000072], [-89.26530536799999, 29.34535730600004], [-89.24087535899997, 29.310086299000034], [-89.22419735499994, 29.313797300000033], [-89.20060434999994, 29.347677308000073], [-89.18935934699994, 29.34506630800007], [-89.17955234399994, 29.339613307000036], [-89.17822634299995, 29.32697530400003], [-89.16502033799998, 29.303044299000078], [-89.14028033099999, 29.29109029700004], [-89.13434232899994, 29.27934529500004], [-89.13698432999996, 29.27524429400006], [-89.11510932299996, 29.252906290000055], [-89.11273231999996, 29.202295279000055], [-89.09134131399998, 29.191091277000055], [-89.06638430699996, 29.197523279000052], [-89.05713130499998, 29.21053928200007], [-89.02597929699994, 29.21515828400004], [-89.00387428899995, 29.179886277000037], [-89.01428529199995, 29.166918274000068], [-89.03251129699999, 29.18074027600005], [-89.05117830199998, 29.170488273000046], [-89.08943931199997, 29.166396271000053], [-89.11035531799996, 29.15269826800005], [-89.09704531299997, 29.13878926500007], [-89.03952629699995, 29.135468266000032], [-89.06662230299997, 29.090719255000067], [-89.08587430899996, 29.111694259000046], [-89.09870931299997, 29.117716260000066], [-89.10631431499996, 29.11148625800007], [-89.11083031499999, 29.081164252000065], [-89.11653531599995, 29.074102250000067], [-89.13079531999995, 29.070778249000057], [-89.14695832399997, 29.05166424400005], [-89.14879732299994, 29.029675239000028], [-89.13774831999996, 29.018883237000068], [-89.14287131999998, 28.99162823100005], [-89.21867834199998, 29.02252023500006], [-89.21751934299994, 29.05568024300004], [-89.22596234599996, 29.06940924500003], [-89.25173235399996, 29.083177248000027], [-89.25935935499996, 29.05836324200004], [-89.29307136299997, 29.041327237000075], [-89.36437537999996, 28.964726218000067], [-89.40097138799996, 28.93381721000003], [-89.41987039299994, 28.929714208000064], [-89.39301638799998, 28.987078222000036], [-89.36211738099996, 29.01212822900004], [-89.34375637699998, 29.052911238000036], [-89.32973337399994, 29.056028239000057], [-89.31000636899995, 29.07098624300005], [-89.31285836999996, 29.087396247000072], [-89.30263836799998, 29.09778024900004], [-89.31238337099995, 29.11750825400003], [-89.29622136699999, 29.126436256000034], [-89.29574536799998, 29.133703258000025], [-89.27863236299999, 29.13764725900006], [-89.28226636599999, 29.181440269000063], [-89.29503236999994, 29.198872272000074], [-89.31856237599999, 29.20156927200003], [-89.328545379, 29.19057226900003], [-89.32569337699994, 29.177084266000065], [-89.33187337799995, 29.148650260000068], [-89.35059038199995, 29.129603255000063], [-89.39052039299997, 29.123581253000054], [-89.40937639799995, 29.12786025300005], [-89.42897040399998, 29.144515256000034], [-89.455834413, 29.19099626600007], [-89.48284942199996, 29.215058270000043], [-89.53660543699993, 29.23621727300008], [-89.60665645699999, 29.252028275000043], [-89.60829445799999, 29.264207277000025], [-89.62398146199996, 29.26918327800007], [-89.63966846799997, 29.290536282000062], [-89.67178647599997, 29.28903328100006], [-89.72616749199995, 29.30403128200004], [-89.84264652399997, 29.318828282000027], [-89.88346853499996, 29.307108278000044], [-89.94422654999994, 29.271722269000065], [-89.95646555199994, 29.253749264000078], [-90.02203456899997, 29.216070254000044], [-90.05851757699998, 29.183692246000078], [-90.22359261799994, 29.085080219000076], [-90.24592962399998, 29.09340822000007], [-90.25004962599996, 29.10807222300008], [-90.23333962199996, 29.11066022400007], [-90.23441062299997, 29.12882922800003], [-90.24863462699994, 29.138375230000065], [-90.27777863499995, 29.142827230000023], [-90.28526563799994, 29.17800823700003], [-90.263518633, 29.180602239000052], [-90.25923963199995, 29.19958824300005], [-90.27283763599996, 29.19903724200003], [-90.30428064699998, 29.266166256000076], [-90.34432965899998, 29.28928226000005], [-90.34920166099994, 29.304517263000037], [-90.37689166799998, 29.28866025900004], [-90.37261366599995, 29.264818254000033], [-90.40327367299994, 29.23381624600006], [-90.39400467299998, 29.299024261000056], [-90.40256067599995, 29.312186263000058], [-90.41967368099995, 29.324205265000046], [-90.43227068499993, 29.346894270000064], [-90.44736368899999, 29.347619270000052], [-90.45817769199994, 29.33580926700006], [-90.45164168899998, 29.321511264000037], [-90.47909369499996, 29.29218425600004], [-90.52725870899997, 29.30405625800006], [-90.55431971499996, 29.28524025300004], [-90.56620371899999, 29.303895256000033], [-90.57963272299997, 29.311667258000057], [-90.59757672799998, 29.30327325500008], [-90.60007272799999, 29.288556252000035], [-90.58795072399994, 29.271349249000025], [-90.58973372399998, 29.253310245000023], [-90.56180671499999, 29.234956241000077], [-90.57487871899997, 29.227421239000023], [-90.60528872699996, 29.23827724100005], [-90.61244672899994, 29.232594239000036], [-90.60613372699999, 29.224378238000043], [-90.61183772799995, 29.214836235000064], [-90.63251573399998, 29.21442123500003], [-90.64321173599996, 29.192741230000024], [-90.64677673599994, 29.16866922400004], [-90.67589274399995, 29.17406522400006], [-90.68504374599996, 29.165556222000077], [-90.68135974499995, 29.156008220000047], [-90.69431274699997, 29.125076213000057], [-90.71142575099998, 29.11635621100004], [-90.72319075499996, 29.135976215000028], [-90.73578775799996, 29.134627214000034], [-90.74481975999998, 29.11760221000003], [-90.76668676599996, 29.113552208000044], [-90.77250976699997, 29.103169206000075], [-90.78795877099998, 29.107634206000057], [-90.79841677399997, 29.096004204000053], [-90.81255577499996, 29.042143191000036], [-90.86785879099995, 29.05606919300004], [-90.85153378699994, 29.07430019700007], [-90.85997578999996, 29.094966202000023], [-90.87758879499995, 29.104896203000067], [-90.89822080199997, 29.13134720800008], [-90.96128382099994, 29.18082221700007], [-90.98146382599998, 29.171216214000026], [-91.00010183099994, 29.169486213000027], [-91.02396083799994, 29.174789214000043], [-91.03179183999998, 29.18219321500004], [-91.09402085699998, 29.187716215000023], [-91.12914686699997, 29.21586822000006], [-91.21903789199996, 29.226056219000043], [-91.278797909, 29.24778122200007], [-91.30268291599998, 29.265963225000064], [-91.33489092599996, 29.298780231000023], [-91.33275592599995, 29.305821233000074], [-91.29182691499994, 29.311362235000047], [-91.27665291199997, 29.329830240000035], [-91.26545790999995, 29.36098124700004], [-91.23699290299999, 29.371347250000042], [-91.23824290199997, 29.350623246000055], [-91.22219989699994, 29.325967241000058], [-91.19581688899996, 29.305553237000026], [-91.171692883, 29.325138242000037], [-91.16206687999994, 29.318196241000066], [-91.16943488199996, 29.303895238000052], [-91.17240588099997, 29.266581229000053], [-91.15446087599997, 29.25496922700006], [-91.12166086699995, 29.251444228000025], [-91.11940286699996, 29.266477231000067], [-91.12808986899995, 29.27352323200006], [-91.13211887099999, 29.28575823500006], [-91.12023486799995, 29.300475238000047], [-91.12368186999998, 29.319957242000044], [-91.13306987399994, 29.34109324700006], [-91.15053887799996, 29.344926247000046], [-91.14970687899995, 29.353523249000034], [-91.192845891, 29.371131251000065], [-91.20009289399997, 29.38955525500006], [-91.21783289899997, 29.396442256000057], [-91.22019189999997, 29.40469225800007], [-91.21200489799998, 29.420936262000055], [-91.21745389999995, 29.432554264000032], [-91.25722191099999, 29.438009264000073], [-91.27609991499997, 29.40934125700005], [-91.28743091799998, 29.403116255000043], [-91.30187792199996, 29.413127257000042], [-91.30992292299999, 29.400541254000075], [-91.33405692999997, 29.391530251000063], [-91.32962992999995, 29.42662025900006], [-91.36397293899995, 29.420669257000043], [-91.36426593899995, 29.435435260000077], [-91.34751993499998, 29.44444326200005], [-91.35310193699996, 29.454736265000065], [-91.33307193199994, 29.46302726700003], [-91.32042992899994, 29.478321271000027], [-91.34045993499996, 29.488468272000034], [-91.35761894099994, 29.51299627700007], [-91.37936694699994, 29.512376276000055], [-91.39431294999997, 29.497120272000075], [-91.41729795599997, 29.48511626900006], [-91.46096896699999, 29.46996626400005], [-91.48559597499997, 29.499121270000046], [-91.48641697599999, 29.52169527500007], [-91.49614197899996, 29.53893627800005], [-91.51727998399997, 29.52974527500004], [-91.53102698799995, 29.531548275000034], [-91.52552898699997, 29.551909280000075], [-91.53745099099996, 29.565893283000037], [-91.55354299799995, 29.632771297000033], [-91.57059500299994, 29.63831729700007], [-91.62512001699997, 29.626200293000068], [-91.64894702399994, 29.63364029400003], [-91.62729201899998, 29.66213730000004], [-91.62683201999994, 29.68475830500006], [-91.618485019, 29.710821311000075], [-91.62151802099999, 29.735434316000067], [-91.63283502399997, 29.742581318000077], [-91.66713403299997, 29.745827317000078], [-91.71094104499997, 29.73899831400007], [-91.73725905199996, 29.749375316000055], [-91.75226505599994, 29.748269315000073], [-91.78368006399995, 29.740694312000073], [-91.85399308199999, 29.707623303000048], [-91.88100508899998, 29.713343303000045], [-91.85916408399999, 29.727773307000064], [-91.85797608399997, 29.74407731100007], [-91.872879088, 29.747883311000066], [-91.87924809099997, 29.756561313000077], [-91.86122808599998, 29.77320431700008], [-91.85167708499995, 29.791839321000054], [-91.84312108199998, 29.77925631900007], [-91.82880907799995, 29.777934319000053], [-91.82492607799998, 29.80854432500007], [-91.83081408099997, 29.82927533000003], [-91.85952008799995, 29.826073328000064], [-91.88912409699998, 29.836028329000044], [-91.90104909999997, 29.833452328000078], [-91.915256103, 29.819372325000074], [-91.93751310899995, 29.81677032400006], [-91.97099211799997, 29.834321326000065], [-91.98276112099995, 29.825396324000053], [-91.97823411899998, 29.79994731900007], [-92.06291713999997, 29.769168309000065], [-92.11585815299998, 29.73953730100004], [-92.13653315999994, 29.76734130600005], [-92.17494616899995, 29.759480303000032], [-92.17111216799998, 29.739787299000056], [-92.19987717599997, 29.753224301000046], [-92.20817417799998, 29.744189299000027], [-92.20008217499998, 29.725715295000043], [-92.16909816499998, 29.700215291000063], [-92.14865815999997, 29.695156291000046], [-92.11788115199994, 29.69850529200005], [-92.10318514699998, 29.69313529200008], [-92.13665515499997, 29.667486285000052], [-92.10825214499994, 29.613672275000056], [-92.034572127, 29.631545281000058], [-92.01686412099997, 29.61584227800006], [-92.04883212999994, 29.61449927700005], [-92.06535113399997, 29.603857274000063], [-92.04187212699998, 29.586774271000024], [-92.15863015699995, 29.58162126600007], [-92.21259617099997, 29.562484260000076], [-92.25186617999998, 29.539359254000033], [-92.28039818799994, 29.53343925200005], [-92.32347119899998, 29.531502250000074], [-92.65503528999994, 29.59610725300007], [-92.74131231299998, 29.62214425600007], [-92.94749937199998, 29.70878226700006], [-93.03116339499996, 29.736338270000033], [-93.17693643499996, 29.77049227300006], [-93.26746245899994, 29.77811827100004], [-93.34644547899995, 29.762648266000042], [-93.47525851299997, 29.769247263000068], [-93.68364656599994, 29.74715825100003], [-93.74195458099996, 29.736348247000024], [-93.81900159999998, 29.70408123800007], [-93.83797760399995, 29.69062423400004], [-93.83773160399994, 29.67902923200006], [-94.00141264599995, 29.681491227000038], [-94.09576866999998, 29.66052921900007], [-94.59485979099998, 29.46790816300006], [-94.69416481499997, 29.41563714800003], [-94.70847981799994, 29.403054145000056], [-94.73105382199998, 29.369146138000076], [-94.76149782999994, 29.361888135000072], [-94.77869783399996, 29.36148813400007], [-94.78313783599998, 29.375647137000044], [-94.76685483199998, 29.393494141000076], [-94.70637181899997, 29.436810152000078], [-94.68154781399994, 29.471394160000045], [-94.66585980999997, 29.478406162000056], [-94.64595480499997, 29.47377416200004], [-94.60856379499995, 29.483350165000047], [-94.59421779199994, 29.49213216800007], [-94.59141379199997, 29.51386317200007], [-94.56668078699994, 29.53199317700006], [-94.53235477699997, 29.517805175000035], [-94.495031768, 29.52503617800005], [-94.50343577099994, 29.543255181000063], [-94.52374977599999, 29.54599218100003], [-94.54253878199995, 29.569005185000037], [-94.55399478499999, 29.573887186000036], [-94.74070583099996, 29.525863170000036], [-94.76868283799996, 29.525664169000038], [-94.78094484199994, 29.531098170000064], [-94.79061184499994, 29.548406173000046], [-94.77105983999996, 29.548444174000053], [-94.75524383699997, 29.562787177000075], [-94.73463283199999, 29.584051182000053], [-94.70874782699997, 29.62523119100007], [-94.69316082599994, 29.694458206000036], [-94.69602982999999, 29.75755521900004], [-94.70811183299998, 29.75740421900008], [-94.72072283699998, 29.766521220000072], [-94.73623683999995, 29.761790219000034], [-94.75651584699995, 29.781431222000037], [-94.81609186099996, 29.756715215000042], [-94.85111486799997, 29.721378207000043], [-94.87255787199996, 29.67125519600006], [-94.89311387599997, 29.661341193000055], [-94.92132488399994, 29.658183191000035], [-94.93417388799998, 29.678687195000066], [-94.93609588899994, 29.692709198000045], [-94.942687891, 29.69778319900007], [-94.96596989699998, 29.70033519800006], [-94.97267289799998, 29.684875195000075], [-95.00540490499998, 29.65937118900007], [-95.01564290699997, 29.639462184000024], [-95.01350590599998, 29.629199182000036], [-94.98271289699994, 29.60134917700003], [-95.00767690199996, 29.574262171000044], [-95.018259904, 29.554890167000053], [-95.01517190299995, 29.539994164000063], [-94.99958789799996, 29.521098160000065], [-94.98192289299999, 29.511146159000077], [-94.90947187399996, 29.496843158000047], [-94.92592087699995, 29.469052152000074], [-94.93086787699997, 29.450509148000037], [-94.890806866, 29.433437146000074], [-94.88654286199994, 29.366391132000047], [-94.89424086299994, 29.33800512600004], [-94.89400086099994, 29.308175120000044], [-94.92159986699994, 29.281561113000066], [-94.95253287599996, 29.29012711400003], [-95.02248889099997, 29.22968909900004], [-95.09910790899994, 29.17353408500003], [-95.11276491299998, 29.19567408900008], [-95.15851892399996, 29.18913808600007], [-95.15519092199997, 29.151470079000035], [-95.16525692299996, 29.113571070000035], [-95.14485191699998, 29.090841066000053], [-95.09860590699998, 29.12880407600005], [-95.003929885, 29.184479090000025], [-94.99155588199994, 29.20113609400005], [-94.87924585699994, 29.28584411500003], [-94.82495984399998, 29.306010121000043], [-94.82231384499994, 29.34425912900008], [-94.81070284199996, 29.35344013200006], [-94.78490183499997, 29.335540129000037], [-94.73132682099998, 29.33807113100005], [-94.72253681799998, 29.33145113000006], [-94.73108881999997, 29.33183813000005], [-94.80370183699995, 29.279242117000024], [-95.08177990099995, 29.111227073000066], [-95.11049090799997, 29.088229067000043], [-95.12514091099996, 29.067326062000063], [-95.23893093699996, 28.988649042000077], [-95.29715394899995, 28.934078029000034], [-95.35345796199994, 28.89815002000006], [-95.38239696799997, 28.866353012000047], [-95.439600983, 28.859027009000044], [-95.65951803499996, 28.75108897900003], [-95.81251106999997, 28.66494695700004], [-96.07787513299996, 28.556630926000025], [-96.22038316699997, 28.49197090800004], [-96.30321918599998, 28.441875896000056], [-96.32156718999994, 28.42515289100004], [-96.34162419399996, 28.417338889000064], [-96.39038320499998, 28.381819880000023], [-96.40048420699998, 28.357141875000025], [-96.44285621599994, 28.31767086600007], [-96.63201725999994, 28.22282584000004], [-96.79216529599995, 28.110501812000052], [-96.88646631699999, 28.03073879300007], [-97.00333234199996, 27.908311764000075], [-97.04485334899994, 27.834470748000058], [-97.09074235899999, 27.78589273600005], [-97.14086136899994, 27.716692721000072], [-97.21268638299995, 27.596424694000063], [-97.25733239099998, 27.510648675000027], [-97.29606439799994, 27.427179656000078], [-97.33612940399996, 27.31782263200006], [-97.35847640699996, 27.23480061400005], [-97.37174840699998, 27.153016597000033], [-97.37870440599994, 27.060048577000032], [-97.37695040199998, 26.971532559000025], [-97.366879397, 26.88558554100007], [-97.34823238999996, 26.79587652300006], [-97.29617837099994, 26.617814487000032], [-97.22159234599997, 26.399816443000077], [-97.19694233699994, 26.305869423000047], [-97.15880532099999, 26.08266437700007], [-97.16932432299996, 26.077718376000064], [-97.18305832799996, 26.123271385000066], [-97.20135933599994, 26.24969541100006], [-97.28430836599995, 26.542614471000036], [-97.36794138699997, 26.556418472000075], [-97.30593837199996, 26.579636479000044], [-97.33683638199994, 26.650822493000078], [-97.35703838899997, 26.725435508000032], [-97.38912639999995, 26.800485523000077], [-97.40101040599995, 26.891672542000038], [-97.39982141299998, 27.11508758800005], [-97.37724241299998, 27.27998062300003], [-97.36147141099997, 27.35199263900006], [-97.30426140199995, 27.507321673000035], [-97.23521638999995, 27.63447270100005], [-97.18696737999994, 27.69425671500005], [-97.15119637399994, 27.768625731000043], [-97.12089236699995, 27.79869573800005], [-97.13134937099994, 27.822661743000026], [-97.12990537099995, 27.83949174600008], [-97.08248836199994, 27.913236763000043], [-97.01720934699995, 27.945732772000042], [-96.98440933999996, 27.984359781000023], [-96.95458033399996, 28.035979792000035], [-96.93366432999994, 28.05601279700005], [-96.92831732899998, 28.08233380200005], [-96.91987932799998, 28.09355180500006], [-96.88826831999995, 28.103929808000032], [-96.879949319, 28.12877181300007], [-96.85427931199996, 28.120072812000046], [-96.81934130399998, 28.143337818000077], [-96.82127430599996, 28.168365823000045], [-96.79058129899994, 28.188911829000062], [-96.73475228499996, 28.190775831000053], [-96.65498526699997, 28.246401844000047], [-96.59901125499994, 28.293291856000053], [-96.55385224399998, 28.302708859000063], [-96.54149324099996, 28.316414862000045], [-96.52521223699995, 28.323005864000038], [-96.44059821699994, 28.342984871000056], [-96.43370521599996, 28.363692875000027], [-96.45283822099998, 28.380213878000063], [-96.45022422099998, 28.38847388000005], [-96.42063321399996, 28.404363884000077], [-96.42003921399998, 28.41690688700004], [-96.45295722299994, 28.418683886000053], [-96.51154523599996, 28.383350877000055], [-96.58142325199998, 28.353339869000024], [-96.62064026099995, 28.319134860000077], [-96.66520527199998, 28.309614857000042], [-96.684362277, 28.314468858000055], [-96.68790427799996, 28.328131860000042], [-96.70525428299999, 28.348815864000073], [-96.700165283, 28.369680869000035], [-96.71034328699994, 28.40683187600007], [-96.76835930199996, 28.410393875000068], [-96.79024230599998, 28.38393086900004], [-96.79482230699995, 28.36459186500008], [-96.79176830399996, 28.312174854000034], [-96.80958030699998, 28.290291849000027], [-96.78718829999997, 28.255685842000048], [-96.80042030299995, 28.224132835000034], [-96.87268531899997, 28.176295823000032], [-96.93477233299996, 28.123877811000057], [-96.96276233899994, 28.123369810000042], [-97.00042134899996, 28.137618812000028], [-97.00754635099997, 28.13609181100003], [-97.02702135699997, 28.14841281300005], [-97.02131035599996, 28.184104821000062], [-97.03701535999994, 28.18553282000005], [-97.15360838799995, 28.13318480600003], [-97.21404640099996, 28.087498795000045], [-97.21547440099994, 28.075601793000033], [-97.17645139099994, 28.05989679000004], [-97.13742838099995, 28.057041791000074], [-97.05176736099997, 28.106058804000043], [-97.02570035499997, 28.112164806000067], [-97.02281335399994, 28.107592805000024], [-97.03553535599997, 28.084692800000028], [-97.02586635199998, 28.04194379100005], [-97.04876735699997, 28.022096786000077], [-97.06199935999996, 27.99614278100006], [-97.07573936299997, 27.98698177800003], [-97.12154137199997, 27.92336876400003], [-97.12917537399994, 27.919805763000056], [-97.13579037399995, 27.89944975900005], [-97.15512937899996, 27.880619754000065], [-97.18719038499995, 27.82413074200008], [-97.22518339399994, 27.825727741000037], [-97.22839539599994, 27.843665744000077], [-97.25080440199997, 27.876039750000075], [-97.27370540799996, 27.881637751000028], [-97.325104421, 27.86789774700003], [-97.34100742499999, 27.88334074900007], [-97.377959434, 27.87490974600007], [-97.45430045299997, 27.873828744000036], [-97.493246463, 27.884080745000063], [-97.51474446799995, 27.870077742000035], [-97.51510246699996, 27.851174738000054], [-97.47208045599996, 27.824158733000047], [-97.41919744199998, 27.823002735000046], [-97.37904943299998, 27.837871739000036], [-97.39177143499995, 27.813952734000054], [-97.39329843399997, 27.78290972700006], [-97.36836242699997, 27.741687719000026], [-97.34698742099994, 27.725402717000065], [-97.31645341299998, 27.712680715000033], [-97.25396239699995, 27.69670071300004], [-97.296605404, 27.613951695000026], [-97.29406140299994, 27.59410469100004], [-97.32154240899996, 27.571203685000057], [-97.34342541299998, 27.517768674000024], [-97.35055041299995, 27.478582665000033], [-97.36581741599997, 27.45059265900005], [-97.37294241599994, 27.401228649000075], [-97.40500342099995, 27.329981633000045], [-97.42027042499996, 27.317258630000026], [-97.45080543199998, 27.313695628000062], [-97.48286643999995, 27.29791962400003], [-97.50831144499995, 27.275018619000036], [-97.53223045099998, 27.27858161900008], [-97.54444445399997, 27.28417962000003], [-97.54698845499996, 27.29079562100003], [-97.52663244999997, 27.291812622000066], [-97.51747244799998, 27.30504462500005], [-97.49813344399996, 27.308606626000028], [-97.50271344499998, 27.322347629000035], [-97.48388444099999, 27.33863263300003], [-97.48693744299999, 27.35898863700004], [-97.50169544699997, 27.366622638000024], [-97.51441844999994, 27.361533637000036], [-97.53833745499998, 27.335578630000043], [-97.58413946499996, 27.309624624000037], [-97.60907547099998, 27.28519761800004], [-97.63146747599995, 27.28621461800003], [-97.63655647699994, 27.28214361700003], [-97.63910147699994, 27.25313561100006], [-97.62892347399998, 27.24295760900003], [-97.58261246199999, 27.240413610000076], [-97.54291745199998, 27.229217608000056], [-97.52001644699999, 27.231252609000023], [-97.50016944199996, 27.244484613000054], [-97.45029642999998, 27.262550618000034], [-97.42408742399994, 27.264077619000034], [-97.44157242499995, 27.163837597000054], [-97.43100142199995, 27.160865597000054], [-97.46029141899999, 26.847291531000053], [-97.46647641899995, 26.809699523000063], [-97.47861242199997, 26.806679522000024], [-97.46734441599995, 26.710130502000027], [-97.44495240799995, 26.633539486000075], [-97.44571540799996, 26.609366481000052], [-97.41696239899994, 26.55364147000006], [-97.41918039899997, 26.527251465000063], [-97.40682039499995, 26.499496459000056], [-97.41311939599996, 26.481201455000075], [-97.38055738799994, 26.480563456000027], [-97.29701236099999, 26.296073419000038], [-97.27989935599999, 26.270927414000028], [-97.29380435899998, 26.258991411000068], [-97.31057336299995, 26.230574405000027], [-97.31134036199995, 26.213181401000043], [-97.29882435899998, 26.201214399000037], [-97.29609635799994, 26.18239239500008], [-97.29891435699994, 26.14756638700004], [-97.28536735299997, 26.128382384000076], [-97.28453435299997, 26.11502438100007], [-97.29059535399995, 26.104780378000044], [-97.27090534899997, 26.08646337500005], [-97.19965833099997, 26.07704837500006], [-97.19568232899996, 26.04656336800008], [-97.16498932199994, 26.063880373000075], [-97.15201631799994, 26.062112373000048], [-97.14557431399999, 25.971136353000077], [-97.14630131399997, 25.95561035000003], [-97.15661531599994, 25.949026348000075], [-97.17836932199998, 25.962118351000072], [-97.18759032399998, 25.958178350000026], [-97.22923333499995, 25.958757349000052], [-97.24804033899994, 25.948101346000044], [-97.27671434599995, 25.95215134600005], [-97.28139634699994, 25.948041345000036], [-97.277170346, 25.935442343000034], [-97.30360935299996, 25.93670834200003], [-97.32492135699994, 25.92404533900003], [-97.35040536399998, 25.92524533900007], [-97.37443736899996, 25.907448335000026], [-97.36598336699996, 25.902451334000034], [-97.36008936499996, 25.86887832700006], [-97.36542736499996, 25.84983032200006], [-97.37287136699996, 25.840121320000037], [-97.39452037199999, 25.83738131900003], [-97.42264337899996, 25.84038231900007], [-97.44512038499994, 25.850030321000077], [-97.45473438899995, 25.879341327000077], [-97.46826939199997, 25.88416632700006], [-97.48606739599995, 25.87876232600007], [-97.52176940499999, 25.88646232700006], [-97.53032940799994, 25.916801333000024], [-97.54296441199995, 25.920039333000034], [-97.54642841299994, 25.934081336000077], [-97.58257242199994, 25.937861336000026], [-97.58305142299997, 25.955447340000035], [-97.59805042599999, 25.957560340000043], [-97.60829042899996, 25.976598344000024], [-97.64401843899998, 26.006618349000064], [-97.64371543899995, 26.016947351000056], [-97.649183441, 26.021503352000025], [-97.69707645299997, 26.02345935200003], [-97.71115245699997, 26.03304735300003], [-97.75884546799995, 26.03213535200007], [-97.77008447099996, 26.041552354000032], [-97.78983047599996, 26.04246435300007], [-97.80135147999994, 26.06002135700004], [-97.83661548799995, 26.051655354000047], [-97.86051149399998, 26.05292235400003], [-97.88653750099996, 26.06634335600006], [-97.93542751299998, 26.052692352000065], [-97.95010251599996, 26.061832354000046], [-97.96736551999999, 26.051722351000024], [-97.98134252399996, 26.067186354000057], [-98.02876653599998, 26.066474353000046], [-98.03924653799999, 26.041279347000057], [-98.07002854599995, 26.047996348000027], [-98.08050254899996, 26.070936353000036], [-98.08585654999996, 26.06921235200008], [-98.08189154899998, 26.063728351000066], [-98.09104555099998, 26.059173350000037], [-98.10551255499996, 26.067541351000045], [-98.12833855999997, 26.06193335000006], [-98.14662956499996, 26.049416347000033], [-98.15173856599995, 26.058191348000037], [-98.17790457299998, 26.07467635100005], [-98.19705357699996, 26.056157347000067], [-98.22068058399998, 26.076471350000077], [-98.24881358999994, 26.07310534900006], [-98.26452159499996, 26.085511351000036], [-98.27722559799997, 26.098806354000033], [-98.26570559599998, 26.12037435900004], [-98.29620260299998, 26.12032535800006], [-98.30298660499994, 26.110054356000035], [-98.32383560999995, 26.121253357000057], [-98.33521161399995, 26.137621361000072], [-98.33842761499994, 26.151348363000068], [-98.33316361399994, 26.162340366000024], [-98.33684461499996, 26.166436367000074], [-98.34578861699998, 26.166020366000055], [-98.35465261899998, 26.15304436300005], [-98.38670162699998, 26.15787636400006], [-98.40444063199999, 26.182568368000034], [-98.41812763499996, 26.18465236800006], [-98.44254364199998, 26.199155371000074], [-98.44368964199998, 26.213343374000033], [-98.45098364399996, 26.219908375000045], [-98.46508464799996, 26.222339375000047], [-98.50058265599995, 26.213830373000064], [-98.509334659, 26.22282637400008], [-98.52659766299996, 26.22161037400008], [-98.54385966799998, 26.23449637600004], [-98.56160767199998, 26.230849375000048], [-98.57619567599994, 26.235225375000027], [-98.58519167799994, 26.254433379000034], [-98.59916168199999, 26.25761637900007], [-98.62666168799996, 26.25221437700003], [-98.63418768999998, 26.24261637500007], [-98.65422869499997, 26.23596437300006], [-98.66940469799994, 26.23632437300006], [-98.67904970099994, 26.24555837500003], [-98.68117470199996, 26.262714378000055], [-98.70745870899998, 26.27215638000007], [-98.71124070999997, 26.289691383000047], [-98.74527971899994, 26.30310038500005], [-98.74906171999999, 26.32166638900003], [-98.78982973099994, 26.33157939000006], [-98.79821873399999, 26.360170396000058], [-98.80735573599998, 26.369425397000043], [-98.82457873999994, 26.370719397000073], [-98.84406474499997, 26.35864239400007], [-98.86136174899997, 26.36599439500003], [-98.89097275599994, 26.357573393000052], [-98.90556775999994, 26.36402839400006], [-98.92128476399995, 26.38143039700003], [-98.94205376899998, 26.37553639500004], [-98.96759477599994, 26.39827039900007], [-99.00801078599994, 26.39546339800006], [-99.03232379199994, 26.412086401000067], [-99.04547379499996, 26.409820400000058], [-99.06210079899995, 26.397375397000076], [-99.08513380499994, 26.398786397000038], [-99.11381581299997, 26.43400640300007], [-99.10309080999997, 26.441519405000065], [-99.09164280899995, 26.476981413000033], [-99.10503881299996, 26.500339417000077], [-99.12778981899999, 26.52520342200006], [-99.17071182999996, 26.540320424000072], [-99.16741782999998, 26.560005428000068], [-99.17807183399998, 26.620551440000042], [-99.200529841, 26.656447447000062], [-99.20995584399998, 26.693942454000023], [-99.20891484499998, 26.72476546000007], [-99.24003085299995, 26.745855464000044], [-99.24245185499996, 26.788266472000032], [-99.26221586099996, 26.815672478000067], [-99.26862086299997, 26.843217483000046], [-99.28047886699994, 26.858057486000064], [-99.29515386999998, 26.865444487000048], [-99.31676087599999, 26.865835486000037], [-99.32890787899998, 26.87976548900008], [-99.32182687799997, 26.90685049500007], [-99.32469187899994, 26.91597749600004], [-99.37915689299996, 26.93449449900004], [-99.39375589699995, 26.960734504000072], [-99.37660089399998, 26.97772150700007], [-99.40370190099998, 26.997360511000068], [-99.41548390499997, 27.017244514000026], [-99.43216290799995, 27.010703513000067], [-99.44653191199995, 27.02301251500006], [-99.44398091199997, 27.036462518000064], [-99.45232391499997, 27.062673523000058], [-99.43447791099999, 27.07852152600003], [-99.42921690999998, 27.090986529000077], [-99.44213091399996, 27.106843532000028], [-99.43058891199996, 27.12661653600003], [-99.43997891499998, 27.151076541000066], [-99.42999191299998, 27.15915354300006], [-99.42635591299995, 27.17626654600008], [-99.43280291499997, 27.20969755300007], [-99.44524591899994, 27.223345555000037], [-99.44155691899994, 27.249924561000057], [-99.45239892199999, 27.26405056300007], [-99.46331692499996, 27.268441564000057], [-99.48791792999998, 27.26072556200006], [-99.49662293299997, 27.27171256400004], [-99.48752093099995, 27.29024456800005], [-99.49461193299999, 27.303546570000037], [-99.523665941, 27.304142570000067], [-99.53777894399997, 27.31607757200004], [-99.50484493699997, 27.33829357700006], [-99.50778693799998, 27.35425158000004], [-99.49215193599997, 27.380521586000043], [-99.487528936, 27.41240059200004], [-99.49511193899997, 27.451522600000033], [-99.48042693599996, 27.48160060600003], [-99.48352693699997, 27.491100608000067], [-99.497526941, 27.500500610000074], [-99.52832794799997, 27.49890060900003], [-99.52192694899998, 27.544098618000078], [-99.51222694699999, 27.568098623000026], [-99.53014595199994, 27.58021162500006], [-99.53972995499998, 27.603285629000027], [-99.55495795899998, 27.614458631000048], [-99.56287696099997, 27.607268629000032], [-99.58485096599998, 27.60390762800006], [-99.57816796499998, 27.610373629000037], [-99.57810696499996, 27.61920063100007], [-99.59137996799996, 27.627468632000046], [-99.59623896999994, 27.639862635000043], [-99.60354097199996, 27.641996635000055], [-99.63893697999998, 27.626762631000076], [-99.66595598699996, 27.635972632000062], [-99.65830298499998, 27.650162635000072], [-99.66894998799995, 27.65997863700005], [-99.68582099199995, 27.66101963600005], [-99.70460899699998, 27.65495863500007], [-99.71151899799997, 27.658369635000042], [-99.77074801499998, 27.732138648000046], [-99.78885301999998, 27.73072264700005], [-99.79635002199996, 27.735590648000027], [-99.81309402699998, 27.773956655000063], [-99.81910002899997, 27.776023656000064], [-99.82580102999998, 27.76437865300005], [-99.84171603399994, 27.76646865300006], [-99.85088503699995, 27.79397865800007], [-99.87768504399997, 27.79943165800006], [-99.87721004499997, 27.84218366700003], [-99.90149405199998, 27.864166671000078], [-99.90439305299998, 27.875288673000057], [-99.89409905099996, 27.892954677000034], [-99.900088053, 27.912146680000035], [-99.91746905799994, 27.917977681000025], [-99.937150063, 27.940541685000028], [-99.93182006299998, 27.980971693000072], [-99.96277707099995, 27.983540692000076], [-99.99145507799994, 27.994564694000076], [-100.00863908399998, 28.02396869900008], [-100.01792208699999, 28.06479170700004], [-100.05313109699995, 28.084734710000077], [-100.05650109799996, 28.104190713000037], [-100.07548210299996, 28.124886717000038], [-100.08340110599994, 28.144039720000023], [-100.119636115, 28.15559272200005], [-100.14110612099995, 28.168153723000046], [-100.16059812599997, 28.168164723000075], [-100.18570213199996, 28.185785726000063], [-100.208067138, 28.19038772600004], [-100.22029214199995, 28.232214734000024], [-100.25164214999995, 28.236181733000024], [-100.293476162, 28.278479740000023], [-100.28647916099999, 28.31230074700005], [-100.34440817799998, 28.389666761000058], [-100.34959417999994, 28.402608763000046], [-100.33706717799998, 28.427155768000034], [-100.33780517899999, 28.44296477100005], [-100.36829618799999, 28.477200777000064], [-100.34418918199998, 28.486253779000037], [-100.33382217999997, 28.49925678200003], [-100.38886819399994, 28.51575278400003], [-100.41142220099994, 28.55190379000004], [-100.39727819799998, 28.575641795000024], [-100.39839319899994, 28.584888797000076], [-100.42986420699998, 28.596445798000047], [-100.44732821199995, 28.60932980000007], [-100.44709921299994, 28.64220180600006], [-100.46287421699998, 28.64136880600006], [-100.47964422099994, 28.65522980800006], [-100.50036222699998, 28.66196480800005], [-100.51200623099999, 28.705356816000062], [-100.50670922999996, 28.71674981900003], [-100.50762123199996, 28.74060382300007], [-100.51923423499994, 28.75616582600003], [-100.53302523899998, 28.763284827000064], [-100.53778023999996, 28.780780830000026], [-100.53243923999997, 28.791067832000067], [-100.53583824099996, 28.805892835000066], [-100.54733224499995, 28.82582183900007], [-100.57470725099995, 28.82879183800003], [-100.57300025199999, 28.848468842000045], [-100.59888525899999, 28.875595846000067], [-100.60206226099996, 28.901948851000043], [-100.63161926799995, 28.902843851000057], [-100.64057627099999, 28.914216853000028], [-100.63886527099999, 28.927626855000028], [-100.65152027399995, 28.94343685800004], [-100.64590227499997, 28.986425866000047], [-100.66021627999999, 29.03150187400007], [-100.66407328299994, 29.07321088200007], [-100.67466428699998, 29.099781887000063], [-100.69233529199994, 29.115232889000026], [-100.72747030099998, 29.129127891000053], [-100.73780330299996, 29.13908389200003], [-100.73968930399997, 29.150490895000075], [-100.75973430899995, 29.157154895000076], [-100.77265731299997, 29.168496897000068], [-100.77591331399998, 29.17334889800003], [-100.76603931199998, 29.18585390000004], [-100.76706731299998, 29.195291902000065], [-100.78552931899998, 29.228141908000055], [-100.79568932099994, 29.22773490700007], [-100.79767932199996, 29.246947911000063], [-100.82354132899997, 29.261746913000025], [-100.83902433299994, 29.26326391300006], [-100.856477338, 29.27566891400005], [-100.87605734299996, 29.27958991400004], [-100.88685034599996, 29.307852919000027], [-100.90484335099995, 29.312014920000024], [-100.94062335999996, 29.333113922000052], [-100.94898036299998, 29.347250925000026], [-100.96433336699994, 29.347346924000078], [-101.01062237799994, 29.36867392700003], [-101.03661238599994, 29.40611293300003], [-101.04337238899996, 29.429884937000054], [-101.05696539299998, 29.440777939000043], [-101.06015939399998, 29.45866594200004], [-101.08715740099996, 29.46941894300005], [-101.11526240799998, 29.468463942000028], [-101.13004641199996, 29.47842494300005], [-101.14434541499998, 29.47325094200005], [-101.17167142299996, 29.503954947000068], [-101.17382942399996, 29.514570949000074], [-101.23528343899994, 29.52485894800003], [-101.25490344299999, 29.520346947000064], [-101.26118344499997, 29.536781950000034], [-101.24436344299994, 29.569191956000054], [-101.25230544599998, 29.604171963000056], [-101.24742644599996, 29.618162966000057], [-101.25228244699997, 29.625638967000043], [-101.26922545199994, 29.630031967000036], [-101.28049645399994, 29.614839964000055], [-101.27761845199996, 29.593235960000072], [-101.29322745499996, 29.571832955000048], [-101.30554145799994, 29.577929956000048], [-101.31433746099998, 29.59562695900007], [-101.30734046099997, 29.64072096800004], [-101.31122746199998, 29.648495969000066], [-101.32522246599996, 29.657825970000033], [-101.36176447499997, 29.657825969000044], [-101.37886848099998, 29.698254976000044], [-101.39837048599998, 29.717004979000023], [-101.39701748699997, 29.733967982000024], [-101.41559249199997, 29.74653898400004], [-101.41541049199998, 29.756565985000066], [-101.44651049899994, 29.755010984000023], [-101.453507501, 29.759675985000058], [-101.45523250199994, 29.771878987000036], [-101.47527750699999, 29.78066798800006], [-101.50323151299995, 29.76458698400006], [-101.52270351799996, 29.759675982000033], [-101.53281051999994, 29.764340983000068], [-101.54680552499997, 29.79699598800005], [-101.56157752799999, 29.794662987000038], [-101.58257053199998, 29.77133898200003], [-101.62596654199996, 29.771067981000044], [-101.63513654399998, 29.758679978000032], [-101.64642654599999, 29.75430897700005], [-101.66246155099998, 29.77128497900003], [-101.69000055699996, 29.77121797800004], [-101.70664456099996, 29.76274197600003], [-101.77716957899997, 29.789331979000053], [-101.79687858299997, 29.78262397700007], [-101.81489758799995, 29.793099978000043], [-101.83124059099998, 29.789327977000028], [-101.85261259699996, 29.80189997800005], [-101.87540860199994, 29.794027976000052], [-101.91241461099997, 29.797854975000064], [-101.92971761399997, 29.78932797300007], [-101.93809861699998, 29.79603297400007], [-101.95947062199997, 29.799385974000074], [-101.97455662599998, 29.81028097500007], [-101.98754762899995, 29.80106197300006], [-102.00179463199999, 29.804832973000032], [-102.03902164099998, 29.80265997200007], [-102.03923563999996, 29.79098196900003], [-102.05005264199997, 29.78507496800006], [-102.07365464799994, 29.786930967000046], [-102.08444765099995, 29.79496696900003], [-102.11569065799995, 29.792394967000064], [-102.15960966899996, 29.814360969000063], [-102.18615867699998, 29.848466975000065], [-102.20538968099999, 29.84244297300006], [-102.23179968799997, 29.84825597300005], [-102.24743369199996, 29.85728397400004], [-102.26124669499995, 29.857575974000042], [-102.26496269699999, 29.867810975000054], [-102.28125769999997, 29.863121974000023], [-102.30138970499996, 29.877678976000027], [-102.31539770899997, 29.87992497600004], [-102.33339271199998, 29.868050973000038], [-102.34104171399997, 29.869309973000043], [-102.36455071899996, 29.845391968000058], [-102.36252271799998, 29.833160966000037], [-102.38668671999994, 29.766884952000055], [-102.41207072599997, 29.768066952000027], [-102.43330973099995, 29.77661295300004], [-102.50832174899995, 29.783223951000025], [-102.51269574999998, 29.780307950000065], [-102.51338974899994, 29.765764948000026], [-102.53942575499997, 29.751633944000048], [-102.55108975799999, 29.752362944000026], [-102.56176276099995, 29.766094946000067], [-102.569417763, 29.768128946000047], [-102.57601976299998, 29.75469594300006], [-102.61288777199997, 29.74818694100003], [-102.63015977499998, 29.734319938000056], [-102.66126078199994, 29.73612793700005], [-102.67097978499999, 29.74195893800004], [-102.68817278799997, 29.72249193400006], [-102.69024678799997, 29.707486931000062], [-102.69835578899995, 29.695595928000046], [-102.69932578899994, 29.685033926000074], [-102.69347478699996, 29.676511925000057], [-102.73695679499997, 29.641542917000038], [-102.74203979599997, 29.632146915000078], [-102.73999979399997, 29.59904590900004], [-102.74621079499997, 29.592879908000043], [-102.76181979899997, 29.598401908000028], [-102.76834979999995, 29.594738907000078], [-102.76224979799997, 29.579453905000037], [-102.766132799, 29.572352903000024], [-102.77396980099996, 29.57308890300004], [-102.77753980099999, 29.556501900000058], [-102.77143779899995, 29.548550899000077], [-102.808700806, 29.522323893000078], [-102.80733580499998, 29.49401388800004], [-102.83254780799996, 29.43311387500006], [-102.82457280399996, 29.399562870000068], [-102.84078680699997, 29.376966865000043], [-102.84302980699994, 29.35799286100007], [-102.86163881099998, 29.351643860000024], [-102.87687481399996, 29.354063859000064], [-102.88373081599997, 29.348063858000046], [-102.87981381399999, 29.33875985700007], [-102.89049781499995, 29.309503851000045], [-102.88833681399996, 29.291951848000053], [-102.90261381699997, 29.279445845000055], [-102.90630481699998, 29.26001584100004], [-102.88791081199997, 29.245616839000036], [-102.87135580799998, 29.24162983900004], [-102.866854806, 29.225019836000058], [-102.89007281099998, 29.208818832000077], [-102.89923981299995, 29.208867832000067], [-102.91213981599998, 29.218906833000062], [-102.91781381599998, 29.190701828000044], [-102.93262081999995, 29.19411782800006], [-102.94491982299996, 29.188824827000076], [-102.95089882299999, 29.17683982400007], [-102.97727482999994, 29.186230825000052], [-102.99466183399994, 29.17962482300004], [-102.99569683299995, 29.161223820000032], [-103.00837083499994, 29.14829781700007], [-103.01503683599998, 29.125774813000078], [-103.03299183999997, 29.114122810000026], [-103.04045084099994, 29.09935580700005], [-103.07441584799994, 29.088538804000052], [-103.07685584799998, 29.07606380200008], [-103.10027485299997, 29.057704797000042], [-103.10161685099996, 29.01812779000005], [-103.11724685399997, 29.000213786000074], [-103.11533685299997, 28.98527478400007], [-103.13493985699995, 28.98352978300005], [-103.163873863, 28.972103780000054], [-103.16624386399997, 28.97884078100003], [-103.22780987899995, 28.991536781000036], [-103.24512988199996, 28.980244778000042], [-103.26601188799998, 28.99021077900005], [-103.27796888999995, 28.979180777000067], [-103.28500489199996, 28.982088777000058], [-103.28616889299997, 29.00026278100006], [-103.31190689899995, 29.00843578100006], [-103.30911089899996, 29.018381783000052], [-103.31600889999999, 29.022619784000028], [-103.32816790299995, 29.01624378200006], [-103.33577090499995, 29.019685782000067], [-103.33482790599999, 29.039805786000045], [-103.34787890799998, 29.037432785000078], [-103.355436909, 29.021533782000063], [-103.36200691099998, 29.018918781000025], [-103.42776292699995, 29.042338784000037], [-103.43467692899998, 29.055321786000036], [-103.45303793399995, 29.067471787000045], [-103.46917593699999, 29.069246787000054], [-103.47482393999996, 29.086675790000072], [-103.49977194599995, 29.114782794000064], [-103.52462195199996, 29.121002795000038], [-103.52503595299999, 29.137358797000047], [-103.55780596199997, 29.155426800000043], [-103.59236896899995, 29.150264798000023], [-103.61054897399998, 29.165777800000058], [-103.64564398199997, 29.15929079700004], [-103.66021198599998, 29.170938799000055], [-103.697322994, 29.177198799000053], [-103.71377899799995, 29.185012800000038], [-103.74218400599995, 29.208614803000046], [-103.75693900999994, 29.230631806000076], [-103.76791401199995, 29.22433880500006], [-103.78138001599996, 29.23095280600006], [-103.77874101599997, 29.25404381000004], [-103.79116601899995, 29.263282811000067], [-103.85690203499996, 29.281856812000058], [-103.91711504899996, 29.28422081100007], [-103.92498505099996, 29.293917812000075], [-103.975244063, 29.29602181100006], [-104.03829107799999, 29.32016081300003], [-104.05560508199994, 29.33091481400004], [-104.05725308299998, 29.337698815000067], [-104.08215908899996, 29.345927816000028], [-104.10647609599994, 29.373131820000026], [-104.143701105, 29.383282820000034], [-104.16657211099994, 29.399356822000072], [-104.18007911399997, 29.412768824000068], [-104.18128211499999, 29.426269827000056], [-104.19599911899996, 29.442888829000026], [-104.21253812299994, 29.45244383000005], [-104.21324812499995, 29.473014834000026], [-104.22909012899999, 29.481054835000066], [-104.235856131, 29.49674883700004], [-104.26416413799996, 29.51400583900005], [-104.31808315099994, 29.527942840000037], [-104.33812215499995, 29.51997183800006], [-104.37118416299995, 29.54306784100004], [-104.38105016599997, 29.543410840000035], [-104.39459816899995, 29.556091842000058], [-104.39960017099997, 29.572323845000028], [-104.46652918799998, 29.60930084900008], [-104.48351119299997, 29.627745852000032], [-104.50757719899997, 29.639628853000033], [-104.539770208, 29.67607885800004], [-104.53631120799997, 29.690445861000057], [-104.552250212, 29.717127865000066], [-104.55466921399994, 29.74073086900006], [-104.56596021699994, 29.758799872000054], [-104.56569721799997, 29.77046687400008], [-104.59248122599996, 29.81028088000005], [-104.61017522999998, 29.819122881000055], [-104.61904823299994, 29.844449885000074], [-104.63011223599995, 29.853318886000068], [-104.63328423799999, 29.870489889000055], [-104.65679224399997, 29.889337891000025], [-104.65905124499994, 29.90141789300003], [-104.67233624899995, 29.911116895000077], [-104.67978125099995, 29.924663897000073], [-104.68433125399997, 29.956090902000028], [-104.67967025299998, 29.975276906000033], [-104.68965025799997, 30.014954912000064], [-104.70400726099996, 30.024214913000037], [-104.70111126099994, 30.035538915000075], [-104.70688326299995, 30.050689918000046], [-104.70359126299996, 30.06453492000003], [-104.69278726099998, 30.069761922000055], [-104.68501225999995, 30.085647925000046], [-104.69537526499994, 30.132134932000042], [-104.68730526499996, 30.17946894100004], [-104.71124527299997, 30.222925948000068], [-104.71317527399998, 30.237961950000056], [-104.73383127999995, 30.261225953000064], [-104.75157628399995, 30.26364895300003], [-104.76164328799996, 30.301152959000035], [-104.79730029799998, 30.330340963000026], [-104.80980330099999, 30.334930963000033], [-104.81760530399998, 30.36591996800007], [-104.85953031499997, 30.390417971000034], [-104.85242931499994, 30.418796976000067], [-104.86108331699995, 30.428901978000056], [-104.86988132099998, 30.458649982000054], [-104.86610331999998, 30.467384984000034], [-104.87679632499999, 30.51100899100004], [-104.889385329, 30.535148995000043], [-104.89901033299998, 30.57040500100004], [-104.92480533999998, 30.604837005000036], [-104.97208035099999, 30.61026500400004], [-104.98030035399995, 30.622045006000064], [-104.98630935699998, 30.661064013000043], [-105.00124936099996, 30.67258801400004], [-105.00681036299994, 30.68604401600004], [-105.04293937099999, 30.687261015000047], [-105.04989437199998, 30.680822014000057], [-105.06234337499995, 30.686308014000076], [-105.06263537599995, 30.698227016000033], [-105.09829138499998, 30.718919018000065], [-105.11382538999999, 30.746006022000074], [-105.15764939999997, 30.754013022000038], [-105.16482840299994, 30.77249802500006], [-105.17828840599998, 30.77213902400007], [-105.19515341099998, 30.792143027000066], [-105.21292641399998, 30.785420025000064], [-105.21866941599995, 30.801572027000077], [-105.26137042599998, 30.79808302500004], [-105.28724743299995, 30.822211028000027], [-105.31487243899994, 30.816966026000046], [-105.32011744, 30.827457028000026], [-105.36068144999996, 30.847389029000055], [-105.39425145799999, 30.852984029000027], [-105.39961846099999, 30.88894603500006], [-105.48803648399996, 30.94328304000004], [-105.50226648799998, 30.96268504300008], [-105.53309749599998, 30.98486404600004], [-105.55743950199997, 30.99023404500008], [-105.57912350799995, 31.021650050000062], [-105.58533251199998, 31.057493056000055], [-105.59593051499996, 31.064847056000076], [-105.60333951699994, 31.082630059000053], [-105.62735852299994, 31.098550061000026], [-105.64189952699996, 31.09832706000003], [-105.64884352899998, 31.115907063000066], [-105.70950054399998, 31.136380064000036], [-105.74268755299994, 31.16490206700007], [-105.77326655899998, 31.166902066000034], [-105.78290456299999, 31.197568071000035], [-105.794395566, 31.20224507100005], [-105.86936258699996, 31.28863908200003], [-105.89504459299997, 31.290983082000025], [-105.90878059799996, 31.312779085000045], [-105.93256260299995, 31.313126084000032], [-105.93846160399994, 31.31874008500006], [-105.94810060799995, 31.34007408800005], [-105.94591260799996, 31.352815090000036], [-105.95395260999999, 31.364754091000066], [-105.97011061399996, 31.36594209100008], [-106.00493562299994, 31.39246309400005], [-106.08026763999999, 31.398707092000052], [-106.10688664699995, 31.42140809400007], [-106.13279165299997, 31.425372094000068], [-106.15822765999997, 31.438890095000033], [-106.17568466399996, 31.456284097000037], [-106.20583667199998, 31.465981097000054], [-106.21885267499994, 31.480305099000077], [-106.22391867699997, 31.50042710200006], [-106.23681368099994, 31.513381104000075], [-106.24621268499999, 31.541158108000047], [-106.28082069399994, 31.562067110000044], [-106.30354570199995, 31.620418119000078], [-106.33474671099998, 31.66411712400003], [-106.34954771699995, 31.696716129000038], [-106.37384872299998, 31.71481513100008], [-106.38104872599996, 31.732115133000036], [-106.45155074299998, 31.764813136000043], [-106.46765174599994, 31.759613134000062], [-106.47555174699994, 31.75011413200008], [-106.48955174999998, 31.748413131000063], [-106.53174076199997, 31.78391513500003], [-108.20840412099994, 31.783604061000062], [-108.20858309399995, 31.333399990000032], [-111.07483567999998, 31.332243865000066], [-112.39943096599995, 31.751761866000038], [-114.813624469, 32.49428185100004], [-114.81154747, 32.52283885500003], [-114.79564646899996, 32.55096085900004], [-114.81419647399997, 32.56479286000007], [-114.79969447299999, 32.593625865000035], [-114.80940447599994, 32.61712386700003], [-114.78224647199994, 32.630219870000076], [-114.76496146999995, 32.64939587400005], [-114.71964446699997, 32.718767885000034], [-116.04663169999998, 32.62335780600006], [-117.12487388199997, 32.53416074100005], [-117.13667589, 32.61875875100003], [-117.168877899, 32.67195675500005], [-117.19677890499997, 32.688855756000066], [-117.21307990799994, 32.68775575500007], [-117.24608091199997, 32.669356751000066], [-117.25758191799997, 32.72605475700004], [-117.25258191899997, 32.75295376100007], [-117.25498192199996, 32.786952765000024], [-117.26108192499998, 32.80315276600004], [-117.28098292899995, 32.82225176700007], [-117.28218193099997, 32.839551769000025], [-117.27388192999996, 32.85145177100003], [-117.26498192799994, 32.84895177100003], [-117.256181928, 32.859451773000046], [-117.25168192799998, 32.87435077500004], [-117.25448192999994, 32.90015077800007], [-117.28078194299997, 33.012347790000035], [-117.31528995499997, 33.09350879700003], [-117.32837095899998, 33.12184680000007], [-117.36258396899996, 33.168441804000054], [-117.46980599699998, 33.29642181300005], [-117.50566200599997, 33.334067815000026], [-117.54770501499996, 33.36549581700007], [-117.59589202499996, 33.386633817000074], [-117.60791702899996, 33.40632181800004], [-117.64559403799996, 33.44073282000005], [-117.68459604599997, 33.461931821000064], [-117.69139604599997, 33.454032819000076], [-117.71536105099995, 33.46056081900008], [-117.72649805499998, 33.48343182100007], [-117.78490006899995, 33.541529824000065], [-117.81420007499997, 33.55222882400005], [-117.84030108099995, 33.57352782500004], [-117.87680208899997, 33.59232682500004], [-117.92710309799998, 33.60552582400004], [-117.94060310199995, 33.62002582500003], [-118.02970612099995, 33.67642282600008], [-118.08890813499994, 33.72982182900006], [-118.13271014399999, 33.75322182900004], [-118.18084315299996, 33.76307682700008], [-118.18771315299995, 33.74922282500006], [-118.18335415099995, 33.72319082300004], [-118.21223215499998, 33.72124982100007], [-118.25869916199997, 33.70374581600004], [-118.31721717199997, 33.71282281400005], [-118.36051718099998, 33.73682181500004], [-118.38501818599997, 33.741421814000034], [-118.39661818699994, 33.73592181200007], [-118.41122318999999, 33.74198981200004], [-118.428419196, 33.774719815000026], [-118.40501919399998, 33.80021981900006], [-118.39431919199995, 33.804319820000046], [-118.39211919499996, 33.840919824000025], [-118.46062321699998, 33.969115835000025], [-118.48422422299996, 33.99771483600006], [-118.51952623099999, 34.02751383800006], [-118.54312723599998, 34.03851283800003], [-118.56924724099997, 34.041644836000046], [-118.60966424699996, 34.03642883400005], [-118.668370257, 34.03889183000007], [-118.70622726199997, 34.02938782700005], [-118.74496426899998, 34.032107825000026], [-118.78344527499996, 34.02154782200006], [-118.80512627599995, 34.001243819000024], [-118.85466528699999, 34.03421981900004], [-118.92806029999997, 34.04585181700003], [-118.93809330199997, 34.04338781600006], [-119.08854833099997, 34.09831481300006], [-119.10979633399995, 34.09457081100004], [-119.13018133799994, 34.100106811000046], [-119.18865235099997, 34.13900981200004], [-119.21645335599999, 34.14610981100003], [-119.25705536799995, 34.21330881600005], [-119.27865637599996, 34.26690682000003], [-119.29095737899996, 34.27490682000007], [-119.31304638199998, 34.275693819000026], [-119.37036839499996, 34.319490820000055], [-119.39046139899995, 34.31820281900008], [-119.42778240799998, 34.35302082000004], [-119.461048415, 34.37406882100004], [-119.53696942899995, 34.395499819000065], [-119.55947143399999, 34.41339981900006], [-119.61687444399996, 34.42099981700005], [-119.63887644699997, 34.41570081500004], [-119.67187845199999, 34.41610081300007], [-119.68817945499995, 34.41250181100003], [-119.684678454, 34.40830181100006], [-119.70907945699997, 34.39540180800003], [-119.72938145999996, 34.39590180700003], [-119.79478347199995, 34.41760180600005], [-119.87398348399995, 34.408799800000054], [-119.92523949499997, 34.43393580000003], [-119.95644549999997, 34.435292798000035], [-120.00808951, 34.460451798000065], [-120.08860352299996, 34.46021279300004], [-120.14117753199997, 34.47340979100005], [-120.25778254999994, 34.46745578400004], [-120.295063557, 34.470627782000065], [-120.34138156299997, 34.45879377800003], [-120.47138858199997, 34.44785076900007], [-120.47662258599996, 34.475135772000044], [-120.51143359499997, 34.522957774000076], [-120.58130560899997, 34.55696377400005], [-120.62258761499999, 34.554021771000066], [-120.63781761899997, 34.566224771000066], [-120.64575162099999, 34.581039772000054], [-120.64025662299997, 34.604410775000076], [-120.60046262499998, 34.70464478700006], [-120.61486462999994, 34.73071378900005], [-120.62633263199996, 34.73807678900005], [-120.637427635, 34.75589979000006], [-120.61630863699997, 34.81631279700008], [-120.61027864, 34.85818480200004], [-120.63929564699998, 34.88041780200007], [-120.64734065, 34.90113780400003], [-120.67084765399994, 34.904119802000025], [-120.64000265799996, 35.002967814000044], [-120.62994366199996, 35.06151982000006], [-120.63096966499995, 35.10194582400004], [-120.644323671, 35.139620827000044], [-120.65114667299997, 35.14777282700004], [-120.67508667699997, 35.153065826000045], [-120.69891868199994, 35.171196827000074], [-120.71419768499999, 35.17600282600006], [-120.74888269099995, 35.17779982400003], [-120.75483569099998, 35.17470582400006], [-120.75609868999999, 35.160463822000054], [-120.760504691, 35.15971482200007], [-120.78608869699997, 35.17767082200004], [-120.85605970999995, 35.20649182000005], [-120.89680271999998, 35.24788182200007], [-120.86269672399999, 35.346780833000025], [-120.86611172899995, 35.393049838000024], [-120.88476973499996, 35.430200840000055], [-120.90794974099998, 35.44907384000004], [-120.94655874699998, 35.446719838000035], [-120.96944875099996, 35.460201838000046], [-121.00337175699997, 35.46071483500003], [-121.10160778, 35.548818838000045], [-121.12603978799996, 35.59306284000007], [-121.14357379199998, 35.60605084000008], [-121.16672479899995, 35.63540384200007], [-121.25104681399995, 35.65664583800003], [-121.28498582099996, 35.67411383800004], [-121.289806823, 35.68943283900006], [-121.31464482899997, 35.71331483900008], [-121.31579883299997, 35.75252484300006], [-121.33246183799997, 35.78311084500007], [-121.38806585099996, 35.823487845000045], [-121.41315885799997, 35.85532084600004], [-121.43959686299996, 35.866954846000056], [-121.46227686799995, 35.88562284600005], [-121.46123986899994, 35.89691084700007], [-121.48621287999998, 35.970352852000076], [-121.50312488599997, 36.00030385400004], [-121.53188889199998, 36.014372853000054], [-121.57461489899998, 36.02516085100007], [-121.59040790399996, 36.05036785200008], [-121.59286590599999, 36.065066854000065], [-121.60685790899998, 36.07206985300007], [-121.618684912, 36.08777185400004], [-121.62964691699995, 36.11445685600006], [-121.68015792999995, 36.16582285700008], [-121.717188938, 36.195150857000044], [-121.77986395099998, 36.22741185600006], [-121.81374695699998, 36.234239854000066], [-121.82643795899997, 36.24186485400003], [-121.85197996699998, 36.277835856000024], [-121.87480997199998, 36.28906885500004], [-121.888503975, 36.302814855000065], [-121.894726978, 36.31781085600005], [-121.89292997999996, 36.34043285800004], [-121.90545898299996, 36.358273859000064], [-121.90320798699997, 36.39360786200007], [-121.91439098899997, 36.40434886300005], [-121.914752992, 36.42589486400004], [-121.94161300199994, 36.48560686800005], [-121.93877600399998, 36.50642787000004], [-121.94467900599994, 36.521865871000045], [-121.92595000399996, 36.52517787200003], [-121.93252100799998, 36.559939875000055], [-121.94254600999994, 36.56643987500007], [-121.95734801199995, 36.56448687400007], [-121.97860501699995, 36.58049287400007], [-121.97044001599994, 36.582758875000025], [-121.94167901599997, 36.61806388000008], [-121.93644301699999, 36.63675088200006], [-121.92387901499995, 36.634563882000066], [-121.89017700699998, 36.60926388200005], [-121.88907700599998, 36.60176388200006], [-121.86061700299996, 36.611140885000054], [-121.83200800199995, 36.64486088900003], [-121.81447500299998, 36.68286289400004], [-121.80565600899996, 36.750243900000044], [-121.78829101199995, 36.80399890600006], [-121.80937601999995, 36.84865890900005], [-121.86227903699995, 36.931556912000076], [-121.89468004499997, 36.96185591300008], [-121.93008205199999, 36.978154912000036], [-121.951683055, 36.971454910000034], [-121.97278405599997, 36.95415590700003], [-122.01238606299995, 36.96455490500006], [-122.02338606499995, 36.962154904000045], [-122.02718706399997, 36.95115490300003], [-122.05013506699999, 36.948527901000034], [-122.10598907699995, 36.95595589800007], [-122.20619309799997, 37.01395389600003], [-122.25219410999995, 37.05945289600004], [-122.28489511899994, 37.10175189800003], [-122.306152124, 37.11638789700004], [-122.33708412899995, 37.11738689500004], [-122.337846131, 37.13594089700007], [-122.35980413599998, 37.155578897000055], [-122.36709813899995, 37.17282189800005], [-122.39061214399999, 37.18299289700008], [-122.40508614799995, 37.19579589700004], [-122.40719414999995, 37.219469899000046], [-122.41912615499996, 37.24147490000007], [-122.41169915599994, 37.26584890200007], [-122.40086316499998, 37.35922991100006], [-122.42329917199999, 37.39254691200006], [-122.44370017999995, 37.43594591400006], [-122.45210018599994, 37.48054491700003], [-122.47240119199995, 37.50054491800006], [-122.49380219399995, 37.492345915000044], [-122.49930219499998, 37.49534591500003], [-122.51670220099999, 37.52134491600003], [-122.51954620299995, 37.53730691700008], [-122.51370120399997, 37.552243919000034], [-122.51720020899995, 37.59064192200003], [-122.50139920699996, 37.599641924000025], [-122.494098211, 37.64403992800004], [-122.496797217, 37.68643793100006], [-122.51449622999996, 37.78083393800006], [-122.50532322999999, 37.788316939000026], [-122.48579622699998, 37.79063394100007], [-122.47809622799997, 37.81083294300004], [-122.46380622499998, 37.80465794300005], [-122.40746521799997, 37.81144594800003], [-122.38533621199997, 37.79072894800004], [-122.37586720399997, 37.73498394400008], [-122.35679720099995, 37.729509945000075], [-122.36176219999999, 37.71501494300003], [-122.370424201, 37.71757694300004], [-122.39320320299998, 37.70753594100006], [-122.38763919899998, 37.67906493900006], [-122.37430419499998, 37.662210938000044], [-122.37561319499997, 37.652393937000056], [-122.38739419599995, 37.648466936000034], [-122.38608519399997, 37.63766693500003], [-122.35532318699995, 37.615740936000066], [-122.35859618699999, 37.611159935000046], [-122.37332218999995, 37.61377793400004], [-122.37855818999998, 37.60559693300007], [-122.36023218499997, 37.59250593300004], [-122.31768917899996, 37.59086993600005], [-122.30590817499996, 37.575488936000056], [-122.26271116899994, 37.57287093900004], [-122.21427715699997, 37.53850993900005], [-122.19660615499998, 37.53720094100004], [-122.19497015299999, 37.522473939000065], [-122.16846214699996, 37.50414794000005], [-122.15569914399998, 37.50120294100003], [-122.14015514299996, 37.50791194200008], [-122.12555413899997, 37.494269942000074], [-122.11656313499998, 37.47121394100003], [-122.08994312899995, 37.45442394100007], [-122.06094612399994, 37.450838943000065], [-122.04478412299994, 37.45725394500005], [-122.06855212999994, 37.491206946000034], [-122.11135713799996, 37.50758494400003], [-122.11201114099998, 37.52885594600008], [-122.14702715299995, 37.58841594800003], [-122.15291815999996, 37.64077595200007], [-122.16306216399994, 37.667937954000024], [-122.24683918299996, 37.721934952000026], [-122.25796618699997, 37.73960595300008], [-122.25714718699999, 37.74500595400008], [-122.24265118599999, 37.75374895500005], [-122.25376618899998, 37.76122295500005], [-122.33080320299996, 37.783834951000074], [-122.33372420599994, 37.80980195300003], [-122.32358020599997, 37.82321895500007], [-122.30394420399995, 37.830091957000036], [-122.30132620599994, 37.84776295900008], [-122.31049020999995, 37.87394296000008], [-122.30999921299997, 37.89275996200007], [-122.32374321599997, 37.90584996200005], [-122.33454321799996, 37.90879596100007], [-122.357123221, 37.90879596000008], [-122.36759522199998, 37.90388695900003], [-122.385921226, 37.90814095800005], [-122.39050322799994, 37.92253995800007], [-122.41373823299995, 37.937266958000066], [-122.43010023899996, 37.96311995900004], [-122.41537423699998, 37.96311996000003], [-122.39984523299995, 37.95601396100005], [-122.39218423399996, 37.969997962000036], [-122.36759523099994, 37.978172965000056], [-122.361918232, 37.98999596600004], [-122.36792223499998, 38.01253496700008], [-122.34010622999995, 38.00369896900003], [-122.32112522799997, 38.01286197100006], [-122.30083622499995, 38.010897972000066], [-122.28349122399999, 38.022678975000076], [-122.26287422299998, 38.04460497800005], [-122.27301922799995, 38.07438498000005], [-122.30181723599998, 38.10514698000003], [-122.39360125499996, 38.143453976000046], [-122.43959025799995, 38.11692797100005], [-122.45497126099997, 38.11889197000005], [-122.48998726499997, 38.11201896700004], [-122.48377025999997, 38.07176696400006], [-122.49947825699996, 38.03216995900004], [-122.49784125599996, 38.01940695800005], [-122.48147925199999, 38.00762595900005], [-122.46282524799994, 38.00337196000004], [-122.45300824599997, 37.99617196000003], [-122.44842624399996, 37.98471795900008], [-122.45660824499998, 37.97882795800007], [-122.47198824699996, 37.98177295700003], [-122.48867824799999, 37.96671895500003], [-122.48769724599998, 37.94872095300008], [-122.47918824399994, 37.941520953000065], [-122.49947824599997, 37.93922995200006], [-122.50307724599998, 37.92875795100008], [-122.47820624099995, 37.918612952000046], [-122.47231623799996, 37.90257795100007], [-122.44842623299996, 37.89341495200006], [-122.43828122999997, 37.88097895200008], [-122.45006323099994, 37.871161950000044], [-122.462171233, 37.86887094900004], [-122.48344423799995, 37.89010294900004], [-122.50103224099996, 37.89366694800003], [-122.49627923799994, 37.87077994600003], [-122.48311523499996, 37.863961947000064], [-122.47648622999998, 37.83251794500006], [-122.47916422999998, 37.825432944000056], [-122.52919823699995, 37.819032940000056], [-122.561500245, 37.85183194000007], [-122.58430224999995, 37.85923193900004], [-122.60130325399996, 37.87513093900003], [-122.65653226599994, 37.90452393700008], [-122.68218427, 37.906454936000046], [-122.70265327099997, 37.893824933000076], [-122.72731027599997, 37.90463093200003], [-122.73691127999996, 37.925829933000045], [-122.76615128599997, 37.93800893200006], [-122.78325729, 37.951338932000056], [-122.79741829499994, 37.97666193300006], [-122.85658630799998, 38.01672193200005], [-122.88212731299996, 38.02527793000007], [-122.93972432199996, 38.031912927000064], [-122.97239132599998, 38.020251923000046], [-122.98239932499996, 38.00427892100004], [-122.974403323, 37.99243392100004], [-123.02407932999995, 37.99488291700004], [-123.01154632999999, 38.003442919000065], [-122.99243333099997, 38.04176292400007], [-122.96090233499996, 38.11296693200006], [-122.94908733799997, 38.154064936000054], [-122.95364234199997, 38.17567493700005], [-122.96542134499998, 38.18711793700004], [-122.96812534699995, 38.20243293800007], [-122.99397235499998, 38.237606939000045], [-122.96858235199994, 38.24288394100006], [-122.96721635299997, 38.25069594200005], [-122.97709535599995, 38.26790694300007], [-123.00413536399998, 38.297016943000074], [-123.02434636799995, 38.310577942000066], [-123.03875537099998, 38.313580941000055], [-123.05107437199996, 38.31069794000007], [-123.05351737099994, 38.29938993900004], [-123.06368437299994, 38.30218293900003], [-123.07469737699995, 38.32257893900004], [-123.06845037799997, 38.33521494100006], [-123.06827838099997, 38.359869943000035], [-123.12883840099994, 38.45042294500007], [-123.20229041699997, 38.49431894300005], [-123.24981042599995, 38.51104994100007], [-123.28716943499995, 38.54022794000008], [-123.33191244499994, 38.56554693900006], [-123.34335144899995, 38.590012940000065], [-123.37188945599996, 38.60723993900007], [-123.441787477, 38.69974894000006], [-123.46130448199995, 38.717005940000035], [-123.51479749299995, 38.741970938000065], [-123.54185050099994, 38.77676893800003], [-123.57986950999998, 38.802839937000044], [-123.58639351099998, 38.802861937000046], [-123.60533051599998, 38.82276993700003], [-123.64740052499997, 38.84547693500008], [-123.659859531, 38.872533936000025], [-123.71055354299995, 38.91323493500005], [-123.72538054599994, 38.917442935000054], [-123.72632854799997, 38.93637193600006], [-123.73889955199996, 38.95412493600003], [-123.72906655099996, 38.95667193700007], [-123.71116255099997, 38.97732094000003], [-123.69691355299994, 39.00440594300005], [-123.690108555, 39.031161946000054], [-123.69398255899995, 39.057367947000046], [-123.71340556899997, 39.10842695000008], [-123.73792657699994, 39.143446950000055], [-123.74223457999994, 39.16488995100008], [-123.77501159099995, 39.21208795200005], [-123.77738159499995, 39.23721895400007], [-123.78790659999999, 39.264331955000046], [-123.80386160399996, 39.27877595500007], [-123.80309460599995, 39.29175195600004], [-123.81140060999996, 39.312829957000076], [-123.80878561099996, 39.324372958000026], [-123.82209861499996, 39.34386195800005], [-123.82631961899995, 39.368714960000034], [-123.81470362799996, 39.44654296600004], [-123.76648863499997, 39.55280797800003], [-123.78743064499997, 39.60455698000004], [-123.78233564699997, 39.62149098100008], [-123.79267265699997, 39.684126985000034], [-123.808221662, 39.710719985000026], [-123.82955866699996, 39.72307598500004], [-123.838102672, 39.75241398600008], [-123.83981067899998, 39.795641989000046], [-123.85172768499996, 39.83204599100003], [-123.90767769799999, 39.86303298800004], [-123.93006070699994, 39.90970199000003], [-123.95496571299998, 39.92237798800005], [-123.98004472199995, 39.96246298900007], [-124.03591773699998, 40.013323988000025], [-124.05642174099995, 40.02430998700004], [-124.06892174299998, 40.02131198600006], [-124.07999674499996, 40.029777986000056], [-124.08072275099994, 40.06611498800004], [-124.11056276, 40.10376998800007], [-124.18788777499998, 40.130546984000034], [-124.21490878299994, 40.160906983000075], [-124.29651080099995, 40.20882098000004], [-124.32092580699998, 40.22662197900007], [-124.32770480999994, 40.23737497900004], [-124.363427818, 40.260978978000026], [-124.36364782099997, 40.276216979000026], [-124.347866824, 40.314638983000066], [-124.37361283899997, 40.392927986000075], [-124.40263684699994, 40.42210998500008], [-124.40861485099998, 40.443205986000066], [-124.38495385399995, 40.489824991000035], [-124.38282985799998, 40.51900499300007], [-124.32941786499998, 40.61643500400004], [-124.17672887699996, 40.84362303200004], [-124.13707988299996, 40.92573704100005], [-124.11816088999996, 40.98926804700005], [-124.11217889499994, 41.028178050000065], [-124.12546189999995, 41.048509050000064], [-124.13823090299996, 41.05434705000005], [-124.15363590499999, 41.05355504800008], [-124.15452690999996, 41.08716405000007], [-124.16056991299996, 41.099016051000035], [-124.15907891599994, 41.12196205200007], [-124.16542791799998, 41.12982705200005], [-124.15855291899999, 41.143026054000075], [-124.14381391699999, 41.14469105500007], [-124.10699992499997, 41.22968306400003], [-124.07230794299994, 41.37484907600003], [-124.063089951, 41.43958408100008], [-124.06607095699997, 41.47026308300008], [-124.08144096499996, 41.51123308500007], [-124.08200097099996, 41.54776608700007], [-124.09241797299995, 41.55362008600008], [-124.10113697699995, 41.56919708700008], [-124.097398979, 41.58525608800005], [-124.10097498199997, 41.602504089000035], [-124.11442698699994, 41.61677308800006], [-124.12023899099995, 41.64035908900007], [-124.13556599599997, 41.65731208900007], [-124.14742600699998, 41.717960092000055], [-124.16473001299994, 41.74013109200007], [-124.17740401599997, 41.74576109100008], [-124.19496701699995, 41.73678308900003], [-124.23973402899998, 41.77080508700004], [-124.24871802999996, 41.77146408600004], [-124.25600803299994, 41.783019086000024], [-124.24504103299995, 41.792305088000035], [-124.23069203499995, 41.818686091000075], [-124.20845304299996, 41.888197097000045], [-124.20496205799998, 41.98344610400005], [-124.21422706299995, 42.00594410400004], [-124.27047807799994, 42.04555810200003], [-124.29966308299998, 42.051741099000026], [-124.34102409599996, 42.09293409800006], [-124.35624310099996, 42.11495709800005], [-124.35179810399995, 42.13497010000003], [-124.36157710699996, 42.143772099000046], [-124.36684610999998, 42.158455100000026], [-124.36033210999994, 42.16227710100003], [-124.36102311299999, 42.18075710200003], [-124.374963117, 42.193134101000055], [-124.37777612199994, 42.21881410200007], [-124.410996131, 42.25055210100004], [-124.40516213499996, 42.27811210400006], [-124.410570141, 42.30743610500008], [-124.42930214799998, 42.33175110500008], [-124.42487715799996, 42.39543110900007], [-124.43511916699998, 42.44016811100005], [-124.422052168, 42.46123111300005], [-124.42139517299995, 42.49174211500008], [-124.39067818199999, 42.56659812300006], [-124.40093218799996, 42.59752312300003], [-124.40119119299999, 42.627197125000066], [-124.41678820199996, 42.661599126000056], [-124.45075420899997, 42.67580312300004], [-124.44843221099995, 42.68991412500003], [-124.47387822199994, 42.73267612500007], [-124.491693226, 42.74179412400008], [-124.51468322799997, 42.73681112100007], [-124.52445323899997, 42.789798123000025], [-124.55245525199996, 42.84057312400006], [-124.50015525799995, 42.91750713300007], [-124.45693226599997, 43.00032014200008], [-124.43621227499995, 43.07131714800005], [-124.43446528299995, 43.11599115100006], [-124.42412728299996, 43.12686415300004], [-124.40174029099995, 43.18490115800006], [-124.38247430299998, 43.270172165000076], [-124.38890530799995, 43.29052816600006], [-124.40282831199994, 43.30587716500003], [-124.37305131399995, 43.33895817000007], [-124.35334631199999, 43.34267217200005], [-124.34160131199997, 43.35134217400008], [-124.31502631399997, 43.388394178000055], [-124.28691031899996, 43.43630118400006], [-124.23354833299999, 43.55713519600005], [-124.16840636999996, 43.80890821700007], [-124.14271839399998, 43.95818722800004], [-124.12242041899998, 44.104447238000034], [-124.12583842299995, 44.126135239000064], [-124.11106844199998, 44.23507624700005], [-124.10895944799995, 44.26548024900006], [-124.11596744999997, 44.27464624900006], [-124.11521445199998, 44.28649124900005], [-124.10060145899996, 44.33193125300005], [-124.08441547299998, 44.415616260000036], [-124.08361548899995, 44.501128265000034], [-124.07640149399998, 44.53121926700004], [-124.06915450899999, 44.61298427200006], [-124.05829551699998, 44.65887127600007], [-124.07040852299997, 44.68351927600003], [-124.05909153199997, 44.737661280000054], [-124.06633953799997, 44.76267628100004], [-124.07548754099997, 44.77140828000006], [-124.07408054599995, 44.798112282000034], [-124.06676055199995, 44.83119628400004], [-124.05416555099998, 44.838238286000035], [-124.04882855299996, 44.85001228700003], [-124.025150565, 44.92818029400007], [-124.00440058599997, 45.04620230300003], [-124.01800558899998, 45.04981330100003], [-124.01586559099997, 45.06476430200007], [-124.006071594, 45.08474130500008], [-123.98954359299995, 45.09405030700003], [-123.975439602, 45.145481311000026], [-123.96820161199997, 45.20122231500005], [-123.97293361599998, 45.21678931500003], [-123.96290162799994, 45.28022332000006], [-123.96418363499998, 45.31703132100006], [-123.972913641, 45.33689532200003], [-124.00777064599998, 45.33681831800004], [-123.97972964399997, 45.34772932100003], [-123.97341264499994, 45.35479632200003], [-123.96574264999998, 45.386247325000056], [-123.960571658, 45.430783328000075], [-123.97655867299994, 45.48973832900003], [-123.96635467199997, 45.49342233100003], [-123.95758267499997, 45.510404332000064], [-123.94757068499996, 45.56488333600004], [-123.95672568699996, 45.57130833600007], [-123.93901970399997, 45.66192834200007], [-123.94313571799995, 45.727036345000045], [-123.96857772799996, 45.75702434400006], [-123.98259273099995, 45.76182034300007], [-123.96947373399996, 45.782376346000035], [-123.96155874399994, 45.83710634900007], [-123.96275075199998, 45.86997935100004], [-123.96764475999998, 45.907812352000064], [-123.97951576699995, 45.930394352000064], [-123.99305477099995, 45.93884735100005], [-123.99371777299996, 45.946436352000035], [-123.97000577399996, 45.969144355000026], [-123.93748577099996, 45.977311359000055], [-123.92790577599999, 46.009569362000036], [-123.933380791, 46.07167736400004], [-123.94754580299997, 46.116136365000045], [-123.97413881799997, 46.16880336500003], [-124.01035883499998, 46.223519364000026], [-124.02431983899999, 46.229261363000035], [-124.002012837, 46.23732136600006], [-123.97295682699996, 46.21268336700007], [-123.92705281599996, 46.19162237100005], [-123.90421480799995, 46.16929837200007], [-123.85481579799995, 46.157347377000065], [-123.84286379699995, 46.16053437900007], [-123.841535798, 46.16982937900008], [-123.86336180399996, 46.18235537700008], [-123.86422380599998, 46.18953237800008], [-123.82184879999994, 46.19029838200004], [-123.78321879599997, 46.19854538700008], [-123.75760379499997, 46.21300639000003], [-123.71816378399996, 46.18899439300003], [-123.69344478099998, 46.18981739600008], [-123.67419277899995, 46.19820839800008], [-123.673845783, 46.21542339900003], [-123.61952677499994, 46.21531540500007], [-123.54820877099996, 46.24825041400004], [-123.54765077499997, 46.26560041500005], [-123.61355878399996, 46.25999340800007], [-123.66951579399995, 46.26683740200008], [-123.67913979699995, 46.27250740200003], [-123.68058880199999, 46.29603040300003], [-123.70077880699995, 46.305283401000054], [-123.72428780999996, 46.30116639800008], [-123.72859980799996, 46.28873039700005], [-123.74149280999995, 46.290279396000074], [-123.76669680999998, 46.27350439200006], [-123.79557081699994, 46.28450639000005], [-123.80615381799998, 46.28359338900003], [-123.87553981899998, 46.23979237900005], [-123.90932082499995, 46.24549637600006], [-123.95436783899999, 46.27700637300006], [-123.974523848, 46.30306837200004], [-124.02056585699995, 46.31574236800003], [-124.029938857, 46.30831736600004], [-124.04403285199999, 46.27593036300004], [-124.06097585499998, 46.278766361000066], [-124.08220185599998, 46.26916435900006], [-124.06463886599994, 46.32690436300004], [-124.05743988399996, 46.40932036800007], [-124.05703890199999, 46.49334337300007], [-124.068669936, 46.63488437800004], [-124.06272993699997, 46.64258737900008], [-124.04845893499999, 46.64583238100005], [-124.03588892999994, 46.630827382000064], [-124.05272293099995, 46.622801380000055], [-124.05085692899996, 46.61742637900005], [-124.02358091699995, 46.582564381000054], [-124.03175189899997, 46.49638037500006], [-124.01527287099998, 46.37868637100007], [-124.00719186799995, 46.37147137200003], [-123.984849866, 46.37868637500003], [-123.95371386099998, 46.37885037800004], [-123.94991086799996, 46.41032438000008], [-123.96198686899999, 46.40890337900004], [-123.96702387199997, 46.41573237800003], [-123.96536087499999, 46.43326237900004], [-123.98841588099998, 46.44505537800006], [-123.99419588699999, 46.46887337800007], [-123.99269489199997, 46.48862237900005], [-123.98840089299995, 46.497013380000055], [-123.97906789199999, 46.49738338100008], [-123.97084488499996, 46.47537538100005], [-123.94254287899997, 46.46519538300004], [-123.94368188199996, 46.477202384000066], [-123.92120688499995, 46.50773638800007], [-123.89671788499999, 46.52267039100008], [-123.89426888799994, 46.53703339200007], [-123.92026189899997, 46.56734839100005], [-123.92887590499998, 46.58888039100003], [-123.95557091199998, 46.60357538900007], [-123.96065691999996, 46.63636939000003], [-123.921927918, 46.65026739500007], [-123.92328392299999, 46.67271339600006], [-123.91561092299997, 46.67865439700006], [-123.86491691999998, 46.69869040400005], [-123.83302191599995, 46.70247240700007], [-123.82925491699996, 46.708990408000034], [-123.83348491999999, 46.71832740800005], [-123.87669492899994, 46.73066240400004], [-123.89306893599996, 46.75020940300004], [-123.91638593699997, 46.741327400000046], [-123.91286493399997, 46.730652400000054], [-123.91688893399999, 46.72674439900004], [-123.94869793899994, 46.72537439600006], [-123.96857894399994, 46.736111394000034], [-123.97500894399997, 46.73339639300008], [-123.97966994299998, 46.724663392000025], [-123.966900937, 46.70518939300007], [-123.973677937, 46.70335839200004], [-123.99425694099995, 46.70793439000005], [-124.00347294199997, 46.70234238900008], [-124.06313195799999, 46.73366938400005], [-124.08099796099998, 46.735008382000046], [-124.09219096399994, 46.74162938100005], [-124.09652996499995, 46.74620738100003], [-124.09666997399995, 46.784379383000044], [-124.10809298799995, 46.836393384000075], [-124.122994, 46.87981438500003], [-124.13824000799997, 46.905539384000065], [-124.11065600599994, 46.91252538700007], [-124.09340700099995, 46.901173389000064], [-124.08930099199995, 46.867721388000064], [-124.07312798799995, 46.861498389000076], [-124.055099988, 46.87043439100006], [-124.04635899199997, 46.893977394000046], [-124.01367498899998, 46.90363539800006], [-124.00953398999997, 46.91033039800004], [-123.98509698899994, 46.921921402000066], [-123.95750798499995, 46.92126640500004], [-123.860194977, 46.948561416000075], [-123.89825998799995, 46.97193241300005], [-123.93922899299997, 46.96974440900004], [-123.95919999899996, 46.98176440700007], [-123.99162700399995, 46.98022040400008], [-124.01223300799995, 46.98518140200008], [-124.01974200999996, 46.99119440100003], [-124.00526301099995, 47.00392040300005], [-124.017050015, 47.01172240200003], [-124.02636001999997, 47.03019240200007], [-124.065871029, 47.04114539900007], [-124.12207203799994, 47.04165539200005], [-124.14153203899997, 47.03514739000008], [-124.151303037, 47.02111738800005], [-124.13805002299995, 46.97096438700004], [-124.12440101499999, 46.94387538800004], [-124.15863901699998, 46.92944438300003], [-124.18012601899994, 46.92636238100005], [-124.17117602499997, 46.958448383000075], [-124.16912803399998, 46.99451338500006], [-124.18281706799996, 47.13404639000004], [-124.236364112, 47.28729239200004], [-124.25360511899999, 47.30248539000007], [-124.27120812199996, 47.30503038900008], [-124.29995813599999, 47.34836538700006], [-124.31939414099998, 47.355564386000026], [-124.33673915799994, 47.41600138700005], [-124.35597019199997, 47.54570339000003], [-124.38223021699997, 47.63230739100004], [-124.41212123599996, 47.69120439100004], [-124.42521024899997, 47.73843939100004], [-124.45394225999996, 47.765339389000076], [-124.47658526499998, 47.76967638700006], [-124.48975227799997, 47.81699338800007], [-124.49800228099997, 47.822610387000054], [-124.51279528299995, 47.82252338500007], [-124.53994229099999, 47.836972383000045], [-124.56237830099997, 47.86622138200005], [-124.62552731599999, 47.88796837600006], [-124.64545733099999, 47.93534337500006], [-124.67244234199995, 47.964419374000045], [-124.67084534599996, 47.98237137500007], [-124.68217236099997, 48.03599237600008], [-124.69655737199997, 48.069279375000065], [-124.69512937599995, 48.08710137600008], [-124.68711637799998, 48.09866237800003], [-124.72174039699996, 48.153190376000055], [-124.73318940099995, 48.16339837500004], [-124.73176140199996, 48.17000237600007], [-124.704168402, 48.184427380000045], [-124.69612640399998, 48.19860438100005], [-124.69040440899994, 48.219750383000076], [-124.70593541599999, 48.23989938200003], [-124.68469241699995, 48.255233385000054], [-124.67633442599998, 48.29514838700004]]]}}]}